analysis_id	source_analysis_id	source_ancestry_label	assigned_ancestry	ancestry_assignment_method	ancestry_reference_id	af_overlap	dominant_superpop	dominant_proportion	runner_up_margin	nnls_residual	gate_reason	ancestry_prop_AFR	ancestry_prop_AMR	ancestry_prop_EAS	ancestry_prop_EUR	ancestry_prop_MID	ancestry_prop_NAF	ancestry_prop_SAS	source_assigned_mismatch	ancestry_notes
GCST90199621	GCST90199621	European	EUR	af_assigned	ukb-ancestry-mixture-hg38	29578	EUR	1	1	0.00994139	ok	0	0	0	1	0	0	0	false	dominant=EUR proportion=1.000 margin=1.000 overlap=29578 residual=0.0099
GCST90199622	GCST90199622	European	EUR	af_assigned	ukb-ancestry-mixture-hg38	18071	EUR	1	1	0.0111422	ok	0	0	0	1	0	0	0	false	dominant=EUR proportion=1.000 margin=1.000 overlap=18071 residual=0.0111
GCST90199623	GCST90199623	European	EUR	af_assigned	ukb-ancestry-mixture-hg38	11555	EUR	0.997219	0.99466	0.0094359	ok	0	0.0025591	0.000221806	0.997219	0	0	0	false	dominant=EUR proportion=0.997 margin=0.995 overlap=11555 residual=0.0094
GCST90199624	GCST90199624	European	EUR	af_assigned	ukb-ancestry-mixture-hg38	8066	EUR	1	1	0.00951851	ok	0	0	0	1	0	0	0	false	dominant=EUR proportion=1.000 margin=1.000 overlap=8066 residual=0.0095
GCST90199625	GCST90199625	European	EUR	af_assigned	ukb-ancestry-mixture-hg38	8067	EUR	1	1	0.00952311	ok	0	0	0	1	0	0	0	false	dominant=EUR proportion=1.000 margin=1.000 overlap=8067 residual=0.0095
GCST90199626	GCST90199626	European	EUR	af_assigned	ukb-ancestry-mixture-hg38	25155	EUR	1	1	0.00869205	ok	0	0	0	1	0	0	0	false	dominant=EUR proportion=1.000 margin=1.000 overlap=25155 residual=0.0087
GCST90199627	GCST90199627	European	EUR	af_assigned	ukb-ancestry-mixture-hg38	10625	EUR	0.994698	0.990091	0.00998463	ok	0.000695231	0	0	0.994698	0.0046071	0	0	false	dominant=EUR proportion=0.995 margin=0.990 overlap=10625 residual=0.0100
GCST90199628	GCST90199628	European	EUR	af_assigned	ukb-ancestry-mixture-hg38	8070	EUR	1	1	0.00951592	ok	0	0	0	1	0	0	0	false	dominant=EUR proportion=1.000 margin=1.000 overlap=8070 residual=0.0095
GCST90199629	GCST90199629	European	EUR	af_assigned	ukb-ancestry-mixture-hg38	11263	EUR	1	1	0.00869846	ok	0	0	0	1	0	0	0	false	dominant=EUR proportion=1.000 margin=1.000 overlap=11263 residual=0.0087
GCST90199630	GCST90199630	European	EUR	af_assigned	ukb-ancestry-mixture-hg38	11176	EUR	1	1	0.00857874	ok	0	0	0	1	0	0	0	false	dominant=EUR proportion=1.000 margin=1.000 overlap=11176 residual=0.0086
GCST90199631	GCST90199631	European	EUR	af_assigned	ukb-ancestry-mixture-hg38	12077	EUR	1	1	0.00911604	ok	0	0	0	1	0	0	0	false	dominant=EUR proportion=1.000 margin=1.000 overlap=12077 residual=0.0091
GCST90199632	GCST90199632	European	EUR	af_assigned	ukb-ancestry-mixture-hg38	17049	EUR	0.995727	0.993207	0.00889054	ok	0	0.00175398	0.00251936	0.995727	0	0	0	false	dominant=EUR proportion=0.996 margin=0.993 overlap=17049 residual=0.0089
GCST90199633	GCST90199633	European	EUR	af_assigned	ukb-ancestry-mixture-hg38	8064	EUR	1	1	0.00962354	ok	0	0	0	1	0	0	0	false	dominant=EUR proportion=1.000 margin=1.000 overlap=8064 residual=0.0096
GCST90199634	GCST90199634	European	EUR	af_assigned	ukb-ancestry-mixture-hg38	32435	EUR	1	1	0.00860314	ok	0	0	0	1	0	0	0	false	dominant=EUR proportion=1.000 margin=1.000 overlap=32435 residual=0.0086
GCST90199635	GCST90199635	European	EUR	af_assigned	ukb-ancestry-mixture-hg38	16012	EUR	0.99972	0.99944	0.00813863	ok	0.000279924	0	0	0.99972	0	0	0	false	dominant=EUR proportion=1.000 margin=0.999 overlap=16012 residual=0.0081
GCST90199636	GCST90199636	European	EUR	af_assigned	ukb-ancestry-mixture-hg38	25148	EUR	1	1	0.0097342	ok	0	0	0	1	0	0	0	false	dominant=EUR proportion=1.000 margin=1.000 overlap=25148 residual=0.0097
GCST90199637	GCST90199637	European	EUR	af_assigned	ukb-ancestry-mixture-hg38	21339	EUR	1	1	0.00910102	ok	0	0	0	1	0	0	0	false	dominant=EUR proportion=1.000 margin=1.000 overlap=21339 residual=0.0091
GCST90199638	GCST90199638	European	EUR	af_assigned	ukb-ancestry-mixture-hg38	17804	EUR	0.997528	0.995056	0.00891735	ok	0	0.00247198	0	0.997528	0	0	0	false	dominant=EUR proportion=0.998 margin=0.995 overlap=17804 residual=0.0089
GCST90199639	GCST90199639	European	EUR	af_assigned	ukb-ancestry-mixture-hg38	34801	EUR	1	1	0.00831877	ok	0	0	0	1	0	0	0	false	dominant=EUR proportion=1.000 margin=1.000 overlap=34801 residual=0.0083
GCST90199640	GCST90199640	European	EUR	af_assigned	ukb-ancestry-mixture-hg38	15923	EUR	0.99597	0.99194	0.00943417	ok	0	0	0	0.99597	0	0.00402984	0	false	dominant=EUR proportion=0.996 margin=0.992 overlap=15923 residual=0.0094
GCST90199641	GCST90199641	European	EUR	af_assigned	ukb-ancestry-mixture-hg38	20605	EUR	0.998702	0.997677	0.0100719	ok	0	0	0.00102549	0.998702	0	0.000272179	0	false	dominant=EUR proportion=0.999 margin=0.998 overlap=20605 residual=0.0101
GCST90199642	GCST90199642	European	EUR	af_assigned	ukb-ancestry-mixture-hg38	16196	EUR	1	1	0.00827763	ok	0	0	0	1	0	0	0	false	dominant=EUR proportion=1.000 margin=1.000 overlap=16196 residual=0.0083
GCST90199643	GCST90199643	European	EUR	af_assigned	ukb-ancestry-mixture-hg38	8069	EUR	1	1	0.00961841	ok	0	0	0	1	0	0	0	false	dominant=EUR proportion=1.000 margin=1.000 overlap=8069 residual=0.0096
GCST90199644	GCST90199644	European	EUR	af_assigned	ukb-ancestry-mixture-hg38	13312	EUR	0.998938	0.997877	0.0108155	ok	0	0.00106153	0	0.998938	0	0	0	false	dominant=EUR proportion=0.999 margin=0.998 overlap=13312 residual=0.0108
GCST90199645	GCST90199645	European	EUR	af_assigned	ukb-ancestry-mixture-hg38	22276	EUR	0.999954	0.999907	0.00915247	ok	4.63658e-05	0	0	0.999954	0	0	0	false	dominant=EUR proportion=1.000 margin=1.000 overlap=22276 residual=0.0092
GCST90199646	GCST90199646	European	EUR	af_assigned	ukb-ancestry-mixture-hg38	12654	EUR	0.99818	0.996361	0.0101721	ok	0	0.00181964	0	0.99818	0	0	0	false	dominant=EUR proportion=0.998 margin=0.996 overlap=12654 residual=0.0102
GCST90199647	GCST90199647	European	EUR	af_assigned	ukb-ancestry-mixture-hg38	19122	EUR	0.996605	0.99321	0.00920693	ok	0	0.00339514	0	0.996605	0	0	0	false	dominant=EUR proportion=0.997 margin=0.993 overlap=19122 residual=0.0092
GCST90199648	GCST90199648	European	EUR	af_assigned	ukb-ancestry-mixture-hg38	47350	EUR	0.996552	0.993104	0.00945572	ok	0	0.00344818	0	0.996552	0	0	0	false	dominant=EUR proportion=0.997 margin=0.993 overlap=47350 residual=0.0095
GCST90199649	GCST90199649	European	EUR	af_assigned	ukb-ancestry-mixture-hg38	44693	EUR	1	1	0.0108287	ok	0	0	0	1	0	0	0	false	dominant=EUR proportion=1.000 margin=1.000 overlap=44693 residual=0.0108
GCST90199650	GCST90199650	European	EUR	af_assigned	ukb-ancestry-mixture-hg38	20240	EUR	1	1	0.00829465	ok	0	0	0	1	0	0	0	false	dominant=EUR proportion=1.000 margin=1.000 overlap=20240 residual=0.0083
GCST90199651	GCST90199651	European	EUR	af_assigned	ukb-ancestry-mixture-hg38	10779	EUR	0.998585	0.997422	0.00903102	ok	0.00025297	0.00116231	0	0.998585	0	0	0	false	dominant=EUR proportion=0.999 margin=0.997 overlap=10779 residual=0.0090
GCST90199652	GCST90199652	European	EUR	af_assigned	ukb-ancestry-mixture-hg38	11829	EUR	1	1	0.00894263	ok	0	0	0	1	0	0	0	false	dominant=EUR proportion=1.000 margin=1.000 overlap=11829 residual=0.0089
GCST90199653	GCST90199653	European	EUR	af_assigned	ukb-ancestry-mixture-hg38	8064	EUR	1	1	0.00952027	ok	0	0	0	1	0	0	0	false	dominant=EUR proportion=1.000 margin=1.000 overlap=8064 residual=0.0095
GCST90199654	GCST90199654	European	EUR	af_assigned	ukb-ancestry-mixture-hg38	35101	EUR	0.997292	0.994714	0.0102492	ok	0	0.00257808	0.000129702	0.997292	0	0	0	false	dominant=EUR proportion=0.997 margin=0.995 overlap=35101 residual=0.0102
GCST90199655	GCST90199655	European	EUR	af_assigned	ukb-ancestry-mixture-hg38	12147	EUR	1	1	0.00909241	ok	0	0	0	1	0	0	0	false	dominant=EUR proportion=1.000 margin=1.000 overlap=12147 residual=0.0091
GCST90199656	GCST90199656	European	EUR	af_assigned	ukb-ancestry-mixture-hg38	8067	EUR	1	1	0.00951927	ok	0	0	0	1	0	0	0	false	dominant=EUR proportion=1.000 margin=1.000 overlap=8067 residual=0.0095
GCST90199657	GCST90199657	European	EUR	af_assigned	ukb-ancestry-mixture-hg38	20880	EUR	0.998002	0.996004	0.00979137	ok	0	0.00199776	0	0.998002	0	0	0	false	dominant=EUR proportion=0.998 margin=0.996 overlap=20880 residual=0.0098
GCST90199658	GCST90199658	European	EUR	af_assigned	ukb-ancestry-mixture-hg38	12020	EUR	0.997832	0.996052	0.00939253	ok	0.00038761	0.00178032	0	0.997832	0	0	0	false	dominant=EUR proportion=0.998 margin=0.996 overlap=12020 residual=0.0094
GCST90199659	GCST90199659	European	EUR	af_assigned	ukb-ancestry-mixture-hg38	8063	EUR	1	1	0.00952201	ok	0	0	0	1	0	0	0	false	dominant=EUR proportion=1.000 margin=1.000 overlap=8063 residual=0.0095
GCST90199660	GCST90199660	European	EUR	af_assigned	ukb-ancestry-mixture-hg38	35273	EUR	0.999197	0.998393	0.0111095	ok	0	0	0.000803497	0.999197	0	0	0	false	dominant=EUR proportion=0.999 margin=0.998 overlap=35273 residual=0.0111
GCST90199661	GCST90199661	European	EUR	af_assigned	ukb-ancestry-mixture-hg38	8063	EUR	1	1	0.00953137	ok	0	0	0	1	0	0	0	false	dominant=EUR proportion=1.000 margin=1.000 overlap=8063 residual=0.0095
GCST90199662	GCST90199662	European	EUR	af_assigned	ukb-ancestry-mixture-hg38	13071	EUR	1	1	0.00954293	ok	0	0	0	1	0	0	0	false	dominant=EUR proportion=1.000 margin=1.000 overlap=13071 residual=0.0095
GCST90199663	GCST90199663	European	EUR	af_assigned	ukb-ancestry-mixture-hg38	12551	EUR	1	1	0.00868312	ok	0	0	0	1	0	0	0	false	dominant=EUR proportion=1.000 margin=1.000 overlap=12551 residual=0.0087
GCST90199664	GCST90199664	European	EUR	af_assigned	ukb-ancestry-mixture-hg38	16770	EUR	1	1	0.011109	ok	0	0	0	1	0	0	0	false	dominant=EUR proportion=1.000 margin=1.000 overlap=16770 residual=0.0111
GCST90199665	GCST90199665	European	EUR	af_assigned	ukb-ancestry-mixture-hg38	16000	EUR	0.999527	0.999054	0.00952079	ok	0	0.000473006	0	0.999527	0	0	0	false	dominant=EUR proportion=1.000 margin=0.999 overlap=16000 residual=0.0095
GCST90199666	GCST90199666	European	EUR	af_assigned	ukb-ancestry-mixture-hg38	18192	EUR	0.997462	0.994924	0.0077879	ok	0	0.00253821	0	0.997462	0	0	0	false	dominant=EUR proportion=0.997 margin=0.995 overlap=18192 residual=0.0078
GCST90199667	GCST90199667	European	EUR	af_assigned	ukb-ancestry-mixture-hg38	38915	EUR	0.999842	0.999685	0.00820603	ok	0	0.000157555	0	0.999842	0	0	0	false	dominant=EUR proportion=1.000 margin=1.000 overlap=38915 residual=0.0082
GCST90199668	GCST90199668	European	EUR	af_assigned	ukb-ancestry-mixture-hg38	29558	EUR	1	1	0.00987134	ok	0	0	0	1	0	0	0	false	dominant=EUR proportion=1.000 margin=1.000 overlap=29558 residual=0.0099
GCST90199669	GCST90199669	European	EUR	af_assigned	ukb-ancestry-mixture-hg38	22937	EUR	1	1	0.00956319	ok	0	0	0	1	0	0	0	false	dominant=EUR proportion=1.000 margin=1.000 overlap=22937 residual=0.0096
GCST90199670	GCST90199670	European	EUR	af_assigned	ukb-ancestry-mixture-hg38	8066	EUR	1	1	0.00952305	ok	0	0	0	1	0	0	0	false	dominant=EUR proportion=1.000 margin=1.000 overlap=8066 residual=0.0095
GCST90199671	GCST90199671	European	EUR	af_assigned	ukb-ancestry-mixture-hg38	12567	EUR	1	1	0.0087765	ok	0	0	0	1	0	0	0	false	dominant=EUR proportion=1.000 margin=1.000 overlap=12567 residual=0.0088
GCST90199672	GCST90199672	European	EUR	af_assigned	ukb-ancestry-mixture-hg38	14283	EUR	0.99892	0.99784	0.0101769	ok	0.00108011	0	0	0.99892	0	0	0	false	dominant=EUR proportion=0.999 margin=0.998 overlap=14283 residual=0.0102
GCST90199673	GCST90199673	European	EUR	af_assigned	ukb-ancestry-mixture-hg38	33977	EUR	1	1	0.0092149	ok	0	0	0	1	0	0	0	false	dominant=EUR proportion=1.000 margin=1.000 overlap=33977 residual=0.0092
GCST90199674	GCST90199674	European	EUR	af_assigned	ukb-ancestry-mixture-hg38	8064	EUR	1	1	0.00951843	ok	0	0	0	1	0	0	0	false	dominant=EUR proportion=1.000 margin=1.000 overlap=8064 residual=0.0095
GCST90199675	GCST90199675	European	EUR	af_assigned	ukb-ancestry-mixture-hg38	27443	EUR	1	1	0.00938259	ok	0	0	0	1	0	0	0	false	dominant=EUR proportion=1.000 margin=1.000 overlap=27443 residual=0.0094
GCST90199676	GCST90199676	European	EUR	af_assigned	ukb-ancestry-mixture-hg38	21713	EUR	1	1	0.0109128	ok	0	0	0	1	0	0	0	false	dominant=EUR proportion=1.000 margin=1.000 overlap=21713 residual=0.0109
GCST90199677	GCST90199677	European	EUR	af_assigned	ukb-ancestry-mixture-hg38	12157	EUR	1	1	0.00908577	ok	0	0	0	1	0	0	0	false	dominant=EUR proportion=1.000 margin=1.000 overlap=12157 residual=0.0091
GCST90199678	GCST90199678	European	EUR	af_assigned	ukb-ancestry-mixture-hg38	16226	EUR	0.998071	0.996444	0.0103545	ok	0.00162752	0	5.47667e-05	0.998071	0	0	0.000246666	false	dominant=EUR proportion=0.998 margin=0.996 overlap=16226 residual=0.0104
GCST90199679	GCST90199679	European	EUR	af_assigned	ukb-ancestry-mixture-hg38	8065	EUR	1	1	0.00972276	ok	0	0	0	1	0	0	0	false	dominant=EUR proportion=1.000 margin=1.000 overlap=8065 residual=0.0097
GCST90199680	GCST90199680	European	EUR	af_assigned	ukb-ancestry-mixture-hg38	14309	EUR	0.999701	0.999403	0.0093004	ok	0	0.00029869	0	0.999701	0	0	0	false	dominant=EUR proportion=1.000 margin=0.999 overlap=14309 residual=0.0093
GCST90199681	GCST90199681	European	EUR	af_assigned	ukb-ancestry-mixture-hg38	15245	EUR	1	1	0.0118896	ok	0	0	0	1	0	0	0	false	dominant=EUR proportion=1.000 margin=1.000 overlap=15245 residual=0.0119
GCST90199682	GCST90199682	European	EUR	af_assigned	ukb-ancestry-mixture-hg38	15092	EUR	0.996103	0.992206	0.00895685	ok	0	0.00389705	0	0.996103	0	0	0	false	dominant=EUR proportion=0.996 margin=0.992 overlap=15092 residual=0.0090
GCST90199683	GCST90199683	European	EUR	af_assigned	ukb-ancestry-mixture-hg38	12320	EUR	1	1	0.00934199	ok	0	0	0	1	0	0	0	false	dominant=EUR proportion=1.000 margin=1.000 overlap=12320 residual=0.0093
GCST90199684	GCST90199684	European	EUR	af_assigned	ukb-ancestry-mixture-hg38	8062	EUR	1	1	0.00952722	ok	0	0	0	1	0	0	0	false	dominant=EUR proportion=1.000 margin=1.000 overlap=8062 residual=0.0095
GCST90199685	GCST90199685	European	EUR	af_assigned	ukb-ancestry-mixture-hg38	11845	EUR	1	1	0.00943473	ok	0	0	0	1	0	0	0	false	dominant=EUR proportion=1.000 margin=1.000 overlap=11845 residual=0.0094
GCST90199686	GCST90199686	European	EUR	af_assigned	ukb-ancestry-mixture-hg38	15165	EUR	0.997424	0.994848	0.00786469	ok	0	0.00257608	0	0.997424	0	0	0	false	dominant=EUR proportion=0.997 margin=0.995 overlap=15165 residual=0.0079
GCST90199687	GCST90199687	European	EUR	af_assigned	ukb-ancestry-mixture-hg38	25498	EUR	0.997901	0.996102	0.00945523	ok	0.00029964	0.0017993	0	0.997901	0	0	0	false	dominant=EUR proportion=0.998 margin=0.996 overlap=25498 residual=0.0095
GCST90199688	GCST90199688	European	EUR	af_assigned	ukb-ancestry-mixture-hg38	16653	EUR	1	1	0.0082874	ok	0	0	0	1	0	0	0	false	dominant=EUR proportion=1.000 margin=1.000 overlap=16653 residual=0.0083
GCST90199689	GCST90199689	European	EUR	af_assigned	ukb-ancestry-mixture-hg38	11335	EUR	0.998768	0.997536	0.00858035	ok	0	0.00123187	0	0.998768	0	0	0	false	dominant=EUR proportion=0.999 margin=0.998 overlap=11335 residual=0.0086
GCST90199690	GCST90199690	European	EUR	af_assigned	ukb-ancestry-mixture-hg38	11293	EUR	1	1	0.00862567	ok	0	0	0	1	0	0	0	false	dominant=EUR proportion=1.000 margin=1.000 overlap=11293 residual=0.0086
GCST90199691	GCST90199691	European	EUR	af_assigned	ukb-ancestry-mixture-hg38	26034	EUR	1	1	0.00970999	ok	0	0	0	1	0	0	0	false	dominant=EUR proportion=1.000 margin=1.000 overlap=26034 residual=0.0097
GCST90199692	GCST90199692	European	EUR	af_assigned	ukb-ancestry-mixture-hg38	8063	EUR	1	1	0.00963528	ok	0	0	0	1	0	0	0	false	dominant=EUR proportion=1.000 margin=1.000 overlap=8063 residual=0.0096
GCST90199693	GCST90199693	European	EUR	af_assigned	ukb-ancestry-mixture-hg38	11248	EUR	0.996782	0.993564	0.0102252	ok	0	0.00321823	0	0.996782	0	0	0	false	dominant=EUR proportion=0.997 margin=0.994 overlap=11248 residual=0.0102
GCST90199694	GCST90199694	European	EUR	af_assigned	ukb-ancestry-mixture-hg38	18042	EUR	0.995377	0.990938	0.00871558	ok	0.000183212	0.00443945	0	0.995377	0	0	0	false	dominant=EUR proportion=0.995 margin=0.991 overlap=18042 residual=0.0087
GCST90199695	GCST90199695	European	EUR	af_assigned	ukb-ancestry-mixture-hg38	13724	EUR	0.997861	0.995721	0.00822775	ok	0	0.00213926	0	0.997861	0	0	0	false	dominant=EUR proportion=0.998 margin=0.996 overlap=13724 residual=0.0082
GCST90199696	GCST90199696	European	EUR	af_assigned	ukb-ancestry-mixture-hg38	18737	EUR	0.995487	0.990974	0.00784982	ok	0	0.00451277	0	0.995487	0	0	0	false	dominant=EUR proportion=0.995 margin=0.991 overlap=18737 residual=0.0078
GCST90199697	GCST90199697	European	EUR	af_assigned	ukb-ancestry-mixture-hg38	11562	EUR	1	1	0.00870459	ok	0	0	0	1	0	0	0	false	dominant=EUR proportion=1.000 margin=1.000 overlap=11562 residual=0.0087
GCST90199698	GCST90199698	European	EUR	af_assigned	ukb-ancestry-mixture-hg38	29083	EUR	0.999143	0.998286	0.010511	ok	0	0.000856911	0	0.999143	0	0	0	false	dominant=EUR proportion=0.999 margin=0.998 overlap=29083 residual=0.0105
GCST90199699	GCST90199699	European	EUR	af_assigned	ukb-ancestry-mixture-hg38	13852	EUR	0.996239	0.992478	0.00913613	ok	0	0.00376124	0	0.996239	0	0	0	false	dominant=EUR proportion=0.996 margin=0.992 overlap=13852 residual=0.0091
GCST90199700	GCST90199700	European	EUR	af_assigned	ukb-ancestry-mixture-hg38	11233	EUR	0.996937	0.993874	0.0101534	ok	0	0.00306279	0	0.996937	0	0	0	false	dominant=EUR proportion=0.997 margin=0.994 overlap=11233 residual=0.0102
GCST90199701	GCST90199701	European	EUR	af_assigned	ukb-ancestry-mixture-hg38	35659	EUR	0.994784	0.991828	0.0101228	ok	0	0.00295568	0.00226077	0.994784	0	0	0	false	dominant=EUR proportion=0.995 margin=0.992 overlap=35659 residual=0.0101
GCST90199702	GCST90199702	European	EUR	af_assigned	ukb-ancestry-mixture-hg38	8066	EUR	1	1	0.00963603	ok	0	0	0	1	0	0	0	false	dominant=EUR proportion=1.000 margin=1.000 overlap=8066 residual=0.0096
GCST90199703	GCST90199703	European	EUR	af_assigned	ukb-ancestry-mixture-hg38	16142	EUR	0.99506	0.992857	0.00940872	ok	0	0.00148233	0.00125516	0.99506	0	0.0022029	0	false	dominant=EUR proportion=0.995 margin=0.993 overlap=16142 residual=0.0094
GCST90199704	GCST90199704	European	EUR	af_assigned	ukb-ancestry-mixture-hg38	14945	EUR	0.998575	0.997151	0.00958815	ok	0	0.0014247	0	0.998575	0	0	0	false	dominant=EUR proportion=0.999 margin=0.997 overlap=14945 residual=0.0096
GCST90199705	GCST90199705	European	EUR	af_assigned	ukb-ancestry-mixture-hg38	25548	EUR	1	1	0.00834942	ok	0	0	0	1	0	0	0	false	dominant=EUR proportion=1.000 margin=1.000 overlap=25548 residual=0.0083
GCST90199706	GCST90199706	European	EUR	af_assigned	ukb-ancestry-mixture-hg38	18431	EUR	0.999456	0.998912	0.00864596	ok	0	0.000543777	0	0.999456	0	0	0	false	dominant=EUR proportion=0.999 margin=0.999 overlap=18431 residual=0.0086
GCST90199707	GCST90199707	European	EUR	af_assigned	ukb-ancestry-mixture-hg38	12608	EUR	0.994686	0.990096	0.00860835	ok	0	0.00459047	0.000723319	0.994686	0	0	0	false	dominant=EUR proportion=0.995 margin=0.990 overlap=12608 residual=0.0086
GCST90199708	GCST90199708	European	EUR	af_assigned	ukb-ancestry-mixture-hg38	24479	EUR	1	1	0.00995734	ok	0	0	0	1	0	0	0	false	dominant=EUR proportion=1.000 margin=1.000 overlap=24479 residual=0.0100
GCST90199709	GCST90199709	European	EUR	af_assigned	ukb-ancestry-mixture-hg38	10838	EUR	0.998686	0.997568	0.00902252	ok	0.000195883	0.00111822	0	0.998686	0	0	0	false	dominant=EUR proportion=0.999 margin=0.998 overlap=10838 residual=0.0090
GCST90199710	GCST90199710	European	EUR	af_assigned	ukb-ancestry-mixture-hg38	10851	EUR	0.992908	0.985815	0.00986803	ok	0	0.00709236	0	0.992908	0	0	0	false	dominant=EUR proportion=0.993 margin=0.986 overlap=10851 residual=0.0099
GCST90199711	GCST90199711	European	EUR	af_assigned	ukb-ancestry-mixture-hg38	8067	EUR	1	1	0.00951963	ok	0	0	0	1	0	0	0	false	dominant=EUR proportion=1.000 margin=1.000 overlap=8067 residual=0.0095
GCST90199712	GCST90199712	European	EUR	af_assigned	ukb-ancestry-mixture-hg38	18048	EUR	0.997317	0.995047	0.0101811	ok	0	0.00226946	0.000413971	0.997317	0	0	0	false	dominant=EUR proportion=0.997 margin=0.995 overlap=18048 residual=0.0102
GCST90199713	GCST90199713	European	EUR	af_assigned	ukb-ancestry-mixture-hg38	13402	EUR	0.998733	0.997465	0.00898633	ok	0	0.00126733	0	0.998733	0	0	0	false	dominant=EUR proportion=0.999 margin=0.997 overlap=13402 residual=0.0090
GCST90199714	GCST90199714	European	EUR	af_assigned	ukb-ancestry-mixture-hg38	20798	EUR	0.999819	0.999638	0.00981441	ok	0	0	0.000180923	0.999819	0	0	0	false	dominant=EUR proportion=1.000 margin=1.000 overlap=20798 residual=0.0098
GCST90199715	GCST90199715	European	EUR	af_assigned	ukb-ancestry-mixture-hg38	8064	EUR	1	1	0.0095191	ok	0	0	0	1	0	0	0	false	dominant=EUR proportion=1.000 margin=1.000 overlap=8064 residual=0.0095
GCST90199716	GCST90199716	European	EUR	af_assigned	ukb-ancestry-mixture-hg38	12366	EUR	1	1	0.00857345	ok	0	0	0	1	0	0	0	false	dominant=EUR proportion=1.000 margin=1.000 overlap=12366 residual=0.0086
GCST90199717	GCST90199717	European	EUR	af_assigned	ukb-ancestry-mixture-hg38	15562	EUR	1	1	0.00862969	ok	0	0	0	1	0	0	0	false	dominant=EUR proportion=1.000 margin=1.000 overlap=15562 residual=0.0086
GCST90199718	GCST90199718	European	EUR	af_assigned	ukb-ancestry-mixture-hg38	17503	EUR	1	1	0.0107885	ok	0	0	0	1	0	0	0	false	dominant=EUR proportion=1.000 margin=1.000 overlap=17503 residual=0.0108
GCST90199719	GCST90199719	European	EUR	af_assigned	ukb-ancestry-mixture-hg38	13671	EUR	1	1	0.0135182	ok	0	0	0	1	0	0	0	false	dominant=EUR proportion=1.000 margin=1.000 overlap=13671 residual=0.0135
GCST90199720	GCST90199720	European	EUR	af_assigned	ukb-ancestry-mixture-hg38	26581	EUR	1	1	0.0102277	ok	0	0	0	1	0	0	0	false	dominant=EUR proportion=1.000 margin=1.000 overlap=26581 residual=0.0102
GCST90199721	GCST90199721	European	EUR	af_assigned	ukb-ancestry-mixture-hg38	10809	EUR	0.998691	0.997566	0.00902259	ok	0.00018324	0.00112538	0	0.998691	0	0	0	false	dominant=EUR proportion=0.999 margin=0.998 overlap=10809 residual=0.0090
GCST90199722	GCST90199722	European	EUR	af_assigned	ukb-ancestry-mixture-hg38	20834	EUR	0.999851	0.999702	0.010589	ok	0	0.000148823	0	0.999851	0	0	0	false	dominant=EUR proportion=1.000 margin=1.000 overlap=20834 residual=0.0106
GCST90199723	GCST90199723	European	EUR	af_assigned	ukb-ancestry-mixture-hg38	11232	EUR	0.999893	0.999786	0.0089087	ok	0.00010691	0	0	0.999893	0	0	0	false	dominant=EUR proportion=1.000 margin=1.000 overlap=11232 residual=0.0089
GCST90199724	GCST90199724	European	EUR	af_assigned	ukb-ancestry-mixture-hg38	8058	EUR	1	1	0.00965631	ok	0	0	0	1	0	0	0	false	dominant=EUR proportion=1.000 margin=1.000 overlap=8058 residual=0.0097
GCST90199725	GCST90199725	European	EUR	af_assigned	ukb-ancestry-mixture-hg38	20355	EUR	1	1	0.0109846	ok	0	0	0	1	0	0	0	false	dominant=EUR proportion=1.000 margin=1.000 overlap=20355 residual=0.0110
GCST90199726	GCST90199726	European	EUR	af_assigned	ukb-ancestry-mixture-hg38	17839	EUR	1	1	0.00808355	ok	0	0	0	1	0	0	0	false	dominant=EUR proportion=1.000 margin=1.000 overlap=17839 residual=0.0081
GCST90199727	GCST90199727	European	EUR	af_assigned	ukb-ancestry-mixture-hg38	11433	EUR	1	1	0.00865999	ok	0	0	0	1	0	0	0	false	dominant=EUR proportion=1.000 margin=1.000 overlap=11433 residual=0.0087
GCST90199728	GCST90199728	European	EUR	af_assigned	ukb-ancestry-mixture-hg38	8061	EUR	1	1	0.00952165	ok	0	0	0	1	0	0	0	false	dominant=EUR proportion=1.000 margin=1.000 overlap=8061 residual=0.0095
GCST90199729	GCST90199729	European	EUR	af_assigned	ukb-ancestry-mixture-hg38	8068	EUR	1	1	0.0095272	ok	0	0	0	1	0	0	0	false	dominant=EUR proportion=1.000 margin=1.000 overlap=8068 residual=0.0095
GCST90199730	GCST90199730	European	EUR	af_assigned	ukb-ancestry-mixture-hg38	10950	EUR	0.999226	0.998452	0.00875665	ok	0	0.000773889	0	0.999226	0	0	0	false	dominant=EUR proportion=0.999 margin=0.998 overlap=10950 residual=0.0088
GCST90199731	GCST90199731	European	EUR	af_assigned	ukb-ancestry-mixture-hg38	12302	EUR	1	1	0.00880622	ok	0	0	0	1	0	0	0	false	dominant=EUR proportion=1.000 margin=1.000 overlap=12302 residual=0.0088
GCST90199732	GCST90199732	European	EUR	af_assigned	ukb-ancestry-mixture-hg38	18328	EUR	0.999243	0.998595	0.00838521	ok	0.000108454	0.00064819	0	0.999243	0	0	0	false	dominant=EUR proportion=0.999 margin=0.999 overlap=18328 residual=0.0084
GCST90199733	GCST90199733	European	EUR	af_assigned	ukb-ancestry-mixture-hg38	22076	EUR	1	1	0.00791533	ok	0	0	0	1	0	0	0	false	dominant=EUR proportion=1.000 margin=1.000 overlap=22076 residual=0.0079
GCST90199734	GCST90199734	European	EUR	af_assigned	ukb-ancestry-mixture-hg38	8064	EUR	1	1	0.00978847	ok	0	0	0	1	0	0	0	false	dominant=EUR proportion=1.000 margin=1.000 overlap=8064 residual=0.0098
GCST90199735	GCST90199735	European	EUR	af_assigned	ukb-ancestry-mixture-hg38	27794	EUR	0.997494	0.994988	0.0119663	ok	0	0.00250585	0	0.997494	0	0	0	false	dominant=EUR proportion=0.997 margin=0.995 overlap=27794 residual=0.0120
GCST90199736	GCST90199736	European	EUR	af_assigned	ukb-ancestry-mixture-hg38	23140	EUR	0.996724	0.993448	0.00866137	ok	0	0.00327618	0	0.996724	0	0	0	false	dominant=EUR proportion=0.997 margin=0.993 overlap=23140 residual=0.0087
GCST90199737	GCST90199737	European	EUR	af_assigned	ukb-ancestry-mixture-hg38	10917	EUR	1	1	0.00918019	ok	0	0	0	1	0	0	0	false	dominant=EUR proportion=1.000 margin=1.000 overlap=10917 residual=0.0092
GCST90199738	GCST90199738	European	EUR	af_assigned	ukb-ancestry-mixture-hg38	8065	EUR	1	1	0.00951652	ok	0	0	0	1	0	0	0	false	dominant=EUR proportion=1.000 margin=1.000 overlap=8065 residual=0.0095
GCST90199739	GCST90199739	European	EUR	af_assigned	ukb-ancestry-mixture-hg38	8062	EUR	1	1	0.00983361	ok	0	0	0	1	0	0	0	false	dominant=EUR proportion=1.000 margin=1.000 overlap=8062 residual=0.0098
GCST90199740	GCST90199740	European	EUR	af_assigned	ukb-ancestry-mixture-hg38	13911	EUR	1	1	0.0118948	ok	0	0	0	1	0	0	0	false	dominant=EUR proportion=1.000 margin=1.000 overlap=13911 residual=0.0119
GCST90199741	GCST90199741	European	EUR	af_assigned	ukb-ancestry-mixture-hg38	25149	EUR	1	1	0.0096513	ok	0	0	0	1	0	0	0	false	dominant=EUR proportion=1.000 margin=1.000 overlap=25149 residual=0.0097
GCST90199742	GCST90199742	European	EUR	af_assigned	ukb-ancestry-mixture-hg38	14161	EUR	1	1	0.00845007	ok	0	0	0	1	0	0	0	false	dominant=EUR proportion=1.000 margin=1.000 overlap=14161 residual=0.0085
GCST90199743	GCST90199743	European	EUR	af_assigned	ukb-ancestry-mixture-hg38	21913	EUR	0.998308	0.996616	0.0107168	ok	0	0.00169181	0	0.998308	0	0	0	false	dominant=EUR proportion=0.998 margin=0.997 overlap=21913 residual=0.0107
GCST90199744	GCST90199744	European	EUR	af_assigned	ukb-ancestry-mixture-hg38	8064	EUR	1	1	0.00951785	ok	0	0	0	1	0	0	0	false	dominant=EUR proportion=1.000 margin=1.000 overlap=8064 residual=0.0095
GCST90199745	GCST90199745	European	EUR	af_assigned	ukb-ancestry-mixture-hg38	17516	EUR	0.998976	0.997953	0.00828501	ok	0.0010236	0	0	0.998976	0	0	0	false	dominant=EUR proportion=0.999 margin=0.998 overlap=17516 residual=0.0083
GCST90199746	GCST90199746	European	EUR	af_assigned	ukb-ancestry-mixture-hg38	20526	EUR	1	1	0.00816618	ok	0	0	0	1	0	0	0	false	dominant=EUR proportion=1.000 margin=1.000 overlap=20526 residual=0.0082
GCST90199747	GCST90199747	European	EUR	af_assigned	ukb-ancestry-mixture-hg38	22709	EUR	0.995586	0.991172	0.00754398	ok	0	0.00441384	0	0.995586	0	0	0	false	dominant=EUR proportion=0.996 margin=0.991 overlap=22709 residual=0.0075
GCST90199748	GCST90199748	European	EUR	af_assigned	ukb-ancestry-mixture-hg38	12297	EUR	1	1	0.00881152	ok	0	0	0	1	0	0	0	false	dominant=EUR proportion=1.000 margin=1.000 overlap=12297 residual=0.0088
GCST90199749	GCST90199749	European	EUR	af_assigned	ukb-ancestry-mixture-hg38	10667	EUR	0.997922	0.995843	0.00891791	ok	0	0.00207827	0	0.997922	0	0	0	false	dominant=EUR proportion=0.998 margin=0.996 overlap=10667 residual=0.0089
GCST90199750	GCST90199750	European	EUR	af_assigned	ukb-ancestry-mixture-hg38	14098	EUR	0.999452	0.998905	0.010383	ok	0.000547748	0	0	0.999452	0	0	0	false	dominant=EUR proportion=0.999 margin=0.999 overlap=14098 residual=0.0104
GCST90199751	GCST90199751	European	EUR	af_assigned	ukb-ancestry-mixture-hg38	8066	EUR	1	1	0.00951814	ok	0	0	0	1	0	0	0	false	dominant=EUR proportion=1.000 margin=1.000 overlap=8066 residual=0.0095
GCST90199752	GCST90199752	European	EUR	af_assigned	ukb-ancestry-mixture-hg38	31101	EUR	0.999572	0.999144	0.0119194	ok	0.000427942	0	0	0.999572	0	0	0	false	dominant=EUR proportion=1.000 margin=0.999 overlap=31101 residual=0.0119
GCST90199753	GCST90199753	European	EUR	af_assigned	ukb-ancestry-mixture-hg38	15373	EUR	1	1	0.00870711	ok	0	0	0	1	0	0	0	false	dominant=EUR proportion=1.000 margin=1.000 overlap=15373 residual=0.0087
GCST90199754	GCST90199754	European	EUR	af_assigned	ukb-ancestry-mixture-hg38	21440	EUR	0.998191	0.996381	0.00827441	ok	0	0.00180926	0	0.998191	0	0	0	false	dominant=EUR proportion=0.998 margin=0.996 overlap=21440 residual=0.0083
GCST90199755	GCST90199755	European	EUR	af_assigned	ukb-ancestry-mixture-hg38	14587	EUR	1	1	0.00890309	ok	0	0	0	1	0	0	0	false	dominant=EUR proportion=1.000 margin=1.000 overlap=14587 residual=0.0089
GCST90199756	GCST90199756	European	EUR	af_assigned	ukb-ancestry-mixture-hg38	43684	EUR	0.996702	0.993403	0.008945	ok	0	0.00329835	0	0.996702	0	0	0	false	dominant=EUR proportion=0.997 margin=0.993 overlap=43684 residual=0.0089
GCST90199757	GCST90199757	European	EUR	af_assigned	ukb-ancestry-mixture-hg38	32017	EUR	0.998557	0.997114	0.00745186	ok	0	0.0014428	0	0.998557	0	0	0	false	dominant=EUR proportion=0.999 margin=0.997 overlap=32017 residual=0.0075
GCST90199758	GCST90199758	European	EUR	af_assigned	ukb-ancestry-mixture-hg38	25961	EUR	0.999791	0.999583	0.00947294	ok	0	0.000208578	0	0.999791	0	0	0	false	dominant=EUR proportion=1.000 margin=1.000 overlap=25961 residual=0.0095
GCST90199759	GCST90199759	European	EUR	af_assigned	ukb-ancestry-mixture-hg38	15716	EUR	1	1	0.0101657	ok	0	0	0	1	0	0	0	false	dominant=EUR proportion=1.000 margin=1.000 overlap=15716 residual=0.0102
GCST90199760	GCST90199760	European	EUR	af_assigned	ukb-ancestry-mixture-hg38	29768	EUR	1	1	0.008702	ok	0	0	0	1	0	0	0	false	dominant=EUR proportion=1.000 margin=1.000 overlap=29768 residual=0.0087
GCST90199761	GCST90199761	European	EUR	af_assigned	ukb-ancestry-mixture-hg38	11613	EUR	0.998867	0.997735	0.00889767	ok	0	0.00113264	0	0.998867	0	0	0	false	dominant=EUR proportion=0.999 margin=0.998 overlap=11613 residual=0.0089
GCST90199762	GCST90199762	European	EUR	af_assigned	ukb-ancestry-mixture-hg38	29255	EUR	0.998965	0.997929	0.00818365	ok	0	0	0.00103527	0.998965	0	0	0	false	dominant=EUR proportion=0.999 margin=0.998 overlap=29255 residual=0.0082
GCST90199763	GCST90199763	European	EUR	af_assigned	ukb-ancestry-mixture-hg38	34820	EUR	0.997736	0.995472	0.00910837	ok	0	0.00226425	0	0.997736	0	0	0	false	dominant=EUR proportion=0.998 margin=0.995 overlap=34820 residual=0.0091
GCST90199764	GCST90199764	European	EUR	af_assigned	ukb-ancestry-mixture-hg38	15261	EUR	1	1	0.00877161	ok	0	0	0	1	0	0	0	false	dominant=EUR proportion=1.000 margin=1.000 overlap=15261 residual=0.0088
GCST90199765	GCST90199765	European	EUR	af_assigned	ukb-ancestry-mixture-hg38	8062	EUR	1	1	0.00952257	ok	0	0	0	1	0	0	0	false	dominant=EUR proportion=1.000 margin=1.000 overlap=8062 residual=0.0095
GCST90199766	GCST90199766	European	EUR	af_assigned	ukb-ancestry-mixture-hg38	16614	EUR	1	1	0.00815501	ok	0	0	0	1	0	0	0	false	dominant=EUR proportion=1.000 margin=1.000 overlap=16614 residual=0.0082
GCST90199767	GCST90199767	European	EUR	af_assigned	ukb-ancestry-mixture-hg38	16443	EUR	1	1	0.00887777	ok	0	0	0	1	0	0	0	false	dominant=EUR proportion=1.000 margin=1.000 overlap=16443 residual=0.0089
GCST90199768	GCST90199768	European	EUR	af_assigned	ukb-ancestry-mixture-hg38	8061	EUR	1	1	0.00951737	ok	0	0	0	1	0	0	0	false	dominant=EUR proportion=1.000 margin=1.000 overlap=8061 residual=0.0095
GCST90199769	GCST90199769	European	EUR	af_assigned	ukb-ancestry-mixture-hg38	11390	EUR	1	1	0.00895255	ok	0	0	0	1	0	0	0	false	dominant=EUR proportion=1.000 margin=1.000 overlap=11390 residual=0.0090
GCST90199770	GCST90199770	European	EUR	af_assigned	ukb-ancestry-mixture-hg38	20632	EUR	1	1	0.00837548	ok	0	0	0	1	0	0	0	false	dominant=EUR proportion=1.000 margin=1.000 overlap=20632 residual=0.0084
GCST90199771	GCST90199771	European	EUR	af_assigned	ukb-ancestry-mixture-hg38	11743	EUR	0.998989	0.997977	0.00857755	ok	0	0.00101132	0	0.998989	0	0	0	false	dominant=EUR proportion=0.999 margin=0.998 overlap=11743 residual=0.0086
GCST90199772	GCST90199772	European	EUR	af_assigned	ukb-ancestry-mixture-hg38	27007	EUR	1	1	0.00873063	ok	0	0	0	1	0	0	0	false	dominant=EUR proportion=1.000 margin=1.000 overlap=27007 residual=0.0087
GCST90199773	GCST90199773	European	EUR	af_assigned	ukb-ancestry-mixture-hg38	8066	EUR	1	1	0.0095217	ok	0	0	0	1	0	0	0	false	dominant=EUR proportion=1.000 margin=1.000 overlap=8066 residual=0.0095
GCST90199774	GCST90199774	European	EUR	af_assigned	ukb-ancestry-mixture-hg38	15634	EUR	0.997782	0.995564	0.00792031	ok	0	0.00221776	0	0.997782	0	0	0	false	dominant=EUR proportion=0.998 margin=0.996 overlap=15634 residual=0.0079
GCST90199775	GCST90199775	European	EUR	af_assigned	ukb-ancestry-mixture-hg38	11830	EUR	1	1	0.0093473	ok	0	0	0	1	0	0	0	false	dominant=EUR proportion=1.000 margin=1.000 overlap=11830 residual=0.0093
GCST90199776	GCST90199776	European	EUR	af_assigned	ukb-ancestry-mixture-hg38	8067	EUR	1	1	0.00977381	ok	0	0	0	1	0	0	0	false	dominant=EUR proportion=1.000 margin=1.000 overlap=8067 residual=0.0098
GCST90199777	GCST90199777	European	EUR	af_assigned	ukb-ancestry-mixture-hg38	21278	EUR	0.997766	0.995533	0.00790333	ok	0	0.00223359	0	0.997766	0	0	0	false	dominant=EUR proportion=0.998 margin=0.996 overlap=21278 residual=0.0079
GCST90199778	GCST90199778	European	EUR	af_assigned	ukb-ancestry-mixture-hg38	20069	EUR	0.995318	0.992539	0.00958807	ok	0.000169681	0.00173395	0	0.995318	0	0	0.00277885	false	dominant=EUR proportion=0.995 margin=0.993 overlap=20069 residual=0.0096
GCST90199779	GCST90199779	European	EUR	af_assigned	ukb-ancestry-mixture-hg38	21370	EUR	0.999268	0.99856	0.00813136	ok	0	0.000708016	2.42698e-05	0.999268	0	0	0	false	dominant=EUR proportion=0.999 margin=0.999 overlap=21370 residual=0.0081
GCST90199780	GCST90199780	European	EUR	af_assigned	ukb-ancestry-mixture-hg38	18933	EUR	0.999825	0.999649	0.00902787	ok	0.000175349	0	0	0.999825	0	0	0	false	dominant=EUR proportion=1.000 margin=1.000 overlap=18933 residual=0.0090
GCST90199781	GCST90199781	European	EUR	af_assigned	ukb-ancestry-mixture-hg38	23284	EUR	0.99961	0.99922	0.0099249	ok	0	0.00038989	0	0.99961	0	0	0	false	dominant=EUR proportion=1.000 margin=0.999 overlap=23284 residual=0.0099
GCST90199782	GCST90199782	European	EUR	af_assigned	ukb-ancestry-mixture-hg38	26746	EUR	1	1	0.00834643	ok	0	0	0	1	0	0	0	false	dominant=EUR proportion=1.000 margin=1.000 overlap=26746 residual=0.0083
GCST90199783	GCST90199783	European	EUR	af_assigned	ukb-ancestry-mixture-hg38	21005	EUR	1	1	0.00914242	ok	0	0	0	1	0	0	0	false	dominant=EUR proportion=1.000 margin=1.000 overlap=21005 residual=0.0091
GCST90199784	GCST90199784	European	EUR	af_assigned	ukb-ancestry-mixture-hg38	28543	EUR	1	1	0.00954654	ok	0	0	0	1	0	0	0	false	dominant=EUR proportion=1.000 margin=1.000 overlap=28543 residual=0.0095
GCST90199785	GCST90199785	European	EUR	af_assigned	ukb-ancestry-mixture-hg38	15917	EUR	1	1	0.008771	ok	0	0	0	1	0	0	0	false	dominant=EUR proportion=1.000 margin=1.000 overlap=15917 residual=0.0088
GCST90199786	GCST90199786	European	EUR	af_assigned	ukb-ancestry-mixture-hg38	21127	EUR	0.9925	0.984999	0.00852705	ok	0	0.00750045	0	0.9925	0	0	0	false	dominant=EUR proportion=0.992 margin=0.985 overlap=21127 residual=0.0085
GCST90199787	GCST90199787	European	EUR	af_assigned	ukb-ancestry-mixture-hg38	16400	EUR	1	1	0.0084174	ok	0	0	0	1	0	0	0	false	dominant=EUR proportion=1.000 margin=1.000 overlap=16400 residual=0.0084
GCST90199788	GCST90199788	European	EUR	af_assigned	ukb-ancestry-mixture-hg38	23894	EUR	0.998919	0.997839	0.00907423	ok	0	0.00108051	0	0.998919	0	0	0	false	dominant=EUR proportion=0.999 margin=0.998 overlap=23894 residual=0.0091
GCST90199789	GCST90199789	European	EUR	af_assigned	ukb-ancestry-mixture-hg38	11411	EUR	1	1	0.00867753	ok	0	0	0	1	0	0	0	false	dominant=EUR proportion=1.000 margin=1.000 overlap=11411 residual=0.0087
GCST90199790	GCST90199790	European	EUR	af_assigned	ukb-ancestry-mixture-hg38	14774	EUR	0.99965	0.9993	0.00981594	ok	0.000350168	0	0	0.99965	0	0	0	false	dominant=EUR proportion=1.000 margin=0.999 overlap=14774 residual=0.0098
GCST90199791	GCST90199791	European	EUR	af_assigned	ukb-ancestry-mixture-hg38	21077	EUR	0.999335	0.99867	0.00886079	ok	0.000664968	0	0	0.999335	0	0	0	false	dominant=EUR proportion=0.999 margin=0.999 overlap=21077 residual=0.0089
GCST90199792	GCST90199792	European	EUR	af_assigned	ukb-ancestry-mixture-hg38	29078	EUR	1	1	0.00808155	ok	0	0	0	1	0	0	0	false	dominant=EUR proportion=1.000 margin=1.000 overlap=29078 residual=0.0081
GCST90199793	GCST90199793	European	EUR	af_assigned	ukb-ancestry-mixture-hg38	18662	EUR	0.998825	0.997651	0.00810563	ok	0	0.00117465	0	0.998825	0	0	0	false	dominant=EUR proportion=0.999 margin=0.998 overlap=18662 residual=0.0081
GCST90199794	GCST90199794	European	EUR	af_assigned	ukb-ancestry-mixture-hg38	18370	EUR	1	1	0.00892029	ok	0	0	0	1	0	0	0	false	dominant=EUR proportion=1.000 margin=1.000 overlap=18370 residual=0.0089
GCST90199795	GCST90199795	European	EUR	af_assigned	ukb-ancestry-mixture-hg38	8061	EUR	1	1	0.00952139	ok	0	0	0	1	0	0	0	false	dominant=EUR proportion=1.000 margin=1.000 overlap=8061 residual=0.0095
GCST90199796	GCST90199796	European	EUR	af_assigned	ukb-ancestry-mixture-hg38	17331	EUR	0.999665	0.99933	0.00863095	ok	0.000334861	0	0	0.999665	0	0	0	false	dominant=EUR proportion=1.000 margin=0.999 overlap=17331 residual=0.0086
GCST90199797	GCST90199797	European	EUR	af_assigned	ukb-ancestry-mixture-hg38	18493	EUR	0.997186	0.994455	0.00912467	ok	8.29399e-05	0.00273092	0	0.997186	0	0	0	false	dominant=EUR proportion=0.997 margin=0.994 overlap=18493 residual=0.0091
GCST90199798	GCST90199798	European	EUR	af_assigned	ukb-ancestry-mixture-hg38	22816	EUR	1	1	0.00855124	ok	0	0	0	1	0	0	0	false	dominant=EUR proportion=1.000 margin=1.000 overlap=22816 residual=0.0086
GCST90199799	GCST90199799	European	EUR	af_assigned	ukb-ancestry-mixture-hg38	53193	EUR	0.99871	0.997419	0.00954974	ok	0	0.00129044	0	0.99871	0	0	0	false	dominant=EUR proportion=0.999 margin=0.997 overlap=53193 residual=0.0095
GCST90199800	GCST90199800	European	EUR	af_assigned	ukb-ancestry-mixture-hg38	14652	EUR	1	1	0.008655	ok	0	0	0	1	0	0	0	false	dominant=EUR proportion=1.000 margin=1.000 overlap=14652 residual=0.0087
GCST90199801	GCST90199801	European	EUR	af_assigned	ukb-ancestry-mixture-hg38	8063	EUR	1	1	0.00957888	ok	0	0	0	1	0	0	0	false	dominant=EUR proportion=1.000 margin=1.000 overlap=8063 residual=0.0096
GCST90199802	GCST90199802	European	EUR	af_assigned	ukb-ancestry-mixture-hg38	19002	EUR	1	1	0.00812634	ok	0	0	0	1	0	0	0	false	dominant=EUR proportion=1.000 margin=1.000 overlap=19002 residual=0.0081
GCST90199803	GCST90199803	European	EUR	af_assigned	ukb-ancestry-mixture-hg38	11185	EUR	0.998844	0.997688	0.00910762	ok	0	0.00115617	0	0.998844	0	0	0	false	dominant=EUR proportion=0.999 margin=0.998 overlap=11185 residual=0.0091
GCST90199804	GCST90199804	European	EUR	af_assigned	ukb-ancestry-mixture-hg38	14846	EUR	1	1	0.00883666	ok	0	0	0	1	0	0	0	false	dominant=EUR proportion=1.000 margin=1.000 overlap=14846 residual=0.0088
GCST90199805	GCST90199805	European	EUR	af_assigned	ukb-ancestry-mixture-hg38	21517	EUR	0.999859	0.999718	0.00986131	ok	0	0.000141061	0	0.999859	0	0	0	false	dominant=EUR proportion=1.000 margin=1.000 overlap=21517 residual=0.0099
GCST90199806	GCST90199806	European	EUR	af_assigned	ukb-ancestry-mixture-hg38	20622	EUR	0.998253	0.996506	0.00808604	ok	0	0.00174685	0	0.998253	0	0	0	false	dominant=EUR proportion=0.998 margin=0.997 overlap=20622 residual=0.0081
GCST90199807	GCST90199807	European	EUR	af_assigned	ukb-ancestry-mixture-hg38	25233	EUR	0.997464	0.994928	0.00868706	ok	0	0.00253583	0	0.997464	0	0	0	false	dominant=EUR proportion=0.997 margin=0.995 overlap=25233 residual=0.0087
GCST90199808	GCST90199808	European	EUR	af_assigned	ukb-ancestry-mixture-hg38	15289	EUR	1	1	0.00915233	ok	0	0	0	1	0	0	0	false	dominant=EUR proportion=1.000 margin=1.000 overlap=15289 residual=0.0092
GCST90199809	GCST90199809	European	EUR	af_assigned	ukb-ancestry-mixture-hg38	17109	EUR	0.997015	0.99403	0.00820237	ok	0	0.00298502	0	0.997015	0	0	0	false	dominant=EUR proportion=0.997 margin=0.994 overlap=17109 residual=0.0082
GCST90199810	GCST90199810	European	EUR	af_assigned	ukb-ancestry-mixture-hg38	11914	EUR	1	1	0.00973732	ok	0	0	0	1	0	0	0	false	dominant=EUR proportion=1.000 margin=1.000 overlap=11914 residual=0.0097
GCST90199811	GCST90199811	European	EUR	af_assigned	ukb-ancestry-mixture-hg38	24626	EUR	0.998275	0.99655	0.00895963	ok	0	0.00172503	0	0.998275	0	0	0	false	dominant=EUR proportion=0.998 margin=0.997 overlap=24626 residual=0.0090
GCST90199812	GCST90199812	European	EUR	af_assigned	ukb-ancestry-mixture-hg38	15130	EUR	1	1	0.00987693	ok	0	0	0	1	0	0	0	false	dominant=EUR proportion=1.000 margin=1.000 overlap=15130 residual=0.0099
GCST90199813	GCST90199813	European	EUR	af_assigned	ukb-ancestry-mixture-hg38	24529	EUR	1	1	0.00811143	ok	0	0	0	1	0	0	0	false	dominant=EUR proportion=1.000 margin=1.000 overlap=24529 residual=0.0081
GCST90199814	GCST90199814	European	EUR	af_assigned	ukb-ancestry-mixture-hg38	17220	EUR	0.99867	0.997341	0.010292	ok	0	0	0.00132955	0.99867	0	0	0	false	dominant=EUR proportion=0.999 margin=0.997 overlap=17220 residual=0.0103
GCST90199815	GCST90199815	European	EUR	af_assigned	ukb-ancestry-mixture-hg38	31780	EUR	0.999986	0.999973	0.00853739	ok	0	0	0	0.999986	0	1.37289e-05	0	false	dominant=EUR proportion=1.000 margin=1.000 overlap=31780 residual=0.0085
GCST90199816	GCST90199816	European	EUR	af_assigned	ukb-ancestry-mixture-hg38	14710	EUR	1	1	0.00790717	ok	0	0	0	1	0	0	0	false	dominant=EUR proportion=1.000 margin=1.000 overlap=14710 residual=0.0079
GCST90199817	GCST90199817	European	EUR	af_assigned	ukb-ancestry-mixture-hg38	19115	EUR	0.981861	0.967161	0.0104937	ok	0.000274595	0	0.000666068	0.981861	0.0147003	0	0.00249793	false	dominant=EUR proportion=0.982 margin=0.967 overlap=19115 residual=0.0105
GCST90199818	GCST90199818	European	EUR	af_assigned	ukb-ancestry-mixture-hg38	8068	EUR	1	1	0.00951698	ok	0	0	0	1	0	0	0	false	dominant=EUR proportion=1.000 margin=1.000 overlap=8068 residual=0.0095
GCST90199819	GCST90199819	European	EUR	af_assigned	ukb-ancestry-mixture-hg38	20920	EUR	0.99683	0.99366	0.00779774	ok	0	0.00316978	0	0.99683	0	0	0	false	dominant=EUR proportion=0.997 margin=0.994 overlap=20920 residual=0.0078
GCST90199820	GCST90199820	European	EUR	af_assigned	ukb-ancestry-mixture-hg38	13098	EUR	0.998127	0.996254	0.00869168	ok	0	0.00187324	0	0.998127	0	0	0	false	dominant=EUR proportion=0.998 margin=0.996 overlap=13098 residual=0.0087
GCST90199821	GCST90199821	European	EUR	af_assigned	ukb-ancestry-mixture-hg38	20418	EUR	0.996694	0.993847	0.0095226	ok	0.000458299	0.00284729	0	0.996694	0	0	0	false	dominant=EUR proportion=0.997 margin=0.994 overlap=20418 residual=0.0095
GCST90199822	GCST90199822	European	EUR	af_assigned	ukb-ancestry-mixture-hg38	18813	EUR	0.998967	0.997935	0.00977571	ok	0	0.00103264	0	0.998967	0	0	0	false	dominant=EUR proportion=0.999 margin=0.998 overlap=18813 residual=0.0098
GCST90199823	GCST90199823	European	EUR	af_assigned	ukb-ancestry-mixture-hg38	12489	EUR	1	1	0.00936034	ok	0	0	0	1	0	0	0	false	dominant=EUR proportion=1.000 margin=1.000 overlap=12489 residual=0.0094
GCST90199824	GCST90199824	European	EUR	af_assigned	ukb-ancestry-mixture-hg38	12469	EUR	1	1	0.00876978	ok	0	0	0	1	0	0	0	false	dominant=EUR proportion=1.000 margin=1.000 overlap=12469 residual=0.0088
GCST90199825	GCST90199825	European	EUR	af_assigned	ukb-ancestry-mixture-hg38	8071	EUR	1	1	0.00955952	ok	0	0	0	1	0	0	0	false	dominant=EUR proportion=1.000 margin=1.000 overlap=8071 residual=0.0096
GCST90199826	GCST90199826	European	EUR	af_assigned	ukb-ancestry-mixture-hg38	12217	EUR	1	1	0.00865621	ok	0	0	0	1	0	0	0	false	dominant=EUR proportion=1.000 margin=1.000 overlap=12217 residual=0.0087
GCST90199827	GCST90199827	European	EUR	af_assigned	ukb-ancestry-mixture-hg38	21662	EUR	0.998505	0.99701	0.00935634	ok	0	0	0.00149476	0.998505	0	0	0	false	dominant=EUR proportion=0.999 margin=0.997 overlap=21662 residual=0.0094
GCST90199828	GCST90199828	European	EUR	af_assigned	ukb-ancestry-mixture-hg38	17017	EUR	1	1	0.00844145	ok	0	0	0	1	0	0	0	false	dominant=EUR proportion=1.000 margin=1.000 overlap=17017 residual=0.0084
GCST90199829	GCST90199829	European	EUR	af_assigned	ukb-ancestry-mixture-hg38	8066	EUR	1	1	0.00962896	ok	0	0	0	1	0	0	0	false	dominant=EUR proportion=1.000 margin=1.000 overlap=8066 residual=0.0096
GCST90199830	GCST90199830	European	EUR	af_assigned	ukb-ancestry-mixture-hg38	16631	EUR	0.999646	0.999438	0.0080888	ok	0	0.000207899	0.000145707	0.999646	0	0	0	false	dominant=EUR proportion=1.000 margin=0.999 overlap=16631 residual=0.0081
GCST90199831	GCST90199831	European	EUR	af_assigned	ukb-ancestry-mixture-hg38	33020	EUR	1	1	0.0102046	ok	0	0	0	1	0	0	0	false	dominant=EUR proportion=1.000 margin=1.000 overlap=33020 residual=0.0102
GCST90199832	GCST90199832	European	EUR	af_assigned	ukb-ancestry-mixture-hg38	16601	EUR	0.997319	0.994638	0.0107224	ok	0	0.00268109	0	0.997319	0	0	0	false	dominant=EUR proportion=0.997 margin=0.995 overlap=16601 residual=0.0107
GCST90199833	GCST90199833	European	EUR	af_assigned	ukb-ancestry-mixture-hg38	27358	EUR	1	1	0.00880074	ok	0	0	0	1	0	0	0	false	dominant=EUR proportion=1.000 margin=1.000 overlap=27358 residual=0.0088
GCST90199834	GCST90199834	European	EUR	af_assigned	ukb-ancestry-mixture-hg38	18733	EUR	1	1	0.00840883	ok	0	0	0	1	0	0	0	false	dominant=EUR proportion=1.000 margin=1.000 overlap=18733 residual=0.0084
GCST90199835	GCST90199835	European	EUR	af_assigned	ukb-ancestry-mixture-hg38	30417	EUR	0.999863	0.999726	0.0106777	ok	0	0.000137103	0	0.999863	0	0	0	false	dominant=EUR proportion=1.000 margin=1.000 overlap=30417 residual=0.0107
GCST90199836	GCST90199836	European	EUR	af_assigned	ukb-ancestry-mixture-hg38	11870	EUR	0.999345	0.998689	0.00852072	ok	0	0.000655467	0	0.999345	0	0	0	false	dominant=EUR proportion=0.999 margin=0.999 overlap=11870 residual=0.0085
GCST90199837	GCST90199837	European	EUR	af_assigned	ukb-ancestry-mixture-hg38	19567	EUR	0.999384	0.998768	0.00815143	ok	0	0.000615962	0	0.999384	0	0	0	false	dominant=EUR proportion=0.999 margin=0.999 overlap=19567 residual=0.0082
GCST90199838	GCST90199838	European	EUR	af_assigned	ukb-ancestry-mixture-hg38	24310	EUR	0.999619	0.999238	0.00805072	ok	0	0.00038103	0	0.999619	0	0	0	false	dominant=EUR proportion=1.000 margin=0.999 overlap=24310 residual=0.0081
GCST90199839	GCST90199839	European	EUR	af_assigned	ukb-ancestry-mixture-hg38	32245	EUR	1	1	0.00779675	ok	0	0	0	1	0	0	0	false	dominant=EUR proportion=1.000 margin=1.000 overlap=32245 residual=0.0078
GCST90199840	GCST90199840	European	EUR	af_assigned	ukb-ancestry-mixture-hg38	34667	EUR	1	1	0.00822586	ok	0	0	0	1	0	0	0	false	dominant=EUR proportion=1.000 margin=1.000 overlap=34667 residual=0.0082
GCST90199841	GCST90199841	European	EUR	af_assigned	ukb-ancestry-mixture-hg38	32383	EUR	1	1	0.00903191	ok	0	0	0	1	0	0	0	false	dominant=EUR proportion=1.000 margin=1.000 overlap=32383 residual=0.0090
GCST90199842	GCST90199842	European	EUR	af_assigned	ukb-ancestry-mixture-hg38	19270	EUR	1	1	0.00823844	ok	0	0	0	1	0	0	0	false	dominant=EUR proportion=1.000 margin=1.000 overlap=19270 residual=0.0082
GCST90199843	GCST90199843	European	EUR	af_assigned	ukb-ancestry-mixture-hg38	8059	EUR	1	1	0.0101345	ok	0	0	0	1	0	0	0	false	dominant=EUR proportion=1.000 margin=1.000 overlap=8059 residual=0.0101
GCST90199844	GCST90199844	European	EUR	af_assigned	ukb-ancestry-mixture-hg38	26714	EUR	1	1	0.0104303	ok	0	0	0	1	0	0	0	false	dominant=EUR proportion=1.000 margin=1.000 overlap=26714 residual=0.0104
GCST90199845	GCST90199845	European	EUR	af_assigned	ukb-ancestry-mixture-hg38	16102	EUR	1	1	0.0104322	ok	0	0	0	1	0	0	0	false	dominant=EUR proportion=1.000 margin=1.000 overlap=16102 residual=0.0104
GCST90199846	GCST90199846	European	EUR	af_assigned	ukb-ancestry-mixture-hg38	30629	EUR	1	1	0.00876	ok	0	0	0	1	0	0	0	false	dominant=EUR proportion=1.000 margin=1.000 overlap=30629 residual=0.0088
GCST90199847	GCST90199847	European	EUR	af_assigned	ukb-ancestry-mixture-hg38	16447	EUR	0.999532	0.999064	0.00858342	ok	0	0	0.00046776	0.999532	0	0	0	false	dominant=EUR proportion=1.000 margin=0.999 overlap=16447 residual=0.0086
GCST90199848	GCST90199848	European	EUR	af_assigned	ukb-ancestry-mixture-hg38	34071	EUR	0.999253	0.998507	0.0119361	ok	0	0.000746511	0	0.999253	0	0	0	false	dominant=EUR proportion=0.999 margin=0.999 overlap=34071 residual=0.0119
GCST90199849	GCST90199849	European	EUR	af_assigned	ukb-ancestry-mixture-hg38	39631	EUR	0.997886	0.995772	0.00811769	ok	0	0.0021138	0	0.997886	0	0	0	false	dominant=EUR proportion=0.998 margin=0.996 overlap=39631 residual=0.0081
GCST90199850	GCST90199850	European	EUR	af_assigned	ukb-ancestry-mixture-hg38	34881	EUR	0.999983	0.999966	0.00894179	ok	0	0	1.68966e-05	0.999983	0	0	0	false	dominant=EUR proportion=1.000 margin=1.000 overlap=34881 residual=0.0089
GCST90199851	GCST90199851	European	EUR	af_assigned	ukb-ancestry-mixture-hg38	25713	EUR	0.997164	0.994328	0.00798033	ok	0	0.00283607	0	0.997164	0	0	0	false	dominant=EUR proportion=0.997 margin=0.994 overlap=25713 residual=0.0080
GCST90199852	GCST90199852	European	EUR	af_assigned	ukb-ancestry-mixture-hg38	20135	EUR	1	1	0.00872809	ok	0	0	0	1	0	0	0	false	dominant=EUR proportion=1.000 margin=1.000 overlap=20135 residual=0.0087
GCST90199853	GCST90199853	European	EUR	af_assigned	ukb-ancestry-mixture-hg38	30583	EUR	0.999303	0.998605	0.00908564	ok	0	0.000697469	0	0.999303	0	0	0	false	dominant=EUR proportion=0.999 margin=0.999 overlap=30583 residual=0.0091
GCST90199854	GCST90199854	European	EUR	af_assigned	ukb-ancestry-mixture-hg38	30133	EUR	1	1	0.00765183	ok	0	0	0	1	0	0	0	false	dominant=EUR proportion=1.000 margin=1.000 overlap=30133 residual=0.0077
GCST90199855	GCST90199855	European	EUR	af_assigned	ukb-ancestry-mixture-hg38	30299	EUR	1	1	0.0111659	ok	0	0	0	1	0	0	0	false	dominant=EUR proportion=1.000 margin=1.000 overlap=30299 residual=0.0112
GCST90199856	GCST90199856	European	EUR	af_assigned	ukb-ancestry-mixture-hg38	46127	EUR	0.999944	0.999889	0.0105904	ok	0	0	5.56181e-05	0.999944	0	0	0	false	dominant=EUR proportion=1.000 margin=1.000 overlap=46127 residual=0.0106
GCST90199857	GCST90199857	European	EUR	af_assigned	ukb-ancestry-mixture-hg38	23487	EUR	0.993376	0.987127	0.010007	ok	0	0.0062494	0	0.993376	0	0	0.000374264	false	dominant=EUR proportion=0.993 margin=0.987 overlap=23487 residual=0.0100
GCST90199858	GCST90199858	European	EUR	af_assigned	ukb-ancestry-mixture-hg38	37295	EUR	1	1	0.0104039	ok	0	0	0	1	0	0	0	false	dominant=EUR proportion=1.000 margin=1.000 overlap=37295 residual=0.0104
GCST90199859	GCST90199859	European	EUR	af_assigned	ukb-ancestry-mixture-hg38	20819	EUR	0.998679	0.997357	0.00902828	ok	0	0.00132149	0	0.998679	0	0	0	false	dominant=EUR proportion=0.999 margin=0.997 overlap=20819 residual=0.0090
GCST90199860	GCST90199860	European	EUR	af_assigned	ukb-ancestry-mixture-hg38	30176	EUR	0.999062	0.998125	0.00867155	ok	0	0	0.000937719	0.999062	0	0	0	false	dominant=EUR proportion=0.999 margin=0.998 overlap=30176 residual=0.0087
GCST90199861	GCST90199861	European	EUR	af_assigned	ukb-ancestry-mixture-hg38	35299	EUR	1	1	0.00907192	ok	0	0	0	1	0	0	0	false	dominant=EUR proportion=1.000 margin=1.000 overlap=35299 residual=0.0091
GCST90199862	GCST90199862	European	EUR	af_assigned	ukb-ancestry-mixture-hg38	17392	EUR	1	1	0.00892759	ok	0	0	0	1	0	0	0	false	dominant=EUR proportion=1.000 margin=1.000 overlap=17392 residual=0.0089
GCST90199863	GCST90199863	European	EUR	af_assigned	ukb-ancestry-mixture-hg38	32389	EUR	0.998919	0.997839	0.0124661	ok	0	0	0.00108058	0.998919	0	0	0	false	dominant=EUR proportion=0.999 margin=0.998 overlap=32389 residual=0.0125
GCST90199864	GCST90199864	European	EUR	af_assigned	ukb-ancestry-mixture-hg38	18043	EUR	1	1	0.00959383	ok	0	0	0	1	0	0	0	false	dominant=EUR proportion=1.000 margin=1.000 overlap=18043 residual=0.0096
GCST90199865	GCST90199865	European	EUR	af_assigned	ukb-ancestry-mixture-hg38	14990	EUR	1	1	0.00859773	ok	0	0	0	1	0	0	0	false	dominant=EUR proportion=1.000 margin=1.000 overlap=14990 residual=0.0086
GCST90199866	GCST90199866	European	EUR	af_assigned	ukb-ancestry-mixture-hg38	13674	EUR	0.997134	0.994827	0.0100008	ok	0.000559896	0	0	0.997134	0	0	0.00230642	false	dominant=EUR proportion=0.997 margin=0.995 overlap=13674 residual=0.0100
GCST90199867	GCST90199867	European	EUR	af_assigned	ukb-ancestry-mixture-hg38	11738	EUR	0.999613	0.999227	0.0110264	ok	0	0	0.00038659	0.999613	0	0	0	false	dominant=EUR proportion=1.000 margin=0.999 overlap=11738 residual=0.0110
GCST90199868	GCST90199868	European	EUR	af_assigned	ukb-ancestry-mixture-hg38	14000	EUR	0.98855	0.979689	0.0138039	ok	0.00243884	0.000149638	0	0.98855	0.00886111	0	0	false	dominant=EUR proportion=0.989 margin=0.980 overlap=14000 residual=0.0138
GCST90199869	GCST90199869	European	EUR	af_assigned	ukb-ancestry-mixture-hg38	8067	EUR	1	1	0.00952014	ok	0	0	0	1	0	0	0	false	dominant=EUR proportion=1.000 margin=1.000 overlap=8067 residual=0.0095
GCST90199870	GCST90199870	European	EUR	af_assigned	ukb-ancestry-mixture-hg38	14431	EUR	0.998598	0.997519	0.00999933	ok	0	0.0010784	0.000323741	0.998598	0	0	0	false	dominant=EUR proportion=0.999 margin=0.998 overlap=14431 residual=0.0100
GCST90199871	GCST90199871	European	EUR	af_assigned	ukb-ancestry-mixture-hg38	29997	EUR	0.999485	0.998971	0.00972697	ok	0	0.000514734	0	0.999485	0	0	0	false	dominant=EUR proportion=0.999 margin=0.999 overlap=29997 residual=0.0097
GCST90199872	GCST90199872	European	EUR	af_assigned	ukb-ancestry-mixture-hg38	26665	EUR	1	1	0.00815769	ok	0	0	0	1	0	0	0	false	dominant=EUR proportion=1.000 margin=1.000 overlap=26665 residual=0.0082
GCST90199873	GCST90199873	European	EUR	af_assigned	ukb-ancestry-mixture-hg38	32595	EUR	1	1	0.00860634	ok	0	0	0	1	0	0	0	false	dominant=EUR proportion=1.000 margin=1.000 overlap=32595 residual=0.0086
GCST90199874	GCST90199874	European	EUR	af_assigned	ukb-ancestry-mixture-hg38	8066	EUR	1	1	0.00967172	ok	0	0	0	1	0	0	0	false	dominant=EUR proportion=1.000 margin=1.000 overlap=8066 residual=0.0097
GCST90199875	GCST90199875	European	EUR	af_assigned	ukb-ancestry-mixture-hg38	8063	EUR	1	1	0.00952792	ok	0	0	0	1	0	0	0	false	dominant=EUR proportion=1.000 margin=1.000 overlap=8063 residual=0.0095
GCST90199876	GCST90199876	European	EUR	af_assigned	ukb-ancestry-mixture-hg38	22716	EUR	0.999679	0.999357	0.00977526	ok	0	0.000321377	0	0.999679	0	0	0	false	dominant=EUR proportion=1.000 margin=0.999 overlap=22716 residual=0.0098
GCST90199877	GCST90199877	European	EUR	af_assigned	ukb-ancestry-mixture-hg38	12615	EUR	1	1	0.0093933	ok	0	0	0	1	0	0	0	false	dominant=EUR proportion=1.000 margin=1.000 overlap=12615 residual=0.0094
GCST90199878	GCST90199878	European	EUR	af_assigned	ukb-ancestry-mixture-hg38	22164	EUR	0.992914	0.98616	0.00916091	ok	0.000204834	0.00675377	0.000127388	0.992914	0	0	0	false	dominant=EUR proportion=0.993 margin=0.986 overlap=22164 residual=0.0092
GCST90199879	GCST90199879	European	EUR	af_assigned	ukb-ancestry-mixture-hg38	15811	EUR	0.998625	0.99725	0.00774129	ok	0	0.00137489	0	0.998625	0	0	0	false	dominant=EUR proportion=0.999 margin=0.997 overlap=15811 residual=0.0077
GCST90199880	GCST90199880	European	EUR	af_assigned	ukb-ancestry-mixture-hg38	20788	EUR	0.998444	0.996887	0.010456	ok	0	0	0	0.998444	0.00155629	0	0	false	dominant=EUR proportion=0.998 margin=0.997 overlap=20788 residual=0.0105
GCST90199881	GCST90199881	European	EUR	af_assigned	ukb-ancestry-mixture-hg38	11404	EUR	1	1	0.00947331	ok	0	0	0	1	0	0	0	false	dominant=EUR proportion=1.000 margin=1.000 overlap=11404 residual=0.0095
GCST90199882	GCST90199882	European	EUR	af_assigned	ukb-ancestry-mixture-hg38	12351	EUR	0.998942	0.997884	0.00920404	ok	0	0.00105795	0	0.998942	0	0	0	false	dominant=EUR proportion=0.999 margin=0.998 overlap=12351 residual=0.0092
GCST90199883	GCST90199883	European	EUR	af_assigned	ukb-ancestry-mixture-hg38	20379	EUR	1	1	0.00861552	ok	0	0	0	1	0	0	0	false	dominant=EUR proportion=1.000 margin=1.000 overlap=20379 residual=0.0086
GCST90199884	GCST90199884	European	EUR	af_assigned	ukb-ancestry-mixture-hg38	8065	EUR	1	1	0.00951573	ok	0	0	0	1	0	0	0	false	dominant=EUR proportion=1.000 margin=1.000 overlap=8065 residual=0.0095
GCST90199885	GCST90199885	European	EUR	af_assigned	ukb-ancestry-mixture-hg38	15251	EUR	0.996373	0.992746	0.00804308	ok	0	0.00362712	0	0.996373	0	0	0	false	dominant=EUR proportion=0.996 margin=0.993 overlap=15251 residual=0.0080
GCST90199886	GCST90199886	European	EUR	af_assigned	ukb-ancestry-mixture-hg38	20299	EUR	1	1	0.00848479	ok	0	0	0	1	0	0	0	false	dominant=EUR proportion=1.000 margin=1.000 overlap=20299 residual=0.0085
GCST90199887	GCST90199887	European	EUR	af_assigned	ukb-ancestry-mixture-hg38	8065	EUR	1	1	0.00951535	ok	0	0	0	1	0	0	0	false	dominant=EUR proportion=1.000 margin=1.000 overlap=8065 residual=0.0095
GCST90199888	GCST90199888	European	EUR	af_assigned	ukb-ancestry-mixture-hg38	19102	EUR	0.999544	0.999088	0.00838908	ok	0	0.00045591	0	0.999544	0	0	0	false	dominant=EUR proportion=1.000 margin=0.999 overlap=19102 residual=0.0084
GCST90199889	GCST90199889	European	EUR	af_assigned	ukb-ancestry-mixture-hg38	35336	EUR	0.998865	0.997731	0.00903734	ok	0	0.0011346	0	0.998865	0	0	0	false	dominant=EUR proportion=0.999 margin=0.998 overlap=35336 residual=0.0090
GCST90199890	GCST90199890	European	EUR	af_assigned	ukb-ancestry-mixture-hg38	11656	EUR	0.994646	0.989291	0.00944802	ok	0	0.00535426	0	0.994646	0	0	0	false	dominant=EUR proportion=0.995 margin=0.989 overlap=11656 residual=0.0094
GCST90199891	GCST90199891	European	EUR	af_assigned	ukb-ancestry-mixture-hg38	17436	EUR	0.997638	0.995276	0.00872994	ok	0	0.00236207	0	0.997638	0	0	0	false	dominant=EUR proportion=0.998 margin=0.995 overlap=17436 residual=0.0087
GCST90199892	GCST90199892	European	EUR	af_assigned	ukb-ancestry-mixture-hg38	11793	EUR	0.999893	0.999785	0.00858939	ok	0	0.000107338	0	0.999893	0	0	0	false	dominant=EUR proportion=1.000 margin=1.000 overlap=11793 residual=0.0086
GCST90199893	GCST90199893	European	EUR	af_assigned	ukb-ancestry-mixture-hg38	18197	EUR	0.992217	0.984433	0.010438	ok	0	0	0	0.992217	0.00778338	0	0	false	dominant=EUR proportion=0.992 margin=0.984 overlap=18197 residual=0.0104
GCST90199894	GCST90199894	European	EUR	af_assigned	ukb-ancestry-mixture-hg38	13118	EUR	1	1	0.00899993	ok	0	0	0	1	0	0	0	false	dominant=EUR proportion=1.000 margin=1.000 overlap=13118 residual=0.0090
GCST90199895	GCST90199895	European	EUR	af_assigned	ukb-ancestry-mixture-hg38	10796	EUR	0.998791	0.997754	0.00904713	ok	0.000171735	0.00103696	0	0.998791	0	0	0	false	dominant=EUR proportion=0.999 margin=0.998 overlap=10796 residual=0.0090
GCST90199896	GCST90199896	European	EUR	af_assigned	ukb-ancestry-mixture-hg38	11915	EUR	0.999284	0.998712	0.0086024	ok	0.000571923	0	0	0.999284	0	0	0.000144575	false	dominant=EUR proportion=0.999 margin=0.999 overlap=11915 residual=0.0086
GCST90199897	GCST90199897	European	EUR	af_assigned	ukb-ancestry-mixture-hg38	8066	EUR	1	1	0.00954611	ok	0	0	0	1	0	0	0	false	dominant=EUR proportion=1.000 margin=1.000 overlap=8066 residual=0.0095
GCST90199898	GCST90199898	European	EUR	af_assigned	ukb-ancestry-mixture-hg38	8062	EUR	1	1	0.00952031	ok	0	0	0	1	0	0	0	false	dominant=EUR proportion=1.000 margin=1.000 overlap=8062 residual=0.0095
GCST90199899	GCST90199899	European	EUR	af_assigned	ukb-ancestry-mixture-hg38	17266	EUR	0.998266	0.996918	0.00808603	ok	0.000385072	0.00134843	0	0.998266	0	0	0	false	dominant=EUR proportion=0.998 margin=0.997 overlap=17266 residual=0.0081
GCST90199900	GCST90199900	European	EUR	af_assigned	ukb-ancestry-mixture-hg38	24457	EUR	1	1	0.00999698	ok	0	0	0	1	0	0	0	false	dominant=EUR proportion=1.000 margin=1.000 overlap=24457 residual=0.0100
GCST90199901	GCST90199901	European	EUR	af_assigned	ukb-ancestry-mixture-hg38	16902	EUR	0.99943	0.998859	0.00909947	ok	0.000570387	0	0	0.99943	0	0	0	false	dominant=EUR proportion=0.999 margin=0.999 overlap=16902 residual=0.0091
GCST90199902	GCST90199902	European	EUR	af_assigned	ukb-ancestry-mixture-hg38	20005	EUR	0.999749	0.999498	0.00794543	ok	0	0.000251019	0	0.999749	0	0	0	false	dominant=EUR proportion=1.000 margin=0.999 overlap=20005 residual=0.0079
GCST90199903	GCST90199903	European	EUR	af_assigned	ukb-ancestry-mixture-hg38	15823	EUR	1	1	0.0106425	ok	0	0	0	1	0	0	0	false	dominant=EUR proportion=1.000 margin=1.000 overlap=15823 residual=0.0106
GCST90199904	GCST90199904	European	EUR	af_assigned	ukb-ancestry-mixture-hg38	30057	EUR	0.999976	0.999951	0.00997313	ok	0	2.44402e-05	0	0.999976	0	0	0	false	dominant=EUR proportion=1.000 margin=1.000 overlap=30057 residual=0.0100
GCST90199905	GCST90199905	European	EUR	af_assigned	ukb-ancestry-mixture-hg38	11363	EUR	1	1	0.00896667	ok	0	0	0	1	0	0	0	false	dominant=EUR proportion=1.000 margin=1.000 overlap=11363 residual=0.0090
GCST90199906	GCST90199906	European	EUR	af_assigned	ukb-ancestry-mixture-hg38	20740	EUR	0.999711	0.999421	0.00900442	ok	0	0.000289387	0	0.999711	0	0	0	false	dominant=EUR proportion=1.000 margin=0.999 overlap=20740 residual=0.0090
GCST90199907	GCST90199907	European	EUR	af_assigned	ukb-ancestry-mixture-hg38	8065	EUR	1	1	0.0095175	ok	0	0	0	1	0	0	0	false	dominant=EUR proportion=1.000 margin=1.000 overlap=8065 residual=0.0095
GCST90199908	GCST90199908	European	EUR	af_assigned	ukb-ancestry-mixture-hg38	12485	EUR	1	1	0.00911368	ok	0	0	0	1	0	0	0	false	dominant=EUR proportion=1.000 margin=1.000 overlap=12485 residual=0.0091
GCST90199909	GCST90199909	European	EUR	af_assigned	ukb-ancestry-mixture-hg38	17437	EUR	0.997358	0.995067	0.00813566	ok	0.000351654	0.00229064	0	0.997358	0	0	0	false	dominant=EUR proportion=0.997 margin=0.995 overlap=17437 residual=0.0081
GCST90199910	GCST90199910	European	EUR	af_assigned	ukb-ancestry-mixture-hg38	14161	EUR	1	1	0.00844973	ok	0	0	0	1	0	0	0	false	dominant=EUR proportion=1.000 margin=1.000 overlap=14161 residual=0.0084
GCST90199911	GCST90199911	European	EUR	af_assigned	ukb-ancestry-mixture-hg38	27105	EUR	0.994474	0.988948	0.00847698	ok	0	0	0	0.994474	0	0	0.00552582	false	dominant=EUR proportion=0.994 margin=0.989 overlap=27105 residual=0.0085
GCST90199912	GCST90199912	European	EUR	af_assigned	ukb-ancestry-mixture-hg38	20860	EUR	1	1	0.00824561	ok	0	0	0	1	0	0	0	false	dominant=EUR proportion=1.000 margin=1.000 overlap=20860 residual=0.0082
GCST90199913	GCST90199913	European	EUR	af_assigned	ukb-ancestry-mixture-hg38	8063	EUR	1	1	0.0095229	ok	0	0	0	1	0	0	0	false	dominant=EUR proportion=1.000 margin=1.000 overlap=8063 residual=0.0095
GCST90199914	GCST90199914	European	EUR	af_assigned	ukb-ancestry-mixture-hg38	36806	EUR	1	1	0.0098256	ok	0	0	0	1	0	0	0	false	dominant=EUR proportion=1.000 margin=1.000 overlap=36806 residual=0.0098
GCST90199915	GCST90199915	European	EUR	af_assigned	ukb-ancestry-mixture-hg38	18045	EUR	1	1	0.0089357	ok	0	0	0	1	0	0	0	false	dominant=EUR proportion=1.000 margin=1.000 overlap=18045 residual=0.0089
GCST90199916	GCST90199916	European	EUR	af_assigned	ukb-ancestry-mixture-hg38	26386	EUR	0.996816	0.993631	0.00858676	ok	0	0.00318438	0	0.996816	0	0	0	false	dominant=EUR proportion=0.997 margin=0.994 overlap=26386 residual=0.0086
GCST90199917	GCST90199917	European	EUR	af_assigned	ukb-ancestry-mixture-hg38	26760	EUR	0.999679	0.999359	0.00975074	ok	0.000320674	0	0	0.999679	0	0	0	false	dominant=EUR proportion=1.000 margin=0.999 overlap=26760 residual=0.0098
GCST90199918	GCST90199918	European	EUR	af_assigned	ukb-ancestry-mixture-hg38	17511	EUR	0.999309	0.998619	0.00830994	ok	0	0	0.000690732	0.999309	0	0	0	false	dominant=EUR proportion=0.999 margin=0.999 overlap=17511 residual=0.0083
GCST90199919	GCST90199919	European	EUR	af_assigned	ukb-ancestry-mixture-hg38	15145	EUR	1	1	0.0104548	ok	0	0	0	1	0	0	0	false	dominant=EUR proportion=1.000 margin=1.000 overlap=15145 residual=0.0105
GCST90199920	GCST90199920	European	EUR	af_assigned	ukb-ancestry-mixture-hg38	8058	EUR	1	1	0.00952676	ok	0	0	0	1	0	0	0	false	dominant=EUR proportion=1.000 margin=1.000 overlap=8058 residual=0.0095
GCST90199921	GCST90199921	European	EUR	af_assigned	ukb-ancestry-mixture-hg38	11134	EUR	1	1	0.00942808	ok	0	0	0	1	0	0	0	false	dominant=EUR proportion=1.000 margin=1.000 overlap=11134 residual=0.0094
GCST90199922	GCST90199922	European	EUR	af_assigned	ukb-ancestry-mixture-hg38	16132	EUR	1	1	0.00905155	ok	0	0	0	1	0	0	0	false	dominant=EUR proportion=1.000 margin=1.000 overlap=16132 residual=0.0091
GCST90199923	GCST90199923	European	EUR	af_assigned	ukb-ancestry-mixture-hg38	21675	EUR	0.997959	0.995917	0.00775757	ok	0	0.00204128	0	0.997959	0	0	0	false	dominant=EUR proportion=0.998 margin=0.996 overlap=21675 residual=0.0078
GCST90199924	GCST90199924	European	EUR	af_assigned	ukb-ancestry-mixture-hg38	8068	EUR	1	1	0.00989841	ok	0	0	0	1	0	0	0	false	dominant=EUR proportion=1.000 margin=1.000 overlap=8068 residual=0.0099
GCST90199925	GCST90199925	European	EUR	af_assigned	ukb-ancestry-mixture-hg38	16360	EUR	0.998144	0.996678	0.00890152	ok	0	0.00146621	0.00038988	0.998144	0	0	0	false	dominant=EUR proportion=0.998 margin=0.997 overlap=16360 residual=0.0089
GCST90199926	GCST90199926	European	EUR	af_assigned	ukb-ancestry-mixture-hg38	26610	EUR	0.998679	0.997358	0.00816617	ok	0	0.001321	0	0.998679	0	0	0	false	dominant=EUR proportion=0.999 margin=0.997 overlap=26610 residual=0.0082
GCST90199927	GCST90199927	European	EUR	af_assigned	ukb-ancestry-mixture-hg38	19272	EUR	1	1	0.00808055	ok	0	0	0	1	0	0	0	false	dominant=EUR proportion=1.000 margin=1.000 overlap=19272 residual=0.0081
GCST90199928	GCST90199928	European	EUR	af_assigned	ukb-ancestry-mixture-hg38	15555	EUR	1	1	0.00918857	ok	0	0	0	1	0	0	0	false	dominant=EUR proportion=1.000 margin=1.000 overlap=15555 residual=0.0092
GCST90199929	GCST90199929	European	EUR	af_assigned	ukb-ancestry-mixture-hg38	14565	EUR	0.999289	0.998579	0.00793328	ok	0	0.000710609	0	0.999289	0	0	0	false	dominant=EUR proportion=0.999 margin=0.999 overlap=14565 residual=0.0079
GCST90199930	GCST90199930	European	EUR	af_assigned	ukb-ancestry-mixture-hg38	19115	EUR	0.998151	0.996302	0.00849902	ok	0	0.00184925	0	0.998151	0	0	0	false	dominant=EUR proportion=0.998 margin=0.996 overlap=19115 residual=0.0085
GCST90199931	GCST90199931	European	EUR	af_assigned	ukb-ancestry-mixture-hg38	8068	EUR	1	1	0.00957007	ok	0	0	0	1	0	0	0	false	dominant=EUR proportion=1.000 margin=1.000 overlap=8068 residual=0.0096
GCST90199932	GCST90199932	European	EUR	af_assigned	ukb-ancestry-mixture-hg38	11571	EUR	0.999998	0.999996	0.00876876	ok	0	1.82327e-06	0	0.999998	0	0	0	false	dominant=EUR proportion=1.000 margin=1.000 overlap=11571 residual=0.0088
GCST90199933	GCST90199933	European	EUR	af_assigned	ukb-ancestry-mixture-hg38	17563	EUR	1	1	0.00867856	ok	0	0	0	1	0	0	0	false	dominant=EUR proportion=1.000 margin=1.000 overlap=17563 residual=0.0087
GCST90199934	GCST90199934	European	EUR	af_assigned	ukb-ancestry-mixture-hg38	24586	EUR	1	1	0.00986074	ok	0	0	0	1	0	0	0	false	dominant=EUR proportion=1.000 margin=1.000 overlap=24586 residual=0.0099
GCST90199935	GCST90199935	European	EUR	af_assigned	ukb-ancestry-mixture-hg38	19617	EUR	0.99827	0.99654	0.00928361	ok	0	0	0	0.99827	0	0	0.00173018	false	dominant=EUR proportion=0.998 margin=0.997 overlap=19617 residual=0.0093
GCST90199936	GCST90199936	European	EUR	af_assigned	ukb-ancestry-mixture-hg38	14679	EUR	1	1	0.00921092	ok	0	0	0	1	0	0	0	false	dominant=EUR proportion=1.000 margin=1.000 overlap=14679 residual=0.0092
GCST90199937	GCST90199937	European	EUR	af_assigned	ukb-ancestry-mixture-hg38	24502	EUR	1	1	0.0105546	ok	0	0	0	1	0	0	0	false	dominant=EUR proportion=1.000 margin=1.000 overlap=24502 residual=0.0106
GCST90199938	GCST90199938	European	EUR	af_assigned	ukb-ancestry-mixture-hg38	8064	EUR	1	1	0.00952418	ok	0	0	0	1	0	0	0	false	dominant=EUR proportion=1.000 margin=1.000 overlap=8064 residual=0.0095
GCST90199939	GCST90199939	European	EUR	af_assigned	ukb-ancestry-mixture-hg38	8070	EUR	1	1	0.00952552	ok	0	0	0	1	0	0	0	false	dominant=EUR proportion=1.000 margin=1.000 overlap=8070 residual=0.0095
GCST90199940	GCST90199940	European	EUR	af_assigned	ukb-ancestry-mixture-hg38	8059	EUR	1	1	0.00951883	ok	0	0	0	1	0	0	0	false	dominant=EUR proportion=1.000 margin=1.000 overlap=8059 residual=0.0095
GCST90199941	GCST90199941	European	EUR	af_assigned	ukb-ancestry-mixture-hg38	17413	EUR	1	1	0.0103389	ok	0	0	0	1	0	0	0	false	dominant=EUR proportion=1.000 margin=1.000 overlap=17413 residual=0.0103
GCST90199942	GCST90199942	European	EUR	af_assigned	ukb-ancestry-mixture-hg38	52914	EUR	1	1	0.00882358	ok	0	0	0	1	0	0	0	false	dominant=EUR proportion=1.000 margin=1.000 overlap=52914 residual=0.0088
GCST90199943	GCST90199943	European	EUR	af_assigned	ukb-ancestry-mixture-hg38	8059	EUR	1	1	0.00952592	ok	0	0	0	1	0	0	0	false	dominant=EUR proportion=1.000 margin=1.000 overlap=8059 residual=0.0095
GCST90199944	GCST90199944	European	EUR	af_assigned	ukb-ancestry-mixture-hg38	11280	EUR	0.997594	0.995187	0.00983085	ok	0	0.00240648	0	0.997594	0	0	0	false	dominant=EUR proportion=0.998 margin=0.995 overlap=11280 residual=0.0098
GCST90199945	GCST90199945	European	EUR	af_assigned	ukb-ancestry-mixture-hg38	18198	EUR	1	1	0.00792162	ok	0	0	0	1	0	0	0	false	dominant=EUR proportion=1.000 margin=1.000 overlap=18198 residual=0.0079
GCST90199946	GCST90199946	European	EUR	af_assigned	ukb-ancestry-mixture-hg38	8061	EUR	1	1	0.00965877	ok	0	0	0	1	0	0	0	false	dominant=EUR proportion=1.000 margin=1.000 overlap=8061 residual=0.0097
GCST90199947	GCST90199947	European	EUR	af_assigned	ukb-ancestry-mixture-hg38	21269	EUR	0.996271	0.992541	0.00875232	ok	0	0.00372938	0	0.996271	0	0	0	false	dominant=EUR proportion=0.996 margin=0.993 overlap=21269 residual=0.0088
GCST90199948	GCST90199948	European	EUR	af_assigned	ukb-ancestry-mixture-hg38	12036	EUR	0.995466	0.991108	0.00924834	ok	0.000177147	0.0043573	0	0.995466	0	0	0	false	dominant=EUR proportion=0.995 margin=0.991 overlap=12036 residual=0.0092
GCST90199949	GCST90199949	European	EUR	af_assigned	ukb-ancestry-mixture-hg38	16790	EUR	0.99816	0.996484	0.00870897	ok	0	0.000163468	0	0.99816	0	0	0.00167649	false	dominant=EUR proportion=0.998 margin=0.996 overlap=16790 residual=0.0087
GCST90199950	GCST90199950	European	EUR	af_assigned	ukb-ancestry-mixture-hg38	8070	EUR	1	1	0.00952476	ok	0	0	0	1	0	0	0	false	dominant=EUR proportion=1.000 margin=1.000 overlap=8070 residual=0.0095
GCST90199951	GCST90199951	European	EUR	af_assigned	ukb-ancestry-mixture-hg38	15027	EUR	0.994143	0.988594	0.011006	ok	0.000307494	0	0	0.994143	0.00554917	0	0	false	dominant=EUR proportion=0.994 margin=0.989 overlap=15027 residual=0.0110
GCST90199952	GCST90199952	European	EUR	af_assigned	ukb-ancestry-mixture-hg38	8071	EUR	1	1	0.00961667	ok	0	0	0	1	0	0	0	false	dominant=EUR proportion=1.000 margin=1.000 overlap=8071 residual=0.0096
GCST90199953	GCST90199953	European	EUR	af_assigned	ukb-ancestry-mixture-hg38	22198	EUR	1	1	0.00815569	ok	0	0	0	1	0	0	0	false	dominant=EUR proportion=1.000 margin=1.000 overlap=22198 residual=0.0082
GCST90199954	GCST90199954	European	EUR	af_assigned	ukb-ancestry-mixture-hg38	24646	EUR	1	1	0.00821516	ok	0	0	0	1	0	0	0	false	dominant=EUR proportion=1.000 margin=1.000 overlap=24646 residual=0.0082
GCST90199955	GCST90199955	European	EUR	af_assigned	ukb-ancestry-mixture-hg38	13625	EUR	0.997356	0.994712	0.0086938	ok	0	0.00264404	0	0.997356	0	0	0	false	dominant=EUR proportion=0.997 margin=0.995 overlap=13625 residual=0.0087
GCST90199956	GCST90199956	European	EUR	af_assigned	ukb-ancestry-mixture-hg38	8066	EUR	1	1	0.00967633	ok	0	0	0	1	0	0	0	false	dominant=EUR proportion=1.000 margin=1.000 overlap=8066 residual=0.0097
GCST90199957	GCST90199957	European	EUR	af_assigned	ukb-ancestry-mixture-hg38	13927	EUR	1	1	0.00926702	ok	0	0	0	1	0	0	0	false	dominant=EUR proportion=1.000 margin=1.000 overlap=13927 residual=0.0093
GCST90199958	GCST90199958	European	EUR	af_assigned	ukb-ancestry-mixture-hg38	19397	EUR	1	1	0.007959	ok	0	0	0	1	0	0	0	false	dominant=EUR proportion=1.000 margin=1.000 overlap=19397 residual=0.0080
GCST90199959	GCST90199959	European	EUR	af_assigned	ukb-ancestry-mixture-hg38	15607	EUR	0.999399	0.998799	0.0112786	ok	0	0.00060072	0	0.999399	0	0	0	false	dominant=EUR proportion=0.999 margin=0.999 overlap=15607 residual=0.0113
GCST90199960	GCST90199960	European	EUR	af_assigned	ukb-ancestry-mixture-hg38	17523	EUR	1	1	0.00996669	ok	0	0	0	1	0	0	0	false	dominant=EUR proportion=1.000 margin=1.000 overlap=17523 residual=0.0100
GCST90199961	GCST90199961	European	EUR	af_assigned	ukb-ancestry-mixture-hg38	35864	EUR	1	1	0.0106727	ok	0	0	0	1	0	0	0	false	dominant=EUR proportion=1.000 margin=1.000 overlap=35864 residual=0.0107
GCST90199962	GCST90199962	European	EUR	af_assigned	ukb-ancestry-mixture-hg38	27294	EUR	0.998123	0.996245	0.0101596	ok	0	0.00187736	0	0.998123	0	0	0	false	dominant=EUR proportion=0.998 margin=0.996 overlap=27294 residual=0.0102
GCST90199963	GCST90199963	European	EUR	af_assigned	ukb-ancestry-mixture-hg38	11509	EUR	0.999135	0.99827	0.0120388	ok	0.000865173	0	0	0.999135	0	0	0	false	dominant=EUR proportion=0.999 margin=0.998 overlap=11509 residual=0.0120
GCST90199964	GCST90199964	European	EUR	af_assigned	ukb-ancestry-mixture-hg38	24535	EUR	1	1	0.0105811	ok	0	0	0	1	0	0	0	false	dominant=EUR proportion=1.000 margin=1.000 overlap=24535 residual=0.0106
GCST90199965	GCST90199965	European	EUR	af_assigned	ukb-ancestry-mixture-hg38	8072	EUR	1	1	0.00951791	ok	0	0	0	1	0	0	0	false	dominant=EUR proportion=1.000 margin=1.000 overlap=8072 residual=0.0095
GCST90199966	GCST90199966	European	EUR	af_assigned	ukb-ancestry-mixture-hg38	8064	EUR	1	1	0.00953728	ok	0	0	0	1	0	0	0	false	dominant=EUR proportion=1.000 margin=1.000 overlap=8064 residual=0.0095
GCST90199967	GCST90199967	European	EUR	af_assigned	ukb-ancestry-mixture-hg38	18989	EUR	0.996821	0.994775	0.0102135	ok	0	0.000913088	0.000218694	0.996821	0	0	0.00204682	false	dominant=EUR proportion=0.997 margin=0.995 overlap=18989 residual=0.0102
GCST90199968	GCST90199968	European	EUR	af_assigned	ukb-ancestry-mixture-hg38	16621	EUR	1	1	0.00916826	ok	0	0	0	1	0	0	0	false	dominant=EUR proportion=1.000 margin=1.000 overlap=16621 residual=0.0092
GCST90199969	GCST90199969	European	EUR	af_assigned	ukb-ancestry-mixture-hg38	16480	EUR	0.996981	0.994306	0.00904185	ok	0.000344376	0.00267495	0	0.996981	0	0	0	false	dominant=EUR proportion=0.997 margin=0.994 overlap=16480 residual=0.0090
GCST90199970	GCST90199970	European	EUR	af_assigned	ukb-ancestry-mixture-hg38	22431	EUR	0.998884	0.997768	0.00975481	ok	0	0.00111601	0	0.998884	0	0	0	false	dominant=EUR proportion=0.999 margin=0.998 overlap=22431 residual=0.0098
GCST90199971	GCST90199971	European	EUR	af_assigned	ukb-ancestry-mixture-hg38	40124	EUR	0.998497	0.996993	0.0100525	ok	0	0.00150338	0	0.998497	0	0	0	false	dominant=EUR proportion=0.998 margin=0.997 overlap=40124 residual=0.0101
GCST90199972	GCST90199972	European	EUR	af_assigned	ukb-ancestry-mixture-hg38	8060	EUR	1	1	0.00951955	ok	0	0	0	1	0	0	0	false	dominant=EUR proportion=1.000 margin=1.000 overlap=8060 residual=0.0095
GCST90199973	GCST90199973	European	EUR	af_assigned	ukb-ancestry-mixture-hg38	13097	EUR	1	1	0.00839875	ok	0	0	0	1	0	0	0	false	dominant=EUR proportion=1.000 margin=1.000 overlap=13097 residual=0.0084
GCST90199974	GCST90199974	European	EUR	af_assigned	ukb-ancestry-mixture-hg38	11231	EUR	0.999913	0.999827	0.00896215	ok	8.66466e-05	0	0	0.999913	0	0	0	false	dominant=EUR proportion=1.000 margin=1.000 overlap=11231 residual=0.0090
GCST90199975	GCST90199975	European	EUR	af_assigned	ukb-ancestry-mixture-hg38	10811	EUR	0.998575	0.997329	0.00902128	ok	0.000180141	0.00124526	0	0.998575	0	0	0	false	dominant=EUR proportion=0.999 margin=0.997 overlap=10811 residual=0.0090
GCST90199976	GCST90199976	European	EUR	af_assigned	ukb-ancestry-mixture-hg38	11739	EUR	0.998033	0.996067	0.00958092	ok	0	0.00196675	0	0.998033	0	0	0	false	dominant=EUR proportion=0.998 margin=0.996 overlap=11739 residual=0.0096
GCST90199977	GCST90199977	European	EUR	af_assigned	ukb-ancestry-mixture-hg38	20168	EUR	0.999106	0.998211	0.00848828	ok	0	0.000894492	0	0.999106	0	0	0	false	dominant=EUR proportion=0.999 margin=0.998 overlap=20168 residual=0.0085
GCST90199978	GCST90199978	European	EUR	af_assigned	ukb-ancestry-mixture-hg38	19305	EUR	1	1	0.0091737	ok	0	0	0	1	0	0	0	false	dominant=EUR proportion=1.000 margin=1.000 overlap=19305 residual=0.0092
GCST90199979	GCST90199979	European	EUR	af_assigned	ukb-ancestry-mixture-hg38	10452	EUR	0.99975	0.9995	0.00887575	ok	0	0.000250219	0	0.99975	0	0	0	false	dominant=EUR proportion=1.000 margin=0.999 overlap=10452 residual=0.0089
GCST90199980	GCST90199980	European	EUR	af_assigned	ukb-ancestry-mixture-hg38	8072	EUR	1	1	0.0096285	ok	0	0	0	1	0	0	0	false	dominant=EUR proportion=1.000 margin=1.000 overlap=8072 residual=0.0096
GCST90199981	GCST90199981	European	EUR	af_assigned	ukb-ancestry-mixture-hg38	8065	EUR	1	1	0.00962223	ok	0	0	0	1	0	0	0	false	dominant=EUR proportion=1.000 margin=1.000 overlap=8065 residual=0.0096
GCST90199982	GCST90199982	European	EUR	af_assigned	ukb-ancestry-mixture-hg38	8066	EUR	1	1	0.00960325	ok	0	0	0	1	0	0	0	false	dominant=EUR proportion=1.000 margin=1.000 overlap=8066 residual=0.0096
GCST90199983	GCST90199983	European	EUR	af_assigned	ukb-ancestry-mixture-hg38	16734	EUR	1	1	0.0091656	ok	0	0	0	1	0	0	0	false	dominant=EUR proportion=1.000 margin=1.000 overlap=16734 residual=0.0092
GCST90199984	GCST90199984	European	EUR	af_assigned	ukb-ancestry-mixture-hg38	28774	EUR	1	1	0.00828084	ok	0	0	0	1	0	0	0	false	dominant=EUR proportion=1.000 margin=1.000 overlap=28774 residual=0.0083
GCST90199985	GCST90199985	European	EUR	af_assigned	ukb-ancestry-mixture-hg38	14268	EUR	0.991518	0.983036	0.00941326	ok	0	0	0	0.991518	0	0.00848205	0	false	dominant=EUR proportion=0.992 margin=0.983 overlap=14268 residual=0.0094
GCST90199986	GCST90199986	European	EUR	af_assigned	ukb-ancestry-mixture-hg38	22138	EUR	0.998759	0.997519	0.00839997	ok	0	0.00124063	0	0.998759	0	0	0	false	dominant=EUR proportion=0.999 margin=0.998 overlap=22138 residual=0.0084
GCST90199987	GCST90199987	European	EUR	af_assigned	ukb-ancestry-mixture-hg38	12128	EUR	1	1	0.00931287	ok	0	0	0	1	0	0	0	false	dominant=EUR proportion=1.000 margin=1.000 overlap=12128 residual=0.0093
GCST90199988	GCST90199988	European	EUR	af_assigned	ukb-ancestry-mixture-hg38	11716	EUR	1	1	0.0130785	ok	0	0	0	1	0	0	0	false	dominant=EUR proportion=1.000 margin=1.000 overlap=11716 residual=0.0131
GCST90199989	GCST90199989	European	EUR	af_assigned	ukb-ancestry-mixture-hg38	8063	EUR	1	1	0.00960989	ok	0	0	0	1	0	0	0	false	dominant=EUR proportion=1.000 margin=1.000 overlap=8063 residual=0.0096
GCST90199990	GCST90199990	European	EUR	af_assigned	ukb-ancestry-mixture-hg38	8069	EUR	1	1	0.00952027	ok	0	0	0	1	0	0	0	false	dominant=EUR proportion=1.000 margin=1.000 overlap=8069 residual=0.0095
GCST90199991	GCST90199991	European	EUR	af_assigned	ukb-ancestry-mixture-hg38	12126	EUR	1	1	0.0107692	ok	0	0	0	1	0	0	0	false	dominant=EUR proportion=1.000 margin=1.000 overlap=12126 residual=0.0108
GCST90199992	GCST90199992	European	EUR	af_assigned	ukb-ancestry-mixture-hg38	40095	EUR	0.99993	0.999873	0.00992205	ok	5.71244e-05	1.32492e-05	0	0.99993	0	0	0	false	dominant=EUR proportion=1.000 margin=1.000 overlap=40095 residual=0.0099
GCST90199993	GCST90199993	European	EUR	af_assigned	ukb-ancestry-mixture-hg38	16007	EUR	0.999032	0.998065	0.0103645	ok	0	0.000967672	0	0.999032	0	0	0	false	dominant=EUR proportion=0.999 margin=0.998 overlap=16007 residual=0.0104
GCST90199994	GCST90199994	European	EUR	af_assigned	ukb-ancestry-mixture-hg38	11989	EUR	1	1	0.00934451	ok	0	0	0	1	0	0	0	false	dominant=EUR proportion=1.000 margin=1.000 overlap=11989 residual=0.0093
GCST90199995	GCST90199995	European	EUR	af_assigned	ukb-ancestry-mixture-hg38	23522	EUR	0.998695	0.998003	0.00829002	ok	0.000692263	0	0.000612313	0.998695	0	0	0	false	dominant=EUR proportion=0.999 margin=0.998 overlap=23522 residual=0.0083
GCST90199996	GCST90199996	European	EUR	af_assigned	ukb-ancestry-mixture-hg38	23426	EUR	0.996544	0.993087	0.0102164	ok	0	0.00345629	0	0.996544	0	0	0	false	dominant=EUR proportion=0.997 margin=0.993 overlap=23426 residual=0.0102
GCST90199997	GCST90199997	European	EUR	af_assigned	ukb-ancestry-mixture-hg38	12142	EUR	0.999372	0.998743	0.00895872	ok	0	0.000628359	0	0.999372	0	0	0	false	dominant=EUR proportion=0.999 margin=0.999 overlap=12142 residual=0.0090
GCST90199998	GCST90199998	European	EUR	af_assigned	ukb-ancestry-mixture-hg38	8075	EUR	1	1	0.00955558	ok	0	0	0	1	0	0	0	false	dominant=EUR proportion=1.000 margin=1.000 overlap=8075 residual=0.0096
GCST90199999	GCST90199999	European	EUR	af_assigned	ukb-ancestry-mixture-hg38	12461	EUR	1	1	0.00896876	ok	0	0	0	1	0	0	0	false	dominant=EUR proportion=1.000 margin=1.000 overlap=12461 residual=0.0090
GCST90200000	GCST90200000	European	EUR	af_assigned	ukb-ancestry-mixture-hg38	8068	EUR	1	1	0.00977743	ok	0	0	0	1	0	0	0	false	dominant=EUR proportion=1.000 margin=1.000 overlap=8068 residual=0.0098
GCST90200001	GCST90200001	European	EUR	af_assigned	ukb-ancestry-mixture-hg38	30224	EUR	0.999715	0.99943	0.00987089	ok	0	0	0.000284849	0.999715	0	0	0	false	dominant=EUR proportion=1.000 margin=0.999 overlap=30224 residual=0.0099
GCST90200002	GCST90200002	European	EUR	af_assigned	ukb-ancestry-mixture-hg38	16446	EUR	0.997472	0.995622	0.0104683	ok	0	0.00184966	0	0.997472	0	0	0.000678689	false	dominant=EUR proportion=0.997 margin=0.996 overlap=16446 residual=0.0105
GCST90200003	GCST90200003	European	EUR	af_assigned	ukb-ancestry-mixture-hg38	13066	EUR	1	1	0.0090138	ok	0	0	0	1	0	0	0	false	dominant=EUR proportion=1.000 margin=1.000 overlap=13066 residual=0.0090
GCST90200004	GCST90200004	European	EUR	af_assigned	ukb-ancestry-mixture-hg38	10969	EUR	0.998404	0.996808	0.00881447	ok	0	0.00159607	0	0.998404	0	0	0	false	dominant=EUR proportion=0.998 margin=0.997 overlap=10969 residual=0.0088
GCST90200005	GCST90200005	European	EUR	af_assigned	ukb-ancestry-mixture-hg38	8063	EUR	1	1	0.00952317	ok	0	0	0	1	0	0	0	false	dominant=EUR proportion=1.000 margin=1.000 overlap=8063 residual=0.0095
GCST90200006	GCST90200006	European	EUR	af_assigned	ukb-ancestry-mixture-hg38	12078	EUR	0.999083	0.998326	0.00901664	ok	0	0.000756513	0	0.999083	0.000160732	0	0	false	dominant=EUR proportion=0.999 margin=0.998 overlap=12078 residual=0.0090
GCST90200007	GCST90200007	European	EUR	af_assigned	ukb-ancestry-mixture-hg38	11931	EUR	0.997825	0.99565	0.00922996	ok	0	0.0021751	0	0.997825	0	0	0	false	dominant=EUR proportion=0.998 margin=0.996 overlap=11931 residual=0.0092
GCST90200008	GCST90200008	European	EUR	af_assigned	ukb-ancestry-mixture-hg38	18081	EUR	0.999095	0.998191	0.00774439	ok	0	0	0	0.999095	0	0	0.000904574	false	dominant=EUR proportion=0.999 margin=0.998 overlap=18081 residual=0.0077
GCST90200009	GCST90200009	European	EUR	af_assigned	ukb-ancestry-mixture-hg38	13104	EUR	1	1	0.00932428	ok	0	0	0	1	0	0	0	false	dominant=EUR proportion=1.000 margin=1.000 overlap=13104 residual=0.0093
GCST90200010	GCST90200010	European	EUR	af_assigned	ukb-ancestry-mixture-hg38	30670	EUR	1	1	0.00915094	ok	0	0	0	1	0	0	0	false	dominant=EUR proportion=1.000 margin=1.000 overlap=30670 residual=0.0092
GCST90200011	GCST90200011	European	EUR	af_assigned	ukb-ancestry-mixture-hg38	12197	EUR	1	1	0.010123	ok	0	0	0	1	0	0	0	false	dominant=EUR proportion=1.000 margin=1.000 overlap=12197 residual=0.0101
GCST90200012	GCST90200012	European	EUR	af_assigned	ukb-ancestry-mixture-hg38	11397	EUR	1	1	0.00845917	ok	0	0	0	1	0	0	0	false	dominant=EUR proportion=1.000 margin=1.000 overlap=11397 residual=0.0085
GCST90200013	GCST90200013	European	EUR	af_assigned	ukb-ancestry-mixture-hg38	26632	EUR	1	1	0.00891622	ok	0	0	0	1	0	0	0	false	dominant=EUR proportion=1.000 margin=1.000 overlap=26632 residual=0.0089
GCST90200014	GCST90200014	European	EUR	af_assigned	ukb-ancestry-mixture-hg38	21067	EUR	1	1	0.00883292	ok	0	0	0	1	0	0	0	false	dominant=EUR proportion=1.000 margin=1.000 overlap=21067 residual=0.0088
GCST90200015	GCST90200015	European	EUR	af_assigned	ukb-ancestry-mixture-hg38	35551	EUR	0.996415	0.994648	0.010364	ok	0.000160493	0.00165874	0	0.996415	0.00176618	0	0	false	dominant=EUR proportion=0.996 margin=0.995 overlap=35551 residual=0.0104
GCST90200016	GCST90200016	European	EUR	af_assigned	ukb-ancestry-mixture-hg38	11661	EUR	0.996143	0.994088	0.00877864	ok	0	0.000685734	0	0.996143	0.00205525	0	0.00111598	false	dominant=EUR proportion=0.996 margin=0.994 overlap=11661 residual=0.0088
GCST90200017	GCST90200017	European	EUR	af_assigned	ukb-ancestry-mixture-hg38	19957	EUR	1	1	0.00787367	ok	0	0	0	1	0	0	0	false	dominant=EUR proportion=1.000 margin=1.000 overlap=19957 residual=0.0079
GCST90200018	GCST90200018	European	EUR	af_assigned	ukb-ancestry-mixture-hg38	31369	EUR	0.996138	0.992276	0.011491	ok	0	0.003862	0	0.996138	0	0	0	false	dominant=EUR proportion=0.996 margin=0.992 overlap=31369 residual=0.0115
GCST90200019	GCST90200019	European	EUR	af_assigned	ukb-ancestry-mixture-hg38	19986	EUR	1	1	0.00988155	ok	0	0	0	1	0	0	0	false	dominant=EUR proportion=1.000 margin=1.000 overlap=19986 residual=0.0099
GCST90200020	GCST90200020	European	EUR	af_assigned	ukb-ancestry-mixture-hg38	15786	EUR	1	1	0.00909818	ok	0	0	0	1	0	0	0	false	dominant=EUR proportion=1.000 margin=1.000 overlap=15786 residual=0.0091
GCST90200021	GCST90200021	European	EUR	af_assigned	ukb-ancestry-mixture-hg38	21793	EUR	1	1	0.00866051	ok	0	0	0	1	0	0	0	false	dominant=EUR proportion=1.000 margin=1.000 overlap=21793 residual=0.0087
GCST90200022	GCST90200022	European	EUR	af_assigned	ukb-ancestry-mixture-hg38	35438	EUR	1	1	0.00845053	ok	0	0	0	1	0	0	0	false	dominant=EUR proportion=1.000 margin=1.000 overlap=35438 residual=0.0085
GCST90200023	GCST90200023	European	EUR	af_assigned	ukb-ancestry-mixture-hg38	11365	EUR	1	1	0.00851792	ok	0	0	0	1	0	0	0	false	dominant=EUR proportion=1.000 margin=1.000 overlap=11365 residual=0.0085
GCST90200024	GCST90200024	European	EUR	af_assigned	ukb-ancestry-mixture-hg38	24319	EUR	0.997926	0.995852	0.00816752	ok	0	0.00207385	0	0.997926	0	0	0	false	dominant=EUR proportion=0.998 margin=0.996 overlap=24319 residual=0.0082
GCST90200025	GCST90200025	European	EUR	af_assigned	ukb-ancestry-mixture-hg38	16023	EUR	0.997995	0.995991	0.0105381	ok	0	0.00200464	0	0.997995	0	0	0	false	dominant=EUR proportion=0.998 margin=0.996 overlap=16023 residual=0.0105
GCST90200026	GCST90200026	European	EUR	af_assigned	ukb-ancestry-mixture-hg38	24501	EUR	0.997268	0.994536	0.00802976	ok	0	0.00273201	0	0.997268	0	0	0	false	dominant=EUR proportion=0.997 margin=0.995 overlap=24501 residual=0.0080
GCST90200027	GCST90200027	European	EUR	af_assigned	ukb-ancestry-mixture-hg38	20973	EUR	0.994049	0.989879	0.0089739	ok	0	0.00178199	0	0.994049	0.00416932	0	0	false	dominant=EUR proportion=0.994 margin=0.990 overlap=20973 residual=0.0090
GCST90200028	GCST90200028	European	EUR	af_assigned	ukb-ancestry-mixture-hg38	15569	EUR	0.999377	0.998753	0.00969029	ok	0.000623373	0	0	0.999377	0	0	0	false	dominant=EUR proportion=0.999 margin=0.999 overlap=15569 residual=0.0097
GCST90200029	GCST90200029	European	EUR	af_assigned	ukb-ancestry-mixture-hg38	11888	EUR	1	1	0.00865774	ok	0	0	0	1	0	0	0	false	dominant=EUR proportion=1.000 margin=1.000 overlap=11888 residual=0.0087
GCST90200030	GCST90200030	European	EUR	af_assigned	ukb-ancestry-mixture-hg38	10858	EUR	0.99862	0.997414	0.00902559	ok	0.000174704	0.00120571	0	0.99862	0	0	0	false	dominant=EUR proportion=0.999 margin=0.997 overlap=10858 residual=0.0090
GCST90200031	GCST90200031	European	EUR	af_assigned	ukb-ancestry-mixture-hg38	26307	EUR	1	1	0.011817	ok	0	0	0	1	0	0	0	false	dominant=EUR proportion=1.000 margin=1.000 overlap=26307 residual=0.0118
GCST90200032	GCST90200032	European	EUR	af_assigned	ukb-ancestry-mixture-hg38	14993	EUR	0.997884	0.996406	0.00949989	ok	0.000278363	0	0.000359793	0.997884	0	0	0.00147785	false	dominant=EUR proportion=0.998 margin=0.996 overlap=14993 residual=0.0095
GCST90200033	GCST90200033	European	EUR	af_assigned	ukb-ancestry-mixture-hg38	14700	EUR	0.998514	0.997027	0.00820835	ok	0.00148644	0	0	0.998514	0	0	0	false	dominant=EUR proportion=0.999 margin=0.997 overlap=14700 residual=0.0082
GCST90200034	GCST90200034	European	EUR	af_assigned	ukb-ancestry-mixture-hg38	20595	EUR	0.999571	0.999142	0.00808413	ok	0	0.000428782	0	0.999571	0	0	0	false	dominant=EUR proportion=1.000 margin=0.999 overlap=20595 residual=0.0081
GCST90200035	GCST90200035	European	EUR	af_assigned	ukb-ancestry-mixture-hg38	23129	EUR	1	1	0.00918971	ok	0	0	0	1	0	0	0	false	dominant=EUR proportion=1.000 margin=1.000 overlap=23129 residual=0.0092
GCST90200036	GCST90200036	European	EUR	af_assigned	ukb-ancestry-mixture-hg38	15434	EUR	0.996865	0.993731	0.00890851	ok	0	0.00313452	0	0.996865	0	0	0	false	dominant=EUR proportion=0.997 margin=0.994 overlap=15434 residual=0.0089
GCST90200037	GCST90200037	European	EUR	af_assigned	ukb-ancestry-mixture-hg38	17407	EUR	0.999546	0.999093	0.0084711	ok	0.000453632	0	0	0.999546	0	0	0	false	dominant=EUR proportion=1.000 margin=0.999 overlap=17407 residual=0.0085
GCST90200038	GCST90200038	European	EUR	af_assigned	ukb-ancestry-mixture-hg38	8062	EUR	1	1	0.00951653	ok	0	0	0	1	0	0	0	false	dominant=EUR proportion=1.000 margin=1.000 overlap=8062 residual=0.0095
GCST90200039	GCST90200039	European	EUR	af_assigned	ukb-ancestry-mixture-hg38	25976	EUR	1	1	0.0104611	ok	0	0	0	1	0	0	0	false	dominant=EUR proportion=1.000 margin=1.000 overlap=25976 residual=0.0105
GCST90200040	GCST90200040	European	EUR	af_assigned	ukb-ancestry-mixture-hg38	10752	EUR	0.998786	0.997724	0.0090195	ok	0.000152271	0.00106182	0	0.998786	0	0	0	false	dominant=EUR proportion=0.999 margin=0.998 overlap=10752 residual=0.0090
GCST90200041	GCST90200041	European	EUR	af_assigned	ukb-ancestry-mixture-hg38	19326	EUR	1	1	0.0108751	ok	0	0	0	1	0	0	0	false	dominant=EUR proportion=1.000 margin=1.000 overlap=19326 residual=0.0109
GCST90200042	GCST90200042	European	EUR	af_assigned	ukb-ancestry-mixture-hg38	8059	EUR	1	1	0.00951717	ok	0	0	0	1	0	0	0	false	dominant=EUR proportion=1.000 margin=1.000 overlap=8059 residual=0.0095
GCST90200043	GCST90200043	European	EUR	af_assigned	ukb-ancestry-mixture-hg38	19648	EUR	0.999549	0.999097	0.010014	ok	0.000451357	0	0	0.999549	0	0	0	false	dominant=EUR proportion=1.000 margin=0.999 overlap=19648 residual=0.0100
GCST90200044	GCST90200044	European	EUR	af_assigned	ukb-ancestry-mixture-hg38	11796	EUR	1	1	0.00876291	ok	0	0	0	1	0	0	0	false	dominant=EUR proportion=1.000 margin=1.000 overlap=11796 residual=0.0088
GCST90200045	GCST90200045	European	EUR	af_assigned	ukb-ancestry-mixture-hg38	27644	EUR	1	1	0.010398	ok	0	0	0	1	0	0	0	false	dominant=EUR proportion=1.000 margin=1.000 overlap=27644 residual=0.0104
GCST90200046	GCST90200046	European	EUR	af_assigned	ukb-ancestry-mixture-hg38	17955	EUR	1	1	0.0101571	ok	0	0	0	1	0	0	0	false	dominant=EUR proportion=1.000 margin=1.000 overlap=17955 residual=0.0102
GCST90200047	GCST90200047	European	EUR	af_assigned	ukb-ancestry-mixture-hg38	23348	EUR	0.999103	0.998205	0.00917536	ok	0	0.000897418	0	0.999103	0	0	0	false	dominant=EUR proportion=0.999 margin=0.998 overlap=23348 residual=0.0092
GCST90200048	GCST90200048	European	EUR	af_assigned	ukb-ancestry-mixture-hg38	12926	EUR	0.998557	0.997113	0.0101464	ok	0	0.00144327	0	0.998557	0	0	0	false	dominant=EUR proportion=0.999 margin=0.997 overlap=12926 residual=0.0101
GCST90200049	GCST90200049	European	EUR	af_assigned	ukb-ancestry-mixture-hg38	12236	EUR	1	1	0.00870295	ok	0	0	0	1	0	0	0	false	dominant=EUR proportion=1.000 margin=1.000 overlap=12236 residual=0.0087
GCST90200050	GCST90200050	European	EUR	af_assigned	ukb-ancestry-mixture-hg38	15950	EUR	1	1	0.00924969	ok	0	0	0	1	0	0	0	false	dominant=EUR proportion=1.000 margin=1.000 overlap=15950 residual=0.0092
GCST90200051	GCST90200051	European	EUR	af_assigned	ukb-ancestry-mixture-hg38	13644	EUR	0.998245	0.996489	0.00862335	ok	0	0.00175533	0	0.998245	0	0	0	false	dominant=EUR proportion=0.998 margin=0.996 overlap=13644 residual=0.0086
GCST90200052	GCST90200052	European	EUR	af_assigned	ukb-ancestry-mixture-hg38	17426	EUR	0.996558	0.993377	0.00811031	ok	0.000260247	0.00318141	0	0.996558	0	0	0	false	dominant=EUR proportion=0.997 margin=0.993 overlap=17426 residual=0.0081
GCST90200053	GCST90200053	European	EUR	af_assigned	ukb-ancestry-mixture-hg38	17416	EUR	1	1	0.00800583	ok	0	0	0	1	0	0	0	false	dominant=EUR proportion=1.000 margin=1.000 overlap=17416 residual=0.0080
GCST90200054	GCST90200054	European	EUR	af_assigned	ukb-ancestry-mixture-hg38	26853	EUR	1	1	0.0104813	ok	0	0	0	1	0	0	0	false	dominant=EUR proportion=1.000 margin=1.000 overlap=26853 residual=0.0105
GCST90200055	GCST90200055	European	EUR	af_assigned	ukb-ancestry-mixture-hg38	22720	EUR	0.999274	0.998549	0.0101956	ok	0	0.000725529	0	0.999274	0	0	0	false	dominant=EUR proportion=0.999 margin=0.999 overlap=22720 residual=0.0102
GCST90200056	GCST90200056	European	EUR	af_assigned	ukb-ancestry-mixture-hg38	12130	EUR	1	1	0.00873175	ok	0	0	0	1	0	0	0	false	dominant=EUR proportion=1.000 margin=1.000 overlap=12130 residual=0.0087
GCST90200057	GCST90200057	European	EUR	af_assigned	ukb-ancestry-mixture-hg38	20324	EUR	0.994889	0.989777	0.00840685	ok	0	0.00511138	0	0.994889	0	0	0	false	dominant=EUR proportion=0.995 margin=0.990 overlap=20324 residual=0.0084
GCST90200058	GCST90200058	European	EUR	af_assigned	ukb-ancestry-mixture-hg38	23464	EUR	0.998511	0.997022	0.00899259	ok	0	0.00148918	0	0.998511	0	0	0	false	dominant=EUR proportion=0.999 margin=0.997 overlap=23464 residual=0.0090
GCST90200059	GCST90200059	European	EUR	af_assigned	ukb-ancestry-mixture-hg38	27833	EUR	1	1	0.00921673	ok	0	0	0	1	0	0	0	false	dominant=EUR proportion=1.000 margin=1.000 overlap=27833 residual=0.0092
GCST90200060	GCST90200060	European	EUR	af_assigned	ukb-ancestry-mixture-hg38	17304	EUR	0.996708	0.993416	0.00877421	ok	0	0.00329211	0	0.996708	0	0	0	false	dominant=EUR proportion=0.997 margin=0.993 overlap=17304 residual=0.0088
GCST90200061	GCST90200061	European	EUR	af_assigned	ukb-ancestry-mixture-hg38	12897	EUR	0.998493	0.996987	0.0101339	ok	0	0.00150665	0	0.998493	0	0	0	false	dominant=EUR proportion=0.998 margin=0.997 overlap=12897 residual=0.0101
GCST90200062	GCST90200062	European	EUR	af_assigned	ukb-ancestry-mixture-hg38	19264	EUR	1	1	0.00966414	ok	0	0	0	1	0	0	0	false	dominant=EUR proportion=1.000 margin=1.000 overlap=19264 residual=0.0097
GCST90200063	GCST90200063	European	EUR	af_assigned	ukb-ancestry-mixture-hg38	25480	EUR	1	1	0.0108159	ok	0	0	0	1	0	0	0	false	dominant=EUR proportion=1.000 margin=1.000 overlap=25480 residual=0.0108
GCST90200064	GCST90200064	European	EUR	af_assigned	ukb-ancestry-mixture-hg38	12177	EUR	1	1	0.0124164	ok	0	0	0	1	0	0	0	false	dominant=EUR proportion=1.000 margin=1.000 overlap=12177 residual=0.0124
GCST90200065	GCST90200065	European	EUR	af_assigned	ukb-ancestry-mixture-hg38	21692	EUR	1	1	0.0109572	ok	0	0	0	1	0	0	0	false	dominant=EUR proportion=1.000 margin=1.000 overlap=21692 residual=0.0110
GCST90200066	GCST90200066	European	EUR	af_assigned	ukb-ancestry-mixture-hg38	8058	EUR	1	1	0.00951666	ok	0	0	0	1	0	0	0	false	dominant=EUR proportion=1.000 margin=1.000 overlap=8058 residual=0.0095
GCST90200067	GCST90200067	European	EUR	af_assigned	ukb-ancestry-mixture-hg38	28885	EUR	0.998834	0.997669	0.00910539	ok	0	0.00116564	0	0.998834	0	0	0	false	dominant=EUR proportion=0.999 margin=0.998 overlap=28885 residual=0.0091
GCST90200068	GCST90200068	European	EUR	af_assigned	ukb-ancestry-mixture-hg38	17855	EUR	0.999983	0.999966	0.00947703	ok	0	1.71481e-05	0	0.999983	0	0	0	false	dominant=EUR proportion=1.000 margin=1.000 overlap=17855 residual=0.0095
GCST90200069	GCST90200069	European	EUR	af_assigned	ukb-ancestry-mixture-hg38	13124	EUR	0.999708	0.999417	0.00882058	ok	0	0.000291569	0	0.999708	0	0	0	false	dominant=EUR proportion=1.000 margin=0.999 overlap=13124 residual=0.0088
GCST90200070	GCST90200070	European	EUR	af_assigned	ukb-ancestry-mixture-hg38	28655	EUR	0.998768	0.99782	0.00866248	ok	0.00028409	0.000948113	0	0.998768	0	0	0	false	dominant=EUR proportion=0.999 margin=0.998 overlap=28655 residual=0.0087
GCST90200071	GCST90200071	European	EUR	af_assigned	ukb-ancestry-mixture-hg38	8064	EUR	1	1	0.0095294	ok	0	0	0	1	0	0	0	false	dominant=EUR proportion=1.000 margin=1.000 overlap=8064 residual=0.0095
GCST90200072	GCST90200072	European	EUR	af_assigned	ukb-ancestry-mixture-hg38	14789	EUR	1	1	0.0085572	ok	0	0	0	1	0	0	0	false	dominant=EUR proportion=1.000 margin=1.000 overlap=14789 residual=0.0086
GCST90200073	GCST90200073	European	EUR	af_assigned	ukb-ancestry-mixture-hg38	31379	EUR	1	1	0.0101593	ok	0	0	0	1	0	0	0	false	dominant=EUR proportion=1.000 margin=1.000 overlap=31379 residual=0.0102
GCST90200074	GCST90200074	European	EUR	af_assigned	ukb-ancestry-mixture-hg38	13691	EUR	0.996465	0.992931	0.0086465	ok	0	0.00353456	0	0.996465	0	0	0	false	dominant=EUR proportion=0.996 margin=0.993 overlap=13691 residual=0.0086
GCST90200075	GCST90200075	European	EUR	af_assigned	ukb-ancestry-mixture-hg38	15666	EUR	0.996741	0.994304	0.00972477	ok	0.00082087	0.00243765	0	0.996741	0	0	0	false	dominant=EUR proportion=0.997 margin=0.994 overlap=15666 residual=0.0097
GCST90200076	GCST90200076	European	EUR	af_assigned	ukb-ancestry-mixture-hg38	19263	EUR	0.998581	0.997162	0.00927421	ok	0	0.00141891	0	0.998581	0	0	0	false	dominant=EUR proportion=0.999 margin=0.997 overlap=19263 residual=0.0093
GCST90200077	GCST90200077	European	EUR	af_assigned	ukb-ancestry-mixture-hg38	32888	EUR	1	1	0.0109533	ok	0	0	0	1	0	0	0	false	dominant=EUR proportion=1.000 margin=1.000 overlap=32888 residual=0.0110
GCST90200078	GCST90200078	European	EUR	af_assigned	ukb-ancestry-mixture-hg38	24762	EUR	1	1	0.00870345	ok	0	0	0	1	0	0	0	false	dominant=EUR proportion=1.000 margin=1.000 overlap=24762 residual=0.0087
GCST90200079	GCST90200079	European	EUR	af_assigned	ukb-ancestry-mixture-hg38	27750	EUR	1	1	0.0103759	ok	0	0	0	1	0	0	0	false	dominant=EUR proportion=1.000 margin=1.000 overlap=27750 residual=0.0104
GCST90200080	GCST90200080	European	EUR	af_assigned	ukb-ancestry-mixture-hg38	23236	EUR	1	1	0.00942971	ok	0	0	0	1	0	0	0	false	dominant=EUR proportion=1.000 margin=1.000 overlap=23236 residual=0.0094
GCST90200081	GCST90200081	European	EUR	af_assigned	ukb-ancestry-mixture-hg38	26302	EUR	1	1	0.0112212	ok	0	0	0	1	0	0	0	false	dominant=EUR proportion=1.000 margin=1.000 overlap=26302 residual=0.0112
GCST90200082	GCST90200082	European	EUR	af_assigned	ukb-ancestry-mixture-hg38	19439	EUR	1	1	0.00897963	ok	0	0	0	1	0	0	0	false	dominant=EUR proportion=1.000 margin=1.000 overlap=19439 residual=0.0090
GCST90200083	GCST90200083	European	EUR	af_assigned	ukb-ancestry-mixture-hg38	29322	EUR	0.998573	0.997146	0.00859812	ok	0	0.00142692	0	0.998573	0	0	0	false	dominant=EUR proportion=0.999 margin=0.997 overlap=29322 residual=0.0086
GCST90200084	GCST90200084	European	EUR	af_assigned	ukb-ancestry-mixture-hg38	8058	EUR	1	1	0.00954041	ok	0	0	0	1	0	0	0	false	dominant=EUR proportion=1.000 margin=1.000 overlap=8058 residual=0.0095
GCST90200085	GCST90200085	European	EUR	af_assigned	ukb-ancestry-mixture-hg38	26348	EUR	1	1	0.00836626	ok	0	0	0	1	0	0	0	false	dominant=EUR proportion=1.000 margin=1.000 overlap=26348 residual=0.0084
GCST90200086	GCST90200086	European	EUR	af_assigned	ukb-ancestry-mixture-hg38	12492	EUR	0.999048	0.998096	0.00889191	ok	0.000951873	0	0	0.999048	0	0	0	false	dominant=EUR proportion=0.999 margin=0.998 overlap=12492 residual=0.0089
GCST90200087	GCST90200087	European	EUR	af_assigned	ukb-ancestry-mixture-hg38	8056	EUR	1	1	0.00955976	ok	0	0	0	1	0	0	0	false	dominant=EUR proportion=1.000 margin=1.000 overlap=8056 residual=0.0096
GCST90200088	GCST90200088	European	EUR	af_assigned	ukb-ancestry-mixture-hg38	16065	EUR	0.998326	0.996653	0.00984154	ok	0	0.00167366	0	0.998326	0	0	0	false	dominant=EUR proportion=0.998 margin=0.997 overlap=16065 residual=0.0098
GCST90200089	GCST90200089	European	EUR	af_assigned	ukb-ancestry-mixture-hg38	27593	EUR	0.997875	0.99575	0.0104963	ok	0	0.0021249	0	0.997875	0	0	0	false	dominant=EUR proportion=0.998 margin=0.996 overlap=27593 residual=0.0105
GCST90200090	GCST90200090	European	EUR	af_assigned	ukb-ancestry-mixture-hg38	13527	EUR	0.997588	0.996137	0.00867829	ok	0.00145085	0.000961444	0	0.997588	0	0	0	false	dominant=EUR proportion=0.998 margin=0.996 overlap=13527 residual=0.0087
GCST90200091	GCST90200091	European	EUR	af_assigned	ukb-ancestry-mixture-hg38	8055	EUR	1	1	0.00959375	ok	0	0	0	1	0	0	0	false	dominant=EUR proportion=1.000 margin=1.000 overlap=8055 residual=0.0096
GCST90200092	GCST90200092	European	EUR	af_assigned	ukb-ancestry-mixture-hg38	8057	EUR	1	1	0.0100621	ok	0	0	0	1	0	0	0	false	dominant=EUR proportion=1.000 margin=1.000 overlap=8057 residual=0.0101
GCST90200093	GCST90200093	European	EUR	af_assigned	ukb-ancestry-mixture-hg38	16320	EUR	1	1	0.00857065	ok	0	0	0	1	0	0	0	false	dominant=EUR proportion=1.000 margin=1.000 overlap=16320 residual=0.0086
GCST90200094	GCST90200094	European	EUR	af_assigned	ukb-ancestry-mixture-hg38	16059	EUR	1	1	0.00936964	ok	0	0	0	1	0	0	0	false	dominant=EUR proportion=1.000 margin=1.000 overlap=16059 residual=0.0094
GCST90200095	GCST90200095	European	EUR	af_assigned	ukb-ancestry-mixture-hg38	10837	EUR	0.998595	0.997398	0.00904422	ok	0.000207071	0.00119744	0	0.998595	0	0	0	false	dominant=EUR proportion=0.999 margin=0.997 overlap=10837 residual=0.0090
GCST90200096	GCST90200096	European	EUR	af_assigned	ukb-ancestry-mixture-hg38	8059	EUR	1	1	0.00997817	ok	0	0	0	1	0	0	0	false	dominant=EUR proportion=1.000 margin=1.000 overlap=8059 residual=0.0100
GCST90200097	GCST90200097	European	EUR	af_assigned	ukb-ancestry-mixture-hg38	10909	EUR	0.991878	0.983756	0.00992371	ok	0	0	0	0.991878	0	0.00812196	0	false	dominant=EUR proportion=0.992 margin=0.984 overlap=10909 residual=0.0099
GCST90200098	GCST90200098	European	EUR	af_assigned	ukb-ancestry-mixture-hg38	30101	EUR	0.998139	0.996279	0.0105816	ok	0	0.00186073	0	0.998139	0	0	0	false	dominant=EUR proportion=0.998 margin=0.996 overlap=30101 residual=0.0106
GCST90200099	GCST90200099	European	EUR	af_assigned	ukb-ancestry-mixture-hg38	15917	EUR	0.998576	0.997152	0.00824093	ok	0	0.00142375	0	0.998576	0	0	0	false	dominant=EUR proportion=0.999 margin=0.997 overlap=15917 residual=0.0082
GCST90200100	GCST90200100	European	EUR	af_assigned	ukb-ancestry-mixture-hg38	16346	EUR	1	1	0.00824006	ok	0	0	0	1	0	0	0	false	dominant=EUR proportion=1.000 margin=1.000 overlap=16346 residual=0.0082
GCST90200101	GCST90200101	European	EUR	af_assigned	ukb-ancestry-mixture-hg38	27135	EUR	0.995897	0.991793	0.011411	ok	0	0.00410344	0	0.995897	0	0	0	false	dominant=EUR proportion=0.996 margin=0.992 overlap=27135 residual=0.0114
GCST90200102	GCST90200102	European	EUR	af_assigned	ukb-ancestry-mixture-hg38	17195	EUR	0.998618	0.997551	0.00830525	ok	0.000313788	0.00106772	0	0.998618	0	0	0	false	dominant=EUR proportion=0.999 margin=0.998 overlap=17195 residual=0.0083
GCST90200103	GCST90200103	European	EUR	af_assigned	ukb-ancestry-mixture-hg38	22764	EUR	1	1	0.00842962	ok	0	0	0	1	0	0	0	false	dominant=EUR proportion=1.000 margin=1.000 overlap=22764 residual=0.0084
GCST90200104	GCST90200104	European	EUR	af_assigned	ukb-ancestry-mixture-hg38	8051	EUR	1	1	0.00952133	ok	0	0	0	1	0	0	0	false	dominant=EUR proportion=1.000 margin=1.000 overlap=8051 residual=0.0095
GCST90200105	GCST90200105	European	EUR	af_assigned	ukb-ancestry-mixture-hg38	24219	EUR	0.999726	0.999453	0.00825426	ok	0	0.00027371	0	0.999726	0	0	0	false	dominant=EUR proportion=1.000 margin=0.999 overlap=24219 residual=0.0083
GCST90200106	GCST90200106	European	EUR	af_assigned	ukb-ancestry-mixture-hg38	14158	EUR	0.997931	0.996229	0.00936342	ok	0.000368307	0.00170118	0	0.997931	0	0	0	false	dominant=EUR proportion=0.998 margin=0.996 overlap=14158 residual=0.0094
GCST90200107	GCST90200107	European	EUR	af_assigned	ukb-ancestry-mixture-hg38	13435	EUR	0.998019	0.996686	0.0084863	ok	0	0.00133312	0.000648058	0.998019	0	0	0	false	dominant=EUR proportion=0.998 margin=0.997 overlap=13435 residual=0.0085
GCST90200108	GCST90200108	European	EUR	af_assigned	ukb-ancestry-mixture-hg38	8058	EUR	1	1	0.00955326	ok	0	0	0	1	0	0	0	false	dominant=EUR proportion=1.000 margin=1.000 overlap=8058 residual=0.0096
GCST90200109	GCST90200109	European	EUR	af_assigned	ukb-ancestry-mixture-hg38	23126	EUR	1	1	0.00907207	ok	0	0	0	1	0	0	0	false	dominant=EUR proportion=1.000 margin=1.000 overlap=23126 residual=0.0091
GCST90200110	GCST90200110	European	EUR	af_assigned	ukb-ancestry-mixture-hg38	13870	EUR	0.999922	0.999844	0.00846294	ok	7.7873e-05	0	0	0.999922	0	0	0	false	dominant=EUR proportion=1.000 margin=1.000 overlap=13870 residual=0.0085
GCST90200111	GCST90200111	European	EUR	af_assigned	ukb-ancestry-mixture-hg38	16685	EUR	1	1	0.0101399	ok	0	0	0	1	0	0	0	false	dominant=EUR proportion=1.000 margin=1.000 overlap=16685 residual=0.0101
GCST90200112	GCST90200112	European	EUR	af_assigned	ukb-ancestry-mixture-hg38	8056	EUR	1	1	0.00954444	ok	0	0	0	1	0	0	0	false	dominant=EUR proportion=1.000 margin=1.000 overlap=8056 residual=0.0095
GCST90200113	GCST90200113	European	EUR	af_assigned	ukb-ancestry-mixture-hg38	8065	EUR	1	1	0.00962595	ok	0	0	0	1	0	0	0	false	dominant=EUR proportion=1.000 margin=1.000 overlap=8065 residual=0.0096
GCST90200114	GCST90200114	European	EUR	af_assigned	ukb-ancestry-mixture-hg38	19734	EUR	1	1	0.00864934	ok	0	0	0	1	0	0	0	false	dominant=EUR proportion=1.000 margin=1.000 overlap=19734 residual=0.0086
GCST90200115	GCST90200115	European	EUR	af_assigned	ukb-ancestry-mixture-hg38	16657	EUR	0.999832	0.999663	0.00813334	ok	0.000168367	0	0	0.999832	0	0	0	false	dominant=EUR proportion=1.000 margin=1.000 overlap=16657 residual=0.0081
GCST90200116	GCST90200116	European	EUR	af_assigned	ukb-ancestry-mixture-hg38	16461	EUR	0.998959	0.997918	0.0079669	ok	0.00104087	0	0	0.998959	0	0	0	false	dominant=EUR proportion=0.999 margin=0.998 overlap=16461 residual=0.0080
GCST90200117	GCST90200117	European	EUR	af_assigned	ukb-ancestry-mixture-hg38	26750	EUR	1	1	0.00857888	ok	0	0	0	1	0	0	0	false	dominant=EUR proportion=1.000 margin=1.000 overlap=26750 residual=0.0086
GCST90200118	GCST90200118	European	EUR	af_assigned	ukb-ancestry-mixture-hg38	19002	EUR	1	1	0.00937189	ok	0	0	0	1	0	0	0	false	dominant=EUR proportion=1.000 margin=1.000 overlap=19002 residual=0.0094
GCST90200119	GCST90200119	European	EUR	af_assigned	ukb-ancestry-mixture-hg38	27139	EUR	0.998144	0.996711	0.00893664	ok	0	0.00143238	0.000423757	0.998144	0	0	0	false	dominant=EUR proportion=0.998 margin=0.997 overlap=27139 residual=0.0089
GCST90200120	GCST90200120	European	EUR	af_assigned	ukb-ancestry-mixture-hg38	11805	EUR	1	1	0.0095784	ok	0	0	0	1	0	0	0	false	dominant=EUR proportion=1.000 margin=1.000 overlap=11805 residual=0.0096
GCST90200121	GCST90200121	European	EUR	af_assigned	ukb-ancestry-mixture-hg38	11938	EUR	0.999289	0.998577	0.00861665	ok	0.000711351	0	0	0.999289	0	0	0	false	dominant=EUR proportion=0.999 margin=0.999 overlap=11938 residual=0.0086
GCST90200122	GCST90200122	European	EUR	af_assigned	ukb-ancestry-mixture-hg38	15205	EUR	1	1	0.0114708	ok	0	0	0	1	0	0	0	false	dominant=EUR proportion=1.000 margin=1.000 overlap=15205 residual=0.0115
GCST90200123	GCST90200123	European	EUR	af_assigned	ukb-ancestry-mixture-hg38	35025	EUR	0.999649	0.999297	0.00905988	ok	0	0	0.000351399	0.999649	0	0	0	false	dominant=EUR proportion=1.000 margin=0.999 overlap=35025 residual=0.0091
GCST90200124	GCST90200124	European	EUR	af_assigned	ukb-ancestry-mixture-hg38	8063	EUR	1	1	0.00952263	ok	0	0	0	1	0	0	0	false	dominant=EUR proportion=1.000 margin=1.000 overlap=8063 residual=0.0095
GCST90200125	GCST90200125	European	EUR	af_assigned	ukb-ancestry-mixture-hg38	19593	EUR	0.999768	0.999536	0.00788094	ok	0.000232044	0	0	0.999768	0	0	0	false	dominant=EUR proportion=1.000 margin=1.000 overlap=19593 residual=0.0079
GCST90200126	GCST90200126	European	EUR	af_assigned	ukb-ancestry-mixture-hg38	16863	EUR	0.999153	0.998306	0.00982126	ok	0	0	0.000847042	0.999153	0	0	0	false	dominant=EUR proportion=0.999 margin=0.998 overlap=16863 residual=0.0098
GCST90200127	GCST90200127	European	EUR	af_assigned	ukb-ancestry-mixture-hg38	27048	EUR	1	1	0.0111757	ok	0	0	0	1	0	0	0	false	dominant=EUR proportion=1.000 margin=1.000 overlap=27048 residual=0.0112
GCST90200128	GCST90200128	European	EUR	af_assigned	ukb-ancestry-mixture-hg38	8050	EUR	1	1	0.00951996	ok	0	0	0	1	0	0	0	false	dominant=EUR proportion=1.000 margin=1.000 overlap=8050 residual=0.0095
GCST90200129	GCST90200129	European	EUR	af_assigned	ukb-ancestry-mixture-hg38	34134	EUR	0.999727	0.999454	0.00776824	ok	0.000273083	0	0	0.999727	0	0	0	false	dominant=EUR proportion=1.000 margin=0.999 overlap=34134 residual=0.0078
GCST90200130	GCST90200130	European	EUR	af_assigned	ukb-ancestry-mixture-hg38	8059	EUR	1	1	0.00953113	ok	0	0	0	1	0	0	0	false	dominant=EUR proportion=1.000 margin=1.000 overlap=8059 residual=0.0095
GCST90200131	GCST90200131	European	EUR	af_assigned	ukb-ancestry-mixture-hg38	25262	EUR	0.997121	0.994241	0.00834203	ok	0	0	0.00287945	0.997121	0	0	0	false	dominant=EUR proportion=0.997 margin=0.994 overlap=25262 residual=0.0083
GCST90200132	GCST90200132	European	EUR	af_assigned	ukb-ancestry-mixture-hg38	22890	EUR	0.99487	0.989741	0.00798513	ok	0	0.00512968	0	0.99487	0	0	0	false	dominant=EUR proportion=0.995 margin=0.990 overlap=22890 residual=0.0080
GCST90200133	GCST90200133	European	EUR	af_assigned	ukb-ancestry-mixture-hg38	13271	EUR	0.99978	0.999559	0.00987931	ok	0	0	0.000220305	0.99978	0	0	0	false	dominant=EUR proportion=1.000 margin=1.000 overlap=13271 residual=0.0099
GCST90200134	GCST90200134	European	EUR	af_assigned	ukb-ancestry-mixture-hg38	19718	EUR	0.999917	0.999833	0.00836926	ok	0	0	8.33869e-05	0.999917	0	0	0	false	dominant=EUR proportion=1.000 margin=1.000 overlap=19718 residual=0.0084
GCST90200135	GCST90200135	European	EUR	af_assigned	ukb-ancestry-mixture-hg38	20958	EUR	0.996995	0.99399	0.00877582	ok	0	0.00300503	0	0.996995	0	0	0	false	dominant=EUR proportion=0.997 margin=0.994 overlap=20958 residual=0.0088
GCST90200136	GCST90200136	European	EUR	af_assigned	ukb-ancestry-mixture-hg38	37186	EUR	1	1	0.00962915	ok	0	0	0	1	0	0	0	false	dominant=EUR proportion=1.000 margin=1.000 overlap=37186 residual=0.0096
GCST90200137	GCST90200137	European	EUR	af_assigned	ukb-ancestry-mixture-hg38	32315	EUR	0.999266	0.998532	0.0118881	ok	0	0.000734199	0	0.999266	0	0	0	false	dominant=EUR proportion=0.999 margin=0.999 overlap=32315 residual=0.0119
GCST90200138	GCST90200138	European	EUR	af_assigned	ukb-ancestry-mixture-hg38	10787	EUR	1	1	0.0100841	ok	0	0	0	1	0	0	0	false	dominant=EUR proportion=1.000 margin=1.000 overlap=10787 residual=0.0101
GCST90200139	GCST90200139	European	EUR	af_assigned	ukb-ancestry-mixture-hg38	44908	EUR	0.999148	0.998296	0.00809155	ok	0	0.00085193	0	0.999148	0	0	0	false	dominant=EUR proportion=0.999 margin=0.998 overlap=44908 residual=0.0081
GCST90200140	GCST90200140	European	EUR	af_assigned	ukb-ancestry-mixture-hg38	24578	EUR	0.999647	0.999293	0.00954863	ok	0.000353436	0	0	0.999647	0	0	0	false	dominant=EUR proportion=1.000 margin=0.999 overlap=24578 residual=0.0095
GCST90200141	GCST90200141	European	EUR	af_assigned	ukb-ancestry-mixture-hg38	8063	EUR	1	1	0.00966946	ok	0	0	0	1	0	0	0	false	dominant=EUR proportion=1.000 margin=1.000 overlap=8063 residual=0.0097
GCST90200142	GCST90200142	European	EUR	af_assigned	ukb-ancestry-mixture-hg38	23455	EUR	0.998536	0.997374	0.00961448	ok	0.000301206	0.00116257	0	0.998536	0	0	0	false	dominant=EUR proportion=0.999 margin=0.997 overlap=23455 residual=0.0096
GCST90200143	GCST90200143	European	EUR	af_assigned	ukb-ancestry-mixture-hg38	25433	EUR	0.99614	0.99228	0.0129521	ok	0	0.00386005	0	0.99614	0	0	0	false	dominant=EUR proportion=0.996 margin=0.992 overlap=25433 residual=0.0130
GCST90200144	GCST90200144	European	EUR	af_assigned	ukb-ancestry-mixture-hg38	23013	EUR	0.997544	0.995088	0.00762531	ok	0	0.00245616	0	0.997544	0	0	0	false	dominant=EUR proportion=0.998 margin=0.995 overlap=23013 residual=0.0076
GCST90200145	GCST90200145	European	EUR	af_assigned	ukb-ancestry-mixture-hg38	27986	EUR	1	1	0.00835297	ok	0	0	0	1	0	0	0	false	dominant=EUR proportion=1.000 margin=1.000 overlap=27986 residual=0.0084
GCST90200146	GCST90200146	European	EUR	af_assigned	ukb-ancestry-mixture-hg38	23455	EUR	1	1	0.0107102	ok	0	0	0	1	0	0	0	false	dominant=EUR proportion=1.000 margin=1.000 overlap=23455 residual=0.0107
GCST90200147	GCST90200147	European	EUR	af_assigned	ukb-ancestry-mixture-hg38	30662	EUR	1	1	0.00985733	ok	0	0	0	1	0	0	0	false	dominant=EUR proportion=1.000 margin=1.000 overlap=30662 residual=0.0099
GCST90200148	GCST90200148	European	EUR	af_assigned	ukb-ancestry-mixture-hg38	21587	EUR	0.999001	0.998001	0.00751256	ok	0	0.000999363	0	0.999001	0	0	0	false	dominant=EUR proportion=0.999 margin=0.998 overlap=21587 residual=0.0075
GCST90200149	GCST90200149	European	EUR	af_assigned	ukb-ancestry-mixture-hg38	30843	EUR	1	1	0.0101453	ok	0	0	0	1	0	0	0	false	dominant=EUR proportion=1.000 margin=1.000 overlap=30843 residual=0.0101
GCST90200150	GCST90200150	European	EUR	af_assigned	ukb-ancestry-mixture-hg38	43730	EUR	0.999321	0.998642	0.00889121	ok	0	0.000678983	0	0.999321	0	0	0	false	dominant=EUR proportion=0.999 margin=0.999 overlap=43730 residual=0.0089
GCST90200151	GCST90200151	European	EUR	af_assigned	ukb-ancestry-mixture-hg38	15191	EUR	0.99605	0.992101	0.00997325	ok	0	0	0	0.99605	0.00394965	0	0	false	dominant=EUR proportion=0.996 margin=0.992 overlap=15191 residual=0.0100
GCST90200152	GCST90200152	European	EUR	af_assigned	ukb-ancestry-mixture-hg38	18847	EUR	1	1	0.00986596	ok	0	0	0	1	0	0	0	false	dominant=EUR proportion=1.000 margin=1.000 overlap=18847 residual=0.0099
GCST90200153	GCST90200153	European	EUR	af_assigned	ukb-ancestry-mixture-hg38	27021	EUR	0.999344	0.998689	0.00833429	ok	0	0.000655532	0	0.999344	0	0	0	false	dominant=EUR proportion=0.999 margin=0.999 overlap=27021 residual=0.0083
GCST90200154	GCST90200154	European	EUR	af_assigned	ukb-ancestry-mixture-hg38	17446	EUR	0.999757	0.999618	0.00833012	ok	0	0.000138906	0.000103948	0.999757	0	0	0	false	dominant=EUR proportion=1.000 margin=1.000 overlap=17446 residual=0.0083
GCST90200155	GCST90200155	European	EUR	af_assigned	ukb-ancestry-mixture-hg38	8056	EUR	1	1	0.00974046	ok	0	0	0	1	0	0	0	false	dominant=EUR proportion=1.000 margin=1.000 overlap=8056 residual=0.0097
GCST90200156	GCST90200156	European	EUR	af_assigned	ukb-ancestry-mixture-hg38	19046	EUR	0.999743	0.999485	0.00878261	ok	0.000257381	0	0	0.999743	0	0	0	false	dominant=EUR proportion=1.000 margin=0.999 overlap=19046 residual=0.0088
GCST90200157	GCST90200157	European	EUR	af_assigned	ukb-ancestry-mixture-hg38	19895	EUR	1	1	0.00834127	ok	0	0	0	1	0	0	0	false	dominant=EUR proportion=1.000 margin=1.000 overlap=19895 residual=0.0083
GCST90200158	GCST90200158	European	EUR	af_assigned	ukb-ancestry-mixture-hg38	13226	EUR	0.996786	0.993573	0.00866642	ok	0	0.00321365	0	0.996786	0	0	0	false	dominant=EUR proportion=0.997 margin=0.994 overlap=13226 residual=0.0087
GCST90200159	GCST90200159	European	EUR	af_assigned	ukb-ancestry-mixture-hg38	20037	EUR	0.998817	0.997633	0.00995894	ok	0	0.00118344	0	0.998817	0	0	0	false	dominant=EUR proportion=0.999 margin=0.998 overlap=20037 residual=0.0100
GCST90200160	GCST90200160	European	EUR	af_assigned	ukb-ancestry-mixture-hg38	14432	EUR	1	1	0.0087853	ok	0	0	0	1	0	0	0	false	dominant=EUR proportion=1.000 margin=1.000 overlap=14432 residual=0.0088
GCST90200161	GCST90200161	European	EUR	af_assigned	ukb-ancestry-mixture-hg38	8060	EUR	1	1	0.00952602	ok	0	0	0	1	0	0	0	false	dominant=EUR proportion=1.000 margin=1.000 overlap=8060 residual=0.0095
GCST90200162	GCST90200162	European	EUR	af_assigned	ukb-ancestry-mixture-hg38	8051	EUR	1	1	0.00980267	ok	0	0	0	1	0	0	0	false	dominant=EUR proportion=1.000 margin=1.000 overlap=8051 residual=0.0098
GCST90200163	GCST90200163	European	EUR	af_assigned	ukb-ancestry-mixture-hg38	8051	EUR	1	1	0.00952129	ok	0	0	0	1	0	0	0	false	dominant=EUR proportion=1.000 margin=1.000 overlap=8051 residual=0.0095
GCST90200164	GCST90200164	European	EUR	af_assigned	ukb-ancestry-mixture-hg38	14139	EUR	0.99568	0.991359	0.00860047	ok	0	0.00432032	0	0.99568	0	0	0	false	dominant=EUR proportion=0.996 margin=0.991 overlap=14139 residual=0.0086
GCST90200165	GCST90200165	European	EUR	af_assigned	ukb-ancestry-mixture-hg38	18864	EUR	0.996224	0.992448	0.00921213	ok	0	0.00377593	0	0.996224	0	0	0	false	dominant=EUR proportion=0.996 margin=0.992 overlap=18864 residual=0.0092
GCST90200166	GCST90200166	European	EUR	af_assigned	ukb-ancestry-mixture-hg38	8067	EUR	1	1	0.00996031	ok	0	0	0	1	0	0	0	false	dominant=EUR proportion=1.000 margin=1.000 overlap=8067 residual=0.0100
GCST90200167	GCST90200167	European	EUR	af_assigned	ukb-ancestry-mixture-hg38	12475	EUR	1	1	0.0104766	ok	0	0	0	1	0	0	0	false	dominant=EUR proportion=1.000 margin=1.000 overlap=12475 residual=0.0105
GCST90200168	GCST90200168	European	EUR	af_assigned	ukb-ancestry-mixture-hg38	12036	EUR	0.999648	0.999295	0.00881617	ok	0	0	0.000352274	0.999648	0	0	0	false	dominant=EUR proportion=1.000 margin=0.999 overlap=12036 residual=0.0088
GCST90200169	GCST90200169	European	EUR	af_assigned	ukb-ancestry-mixture-hg38	16527	EUR	1	1	0.00806955	ok	0	0	0	1	0	0	0	false	dominant=EUR proportion=1.000 margin=1.000 overlap=16527 residual=0.0081
GCST90200170	GCST90200170	European	EUR	af_assigned	ukb-ancestry-mixture-hg38	24284	EUR	0.997811	0.996046	0.00901267	ok	0.00176487	0.000423945	0	0.997811	0	0	0	false	dominant=EUR proportion=0.998 margin=0.996 overlap=24284 residual=0.0090
GCST90200171	GCST90200171	European	EUR	af_assigned	ukb-ancestry-mixture-hg38	10013	EUR	1	1	0.0120648	ok	0	0	0	1	0	0	0	false	dominant=EUR proportion=1.000 margin=1.000 overlap=10013 residual=0.0121
GCST90200172	GCST90200172	European	EUR	af_assigned	ukb-ancestry-mixture-hg38	24549	EUR	1	1	0.0097718	ok	0	0	0	1	0	0	0	false	dominant=EUR proportion=1.000 margin=1.000 overlap=24549 residual=0.0098
GCST90200173	GCST90200173	European	EUR	af_assigned	ukb-ancestry-mixture-hg38	12471	EUR	1	1	0.0104527	ok	0	0	0	1	0	0	0	false	dominant=EUR proportion=1.000 margin=1.000 overlap=12471 residual=0.0105
GCST90200174	GCST90200174	European	EUR	af_assigned	ukb-ancestry-mixture-hg38	22908	EUR	0.999068	0.998136	0.00906828	ok	0	0.000932025	0	0.999068	0	0	0	false	dominant=EUR proportion=0.999 margin=0.998 overlap=22908 residual=0.0091
GCST90200175	GCST90200175	European	EUR	af_assigned	ukb-ancestry-mixture-hg38	23283	EUR	0.998468	0.996937	0.00954636	ok	0	0.00153175	0	0.998468	0	0	0	false	dominant=EUR proportion=0.998 margin=0.997 overlap=23283 residual=0.0095
GCST90200176	GCST90200176	European	EUR	af_assigned	ukb-ancestry-mixture-hg38	12471	EUR	1	1	0.0104912	ok	0	0	0	1	0	0	0	false	dominant=EUR proportion=1.000 margin=1.000 overlap=12471 residual=0.0105
GCST90200177	GCST90200177	European	EUR	af_assigned	ukb-ancestry-mixture-hg38	8052	EUR	1	1	0.00967886	ok	0	0	0	1	0	0	0	false	dominant=EUR proportion=1.000 margin=1.000 overlap=8052 residual=0.0097
GCST90200178	GCST90200178	European	EUR	af_assigned	ukb-ancestry-mixture-hg38	15809	EUR	0.999457	0.999045	0.0095354	ok	0	0.000131924	0.000411537	0.999457	0	0	0	false	dominant=EUR proportion=0.999 margin=0.999 overlap=15809 residual=0.0095
GCST90200179	GCST90200179	European	EUR	af_assigned	ukb-ancestry-mixture-hg38	14067	EUR	1	1	0.00890138	ok	0	0	0	1	0	0	0	false	dominant=EUR proportion=1.000 margin=1.000 overlap=14067 residual=0.0089
GCST90200180	GCST90200180	European	EUR	af_assigned	ukb-ancestry-mixture-hg38	11747	EUR	0.998762	0.998165	0.00957364	ok	0	0.000541336	0.000597081	0.998762	0	0	9.96185e-05	false	dominant=EUR proportion=0.999 margin=0.998 overlap=11747 residual=0.0096
GCST90200181	GCST90200181	European	EUR	af_assigned	ukb-ancestry-mixture-hg38	14417	EUR	1	1	0.00830888	ok	0	0	0	1	0	0	0	false	dominant=EUR proportion=1.000 margin=1.000 overlap=14417 residual=0.0083
GCST90200182	GCST90200182	European	EUR	af_assigned	ukb-ancestry-mixture-hg38	24426	EUR	0.998169	0.996339	0.00919807	ok	0	0.00183074	0	0.998169	0	0	0	false	dominant=EUR proportion=0.998 margin=0.996 overlap=24426 residual=0.0092
GCST90200183	GCST90200183	European	EUR	af_assigned	ukb-ancestry-mixture-hg38	21816	EUR	0.998547	0.997094	0.00886439	ok	0	0.00145312	0	0.998547	0	0	0	false	dominant=EUR proportion=0.999 margin=0.997 overlap=21816 residual=0.0089
GCST90200184	GCST90200184	European	EUR	af_assigned	ukb-ancestry-mixture-hg38	32928	EUR	1	1	0.00812695	ok	0	0	0	1	0	0	0	false	dominant=EUR proportion=1.000 margin=1.000 overlap=32928 residual=0.0081
GCST90200185	GCST90200185	European	EUR	af_assigned	ukb-ancestry-mixture-hg38	35008	EUR	1	1	0.00921878	ok	0	0	0	1	0	0	0	false	dominant=EUR proportion=1.000 margin=1.000 overlap=35008 residual=0.0092
GCST90200186	GCST90200186	European	EUR	af_assigned	ukb-ancestry-mixture-hg38	17597	EUR	1	1	0.00860998	ok	0	0	0	1	0	0	0	false	dominant=EUR proportion=1.000 margin=1.000 overlap=17597 residual=0.0086
GCST90200187	GCST90200187	European	EUR	af_assigned	ukb-ancestry-mixture-hg38	14738	EUR	0.996321	0.992641	0.011711	ok	0	0.00367925	0	0.996321	0	0	0	false	dominant=EUR proportion=0.996 margin=0.993 overlap=14738 residual=0.0117
GCST90200188	GCST90200188	European	EUR	af_assigned	ukb-ancestry-mixture-hg38	17928	EUR	0.998782	0.997802	0.00980671	ok	0	0.000979173	0.000239268	0.998782	0	0	0	false	dominant=EUR proportion=0.999 margin=0.998 overlap=17928 residual=0.0098
GCST90200189	GCST90200189	European	EUR	af_assigned	ukb-ancestry-mixture-hg38	12154	EUR	1	1	0.00912757	ok	0	0	0	1	0	0	0	false	dominant=EUR proportion=1.000 margin=1.000 overlap=12154 residual=0.0091
GCST90200190	GCST90200190	European	EUR	af_assigned	ukb-ancestry-mixture-hg38	26462	EUR	0.9968	0.993634	0.0106212	ok	0	0.00316647	0	0.9968	3.31029e-05	0	0	false	dominant=EUR proportion=0.997 margin=0.994 overlap=26462 residual=0.0106
GCST90200191	GCST90200191	European	EUR	af_assigned	ukb-ancestry-mixture-hg38	8054	EUR	1	1	0.00971586	ok	0	0	0	1	0	0	0	false	dominant=EUR proportion=1.000 margin=1.000 overlap=8054 residual=0.0097
GCST90200192	GCST90200192	European	EUR	af_assigned	ukb-ancestry-mixture-hg38	30401	EUR	0.99978	0.999561	0.00867761	ok	0.000219575	0	0	0.99978	0	0	0	false	dominant=EUR proportion=1.000 margin=1.000 overlap=30401 residual=0.0087
GCST90200193	GCST90200193	European	EUR	af_assigned	ukb-ancestry-mixture-hg38	13076	EUR	1	1	0.00846358	ok	0	0	0	1	0	0	0	false	dominant=EUR proportion=1.000 margin=1.000 overlap=13076 residual=0.0085
GCST90200194	GCST90200194	European	EUR	af_assigned	ukb-ancestry-mixture-hg38	13082	EUR	1	1	0.00933324	ok	0	0	0	1	0	0	0	false	dominant=EUR proportion=1.000 margin=1.000 overlap=13082 residual=0.0093
GCST90200195	GCST90200195	European	EUR	af_assigned	ukb-ancestry-mixture-hg38	28505	EUR	1	1	0.00987775	ok	0	0	0	1	0	0	0	false	dominant=EUR proportion=1.000 margin=1.000 overlap=28505 residual=0.0099
GCST90200196	GCST90200196	European	EUR	af_assigned	ukb-ancestry-mixture-hg38	16694	EUR	0.999704	0.999408	0.0110445	ok	0	0	0.000295974	0.999704	0	0	0	false	dominant=EUR proportion=1.000 margin=0.999 overlap=16694 residual=0.0110
GCST90200197	GCST90200197	European	EUR	af_assigned	ukb-ancestry-mixture-hg38	8053	EUR	1	1	0.00958648	ok	0	0	0	1	0	0	0	false	dominant=EUR proportion=1.000 margin=1.000 overlap=8053 residual=0.0096
GCST90200198	GCST90200198	European	EUR	af_assigned	ukb-ancestry-mixture-hg38	24193	EUR	0.999321	0.998643	0.00808297	ok	0	0.000678526	0	0.999321	0	0	0	false	dominant=EUR proportion=0.999 margin=0.999 overlap=24193 residual=0.0081
GCST90200199	GCST90200199	European	EUR	af_assigned	ukb-ancestry-mixture-hg38	12731	EUR	1	1	0.00879275	ok	0	0	0	1	0	0	0	false	dominant=EUR proportion=1.000 margin=1.000 overlap=12731 residual=0.0088
GCST90200200	GCST90200200	European	EUR	af_assigned	ukb-ancestry-mixture-hg38	13294	EUR	0.999912	0.999824	0.0109781	ok	0	8.81946e-05	0	0.999912	0	0	0	false	dominant=EUR proportion=1.000 margin=1.000 overlap=13294 residual=0.0110
GCST90200201	GCST90200201	European	EUR	af_assigned	ukb-ancestry-mixture-hg38	25464	EUR	0.997917	0.9961	0.00949414	ok	0	0.00181631	0.000266902	0.997917	0	0	0	false	dominant=EUR proportion=0.998 margin=0.996 overlap=25464 residual=0.0095
GCST90200202	GCST90200202	European	EUR	af_assigned	ukb-ancestry-mixture-hg38	16400	EUR	0.99646	0.994206	0.00958693	ok	6.88219e-05	0.00225321	0.00121826	0.99646	0	0	0	false	dominant=EUR proportion=0.996 margin=0.994 overlap=16400 residual=0.0096
GCST90200203	GCST90200203	European	EUR	af_assigned	ukb-ancestry-mixture-hg38	18078	EUR	0.997631	0.995483	0.00897301	ok	0.000221429	0.0021478	0	0.997631	0	0	0	false	dominant=EUR proportion=0.998 margin=0.995 overlap=18078 residual=0.0090
GCST90200204	GCST90200204	European	EUR	af_assigned	ukb-ancestry-mixture-hg38	8059	EUR	1	1	0.00958651	ok	0	0	0	1	0	0	0	false	dominant=EUR proportion=1.000 margin=1.000 overlap=8059 residual=0.0096
GCST90200205	GCST90200205	European	EUR	af_assigned	ukb-ancestry-mixture-hg38	20072	EUR	1	1	0.0091037	ok	0	0	0	1	0	0	0	false	dominant=EUR proportion=1.000 margin=1.000 overlap=20072 residual=0.0091
GCST90200206	GCST90200206	European	EUR	af_assigned	ukb-ancestry-mixture-hg38	11998	EUR	1	1	0.0090192	ok	0	0	0	1	0	0	0	false	dominant=EUR proportion=1.000 margin=1.000 overlap=11998 residual=0.0090
GCST90200207	GCST90200207	European	EUR	af_assigned	ukb-ancestry-mixture-hg38	22366	EUR	1	1	0.00878505	ok	0	0	0	1	0	0	0	false	dominant=EUR proportion=1.000 margin=1.000 overlap=22366 residual=0.0088
GCST90200208	GCST90200208	European	EUR	af_assigned	ukb-ancestry-mixture-hg38	12471	EUR	1	1	0.0091289	ok	0	0	0	1	0	0	0	false	dominant=EUR proportion=1.000 margin=1.000 overlap=12471 residual=0.0091
GCST90200209	GCST90200209	European	EUR	af_assigned	ukb-ancestry-mixture-hg38	10438	EUR	1	1	0.00924719	ok	0	0	0	1	0	0	0	false	dominant=EUR proportion=1.000 margin=1.000 overlap=10438 residual=0.0092
GCST90200210	GCST90200210	European	EUR	af_assigned	ukb-ancestry-mixture-hg38	8063	EUR	1	1	0.00954164	ok	0	0	0	1	0	0	0	false	dominant=EUR proportion=1.000 margin=1.000 overlap=8063 residual=0.0095
GCST90200211	GCST90200211	European	EUR	af_assigned	ukb-ancestry-mixture-hg38	11367	EUR	0.995203	0.990405	0.00958369	ok	0	0.0047974	0	0.995203	0	0	0	false	dominant=EUR proportion=0.995 margin=0.990 overlap=11367 residual=0.0096
GCST90200212	GCST90200212	European	EUR	af_assigned	ukb-ancestry-mixture-hg38	12159	EUR	1	1	0.00911681	ok	0	0	0	1	0	0	0	false	dominant=EUR proportion=1.000 margin=1.000 overlap=12159 residual=0.0091
GCST90200213	GCST90200213	European	EUR	af_assigned	ukb-ancestry-mixture-hg38	12728	EUR	0.998802	0.997604	0.00864364	ok	0	0.00119775	0	0.998802	0	0	0	false	dominant=EUR proportion=0.999 margin=0.998 overlap=12728 residual=0.0086
GCST90200214	GCST90200214	European	EUR	af_assigned	ukb-ancestry-mixture-hg38	28572	EUR	0.999016	0.998033	0.012391	ok	0.000983566	0	0	0.999016	0	0	0	false	dominant=EUR proportion=0.999 margin=0.998 overlap=28572 residual=0.0124
GCST90200215	GCST90200215	European	EUR	af_assigned	ukb-ancestry-mixture-hg38	8063	EUR	1	1	0.00952233	ok	0	0	0	1	0	0	0	false	dominant=EUR proportion=1.000 margin=1.000 overlap=8063 residual=0.0095
GCST90200216	GCST90200216	European	EUR	af_assigned	ukb-ancestry-mixture-hg38	11991	EUR	1	1	0.009024	ok	0	0	0	1	0	0	0	false	dominant=EUR proportion=1.000 margin=1.000 overlap=11991 residual=0.0090
GCST90200217	GCST90200217	European	EUR	af_assigned	ukb-ancestry-mixture-hg38	8058	EUR	1	1	0.00995397	ok	0	0	0	1	0	0	0	false	dominant=EUR proportion=1.000 margin=1.000 overlap=8058 residual=0.0100
GCST90200218	GCST90200218	European	EUR	af_assigned	ukb-ancestry-mixture-hg38	11170	EUR	0.999479	0.998959	0.0118867	ok	0.000520638	0	0	0.999479	0	0	0	false	dominant=EUR proportion=0.999 margin=0.999 overlap=11170 residual=0.0119
GCST90200219	GCST90200219	European	EUR	af_assigned	ukb-ancestry-mixture-hg38	17072	EUR	1	1	0.011929	ok	0	0	0	1	0	0	0	false	dominant=EUR proportion=1.000 margin=1.000 overlap=17072 residual=0.0119
GCST90200220	GCST90200220	European	EUR	af_assigned	ukb-ancestry-mixture-hg38	8058	EUR	1	1	0.00952778	ok	0	0	0	1	0	0	0	false	dominant=EUR proportion=1.000 margin=1.000 overlap=8058 residual=0.0095
GCST90200221	GCST90200221	European	EUR	af_assigned	ukb-ancestry-mixture-hg38	20285	EUR	0.999675	0.99935	0.00861962	ok	0	0.000325232	0	0.999675	0	0	0	false	dominant=EUR proportion=1.000 margin=0.999 overlap=20285 residual=0.0086
GCST90200222	GCST90200222	European	EUR	af_assigned	ukb-ancestry-mixture-hg38	11482	EUR	0.995969	0.993766	0.00915446	ok	0.00220304	0.000424542	0	0.995969	0.000445312	0	0.000957741	false	dominant=EUR proportion=0.996 margin=0.994 overlap=11482 residual=0.0092
GCST90200223	GCST90200223	European	EUR	af_assigned	ukb-ancestry-mixture-hg38	17618	EUR	0.99933	0.998661	0.010029	ok	0	0	0.000669503	0.99933	0	0	0	false	dominant=EUR proportion=0.999 margin=0.999 overlap=17618 residual=0.0100
GCST90200224	GCST90200224	European	EUR	af_assigned	ukb-ancestry-mixture-hg38	21947	EUR	0.997685	0.99537	0.00886317	ok	0	0.00231519	0	0.997685	0	0	0	false	dominant=EUR proportion=0.998 margin=0.995 overlap=21947 residual=0.0089
GCST90200225	GCST90200225	European	EUR	af_assigned	ukb-ancestry-mixture-hg38	14865	EUR	1	1	0.00862784	ok	0	0	0	1	0	0	0	false	dominant=EUR proportion=1.000 margin=1.000 overlap=14865 residual=0.0086
GCST90200226	GCST90200226	European	EUR	af_assigned	ukb-ancestry-mixture-hg38	10632	EUR	1	1	0.00892978	ok	0	0	0	1	0	0	0	false	dominant=EUR proportion=1.000 margin=1.000 overlap=10632 residual=0.0089
GCST90200227	GCST90200227	European	EUR	af_assigned	ukb-ancestry-mixture-hg38	12111	EUR	0.996554	0.994289	0.0127997	ok	0	0.00226506	0.00118056	0.996554	0	0	0	false	dominant=EUR proportion=0.997 margin=0.994 overlap=12111 residual=0.0128
GCST90200228	GCST90200228	European	EUR	af_assigned	ukb-ancestry-mixture-hg38	19588	EUR	0.997725	0.99552	0.00923296	ok	0	0.00220462	7.06458e-05	0.997725	0	0	0	false	dominant=EUR proportion=0.998 margin=0.996 overlap=19588 residual=0.0092
GCST90200229	GCST90200229	European	EUR	af_assigned	ukb-ancestry-mixture-hg38	15963	EUR	0.99683	0.993661	0.00885544	ok	0	0.0031697	0	0.99683	0	0	0	false	dominant=EUR proportion=0.997 margin=0.994 overlap=15963 residual=0.0089
GCST90200230	GCST90200230	European	EUR	af_assigned	ukb-ancestry-mixture-hg38	8050	EUR	1	1	0.00963789	ok	0	0	0	1	0	0	0	false	dominant=EUR proportion=1.000 margin=1.000 overlap=8050 residual=0.0096
GCST90200231	GCST90200231	European	EUR	af_assigned	ukb-ancestry-mixture-hg38	19773	EUR	0.998468	0.996936	0.00853528	ok	0	0.00153177	0	0.998468	0	0	0	false	dominant=EUR proportion=0.998 margin=0.997 overlap=19773 residual=0.0085
GCST90200232	GCST90200232	European	EUR	af_assigned	ukb-ancestry-mixture-hg38	8051	EUR	1	1	0.00959239	ok	0	0	0	1	0	0	0	false	dominant=EUR proportion=1.000 margin=1.000 overlap=8051 residual=0.0096
GCST90200233	GCST90200233	European	EUR	af_assigned	ukb-ancestry-mixture-hg38	12754	EUR	1	1	0.0101091	ok	0	0	0	1	0	0	0	false	dominant=EUR proportion=1.000 margin=1.000 overlap=12754 residual=0.0101
GCST90200234	GCST90200234	European	EUR	af_assigned	ukb-ancestry-mixture-hg38	16986	EUR	1	1	0.0083925	ok	0	0	0	1	0	0	0	false	dominant=EUR proportion=1.000 margin=1.000 overlap=16986 residual=0.0084
GCST90200235	GCST90200235	European	EUR	af_assigned	ukb-ancestry-mixture-hg38	23785	EUR	1	1	0.00943111	ok	0	0	0	1	0	0	0	false	dominant=EUR proportion=1.000 margin=1.000 overlap=23785 residual=0.0094
GCST90200236	GCST90200236	European	EUR	af_assigned	ukb-ancestry-mixture-hg38	27984	EUR	0.999584	0.999167	0.00992476	ok	0	0.000416336	0	0.999584	0	0	0	false	dominant=EUR proportion=1.000 margin=0.999 overlap=27984 residual=0.0099
GCST90200237	GCST90200237	European	EUR	af_assigned	ukb-ancestry-mixture-hg38	14533	EUR	0.999574	0.999147	0.00905022	ok	0.000426421	0	0	0.999574	0	0	0	false	dominant=EUR proportion=1.000 margin=0.999 overlap=14533 residual=0.0091
GCST90200238	GCST90200238	European	EUR	af_assigned	ukb-ancestry-mixture-hg38	31638	EUR	1	1	0.00850862	ok	0	0	0	1	0	0	0	false	dominant=EUR proportion=1.000 margin=1.000 overlap=31638 residual=0.0085
GCST90200239	GCST90200239	European	EUR	af_assigned	ukb-ancestry-mixture-hg38	25261	EUR	0.991309	0.987259	0.00941505	ok	0	1.67185e-05	0.000612407	0.991309	0.00401173	0.00405004	0	false	dominant=EUR proportion=0.991 margin=0.987 overlap=25261 residual=0.0094
GCST90200240	GCST90200240	European	EUR	af_assigned	ukb-ancestry-mixture-hg38	8059	EUR	1	1	0.00952295	ok	0	0	0	1	0	0	0	false	dominant=EUR proportion=1.000 margin=1.000 overlap=8059 residual=0.0095
GCST90200241	GCST90200241	European	EUR	af_assigned	ukb-ancestry-mixture-hg38	39229	EUR	1	1	0.00875129	ok	0	0	0	1	0	0	0	false	dominant=EUR proportion=1.000 margin=1.000 overlap=39229 residual=0.0088
GCST90200242	GCST90200242	European	EUR	af_assigned	ukb-ancestry-mixture-hg38	29512	EUR	0.998406	0.996811	0.00787227	ok	0	0	0	0.998406	0	0	0.00159435	false	dominant=EUR proportion=0.998 margin=0.997 overlap=29512 residual=0.0079
GCST90200243	GCST90200243	European	EUR	af_assigned	ukb-ancestry-mixture-hg38	16747	EUR	0.997826	0.995652	0.00836806	ok	0	0.00217399	0	0.997826	0	0	0	false	dominant=EUR proportion=0.998 margin=0.996 overlap=16747 residual=0.0084
GCST90200244	GCST90200244	European	EUR	af_assigned	ukb-ancestry-mixture-hg38	8068	EUR	1	1	0.0101203	ok	0	0	0	1	0	0	0	false	dominant=EUR proportion=1.000 margin=1.000 overlap=8068 residual=0.0101
GCST90200245	GCST90200245	European	EUR	af_assigned	ukb-ancestry-mixture-hg38	13560	EUR	0.996663	0.993327	0.00863458	ok	0	0.00333665	0	0.996663	0	0	0	false	dominant=EUR proportion=0.997 margin=0.993 overlap=13560 residual=0.0086
GCST90200246	GCST90200246	European	EUR	af_assigned	ukb-ancestry-mixture-hg38	12630	EUR	1	1	0.00983528	ok	0	0	0	1	0	0	0	false	dominant=EUR proportion=1.000 margin=1.000 overlap=12630 residual=0.0098
GCST90200247	GCST90200247	European	EUR	af_assigned	ukb-ancestry-mixture-hg38	23794	EUR	1	1	0.0094844	ok	0	0	0	1	0	0	0	false	dominant=EUR proportion=1.000 margin=1.000 overlap=23794 residual=0.0095
GCST90200248	GCST90200248	European	EUR	af_assigned	ukb-ancestry-mixture-hg38	12423	EUR	1	1	0.0110424	ok	0	0	0	1	0	0	0	false	dominant=EUR proportion=1.000 margin=1.000 overlap=12423 residual=0.0110
GCST90200249	GCST90200249	European	EUR	af_assigned	ukb-ancestry-mixture-hg38	12542	EUR	0.998886	0.998088	0.0114726	ok	0	0	0.000797633	0.998886	0	0.000316679	0	false	dominant=EUR proportion=0.999 margin=0.998 overlap=12542 residual=0.0115
GCST90200250	GCST90200250	European	EUR	af_assigned	ukb-ancestry-mixture-hg38	21710	EUR	0.998877	0.997754	0.00847848	ok	0	0	0	0.998877	0.00112278	0	0	false	dominant=EUR proportion=0.999 margin=0.998 overlap=21710 residual=0.0085
GCST90200251	GCST90200251	European	EUR	af_assigned	ukb-ancestry-mixture-hg38	8054	EUR	1	1	0.00952127	ok	0	0	0	1	0	0	0	false	dominant=EUR proportion=1.000 margin=1.000 overlap=8054 residual=0.0095
GCST90200252	GCST90200252	European	EUR	af_assigned	ukb-ancestry-mixture-hg38	12695	EUR	1	1	0.00895704	ok	0	0	0	1	0	0	0	false	dominant=EUR proportion=1.000 margin=1.000 overlap=12695 residual=0.0090
GCST90200253	GCST90200253	European	EUR	af_assigned	ukb-ancestry-mixture-hg38	34065	EUR	0.995369	0.990738	0.00797179	ok	0	0.00463121	0	0.995369	0	0	0	false	dominant=EUR proportion=0.995 margin=0.991 overlap=34065 residual=0.0080
GCST90200254	GCST90200254	European	EUR	af_assigned	ukb-ancestry-mixture-hg38	19577	EUR	0.998776	0.998141	0.00774486	ok	0.000634867	0.000589469	0	0.998776	0	0	0	false	dominant=EUR proportion=0.999 margin=0.998 overlap=19577 residual=0.0077
GCST90200255	GCST90200255	European	EUR	af_assigned	ukb-ancestry-mixture-hg38	12571	EUR	1	1	0.00902278	ok	0	0	0	1	0	0	0	false	dominant=EUR proportion=1.000 margin=1.000 overlap=12571 residual=0.0090
GCST90200256	GCST90200256	European	EUR	af_assigned	ukb-ancestry-mixture-hg38	258495	EUR	1	1	0.00933784	ok	0	0	0	1	0	0	0	false	dominant=EUR proportion=1.000 margin=1.000 overlap=258495 residual=0.0093
GCST90200257	GCST90200257	European	EUR	af_assigned	ukb-ancestry-mixture-hg38	33561	EUR	1	1	0.011042	ok	0	0	0	1	0	0	0	false	dominant=EUR proportion=1.000 margin=1.000 overlap=33561 residual=0.0110
GCST90200258	GCST90200258	European	EUR	af_assigned	ukb-ancestry-mixture-hg38	20843	EUR	0.995938	0.991876	0.00877787	ok	0	0.00406191	0	0.995938	0	0	0	false	dominant=EUR proportion=0.996 margin=0.992 overlap=20843 residual=0.0088
GCST90200259	GCST90200259	European	EUR	af_assigned	ukb-ancestry-mixture-hg38	17011	EUR	0.997826	0.995652	0.00962446	ok	0	0	0	0.997826	0.0021742	0	0	false	dominant=EUR proportion=0.998 margin=0.996 overlap=17011 residual=0.0096
GCST90200260	GCST90200260	European	EUR	af_assigned	ukb-ancestry-mixture-hg38	11166	EUR	0.990545	0.98177	0.0095449	ok	0.000680792	0	0	0.990545	0	0	0.00877447	false	dominant=EUR proportion=0.991 margin=0.982 overlap=11166 residual=0.0095
GCST90200261	GCST90200261	European	EUR	af_assigned	ukb-ancestry-mixture-hg38	11990	EUR	0.996368	0.992737	0.00902153	ok	0	0.00363153	0	0.996368	0	0	0	false	dominant=EUR proportion=0.996 margin=0.993 overlap=11990 residual=0.0090
GCST90200262	GCST90200262	European	EUR	af_assigned	ukb-ancestry-mixture-hg38	20518	EUR	0.99891	0.99782	0.00946088	ok	0	0.00108989	0	0.99891	0	0	0	false	dominant=EUR proportion=0.999 margin=0.998 overlap=20518 residual=0.0095
GCST90200263	GCST90200263	European	EUR	af_assigned	ukb-ancestry-mixture-hg38	21804	EUR	0.997094	0.994202	0.0103173	ok	0	0	1.41654e-05	0.997094	0	0.002892	0	false	dominant=EUR proportion=0.997 margin=0.994 overlap=21804 residual=0.0103
GCST90200264	GCST90200264	European	EUR	af_assigned	ukb-ancestry-mixture-hg38	13962	EUR	1	1	0.00902077	ok	0	0	0	1	0	0	0	false	dominant=EUR proportion=1.000 margin=1.000 overlap=13962 residual=0.0090
GCST90200265	GCST90200265	European	EUR	af_assigned	ukb-ancestry-mixture-hg38	14028	EUR	1	1	0.00879051	ok	0	0	0	1	0	0	0	false	dominant=EUR proportion=1.000 margin=1.000 overlap=14028 residual=0.0088
GCST90200266	GCST90200266	European	EUR	af_assigned	ukb-ancestry-mixture-hg38	19968	EUR	0.99671	0.993421	0.0104215	ok	0	0.00328953	0	0.99671	0	0	0	false	dominant=EUR proportion=0.997 margin=0.993 overlap=19968 residual=0.0104
GCST90200267	GCST90200267	European	EUR	af_assigned	ukb-ancestry-mixture-hg38	22745	EUR	1	1	0.00981232	ok	0	0	0	1	0	0	0	false	dominant=EUR proportion=1.000 margin=1.000 overlap=22745 residual=0.0098
GCST90200268	GCST90200268	European	EUR	af_assigned	ukb-ancestry-mixture-hg38	15543	EUR	1	1	0.00930071	ok	0	0	0	1	0	0	0	false	dominant=EUR proportion=1.000 margin=1.000 overlap=15543 residual=0.0093
GCST90200269	GCST90200269	European	EUR	af_assigned	ukb-ancestry-mixture-hg38	13832	EUR	1	1	0.00905357	ok	0	0	0	1	0	0	0	false	dominant=EUR proportion=1.000 margin=1.000 overlap=13832 residual=0.0091
GCST90200270	GCST90200270	European	EUR	af_assigned	ukb-ancestry-mixture-hg38	17140	EUR	0.995391	0.992484	0.00825151	ok	0.000473145	0.00290718	0	0.995391	0.00122839	0	0	false	dominant=EUR proportion=0.995 margin=0.992 overlap=17140 residual=0.0083
GCST90200271	GCST90200271	European	EUR	af_assigned	ukb-ancestry-mixture-hg38	18356	EUR	1	1	0.00838932	ok	0	0	0	1	0	0	0	false	dominant=EUR proportion=1.000 margin=1.000 overlap=18356 residual=0.0084
GCST90200272	GCST90200272	European	EUR	af_assigned	ukb-ancestry-mixture-hg38	15177	EUR	1	1	0.00861153	ok	0	0	0	1	0	0	0	false	dominant=EUR proportion=1.000 margin=1.000 overlap=15177 residual=0.0086
GCST90200273	GCST90200273	European	EUR	af_assigned	ukb-ancestry-mixture-hg38	8053	EUR	1	1	0.00977749	ok	0	0	0	1	0	0	0	false	dominant=EUR proportion=1.000 margin=1.000 overlap=8053 residual=0.0098
GCST90200274	GCST90200274	European	EUR	af_assigned	ukb-ancestry-mixture-hg38	22003	EUR	1	1	0.00903116	ok	0	0	0	1	0	0	0	false	dominant=EUR proportion=1.000 margin=1.000 overlap=22003 residual=0.0090
GCST90200275	GCST90200275	European	EUR	af_assigned	ukb-ancestry-mixture-hg38	14029	EUR	1	1	0.00880797	ok	0	0	0	1	0	0	0	false	dominant=EUR proportion=1.000 margin=1.000 overlap=14029 residual=0.0088
GCST90200276	GCST90200276	European	EUR	af_assigned	ukb-ancestry-mixture-hg38	8061	EUR	1	1	0.00952305	ok	0	0	0	1	0	0	0	false	dominant=EUR proportion=1.000 margin=1.000 overlap=8061 residual=0.0095
GCST90200277	GCST90200277	European	EUR	af_assigned	ukb-ancestry-mixture-hg38	14023	EUR	1	1	0.00881447	ok	0	0	0	1	0	0	0	false	dominant=EUR proportion=1.000 margin=1.000 overlap=14023 residual=0.0088
GCST90200278	GCST90200278	European	EUR	af_assigned	ukb-ancestry-mixture-hg38	15174	EUR	1	1	0.00862206	ok	0	0	0	1	0	0	0	false	dominant=EUR proportion=1.000 margin=1.000 overlap=15174 residual=0.0086
GCST90200279	GCST90200279	European	EUR	af_assigned	ukb-ancestry-mixture-hg38	22751	EUR	1	1	0.00922304	ok	0	0	0	1	0	0	0	false	dominant=EUR proportion=1.000 margin=1.000 overlap=22751 residual=0.0092
GCST90200280	GCST90200280	European	EUR	af_assigned	ukb-ancestry-mixture-hg38	20519	EUR	0.994821	0.989795	0.00892415	ok	0	0.00502529	0.000154087	0.994821	0	0	0	false	dominant=EUR proportion=0.995 margin=0.990 overlap=20519 residual=0.0089
GCST90200281	GCST90200281	European	EUR	af_assigned	ukb-ancestry-mixture-hg38	17467	EUR	1	1	0.00845087	ok	0	0	0	1	0	0	0	false	dominant=EUR proportion=1.000 margin=1.000 overlap=17467 residual=0.0085
GCST90200282	GCST90200282	European	EUR	af_assigned	ukb-ancestry-mixture-hg38	17861	EUR	1	1	0.00817338	ok	0	0	0	1	0	0	0	false	dominant=EUR proportion=1.000 margin=1.000 overlap=17861 residual=0.0082
GCST90200283	GCST90200283	European	EUR	af_assigned	ukb-ancestry-mixture-hg38	13057	EUR	1	1	0.00998595	ok	0	0	0	1	0	0	0	false	dominant=EUR proportion=1.000 margin=1.000 overlap=13057 residual=0.0100
GCST90200284	GCST90200284	European	EUR	af_assigned	ukb-ancestry-mixture-hg38	12921	EUR	0.996991	0.993982	0.00852553	ok	0	0.0030089	0	0.996991	0	0	0	false	dominant=EUR proportion=0.997 margin=0.994 overlap=12921 residual=0.0085
GCST90200285	GCST90200285	European	EUR	af_assigned	ukb-ancestry-mixture-hg38	8050	EUR	1	1	0.00953121	ok	0	0	0	1	0	0	0	false	dominant=EUR proportion=1.000 margin=1.000 overlap=8050 residual=0.0095
GCST90200286	GCST90200286	European	EUR	af_assigned	ukb-ancestry-mixture-hg38	8061	EUR	1	1	0.00952408	ok	0	0	0	1	0	0	0	false	dominant=EUR proportion=1.000 margin=1.000 overlap=8061 residual=0.0095
GCST90200287	GCST90200287	European	EUR	af_assigned	ukb-ancestry-mixture-hg38	19331	EUR	1	1	0.0108513	ok	0	0	0	1	0	0	0	false	dominant=EUR proportion=1.000 margin=1.000 overlap=19331 residual=0.0109
GCST90200288	GCST90200288	European	EUR	af_assigned	ukb-ancestry-mixture-hg38	17507	EUR	1	1	0.00901925	ok	0	0	0	1	0	0	0	false	dominant=EUR proportion=1.000 margin=1.000 overlap=17507 residual=0.0090
GCST90200289	GCST90200289	European	EUR	af_assigned	ukb-ancestry-mixture-hg38	11967	EUR	1	1	0.00914126	ok	0	0	0	1	0	0	0	false	dominant=EUR proportion=1.000 margin=1.000 overlap=11967 residual=0.0091
GCST90200290	GCST90200290	European	EUR	af_assigned	ukb-ancestry-mixture-hg38	13812	EUR	1	1	0.00893277	ok	0	0	0	1	0	0	0	false	dominant=EUR proportion=1.000 margin=1.000 overlap=13812 residual=0.0089
GCST90200291	GCST90200291	European	EUR	af_assigned	ukb-ancestry-mixture-hg38	8057	EUR	1	1	0.0095241	ok	0	0	0	1	0	0	0	false	dominant=EUR proportion=1.000 margin=1.000 overlap=8057 residual=0.0095
GCST90200292	GCST90200292	European	EUR	af_assigned	ukb-ancestry-mixture-hg38	19329	EUR	1	1	0.00926806	ok	0	0	0	1	0	0	0	false	dominant=EUR proportion=1.000 margin=1.000 overlap=19329 residual=0.0093
GCST90200293	GCST90200293	European	EUR	af_assigned	ukb-ancestry-mixture-hg38	19930	EUR	0.999862	0.999723	0.0081395	ok	0	0.000138457	0	0.999862	0	0	0	false	dominant=EUR proportion=1.000 margin=1.000 overlap=19930 residual=0.0081
GCST90200294	GCST90200294	European	EUR	af_assigned	ukb-ancestry-mixture-hg38	25119	EUR	0.99469	0.989381	0.00978308	ok	0	0.0053095	0	0.99469	0	0	0	false	dominant=EUR proportion=0.995 margin=0.989 overlap=25119 residual=0.0098
GCST90200295	GCST90200295	European	EUR	af_assigned	ukb-ancestry-mixture-hg38	18620	EUR	0.999665	0.999331	0.00840974	ok	0	0.000334618	0	0.999665	0	0	0	false	dominant=EUR proportion=1.000 margin=0.999 overlap=18620 residual=0.0084
GCST90200296	GCST90200296	European	EUR	af_assigned	ukb-ancestry-mixture-hg38	16643	EUR	1	1	0.0108133	ok	0	0	0	1	0	0	0	false	dominant=EUR proportion=1.000 margin=1.000 overlap=16643 residual=0.0108
GCST90200297	GCST90200297	European	EUR	af_assigned	ukb-ancestry-mixture-hg38	11825	EUR	0.998939	0.997878	0.00913598	ok	0	0.00106083	0	0.998939	0	0	0	false	dominant=EUR proportion=0.999 margin=0.998 overlap=11825 residual=0.0091
GCST90200298	GCST90200298	European	EUR	af_assigned	ukb-ancestry-mixture-hg38	12780	EUR	0.999586	0.999173	0.00880099	ok	0	0.000413695	0	0.999586	0	0	0	false	dominant=EUR proportion=1.000 margin=0.999 overlap=12780 residual=0.0088
GCST90200299	GCST90200299	European	EUR	af_assigned	ukb-ancestry-mixture-hg38	12635	EUR	1	1	0.00838586	ok	0	0	0	1	0	0	0	false	dominant=EUR proportion=1.000 margin=1.000 overlap=12635 residual=0.0084
GCST90200300	GCST90200300	European	EUR	af_assigned	ukb-ancestry-mixture-hg38	13927	EUR	1	1	0.0116493	ok	0	0	0	1	0	0	0	false	dominant=EUR proportion=1.000 margin=1.000 overlap=13927 residual=0.0116
GCST90200301	GCST90200301	European	EUR	af_assigned	ukb-ancestry-mixture-hg38	16320	EUR	1	1	0.00891065	ok	0	0	0	1	0	0	0	false	dominant=EUR proportion=1.000 margin=1.000 overlap=16320 residual=0.0089
GCST90200302	GCST90200302	European	EUR	af_assigned	ukb-ancestry-mixture-hg38	18279	EUR	1	1	0.00831547	ok	0	0	0	1	0	0	0	false	dominant=EUR proportion=1.000 margin=1.000 overlap=18279 residual=0.0083
GCST90200303	GCST90200303	European	EUR	af_assigned	ukb-ancestry-mixture-hg38	16982	EUR	1	1	0.00845798	ok	0	0	0	1	0	0	0	false	dominant=EUR proportion=1.000 margin=1.000 overlap=16982 residual=0.0085
GCST90200304	GCST90200304	European	EUR	af_assigned	ukb-ancestry-mixture-hg38	19336	EUR	0.999716	0.999433	0.0108262	ok	0.000283744	0	0	0.999716	0	0	0	false	dominant=EUR proportion=1.000 margin=0.999 overlap=19336 residual=0.0108
GCST90200305	GCST90200305	European	EUR	af_assigned	ukb-ancestry-mixture-hg38	15708	EUR	1	1	0.00941887	ok	0	0	0	1	0	0	0	false	dominant=EUR proportion=1.000 margin=1.000 overlap=15708 residual=0.0094
GCST90200306	GCST90200306	European	EUR	af_assigned	ukb-ancestry-mixture-hg38	11767	EUR	0.999504	0.999008	0.00846836	ok	0	0.000495935	0	0.999504	0	0	0	false	dominant=EUR proportion=1.000 margin=0.999 overlap=11767 residual=0.0085
GCST90200307	GCST90200307	European	EUR	af_assigned	ukb-ancestry-mixture-hg38	27039	EUR	0.988624	0.980464	0.01015	ok	0.00181085	0.00140615	0	0.988624	0.00815936	0	0	false	dominant=EUR proportion=0.989 margin=0.980 overlap=27039 residual=0.0101
GCST90200308	GCST90200308	European	EUR	af_assigned	ukb-ancestry-mixture-hg38	8056	EUR	1	1	0.0095279	ok	0	0	0	1	0	0	0	false	dominant=EUR proportion=1.000 margin=1.000 overlap=8056 residual=0.0095
GCST90200309	GCST90200309	European	EUR	af_assigned	ukb-ancestry-mixture-hg38	23932	EUR	0.999731	0.999463	0.00925564	ok	0	0	0.000268608	0.999731	0	0	0	false	dominant=EUR proportion=1.000 margin=0.999 overlap=23932 residual=0.0093
GCST90200310	GCST90200310	European	EUR	af_assigned	ukb-ancestry-mixture-hg38	21778	EUR	1	1	0.00987552	ok	0	0	0	1	0	0	0	false	dominant=EUR proportion=1.000 margin=1.000 overlap=21778 residual=0.0099
GCST90200311	GCST90200311	European	EUR	af_assigned	ukb-ancestry-mixture-hg38	19472	EUR	0.99518	0.99036	0.00973552	ok	0	0.00481981	0	0.99518	0	0	0	false	dominant=EUR proportion=0.995 margin=0.990 overlap=19472 residual=0.0097
GCST90200312	GCST90200312	European	EUR	af_assigned	ukb-ancestry-mixture-hg38	8058	EUR	1	1	0.00951787	ok	0	0	0	1	0	0	0	false	dominant=EUR proportion=1.000 margin=1.000 overlap=8058 residual=0.0095
GCST90200313	GCST90200313	European	EUR	af_assigned	ukb-ancestry-mixture-hg38	15925	EUR	0.998926	0.997851	0.0105601	ok	0	0.00107435	0	0.998926	0	0	0	false	dominant=EUR proportion=0.999 margin=0.998 overlap=15925 residual=0.0106
GCST90200314	GCST90200314	European	EUR	af_assigned	ukb-ancestry-mixture-hg38	16267	EUR	0.999513	0.999025	0.00850717	ok	0	0	0.000487498	0.999513	0	0	0	false	dominant=EUR proportion=1.000 margin=0.999 overlap=16267 residual=0.0085
GCST90200315	GCST90200315	European	EUR	af_assigned	ukb-ancestry-mixture-hg38	15571	EUR	1	1	0.00833005	ok	0	0	0	1	0	0	0	false	dominant=EUR proportion=1.000 margin=1.000 overlap=15571 residual=0.0083
GCST90200316	GCST90200316	European	EUR	af_assigned	ukb-ancestry-mixture-hg38	27808	EUR	1	1	0.00901144	ok	0	0	0	1	0	0	0	false	dominant=EUR proportion=1.000 margin=1.000 overlap=27808 residual=0.0090
GCST90200317	GCST90200317	European	EUR	af_assigned	ukb-ancestry-mixture-hg38	18587	EUR	1	1	0.0087047	ok	0	0	0	1	0	0	0	false	dominant=EUR proportion=1.000 margin=1.000 overlap=18587 residual=0.0087
GCST90200318	GCST90200318	European	EUR	af_assigned	ukb-ancestry-mixture-hg38	8055	EUR	1	1	0.00961178	ok	0	0	0	1	0	0	0	false	dominant=EUR proportion=1.000 margin=1.000 overlap=8055 residual=0.0096
GCST90200319	GCST90200319	European	EUR	af_assigned	ukb-ancestry-mixture-hg38	23129	EUR	1	1	0.00866073	ok	0	0	0	1	0	0	0	false	dominant=EUR proportion=1.000 margin=1.000 overlap=23129 residual=0.0087
GCST90200320	GCST90200320	European	EUR	af_assigned	ukb-ancestry-mixture-hg38	8051	EUR	1	1	0.00951989	ok	0	0	0	1	0	0	0	false	dominant=EUR proportion=1.000 margin=1.000 overlap=8051 residual=0.0095
GCST90200321	GCST90200321	European	EUR	af_assigned	ukb-ancestry-mixture-hg38	17675	EUR	0.999531	0.999062	0.00913117	ok	0	0.000468807	0	0.999531	0	0	0	false	dominant=EUR proportion=1.000 margin=0.999 overlap=17675 residual=0.0091
GCST90200322	GCST90200322	European	EUR	af_assigned	ukb-ancestry-mixture-hg38	25250	EUR	0.997074	0.994147	0.00912637	ok	0	0.0029264	0	0.997074	0	0	0	false	dominant=EUR proportion=0.997 margin=0.994 overlap=25250 residual=0.0091
GCST90200323	GCST90200323	European	EUR	af_assigned	ukb-ancestry-mixture-hg38	14623	EUR	1	1	0.00873884	ok	0	0	0	1	0	0	0	false	dominant=EUR proportion=1.000 margin=1.000 overlap=14623 residual=0.0087
GCST90200324	GCST90200324	European	EUR	af_assigned	ukb-ancestry-mixture-hg38	8065	EUR	1	1	0.0097714	ok	0	0	0	1	0	0	0	false	dominant=EUR proportion=1.000 margin=1.000 overlap=8065 residual=0.0098
GCST90200325	GCST90200325	European	EUR	af_assigned	ukb-ancestry-mixture-hg38	8059	EUR	1	1	0.00952035	ok	0	0	0	1	0	0	0	false	dominant=EUR proportion=1.000 margin=1.000 overlap=8059 residual=0.0095
GCST90200326	GCST90200326	European	EUR	af_assigned	ukb-ancestry-mixture-hg38	10978	EUR	0.999936	0.999872	0.00913849	ok	0	0	6.41387e-05	0.999936	0	0	0	false	dominant=EUR proportion=1.000 margin=1.000 overlap=10978 residual=0.0091
GCST90200327	GCST90200327	European	EUR	af_assigned	ukb-ancestry-mixture-hg38	13909	EUR	1	1	0.00866107	ok	0	0	0	1	0	0	0	false	dominant=EUR proportion=1.000 margin=1.000 overlap=13909 residual=0.0087
GCST90200328	GCST90200328	European	EUR	af_assigned	ukb-ancestry-mixture-hg38	37005	EUR	1	1	0.00959041	ok	0	0	0	1	0	0	0	false	dominant=EUR proportion=1.000 margin=1.000 overlap=37005 residual=0.0096
GCST90200329	GCST90200329	European	EUR	af_assigned	ukb-ancestry-mixture-hg38	8063	EUR	1	1	0.00953047	ok	0	0	0	1	0	0	0	false	dominant=EUR proportion=1.000 margin=1.000 overlap=8063 residual=0.0095
GCST90200330	GCST90200330	European	EUR	af_assigned	ukb-ancestry-mixture-hg38	21490	EUR	0.999712	0.999423	0.00860985	ok	0	0.000288422	0	0.999712	0	0	0	false	dominant=EUR proportion=1.000 margin=0.999 overlap=21490 residual=0.0086
GCST90200331	GCST90200331	European	EUR	af_assigned	ukb-ancestry-mixture-hg38	33754	EUR	0.999857	0.999713	0.0110852	ok	0	0.000143496	0	0.999857	0	0	0	false	dominant=EUR proportion=1.000 margin=1.000 overlap=33754 residual=0.0111
GCST90200332	GCST90200332	European	EUR	af_assigned	ukb-ancestry-mixture-hg38	40914	EUR	0.998973	0.997976	0.0112467	ok	0.000996469	3.08196e-05	0	0.998973	0	0	0	false	dominant=EUR proportion=0.999 margin=0.998 overlap=40914 residual=0.0112
GCST90200333	GCST90200333	European	EUR	af_assigned	ukb-ancestry-mixture-hg38	8058	EUR	1	1	0.00956432	ok	0	0	0	1	0	0	0	false	dominant=EUR proportion=1.000 margin=1.000 overlap=8058 residual=0.0096
GCST90200334	GCST90200334	European	EUR	af_assigned	ukb-ancestry-mixture-hg38	8056	EUR	1	1	0.00958135	ok	0	0	0	1	0	0	0	false	dominant=EUR proportion=1.000 margin=1.000 overlap=8056 residual=0.0096
GCST90200335	GCST90200335	European	EUR	af_assigned	ukb-ancestry-mixture-hg38	30181	EUR	0.999068	0.998439	0.00807788	ok	0	0.000302624	0.000629321	0.999068	0	0	0	false	dominant=EUR proportion=0.999 margin=0.998 overlap=30181 residual=0.0081
GCST90200336	GCST90200336	European	EUR	af_assigned	ukb-ancestry-mixture-hg38	12175	EUR	1	1	0.0124186	ok	0	0	0	1	0	0	0	false	dominant=EUR proportion=1.000 margin=1.000 overlap=12175 residual=0.0124
GCST90200337	GCST90200337	European	EUR	af_assigned	ukb-ancestry-mixture-hg38	8056	EUR	1	1	0.00952346	ok	0	0	0	1	0	0	0	false	dominant=EUR proportion=1.000 margin=1.000 overlap=8056 residual=0.0095
GCST90200338	GCST90200338	European	EUR	af_assigned	ukb-ancestry-mixture-hg38	14824	EUR	0.995715	0.991849	0.00856358	ok	0	0.00386591	0	0.995715	0.000419101	0	0	false	dominant=EUR proportion=0.996 margin=0.992 overlap=14824 residual=0.0086
GCST90200339	GCST90200339	European	EUR	af_assigned	ukb-ancestry-mixture-hg38	11067	EUR	0.998586	0.997172	0.00947094	ok	0	0.00141393	0	0.998586	0	0	0	false	dominant=EUR proportion=0.999 margin=0.997 overlap=11067 residual=0.0095
GCST90200340	GCST90200340	European	EUR	af_assigned	ukb-ancestry-mixture-hg38	13496	EUR	1	1	0.00968913	ok	0	0	0	1	0	0	0	false	dominant=EUR proportion=1.000 margin=1.000 overlap=13496 residual=0.0097
GCST90200341	GCST90200341	European	EUR	af_assigned	ukb-ancestry-mixture-hg38	33936	EUR	1	1	0.00823733	ok	0	0	0	1	0	0	0	false	dominant=EUR proportion=1.000 margin=1.000 overlap=33936 residual=0.0082
GCST90200342	GCST90200342	European	EUR	af_assigned	ukb-ancestry-mixture-hg38	8069	EUR	1	1	0.00951958	ok	0	0	0	1	0	0	0	false	dominant=EUR proportion=1.000 margin=1.000 overlap=8069 residual=0.0095
GCST90200343	GCST90200343	European	EUR	af_assigned	ukb-ancestry-mixture-hg38	18336	EUR	1	1	0.00837284	ok	0	0	0	1	0	0	0	false	dominant=EUR proportion=1.000 margin=1.000 overlap=18336 residual=0.0084
GCST90200344	GCST90200344	European	EUR	af_assigned	ukb-ancestry-mixture-hg38	13132	EUR	1	1	0.00858035	ok	0	0	0	1	0	0	0	false	dominant=EUR proportion=1.000 margin=1.000 overlap=13132 residual=0.0086
GCST90200345	GCST90200345	European	EUR	af_assigned	ukb-ancestry-mixture-hg38	18152	EUR	0.999771	0.999541	0.00849461	ok	0	0.000229264	0	0.999771	0	0	0	false	dominant=EUR proportion=1.000 margin=1.000 overlap=18152 residual=0.0085
GCST90200346	GCST90200346	European	EUR	af_assigned	ukb-ancestry-mixture-hg38	10864	EUR	1	1	0.0110995	ok	0	0	0	1	0	0	0	false	dominant=EUR proportion=1.000 margin=1.000 overlap=10864 residual=0.0111
GCST90200347	GCST90200347	European	EUR	af_assigned	ukb-ancestry-mixture-hg38	14178	EUR	0.997183	0.994366	0.00891513	ok	0	0.00281716	0	0.997183	0	0	0	false	dominant=EUR proportion=0.997 margin=0.994 overlap=14178 residual=0.0089
GCST90200348	GCST90200348	European	EUR	af_assigned	ukb-ancestry-mixture-hg38	23950	EUR	0.998937	0.997874	0.0103413	ok	0	0.00106291	0	0.998937	0	0	0	false	dominant=EUR proportion=0.999 margin=0.998 overlap=23950 residual=0.0103
GCST90200349	GCST90200349	European	EUR	af_assigned	ukb-ancestry-mixture-hg38	10834	EUR	0.998706	0.997622	0.00902386	ok	0.000210963	0.00108333	0	0.998706	0	0	0	false	dominant=EUR proportion=0.999 margin=0.998 overlap=10834 residual=0.0090
GCST90200350	GCST90200350	European	EUR	af_assigned	ukb-ancestry-mixture-hg38	11492	EUR	1	1	0.00880347	ok	0	0	0	1	0	0	0	false	dominant=EUR proportion=1.000 margin=1.000 overlap=11492 residual=0.0088
GCST90200351	GCST90200351	European	EUR	af_assigned	ukb-ancestry-mixture-hg38	29244	EUR	0.998258	0.996515	0.00998677	ok	0	0.00174235	0	0.998258	0	0	0	false	dominant=EUR proportion=0.998 margin=0.997 overlap=29244 residual=0.0100
GCST90200352	GCST90200352	European	EUR	af_assigned	ukb-ancestry-mixture-hg38	15907	EUR	1	1	0.00811946	ok	0	0	0	1	0	0	0	false	dominant=EUR proportion=1.000 margin=1.000 overlap=15907 residual=0.0081
GCST90200353	GCST90200353	European	EUR	af_assigned	ukb-ancestry-mixture-hg38	8057	EUR	1	1	0.00959184	ok	0	0	0	1	0	0	0	false	dominant=EUR proportion=1.000 margin=1.000 overlap=8057 residual=0.0096
GCST90200354	GCST90200354	European	EUR	af_assigned	ukb-ancestry-mixture-hg38	8054	EUR	1	1	0.00952339	ok	0	0	0	1	0	0	0	false	dominant=EUR proportion=1.000 margin=1.000 overlap=8054 residual=0.0095
GCST90200355	GCST90200355	European	EUR	af_assigned	ukb-ancestry-mixture-hg38	8063	EUR	1	1	0.0100429	ok	0	0	0	1	0	0	0	false	dominant=EUR proportion=1.000 margin=1.000 overlap=8063 residual=0.0100
GCST90200356	GCST90200356	European	EUR	af_assigned	ukb-ancestry-mixture-hg38	8057	EUR	1	1	0.00952505	ok	0	0	0	1	0	0	0	false	dominant=EUR proportion=1.000 margin=1.000 overlap=8057 residual=0.0095
GCST90200357	GCST90200357	European	EUR	af_assigned	ukb-ancestry-mixture-hg38	21667	EUR	0.999978	0.999956	0.00867626	ok	0	2.189e-05	0	0.999978	0	0	0	false	dominant=EUR proportion=1.000 margin=1.000 overlap=21667 residual=0.0087
GCST90200358	GCST90200358	European	EUR	af_assigned	ukb-ancestry-mixture-hg38	11451	EUR	0.998144	0.996693	0.00889159	ok	0.000405481	0.00145053	0	0.998144	0	0	0	false	dominant=EUR proportion=0.998 margin=0.997 overlap=11451 residual=0.0089
GCST90200359	GCST90200359	European	EUR	af_assigned	ukb-ancestry-mixture-hg38	26643	EUR	1	1	0.00911914	ok	0	0	0	1	0	0	0	false	dominant=EUR proportion=1.000 margin=1.000 overlap=26643 residual=0.0091
GCST90200360	GCST90200360	European	EUR	af_assigned	ukb-ancestry-mixture-hg38	8057	EUR	1	1	0.0095273	ok	0	0	0	1	0	0	0	false	dominant=EUR proportion=1.000 margin=1.000 overlap=8057 residual=0.0095
GCST90200361	GCST90200361	European	EUR	af_assigned	ukb-ancestry-mixture-hg38	16871	EUR	0.998358	0.997483	0.00966446	ok	0.000766809	0.000875309	0	0.998358	0	0	0	false	dominant=EUR proportion=0.998 margin=0.997 overlap=16871 residual=0.0097
GCST90200362	GCST90200362	European	EUR	af_assigned	ukb-ancestry-mixture-hg38	266090	EUR	0.998581	0.997161	0.00903472	ok	0	0.00141948	0	0.998581	0	0	0	false	dominant=EUR proportion=0.999 margin=0.997 overlap=266090 residual=0.0090
GCST90200363	GCST90200363	European	EUR	af_assigned	ukb-ancestry-mixture-hg38	15992	EUR	0.999702	0.999404	0.00935391	ok	0	0.00029819	0	0.999702	0	0	0	false	dominant=EUR proportion=1.000 margin=0.999 overlap=15992 residual=0.0094
GCST90200364	GCST90200364	European	EUR	af_assigned	ukb-ancestry-mixture-hg38	20174	EUR	1	1	0.00908687	ok	0	0	0	1	0	0	0	false	dominant=EUR proportion=1.000 margin=1.000 overlap=20174 residual=0.0091
GCST90200365	GCST90200365	European	EUR	af_assigned	ukb-ancestry-mixture-hg38	19443	EUR	0.999921	0.999842	0.00862583	ok	0	7.88824e-05	0	0.999921	0	0	0	false	dominant=EUR proportion=1.000 margin=1.000 overlap=19443 residual=0.0086
GCST90200366	GCST90200366	European	EUR	af_assigned	ukb-ancestry-mixture-hg38	11538	EUR	1	1	0.00847687	ok	0	0	0	1	0	0	0	false	dominant=EUR proportion=1.000 margin=1.000 overlap=11538 residual=0.0085
GCST90200367	GCST90200367	European	EUR	af_assigned	ukb-ancestry-mixture-hg38	8056	EUR	1	1	0.0095172	ok	0	0	0	1	0	0	0	false	dominant=EUR proportion=1.000 margin=1.000 overlap=8056 residual=0.0095
GCST90200368	GCST90200368	European	EUR	af_assigned	ukb-ancestry-mixture-hg38	15847	EUR	0.975999	0.951997	0.00876291	ok	0	0	0	0.975999	0.0240014	0	0	false	dominant=EUR proportion=0.976 margin=0.952 overlap=15847 residual=0.0088
GCST90200369	GCST90200369	European	EUR	af_assigned	ukb-ancestry-mixture-hg38	14886	EUR	0.997685	0.99633	0.00949661	ok	0	0.00135415	0	0.997685	0.000961322	0	0	false	dominant=EUR proportion=0.998 margin=0.996 overlap=14886 residual=0.0095
GCST90200370	GCST90200370	European	EUR	af_assigned	ukb-ancestry-mixture-hg38	21737	EUR	1	1	0.00812369	ok	0	0	0	1	0	0	0	false	dominant=EUR proportion=1.000 margin=1.000 overlap=21737 residual=0.0081
GCST90200371	GCST90200371	European	EUR	af_assigned	ukb-ancestry-mixture-hg38	15860	EUR	1	1	0.00836285	ok	0	0	0	1	0	0	0	false	dominant=EUR proportion=1.000 margin=1.000 overlap=15860 residual=0.0084
GCST90200372	GCST90200372	European	EUR	af_assigned	ukb-ancestry-mixture-hg38	20194	EUR	1	1	0.00844602	ok	0	0	0	1	0	0	0	false	dominant=EUR proportion=1.000 margin=1.000 overlap=20194 residual=0.0084
GCST90200373	GCST90200373	European	EUR	af_assigned	ukb-ancestry-mixture-hg38	18573	EUR	1	1	0.00923957	ok	0	0	0	1	0	0	0	false	dominant=EUR proportion=1.000 margin=1.000 overlap=18573 residual=0.0092
GCST90200374	GCST90200374	European	EUR	af_assigned	ukb-ancestry-mixture-hg38	11813	EUR	1	1	0.00903058	ok	0	0	0	1	0	0	0	false	dominant=EUR proportion=1.000 margin=1.000 overlap=11813 residual=0.0090
GCST90200375	GCST90200375	European	EUR	af_assigned	ukb-ancestry-mixture-hg38	14927	EUR	1	1	0.0088621	ok	0	0	0	1	0	0	0	false	dominant=EUR proportion=1.000 margin=1.000 overlap=14927 residual=0.0089
GCST90200376	GCST90200376	European	EUR	af_assigned	ukb-ancestry-mixture-hg38	24837	EUR	1	1	0.00932564	ok	0	0	0	1	0	0	0	false	dominant=EUR proportion=1.000 margin=1.000 overlap=24837 residual=0.0093
GCST90200377	GCST90200377	European	EUR	af_assigned	ukb-ancestry-mixture-hg38	20436	EUR	0.988574	0.982396	0.00912515	ok	0.00117324	0.0061777	0	0.988574	0	0.0040754	0	false	dominant=EUR proportion=0.989 margin=0.982 overlap=20436 residual=0.0091
GCST90200378	GCST90200378	European	EUR	af_assigned	ukb-ancestry-mixture-hg38	12599	EUR	1	1	0.00950704	ok	0	0	0	1	0	0	0	false	dominant=EUR proportion=1.000 margin=1.000 overlap=12599 residual=0.0095
GCST90200379	GCST90200379	European	EUR	af_assigned	ukb-ancestry-mixture-hg38	23962	EUR	1	1	0.00820377	ok	0	0	0	1	0	0	0	false	dominant=EUR proportion=1.000 margin=1.000 overlap=23962 residual=0.0082
GCST90200380	GCST90200380	European	EUR	af_assigned	ukb-ancestry-mixture-hg38	14912	EUR	0.999802	0.999604	0.0106088	ok	0.000198022	0	0	0.999802	0	0	0	false	dominant=EUR proportion=1.000 margin=1.000 overlap=14912 residual=0.0106
GCST90200381	GCST90200381	European	EUR	af_assigned	ukb-ancestry-mixture-hg38	16165	EUR	1	1	0.0118845	ok	0	0	0	1	0	0	0	false	dominant=EUR proportion=1.000 margin=1.000 overlap=16165 residual=0.0119
GCST90200382	GCST90200382	European	EUR	af_assigned	ukb-ancestry-mixture-hg38	15597	EUR	1	1	0.00873434	ok	0	0	0	1	0	0	0	false	dominant=EUR proportion=1.000 margin=1.000 overlap=15597 residual=0.0087
GCST90200383	GCST90200383	European	EUR	af_assigned	ukb-ancestry-mixture-hg38	18690	EUR	0.999132	0.998264	0.00880289	ok	0	0.000867975	0	0.999132	0	0	0	false	dominant=EUR proportion=0.999 margin=0.998 overlap=18690 residual=0.0088
GCST90200384	GCST90200384	European	EUR	af_assigned	ukb-ancestry-mixture-hg38	24407	EUR	1	1	0.00818303	ok	0	0	0	1	0	0	0	false	dominant=EUR proportion=1.000 margin=1.000 overlap=24407 residual=0.0082
GCST90200385	GCST90200385	European	EUR	af_assigned	ukb-ancestry-mixture-hg38	11820	EUR	1	1	0.0090174	ok	0	0	0	1	0	0	0	false	dominant=EUR proportion=1.000 margin=1.000 overlap=11820 residual=0.0090
GCST90200386	GCST90200386	European	EUR	af_assigned	ukb-ancestry-mixture-hg38	20622	EUR	0.998486	0.997622	0.00794633	ok	0.000650673	0.00086353	0	0.998486	0	0	0	false	dominant=EUR proportion=0.998 margin=0.998 overlap=20622 residual=0.0079
GCST90200387	GCST90200387	European	EUR	af_assigned	ukb-ancestry-mixture-hg38	8070	EUR	1	1	0.00951344	ok	0	0	0	1	0	0	0	false	dominant=EUR proportion=1.000 margin=1.000 overlap=8070 residual=0.0095
GCST90200388	GCST90200388	European	EUR	af_assigned	ukb-ancestry-mixture-hg38	15448	EUR	0.999897	0.999794	0.00849907	ok	0.000102981	0	0	0.999897	0	0	0	false	dominant=EUR proportion=1.000 margin=1.000 overlap=15448 residual=0.0085
GCST90200389	GCST90200389	European	EUR	af_assigned	ukb-ancestry-mixture-hg38	8054	EUR	1	1	0.00952441	ok	0	0	0	1	0	0	0	false	dominant=EUR proportion=1.000 margin=1.000 overlap=8054 residual=0.0095
GCST90200390	GCST90200390	European	EUR	af_assigned	ukb-ancestry-mixture-hg38	8055	EUR	1	1	0.00952041	ok	0	0	0	1	0	0	0	false	dominant=EUR proportion=1.000 margin=1.000 overlap=8055 residual=0.0095
GCST90200391	GCST90200391	European	EUR	af_assigned	ukb-ancestry-mixture-hg38	12184	EUR	1	1	0.00859376	ok	0	0	0	1	0	0	0	false	dominant=EUR proportion=1.000 margin=1.000 overlap=12184 residual=0.0086
GCST90200392	GCST90200392	European	EUR	af_assigned	ukb-ancestry-mixture-hg38	26388	EUR	0.998627	0.997253	0.0102124	ok	0	0.00137336	0	0.998627	0	0	0	false	dominant=EUR proportion=0.999 margin=0.997 overlap=26388 residual=0.0102
GCST90200393	GCST90200393	European	EUR	af_assigned	ukb-ancestry-mixture-hg38	18151	EUR	0.993875	0.991155	0.00857226	ok	0	0.00266899	0.000736818	0.993875	0	0	0.00271961	false	dominant=EUR proportion=0.994 margin=0.991 overlap=18151 residual=0.0086
GCST90200394	GCST90200394	European	EUR	af_assigned	ukb-ancestry-mixture-hg38	8054	EUR	1	1	0.00993971	ok	0	0	0	1	0	0	0	false	dominant=EUR proportion=1.000 margin=1.000 overlap=8054 residual=0.0099
GCST90200395	GCST90200395	European	EUR	af_assigned	ukb-ancestry-mixture-hg38	8063	EUR	1	1	0.010034	ok	0	0	0	1	0	0	0	false	dominant=EUR proportion=1.000 margin=1.000 overlap=8063 residual=0.0100
GCST90200396	GCST90200396	European	EUR	af_assigned	ukb-ancestry-mixture-hg38	12093	EUR	1	1	0.00902362	ok	0	0	0	1	0	0	0	false	dominant=EUR proportion=1.000 margin=1.000 overlap=12093 residual=0.0090
GCST90200397	GCST90200397	European	EUR	af_assigned	ukb-ancestry-mixture-hg38	10509	EUR	0.999696	0.999391	0.00892982	ok	0	0.00030443	0	0.999696	0	0	0	false	dominant=EUR proportion=1.000 margin=0.999 overlap=10509 residual=0.0089
GCST90200398	GCST90200398	European	EUR	af_assigned	ukb-ancestry-mixture-hg38	15661	EUR	1	1	0.00858171	ok	0	0	0	1	0	0	0	false	dominant=EUR proportion=1.000 margin=1.000 overlap=15661 residual=0.0086
GCST90200399	GCST90200399	European	EUR	af_assigned	ukb-ancestry-mixture-hg38	12001	EUR	1	1	0.0092997	ok	0	0	0	1	0	0	0	false	dominant=EUR proportion=1.000 margin=1.000 overlap=12001 residual=0.0093
GCST90200400	GCST90200400	European	EUR	af_assigned	ukb-ancestry-mixture-hg38	11024	EUR	1	1	0.00873939	ok	0	0	0	1	0	0	0	false	dominant=EUR proportion=1.000 margin=1.000 overlap=11024 residual=0.0087
GCST90200401	GCST90200401	European	EUR	af_assigned	ukb-ancestry-mixture-hg38	15400	EUR	0.999325	0.998651	0.0103351	ok	0	0.00067455	0	0.999325	0	0	0	false	dominant=EUR proportion=0.999 margin=0.999 overlap=15400 residual=0.0103
GCST90200402	GCST90200402	European	EUR	af_assigned	ukb-ancestry-mixture-hg38	24786	EUR	0.998392	0.997255	0.00792543	ok	0	0.000471868	0.00113662	0.998392	0	0	0	false	dominant=EUR proportion=0.998 margin=0.997 overlap=24786 residual=0.0079
GCST90200403	GCST90200403	European	EUR	af_assigned	ukb-ancestry-mixture-hg38	15308	EUR	1	1	0.00892522	ok	0	0	0	1	0	0	0	false	dominant=EUR proportion=1.000 margin=1.000 overlap=15308 residual=0.0089
GCST90200404	GCST90200404	European	EUR	af_assigned	ukb-ancestry-mixture-hg38	16372	EUR	0.999832	0.999664	0.0101996	ok	0	0.000167847	0	0.999832	0	0	0	false	dominant=EUR proportion=1.000 margin=1.000 overlap=16372 residual=0.0102
GCST90200405	GCST90200405	European	EUR	af_assigned	ukb-ancestry-mixture-hg38	15113	EUR	1	1	0.00820209	ok	0	0	0	1	0	0	0	false	dominant=EUR proportion=1.000 margin=1.000 overlap=15113 residual=0.0082
GCST90200406	GCST90200406	European	EUR	af_assigned	ukb-ancestry-mixture-hg38	12323	EUR	1	1	0.0110618	ok	0	0	0	1	0	0	0	false	dominant=EUR proportion=1.000 margin=1.000 overlap=12323 residual=0.0111
GCST90200407	GCST90200407	European	EUR	af_assigned	ukb-ancestry-mixture-hg38	23803	EUR	0.998989	0.997978	0.00963243	ok	0	0.00101102	0	0.998989	0	0	0	false	dominant=EUR proportion=0.999 margin=0.998 overlap=23803 residual=0.0096
GCST90200408	GCST90200408	European	EUR	af_assigned	ukb-ancestry-mixture-hg38	8054	EUR	1	1	0.00951842	ok	0	0	0	1	0	0	0	false	dominant=EUR proportion=1.000 margin=1.000 overlap=8054 residual=0.0095
GCST90200409	GCST90200409	European	EUR	af_assigned	ukb-ancestry-mixture-hg38	8064	EUR	1	1	0.0097051	ok	0	0	0	1	0	0	0	false	dominant=EUR proportion=1.000 margin=1.000 overlap=8064 residual=0.0097
GCST90200410	GCST90200410	European	EUR	af_assigned	ukb-ancestry-mixture-hg38	8054	EUR	1	1	0.00952103	ok	0	0	0	1	0	0	0	false	dominant=EUR proportion=1.000 margin=1.000 overlap=8054 residual=0.0095
GCST90200411	GCST90200411	European	EUR	af_assigned	ukb-ancestry-mixture-hg38	11292	EUR	1	1	0.00901575	ok	0	0	0	1	0	0	0	false	dominant=EUR proportion=1.000 margin=1.000 overlap=11292 residual=0.0090
GCST90200412	GCST90200412	European	EUR	af_assigned	ukb-ancestry-mixture-hg38	11099	EUR	0.999903	0.999806	0.00864403	ok	0	9.70688e-05	0	0.999903	0	0	0	false	dominant=EUR proportion=1.000 margin=1.000 overlap=11099 residual=0.0086
GCST90200413	GCST90200413	European	EUR	af_assigned	ukb-ancestry-mixture-hg38	18573	EUR	0.99541	0.990819	0.00866847	ok	0	0.00459047	0	0.99541	0	0	0	false	dominant=EUR proportion=0.995 margin=0.991 overlap=18573 residual=0.0087
GCST90200414	GCST90200414	European	EUR	af_assigned	ukb-ancestry-mixture-hg38	8058	EUR	1	1	0.00951578	ok	0	0	0	1	0	0	0	false	dominant=EUR proportion=1.000 margin=1.000 overlap=8058 residual=0.0095
GCST90200415	GCST90200415	European	EUR	af_assigned	ukb-ancestry-mixture-hg38	19932	EUR	0.998814	0.997628	0.00892465	ok	0	0	0.00118587	0.998814	0	0	0	false	dominant=EUR proportion=0.999 margin=0.998 overlap=19932 residual=0.0089
GCST90200416	GCST90200416	European	EUR	af_assigned	ukb-ancestry-mixture-hg38	23542	EUR	0.996522	0.993044	0.00886243	ok	0	0.00347816	0	0.996522	0	0	0	false	dominant=EUR proportion=0.997 margin=0.993 overlap=23542 residual=0.0089
GCST90200417	GCST90200417	European	EUR	af_assigned	ukb-ancestry-mixture-hg38	8065	EUR	1	1	0.00952184	ok	0	0	0	1	0	0	0	false	dominant=EUR proportion=1.000 margin=1.000 overlap=8065 residual=0.0095
GCST90200418	GCST90200418	European	EUR	af_assigned	ukb-ancestry-mixture-hg38	118661	EUR	1	1	0.00857472	ok	0	0	0	1	0	0	0	false	dominant=EUR proportion=1.000 margin=1.000 overlap=118661 residual=0.0086
GCST90200419	GCST90200419	European	EUR	af_assigned	ukb-ancestry-mixture-hg38	17176	EUR	1	1	0.00872744	ok	0	0	0	1	0	0	0	false	dominant=EUR proportion=1.000 margin=1.000 overlap=17176 residual=0.0087
GCST90200420	GCST90200420	European	EUR	af_assigned	ukb-ancestry-mixture-hg38	11880	EUR	1	1	0.00884136	ok	0	0	0	1	0	0	0	false	dominant=EUR proportion=1.000 margin=1.000 overlap=11880 residual=0.0088
GCST90200421	GCST90200421	European	EUR	af_assigned	ukb-ancestry-mixture-hg38	12369	EUR	0.998952	0.997904	0.00896068	ok	0	0	0	0.998952	0	0	0.00104781	false	dominant=EUR proportion=0.999 margin=0.998 overlap=12369 residual=0.0090
GCST90200422	GCST90200422	European	EUR	af_assigned	ukb-ancestry-mixture-hg38	8056	EUR	1	1	0.00958388	ok	0	0	0	1	0	0	0	false	dominant=EUR proportion=1.000 margin=1.000 overlap=8056 residual=0.0096
GCST90200423	GCST90200423	European	EUR	af_assigned	ukb-ancestry-mixture-hg38	12168	EUR	0.999449	0.998897	0.00962779	ok	0	0.000551483	0	0.999449	0	0	0	false	dominant=EUR proportion=0.999 margin=0.999 overlap=12168 residual=0.0096
GCST90200424	GCST90200424	European	EUR	af_assigned	ukb-ancestry-mixture-hg38	17773	EUR	0.999568	0.999137	0.00967421	ok	0	0.000431633	0	0.999568	0	0	0	false	dominant=EUR proportion=1.000 margin=0.999 overlap=17773 residual=0.0097
GCST90200425	GCST90200425	European	EUR	af_assigned	ukb-ancestry-mixture-hg38	29461	EUR	1	1	0.00972303	ok	0	0	0	1	0	0	0	false	dominant=EUR proportion=1.000 margin=1.000 overlap=29461 residual=0.0097
GCST90200426	GCST90200426	European	EUR	af_assigned	ukb-ancestry-mixture-hg38	12235	EUR	0.99813	0.99626	0.00880696	ok	0	0.00187014	0	0.99813	0	0	0	false	dominant=EUR proportion=0.998 margin=0.996 overlap=12235 residual=0.0088
GCST90200427	GCST90200427	European	EUR	af_assigned	ukb-ancestry-mixture-hg38	18919	EUR	0.997576	0.995152	0.00835623	ok	0	0.00242375	0	0.997576	0	0	0	false	dominant=EUR proportion=0.998 margin=0.995 overlap=18919 residual=0.0084
GCST90200428	GCST90200428	European	EUR	af_assigned	ukb-ancestry-mixture-hg38	16353	EUR	0.999068	0.998135	0.0083129	ok	0	0.000932328	0	0.999068	0	0	0	false	dominant=EUR proportion=0.999 margin=0.998 overlap=16353 residual=0.0083
GCST90200429	GCST90200429	European	EUR	af_assigned	ukb-ancestry-mixture-hg38	29256	EUR	0.999339	0.998679	0.00852865	ok	0.000660584	0	0	0.999339	0	0	0	false	dominant=EUR proportion=0.999 margin=0.999 overlap=29256 residual=0.0085
GCST90200430	GCST90200430	European	EUR	af_assigned	ukb-ancestry-mixture-hg38	8060	EUR	1	1	0.00951969	ok	0	0	0	1	0	0	0	false	dominant=EUR proportion=1.000 margin=1.000 overlap=8060 residual=0.0095
GCST90200431	GCST90200431	European	EUR	af_assigned	ukb-ancestry-mixture-hg38	8067	EUR	1	1	0.00951716	ok	0	0	0	1	0	0	0	false	dominant=EUR proportion=1.000 margin=1.000 overlap=8067 residual=0.0095
GCST90200432	GCST90200432	European	EUR	af_assigned	ukb-ancestry-mixture-hg38	24472	EUR	0.996761	0.993961	0.00839167	ok	0	0.000439531	0	0.996761	0	0.0027996	0	false	dominant=EUR proportion=0.997 margin=0.994 overlap=24472 residual=0.0084
GCST90200433	GCST90200433	European	EUR	af_assigned	ukb-ancestry-mixture-hg38	8054	EUR	1	1	0.00962668	ok	0	0	0	1	0	0	0	false	dominant=EUR proportion=1.000 margin=1.000 overlap=8054 residual=0.0096
GCST90200434	GCST90200434	European	EUR	af_assigned	ukb-ancestry-mixture-hg38	8062	EUR	1	1	0.00955089	ok	0	0	0	1	0	0	0	false	dominant=EUR proportion=1.000 margin=1.000 overlap=8062 residual=0.0096
GCST90200435	GCST90200435	European	EUR	af_assigned	ukb-ancestry-mixture-hg38	20661	EUR	0.998107	0.996213	0.009882	ok	0	0.0018935	0	0.998107	0	0	0	false	dominant=EUR proportion=0.998 margin=0.996 overlap=20661 residual=0.0099
GCST90200436	GCST90200436	European	EUR	af_assigned	ukb-ancestry-mixture-hg38	28641	EUR	1	1	0.00879336	ok	0	0	0	1	0	0	0	false	dominant=EUR proportion=1.000 margin=1.000 overlap=28641 residual=0.0088
GCST90200437	GCST90200437	European	EUR	af_assigned	ukb-ancestry-mixture-hg38	26084	EUR	0.994726	0.989512	0.00844499	ok	5.97514e-05	0.0052143	0	0.994726	0	0	0	false	dominant=EUR proportion=0.995 margin=0.990 overlap=26084 residual=0.0084
GCST90200438	GCST90200438	European	EUR	af_assigned	ukb-ancestry-mixture-hg38	8055	EUR	1	1	0.00953094	ok	0	0	0	1	0	0	0	false	dominant=EUR proportion=1.000 margin=1.000 overlap=8055 residual=0.0095
GCST90200439	GCST90200439	European	EUR	af_assigned	ukb-ancestry-mixture-hg38	8060	EUR	1	1	0.00951436	ok	0	0	0	1	0	0	0	false	dominant=EUR proportion=1.000 margin=1.000 overlap=8060 residual=0.0095
GCST90200440	GCST90200440	European	EUR	af_assigned	ukb-ancestry-mixture-hg38	22197	EUR	1	1	0.00900551	ok	0	0	0	1	0	0	0	false	dominant=EUR proportion=1.000 margin=1.000 overlap=22197 residual=0.0090
GCST90200441	GCST90200441	European	EUR	af_assigned	ukb-ancestry-mixture-hg38	16613	EUR	0.995942	0.991884	0.00825846	ok	0	0.00405805	0	0.995942	0	0	0	false	dominant=EUR proportion=0.996 margin=0.992 overlap=16613 residual=0.0083
GCST90200442	GCST90200442	European	EUR	af_assigned	ukb-ancestry-mixture-hg38	8058	EUR	1	1	0.00951971	ok	0	0	0	1	0	0	0	false	dominant=EUR proportion=1.000 margin=1.000 overlap=8058 residual=0.0095
GCST90200443	GCST90200443	European	EUR	af_assigned	ukb-ancestry-mixture-hg38	16462	EUR	1	1	0.00783972	ok	0	0	0	1	0	0	0	false	dominant=EUR proportion=1.000 margin=1.000 overlap=16462 residual=0.0078
GCST90200444	GCST90200444	European	EUR	af_assigned	ukb-ancestry-mixture-hg38	31505	EUR	1	1	0.00881877	ok	0	0	0	1	0	0	0	false	dominant=EUR proportion=1.000 margin=1.000 overlap=31505 residual=0.0088
GCST90200445	GCST90200445	European	EUR	af_assigned	ukb-ancestry-mixture-hg38	21139	EUR	0.997967	0.996076	0.00936282	ok	0	0.000141464	0	0.997967	0.00189138	0	0	false	dominant=EUR proportion=0.998 margin=0.996 overlap=21139 residual=0.0094
GCST90200446	GCST90200446	European	EUR	af_assigned	ukb-ancestry-mixture-hg38	8054	EUR	1	1	0.00951766	ok	0	0	0	1	0	0	0	false	dominant=EUR proportion=1.000 margin=1.000 overlap=8054 residual=0.0095
GCST90200447	GCST90200447	European	EUR	af_assigned	ukb-ancestry-mixture-hg38	8059	EUR	1	1	0.0097473	ok	0	0	0	1	0	0	0	false	dominant=EUR proportion=1.000 margin=1.000 overlap=8059 residual=0.0097
GCST90200448	GCST90200448	European	EUR	af_assigned	ukb-ancestry-mixture-hg38	12109	EUR	1	1	0.00884111	ok	0	0	0	1	0	0	0	false	dominant=EUR proportion=1.000 margin=1.000 overlap=12109 residual=0.0088
GCST90200449	GCST90200449	European	EUR	af_assigned	ukb-ancestry-mixture-hg38	8052	EUR	1	1	0.00956001	ok	0	0	0	1	0	0	0	false	dominant=EUR proportion=1.000 margin=1.000 overlap=8052 residual=0.0096
GCST90200450	GCST90200450	European	EUR	af_assigned	ukb-ancestry-mixture-hg38	24112	EUR	0.994959	0.989918	0.00931598	ok	0	0.00504121	0	0.994959	0	0	0	false	dominant=EUR proportion=0.995 margin=0.990 overlap=24112 residual=0.0093
GCST90200451	GCST90200451	European	EUR	af_assigned	ukb-ancestry-mixture-hg38	8059	EUR	1	1	0.00952178	ok	0	0	0	1	0	0	0	false	dominant=EUR proportion=1.000 margin=1.000 overlap=8059 residual=0.0095
GCST90200452	GCST90200452	European	EUR	af_assigned	ukb-ancestry-mixture-hg38	23577	EUR	1	1	0.0096206	ok	0	0	0	1	0	0	0	false	dominant=EUR proportion=1.000 margin=1.000 overlap=23577 residual=0.0096
GCST90200453	GCST90200453	European	EUR	af_assigned	ukb-ancestry-mixture-hg38	20231	EUR	0.999217	0.998433	0.00798497	ok	0	0	0.00078341	0.999217	0	0	0	false	dominant=EUR proportion=0.999 margin=0.998 overlap=20231 residual=0.0080
GCST90200454	GCST90200454	European	EUR	af_assigned	ukb-ancestry-mixture-hg38	22203	EUR	0.999616	0.999233	0.00934554	ok	0	0	0.000383535	0.999616	0	0	0	false	dominant=EUR proportion=1.000 margin=0.999 overlap=22203 residual=0.0093
GCST90200455	GCST90200455	European	EUR	af_assigned	ukb-ancestry-mixture-hg38	27004	EUR	1	1	0.00823256	ok	0	0	0	1	0	0	0	false	dominant=EUR proportion=1.000 margin=1.000 overlap=27004 residual=0.0082
GCST90200456	GCST90200456	European	EUR	af_assigned	ukb-ancestry-mixture-hg38	21952	EUR	0.993961	0.990726	0.0105824	ok	0	0.000123688	0.00323484	0.993961	0	0.00268096	0	false	dominant=EUR proportion=0.994 margin=0.991 overlap=21952 residual=0.0106
GCST90200457	GCST90200457	European	EUR	af_assigned	ukb-ancestry-mixture-hg38	8057	EUR	1	1	0.00951998	ok	0	0	0	1	0	0	0	false	dominant=EUR proportion=1.000 margin=1.000 overlap=8057 residual=0.0095
GCST90200458	GCST90200458	European	EUR	af_assigned	ukb-ancestry-mixture-hg38	23262	EUR	1	1	0.00858242	ok	0	0	0	1	0	0	0	false	dominant=EUR proportion=1.000 margin=1.000 overlap=23262 residual=0.0086
GCST90200459	GCST90200459	European	EUR	af_assigned	ukb-ancestry-mixture-hg38	8058	EUR	1	1	0.00951578	ok	0	0	0	1	0	0	0	false	dominant=EUR proportion=1.000 margin=1.000 overlap=8058 residual=0.0095
GCST90200460	GCST90200460	European	EUR	af_assigned	ukb-ancestry-mixture-hg38	16084	EUR	0.999089	0.998178	0.0100815	ok	0	0.000910902	0	0.999089	0	0	0	false	dominant=EUR proportion=0.999 margin=0.998 overlap=16084 residual=0.0101
GCST90200461	GCST90200461	European	EUR	af_assigned	ukb-ancestry-mixture-hg38	21706	EUR	1	1	0.00836507	ok	0	0	0	1	0	0	0	false	dominant=EUR proportion=1.000 margin=1.000 overlap=21706 residual=0.0084
GCST90200462	GCST90200462	European	EUR	af_assigned	ukb-ancestry-mixture-hg38	16339	EUR	0.993061	0.986121	0.00836166	ok	0	0.00693936	0	0.993061	0	0	0	false	dominant=EUR proportion=0.993 margin=0.986 overlap=16339 residual=0.0084
GCST90200463	GCST90200463	European	EUR	af_assigned	ukb-ancestry-mixture-hg38	18108	EUR	0.999212	0.998424	0.0100667	ok	0	0.000788183	0	0.999212	0	0	0	false	dominant=EUR proportion=0.999 margin=0.998 overlap=18108 residual=0.0101
GCST90200464	GCST90200464	European	EUR	af_assigned	ukb-ancestry-mixture-hg38	12151	EUR	1	1	0.00910062	ok	0	0	0	1	0	0	0	false	dominant=EUR proportion=1.000 margin=1.000 overlap=12151 residual=0.0091
GCST90200465	GCST90200465	European	EUR	af_assigned	ukb-ancestry-mixture-hg38	23758	EUR	0.999868	0.999736	0.00955531	ok	0	0	0.000131826	0.999868	0	0	0	false	dominant=EUR proportion=1.000 margin=1.000 overlap=23758 residual=0.0096
GCST90200466	GCST90200466	European	EUR	af_assigned	ukb-ancestry-mixture-hg38	8064	EUR	1	1	0.00954671	ok	0	0	0	1	0	0	0	false	dominant=EUR proportion=1.000 margin=1.000 overlap=8064 residual=0.0095
GCST90200467	GCST90200467	European	EUR	af_assigned	ukb-ancestry-mixture-hg38	11616	EUR	0.99802	0.99604	0.00900156	ok	0	0.00197979	0	0.99802	0	0	0	false	dominant=EUR proportion=0.998 margin=0.996 overlap=11616 residual=0.0090
GCST90200468	GCST90200468	European	EUR	af_assigned	ukb-ancestry-mixture-hg38	8052	EUR	1	1	0.00956554	ok	0	0	0	1	0	0	0	false	dominant=EUR proportion=1.000 margin=1.000 overlap=8052 residual=0.0096
GCST90200469	GCST90200469	European	EUR	af_assigned	ukb-ancestry-mixture-hg38	8059	EUR	1	1	0.00954198	ok	0	0	0	1	0	0	0	false	dominant=EUR proportion=1.000 margin=1.000 overlap=8059 residual=0.0095
GCST90200470	GCST90200470	European	EUR	af_assigned	ukb-ancestry-mixture-hg38	45799	EUR	0.998119	0.996238	0.0102238	ok	0	0	0.00188104	0.998119	0	0	0	false	dominant=EUR proportion=0.998 margin=0.996 overlap=45799 residual=0.0102
GCST90200471	GCST90200471	European	EUR	af_assigned	ukb-ancestry-mixture-hg38	24523	EUR	0.99858	0.997161	0.00936995	ok	0	0.00141952	0	0.99858	0	0	0	false	dominant=EUR proportion=0.999 margin=0.997 overlap=24523 residual=0.0094
GCST90200472	GCST90200472	European	EUR	af_assigned	ukb-ancestry-mixture-hg38	12340	EUR	1	1	0.00848996	ok	0	0	0	1	0	0	0	false	dominant=EUR proportion=1.000 margin=1.000 overlap=12340 residual=0.0085
GCST90200473	GCST90200473	European	EUR	af_assigned	ukb-ancestry-mixture-hg38	11403	EUR	0.998982	0.997964	0.00920594	ok	0	0.00101791	0	0.998982	0	0	0	false	dominant=EUR proportion=0.999 margin=0.998 overlap=11403 residual=0.0092
GCST90200474	GCST90200474	European	EUR	af_assigned	ukb-ancestry-mixture-hg38	30515	EUR	1	1	0.00984813	ok	0	0	0	1	0	0	0	false	dominant=EUR proportion=1.000 margin=1.000 overlap=30515 residual=0.0098
GCST90200475	GCST90200475	European	EUR	af_assigned	ukb-ancestry-mixture-hg38	8063	EUR	1	1	0.00966276	ok	0	0	0	1	0	0	0	false	dominant=EUR proportion=1.000 margin=1.000 overlap=8063 residual=0.0097
GCST90200476	GCST90200476	European	EUR	af_assigned	ukb-ancestry-mixture-hg38	8062	EUR	1	1	0.00958994	ok	0	0	0	1	0	0	0	false	dominant=EUR proportion=1.000 margin=1.000 overlap=8062 residual=0.0096
GCST90200477	GCST90200477	European	EUR	af_assigned	ukb-ancestry-mixture-hg38	27888	EUR	1	1	0.0102071	ok	0	0	0	1	0	0	0	false	dominant=EUR proportion=1.000 margin=1.000 overlap=27888 residual=0.0102
GCST90200478	GCST90200478	European	EUR	af_assigned	ukb-ancestry-mixture-hg38	8062	EUR	1	1	0.00966412	ok	0	0	0	1	0	0	0	false	dominant=EUR proportion=1.000 margin=1.000 overlap=8062 residual=0.0097
GCST90200479	GCST90200479	European	EUR	af_assigned	ukb-ancestry-mixture-hg38	8072	EUR	1	1	0.00956112	ok	0	0	0	1	0	0	0	false	dominant=EUR proportion=1.000 margin=1.000 overlap=8072 residual=0.0096
GCST90200480	GCST90200480	European	EUR	af_assigned	ukb-ancestry-mixture-hg38	14937	EUR	0.995678	0.991357	0.00973344	ok	0	0.00432167	0	0.995678	0	0	0	false	dominant=EUR proportion=0.996 margin=0.991 overlap=14937 residual=0.0097
GCST90200481	GCST90200481	European	EUR	af_assigned	ukb-ancestry-mixture-hg38	8054	EUR	1	1	0.00960351	ok	0	0	0	1	0	0	0	false	dominant=EUR proportion=1.000 margin=1.000 overlap=8054 residual=0.0096
GCST90200482	GCST90200482	European	EUR	af_assigned	ukb-ancestry-mixture-hg38	11087	EUR	1	1	0.00906286	ok	0	0	0	1	0	0	0	false	dominant=EUR proportion=1.000 margin=1.000 overlap=11087 residual=0.0091
GCST90200483	GCST90200483	European	EUR	af_assigned	ukb-ancestry-mixture-hg38	15207	EUR	0.998302	0.996605	0.00932097	ok	0	0.00169771	0	0.998302	0	0	0	false	dominant=EUR proportion=0.998 margin=0.997 overlap=15207 residual=0.0093
GCST90200484	GCST90200484	European	EUR	af_assigned	ukb-ancestry-mixture-hg38	8059	EUR	1	1	0.00970721	ok	0	0	0	1	0	0	0	false	dominant=EUR proportion=1.000 margin=1.000 overlap=8059 residual=0.0097
GCST90200485	GCST90200485	European	EUR	af_assigned	ukb-ancestry-mixture-hg38	20316	EUR	1	1	0.00867101	ok	0	0	0	1	0	0	0	false	dominant=EUR proportion=1.000 margin=1.000 overlap=20316 residual=0.0087
GCST90200486	GCST90200486	European	EUR	af_assigned	ukb-ancestry-mixture-hg38	10787	EUR	1	1	0.00962389	ok	0	0	0	1	0	0	0	false	dominant=EUR proportion=1.000 margin=1.000 overlap=10787 residual=0.0096
GCST90200487	GCST90200487	European	EUR	af_assigned	ukb-ancestry-mixture-hg38	17811	EUR	1	1	0.00847911	ok	0	0	0	1	0	0	0	false	dominant=EUR proportion=1.000 margin=1.000 overlap=17811 residual=0.0085
GCST90200488	GCST90200488	European	EUR	af_assigned	ukb-ancestry-mixture-hg38	24718	EUR	1	1	0.0093915	ok	0	0	0	1	0	0	0	false	dominant=EUR proportion=1.000 margin=1.000 overlap=24718 residual=0.0094
GCST90200489	GCST90200489	European	EUR	af_assigned	ukb-ancestry-mixture-hg38	8059	EUR	1	1	0.00969244	ok	0	0	0	1	0	0	0	false	dominant=EUR proportion=1.000 margin=1.000 overlap=8059 residual=0.0097
GCST90200490	GCST90200490	European	EUR	af_assigned	ukb-ancestry-mixture-hg38	12480	EUR	1	1	0.0104377	ok	0	0	0	1	0	0	0	false	dominant=EUR proportion=1.000 margin=1.000 overlap=12480 residual=0.0104
GCST90200491	GCST90200491	European	EUR	af_assigned	ukb-ancestry-mixture-hg38	19308	EUR	0.998239	0.996478	0.00802483	ok	0	0.00176111	0	0.998239	0	0	0	false	dominant=EUR proportion=0.998 margin=0.996 overlap=19308 residual=0.0080
GCST90200492	GCST90200492	European	EUR	af_assigned	ukb-ancestry-mixture-hg38	15966	EUR	1	1	0.00887724	ok	0	0	0	1	0	0	0	false	dominant=EUR proportion=1.000 margin=1.000 overlap=15966 residual=0.0089
GCST90200493	GCST90200493	European	EUR	af_assigned	ukb-ancestry-mixture-hg38	8061	EUR	1	1	0.00973728	ok	0	0	0	1	0	0	0	false	dominant=EUR proportion=1.000 margin=1.000 overlap=8061 residual=0.0097
GCST90200494	GCST90200494	European	EUR	af_assigned	ukb-ancestry-mixture-hg38	14816	EUR	0.997328	0.995038	0.00897367	ok	0.000381778	0	0	0.997328	0	0.00229021	0	false	dominant=EUR proportion=0.997 margin=0.995 overlap=14816 residual=0.0090
GCST90200495	GCST90200495	European	EUR	af_assigned	ukb-ancestry-mixture-hg38	8052	EUR	1	1	0.00951888	ok	0	0	0	1	0	0	0	false	dominant=EUR proportion=1.000 margin=1.000 overlap=8052 residual=0.0095
GCST90200496	GCST90200496	European	EUR	af_assigned	ukb-ancestry-mixture-hg38	10920	EUR	0.999258	0.998595	0.00927306	ok	7.90433e-05	0.00066277	0	0.999258	0	0	0	false	dominant=EUR proportion=0.999 margin=0.999 overlap=10920 residual=0.0093
GCST90200497	GCST90200497	European	EUR	af_assigned	ukb-ancestry-mixture-hg38	8053	EUR	1	1	0.00970106	ok	0	0	0	1	0	0	0	false	dominant=EUR proportion=1.000 margin=1.000 overlap=8053 residual=0.0097
GCST90200498	GCST90200498	European	EUR	af_assigned	ukb-ancestry-mixture-hg38	8052	EUR	1	1	0.00965155	ok	0	0	0	1	0	0	0	false	dominant=EUR proportion=1.000 margin=1.000 overlap=8052 residual=0.0097
GCST90200499	GCST90200499	European	EUR	af_assigned	ukb-ancestry-mixture-hg38	12630	EUR	0.999759	0.999517	0.00911965	ok	0.000241258	0	0	0.999759	0	0	0	false	dominant=EUR proportion=1.000 margin=1.000 overlap=12630 residual=0.0091
GCST90200500	GCST90200500	European	EUR	af_assigned	ukb-ancestry-mixture-hg38	17602	EUR	0.997495	0.996134	0.00912691	ok	0	0	0.00136038	0.997495	0	0	0.00114511	false	dominant=EUR proportion=0.997 margin=0.996 overlap=17602 residual=0.0091
GCST90200501	GCST90200501	European	EUR	af_assigned	ukb-ancestry-mixture-hg38	12422	EUR	1	1	0.00938581	ok	0	0	0	1	0	0	0	false	dominant=EUR proportion=1.000 margin=1.000 overlap=12422 residual=0.0094
GCST90200502	GCST90200502	European	EUR	af_assigned	ukb-ancestry-mixture-hg38	19796	EUR	0.997724	0.996761	0.00855206	ok	0.000495831	0.000817446	0	0.997724	0	0.000962634	0	false	dominant=EUR proportion=0.998 margin=0.997 overlap=19796 residual=0.0086
GCST90200503	GCST90200503	European	EUR	af_assigned	ukb-ancestry-mixture-hg38	23865	EUR	0.999196	0.99863	0.00865835	ok	0.000238566	0.000565635	0	0.999196	0	0	0	false	dominant=EUR proportion=0.999 margin=0.999 overlap=23865 residual=0.0087
GCST90200504	GCST90200504	European	EUR	af_assigned	ukb-ancestry-mixture-hg38	8063	EUR	1	1	0.00971143	ok	0	0	0	1	0	0	0	false	dominant=EUR proportion=1.000 margin=1.000 overlap=8063 residual=0.0097
GCST90200505	GCST90200505	European	EUR	af_assigned	ukb-ancestry-mixture-hg38	8056	EUR	1	1	0.00973236	ok	0	0	0	1	0	0	0	false	dominant=EUR proportion=1.000 margin=1.000 overlap=8056 residual=0.0097
GCST90200506	GCST90200506	European	EUR	af_assigned	ukb-ancestry-mixture-hg38	8056	EUR	1	1	0.0096724	ok	0	0	0	1	0	0	0	false	dominant=EUR proportion=1.000 margin=1.000 overlap=8056 residual=0.0097
GCST90200507	GCST90200507	European	EUR	af_assigned	ukb-ancestry-mixture-hg38	16950	EUR	0.997103	0.994961	0.00831013	ok	0	0.000753693	0.00214281	0.997103	0	0	0	false	dominant=EUR proportion=0.997 margin=0.995 overlap=16950 residual=0.0083
GCST90200508	GCST90200508	European	EUR	af_assigned	ukb-ancestry-mixture-hg38	8053	EUR	1	1	0.00982924	ok	0	0	0	1	0	0	0	false	dominant=EUR proportion=1.000 margin=1.000 overlap=8053 residual=0.0098
GCST90200509	GCST90200509	European	EUR	af_assigned	ukb-ancestry-mixture-hg38	150393	EUR	1	1	0.00937123	ok	0	0	0	1	0	0	0	false	dominant=EUR proportion=1.000 margin=1.000 overlap=150393 residual=0.0094
GCST90200510	GCST90200510	European	EUR	af_assigned	ukb-ancestry-mixture-hg38	8060	EUR	1	1	0.00952353	ok	0	0	0	1	0	0	0	false	dominant=EUR proportion=1.000 margin=1.000 overlap=8060 residual=0.0095
GCST90200511	GCST90200511	European	EUR	af_assigned	ukb-ancestry-mixture-hg38	8057	EUR	1	1	0.00954356	ok	0	0	0	1	0	0	0	false	dominant=EUR proportion=1.000 margin=1.000 overlap=8057 residual=0.0095
GCST90200512	GCST90200512	European	EUR	af_assigned	ukb-ancestry-mixture-hg38	27129	EUR	0.9971	0.995495	0.00848504	ok	0	0.00160485	0.00129548	0.9971	0	0	0	false	dominant=EUR proportion=0.997 margin=0.995 overlap=27129 residual=0.0085
GCST90200513	GCST90200513	European	EUR	af_assigned	ukb-ancestry-mixture-hg38	8057	EUR	1	1	0.00954709	ok	0	0	0	1	0	0	0	false	dominant=EUR proportion=1.000 margin=1.000 overlap=8057 residual=0.0095
GCST90200514	GCST90200514	European	EUR	af_assigned	ukb-ancestry-mixture-hg38	16590	EUR	0.998817	0.998216	0.00849049	ok	0.000265999	0.000601143	0	0.998817	0	0	0.00031592	false	dominant=EUR proportion=0.999 margin=0.998 overlap=16590 residual=0.0085
GCST90200515	GCST90200515	European	EUR	af_assigned	ukb-ancestry-mixture-hg38	8065	EUR	1	1	0.00956569	ok	0	0	0	1	0	0	0	false	dominant=EUR proportion=1.000 margin=1.000 overlap=8065 residual=0.0096
GCST90200516	GCST90200516	European	EUR	af_assigned	ukb-ancestry-mixture-hg38	13092	EUR	0.998496	0.996991	0.00865909	ok	0	0.00150449	0	0.998496	0	0	0	false	dominant=EUR proportion=0.998 margin=0.997 overlap=13092 residual=0.0087
GCST90200517	GCST90200517	European	EUR	af_assigned	ukb-ancestry-mixture-hg38	12830	EUR	1	1	0.0107207	ok	0	0	0	1	0	0	0	false	dominant=EUR proportion=1.000 margin=1.000 overlap=12830 residual=0.0107
GCST90200518	GCST90200518	European	EUR	af_assigned	ukb-ancestry-mixture-hg38	19423	EUR	0.991297	0.987768	0.0129181	ok	0.00122564	0.00352859	0.000467162	0.991297	0	0.00348199	0	false	dominant=EUR proportion=0.991 margin=0.988 overlap=19423 residual=0.0129
GCST90200519	GCST90200519	European	EUR	af_assigned	ukb-ancestry-mixture-hg38	10924	EUR	0.998528	0.997176	0.00924856	ok	0.000119934	0	0	0.998528	0	0.00135193	0	false	dominant=EUR proportion=0.999 margin=0.997 overlap=10924 residual=0.0092
GCST90200520	GCST90200520	European	EUR	af_assigned	ukb-ancestry-mixture-hg38	8067	EUR	1	1	0.00966685	ok	0	0	0	1	0	0	0	false	dominant=EUR proportion=1.000 margin=1.000 overlap=8067 residual=0.0097
GCST90200521	GCST90200521	European	EUR	af_assigned	ukb-ancestry-mixture-hg38	8057	EUR	1	1	0.00959272	ok	0	0	0	1	0	0	0	false	dominant=EUR proportion=1.000 margin=1.000 overlap=8057 residual=0.0096
GCST90200522	GCST90200522	European	EUR	af_assigned	ukb-ancestry-mixture-hg38	8050	EUR	1	1	0.00955473	ok	0	0	0	1	0	0	0	false	dominant=EUR proportion=1.000 margin=1.000 overlap=8050 residual=0.0096
GCST90200523	GCST90200523	European	EUR	af_assigned	ukb-ancestry-mixture-hg38	29823	EUR	1	1	0.0103252	ok	0	0	0	1	0	0	0	false	dominant=EUR proportion=1.000 margin=1.000 overlap=29823 residual=0.0103
GCST90200524	GCST90200524	European	EUR	af_assigned	ukb-ancestry-mixture-hg38	8053	EUR	1	1	0.00973952	ok	0	0	0	1	0	0	0	false	dominant=EUR proportion=1.000 margin=1.000 overlap=8053 residual=0.0097
GCST90200525	GCST90200525	European	EUR	af_assigned	ukb-ancestry-mixture-hg38	12038	EUR	1	1	0.00975805	ok	0	0	0	1	0	0	0	false	dominant=EUR proportion=1.000 margin=1.000 overlap=12038 residual=0.0098
GCST90200526	GCST90200526	European	EUR	af_assigned	ukb-ancestry-mixture-hg38	8056	EUR	1	1	0.00952311	ok	0	0	0	1	0	0	0	false	dominant=EUR proportion=1.000 margin=1.000 overlap=8056 residual=0.0095
GCST90200527	GCST90200527	European	EUR	af_assigned	ukb-ancestry-mixture-hg38	13725	EUR	0.997752	0.995503	0.00849327	ok	0	0.0022483	0	0.997752	0	0	0	false	dominant=EUR proportion=0.998 margin=0.996 overlap=13725 residual=0.0085
GCST90200528	GCST90200528	European	EUR	af_assigned	ukb-ancestry-mixture-hg38	8056	EUR	1	1	0.00955766	ok	0	0	0	1	0	0	0	false	dominant=EUR proportion=1.000 margin=1.000 overlap=8056 residual=0.0096
GCST90200529	GCST90200529	European	EUR	af_assigned	ukb-ancestry-mixture-hg38	17154	EUR	0.995743	0.993799	0.00916648	ok	0	0.00194363	0.00124089	0.995743	0	0	0.00107286	false	dominant=EUR proportion=0.996 margin=0.994 overlap=17154 residual=0.0092
GCST90200530	GCST90200530	European	EUR	af_assigned	ukb-ancestry-mixture-hg38	14110	EUR	1	1	0.00876031	ok	0	0	0	1	0	0	0	false	dominant=EUR proportion=1.000 margin=1.000 overlap=14110 residual=0.0088
GCST90200531	GCST90200531	European	EUR	af_assigned	ukb-ancestry-mixture-hg38	8058	EUR	1	1	0.00953625	ok	0	0	0	1	0	0	0	false	dominant=EUR proportion=1.000 margin=1.000 overlap=8058 residual=0.0095
GCST90200532	GCST90200532	European	EUR	af_assigned	ukb-ancestry-mixture-hg38	25395	EUR	0.997321	0.994641	0.010942	ok	0	0	0.00267927	0.997321	0	0	0	false	dominant=EUR proportion=0.997 margin=0.995 overlap=25395 residual=0.0109
GCST90200533	GCST90200533	European	EUR	af_assigned	ukb-ancestry-mixture-hg38	13805	EUR	0.997982	0.995964	0.00848122	ok	0	0.00201801	0	0.997982	0	0	0	false	dominant=EUR proportion=0.998 margin=0.996 overlap=13805 residual=0.0085
GCST90200534	GCST90200534	European	EUR	af_assigned	ukb-ancestry-mixture-hg38	8061	EUR	1	1	0.00952746	ok	0	0	0	1	0	0	0	false	dominant=EUR proportion=1.000 margin=1.000 overlap=8061 residual=0.0095
GCST90200535	GCST90200535	European	EUR	af_assigned	ukb-ancestry-mixture-hg38	11477	EUR	0.999391	0.998782	0.00897719	ok	0	0.000608751	0	0.999391	0	0	0	false	dominant=EUR proportion=0.999 margin=0.999 overlap=11477 residual=0.0090
GCST90200536	GCST90200536	European	EUR	af_assigned	ukb-ancestry-mixture-hg38	19903	EUR	1	1	0.00930001	ok	0	0	0	1	0	0	0	false	dominant=EUR proportion=1.000 margin=1.000 overlap=19903 residual=0.0093
GCST90200537	GCST90200537	European	EUR	af_assigned	ukb-ancestry-mixture-hg38	31873	EUR	0.999676	0.999351	0.00882321	ok	0	0	0.000324264	0.999676	0	0	0	false	dominant=EUR proportion=1.000 margin=0.999 overlap=31873 residual=0.0088
GCST90200538	GCST90200538	European	EUR	af_assigned	ukb-ancestry-mixture-hg38	10745	EUR	0.998871	0.997969	0.00910814	ok	0.000228284	0.000901213	0	0.998871	0	0	0	false	dominant=EUR proportion=0.999 margin=0.998 overlap=10745 residual=0.0091
GCST90200539	GCST90200539	European	EUR	af_assigned	ukb-ancestry-mixture-hg38	16156	EUR	0.999497	0.998995	0.00848281	ok	0	0.000502623	0	0.999497	0	0	0	false	dominant=EUR proportion=0.999 margin=0.999 overlap=16156 residual=0.0085
GCST90200540	GCST90200540	European	EUR	af_assigned	ukb-ancestry-mixture-hg38	10457	EUR	1	1	0.00892241	ok	0	0	0	1	0	0	0	false	dominant=EUR proportion=1.000 margin=1.000 overlap=10457 residual=0.0089
GCST90200541	GCST90200541	European	EUR	af_assigned	ukb-ancestry-mixture-hg38	2305099	EUR	1	1	0.00909973	ok	0	0	0	1	0	0	0	false	dominant=EUR proportion=1.000 margin=1.000 overlap=2305099 residual=0.0091
GCST90200542	GCST90200542	European	EUR	af_assigned	ukb-ancestry-mixture-hg38	8067	EUR	1	1	0.0095352	ok	0	0	0	1	0	0	0	false	dominant=EUR proportion=1.000 margin=1.000 overlap=8067 residual=0.0095
GCST90200543	GCST90200543	European	EUR	af_assigned	ukb-ancestry-mixture-hg38	19513	EUR	0.997457	0.994914	0.0111143	ok	0	0.00254294	0	0.997457	0	0	0	false	dominant=EUR proportion=0.997 margin=0.995 overlap=19513 residual=0.0111
GCST90200544	GCST90200544	European	EUR	af_assigned	ukb-ancestry-mixture-hg38	11399	EUR	0.997318	0.994674	0.0090231	ok	3.76025e-05	0.00264403	0	0.997318	0	0	0	false	dominant=EUR proportion=0.997 margin=0.995 overlap=11399 residual=0.0090
GCST90200545	GCST90200545	European	EUR	af_assigned	ukb-ancestry-mixture-hg38	8058	EUR	1	1	0.00962601	ok	0	0	0	1	0	0	0	false	dominant=EUR proportion=1.000 margin=1.000 overlap=8058 residual=0.0096
GCST90200546	GCST90200546	European	EUR	af_assigned	ukb-ancestry-mixture-hg38	11686	EUR	1	1	0.00955248	ok	0	0	0	1	0	0	0	false	dominant=EUR proportion=1.000 margin=1.000 overlap=11686 residual=0.0096
GCST90200547	GCST90200547	European	EUR	af_assigned	ukb-ancestry-mixture-hg38	33904	EUR	0.998794	0.997587	0.0097649	ok	0	0	0.00120637	0.998794	0	0	0	false	dominant=EUR proportion=0.999 margin=0.998 overlap=33904 residual=0.0098
GCST90200548	GCST90200548	European	EUR	af_assigned	ukb-ancestry-mixture-hg38	20140	EUR	1	1	0.0118624	ok	0	0	0	1	0	0	0	false	dominant=EUR proportion=1.000 margin=1.000 overlap=20140 residual=0.0119
GCST90200549	GCST90200549	European	EUR	af_assigned	ukb-ancestry-mixture-hg38	16654	EUR	0.999053	0.998105	0.00936054	ok	0	0.000947311	0	0.999053	0	0	0	false	dominant=EUR proportion=0.999 margin=0.998 overlap=16654 residual=0.0094
GCST90200550	GCST90200550	European	EUR	af_assigned	ukb-ancestry-mixture-hg38	25424	EUR	1	1	0.00960566	ok	0	0	0	1	0	0	0	false	dominant=EUR proportion=1.000 margin=1.000 overlap=25424 residual=0.0096
GCST90200551	GCST90200551	European	EUR	af_assigned	ukb-ancestry-mixture-hg38	14513	EUR	0.994516	0.990367	0.00998593	ok	0	0.00414871	0	0.994516	0.00133558	0	0	false	dominant=EUR proportion=0.995 margin=0.990 overlap=14513 residual=0.0100
GCST90200552	GCST90200552	European	EUR	af_assigned	ukb-ancestry-mixture-hg38	8054	EUR	1	1	0.00961036	ok	0	0	0	1	0	0	0	false	dominant=EUR proportion=1.000 margin=1.000 overlap=8054 residual=0.0096
GCST90200553	GCST90200553	European	EUR	af_assigned	ukb-ancestry-mixture-hg38	25250	EUR	0.998208	0.996744	0.0103139	ok	0	0.000327635	0.00146396	0.998208	0	0	0	false	dominant=EUR proportion=0.998 margin=0.997 overlap=25250 residual=0.0103
GCST90200554	GCST90200554	European	EUR	af_assigned	ukb-ancestry-mixture-hg38	8061	EUR	1	1	0.00976322	ok	0	0	0	1	0	0	0	false	dominant=EUR proportion=1.000 margin=1.000 overlap=8061 residual=0.0098
GCST90200555	GCST90200555	European	EUR	af_assigned	ukb-ancestry-mixture-hg38	39143	EUR	1	1	0.00934691	ok	0	0	0	1	0	0	0	false	dominant=EUR proportion=1.000 margin=1.000 overlap=39143 residual=0.0093
GCST90200556	GCST90200556	European	EUR	af_assigned	ukb-ancestry-mixture-hg38	18098	EUR	0.999357	0.998715	0.00900683	ok	0	0.000642575	0	0.999357	0	0	0	false	dominant=EUR proportion=0.999 margin=0.999 overlap=18098 residual=0.0090
GCST90200557	GCST90200557	European	EUR	af_assigned	ukb-ancestry-mixture-hg38	12583	EUR	0.997384	0.994768	0.00879944	ok	0	0.00261613	0	0.997384	0	0	0	false	dominant=EUR proportion=0.997 margin=0.995 overlap=12583 residual=0.0088
GCST90200558	GCST90200558	European	EUR	af_assigned	ukb-ancestry-mixture-hg38	21352	EUR	0.998386	0.996772	0.0103644	ok	0	0.00161393	0	0.998386	0	0	0	false	dominant=EUR proportion=0.998 margin=0.997 overlap=21352 residual=0.0104
GCST90200559	GCST90200559	European	EUR	af_assigned	ukb-ancestry-mixture-hg38	8060	EUR	1	1	0.00953274	ok	0	0	0	1	0	0	0	false	dominant=EUR proportion=1.000 margin=1.000 overlap=8060 residual=0.0095
GCST90200560	GCST90200560	European	EUR	af_assigned	ukb-ancestry-mixture-hg38	8062	EUR	1	1	0.00959184	ok	0	0	0	1	0	0	0	false	dominant=EUR proportion=1.000 margin=1.000 overlap=8062 residual=0.0096
GCST90200561	GCST90200561	European	EUR	af_assigned	ukb-ancestry-mixture-hg38	8053	EUR	1	1	0.00953727	ok	0	0	0	1	0	0	0	false	dominant=EUR proportion=1.000 margin=1.000 overlap=8053 residual=0.0095
GCST90200562	GCST90200562	European	EUR	af_assigned	ukb-ancestry-mixture-hg38	22235	EUR	0.999906	0.999811	0.0086707	ok	0	0	9.44139e-05	0.999906	0	0	0	false	dominant=EUR proportion=1.000 margin=1.000 overlap=22235 residual=0.0087
GCST90200563	GCST90200563	European	EUR	af_assigned	ukb-ancestry-mixture-hg38	8055	EUR	1	1	0.00952035	ok	0	0	0	1	0	0	0	false	dominant=EUR proportion=1.000 margin=1.000 overlap=8055 residual=0.0095
GCST90200564	GCST90200564	European	EUR	af_assigned	ukb-ancestry-mixture-hg38	20069	EUR	0.99855	0.997099	0.00808874	ok	0	0	0.00145044	0.99855	0	0	0	false	dominant=EUR proportion=0.999 margin=0.997 overlap=20069 residual=0.0081
GCST90200565	GCST90200565	European	EUR	af_assigned	ukb-ancestry-mixture-hg38	16627	EUR	0.997297	0.994892	0.00955404	ok	0.000149036	0	0.00240443	0.997297	0	0.000149728	0	false	dominant=EUR proportion=0.997 margin=0.995 overlap=16627 residual=0.0096
GCST90200566	GCST90200566	European	EUR	af_assigned	ukb-ancestry-mixture-hg38	13095	EUR	0.998727	0.997454	0.00858821	ok	0	0.00127278	0	0.998727	0	0	0	false	dominant=EUR proportion=0.999 margin=0.997 overlap=13095 residual=0.0086
GCST90200567	GCST90200567	European	EUR	af_assigned	ukb-ancestry-mixture-hg38	11673	EUR	0.997261	0.994521	0.0101857	ok	0	0.00273931	0	0.997261	0	0	0	false	dominant=EUR proportion=0.997 margin=0.995 overlap=11673 residual=0.0102
GCST90200568	GCST90200568	European	EUR	af_assigned	ukb-ancestry-mixture-hg38	11444	EUR	0.998768	0.997536	0.00917162	ok	0	0.00123186	0	0.998768	0	0	0	false	dominant=EUR proportion=0.999 margin=0.998 overlap=11444 residual=0.0092
GCST90200569	GCST90200569	European	EUR	af_assigned	ukb-ancestry-mixture-hg38	12500	EUR	1	1	0.00864432	ok	0	0	0	1	0	0	0	false	dominant=EUR proportion=1.000 margin=1.000 overlap=12500 residual=0.0086
GCST90200570	GCST90200570	European	EUR	af_assigned	ukb-ancestry-mixture-hg38	19705	EUR	0.993755	0.987755	0.00998819	ok	0	0.000244353	0	0.993755	0.00600043	0	0	false	dominant=EUR proportion=0.994 margin=0.988 overlap=19705 residual=0.0100
GCST90200571	GCST90200571	European	EUR	af_assigned	ukb-ancestry-mixture-hg38	12563	EUR	0.998037	0.996074	0.00866911	ok	0	0.00196314	0	0.998037	0	0	0	false	dominant=EUR proportion=0.998 margin=0.996 overlap=12563 residual=0.0087
GCST90200572	GCST90200572	European	EUR	af_assigned	ukb-ancestry-mixture-hg38	8056	EUR	1	1	0.00966465	ok	0	0	0	1	0	0	0	false	dominant=EUR proportion=1.000 margin=1.000 overlap=8056 residual=0.0097
GCST90200573	GCST90200573	European	EUR	af_assigned	ukb-ancestry-mixture-hg38	11182	EUR	0.994569	0.989138	0.0104901	ok	0	0.00543089	0	0.994569	0	0	0	false	dominant=EUR proportion=0.995 margin=0.989 overlap=11182 residual=0.0105
GCST90200574	GCST90200574	European	EUR	af_assigned	ukb-ancestry-mixture-hg38	20770	EUR	1	1	0.00878722	ok	0	0	0	1	0	0	0	false	dominant=EUR proportion=1.000 margin=1.000 overlap=20770 residual=0.0088
GCST90200575	GCST90200575	European	EUR	af_assigned	ukb-ancestry-mixture-hg38	13594	EUR	0.99999	0.99998	0.009829	ok	0	0	0	0.99999	0	0	1.00755e-05	false	dominant=EUR proportion=1.000 margin=1.000 overlap=13594 residual=0.0098
GCST90200576	GCST90200576	European	EUR	af_assigned	ukb-ancestry-mixture-hg38	24899	EUR	0.998107	0.997158	0.00847536	ok	0	0.000943438	0.000949294	0.998107	0	0	0	false	dominant=EUR proportion=0.998 margin=0.997 overlap=24899 residual=0.0085
GCST90200577	GCST90200577	European	EUR	af_assigned	ukb-ancestry-mixture-hg38	31300	EUR	0.999544	0.999257	0.00955704	ok	0	0.000286933	0.000169376	0.999544	0	0	0	false	dominant=EUR proportion=1.000 margin=0.999 overlap=31300 residual=0.0096
GCST90200578	GCST90200578	European	EUR	af_assigned	ukb-ancestry-mixture-hg38	26090	EUR	0.997143	0.994286	0.00830555	ok	0	0.00285699	0	0.997143	0	0	0	false	dominant=EUR proportion=0.997 margin=0.994 overlap=26090 residual=0.0083
GCST90200579	GCST90200579	European	EUR	af_assigned	ukb-ancestry-mixture-hg38	18817	EUR	1	1	0.0093316	ok	0	0	0	1	0	0	0	false	dominant=EUR proportion=1.000 margin=1.000 overlap=18817 residual=0.0093
GCST90200580	GCST90200580	European	EUR	af_assigned	ukb-ancestry-mixture-hg38	17526	EUR	0.999807	0.999615	0.00845591	ok	0	0.000192613	0	0.999807	0	0	0	false	dominant=EUR proportion=1.000 margin=1.000 overlap=17526 residual=0.0085
GCST90200581	GCST90200581	European	EUR	af_assigned	ukb-ancestry-mixture-hg38	34275	EUR	1	1	0.00856361	ok	0	0	0	1	0	0	0	false	dominant=EUR proportion=1.000 margin=1.000 overlap=34275 residual=0.0086
GCST90200582	GCST90200582	European	EUR	af_assigned	ukb-ancestry-mixture-hg38	8060	EUR	1	1	0.00965639	ok	0	0	0	1	0	0	0	false	dominant=EUR proportion=1.000 margin=1.000 overlap=8060 residual=0.0097
GCST90200583	GCST90200583	European	EUR	af_assigned	ukb-ancestry-mixture-hg38	12272	EUR	1	1	0.00881215	ok	0	0	0	1	0	0	0	false	dominant=EUR proportion=1.000 margin=1.000 overlap=12272 residual=0.0088
GCST90200584	GCST90200584	European	EUR	af_assigned	ukb-ancestry-mixture-hg38	14205	EUR	0.996586	0.993173	0.0107839	ok	0	0.00341352	0	0.996586	0	0	0	false	dominant=EUR proportion=0.997 margin=0.993 overlap=14205 residual=0.0108
GCST90200585	GCST90200585	European	EUR	af_assigned	ukb-ancestry-mixture-hg38	18596	EUR	0.996292	0.992584	0.00867456	ok	0	0.00370798	0	0.996292	0	0	0	false	dominant=EUR proportion=0.996 margin=0.993 overlap=18596 residual=0.0087
GCST90200586	GCST90200586	European	EUR	af_assigned	ukb-ancestry-mixture-hg38	22391	EUR	0.997005	0.994011	0.00834932	ok	0	0	0	0.997005	0.00299453	0	0	false	dominant=EUR proportion=0.997 margin=0.994 overlap=22391 residual=0.0083
GCST90200587	GCST90200587	European	EUR	af_assigned	ukb-ancestry-mixture-hg38	23183	EUR	1	1	0.00905595	ok	0	0	0	1	0	0	0	false	dominant=EUR proportion=1.000 margin=1.000 overlap=23183 residual=0.0091
GCST90200588	GCST90200588	European	EUR	af_assigned	ukb-ancestry-mixture-hg38	8059	EUR	1	1	0.00970319	ok	0	0	0	1	0	0	0	false	dominant=EUR proportion=1.000 margin=1.000 overlap=8059 residual=0.0097
GCST90200589	GCST90200589	European	EUR	af_assigned	ukb-ancestry-mixture-hg38	11284	EUR	1	1	0.00849656	ok	0	0	0	1	0	0	0	false	dominant=EUR proportion=1.000 margin=1.000 overlap=11284 residual=0.0085
GCST90200590	GCST90200590	European	EUR	af_assigned	ukb-ancestry-mixture-hg38	34281	EUR	0.997521	0.995043	0.0082261	ok	0	0.00247864	0	0.997521	0	0	0	false	dominant=EUR proportion=0.998 margin=0.995 overlap=34281 residual=0.0082
GCST90200591	GCST90200591	European	EUR	af_assigned	ukb-ancestry-mixture-hg38	11577	EUR	1	1	0.00899743	ok	0	0	0	1	0	0	0	false	dominant=EUR proportion=1.000 margin=1.000 overlap=11577 residual=0.0090
GCST90200592	GCST90200592	European	EUR	af_assigned	ukb-ancestry-mixture-hg38	24668	EUR	0.996379	0.994252	0.0109276	ok	0	0.00212682	0	0.996379	0.00149459	0	0	false	dominant=EUR proportion=0.996 margin=0.994 overlap=24668 residual=0.0109
GCST90200593	GCST90200593	European	EUR	af_assigned	ukb-ancestry-mixture-hg38	16838	EUR	0.997651	0.995718	0.00946909	ok	0.000416271	0.00193289	0	0.997651	0	0	0	false	dominant=EUR proportion=0.998 margin=0.996 overlap=16838 residual=0.0095
GCST90200594	GCST90200594	European	EUR	af_assigned	ukb-ancestry-mixture-hg38	24108	EUR	0.999772	0.999544	0.00967237	ok	0.000228001	0	0	0.999772	0	0	0	false	dominant=EUR proportion=1.000 margin=1.000 overlap=24108 residual=0.0097
GCST90200595	GCST90200595	European	EUR	af_assigned	ukb-ancestry-mixture-hg38	8052	EUR	1	1	0.00963252	ok	0	0	0	1	0	0	0	false	dominant=EUR proportion=1.000 margin=1.000 overlap=8052 residual=0.0096
GCST90200596	GCST90200596	European	EUR	af_assigned	ukb-ancestry-mixture-hg38	12153	EUR	1	1	0.00885674	ok	0	0	0	1	0	0	0	false	dominant=EUR proportion=1.000 margin=1.000 overlap=12153 residual=0.0089
GCST90200597	GCST90200597	European	EUR	af_assigned	ukb-ancestry-mixture-hg38	12340	EUR	0.998118	0.996236	0.00885328	ok	0	0	0	0.998118	0	0	0.00188185	false	dominant=EUR proportion=0.998 margin=0.996 overlap=12340 residual=0.0089
GCST90200598	GCST90200598	European	EUR	af_assigned	ukb-ancestry-mixture-hg38	15675	EUR	1	1	0.00931537	ok	0	0	0	1	0	0	0	false	dominant=EUR proportion=1.000 margin=1.000 overlap=15675 residual=0.0093
GCST90200599	GCST90200599	European	EUR	af_assigned	ukb-ancestry-mixture-hg38	23405	EUR	1	1	0.00796488	ok	0	0	0	1	0	0	0	false	dominant=EUR proportion=1.000 margin=1.000 overlap=23405 residual=0.0080
GCST90200600	GCST90200600	European	EUR	af_assigned	ukb-ancestry-mixture-hg38	8059	EUR	1	1	0.00960968	ok	0	0	0	1	0	0	0	false	dominant=EUR proportion=1.000 margin=1.000 overlap=8059 residual=0.0096
GCST90200601	GCST90200601	European	EUR	af_assigned	ukb-ancestry-mixture-hg38	18098	EUR	0.998454	0.996907	0.010319	ok	0	0.00154636	0	0.998454	0	0	0	false	dominant=EUR proportion=0.998 margin=0.997 overlap=18098 residual=0.0103
GCST90200602	GCST90200602	European	EUR	af_assigned	ukb-ancestry-mixture-hg38	23992	EUR	1	1	0.00838312	ok	0	0	0	1	0	0	0	false	dominant=EUR proportion=1.000 margin=1.000 overlap=23992 residual=0.0084
GCST90200603	GCST90200603	European	EUR	af_assigned	ukb-ancestry-mixture-hg38	34512	EUR	0.995223	0.990447	0.0110811	ok	0	0.00477656	0	0.995223	0	0	0	false	dominant=EUR proportion=0.995 margin=0.990 overlap=34512 residual=0.0111
GCST90200604	GCST90200604	European	EUR	af_assigned	ukb-ancestry-mixture-hg38	11527	EUR	1	1	0.00998109	ok	0	0	0	1	0	0	0	false	dominant=EUR proportion=1.000 margin=1.000 overlap=11527 residual=0.0100
GCST90200605	GCST90200605	European	EUR	af_assigned	ukb-ancestry-mixture-hg38	8057	EUR	1	1	0.00986873	ok	0	0	0	1	0	0	0	false	dominant=EUR proportion=1.000 margin=1.000 overlap=8057 residual=0.0099
GCST90200606	GCST90200606	European	EUR	af_assigned	ukb-ancestry-mixture-hg38	15221	EUR	1	1	0.00895609	ok	0	0	0	1	0	0	0	false	dominant=EUR proportion=1.000 margin=1.000 overlap=15221 residual=0.0090
GCST90200607	GCST90200607	European	EUR	af_assigned	ukb-ancestry-mixture-hg38	15257	EUR	0.999126	0.998252	0.00983968	ok	0.000873919	0	0	0.999126	0	0	0	false	dominant=EUR proportion=0.999 margin=0.998 overlap=15257 residual=0.0098
GCST90200608	GCST90200608	European	EUR	af_assigned	ukb-ancestry-mixture-hg38	17989	EUR	1	1	0.00848917	ok	0	0	0	1	0	0	0	false	dominant=EUR proportion=1.000 margin=1.000 overlap=17989 residual=0.0085
GCST90200609	GCST90200609	European	EUR	af_assigned	ukb-ancestry-mixture-hg38	21526	EUR	0.994324	0.98936	0.00984475	ok	0	0.00496394	0.000712296	0.994324	0	0	0	false	dominant=EUR proportion=0.994 margin=0.989 overlap=21526 residual=0.0098
GCST90200610	GCST90200610	European	EUR	af_assigned	ukb-ancestry-mixture-hg38	8061	EUR	1	1	0.00952522	ok	0	0	0	1	0	0	0	false	dominant=EUR proportion=1.000 margin=1.000 overlap=8061 residual=0.0095
GCST90200611	GCST90200611	European	EUR	af_assigned	ukb-ancestry-mixture-hg38	12284	EUR	1	1	0.00881827	ok	0	0	0	1	0	0	0	false	dominant=EUR proportion=1.000 margin=1.000 overlap=12284 residual=0.0088
GCST90200612	GCST90200612	European	EUR	af_assigned	ukb-ancestry-mixture-hg38	11675	EUR	0.999272	0.998544	0.009976	ok	0	0.00072794	0	0.999272	0	0	0	false	dominant=EUR proportion=0.999 margin=0.999 overlap=11675 residual=0.0100
GCST90200613	GCST90200613	European	EUR	af_assigned	ukb-ancestry-mixture-hg38	16205	EUR	0.994038	0.989125	0.0106696	ok	0	0.00104829	0	0.994038	0.0049133	0	0	false	dominant=EUR proportion=0.994 margin=0.989 overlap=16205 residual=0.0107
GCST90200614	GCST90200614	European	EUR	af_assigned	ukb-ancestry-mixture-hg38	12621	EUR	0.999792	0.999584	0.00911818	ok	0.000207897	0	0	0.999792	0	0	0	false	dominant=EUR proportion=1.000 margin=1.000 overlap=12621 residual=0.0091
GCST90200615	GCST90200615	European	EUR	af_assigned	ukb-ancestry-mixture-hg38	17230	EUR	1	1	0.00861947	ok	0	0	0	1	0	0	0	false	dominant=EUR proportion=1.000 margin=1.000 overlap=17230 residual=0.0086
GCST90200616	GCST90200616	European	EUR	af_assigned	ukb-ancestry-mixture-hg38	22717	EUR	1	1	0.00994053	ok	0	0	0	1	0	0	0	false	dominant=EUR proportion=1.000 margin=1.000 overlap=22717 residual=0.0099
GCST90200617	GCST90200617	European	EUR	af_assigned	ukb-ancestry-mixture-hg38	8050	EUR	1	1	0.00952888	ok	0	0	0	1	0	0	0	false	dominant=EUR proportion=1.000 margin=1.000 overlap=8050 residual=0.0095
GCST90200618	GCST90200618	European	EUR	af_assigned	ukb-ancestry-mixture-hg38	8054	EUR	1	1	0.00952355	ok	0	0	0	1	0	0	0	false	dominant=EUR proportion=1.000 margin=1.000 overlap=8054 residual=0.0095
GCST90200619	GCST90200619	European	EUR	af_assigned	ukb-ancestry-mixture-hg38	8056	EUR	1	1	0.00955109	ok	0	0	0	1	0	0	0	false	dominant=EUR proportion=1.000 margin=1.000 overlap=8056 residual=0.0096
GCST90200620	GCST90200620	European	EUR	af_assigned	ukb-ancestry-mixture-hg38	15833	EUR	0.996554	0.993107	0.0091837	ok	0	0.00344636	0	0.996554	0	0	0	false	dominant=EUR proportion=0.997 margin=0.993 overlap=15833 residual=0.0092
GCST90200621	GCST90200621	European	EUR	af_assigned	ukb-ancestry-mixture-hg38	18158	EUR	0.997187	0.994375	0.0097398	ok	0	0.00281252	0	0.997187	0	0	0	false	dominant=EUR proportion=0.997 margin=0.994 overlap=18158 residual=0.0097
GCST90200622	GCST90200622	European	EUR	af_assigned	ukb-ancestry-mixture-hg38	11708	EUR	1	1	0.00887739	ok	0	0	0	1	0	0	0	false	dominant=EUR proportion=1.000 margin=1.000 overlap=11708 residual=0.0089
GCST90200623	GCST90200623	European	EUR	af_assigned	ukb-ancestry-mixture-hg38	26567	EUR	0.996376	0.992752	0.0093482	ok	0	0.00362404	0	0.996376	0	0	0	false	dominant=EUR proportion=0.996 margin=0.993 overlap=26567 residual=0.0093
GCST90200624	GCST90200624	European	EUR	af_assigned	ukb-ancestry-mixture-hg38	27440	EUR	0.997819	0.995638	0.00945372	ok	0	0	0	0.997819	0.00218104	0	0	false	dominant=EUR proportion=0.998 margin=0.996 overlap=27440 residual=0.0095
GCST90200625	GCST90200625	European	EUR	af_assigned	ukb-ancestry-mixture-hg38	8068	EUR	1	1	0.00968835	ok	0	0	0	1	0	0	0	false	dominant=EUR proportion=1.000 margin=1.000 overlap=8068 residual=0.0097
GCST90200626	GCST90200626	European	EUR	af_assigned	ukb-ancestry-mixture-hg38	24295	EUR	1	1	0.0104931	ok	0	0	0	1	0	0	0	false	dominant=EUR proportion=1.000 margin=1.000 overlap=24295 residual=0.0105
GCST90200627	GCST90200627	European	EUR	af_assigned	ukb-ancestry-mixture-hg38	19481	EUR	0.999866	0.999732	0.0105723	ok	0.000134239	0	0	0.999866	0	0	0	false	dominant=EUR proportion=1.000 margin=1.000 overlap=19481 residual=0.0106
GCST90200628	GCST90200628	European	EUR	af_assigned	ukb-ancestry-mixture-hg38	26700	EUR	0.999119	0.998238	0.00873335	ok	0	0	0.000880816	0.999119	0	0	0	false	dominant=EUR proportion=0.999 margin=0.998 overlap=26700 residual=0.0087
GCST90200629	GCST90200629	European	EUR	af_assigned	ukb-ancestry-mixture-hg38	17629	EUR	0.99936	0.998719	0.0102932	ok	0	0.000640389	0	0.99936	0	0	0	false	dominant=EUR proportion=0.999 margin=0.999 overlap=17629 residual=0.0103
GCST90200630	GCST90200630	European	EUR	af_assigned	ukb-ancestry-mixture-hg38	22468	EUR	0.997146	0.99567	0.0094902	ok	0	0.00137833	0.00147596	0.997146	0	0	0	false	dominant=EUR proportion=0.997 margin=0.996 overlap=22468 residual=0.0095
GCST90200631	GCST90200631	European	EUR	af_assigned	ukb-ancestry-mixture-hg38	15702	EUR	0.999639	0.999278	0.0110222	ok	0	0.000360791	0	0.999639	0	0	0	false	dominant=EUR proportion=1.000 margin=0.999 overlap=15702 residual=0.0110
GCST90200632	GCST90200632	European	EUR	af_assigned	ukb-ancestry-mixture-hg38	12791	EUR	1	1	0.00900612	ok	0	0	0	1	0	0	0	false	dominant=EUR proportion=1.000 margin=1.000 overlap=12791 residual=0.0090
GCST90200633	GCST90200633	European	EUR	af_assigned	ukb-ancestry-mixture-hg38	14732	EUR	1	1	0.0104314	ok	0	0	0	1	0	0	0	false	dominant=EUR proportion=1.000 margin=1.000 overlap=14732 residual=0.0104
GCST90200634	GCST90200634	European	EUR	af_assigned	ukb-ancestry-mixture-hg38	23591	EUR	0.998089	0.996179	0.0112702	ok	0	0.0019107	0	0.998089	0	0	0	false	dominant=EUR proportion=0.998 margin=0.996 overlap=23591 residual=0.0113
GCST90200635	GCST90200635	European	EUR	af_assigned	ukb-ancestry-mixture-hg38	26334	EUR	0.99846	0.997625	0.00967966	ok	0.000834841	0	0	0.99846	0.000704981	0	0	false	dominant=EUR proportion=0.998 margin=0.998 overlap=26334 residual=0.0097
GCST90200636	GCST90200636	European	EUR	af_assigned	ukb-ancestry-mixture-hg38	28706	EUR	0.992241	0.984482	0.0095022	ok	0	0.00775889	0	0.992241	0	0	0	false	dominant=EUR proportion=0.992 margin=0.984 overlap=28706 residual=0.0095
GCST90200637	GCST90200637	European	EUR	af_assigned	ukb-ancestry-mixture-hg38	13468	EUR	0.999508	0.999016	0.00860005	ok	0	0.000491893	0	0.999508	0	0	0	false	dominant=EUR proportion=1.000 margin=0.999 overlap=13468 residual=0.0086
GCST90200638	GCST90200638	European	EUR	af_assigned	ukb-ancestry-mixture-hg38	11658	EUR	0.996288	0.992922	0.00906654	ok	0.000345326	0.00336627	0	0.996288	0	0	0	false	dominant=EUR proportion=0.996 margin=0.993 overlap=11658 residual=0.0091
GCST90200639	GCST90200639	European	EUR	af_assigned	ukb-ancestry-mixture-hg38	14230	EUR	0.998125	0.99625	0.00948752	ok	0	0	0	0.998125	0	0.00187505	0	false	dominant=EUR proportion=0.998 margin=0.996 overlap=14230 residual=0.0095
GCST90200640	GCST90200640	European	EUR	af_assigned	ukb-ancestry-mixture-hg38	11212	EUR	1	1	0.00926116	ok	0	0	0	1	0	0	0	false	dominant=EUR proportion=1.000 margin=1.000 overlap=11212 residual=0.0093
GCST90200641	GCST90200641	European	EUR	af_assigned	ukb-ancestry-mixture-hg38	11815	EUR	0.999082	0.998368	0.00894022	ok	2.65366e-05	0.000176735	0.000714381	0.999082	0	0	0	false	dominant=EUR proportion=0.999 margin=0.998 overlap=11815 residual=0.0089
GCST90200642	GCST90200642	European	EUR	af_assigned	ukb-ancestry-mixture-hg38	11156	EUR	0.999815	0.99963	0.00954448	ok	0	0.00018487	0	0.999815	0	0	0	false	dominant=EUR proportion=1.000 margin=1.000 overlap=11156 residual=0.0095
GCST90200643	GCST90200643	European	EUR	af_assigned	ukb-ancestry-mixture-hg38	18419	EUR	0.994612	0.989509	0.00894215	ok	0.000284432	0.00510336	0	0.994612	0	0	0	false	dominant=EUR proportion=0.995 margin=0.990 overlap=18419 residual=0.0089
GCST90200644	GCST90200644	European	EUR	af_assigned	ukb-ancestry-mixture-hg38	8064	EUR	1	1	0.00953494	ok	0	0	0	1	0	0	0	false	dominant=EUR proportion=1.000 margin=1.000 overlap=8064 residual=0.0095
GCST90200645	GCST90200645	European	EUR	af_assigned	ukb-ancestry-mixture-hg38	103440	EUR	0.99912	0.998423	0.00950921	ok	0	0.00069664	0.000183657	0.99912	0	0	0	false	dominant=EUR proportion=0.999 margin=0.998 overlap=103440 residual=0.0095
GCST90200646	GCST90200646	European	EUR	af_assigned	ukb-ancestry-mixture-hg38	38834	EUR	0.998942	0.997884	0.00943321	ok	0	0.00105797	0	0.998942	0	0	0	false	dominant=EUR proportion=0.999 margin=0.998 overlap=38834 residual=0.0094
GCST90200647	GCST90200647	European	EUR	af_assigned	ukb-ancestry-mixture-hg38	16805	EUR	0.991121	0.986295	0.01031	ok	0	0.00482579	0	0.991121	0.00405294	0	0	false	dominant=EUR proportion=0.991 margin=0.986 overlap=16805 residual=0.0103
GCST90200648	GCST90200648	European	EUR	af_assigned	ukb-ancestry-mixture-hg38	11186	EUR	1	1	0.00929459	ok	0	0	0	1	0	0	0	false	dominant=EUR proportion=1.000 margin=1.000 overlap=11186 residual=0.0093
GCST90200649	GCST90200649	European	EUR	af_assigned	ukb-ancestry-mixture-hg38	36392	EUR	0.999246	0.998492	0.00940755	ok	0	0	0	0.999246	0	0.000753819	0	false	dominant=EUR proportion=0.999 margin=0.998 overlap=36392 residual=0.0094
GCST90200650	GCST90200650	European	EUR	af_assigned	ukb-ancestry-mixture-hg38	21196	EUR	0.998072	0.996985	0.00886119	ok	0	0.00108678	0.000841289	0.998072	0	0	0	false	dominant=EUR proportion=0.998 margin=0.997 overlap=21196 residual=0.0089
GCST90200651	GCST90200651	European	EUR	af_assigned	ukb-ancestry-mixture-hg38	37220	EUR	0.998755	0.99751	0.00888144	ok	0	0	0.00124508	0.998755	0	0	0	false	dominant=EUR proportion=0.999 margin=0.998 overlap=37220 residual=0.0089
GCST90200652	GCST90200652	European	EUR	af_assigned	ukb-ancestry-mixture-hg38	22509	EUR	0.995308	0.990615	0.00801267	ok	0	0.00469239	0	0.995308	0	0	0	false	dominant=EUR proportion=0.995 margin=0.991 overlap=22509 residual=0.0080
GCST90200653	GCST90200653	European	EUR	af_assigned	ukb-ancestry-mixture-hg38	11601	EUR	0.99846	0.996921	0.00903976	ok	0	0.00153972	0	0.99846	0	0	0	false	dominant=EUR proportion=0.998 margin=0.997 overlap=11601 residual=0.0090
GCST90200654	GCST90200654	European	EUR	af_assigned	ukb-ancestry-mixture-hg38	8056	EUR	1	1	0.0101188	ok	0	0	0	1	0	0	0	false	dominant=EUR proportion=1.000 margin=1.000 overlap=8056 residual=0.0101
GCST90200655	GCST90200655	European	EUR	af_assigned	ukb-ancestry-mixture-hg38	10831	EUR	1	1	0.0113687	ok	0	0	0	1	0	0	0	false	dominant=EUR proportion=1.000 margin=1.000 overlap=10831 residual=0.0114
GCST90200656	GCST90200656	European	EUR	af_assigned	ukb-ancestry-mixture-hg38	20824	EUR	0.999976	0.999952	0.00781164	ok	0	2.39471e-05	0	0.999976	0	0	0	false	dominant=EUR proportion=1.000 margin=1.000 overlap=20824 residual=0.0078
GCST90200657	GCST90200657	European	EUR	af_assigned	ukb-ancestry-mixture-hg38	10926	EUR	1	1	0.0087862	ok	0	0	0	1	0	0	0	false	dominant=EUR proportion=1.000 margin=1.000 overlap=10926 residual=0.0088
GCST90200658	GCST90200658	European	EUR	af_assigned	ukb-ancestry-mixture-hg38	8058	EUR	1	1	0.00954882	ok	0	0	0	1	0	0	0	false	dominant=EUR proportion=1.000 margin=1.000 overlap=8058 residual=0.0095
GCST90200659	GCST90200659	European	EUR	af_assigned	ukb-ancestry-mixture-hg38	8069	EUR	1	1	0.00952383	ok	0	0	0	1	0	0	0	false	dominant=EUR proportion=1.000 margin=1.000 overlap=8069 residual=0.0095
GCST90200660	GCST90200660	European	EUR	af_assigned	ukb-ancestry-mixture-hg38	11119	EUR	0.999687	0.999374	0.00884492	ok	0	0.000313034	0	0.999687	0	0	0	false	dominant=EUR proportion=1.000 margin=0.999 overlap=11119 residual=0.0088
GCST90200661	GCST90200661	European	EUR	af_assigned	ukb-ancestry-mixture-hg38	36462	EUR	1	1	0.00903283	ok	0	0	0	1	0	0	0	false	dominant=EUR proportion=1.000 margin=1.000 overlap=36462 residual=0.0090
GCST90200662	GCST90200662	European	EUR	af_assigned	ukb-ancestry-mixture-hg38	12796	EUR	0.995984	0.991969	0.00921232	ok	0	0.00401553	0	0.995984	0	0	0	false	dominant=EUR proportion=0.996 margin=0.992 overlap=12796 residual=0.0092
GCST90200663	GCST90200663	European	EUR	af_assigned	ukb-ancestry-mixture-hg38	14091	EUR	0.999278	0.998555	0.00844302	ok	0	0	0	0.999278	0	0.000722318	0	false	dominant=EUR proportion=0.999 margin=0.999 overlap=14091 residual=0.0084
GCST90200664	GCST90200664	European	EUR	af_assigned	ukb-ancestry-mixture-hg38	29613	EUR	1	1	0.0110838	ok	0	0	0	1	0	0	0	false	dominant=EUR proportion=1.000 margin=1.000 overlap=29613 residual=0.0111
GCST90200665	GCST90200665	European	EUR	af_assigned	ukb-ancestry-mixture-hg38	17384	EUR	0.998306	0.997458	0.00864736	ok	0.000848255	0	0	0.998306	0	0	0.000845629	false	dominant=EUR proportion=0.998 margin=0.997 overlap=17384 residual=0.0086
GCST90200666	GCST90200666	European	EUR	af_assigned	ukb-ancestry-mixture-hg38	12042	EUR	1	1	0.00869675	ok	0	0	0	1	0	0	0	false	dominant=EUR proportion=1.000 margin=1.000 overlap=12042 residual=0.0087
GCST90200667	GCST90200667	European	EUR	af_assigned	ukb-ancestry-mixture-hg38	8058	EUR	1	1	0.00954253	ok	0	0	0	1	0	0	0	false	dominant=EUR proportion=1.000 margin=1.000 overlap=8058 residual=0.0095
GCST90200668	GCST90200668	European	EUR	af_assigned	ukb-ancestry-mixture-hg38	11855	EUR	1	1	0.00914315	ok	0	0	0	1	0	0	0	false	dominant=EUR proportion=1.000 margin=1.000 overlap=11855 residual=0.0091
GCST90200669	GCST90200669	European	EUR	af_assigned	ukb-ancestry-mixture-hg38	8058	EUR	1	1	0.00953924	ok	0	0	0	1	0	0	0	false	dominant=EUR proportion=1.000 margin=1.000 overlap=8058 residual=0.0095
GCST90200670	GCST90200670	European	EUR	af_assigned	ukb-ancestry-mixture-hg38	19089	EUR	0.999163	0.998326	0.00852546	ok	0.000837088	0	0	0.999163	0	0	0	false	dominant=EUR proportion=0.999 margin=0.998 overlap=19089 residual=0.0085
GCST90200671	GCST90200671	European	EUR	af_assigned	ukb-ancestry-mixture-hg38	28517	EUR	1	1	0.0114761	ok	0	0	0	1	0	0	0	false	dominant=EUR proportion=1.000 margin=1.000 overlap=28517 residual=0.0115
GCST90200672	GCST90200672	European	EUR	af_assigned	ukb-ancestry-mixture-hg38	26678	EUR	1	1	0.0102445	ok	0	0	0	1	0	0	0	false	dominant=EUR proportion=1.000 margin=1.000 overlap=26678 residual=0.0102
GCST90200673	GCST90200673	European	EUR	af_assigned	ukb-ancestry-mixture-hg38	34208	EUR	0.99853	0.99706	0.00919721	ok	0	0	0.00147015	0.99853	0	0	0	false	dominant=EUR proportion=0.999 margin=0.997 overlap=34208 residual=0.0092
GCST90200674	GCST90200674	European	EUR	af_assigned	ukb-ancestry-mixture-hg38	56158	EUR	1	1	0.0108847	ok	0	0	0	1	0	0	0	false	dominant=EUR proportion=1.000 margin=1.000 overlap=56158 residual=0.0109
GCST90200675	GCST90200675	European	EUR	af_assigned	ukb-ancestry-mixture-hg38	19556	EUR	0.998443	0.996886	0.00922918	ok	0	0	0.00155703	0.998443	0	0	0	false	dominant=EUR proportion=0.998 margin=0.997 overlap=19556 residual=0.0092
GCST90200676	GCST90200676	European	EUR	af_assigned	ukb-ancestry-mixture-hg38	20986	EUR	0.998625	0.99725	0.0104401	ok	0	0.00137481	0	0.998625	0	0	0	false	dominant=EUR proportion=0.999 margin=0.997 overlap=20986 residual=0.0104
GCST90200677	GCST90200677	European	EUR	af_assigned	ukb-ancestry-mixture-hg38	19083	EUR	1	1	0.00877406	ok	0	0	0	1	0	0	0	false	dominant=EUR proportion=1.000 margin=1.000 overlap=19083 residual=0.0088
GCST90200678	GCST90200678	European	EUR	af_assigned	ukb-ancestry-mixture-hg38	18146	EUR	1	1	0.0103372	ok	0	0	0	1	0	0	0	false	dominant=EUR proportion=1.000 margin=1.000 overlap=18146 residual=0.0103
GCST90200679	GCST90200679	European	EUR	af_assigned	ukb-ancestry-mixture-hg38	26518	EUR	1	1	0.0118391	ok	0	0	0	1	0	0	0	false	dominant=EUR proportion=1.000 margin=1.000 overlap=26518 residual=0.0118
GCST90200680	GCST90200680	European	EUR	af_assigned	ukb-ancestry-mixture-hg38	15934	EUR	0.998119	0.996239	0.00966776	ok	0	0.00188051	0	0.998119	0	0	0	false	dominant=EUR proportion=0.998 margin=0.996 overlap=15934 residual=0.0097
GCST90200681	GCST90200681	European	EUR	af_assigned	ukb-ancestry-mixture-hg38	36819	EUR	0.996882	0.993763	0.00870792	ok	0	0.00311845	0	0.996882	0	0	0	false	dominant=EUR proportion=0.997 margin=0.994 overlap=36819 residual=0.0087
GCST90200682	GCST90200682	European	EUR	af_assigned	ukb-ancestry-mixture-hg38	16748	EUR	0.99987	0.99974	0.00986805	ok	0.000130048	0	0	0.99987	0	0	0	false	dominant=EUR proportion=1.000 margin=1.000 overlap=16748 residual=0.0099
GCST90200683	GCST90200683	European	EUR	af_assigned	ukb-ancestry-mixture-hg38	11257	EUR	0.991328	0.985668	0.0105933	ok	0.00301215	0	0	0.991328	0.00565993	0	0	false	dominant=EUR proportion=0.991 margin=0.986 overlap=11257 residual=0.0106
GCST90200684	GCST90200684	European	EUR	af_assigned	ukb-ancestry-mixture-hg38	24360	EUR	0.975112	0.961462	0.0111389	ok	0	0.00620216	0	0.975112	0.00503529	0	0.0136502	false	dominant=EUR proportion=0.975 margin=0.961 overlap=24360 residual=0.0111
GCST90200685	GCST90200685	European	EUR	af_assigned	ukb-ancestry-mixture-hg38	21924	EUR	1	1	0.00830002	ok	0	0	0	1	0	0	0	false	dominant=EUR proportion=1.000 margin=1.000 overlap=21924 residual=0.0083
GCST90200686	GCST90200686	European	EUR	af_assigned	ukb-ancestry-mixture-hg38	22789	EUR	1	1	0.00828614	ok	0	0	0	1	0	0	0	false	dominant=EUR proportion=1.000 margin=1.000 overlap=22789 residual=0.0083
GCST90200687	GCST90200687	European	EUR	af_assigned	ukb-ancestry-mixture-hg38	18651	EUR	1	1	0.00835413	ok	0	0	0	1	0	0	0	false	dominant=EUR proportion=1.000 margin=1.000 overlap=18651 residual=0.0084
GCST90200688	GCST90200688	European	EUR	af_assigned	ukb-ancestry-mixture-hg38	31677	EUR	1	1	0.0093053	ok	0	0	0	1	0	0	0	false	dominant=EUR proportion=1.000 margin=1.000 overlap=31677 residual=0.0093
GCST90200689	GCST90200689	European	EUR	af_assigned	ukb-ancestry-mixture-hg38	23533	EUR	0.999944	0.999887	0.00888643	ok	0	0	0	0.999944	5.64419e-05	0	0	false	dominant=EUR proportion=1.000 margin=1.000 overlap=23533 residual=0.0089
GCST90200690	GCST90200690	European	EUR	af_assigned	ukb-ancestry-mixture-hg38	26383	EUR	0.999997	0.999994	0.00943348	ok	0	0	0	0.999997	3.07302e-06	0	0	false	dominant=EUR proportion=1.000 margin=1.000 overlap=26383 residual=0.0094
GCST90200691	GCST90200691	European	EUR	af_assigned	ukb-ancestry-mixture-hg38	15654	EUR	0.999418	0.998836	0.00948541	ok	0	0.000582062	0	0.999418	0	0	0	false	dominant=EUR proportion=0.999 margin=0.999 overlap=15654 residual=0.0095
GCST90200692	GCST90200692	European	EUR	af_assigned	ukb-ancestry-mixture-hg38	14341	EUR	0.998667	0.997333	0.00847604	ok	0	0.00133347	0	0.998667	0	0	0	false	dominant=EUR proportion=0.999 margin=0.997 overlap=14341 residual=0.0085
GCST90200693	GCST90200693	European	EUR	af_assigned	ukb-ancestry-mixture-hg38	23485	EUR	0.997166	0.995348	0.00876509	ok	0	0	0	0.997166	0.00181802	0	0.0010161	false	dominant=EUR proportion=0.997 margin=0.995 overlap=23485 residual=0.0088
GCST90200694	GCST90200694	European	EUR	af_assigned	ukb-ancestry-mixture-hg38	15803	EUR	0.99898	0.997961	0.00864609	ok	0	0.00101958	0	0.99898	0	0	0	false	dominant=EUR proportion=0.999 margin=0.998 overlap=15803 residual=0.0086
GCST90200695	GCST90200695	European	EUR	af_assigned	ukb-ancestry-mixture-hg38	31670	EUR	1	1	0.00899341	ok	0	0	0	1	0	0	0	false	dominant=EUR proportion=1.000 margin=1.000 overlap=31670 residual=0.0090
GCST90200696	GCST90200696	European	EUR	af_assigned	ukb-ancestry-mixture-hg38	14342	EUR	0.996415	0.992829	0.00909618	ok	0	0	0	0.996415	0	0	0.00358539	false	dominant=EUR proportion=0.996 margin=0.993 overlap=14342 residual=0.0091
GCST90200697	GCST90200697	European	EUR	af_assigned	ukb-ancestry-mixture-hg38	18298	EUR	0.99268	0.985397	0.00934694	ok	3.56545e-05	0	0	0.99268	0.00728389	0	0	false	dominant=EUR proportion=0.993 margin=0.985 overlap=18298 residual=0.0093
GCST90200698	GCST90200698	European	EUR	af_assigned	ukb-ancestry-mixture-hg38	17711	EUR	0.991084	0.983807	0.00941983	ok	0	0	0	0.991084	0.00727686	0	0.0016391	false	dominant=EUR proportion=0.991 margin=0.984 overlap=17711 residual=0.0094
GCST90200699	GCST90200699	European	EUR	af_assigned	ukb-ancestry-mixture-hg38	22019	EUR	0.998198	0.996396	0.0103542	ok	0	0	0	0.998198	0	0.00180217	0	false	dominant=EUR proportion=0.998 margin=0.996 overlap=22019 residual=0.0104
GCST90200700	GCST90200700	European	EUR	af_assigned	ukb-ancestry-mixture-hg38	22720	EUR	0.996917	0.994134	0.00988722	ok	0	0	0.000301153	0.996917	0	0.0027823	0	false	dominant=EUR proportion=0.997 margin=0.994 overlap=22720 residual=0.0099
GCST90200701	GCST90200701	European	EUR	af_assigned	ukb-ancestry-mixture-hg38	14037	EUR	1	1	0.00882594	ok	0	0	0	1	0	0	0	false	dominant=EUR proportion=1.000 margin=1.000 overlap=14037 residual=0.0088
GCST90200702	GCST90200702	European	EUR	af_assigned	ukb-ancestry-mixture-hg38	14030	EUR	1	1	0.00882092	ok	0	0	0	1	0	0	0	false	dominant=EUR proportion=1.000 margin=1.000 overlap=14030 residual=0.0088
GCST90200703	GCST90200703	European	EUR	af_assigned	ukb-ancestry-mixture-hg38	18195	EUR	1	1	0.00837601	ok	0	0	0	1	0	0	0	false	dominant=EUR proportion=1.000 margin=1.000 overlap=18195 residual=0.0084
GCST90200704	GCST90200704	European	EUR	af_assigned	ukb-ancestry-mixture-hg38	18656	EUR	1	1	0.00835514	ok	0	0	0	1	0	0	0	false	dominant=EUR proportion=1.000 margin=1.000 overlap=18656 residual=0.0084
GCST90200705	GCST90200705	European	EUR	af_assigned	ukb-ancestry-mixture-hg38	32806	EUR	1	1	0.00878033	ok	0	0	0	1	0	0	0	false	dominant=EUR proportion=1.000 margin=1.000 overlap=32806 residual=0.0088
GCST90200706	GCST90200706	European	EUR	af_assigned	ukb-ancestry-mixture-hg38	21218	EUR	0.998751	0.997502	0.0104464	ok	0	0.00124925	0	0.998751	0	0	0	false	dominant=EUR proportion=0.999 margin=0.998 overlap=21218 residual=0.0104
GCST90200707	GCST90200707	European	EUR	af_assigned	ukb-ancestry-mixture-hg38	28918	EUR	0.999814	0.999628	0.00943614	ok	0	0	0.000185921	0.999814	0	0	0	false	dominant=EUR proportion=1.000 margin=1.000 overlap=28918 residual=0.0094
GCST90200708	GCST90200708	European	EUR	af_assigned	ukb-ancestry-mixture-hg38	38206	EUR	0.999887	0.999775	0.0100554	ok	0	0.000112598	0	0.999887	0	0	0	false	dominant=EUR proportion=1.000 margin=1.000 overlap=38206 residual=0.0101
GCST90200709	GCST90200709	European	EUR	af_assigned	ukb-ancestry-mixture-hg38	30466	EUR	1	1	0.00923001	ok	0	0	0	1	0	0	0	false	dominant=EUR proportion=1.000 margin=1.000 overlap=30466 residual=0.0092
GCST90200710	GCST90200710	European	EUR	af_assigned	ukb-ancestry-mixture-hg38	21480	EUR	0.999477	0.998955	0.00959296	ok	0	0.000522531	0	0.999477	0	0	0	false	dominant=EUR proportion=0.999 margin=0.999 overlap=21480 residual=0.0096
GCST90200711	GCST90200711	European	EUR	af_assigned	ukb-ancestry-mixture-hg38	45372	EUR	0.99922	0.99844	0.00991601	ok	0	0	0.000780022	0.99922	0	0	0	false	dominant=EUR proportion=0.999 margin=0.998 overlap=45372 residual=0.0099
GCST90200712	GCST90200712	European	EUR	af_assigned	ukb-ancestry-mixture-hg38	8063	EUR	1	1	0.00962838	ok	0	0	0	1	0	0	0	false	dominant=EUR proportion=1.000 margin=1.000 overlap=8063 residual=0.0096
GCST90200713	GCST90200713	European	EUR	af_assigned	ukb-ancestry-mixture-hg38	12166	EUR	0.999589	0.999177	0.00962686	ok	0	0.00041148	0	0.999589	0	0	0	false	dominant=EUR proportion=1.000 margin=0.999 overlap=12166 residual=0.0096
GCST90200714	GCST90200714	European	EUR	af_assigned	ukb-ancestry-mixture-hg38	8062	EUR	1	1	0.00952228	ok	0	0	0	1	0	0	0	false	dominant=EUR proportion=1.000 margin=1.000 overlap=8062 residual=0.0095
GCST90200715	GCST90200715	European	EUR	af_assigned	ukb-ancestry-mixture-hg38	12203	EUR	0.998294	0.997197	0.00893839	ok	0.00053952	6.93988e-05	0	0.998294	0	0	0.00109682	false	dominant=EUR proportion=0.998 margin=0.997 overlap=12203 residual=0.0089
GCST90200716	GCST90200716	European	EUR	af_assigned	ukb-ancestry-mixture-hg38	12570	EUR	0.998788	0.998167	0.0120602	ok	0.000591743	0.00062068	0	0.998788	0	0	0	false	dominant=EUR proportion=0.999 margin=0.998 overlap=12570 residual=0.0121
GCST90200717	GCST90200717	European	EUR	af_assigned	ukb-ancestry-mixture-hg38	14967	EUR	1	1	0.00887846	ok	0	0	0	1	0	0	0	false	dominant=EUR proportion=1.000 margin=1.000 overlap=14967 residual=0.0089
GCST90200718	GCST90200718	European	EUR	af_assigned	ukb-ancestry-mixture-hg38	11270	EUR	0.997966	0.995932	0.00865596	ok	0	0.00203392	0	0.997966	0	0	0	false	dominant=EUR proportion=0.998 margin=0.996 overlap=11270 residual=0.0087
GCST90200719	GCST90200719	European	EUR	af_assigned	ukb-ancestry-mixture-hg38	8054	EUR	1	1	0.0096626	ok	0	0	0	1	0	0	0	false	dominant=EUR proportion=1.000 margin=1.000 overlap=8054 residual=0.0097
GCST90200720	GCST90200720	European	EUR	af_assigned	ukb-ancestry-mixture-hg38	8059	EUR	1	1	0.0100365	ok	0	0	0	1	0	0	0	false	dominant=EUR proportion=1.000 margin=1.000 overlap=8059 residual=0.0100
GCST90200721	GCST90200721	European	EUR	af_assigned	ukb-ancestry-mixture-hg38	8058	EUR	1	1	0.0100553	ok	0	0	0	1	0	0	0	false	dominant=EUR proportion=1.000 margin=1.000 overlap=8058 residual=0.0101
GCST90200722	GCST90200722	European	EUR	af_assigned	ukb-ancestry-mixture-hg38	13762	EUR	0.998273	0.996546	0.00884501	ok	0	0.00172679	0	0.998273	0	0	0	false	dominant=EUR proportion=0.998 margin=0.997 overlap=13762 residual=0.0088
GCST90200723	GCST90200723	European	EUR	af_assigned	ukb-ancestry-mixture-hg38	26827	EUR	0.998479	0.997222	0.00910696	ok	0	0.00125725	0	0.998479	0	0	0.000263582	false	dominant=EUR proportion=0.998 margin=0.997 overlap=26827 residual=0.0091
GCST90200724	GCST90200724	European	EUR	af_assigned	ukb-ancestry-mixture-hg38	8056	EUR	1	1	0.00959186	ok	0	0	0	1	0	0	0	false	dominant=EUR proportion=1.000 margin=1.000 overlap=8056 residual=0.0096
GCST90200725	GCST90200725	European	EUR	af_assigned	ukb-ancestry-mixture-hg38	11158	EUR	1	1	0.00934487	ok	0	0	0	1	0	0	0	false	dominant=EUR proportion=1.000 margin=1.000 overlap=11158 residual=0.0093
GCST90200726	GCST90200726	European	EUR	af_assigned	ukb-ancestry-mixture-hg38	27315	EUR	0.997905	0.995811	0.00905845	ok	0	0.00209459	0	0.997905	0	0	0	false	dominant=EUR proportion=0.998 margin=0.996 overlap=27315 residual=0.0091
GCST90200727	GCST90200727	European	EUR	af_assigned	ukb-ancestry-mixture-hg38	8057	EUR	1	1	0.00970813	ok	0	0	0	1	0	0	0	false	dominant=EUR proportion=1.000 margin=1.000 overlap=8057 residual=0.0097
GCST90200728	GCST90200728	European	EUR	af_assigned	ukb-ancestry-mixture-hg38	8061	EUR	1	1	0.0100494	ok	0	0	0	1	0	0	0	false	dominant=EUR proportion=1.000 margin=1.000 overlap=8061 residual=0.0100
GCST90200729	GCST90200729	European	EUR	af_assigned	ukb-ancestry-mixture-hg38	11964	EUR	0.999917	0.999834	0.00925311	ok	8.28256e-05	0	0	0.999917	0	0	0	false	dominant=EUR proportion=1.000 margin=1.000 overlap=11964 residual=0.0093
GCST90200730	GCST90200730	European	EUR	af_assigned	ukb-ancestry-mixture-hg38	11991	EUR	0.999728	0.999456	0.00921117	ok	0	0.000271804	0	0.999728	0	0	0	false	dominant=EUR proportion=1.000 margin=0.999 overlap=11991 residual=0.0092
GCST90200731	GCST90200731	European	EUR	af_assigned	ukb-ancestry-mixture-hg38	10578	EUR	0.999368	0.998737	0.00941572	ok	0	0.000631637	0	0.999368	0	0	0	false	dominant=EUR proportion=0.999 margin=0.999 overlap=10578 residual=0.0094
GCST90200732	GCST90200732	European	EUR	af_assigned	ukb-ancestry-mixture-hg38	8063	EUR	1	1	0.0100496	ok	0	0	0	1	0	0	0	false	dominant=EUR proportion=1.000 margin=1.000 overlap=8063 residual=0.0100
GCST90200733	GCST90200733	European	EUR	af_assigned	ukb-ancestry-mixture-hg38	8061	EUR	1	1	0.0100924	ok	0	0	0	1	0	0	0	false	dominant=EUR proportion=1.000 margin=1.000 overlap=8061 residual=0.0101
GCST90200734	GCST90200734	European	EUR	af_assigned	ukb-ancestry-mixture-hg38	8059	EUR	1	1	0.00952122	ok	0	0	0	1	0	0	0	false	dominant=EUR proportion=1.000 margin=1.000 overlap=8059 residual=0.0095
GCST90200735	GCST90200735	European	EUR	af_assigned	ukb-ancestry-mixture-hg38	25467	EUR	1	1	0.00929429	ok	0	0	0	1	0	0	0	false	dominant=EUR proportion=1.000 margin=1.000 overlap=25467 residual=0.0093
GCST90200736	GCST90200736	European	EUR	af_assigned	ukb-ancestry-mixture-hg38	8056	EUR	1	1	0.0100531	ok	0	0	0	1	0	0	0	false	dominant=EUR proportion=1.000 margin=1.000 overlap=8056 residual=0.0101
GCST90200737	GCST90200737	European	EUR	af_assigned	ukb-ancestry-mixture-hg38	8060	EUR	1	1	0.0100978	ok	0	0	0	1	0	0	0	false	dominant=EUR proportion=1.000 margin=1.000 overlap=8060 residual=0.0101
GCST90200738	GCST90200738	European	EUR	af_assigned	ukb-ancestry-mixture-hg38	11829	EUR	1	1	0.00942486	ok	0	0	0	1	0	0	0	false	dominant=EUR proportion=1.000 margin=1.000 overlap=11829 residual=0.0094
GCST90200739	GCST90200739	European	EUR	af_assigned	ukb-ancestry-mixture-hg38	10912	EUR	1	1	0.0090609	ok	0	0	0	1	0	0	0	false	dominant=EUR proportion=1.000 margin=1.000 overlap=10912 residual=0.0091
GCST90200740	GCST90200740	European	EUR	af_assigned	ukb-ancestry-mixture-hg38	14057	EUR	0.997329	0.994659	0.00854957	ok	0	0.0026706	0	0.997329	0	0	0	false	dominant=EUR proportion=0.997 margin=0.995 overlap=14057 residual=0.0085
GCST90200741	GCST90200741	European	EUR	af_assigned	ukb-ancestry-mixture-hg38	8056	EUR	1	1	0.00952585	ok	0	0	0	1	0	0	0	false	dominant=EUR proportion=1.000 margin=1.000 overlap=8056 residual=0.0095
GCST90200742	GCST90200742	European	EUR	af_assigned	ukb-ancestry-mixture-hg38	11822	EUR	1	1	0.00892215	ok	0	0	0	1	0	0	0	false	dominant=EUR proportion=1.000 margin=1.000 overlap=11822 residual=0.0089
GCST90200743	GCST90200743	European	EUR	af_assigned	ukb-ancestry-mixture-hg38	25351	EUR	0.998473	0.996947	0.00892643	ok	0	0	0	0.998473	0	0	0.00152662	false	dominant=EUR proportion=0.998 margin=0.997 overlap=25351 residual=0.0089
GCST90200744	GCST90200744	European	EUR	af_assigned	ukb-ancestry-mixture-hg38	11091	EUR	1	1	0.00865642	ok	0	0	0	1	0	0	0	false	dominant=EUR proportion=1.000 margin=1.000 overlap=11091 residual=0.0087
GCST90200745	GCST90200745	European	EUR	af_assigned	ukb-ancestry-mixture-hg38	8060	EUR	1	1	0.00952366	ok	0	0	0	1	0	0	0	false	dominant=EUR proportion=1.000 margin=1.000 overlap=8060 residual=0.0095
GCST90200746	GCST90200746	European	EUR	af_assigned	ukb-ancestry-mixture-hg38	8062	EUR	1	1	0.0100645	ok	0	0	0	1	0	0	0	false	dominant=EUR proportion=1.000 margin=1.000 overlap=8062 residual=0.0101
GCST90200747	GCST90200747	European	EUR	af_assigned	ukb-ancestry-mixture-hg38	8056	EUR	1	1	0.00952404	ok	0	0	0	1	0	0	0	false	dominant=EUR proportion=1.000 margin=1.000 overlap=8056 residual=0.0095
GCST90200748	GCST90200748	European	EUR	af_assigned	ukb-ancestry-mixture-hg38	16139	EUR	1	1	0.00850775	ok	0	0	0	1	0	0	0	false	dominant=EUR proportion=1.000 margin=1.000 overlap=16139 residual=0.0085
GCST90200749	GCST90200749	European	EUR	af_assigned	ukb-ancestry-mixture-hg38	10971	EUR	0.998529	0.997147	0.00900076	ok	9.01441e-05	0.0013812	0	0.998529	0	0	0	false	dominant=EUR proportion=0.999 margin=0.997 overlap=10971 residual=0.0090
GCST90200750	GCST90200750	European	EUR	af_assigned	ukb-ancestry-mixture-hg38	23609	EUR	1	1	0.00911288	ok	0	0	0	1	0	0	0	false	dominant=EUR proportion=1.000 margin=1.000 overlap=23609 residual=0.0091
GCST90200751	GCST90200751	European	EUR	af_assigned	ukb-ancestry-mixture-hg38	8058	EUR	1	1	0.00952115	ok	0	0	0	1	0	0	0	false	dominant=EUR proportion=1.000 margin=1.000 overlap=8058 residual=0.0095
GCST90200752	GCST90200752	European	EUR	af_assigned	ukb-ancestry-mixture-hg38	8052	EUR	1	1	0.00961405	ok	0	0	0	1	0	0	0	false	dominant=EUR proportion=1.000 margin=1.000 overlap=8052 residual=0.0096
GCST90200753	GCST90200753	European	EUR	af_assigned	ukb-ancestry-mixture-hg38	14947	EUR	1	1	0.00854547	ok	0	0	0	1	0	0	0	false	dominant=EUR proportion=1.000 margin=1.000 overlap=14947 residual=0.0085
GCST90200754	GCST90200754	European	EUR	af_assigned	ukb-ancestry-mixture-hg38	14119	EUR	1	1	0.00875692	ok	0	0	0	1	0	0	0	false	dominant=EUR proportion=1.000 margin=1.000 overlap=14119 residual=0.0088
GCST90200755	GCST90200755	European	EUR	af_assigned	ukb-ancestry-mixture-hg38	8060	EUR	1	1	0.010039	ok	0	0	0	1	0	0	0	false	dominant=EUR proportion=1.000 margin=1.000 overlap=8060 residual=0.0100
GCST90200756	GCST90200756	European	EUR	af_assigned	ukb-ancestry-mixture-hg38	11901	EUR	0.99931	0.99862	0.00876094	ok	0	0.000689781	0	0.99931	0	0	0	false	dominant=EUR proportion=0.999 margin=0.999 overlap=11901 residual=0.0088
GCST90200757	GCST90200757	European	EUR	af_assigned	ukb-ancestry-mixture-hg38	12157	EUR	0.99944	0.998881	0.0086871	ok	0	0.000559602	0	0.99944	0	0	0	false	dominant=EUR proportion=0.999 margin=0.999 overlap=12157 residual=0.0087
GCST90200758	GCST90200758	European	EUR	af_assigned	ukb-ancestry-mixture-hg38	21632	EUR	0.99545	0.991873	0.00944744	ok	0	0.00357661	0.000973442	0.99545	0	0	0	false	dominant=EUR proportion=0.995 margin=0.992 overlap=21632 residual=0.0094
GCST90200759	GCST90200759	European	EUR	af_assigned	ukb-ancestry-mixture-hg38	19317	EUR	0.996387	0.992774	0.00903	ok	0	0.00361316	0	0.996387	0	0	0	false	dominant=EUR proportion=0.996 margin=0.993 overlap=19317 residual=0.0090
GCST90200760	GCST90200760	European	EUR	af_assigned	ukb-ancestry-mixture-hg38	26873	EUR	0.992637	0.987592	0.00910713	ok	0	0	0.00231727	0.992637	0.0050455	0	0	false	dominant=EUR proportion=0.993 margin=0.988 overlap=26873 residual=0.0091
GCST90200761	GCST90200761	European	EUR	af_assigned	ukb-ancestry-mixture-hg38	23350	EUR	0.998839	0.997679	0.0100366	ok	0	0.00116074	0	0.998839	0	0	0	false	dominant=EUR proportion=0.999 margin=0.998 overlap=23350 residual=0.0100
GCST90200762	GCST90200762	European	EUR	af_assigned	ukb-ancestry-mixture-hg38	8058	EUR	1	1	0.00951694	ok	0	0	0	1	0	0	0	false	dominant=EUR proportion=1.000 margin=1.000 overlap=8058 residual=0.0095
GCST90200763	GCST90200763	European	EUR	af_assigned	ukb-ancestry-mixture-hg38	16697	EUR	1	1	0.00865109	ok	0	0	0	1	0	0	0	false	dominant=EUR proportion=1.000 margin=1.000 overlap=16697 residual=0.0087
GCST90200764	GCST90200764	European	EUR	af_assigned	ukb-ancestry-mixture-hg38	18853	EUR	0.99781	0.99562	0.00892069	ok	0	0.00219022	0	0.99781	0	0	0	false	dominant=EUR proportion=0.998 margin=0.996 overlap=18853 residual=0.0089
GCST90200765	GCST90200765	European	EUR	af_assigned	ukb-ancestry-mixture-hg38	11661	EUR	0.997188	0.994467	0.00891562	ok	9.0761e-05	0.00272102	0	0.997188	0	0	0	false	dominant=EUR proportion=0.997 margin=0.994 overlap=11661 residual=0.0089
GCST90200766	GCST90200766	European	EUR	af_assigned	ukb-ancestry-mixture-hg38	11689	EUR	0.998636	0.997272	0.00906963	ok	0	0.00136399	0	0.998636	0	0	0	false	dominant=EUR proportion=0.999 margin=0.997 overlap=11689 residual=0.0091
GCST90200767	GCST90200767	European	EUR	af_assigned	ukb-ancestry-mixture-hg38	8058	EUR	1	1	0.00952789	ok	0	0	0	1	0	0	0	false	dominant=EUR proportion=1.000 margin=1.000 overlap=8058 residual=0.0095
GCST90200768	GCST90200768	European	EUR	af_assigned	ukb-ancestry-mixture-hg38	15386	EUR	0.997089	0.994178	0.00922246	ok	0	0.00291107	0	0.997089	0	0	0	false	dominant=EUR proportion=0.997 margin=0.994 overlap=15386 residual=0.0092
GCST90200769	GCST90200769	European	EUR	af_assigned	ukb-ancestry-mixture-hg38	11227	EUR	0.9992	0.998399	0.00882641	ok	0	0.000800462	0	0.9992	0	0	0	false	dominant=EUR proportion=0.999 margin=0.998 overlap=11227 residual=0.0088
GCST90200770	GCST90200770	European	EUR	af_assigned	ukb-ancestry-mixture-hg38	19055	EUR	0.997723	0.995445	0.00819262	ok	0	0.00227726	0	0.997723	0	0	0	false	dominant=EUR proportion=0.998 margin=0.995 overlap=19055 residual=0.0082
GCST90200771	GCST90200771	European	EUR	af_assigned	ukb-ancestry-mixture-hg38	8053	EUR	1	1	0.00953135	ok	0	0	0	1	0	0	0	false	dominant=EUR proportion=1.000 margin=1.000 overlap=8053 residual=0.0095
GCST90200772	GCST90200772	European	EUR	af_assigned	ukb-ancestry-mixture-hg38	18637	EUR	0.999827	0.999653	0.00962956	ok	0.000173372	0	0	0.999827	0	0	0	false	dominant=EUR proportion=1.000 margin=1.000 overlap=18637 residual=0.0096
GCST90200773	GCST90200773	European	EUR	af_assigned	ukb-ancestry-mixture-hg38	17747	EUR	0.996516	0.994636	0.00896921	ok	0	0.00160419	0.0018801	0.996516	0	0	0	false	dominant=EUR proportion=0.997 margin=0.995 overlap=17747 residual=0.0090
GCST90200774	GCST90200774	European	EUR	af_assigned	ukb-ancestry-mixture-hg38	19604	EUR	1	1	0.0089436	ok	0	0	0	1	0	0	0	false	dominant=EUR proportion=1.000 margin=1.000 overlap=19604 residual=0.0089
GCST90200775	GCST90200775	European	EUR	af_assigned	ukb-ancestry-mixture-hg38	16424	EUR	0.994117	0.988234	0.00897513	ok	0	0.00588298	0	0.994117	0	0	0	false	dominant=EUR proportion=0.994 margin=0.988 overlap=16424 residual=0.0090
GCST90200776	GCST90200776	European	EUR	af_assigned	ukb-ancestry-mixture-hg38	14314	EUR	0.996472	0.992944	0.00799657	ok	0	0.00352806	0	0.996472	0	0	0	false	dominant=EUR proportion=0.996 margin=0.993 overlap=14314 residual=0.0080
GCST90200777	GCST90200777	European	EUR	af_assigned	ukb-ancestry-mixture-hg38	11033	EUR	1	1	0.00988073	ok	0	0	0	1	0	0	0	false	dominant=EUR proportion=1.000 margin=1.000 overlap=11033 residual=0.0099
GCST90200778	GCST90200778	European	EUR	af_assigned	ukb-ancestry-mixture-hg38	14405	EUR	1	1	0.00873916	ok	0	0	0	1	0	0	0	false	dominant=EUR proportion=1.000 margin=1.000 overlap=14405 residual=0.0087
GCST90200779	GCST90200779	European	EUR	af_assigned	ukb-ancestry-mixture-hg38	12721	EUR	1	1	0.0091792	ok	0	0	0	1	0	0	0	false	dominant=EUR proportion=1.000 margin=1.000 overlap=12721 residual=0.0092
GCST90200780	GCST90200780	European	EUR	af_assigned	ukb-ancestry-mixture-hg38	8056	EUR	1	1	0.00952339	ok	0	0	0	1	0	0	0	false	dominant=EUR proportion=1.000 margin=1.000 overlap=8056 residual=0.0095
GCST90200781	GCST90200781	European	EUR	af_assigned	ukb-ancestry-mixture-hg38	11647	EUR	0.996702	0.994059	0.00878054	ok	0.000654244	0	0	0.996702	0	0	0.00264358	false	dominant=EUR proportion=0.997 margin=0.994 overlap=11647 residual=0.0088
GCST90200782	GCST90200782	European	EUR	af_assigned	ukb-ancestry-mixture-hg38	14190	EUR	0.998271	0.996542	0.0088545	ok	0	0.00172878	0	0.998271	0	0	0	false	dominant=EUR proportion=0.998 margin=0.997 overlap=14190 residual=0.0089
GCST90200783	GCST90200783	European	EUR	af_assigned	ukb-ancestry-mixture-hg38	14779	EUR	0.996414	0.992828	0.00866131	ok	0	0.00358604	0	0.996414	0	0	0	false	dominant=EUR proportion=0.996 margin=0.993 overlap=14779 residual=0.0087
GCST90200784	GCST90200784	European	EUR	af_assigned	ukb-ancestry-mixture-hg38	14314	EUR	0.996631	0.993261	0.00799259	ok	0	0.00336942	0	0.996631	0	0	0	false	dominant=EUR proportion=0.997 margin=0.993 overlap=14314 residual=0.0080
GCST90200785	GCST90200785	European	EUR	af_assigned	ukb-ancestry-mixture-hg38	13192	EUR	1	1	0.00917568	ok	0	0	0	1	0	0	0	false	dominant=EUR proportion=1.000 margin=1.000 overlap=13192 residual=0.0092
GCST90200786	GCST90200786	European	EUR	af_assigned	ukb-ancestry-mixture-hg38	13812	EUR	0.998841	0.997683	0.00839423	ok	0	0.00115852	0	0.998841	0	0	0	false	dominant=EUR proportion=0.999 margin=0.998 overlap=13812 residual=0.0084
GCST90200787	GCST90200787	European	EUR	af_assigned	ukb-ancestry-mixture-hg38	26045	EUR	0.999862	0.999724	0.00947487	ok	0	0.000137969	0	0.999862	0	0	0	false	dominant=EUR proportion=1.000 margin=1.000 overlap=26045 residual=0.0095
GCST90200788	GCST90200788	European	EUR	af_assigned	ukb-ancestry-mixture-hg38	15914	EUR	1	1	0.00977295	ok	0	0	0	1	0	0	0	false	dominant=EUR proportion=1.000 margin=1.000 overlap=15914 residual=0.0098
GCST90200789	GCST90200789	European	EUR	af_assigned	ukb-ancestry-mixture-hg38	14548	EUR	0.997358	0.995248	0.00832292	ok	0.000241084	0.00211055	0.000289866	0.997358	0	0	0	false	dominant=EUR proportion=0.997 margin=0.995 overlap=14548 residual=0.0083
GCST90200790	GCST90200790	European	EUR	af_assigned	ukb-ancestry-mixture-hg38	12078	EUR	0.997114	0.994228	0.00977667	ok	0	0.00288621	0	0.997114	0	0	0	false	dominant=EUR proportion=0.997 margin=0.994 overlap=12078 residual=0.0098
GCST90200791	GCST90200791	European	EUR	af_assigned	ukb-ancestry-mixture-hg38	18232	EUR	1	1	0.00854022	ok	0	0	0	1	0	0	0	false	dominant=EUR proportion=1.000 margin=1.000 overlap=18232 residual=0.0085
GCST90200792	GCST90200792	European	EUR	af_assigned	ukb-ancestry-mixture-hg38	15316	EUR	0.998804	0.997607	0.0080261	ok	0	0.00119642	0	0.998804	0	0	0	false	dominant=EUR proportion=0.999 margin=0.998 overlap=15316 residual=0.0080
GCST90200793	GCST90200793	European	EUR	af_assigned	ukb-ancestry-mixture-hg38	22191	EUR	0.998682	0.997364	0.00818256	ok	0	0.0013178	0	0.998682	0	0	0	false	dominant=EUR proportion=0.999 margin=0.997 overlap=22191 residual=0.0082
GCST90200794	GCST90200794	European	EUR	af_assigned	ukb-ancestry-mixture-hg38	31650	EUR	1	1	0.00990615	ok	0	0	0	1	0	0	0	false	dominant=EUR proportion=1.000 margin=1.000 overlap=31650 residual=0.0099
GCST90200795	GCST90200795	European	EUR	af_assigned	ukb-ancestry-mixture-hg38	17920	EUR	0.997764	0.995665	0.00869624	ok	0.000136037	0.00209963	0	0.997764	0	0	0	false	dominant=EUR proportion=0.998 margin=0.996 overlap=17920 residual=0.0087
GCST90200796	GCST90200796	European	EUR	af_assigned	ukb-ancestry-mixture-hg38	24007	EUR	0.998307	0.996613	0.00867828	ok	0	0.00169336	0	0.998307	0	0	0	false	dominant=EUR proportion=0.998 margin=0.997 overlap=24007 residual=0.0087
GCST90200797	GCST90200797	European	EUR	af_assigned	ukb-ancestry-mixture-hg38	22644	EUR	0.995565	0.99113	0.00997651	ok	0	0.00443508	0	0.995565	0	0	0	false	dominant=EUR proportion=0.996 margin=0.991 overlap=22644 residual=0.0100
GCST90200798	GCST90200798	European	EUR	af_assigned	ukb-ancestry-mixture-hg38	22433	EUR	0.996867	0.995029	0.00870354	ok	0	0.00183737	0.00129586	0.996867	0	0	0	false	dominant=EUR proportion=0.997 margin=0.995 overlap=22433 residual=0.0087
GCST90200799	GCST90200799	European	EUR	af_assigned	ukb-ancestry-mixture-hg38	8064	EUR	1	1	0.0101406	ok	0	0	0	1	0	0	0	false	dominant=EUR proportion=1.000 margin=1.000 overlap=8064 residual=0.0101
GCST90200800	GCST90200800	European	EUR	af_assigned	ukb-ancestry-mixture-hg38	12164	EUR	0.999456	0.998912	0.00963469	ok	0	0.000544173	0	0.999456	0	0	0	false	dominant=EUR proportion=0.999 margin=0.999 overlap=12164 residual=0.0096
GCST90200801	GCST90200801	European	EUR	af_assigned	ukb-ancestry-mixture-hg38	23985	EUR	1	1	0.00928471	ok	0	0	0	1	0	0	0	false	dominant=EUR proportion=1.000 margin=1.000 overlap=23985 residual=0.0093
GCST90200802	GCST90200802	European	EUR	af_assigned	ukb-ancestry-mixture-hg38	15080	EUR	0.997238	0.994476	0.00879826	ok	0	0.00276208	0	0.997238	0	0	0	false	dominant=EUR proportion=0.997 margin=0.994 overlap=15080 residual=0.0088
GCST90200803	GCST90200803	European	EUR	af_assigned	ukb-ancestry-mixture-hg38	12162	EUR	0.999598	0.999195	0.00962504	ok	0	0.000402436	0	0.999598	0	0	0	false	dominant=EUR proportion=1.000 margin=0.999 overlap=12162 residual=0.0096
GCST90200804	GCST90200804	European	EUR	af_assigned	ukb-ancestry-mixture-hg38	12162	EUR	0.999511	0.999023	0.00961741	ok	0	0.000488687	0	0.999511	0	0	0	false	dominant=EUR proportion=1.000 margin=0.999 overlap=12162 residual=0.0096
GCST90200805	GCST90200805	European	EUR	af_assigned	ukb-ancestry-mixture-hg38	15742	EUR	0.998106	0.996212	0.0092161	ok	0	0.00189396	0	0.998106	0	0	0	false	dominant=EUR proportion=0.998 margin=0.996 overlap=15742 residual=0.0092
GCST90200806	GCST90200806	European	EUR	af_assigned	ukb-ancestry-mixture-hg38	14626	EUR	1	1	0.00981969	ok	0	0	0	1	0	0	0	false	dominant=EUR proportion=1.000 margin=1.000 overlap=14626 residual=0.0098
GCST90200807	GCST90200807	European	EUR	af_assigned	ukb-ancestry-mixture-hg38	19497	EUR	0.997464	0.994929	0.00766249	ok	0	0.00253561	0	0.997464	0	0	0	false	dominant=EUR proportion=0.997 margin=0.995 overlap=19497 residual=0.0077
GCST90200808	GCST90200808	European	EUR	af_assigned	ukb-ancestry-mixture-hg38	12160	EUR	0.999751	0.999502	0.00963522	ok	0	0.000249041	0	0.999751	0	0	0	false	dominant=EUR proportion=1.000 margin=1.000 overlap=12160 residual=0.0096
GCST90200809	GCST90200809	European	EUR	af_assigned	ukb-ancestry-mixture-hg38	8057	EUR	1	1	0.00965627	ok	0	0	0	1	0	0	0	false	dominant=EUR proportion=1.000 margin=1.000 overlap=8057 residual=0.0097
GCST90200810	GCST90200810	European	EUR	af_assigned	ukb-ancestry-mixture-hg38	16885	EUR	1	1	0.00897799	ok	0	0	0	1	0	0	0	false	dominant=EUR proportion=1.000 margin=1.000 overlap=16885 residual=0.0090
GCST90200811	GCST90200811	European	EUR	af_assigned	ukb-ancestry-mixture-hg38	19501	EUR	0.998967	0.997933	0.00879538	ok	0	0	0.0010333	0.998967	0	0	0	false	dominant=EUR proportion=0.999 margin=0.998 overlap=19501 residual=0.0088
GCST90200812	GCST90200812	European	EUR	af_assigned	ukb-ancestry-mixture-hg38	11098	EUR	0.999787	0.999573	0.00864783	ok	0	0.000213499	0	0.999787	0	0	0	false	dominant=EUR proportion=1.000 margin=1.000 overlap=11098 residual=0.0086
GCST90200813	GCST90200813	European	EUR	af_assigned	ukb-ancestry-mixture-hg38	14911	EUR	0.99682	0.993641	0.00789617	ok	0	0.00317957	0	0.99682	0	0	0	false	dominant=EUR proportion=0.997 margin=0.994 overlap=14911 residual=0.0079
GCST90200814	GCST90200814	European	EUR	af_assigned	ukb-ancestry-mixture-hg38	11513	EUR	1	1	0.00875404	ok	0	0	0	1	0	0	0	false	dominant=EUR proportion=1.000 margin=1.000 overlap=11513 residual=0.0088
GCST90200815	GCST90200815	European	EUR	af_assigned	ukb-ancestry-mixture-hg38	8061	EUR	1	1	0.0100715	ok	0	0	0	1	0	0	0	false	dominant=EUR proportion=1.000 margin=1.000 overlap=8061 residual=0.0101
GCST90200816	GCST90200816	European	EUR	af_assigned	ukb-ancestry-mixture-hg38	16746	EUR	1	1	0.00890583	ok	0	0	0	1	0	0	0	false	dominant=EUR proportion=1.000 margin=1.000 overlap=16746 residual=0.0089
GCST90200817	GCST90200817	European	EUR	af_assigned	ukb-ancestry-mixture-hg38	8056	EUR	1	1	0.00952855	ok	0	0	0	1	0	0	0	false	dominant=EUR proportion=1.000 margin=1.000 overlap=8056 residual=0.0095
GCST90200818	GCST90200818	European	EUR	af_assigned	ukb-ancestry-mixture-hg38	12677	EUR	1	1	0.0102207	ok	0	0	0	1	0	0	0	false	dominant=EUR proportion=1.000 margin=1.000 overlap=12677 residual=0.0102
GCST90200819	GCST90200819	European	EUR	af_assigned	ukb-ancestry-mixture-hg38	8054	EUR	1	1	0.00952795	ok	0	0	0	1	0	0	0	false	dominant=EUR proportion=1.000 margin=1.000 overlap=8054 residual=0.0095
GCST90200820	GCST90200820	European	EUR	af_assigned	ukb-ancestry-mixture-hg38	8074	EUR	1	1	0.010042	ok	0	0	0	1	0	0	0	false	dominant=EUR proportion=1.000 margin=1.000 overlap=8074 residual=0.0100
GCST90200821	GCST90200821	European	EUR	af_assigned	ukb-ancestry-mixture-hg38	11504	EUR	0.999395	0.99879	0.00935193	ok	0	0.000604912	0	0.999395	0	0	0	false	dominant=EUR proportion=0.999 margin=0.999 overlap=11504 residual=0.0094
GCST90200822	GCST90200822	European	EUR	af_assigned	ukb-ancestry-mixture-hg38	8060	EUR	1	1	0.0095484	ok	0	0	0	1	0	0	0	false	dominant=EUR proportion=1.000 margin=1.000 overlap=8060 residual=0.0095
GCST90200823	GCST90200823	European	EUR	af_assigned	ukb-ancestry-mixture-hg38	8061	EUR	1	1	0.0100518	ok	0	0	0	1	0	0	0	false	dominant=EUR proportion=1.000 margin=1.000 overlap=8061 residual=0.0101
GCST90200824	GCST90200824	European	EUR	af_assigned	ukb-ancestry-mixture-hg38	8058	EUR	1	1	0.010048	ok	0	0	0	1	0	0	0	false	dominant=EUR proportion=1.000 margin=1.000 overlap=8058 residual=0.0100
GCST90200825	GCST90200825	European	EUR	af_assigned	ukb-ancestry-mixture-hg38	14667	EUR	0.999617	0.999235	0.00892734	ok	0.000382682	0	0	0.999617	0	0	0	false	dominant=EUR proportion=1.000 margin=0.999 overlap=14667 residual=0.0089
GCST90200826	GCST90200826	European	EUR	af_assigned	ukb-ancestry-mixture-hg38	19475	EUR	1	1	0.00866884	ok	0	0	0	1	0	0	0	false	dominant=EUR proportion=1.000 margin=1.000 overlap=19475 residual=0.0087
GCST90200827	GCST90200827	European	EUR	af_assigned	ukb-ancestry-mixture-hg38	8072	EUR	1	1	0.00952022	ok	0	0	0	1	0	0	0	false	dominant=EUR proportion=1.000 margin=1.000 overlap=8072 residual=0.0095
GCST90200828	GCST90200828	European	EUR	af_assigned	ukb-ancestry-mixture-hg38	19317	EUR	1	1	0.00871609	ok	0	0	0	1	0	0	0	false	dominant=EUR proportion=1.000 margin=1.000 overlap=19317 residual=0.0087
GCST90200829	GCST90200829	European	EUR	af_assigned	ukb-ancestry-mixture-hg38	17188	EUR	0.998647	0.997293	0.00931558	ok	0	0.00135345	0	0.998647	0	0	0	false	dominant=EUR proportion=0.999 margin=0.997 overlap=17188 residual=0.0093
GCST90200830	GCST90200830	European	EUR	af_assigned	ukb-ancestry-mixture-hg38	8056	EUR	1	1	0.0096848	ok	0	0	0	1	0	0	0	false	dominant=EUR proportion=1.000 margin=1.000 overlap=8056 residual=0.0097
GCST90200831	GCST90200831	European	EUR	af_assigned	ukb-ancestry-mixture-hg38	14204	EUR	1	1	0.00890782	ok	0	0	0	1	0	0	0	false	dominant=EUR proportion=1.000 margin=1.000 overlap=14204 residual=0.0089
GCST90200832	GCST90200832	European	EUR	af_assigned	ukb-ancestry-mixture-hg38	8064	EUR	1	1	0.0100482	ok	0	0	0	1	0	0	0	false	dominant=EUR proportion=1.000 margin=1.000 overlap=8064 residual=0.0100
GCST90200833	GCST90200833	European	EUR	af_assigned	ukb-ancestry-mixture-hg38	8056	EUR	1	1	0.00955077	ok	0	0	0	1	0	0	0	false	dominant=EUR proportion=1.000 margin=1.000 overlap=8056 residual=0.0096
GCST90200834	GCST90200834	European	EUR	af_assigned	ukb-ancestry-mixture-hg38	8063	EUR	1	1	0.0100466	ok	0	0	0	1	0	0	0	false	dominant=EUR proportion=1.000 margin=1.000 overlap=8063 residual=0.0100
GCST90200835	GCST90200835	European	EUR	af_assigned	ukb-ancestry-mixture-hg38	8064	EUR	1	1	0.010042	ok	0	0	0	1	0	0	0	false	dominant=EUR proportion=1.000 margin=1.000 overlap=8064 residual=0.0100
GCST90200836	GCST90200836	European	EUR	af_assigned	ukb-ancestry-mixture-hg38	11841	EUR	0.998462	0.996925	0.00902859	ok	0	0.00153774	0	0.998462	0	0	0	false	dominant=EUR proportion=0.998 margin=0.997 overlap=11841 residual=0.0090
GCST90200837	GCST90200837	European	EUR	af_assigned	ukb-ancestry-mixture-hg38	8060	EUR	1	1	0.010046	ok	0	0	0	1	0	0	0	false	dominant=EUR proportion=1.000 margin=1.000 overlap=8060 residual=0.0100
GCST90200838	GCST90200838	European	EUR	af_assigned	ukb-ancestry-mixture-hg38	11090	EUR	0.999969	0.999939	0.00865209	ok	0	3.06564e-05	0	0.999969	0	0	0	false	dominant=EUR proportion=1.000 margin=1.000 overlap=11090 residual=0.0087
GCST90200839	GCST90200839	European	EUR	af_assigned	ukb-ancestry-mixture-hg38	8059	EUR	1	1	0.0100381	ok	0	0	0	1	0	0	0	false	dominant=EUR proportion=1.000 margin=1.000 overlap=8059 residual=0.0100
GCST90200840	GCST90200840	European	EUR	af_assigned	ukb-ancestry-mixture-hg38	11763	EUR	1	1	0.0092737	ok	0	0	0	1	0	0	0	false	dominant=EUR proportion=1.000 margin=1.000 overlap=11763 residual=0.0093
GCST90200841	GCST90200841	European	EUR	af_assigned	ukb-ancestry-mixture-hg38	11506	EUR	1	1	0.0099512	ok	0	0	0	1	0	0	0	false	dominant=EUR proportion=1.000 margin=1.000 overlap=11506 residual=0.0100
GCST90200842	GCST90200842	European	EUR	af_assigned	ukb-ancestry-mixture-hg38	10444	EUR	0.99969	0.99938	0.00987405	ok	0.000309812	0	0	0.99969	0	0	0	false	dominant=EUR proportion=1.000 margin=0.999 overlap=10444 residual=0.0099
GCST90200843	GCST90200843	European	EUR	af_assigned	ukb-ancestry-mixture-hg38	12891	EUR	1	1	0.00853208	ok	0	0	0	1	0	0	0	false	dominant=EUR proportion=1.000 margin=1.000 overlap=12891 residual=0.0085
GCST90200844	GCST90200844	European	EUR	af_assigned	ukb-ancestry-mixture-hg38	11819	EUR	1	1	0.00892282	ok	0	0	0	1	0	0	0	false	dominant=EUR proportion=1.000 margin=1.000 overlap=11819 residual=0.0089
GCST90200845	GCST90200845	European	EUR	af_assigned	ukb-ancestry-mixture-hg38	8052	EUR	1	1	0.00952893	ok	0	0	0	1	0	0	0	false	dominant=EUR proportion=1.000 margin=1.000 overlap=8052 residual=0.0095
GCST90200846	GCST90200846	European	EUR	af_assigned	ukb-ancestry-mixture-hg38	11680	EUR	1	1	0.00912138	ok	0	0	0	1	0	0	0	false	dominant=EUR proportion=1.000 margin=1.000 overlap=11680 residual=0.0091
GCST90200847	GCST90200847	European	EUR	af_assigned	ukb-ancestry-mixture-hg38	15532	EUR	0.996972	0.993944	0.00839682	ok	0	0.00302815	0	0.996972	0	0	0	false	dominant=EUR proportion=0.997 margin=0.994 overlap=15532 residual=0.0084
GCST90200848	GCST90200848	European	EUR	af_assigned	ukb-ancestry-mixture-hg38	8053	EUR	1	1	0.00952639	ok	0	0	0	1	0	0	0	false	dominant=EUR proportion=1.000 margin=1.000 overlap=8053 residual=0.0095
GCST90200849	GCST90200849	European	EUR	af_assigned	ukb-ancestry-mixture-hg38	8062	EUR	1	1	0.00952508	ok	0	0	0	1	0	0	0	false	dominant=EUR proportion=1.000 margin=1.000 overlap=8062 residual=0.0095
GCST90200850	GCST90200850	European	EUR	af_assigned	ukb-ancestry-mixture-hg38	8063	EUR	1	1	0.00951975	ok	0	0	0	1	0	0	0	false	dominant=EUR proportion=1.000 margin=1.000 overlap=8063 residual=0.0095
GCST90200851	GCST90200851	European	EUR	af_assigned	ukb-ancestry-mixture-hg38	15561	EUR	0.998031	0.996192	0.00861088	ok	0.00183939	0	0	0.998031	0	0.000129502	0	false	dominant=EUR proportion=0.998 margin=0.996 overlap=15561 residual=0.0086
GCST90200852	GCST90200852	European	EUR	af_assigned	ukb-ancestry-mixture-hg38	8053	EUR	1	1	0.00952529	ok	0	0	0	1	0	0	0	false	dominant=EUR proportion=1.000 margin=1.000 overlap=8053 residual=0.0095
GCST90200853	GCST90200853	European	EUR	af_assigned	ukb-ancestry-mixture-hg38	8055	EUR	1	1	0.00952334	ok	0	0	0	1	0	0	0	false	dominant=EUR proportion=1.000 margin=1.000 overlap=8055 residual=0.0095
GCST90200854	GCST90200854	European	EUR	af_assigned	ukb-ancestry-mixture-hg38	20148	EUR	1	1	0.00841925	ok	0	0	0	1	0	0	0	false	dominant=EUR proportion=1.000 margin=1.000 overlap=20148 residual=0.0084
GCST90200855	GCST90200855	European	EUR	af_assigned	ukb-ancestry-mixture-hg38	20209	EUR	0.997083	0.994899	0.00841955	ok	0	0.00218394	0	0.997083	0	0.000733353	0	false	dominant=EUR proportion=0.997 margin=0.995 overlap=20209 residual=0.0084
GCST90200856	GCST90200856	European	EUR	af_assigned	ukb-ancestry-mixture-hg38	17967	EUR	0.998897	0.997794	0.00916728	ok	0	0.00110317	0	0.998897	0	0	0	false	dominant=EUR proportion=0.999 margin=0.998 overlap=17967 residual=0.0092
GCST90200857	GCST90200857	European	EUR	af_assigned	ukb-ancestry-mixture-hg38	15566	EUR	1	1	0.00875803	ok	0	0	0	1	0	0	0	false	dominant=EUR proportion=1.000 margin=1.000 overlap=15566 residual=0.0088
GCST90200858	GCST90200858	European	EUR	af_assigned	ukb-ancestry-mixture-hg38	14921	EUR	0.997458	0.994917	0.00825438	ok	0	0.00254157	0	0.997458	0	0	0	false	dominant=EUR proportion=0.997 margin=0.995 overlap=14921 residual=0.0083
GCST90200859	GCST90200859	European	EUR	af_assigned	ukb-ancestry-mixture-hg38	12331	EUR	1	1	0.0106374	ok	0	0	0	1	0	0	0	false	dominant=EUR proportion=1.000 margin=1.000 overlap=12331 residual=0.0106
GCST90200860	GCST90200860	European	EUR	af_assigned	ukb-ancestry-mixture-hg38	14887	EUR	0.997974	0.996767	0.00855478	ok	0	0	0.00120741	0.997974	0	0.000818513	0	false	dominant=EUR proportion=0.998 margin=0.997 overlap=14887 residual=0.0086
GCST90200861	GCST90200861	European	EUR	af_assigned	ukb-ancestry-mixture-hg38	19648	EUR	0.997166	0.994332	0.00823984	ok	0	0.00283403	0	0.997166	0	0	0	false	dominant=EUR proportion=0.997 margin=0.994 overlap=19648 residual=0.0082
GCST90200862	GCST90200862	European	EUR	af_assigned	ukb-ancestry-mixture-hg38	11819	EUR	0.999481	0.998963	0.00867295	ok	0	0.000518521	0	0.999481	0	0	0	false	dominant=EUR proportion=0.999 margin=0.999 overlap=11819 residual=0.0087
GCST90200863	GCST90200863	European	EUR	af_assigned	ukb-ancestry-mixture-hg38	19320	EUR	0.99824	0.996479	0.00898663	ok	0	0	0.00176028	0.99824	0	0	0	false	dominant=EUR proportion=0.998 margin=0.996 overlap=19320 residual=0.0090
GCST90200864	GCST90200864	European	EUR	af_assigned	ukb-ancestry-mixture-hg38	10166	EUR	1	1	0.00913557	ok	0	0	0	1	0	0	0	false	dominant=EUR proportion=1.000 margin=1.000 overlap=10166 residual=0.0091
GCST90200865	GCST90200865	European	EUR	af_assigned	ukb-ancestry-mixture-hg38	8062	EUR	1	1	0.00952333	ok	0	0	0	1	0	0	0	false	dominant=EUR proportion=1.000 margin=1.000 overlap=8062 residual=0.0095
GCST90200866	GCST90200866	European	EUR	af_assigned	ukb-ancestry-mixture-hg38	19648	EUR	0.999451	0.998903	0.00967687	ok	0	0.000548571	0	0.999451	0	0	0	false	dominant=EUR proportion=0.999 margin=0.999 overlap=19648 residual=0.0097
GCST90200867	GCST90200867	European	EUR	af_assigned	ukb-ancestry-mixture-hg38	8056	EUR	1	1	0.00952466	ok	0	0	0	1	0	0	0	false	dominant=EUR proportion=1.000 margin=1.000 overlap=8056 residual=0.0095
GCST90200868	GCST90200868	European	EUR	af_assigned	ukb-ancestry-mixture-hg38	8058	EUR	1	1	0.00952303	ok	0	0	0	1	0	0	0	false	dominant=EUR proportion=1.000 margin=1.000 overlap=8058 residual=0.0095
GCST90200869	GCST90200869	European	EUR	af_assigned	ukb-ancestry-mixture-hg38	8057	EUR	1	1	0.00952237	ok	0	0	0	1	0	0	0	false	dominant=EUR proportion=1.000 margin=1.000 overlap=8057 residual=0.0095
GCST90200870	GCST90200870	European	EUR	af_assigned	ukb-ancestry-mixture-hg38	8057	EUR	1	1	0.00961654	ok	0	0	0	1	0	0	0	false	dominant=EUR proportion=1.000 margin=1.000 overlap=8057 residual=0.0096
GCST90200871	GCST90200871	European	EUR	af_assigned	ukb-ancestry-mixture-hg38	8063	EUR	1	1	0.00952416	ok	0	0	0	1	0	0	0	false	dominant=EUR proportion=1.000 margin=1.000 overlap=8063 residual=0.0095
GCST90200872	GCST90200872	European	EUR	af_assigned	ukb-ancestry-mixture-hg38	8062	EUR	1	1	0.0095296	ok	0	0	0	1	0	0	0	false	dominant=EUR proportion=1.000 margin=1.000 overlap=8062 residual=0.0095
GCST90200873	GCST90200873	European	EUR	af_assigned	ukb-ancestry-mixture-hg38	12471	EUR	1	1	0.00959329	ok	0	0	0	1	0	0	0	false	dominant=EUR proportion=1.000 margin=1.000 overlap=12471 residual=0.0096
GCST90200874	GCST90200874	European	EUR	af_assigned	ukb-ancestry-mixture-hg38	11565	EUR	1	1	0.00963797	ok	0	0	0	1	0	0	0	false	dominant=EUR proportion=1.000 margin=1.000 overlap=11565 residual=0.0096
GCST90200875	GCST90200875	European	EUR	af_assigned	ukb-ancestry-mixture-hg38	11304	EUR	1	1	0.00884582	ok	0	0	0	1	0	0	0	false	dominant=EUR proportion=1.000 margin=1.000 overlap=11304 residual=0.0088
GCST90200876	GCST90200876	European	EUR	af_assigned	ukb-ancestry-mixture-hg38	8064	EUR	1	1	0.00965198	ok	0	0	0	1	0	0	0	false	dominant=EUR proportion=1.000 margin=1.000 overlap=8064 residual=0.0097
GCST90200877	GCST90200877	European	EUR	af_assigned	ukb-ancestry-mixture-hg38	11109	EUR	0.999775	0.99955	0.00864028	ok	0	0.000224824	0	0.999775	0	0	0	false	dominant=EUR proportion=1.000 margin=1.000 overlap=11109 residual=0.0086
GCST90200878	GCST90200878	European	EUR	af_assigned	ukb-ancestry-mixture-hg38	8060	EUR	1	1	0.00956572	ok	0	0	0	1	0	0	0	false	dominant=EUR proportion=1.000 margin=1.000 overlap=8060 residual=0.0096
GCST90200879	GCST90200879	European	EUR	af_assigned	ukb-ancestry-mixture-hg38	8061	EUR	1	1	0.00952364	ok	0	0	0	1	0	0	0	false	dominant=EUR proportion=1.000 margin=1.000 overlap=8061 residual=0.0095
GCST90200880	GCST90200880	European	EUR	af_assigned	ukb-ancestry-mixture-hg38	8050	EUR	1	1	0.00956917	ok	0	0	0	1	0	0	0	false	dominant=EUR proportion=1.000 margin=1.000 overlap=8050 residual=0.0096
GCST90200881	GCST90200881	European	EUR	af_assigned	ukb-ancestry-mixture-hg38	20671	EUR	1	1	0.00897907	ok	0	0	0	1	0	0	0	false	dominant=EUR proportion=1.000 margin=1.000 overlap=20671 residual=0.0090
GCST90200882	GCST90200882	European	EUR	af_assigned	ukb-ancestry-mixture-hg38	16627	EUR	1	1	0.00849823	ok	0	0	0	1	0	0	0	false	dominant=EUR proportion=1.000 margin=1.000 overlap=16627 residual=0.0085
GCST90200883	GCST90200883	European	EUR	af_assigned	ukb-ancestry-mixture-hg38	16690	EUR	1	1	0.00877918	ok	0	0	0	1	0	0	0	false	dominant=EUR proportion=1.000 margin=1.000 overlap=16690 residual=0.0088
GCST90200884	GCST90200884	European	EUR	af_assigned	ukb-ancestry-mixture-hg38	19929	EUR	1	1	0.00896173	ok	0	0	0	1	0	0	0	false	dominant=EUR proportion=1.000 margin=1.000 overlap=19929 residual=0.0090
GCST90200885	GCST90200885	European	EUR	af_assigned	ukb-ancestry-mixture-hg38	19404	EUR	0.999845	0.999691	0.00864009	ok	0	0.000154584	0	0.999845	0	0	0	false	dominant=EUR proportion=1.000 margin=1.000 overlap=19404 residual=0.0086
GCST90200886	GCST90200886	European	EUR	af_assigned	ukb-ancestry-mixture-hg38	18603	EUR	0.997528	0.995055	0.0103138	ok	0	0.00247232	0	0.997528	0	0	0	false	dominant=EUR proportion=0.998 margin=0.995 overlap=18603 residual=0.0103
GCST90200887	GCST90200887	European	EUR	af_assigned	ukb-ancestry-mixture-hg38	12598	EUR	1	1	0.00950165	ok	0	0	0	1	0	0	0	false	dominant=EUR proportion=1.000 margin=1.000 overlap=12598 residual=0.0095
GCST90200888	GCST90200888	European	EUR	af_assigned	ukb-ancestry-mixture-hg38	14247	EUR	0.993817	0.987633	0.00935634	ok	0	0	0	0.993817	0.00618327	0	0	false	dominant=EUR proportion=0.994 margin=0.988 overlap=14247 residual=0.0094
GCST90200889	GCST90200889	European	EUR	af_assigned	ukb-ancestry-mixture-hg38	8056	EUR	1	1	0.00957794	ok	0	0	0	1	0	0	0	false	dominant=EUR proportion=1.000 margin=1.000 overlap=8056 residual=0.0096
GCST90200890	GCST90200890	European	EUR	af_assigned	ukb-ancestry-mixture-hg38	11083	EUR	0.996238	0.992475	0.00902388	ok	0	0.00376242	0	0.996238	0	0	0	false	dominant=EUR proportion=0.996 margin=0.992 overlap=11083 residual=0.0090
GCST90200891	GCST90200891	European	EUR	af_assigned	ukb-ancestry-mixture-hg38	8058	EUR	1	1	0.00952435	ok	0	0	0	1	0	0	0	false	dominant=EUR proportion=1.000 margin=1.000 overlap=8058 residual=0.0095
GCST90200892	GCST90200892	European	EUR	af_assigned	ukb-ancestry-mixture-hg38	22114	EUR	0.999736	0.999472	0.00816008	ok	0	0	0	0.999736	0	0	0.000264234	false	dominant=EUR proportion=1.000 margin=0.999 overlap=22114 residual=0.0082
GCST90200893	GCST90200893	European	EUR	af_assigned	ukb-ancestry-mixture-hg38	8054	EUR	1	1	0.00952521	ok	0	0	0	1	0	0	0	false	dominant=EUR proportion=1.000 margin=1.000 overlap=8054 residual=0.0095
GCST90200894	GCST90200894	European	EUR	af_assigned	ukb-ancestry-mixture-hg38	8063	EUR	1	1	0.0100093	ok	0	0	0	1	0	0	0	false	dominant=EUR proportion=1.000 margin=1.000 overlap=8063 residual=0.0100
GCST90200895	GCST90200895	European	EUR	af_assigned	ukb-ancestry-mixture-hg38	24423	EUR	0.999232	0.998465	0.00827986	ok	0	0	0.000767655	0.999232	0	0	0	false	dominant=EUR proportion=0.999 margin=0.998 overlap=24423 residual=0.0083
GCST90200896	GCST90200896	European	EUR	af_assigned	ukb-ancestry-mixture-hg38	8060	EUR	1	1	0.00992888	ok	0	0	0	1	0	0	0	false	dominant=EUR proportion=1.000 margin=1.000 overlap=8060 residual=0.0099
GCST90200897	GCST90200897	European	EUR	af_assigned	ukb-ancestry-mixture-hg38	10935	EUR	0.998589	0.997179	0.00952648	ok	0	0.00141057	0	0.998589	0	0	0	false	dominant=EUR proportion=0.999 margin=0.997 overlap=10935 residual=0.0095
GCST90200898	GCST90200898	European	EUR	af_assigned	ukb-ancestry-mixture-hg38	17415	EUR	1	1	0.0105763	ok	0	0	0	1	0	0	0	false	dominant=EUR proportion=1.000 margin=1.000 overlap=17415 residual=0.0106
GCST90200899	GCST90200899	European	EUR	af_assigned	ukb-ancestry-mixture-hg38	11668	EUR	1	1	0.0089132	ok	0	0	0	1	0	0	0	false	dominant=EUR proportion=1.000 margin=1.000 overlap=11668 residual=0.0089
GCST90200900	GCST90200900	European	EUR	af_assigned	ukb-ancestry-mixture-hg38	33423	EUR	1	1	0.00978124	ok	0	0	0	1	0	0	0	false	dominant=EUR proportion=1.000 margin=1.000 overlap=33423 residual=0.0098
GCST90200901	GCST90200901	European	EUR	af_assigned	ukb-ancestry-mixture-hg38	18523	EUR	1	1	0.00844573	ok	0	0	0	1	0	0	0	false	dominant=EUR proportion=1.000 margin=1.000 overlap=18523 residual=0.0084
GCST90200902	GCST90200902	European	EUR	af_assigned	ukb-ancestry-mixture-hg38	23178	EUR	1	1	0.00857285	ok	0	0	0	1	0	0	0	false	dominant=EUR proportion=1.000 margin=1.000 overlap=23178 residual=0.0086
GCST90200903	GCST90200903	European	EUR	af_assigned	ukb-ancestry-mixture-hg38	8054	EUR	1	1	0.00952207	ok	0	0	0	1	0	0	0	false	dominant=EUR proportion=1.000 margin=1.000 overlap=8054 residual=0.0095
GCST90200904	GCST90200904	European	EUR	af_assigned	ukb-ancestry-mixture-hg38	18375	EUR	1	1	0.00871416	ok	0	0	0	1	0	0	0	false	dominant=EUR proportion=1.000 margin=1.000 overlap=18375 residual=0.0087
GCST90200905	GCST90200905	European	EUR	af_assigned	ukb-ancestry-mixture-hg38	8056	EUR	1	1	0.00952881	ok	0	0	0	1	0	0	0	false	dominant=EUR proportion=1.000 margin=1.000 overlap=8056 residual=0.0095
GCST90200906	GCST90200906	European	EUR	af_assigned	ukb-ancestry-mixture-hg38	13916	EUR	1	1	0.0098806	ok	0	0	0	1	0	0	0	false	dominant=EUR proportion=1.000 margin=1.000 overlap=13916 residual=0.0099
GCST90200907	GCST90200907	European	EUR	af_assigned	ukb-ancestry-mixture-hg38	26936	EUR	1	1	0.0102158	ok	0	0	0	1	0	0	0	false	dominant=EUR proportion=1.000 margin=1.000 overlap=26936 residual=0.0102
GCST90200908	GCST90200908	European	EUR	af_assigned	ukb-ancestry-mixture-hg38	18971	EUR	1	1	0.00863367	ok	0	0	0	1	0	0	0	false	dominant=EUR proportion=1.000 margin=1.000 overlap=18971 residual=0.0086
GCST90200909	GCST90200909	European	EUR	af_assigned	ukb-ancestry-mixture-hg38	11095	EUR	0.998646	0.997292	0.0095054	ok	0	0.00135389	0	0.998646	0	0	0	false	dominant=EUR proportion=0.999 margin=0.997 overlap=11095 residual=0.0095
GCST90200910	GCST90200910	European	EUR	af_assigned	ukb-ancestry-mixture-hg38	43921	EUR	1	1	0.0100122	ok	0	0	0	1	0	0	0	false	dominant=EUR proportion=1.000 margin=1.000 overlap=43921 residual=0.0100
GCST90200911	GCST90200911	European	EUR	af_assigned	ukb-ancestry-mixture-hg38	8063	EUR	1	1	0.00952379	ok	0	0	0	1	0	0	0	false	dominant=EUR proportion=1.000 margin=1.000 overlap=8063 residual=0.0095
GCST90200912	GCST90200912	European	EUR	af_assigned	ukb-ancestry-mixture-hg38	17655	EUR	0.998264	0.996784	0.00809494	ok	0.000255055	0.00148068	0	0.998264	0	0	0	false	dominant=EUR proportion=0.998 margin=0.997 overlap=17655 residual=0.0081
GCST90200913	GCST90200913	European	EUR	af_assigned	ukb-ancestry-mixture-hg38	8055	EUR	1	1	0.00956338	ok	0	0	0	1	0	0	0	false	dominant=EUR proportion=1.000 margin=1.000 overlap=8055 residual=0.0096
GCST90200914	GCST90200914	European	EUR	af_assigned	ukb-ancestry-mixture-hg38	16212	EUR	0.995076	0.990152	0.00813975	ok	0	0.00492394	0	0.995076	0	0	0	false	dominant=EUR proportion=0.995 margin=0.990 overlap=16212 residual=0.0081
GCST90200915	GCST90200915	European	EUR	af_assigned	ukb-ancestry-mixture-hg38	8056	EUR	1	1	0.00953299	ok	0	0	0	1	0	0	0	false	dominant=EUR proportion=1.000 margin=1.000 overlap=8056 residual=0.0095
GCST90200916	GCST90200916	European	EUR	af_assigned	ukb-ancestry-mixture-hg38	10778	EUR	0.997909	0.995818	0.00998548	ok	0	0.00209107	0	0.997909	0	0	0	false	dominant=EUR proportion=0.998 margin=0.996 overlap=10778 residual=0.0100
GCST90200917	GCST90200917	European	EUR	af_assigned	ukb-ancestry-mixture-hg38	12165	EUR	1	1	0.00908697	ok	0	0	0	1	0	0	0	false	dominant=EUR proportion=1.000 margin=1.000 overlap=12165 residual=0.0091
GCST90200918	GCST90200918	European	EUR	af_assigned	ukb-ancestry-mixture-hg38	16712	EUR	1	1	0.0080091	ok	0	0	0	1	0	0	0	false	dominant=EUR proportion=1.000 margin=1.000 overlap=16712 residual=0.0080
GCST90200919	GCST90200919	European	EUR	af_assigned	ukb-ancestry-mixture-hg38	8057	EUR	1	1	0.00957698	ok	0	0	0	1	0	0	0	false	dominant=EUR proportion=1.000 margin=1.000 overlap=8057 residual=0.0096
GCST90200920	GCST90200920	European	EUR	af_assigned	ukb-ancestry-mixture-hg38	10842	EUR	0.998294	0.996589	0.0089047	ok	0	0.00170562	0	0.998294	0	0	0	false	dominant=EUR proportion=0.998 margin=0.997 overlap=10842 residual=0.0089
GCST90200921	GCST90200921	European	EUR	af_assigned	ukb-ancestry-mixture-hg38	13422	EUR	0.998632	0.997264	0.0104784	ok	0	0.00136789	0	0.998632	0	0	0	false	dominant=EUR proportion=0.999 margin=0.997 overlap=13422 residual=0.0105
GCST90200922	GCST90200922	European	EUR	af_assigned	ukb-ancestry-mixture-hg38	13374	EUR	1	1	0.00975713	ok	0	0	0	1	0	0	0	false	dominant=EUR proportion=1.000 margin=1.000 overlap=13374 residual=0.0098
GCST90200923	GCST90200923	European	EUR	af_assigned	ukb-ancestry-mixture-hg38	8060	EUR	1	1	0.00952737	ok	0	0	0	1	0	0	0	false	dominant=EUR proportion=1.000 margin=1.000 overlap=8060 residual=0.0095
GCST90200924	GCST90200924	European	EUR	af_assigned	ukb-ancestry-mixture-hg38	8060	EUR	1	1	0.00953143	ok	0	0	0	1	0	0	0	false	dominant=EUR proportion=1.000 margin=1.000 overlap=8060 residual=0.0095
GCST90200925	GCST90200925	European	EUR	af_assigned	ukb-ancestry-mixture-hg38	8065	EUR	1	1	0.00955354	ok	0	0	0	1	0	0	0	false	dominant=EUR proportion=1.000 margin=1.000 overlap=8065 residual=0.0096
GCST90200926	GCST90200926	European	EUR	af_assigned	ukb-ancestry-mixture-hg38	27867	EUR	1	1	0.00826943	ok	0	0	0	1	0	0	0	false	dominant=EUR proportion=1.000 margin=1.000 overlap=27867 residual=0.0083
GCST90200927	GCST90200927	European	EUR	af_assigned	ukb-ancestry-mixture-hg38	8058	EUR	1	1	0.00957139	ok	0	0	0	1	0	0	0	false	dominant=EUR proportion=1.000 margin=1.000 overlap=8058 residual=0.0096
GCST90200928	GCST90200928	European	EUR	af_assigned	ukb-ancestry-mixture-hg38	20367	EUR	0.999035	0.998248	0.00846727	ok	0.000178124	0	0.000786981	0.999035	0	0	0	false	dominant=EUR proportion=0.999 margin=0.998 overlap=20367 residual=0.0085
GCST90200929	GCST90200929	European	EUR	af_assigned	ukb-ancestry-mixture-hg38	15758	EUR	0.998874	0.997749	0.00845047	ok	0	0.00112559	0	0.998874	0	0	0	false	dominant=EUR proportion=0.999 margin=0.998 overlap=15758 residual=0.0085
GCST90200930	GCST90200930	European	EUR	af_assigned	ukb-ancestry-mixture-hg38	8062	EUR	1	1	0.00952509	ok	0	0	0	1	0	0	0	false	dominant=EUR proportion=1.000 margin=1.000 overlap=8062 residual=0.0095
GCST90200931	GCST90200931	European	EUR	af_assigned	ukb-ancestry-mixture-hg38	8060	EUR	1	1	0.00952277	ok	0	0	0	1	0	0	0	false	dominant=EUR proportion=1.000 margin=1.000 overlap=8060 residual=0.0095
GCST90200932	GCST90200932	European	EUR	af_assigned	ukb-ancestry-mixture-hg38	14214	EUR	0.999158	0.998317	0.0079567	ok	0	0.000841636	0	0.999158	0	0	0	false	dominant=EUR proportion=0.999 margin=0.998 overlap=14214 residual=0.0080
GCST90200933	GCST90200933	European	EUR	af_assigned	ukb-ancestry-mixture-hg38	19866	EUR	1	1	0.00885245	ok	0	0	0	1	0	0	0	false	dominant=EUR proportion=1.000 margin=1.000 overlap=19866 residual=0.0089
GCST90200934	GCST90200934	European	EUR	af_assigned	ukb-ancestry-mixture-hg38	12852	EUR	0.999658	0.999316	0.0100591	ok	0.000341925	0	0	0.999658	0	0	0	false	dominant=EUR proportion=1.000 margin=0.999 overlap=12852 residual=0.0101
GCST90200935	GCST90200935	European	EUR	af_assigned	ukb-ancestry-mixture-hg38	25017	EUR	1	1	0.00985057	ok	0	0	0	1	0	0	0	false	dominant=EUR proportion=1.000 margin=1.000 overlap=25017 residual=0.0099
GCST90200936	GCST90200936	European	EUR	af_assigned	ukb-ancestry-mixture-hg38	11177	EUR	1	1	0.0090533	ok	0	0	0	1	0	0	0	false	dominant=EUR proportion=1.000 margin=1.000 overlap=11177 residual=0.0091
GCST90200937	GCST90200937	European	EUR	af_assigned	ukb-ancestry-mixture-hg38	11649	EUR	0.999631	0.999263	0.00925042	ok	0	0.000368617	0	0.999631	0	0	0	false	dominant=EUR proportion=1.000 margin=0.999 overlap=11649 residual=0.0093
GCST90200938	GCST90200938	European	EUR	af_assigned	ukb-ancestry-mixture-hg38	11562	EUR	1	1	0.00873972	ok	0	0	0	1	0	0	0	false	dominant=EUR proportion=1.000 margin=1.000 overlap=11562 residual=0.0087
GCST90200939	GCST90200939	European	EUR	af_assigned	ukb-ancestry-mixture-hg38	11244	EUR	1	1	0.00901788	ok	0	0	0	1	0	0	0	false	dominant=EUR proportion=1.000 margin=1.000 overlap=11244 residual=0.0090
GCST90200940	GCST90200940	European	EUR	af_assigned	ukb-ancestry-mixture-hg38	19868	EUR	1	1	0.00954914	ok	0	0	0	1	0	0	0	false	dominant=EUR proportion=1.000 margin=1.000 overlap=19868 residual=0.0095
GCST90200941	GCST90200941	European	EUR	af_assigned	ukb-ancestry-mixture-hg38	13670	EUR	0.998395	0.997136	0.00886971	ok	0.0012586	0.000346853	0	0.998395	0	0	0	false	dominant=EUR proportion=0.998 margin=0.997 overlap=13670 residual=0.0089
GCST90200942	GCST90200942	European	EUR	af_assigned	ukb-ancestry-mixture-hg38	8063	EUR	1	1	0.00952015	ok	0	0	0	1	0	0	0	false	dominant=EUR proportion=1.000 margin=1.000 overlap=8063 residual=0.0095
GCST90200943	GCST90200943	European	EUR	af_assigned	ukb-ancestry-mixture-hg38	8062	EUR	1	1	0.00951535	ok	0	0	0	1	0	0	0	false	dominant=EUR proportion=1.000 margin=1.000 overlap=8062 residual=0.0095
GCST90200944	GCST90200944	European	EUR	af_assigned	ukb-ancestry-mixture-hg38	11757	EUR	1	1	0.00866663	ok	0	0	0	1	0	0	0	false	dominant=EUR proportion=1.000 margin=1.000 overlap=11757 residual=0.0087
GCST90200945	GCST90200945	European	EUR	af_assigned	ukb-ancestry-mixture-hg38	8060	EUR	1	1	0.0095198	ok	0	0	0	1	0	0	0	false	dominant=EUR proportion=1.000 margin=1.000 overlap=8060 residual=0.0095
GCST90200946	GCST90200946	European	EUR	af_assigned	ukb-ancestry-mixture-hg38	11097	EUR	0.999871	0.999742	0.00864969	ok	0	0.000129016	0	0.999871	0	0	0	false	dominant=EUR proportion=1.000 margin=1.000 overlap=11097 residual=0.0086
GCST90200947	GCST90200947	European	EUR	af_assigned	ukb-ancestry-mixture-hg38	8065	EUR	1	1	0.0100446	ok	0	0	0	1	0	0	0	false	dominant=EUR proportion=1.000 margin=1.000 overlap=8065 residual=0.0100
GCST90200948	GCST90200948	European	EUR	af_assigned	ukb-ancestry-mixture-hg38	8058	EUR	1	1	0.0100503	ok	0	0	0	1	0	0	0	false	dominant=EUR proportion=1.000 margin=1.000 overlap=8058 residual=0.0101
GCST90200949	GCST90200949	European	EUR	af_assigned	ukb-ancestry-mixture-hg38	12470	EUR	0.999081	0.998519	0.00961592	ok	0	0.000357339	0.000561846	0.999081	0	0	0	false	dominant=EUR proportion=0.999 margin=0.999 overlap=12470 residual=0.0096
GCST90200950	GCST90200950	European	EUR	af_assigned	ukb-ancestry-mixture-hg38	8058	EUR	1	1	0.00952157	ok	0	0	0	1	0	0	0	false	dominant=EUR proportion=1.000 margin=1.000 overlap=8058 residual=0.0095
GCST90200951	GCST90200951	European	EUR	af_assigned	ukb-ancestry-mixture-hg38	14066	EUR	0.996702	0.993403	0.00843701	ok	0	0.00329831	0	0.996702	0	0	0	false	dominant=EUR proportion=0.997 margin=0.993 overlap=14066 residual=0.0084
GCST90200952	GCST90200952	European	EUR	af_assigned	ukb-ancestry-mixture-hg38	8058	EUR	1	1	0.0100751	ok	0	0	0	1	0	0	0	false	dominant=EUR proportion=1.000 margin=1.000 overlap=8058 residual=0.0101
GCST90200953	GCST90200953	European	EUR	af_assigned	ukb-ancestry-mixture-hg38	12074	EUR	1	1	0.00864146	ok	0	0	0	1	0	0	0	false	dominant=EUR proportion=1.000 margin=1.000 overlap=12074 residual=0.0086
GCST90200954	GCST90200954	European	EUR	af_assigned	ukb-ancestry-mixture-hg38	15613	EUR	1	1	0.00958241	ok	0	0	0	1	0	0	0	false	dominant=EUR proportion=1.000 margin=1.000 overlap=15613 residual=0.0096
GCST90200955	GCST90200955	European	EUR	af_assigned	ukb-ancestry-mixture-hg38	8063	EUR	1	1	0.0100466	ok	0	0	0	1	0	0	0	false	dominant=EUR proportion=1.000 margin=1.000 overlap=8063 residual=0.0100
GCST90200956	GCST90200956	European	EUR	af_assigned	ukb-ancestry-mixture-hg38	16110	EUR	1	1	0.0101317	ok	0	0	0	1	0	0	0	false	dominant=EUR proportion=1.000 margin=1.000 overlap=16110 residual=0.0101
GCST90200957	GCST90200957	European	EUR	af_assigned	ukb-ancestry-mixture-hg38	22256	EUR	1	1	0.00902028	ok	0	0	0	1	0	0	0	false	dominant=EUR proportion=1.000 margin=1.000 overlap=22256 residual=0.0090
GCST90200958	GCST90200958	European	EUR	af_assigned	ukb-ancestry-mixture-hg38	8058	EUR	1	1	0.0100514	ok	0	0	0	1	0	0	0	false	dominant=EUR proportion=1.000 margin=1.000 overlap=8058 residual=0.0101
GCST90200959	GCST90200959	European	EUR	af_assigned	ukb-ancestry-mixture-hg38	11998	EUR	0.998898	0.997796	0.00909319	ok	0	0.00110176	0	0.998898	0	0	0	false	dominant=EUR proportion=0.999 margin=0.998 overlap=11998 residual=0.0091
GCST90200960	GCST90200960	European	EUR	af_assigned	ukb-ancestry-mixture-hg38	16902	EUR	1	1	0.0097601	ok	0	0	0	1	0	0	0	false	dominant=EUR proportion=1.000 margin=1.000 overlap=16902 residual=0.0098
GCST90200961	GCST90200961	European	EUR	af_assigned	ukb-ancestry-mixture-hg38	12378	EUR	1	1	0.0108993	ok	0	0	0	1	0	0	0	false	dominant=EUR proportion=1.000 margin=1.000 overlap=12378 residual=0.0109
GCST90200962	GCST90200962	European	EUR	af_assigned	ukb-ancestry-mixture-hg38	8066	EUR	1	1	0.0100489	ok	0	0	0	1	0	0	0	false	dominant=EUR proportion=1.000 margin=1.000 overlap=8066 residual=0.0100
GCST90200963	GCST90200963	European	EUR	af_assigned	ukb-ancestry-mixture-hg38	8062	EUR	1	1	0.0100286	ok	0	0	0	1	0	0	0	false	dominant=EUR proportion=1.000 margin=1.000 overlap=8062 residual=0.0100
GCST90200964	GCST90200964	European	EUR	af_assigned	ukb-ancestry-mixture-hg38	10954	EUR	1	1	0.010045	ok	0	0	0	1	0	0	0	false	dominant=EUR proportion=1.000 margin=1.000 overlap=10954 residual=0.0100
GCST90200965	GCST90200965	European	EUR	af_assigned	ukb-ancestry-mixture-hg38	14298	EUR	1	1	0.00878125	ok	0	0	0	1	0	0	0	false	dominant=EUR proportion=1.000 margin=1.000 overlap=14298 residual=0.0088
GCST90200966	GCST90200966	European	EUR	af_assigned	ukb-ancestry-mixture-hg38	8057	EUR	1	1	0.0100478	ok	0	0	0	1	0	0	0	false	dominant=EUR proportion=1.000 margin=1.000 overlap=8057 residual=0.0100
GCST90200967	GCST90200967	European	EUR	af_assigned	ukb-ancestry-mixture-hg38	13529	EUR	0.984216	0.976773	0.0100844	ok	0.00319645	0.00744322	0	0.984216	0.00157173	0.00357223	0	false	dominant=EUR proportion=0.984 margin=0.977 overlap=13529 residual=0.0101
GCST90200968	GCST90200968	European	EUR	af_assigned	ukb-ancestry-mixture-hg38	17876	EUR	0.998983	0.997967	0.010228	ok	0	0	0.0010166	0.998983	0	0	0	false	dominant=EUR proportion=0.999 margin=0.998 overlap=17876 residual=0.0102
GCST90200969	GCST90200969	European	EUR	af_assigned	ukb-ancestry-mixture-hg38	8064	EUR	1	1	0.00952088	ok	0	0	0	1	0	0	0	false	dominant=EUR proportion=1.000 margin=1.000 overlap=8064 residual=0.0095
GCST90200970	GCST90200970	European	EUR	af_assigned	ukb-ancestry-mixture-hg38	8056	EUR	1	1	0.00952365	ok	0	0	0	1	0	0	0	false	dominant=EUR proportion=1.000 margin=1.000 overlap=8056 residual=0.0095
GCST90200971	GCST90200971	European	EUR	af_assigned	ukb-ancestry-mixture-hg38	15624	EUR	1	1	0.00830386	ok	0	0	0	1	0	0	0	false	dominant=EUR proportion=1.000 margin=1.000 overlap=15624 residual=0.0083
GCST90200972	GCST90200972	European	EUR	af_assigned	ukb-ancestry-mixture-hg38	8069	EUR	1	1	0.00952009	ok	0	0	0	1	0	0	0	false	dominant=EUR proportion=1.000 margin=1.000 overlap=8069 residual=0.0095
GCST90200973	GCST90200973	European	EUR	af_assigned	ukb-ancestry-mixture-hg38	17183	EUR	1	1	0.00796975	ok	0	0	0	1	0	0	0	false	dominant=EUR proportion=1.000 margin=1.000 overlap=17183 residual=0.0080
GCST90200974	GCST90200974	European	EUR	af_assigned	ukb-ancestry-mixture-hg38	11279	EUR	1	1	0.00902158	ok	0	0	0	1	0	0	0	false	dominant=EUR proportion=1.000 margin=1.000 overlap=11279 residual=0.0090
GCST90200975	GCST90200975	European	EUR	af_assigned	ukb-ancestry-mixture-hg38	10753	EUR	0.998513	0.997122	0.00929974	ok	9.58738e-05	0.00139114	0	0.998513	0	0	0	false	dominant=EUR proportion=0.999 margin=0.997 overlap=10753 residual=0.0093
GCST90200976	GCST90200976	European	EUR	af_assigned	ukb-ancestry-mixture-hg38	13359	EUR	0.98587	0.978204	0.0101022	ok	0.00359546	0.00766592	0	0.98587	0.000674104	0.00160304	0.000591465	false	dominant=EUR proportion=0.986 margin=0.978 overlap=13359 residual=0.0101
GCST90200977	GCST90200977	European	EUR	af_assigned	ukb-ancestry-mixture-hg38	18763	EUR	0.994992	0.989985	0.00870874	ok	0	0.00500751	0	0.994992	0	0	0	false	dominant=EUR proportion=0.995 margin=0.990 overlap=18763 residual=0.0087
GCST90200978	GCST90200978	European	EUR	af_assigned	ukb-ancestry-mixture-hg38	18924	EUR	0.998014	0.996028	0.00911476	ok	0	0.00198607	0	0.998014	0	0	0	false	dominant=EUR proportion=0.998 margin=0.996 overlap=18924 residual=0.0091
GCST90200979	GCST90200979	European	EUR	af_assigned	ukb-ancestry-mixture-hg38	13667	EUR	0.997269	0.994538	0.00861582	ok	0	0.00273098	0	0.997269	0	0	0	false	dominant=EUR proportion=0.997 margin=0.995 overlap=13667 residual=0.0086
GCST90200980	GCST90200980	European	EUR	af_assigned	ukb-ancestry-mixture-hg38	11800	EUR	0.998596	0.997192	0.00903892	ok	0	0.00140386	0	0.998596	0	0	0	false	dominant=EUR proportion=0.999 margin=0.997 overlap=11800 residual=0.0090
GCST90200981	GCST90200981	European	EUR	af_assigned	ukb-ancestry-mixture-hg38	11968	EUR	1	1	0.0088438	ok	0	0	0	1	0	0	0	false	dominant=EUR proportion=1.000 margin=1.000 overlap=11968 residual=0.0088
GCST90200982	GCST90200982	European	EUR	af_assigned	ukb-ancestry-mixture-hg38	11190	EUR	0.996562	0.993123	0.00983099	ok	0	0.00343849	0	0.996562	0	0	0	false	dominant=EUR proportion=0.997 margin=0.993 overlap=11190 residual=0.0098
GCST90200983	GCST90200983	European	EUR	af_assigned	ukb-ancestry-mixture-hg38	21409	EUR	1	1	0.00866228	ok	0	0	0	1	0	0	0	false	dominant=EUR proportion=1.000 margin=1.000 overlap=21409 residual=0.0087
GCST90200984	GCST90200984	European	EUR	af_assigned	ukb-ancestry-mixture-hg38	17931	EUR	0.998149	0.996298	0.00895621	ok	0	0	0.00185105	0.998149	0	0	0	false	dominant=EUR proportion=0.998 margin=0.996 overlap=17931 residual=0.0090
GCST90200985	GCST90200985	European	EUR	af_assigned	ukb-ancestry-mixture-hg38	50449	EUR	0.996323	0.992647	0.00945265	ok	0	0.00367665	0	0.996323	0	0	0	false	dominant=EUR proportion=0.996 margin=0.993 overlap=50449 residual=0.0095
GCST90200986	GCST90200986	European	EUR	af_assigned	ukb-ancestry-mixture-hg38	14635	EUR	1	1	0.00859843	ok	0	0	0	1	0	0	0	false	dominant=EUR proportion=1.000 margin=1.000 overlap=14635 residual=0.0086
GCST90200987	GCST90200987	European	EUR	af_assigned	ukb-ancestry-mixture-hg38	23689	EUR	1	1	0.0103	ok	0	0	0	1	0	0	0	false	dominant=EUR proportion=1.000 margin=1.000 overlap=23689 residual=0.0103
GCST90200988	GCST90200988	European	EUR	af_assigned	ukb-ancestry-mixture-hg38	14593	EUR	1	1	0.00880009	ok	0	0	0	1	0	0	0	false	dominant=EUR proportion=1.000 margin=1.000 overlap=14593 residual=0.0088
GCST90200989	GCST90200989	European	EUR	af_assigned	ukb-ancestry-mixture-hg38	24225	EUR	1	1	0.00955038	ok	0	0	0	1	0	0	0	false	dominant=EUR proportion=1.000 margin=1.000 overlap=24225 residual=0.0096
GCST90200990	GCST90200990	European	EUR	af_assigned	ukb-ancestry-mixture-hg38	14775	EUR	1	1	0.00870127	ok	0	0	0	1	0	0	0	false	dominant=EUR proportion=1.000 margin=1.000 overlap=14775 residual=0.0087
GCST90200991	GCST90200991	European	EUR	af_assigned	ukb-ancestry-mixture-hg38	14690	EUR	1	1	0.00869563	ok	0	0	0	1	0	0	0	false	dominant=EUR proportion=1.000 margin=1.000 overlap=14690 residual=0.0087
GCST90200992	GCST90200992	European	EUR	af_assigned	ukb-ancestry-mixture-hg38	22059	EUR	0.998216	0.996433	0.00901731	ok	0	0.00178361	0	0.998216	0	0	0	false	dominant=EUR proportion=0.998 margin=0.996 overlap=22059 residual=0.0090
GCST90200993	GCST90200993	European	EUR	af_assigned	ukb-ancestry-mixture-hg38	8055	EUR	1	1	0.00953446	ok	0	0	0	1	0	0	0	false	dominant=EUR proportion=1.000 margin=1.000 overlap=8055 residual=0.0095
GCST90200994	GCST90200994	European	EUR	af_assigned	ukb-ancestry-mixture-hg38	12290	EUR	0.997215	0.99443	0.00873675	ok	0	0.0027848	0	0.997215	0	0	0	false	dominant=EUR proportion=0.997 margin=0.994 overlap=12290 residual=0.0087
GCST90200995	GCST90200995	European	EUR	af_assigned	ukb-ancestry-mixture-hg38	8057	EUR	1	1	0.00957439	ok	0	0	0	1	0	0	0	false	dominant=EUR proportion=1.000 margin=1.000 overlap=8057 residual=0.0096
GCST90200996	GCST90200996	European	EUR	af_assigned	ukb-ancestry-mixture-hg38	12086	EUR	0.997219	0.994439	0.00976408	ok	0	0.00278065	0	0.997219	0	0	0	false	dominant=EUR proportion=0.997 margin=0.994 overlap=12086 residual=0.0098
GCST90200997	GCST90200997	European	EUR	af_assigned	ukb-ancestry-mixture-hg38	22161	EUR	1	1	0.00826288	ok	0	0	0	1	0	0	0	false	dominant=EUR proportion=1.000 margin=1.000 overlap=22161 residual=0.0083
GCST90200998	GCST90200998	European	EUR	af_assigned	ukb-ancestry-mixture-hg38	8060	EUR	1	1	0.00953079	ok	0	0	0	1	0	0	0	false	dominant=EUR proportion=1.000 margin=1.000 overlap=8060 residual=0.0095
GCST90200999	GCST90200999	European	EUR	af_assigned	ukb-ancestry-mixture-hg38	8061	EUR	1	1	0.00956309	ok	0	0	0	1	0	0	0	false	dominant=EUR proportion=1.000 margin=1.000 overlap=8061 residual=0.0096
GCST90201000	GCST90201000	European	EUR	af_assigned	ukb-ancestry-mixture-hg38	23197	EUR	0.999591	0.999183	0.0089013	ok	0	0	0.000408668	0.999591	0	0	0	false	dominant=EUR proportion=1.000 margin=0.999 overlap=23197 residual=0.0089
GCST90201001	GCST90201001	European	EUR	af_assigned	ukb-ancestry-mixture-hg38	16071	EUR	0.991928	0.983855	0.0128827	ok	0	0.00807245	0	0.991928	0	0	0	false	dominant=EUR proportion=0.992 margin=0.984 overlap=16071 residual=0.0129
GCST90201002	GCST90201002	European	EUR	af_assigned	ukb-ancestry-mixture-hg38	8054	EUR	1	1	0.00978621	ok	0	0	0	1	0	0	0	false	dominant=EUR proportion=1.000 margin=1.000 overlap=8054 residual=0.0098
GCST90201003	GCST90201003	European	EUR	af_assigned	ukb-ancestry-mixture-hg38	8059	EUR	1	1	0.00954176	ok	0	0	0	1	0	0	0	false	dominant=EUR proportion=1.000 margin=1.000 overlap=8059 residual=0.0095
GCST90201004	GCST90201004	European	EUR	af_assigned	ukb-ancestry-mixture-hg38	23977	EUR	0.998153	0.997085	0.00822163	ok	0	0	0.000779438	0.998153	0	0.001068	0	false	dominant=EUR proportion=0.998 margin=0.997 overlap=23977 residual=0.0082
GCST90201005	GCST90201005	European	EUR	af_assigned	ukb-ancestry-mixture-hg38	8061	EUR	1	1	0.00975208	ok	0	0	0	1	0	0	0	false	dominant=EUR proportion=1.000 margin=1.000 overlap=8061 residual=0.0098
GCST90201006	GCST90201006	European	EUR	af_assigned	ukb-ancestry-mixture-hg38	12145	EUR	1	1	0.0091024	ok	0	0	0	1	0	0	0	false	dominant=EUR proportion=1.000 margin=1.000 overlap=12145 residual=0.0091
GCST90201007	GCST90201007	European	EUR	af_assigned	ukb-ancestry-mixture-hg38	15861	EUR	1	1	0.0113652	ok	0	0	0	1	0	0	0	false	dominant=EUR proportion=1.000 margin=1.000 overlap=15861 residual=0.0114
GCST90201008	GCST90201008	European	EUR	af_assigned	ukb-ancestry-mixture-hg38	10622	EUR	0.997984	0.995968	0.00891915	ok	0	0.00201586	0	0.997984	0	0	0	false	dominant=EUR proportion=0.998 margin=0.996 overlap=10622 residual=0.0089
GCST90201009	GCST90201009	European	EUR	af_assigned	ukb-ancestry-mixture-hg38	13350	EUR	1	1	0.00856435	ok	0	0	0	1	0	0	0	false	dominant=EUR proportion=1.000 margin=1.000 overlap=13350 residual=0.0086
GCST90201010	GCST90201010	European	EUR	af_assigned	ukb-ancestry-mixture-hg38	12147	EUR	1	1	0.00908676	ok	0	0	0	1	0	0	0	false	dominant=EUR proportion=1.000 margin=1.000 overlap=12147 residual=0.0091
GCST90201011	GCST90201011	European	EUR	af_assigned	ukb-ancestry-mixture-hg38	11625	EUR	1	1	0.00886094	ok	0	0	0	1	0	0	0	false	dominant=EUR proportion=1.000 margin=1.000 overlap=11625 residual=0.0089
GCST90201012	GCST90201012	European	EUR	af_assigned	ukb-ancestry-mixture-hg38	11341	EUR	0.996009	0.992018	0.0100281	ok	0	0.00399102	0	0.996009	0	0	0	false	dominant=EUR proportion=0.996 margin=0.992 overlap=11341 residual=0.0100
GCST90201013	GCST90201013	European	EUR	af_assigned	ukb-ancestry-mixture-hg38	32932	EUR	1	1	0.00996449	ok	0	0	0	1	0	0	0	false	dominant=EUR proportion=1.000 margin=1.000 overlap=32932 residual=0.0100
GCST90201014	GCST90201014	European	EUR	af_assigned	ukb-ancestry-mixture-hg38	24419	EUR	1	1	0.00975536	ok	0	0	0	1	0	0	0	false	dominant=EUR proportion=1.000 margin=1.000 overlap=24419 residual=0.0098
GCST90201015	GCST90201015	European	EUR	af_assigned	ukb-ancestry-mixture-hg38	34789	EUR	1	1	0.00905138	ok	0	0	0	1	0	0	0	false	dominant=EUR proportion=1.000 margin=1.000 overlap=34789 residual=0.0091
GCST90201016	GCST90201016	European	EUR	af_assigned	ukb-ancestry-mixture-hg38	29459	EUR	1	1	0.00933323	ok	0	0	0	1	0	0	0	false	dominant=EUR proportion=1.000 margin=1.000 overlap=29459 residual=0.0093
GCST90201017	GCST90201017	European	EUR	af_assigned	ukb-ancestry-mixture-hg38	13177	EUR	1	1	0.00926655	ok	0	0	0	1	0	0	0	false	dominant=EUR proportion=1.000 margin=1.000 overlap=13177 residual=0.0093
GCST90201018	GCST90201018	European	EUR	af_assigned	ukb-ancestry-mixture-hg38	14029	EUR	1	1	0.00884699	ok	0	0	0	1	0	0	0	false	dominant=EUR proportion=1.000 margin=1.000 overlap=14029 residual=0.0088
GCST90201019	GCST90201019	European	EUR	af_assigned	ukb-ancestry-mixture-hg38	24028	EUR	1	1	0.00949307	ok	0	0	0	1	0	0	0	false	dominant=EUR proportion=1.000 margin=1.000 overlap=24028 residual=0.0095
GCST90201020	GCST90201020	European	EUR	af_assigned	ukb-ancestry-mixture-hg38	20019	EUR	0.995309	0.990619	0.00992989	ok	0	0.00469066	0	0.995309	0	0	0	false	dominant=EUR proportion=0.995 margin=0.991 overlap=20019 residual=0.0099
