analysis_id	source_analysis_id	status	skip_reason	af_source	ancestry_reference_id	original_sd	original_sd_method	n_variants_considered	n_variants_overlapping	n_variants_excluded_ambiguous	n_variants_excluded_mismatch	n_variants_excluded_missing_af	n_variants_excluded_maf	n_variants_retained	maf_min	maf_max	implied_sd_median	sd_dispersion	sd_notes	estimator_version
GCST90199621	GCST90199621	passed	""	source	""	0.984008520611909	estimated_from_source_maf	77822	77822	0	0	0	33050	44772	0.01	0.5	0.984008520611909	0.00713929932382079	median implied SD=0.984, dispersion=0.007, n=44772	effect_scale_validation.R:v1
GCST90199622	GCST90199622	passed	""	source	""	0.990642661803338	estimated_from_source_maf	39678	39678	0	0	0	14708	24970	0.01	0.5	0.990642661803338	0.00772697999670598	median implied SD=0.991, dispersion=0.008, n=24970	effect_scale_validation.R:v1
GCST90199623	GCST90199623	passed	""	source	""	1.00085681083083	estimated_from_source_maf	18098	18098	0	0	0	4163	13935	0.01	0.5	1.00085681083083	0.00974015479611268	median implied SD=1.001, dispersion=0.010, n=13935	effect_scale_validation.R:v1
GCST90199624	GCST90199624	passed	""	source	""	0.988960781282691	estimated_from_source_maf	8128	8128	0	0	0	47	8081	0.01	0.5	0.988960781282691	0.00851069457947165	median implied SD=0.989, dispersion=0.009, n=8081	effect_scale_validation.R:v1
GCST90199625	GCST90199625	passed	""	source	""	0.997649955763056	estimated_from_source_maf	8157	8157	0	0	0	65	8092	0.01	0.5	0.997649955763056	0.00847174028711615	median implied SD=0.998, dispersion=0.008, n=8092	effect_scale_validation.R:v1
GCST90199626	GCST90199626	passed	""	source	""	0.982046930442918	estimated_from_source_maf	58506	58506	0	0	0	21857	36649	0.01	0.5	0.982046930442918	0.00750333602979882	median implied SD=0.982, dispersion=0.008, n=36649	effect_scale_validation.R:v1
GCST90199627	GCST90199627	passed	""	source	""	0.979909665432849	estimated_from_source_maf	18400	18400	0	0	0	5484	12916	0.01	0.5	0.979909665432849	0.00938127877372108	median implied SD=0.980, dispersion=0.009, n=12916	effect_scale_validation.R:v1
GCST90199628	GCST90199628	passed	""	source	""	0.992438797371119	estimated_from_source_maf	8142	8142	0	0	0	53	8089	0.01	0.5	0.992438797371119	0.00846647245463959	median implied SD=0.992, dispersion=0.008, n=8089	effect_scale_validation.R:v1
GCST90199629	GCST90199629	passed	""	source	""	0.983098006783259	estimated_from_source_maf	19191	19191	0	0	0	5110	14081	0.01	0.5	0.983098006783259	0.00776523899076455	median implied SD=0.983, dispersion=0.008, n=14081	effect_scale_validation.R:v1
GCST90199630	GCST90199630	passed	""	source	""	0.972089742941211	estimated_from_source_maf	17548	17548	0	0	0	4487	13061	0.01	0.5	0.972089742941211	0.00836513970819111	median implied SD=0.972, dispersion=0.008, n=13061	effect_scale_validation.R:v1
GCST90199631	GCST90199631	passed	""	source	""	0.962233071690611	estimated_from_source_maf	19039	19039	0	0	0	4360	14679	0.01	0.5	0.962233071690611	0.00763982210292473	median implied SD=0.962, dispersion=0.008, n=14679	effect_scale_validation.R:v1
GCST90199632	GCST90199632	passed	""	source	""	0.996967802678634	estimated_from_source_maf	32669	32669	0	0	0	10474	22195	0.01	0.5	0.996967802678634	0.00837129712394966	median implied SD=0.997, dispersion=0.008, n=22195	effect_scale_validation.R:v1
GCST90199633	GCST90199633	passed	""	source	""	0.980967930053126	estimated_from_source_maf	8162	8162	0	0	0	73	8089	0.01	0.5	0.980967930053126	0.00906003459839604	median implied SD=0.981, dispersion=0.009, n=8089	effect_scale_validation.R:v1
GCST90199634	GCST90199634	passed	""	source	""	0.980077718216893	estimated_from_source_maf	75499	75499	0	0	0	29008	46491	0.01	0.5	0.980077718216893	0.00725003935329777	median implied SD=0.980, dispersion=0.007, n=46491	effect_scale_validation.R:v1
GCST90199635	GCST90199635	passed	""	source	""	0.986278877434301	estimated_from_source_maf	31935	31935	0	0	0	10243	21692	0.01	0.5	0.986278877434301	0.00794644925052101	median implied SD=0.986, dispersion=0.008, n=21692	effect_scale_validation.R:v1
GCST90199636	GCST90199636	passed	""	source	""	0.951944160316283	estimated_from_source_maf	61267	61267	0	0	0	24087	37180	0.01	0.5	0.951944160316283	0.00787453057141567	median implied SD=0.952, dispersion=0.008, n=37180	effect_scale_validation.R:v1
GCST90199637	GCST90199637	passed	""	source	""	0.965525267487665	estimated_from_source_maf	52992	52992	0	0	0	22509	30483	0.01	0.5	0.965525267487665	0.00701635014311655	median implied SD=0.966, dispersion=0.007, n=30483	effect_scale_validation.R:v1
GCST90199638	GCST90199638	passed	""	source	""	0.997840191533867	estimated_from_source_maf	37410	37410	0	0	0	12103	25307	0.01	0.5	0.997840191533867	0.00851718691201256	median implied SD=0.998, dispersion=0.009, n=25307	effect_scale_validation.R:v1
GCST90199639	GCST90199639	passed	""	source	""	0.976155015261984	estimated_from_source_maf	91536	91536	0	0	0	38991	52545	0.01	0.5	0.976155015261984	0.00727636756863455	median implied SD=0.976, dispersion=0.007, n=52545	effect_scale_validation.R:v1
GCST90199640	GCST90199640	passed	""	source	""	0.955761738587928	estimated_from_source_maf	31806	31806	0	0	0	10449	21357	0.01	0.5	0.955761738587928	0.0082004811626804	median implied SD=0.956, dispersion=0.008, n=21357	effect_scale_validation.R:v1
GCST90199641	GCST90199641	passed	""	source	""	0.971080344132028	estimated_from_source_maf	48562	48562	0	0	0	19302	29260	0.01	0.5	0.971080344132028	0.00845794717538306	median implied SD=0.971, dispersion=0.008, n=29260	effect_scale_validation.R:v1
GCST90199642	GCST90199642	passed	""	source	""	0.984931274027872	estimated_from_source_maf	35485	35485	0	0	0	13958	21527	0.01	0.5	0.984931274027872	0.007978590789511	median implied SD=0.985, dispersion=0.008, n=21527	effect_scale_validation.R:v1
GCST90199643	GCST90199643	passed	""	source	""	0.996293174127257	estimated_from_source_maf	8124	8124	0	0	0	45	8079	0.01	0.5	0.996293174127257	0.00885123502109303	median implied SD=0.996, dispersion=0.009, n=8079	effect_scale_validation.R:v1
GCST90199644	GCST90199644	passed	""	source	""	0.997334922731536	estimated_from_source_maf	25838	25838	0	0	0	8322	17516	0.01	0.5	0.997334922731536	0.00812368878946018	median implied SD=0.997, dispersion=0.008, n=17516	effect_scale_validation.R:v1
GCST90199645	GCST90199645	passed	""	source	""	0.995483034273159	estimated_from_source_maf	53194	53194	0	0	0	20572	32622	0.01	0.5	0.995483034273159	0.00731110794135194	median implied SD=0.995, dispersion=0.007, n=32622	effect_scale_validation.R:v1
GCST90199646	GCST90199646	passed	""	source	""	0.977489026238889	estimated_from_source_maf	21456	21456	0	0	0	5539	15917	0.01	0.5	0.977489026238889	0.00787158356073206	median implied SD=0.977, dispersion=0.008, n=15917	effect_scale_validation.R:v1
GCST90199647	GCST90199647	passed	""	source	""	1.00168431119731	estimated_from_source_maf	39821	39821	0	0	0	12559	27262	0.01	0.5	1.00168431119731	0.00822169252365286	median implied SD=1.002, dispersion=0.008, n=27262	effect_scale_validation.R:v1
GCST90199648	GCST90199648	passed	""	source	""	0.975355926842548	estimated_from_source_maf	133604	133604	0	0	0	60529	73075	0.01	0.5	0.975355926842548	0.00772519094116531	median implied SD=0.975, dispersion=0.008, n=73075	effect_scale_validation.R:v1
GCST90199649	GCST90199649	passed	""	source	""	0.974224330555134	estimated_from_source_maf	119661	119661	0	0	0	49414	70247	0.01	0.5	0.974224330555134	0.00789830681322077	median implied SD=0.974, dispersion=0.008, n=70247	effect_scale_validation.R:v1
GCST90199650	GCST90199650	passed	""	source	""	0.918474326839881	estimated_from_source_maf	46271	46271	0	0	0	17849	28422	0.01	0.5	0.918474326839881	0.00781778667521436	median implied SD=0.918, dispersion=0.008, n=28422	effect_scale_validation.R:v1
GCST90199651	GCST90199651	passed	""	source	""	0.950282922325854	estimated_from_source_maf	17844	17844	0	0	0	4957	12887	0.01	0.5	0.950282922325854	0.00777194020439469	median implied SD=0.950, dispersion=0.008, n=12887	effect_scale_validation.R:v1
GCST90199652	GCST90199652	passed	""	source	""	0.991936104219872	estimated_from_source_maf	18576	18576	0	0	0	4051	14525	0.01	0.5	0.991936104219872	0.00859075214347085	median implied SD=0.992, dispersion=0.009, n=14525	effect_scale_validation.R:v1
GCST90199653	GCST90199653	passed	""	source	""	0.987480447524225	estimated_from_source_maf	8118	8118	0	0	0	40	8078	0.01	0.5	0.987480447524225	0.00849529537287108	median implied SD=0.987, dispersion=0.008, n=8078	effect_scale_validation.R:v1
GCST90199654	GCST90199654	passed	""	source	""	1.00270484750884	estimated_from_source_maf	90877	90877	0	0	0	36193	54684	0.01	0.5	1.00270484750884	0.00743583201894561	median implied SD=1.003, dispersion=0.007, n=54684	effect_scale_validation.R:v1
GCST90199655	GCST90199655	passed	""	source	""	0.9535506379294	estimated_from_source_maf	19286	19286	0	0	0	4464	14822	0.01	0.5	0.9535506379294	0.00759003146288451	median implied SD=0.954, dispersion=0.008, n=14822	effect_scale_validation.R:v1
GCST90199656	GCST90199656	passed	""	source	""	0.984106600626415	estimated_from_source_maf	8128	8128	0	0	0	44	8084	0.01	0.5	0.984106600626415	0.00850168235167867	median implied SD=0.984, dispersion=0.009, n=8084	effect_scale_validation.R:v1
GCST90199657	GCST90199657	passed	""	source	""	0.98994890743744	estimated_from_source_maf	44609	44609	0	0	0	15840	28769	0.01	0.5	0.98994890743744	0.00786283630694715	median implied SD=0.990, dispersion=0.008, n=28769	effect_scale_validation.R:v1
GCST90199658	GCST90199658	passed	""	source	""	0.931279888776647	estimated_from_source_maf	20969	20969	0	0	0	5643	15326	0.01	0.5	0.931279888776647	0.00841085437594015	median implied SD=0.931, dispersion=0.008, n=15326	effect_scale_validation.R:v1
GCST90199659	GCST90199659	passed	""	source	""	0.976169764958739	estimated_from_source_maf	8130	8130	0	0	0	50	8080	0.01	0.5	0.976169764958739	0.00848054848287009	median implied SD=0.976, dispersion=0.008, n=8080	effect_scale_validation.R:v1
GCST90199660	GCST90199660	passed	""	source	""	0.983774753955421	estimated_from_source_maf	71451	71451	0	0	0	20787	50664	0.01	0.5	0.983774753955421	0.00649416028467433	median implied SD=0.984, dispersion=0.006, n=50664	effect_scale_validation.R:v1
GCST90199661	GCST90199661	passed	""	source	""	0.991583746142689	estimated_from_source_maf	8120	8120	0	0	0	37	8083	0.01	0.5	0.991583746142689	0.00847262468892874	median implied SD=0.992, dispersion=0.008, n=8083	effect_scale_validation.R:v1
GCST90199662	GCST90199662	passed	""	source	""	0.981933062762744	estimated_from_source_maf	23812	23812	0	0	0	7189	16623	0.01	0.5	0.981933062762744	0.00801441395454263	median implied SD=0.982, dispersion=0.008, n=16623	effect_scale_validation.R:v1
GCST90199663	GCST90199663	passed	""	source	""	0.994151791254836	estimated_from_source_maf	21250	21250	0	0	0	5411	15839	0.01	0.5	0.994151791254836	0.00899477293593205	median implied SD=0.994, dispersion=0.009, n=15839	effect_scale_validation.R:v1
GCST90199664	GCST90199664	passed	""	source	""	0.933178516285993	estimated_from_source_maf	33341	33341	0	0	0	11360	21981	0.01	0.5	0.933178516285993	0.0085501087150594	median implied SD=0.933, dispersion=0.009, n=21981	effect_scale_validation.R:v1
GCST90199665	GCST90199665	passed	""	source	""	0.991937459013281	estimated_from_source_maf	33933	33933	0	0	0	12071	21862	0.01	0.5	0.991937459013281	0.00809194836589367	median implied SD=0.992, dispersion=0.008, n=21862	effect_scale_validation.R:v1
GCST90199666	GCST90199666	passed	""	source	""	0.979647912963286	estimated_from_source_maf	40644	40644	0	0	0	15377	25267	0.01	0.5	0.979647912963286	0.00706928127466569	median implied SD=0.980, dispersion=0.007, n=25267	effect_scale_validation.R:v1
GCST90199667	GCST90199667	passed	""	source	""	0.926600062002858	estimated_from_source_maf	101410	101410	0	0	0	42941	58469	0.01	0.5	0.926600062002858	0.00721041621800621	median implied SD=0.927, dispersion=0.007, n=58469	effect_scale_validation.R:v1
GCST90199668	GCST90199668	passed	""	source	""	0.96228957184985	estimated_from_source_maf	72640	72640	0	0	0	29501	43139	0.01	0.5	0.96228957184985	0.00738959679971136	median implied SD=0.962, dispersion=0.007, n=43139	effect_scale_validation.R:v1
GCST90199669	GCST90199669	passed	""	source	""	0.964733529728727	estimated_from_source_maf	53741	53741	0	0	0	21315	32426	0.01	0.5	0.964733529728727	0.00713436497155428	median implied SD=0.965, dispersion=0.007, n=32426	effect_scale_validation.R:v1
GCST90199670	GCST90199670	passed	""	source	""	0.991519626839517	estimated_from_source_maf	8163	8163	0	0	0	84	8079	0.01	0.5	0.991519626839517	0.00854441152331934	median implied SD=0.992, dispersion=0.009, n=8079	effect_scale_validation.R:v1
GCST90199671	GCST90199671	passed	""	source	""	0.975865962255636	estimated_from_source_maf	21671	21671	0	0	0	5956	15715	0.01	0.5	0.975865962255636	0.0080614579666383	median implied SD=0.976, dispersion=0.008, n=15715	effect_scale_validation.R:v1
GCST90199672	GCST90199672	passed	""	source	""	0.973904756507731	estimated_from_source_maf	29091	29091	0	0	0	10070	19021	0.01	0.5	0.973904756507731	0.00795503389913726	median implied SD=0.974, dispersion=0.008, n=19021	effect_scale_validation.R:v1
GCST90199673	GCST90199673	passed	""	source	""	0.865721735440829	estimated_from_source_maf	88999	88999	0	0	0	35620	53379	0.01	0.5	0.865721735440829	0.00798273784603896	median implied SD=0.866, dispersion=0.008, n=53379	effect_scale_validation.R:v1
GCST90199674	GCST90199674	passed	""	source	""	0.96725824213757	estimated_from_source_maf	8130	8130	0	0	0	50	8080	0.01	0.5	0.96725824213757	0.00851425402750892	median implied SD=0.967, dispersion=0.009, n=8080	effect_scale_validation.R:v1
GCST90199675	GCST90199675	passed	""	source	""	0.929312062847108	estimated_from_source_maf	68263	68263	0	0	0	27324	40939	0.01	0.5	0.929312062847108	0.00739947633404678	median implied SD=0.929, dispersion=0.007, n=40939	effect_scale_validation.R:v1
GCST90199676	GCST90199676	passed	""	source	""	0.99725560038314	estimated_from_source_maf	51511	51511	0	0	0	19225	32286	0.01	0.5	0.99725560038314	0.00746061692713218	median implied SD=0.997, dispersion=0.007, n=32286	effect_scale_validation.R:v1
GCST90199677	GCST90199677	passed	""	source	""	0.989523829993883	estimated_from_source_maf	19335	19335	0	0	0	4476	14859	0.01	0.5	0.989523829993883	0.00756637969324163	median implied SD=0.990, dispersion=0.008, n=14859	effect_scale_validation.R:v1
GCST90199678	GCST90199678	passed	""	source	""	0.982927724480955	estimated_from_source_maf	36818	36818	0	0	0	12774	24044	0.01	0.5	0.982927724480955	0.00762744637999117	median implied SD=0.983, dispersion=0.008, n=24044	effect_scale_validation.R:v1
GCST90199679	GCST90199679	passed	""	source	""	0.997258740740214	estimated_from_source_maf	8138	8138	0	0	0	55	8083	0.01	0.5	0.997258740740214	0.00911514917754602	median implied SD=0.997, dispersion=0.009, n=8083	effect_scale_validation.R:v1
GCST90199680	GCST90199680	passed	""	source	""	0.969417107280122	estimated_from_source_maf	29664	29664	0	0	0	10856	18808	0.01	0.5	0.969417107280122	0.00689651993388203	median implied SD=0.969, dispersion=0.007, n=18808	effect_scale_validation.R:v1
GCST90199681	GCST90199681	passed	""	source	""	0.999859704020797	estimated_from_source_maf	32185	32185	0	0	0	11498	20687	0.01	0.5	0.999859704020797	0.0078177916955103	median implied SD=1.000, dispersion=0.008, n=20687	effect_scale_validation.R:v1
GCST90199682	GCST90199682	passed	""	source	""	0.964100679414095	estimated_from_source_maf	31603	31603	0	0	0	10791	20812	0.01	0.5	0.964100679414095	0.00782065525045086	median implied SD=0.964, dispersion=0.008, n=20812	effect_scale_validation.R:v1
GCST90199683	GCST90199683	passed	""	source	""	0.978820740394527	estimated_from_source_maf	21028	21028	0	0	0	5673	15355	0.01	0.5	0.978820740394527	0.00757959776043022	median implied SD=0.979, dispersion=0.008, n=15355	effect_scale_validation.R:v1
GCST90199684	GCST90199684	passed	""	source	""	0.996257963038234	estimated_from_source_maf	8118	8118	0	0	0	36	8082	0.01	0.5	0.996257963038234	0.00853605287090467	median implied SD=0.996, dispersion=0.009, n=8082	effect_scale_validation.R:v1
GCST90199685	GCST90199685	passed	""	source	""	0.997709098317707	estimated_from_source_maf	19267	19267	0	0	0	5223	14044	0.01	0.5	0.997709098317707	0.00856706637971801	median implied SD=0.998, dispersion=0.009, n=14044	effect_scale_validation.R:v1
GCST90199686	GCST90199686	passed	""	source	""	0.994621672840241	estimated_from_source_maf	29047	29047	0	0	0	10236	18811	0.01	0.5	0.994621672840241	0.00766246143958747	median implied SD=0.995, dispersion=0.008, n=18811	effect_scale_validation.R:v1
GCST90199687	GCST90199687	passed	""	source	""	0.977249539407674	estimated_from_source_maf	64295	64295	0	0	0	25036	39259	0.01	0.5	0.977249539407674	0.00725150361969394	median implied SD=0.977, dispersion=0.007, n=39259	effect_scale_validation.R:v1
GCST90199688	GCST90199688	passed	""	source	""	0.964106488827295	estimated_from_source_maf	40111	40111	0	0	0	16441	23670	0.01	0.5	0.964106488827295	0.00704093066985486	median implied SD=0.964, dispersion=0.007, n=23670	effect_scale_validation.R:v1
GCST90199689	GCST90199689	passed	""	source	""	1.00000543391732	estimated_from_source_maf	17330	17330	0	0	0	3747	13583	0.01	0.5	1.00000543391732	0.00799640865229447	median implied SD=1.000, dispersion=0.008, n=13583	effect_scale_validation.R:v1
GCST90199690	GCST90199690	passed	""	source	""	0.964502618232103	estimated_from_source_maf	18512	18512	0	0	0	4588	13924	0.01	0.5	0.964502618232103	0.00796697381501879	median implied SD=0.965, dispersion=0.008, n=13924	effect_scale_validation.R:v1
GCST90199691	GCST90199691	passed	""	source	""	0.962275828256151	estimated_from_source_maf	64883	64883	0	0	0	25418	39465	0.01	0.5	0.962275828256151	0.00752807929826921	median implied SD=0.962, dispersion=0.008, n=39465	effect_scale_validation.R:v1
GCST90199692	GCST90199692	passed	""	source	""	0.990830107523528	estimated_from_source_maf	8126	8126	0	0	0	41	8085	0.01	0.5	0.990830107523528	0.0088043569878156	median implied SD=0.991, dispersion=0.009, n=8085	effect_scale_validation.R:v1
GCST90199693	GCST90199693	passed	""	source	""	0.96623303879344	estimated_from_source_maf	19920	19920	0	0	0	6577	13343	0.01	0.5	0.96623303879344	0.00737423180047323	median implied SD=0.966, dispersion=0.007, n=13343	effect_scale_validation.R:v1
GCST90199694	GCST90199694	passed	""	source	""	1.00566104666367	estimated_from_source_maf	41685	41685	0	0	0	15297	26388	0.01	0.5	1.00566104666367	0.00730671344857948	median implied SD=1.006, dispersion=0.007, n=26388	effect_scale_validation.R:v1
GCST90199695	GCST90199695	passed	""	source	""	0.985355885867676	estimated_from_source_maf	22803	22803	0	0	0	6994	15809	0.01	0.5	0.985355885867676	0.00846511571908294	median implied SD=0.985, dispersion=0.008, n=15809	effect_scale_validation.R:v1
GCST90199696	GCST90199696	passed	""	source	""	0.994745510516123	estimated_from_source_maf	40583	40583	0	0	0	15911	24672	0.01	0.5	0.994745510516123	0.00751510683171884	median implied SD=0.995, dispersion=0.008, n=24672	effect_scale_validation.R:v1
GCST90199697	GCST90199697	passed	""	source	""	0.959482290290683	estimated_from_source_maf	19194	19194	0	0	0	5755	13439	0.01	0.5	0.959482290290683	0.00760248775416559	median implied SD=0.959, dispersion=0.008, n=13439	effect_scale_validation.R:v1
GCST90199698	GCST90199698	passed	""	source	""	0.991215465128831	estimated_from_source_maf	70382	70382	0	0	0	27119	43263	0.01	0.5	0.991215465128831	0.00745727721720702	median implied SD=0.991, dispersion=0.007, n=43263	effect_scale_validation.R:v1
GCST90199699	GCST90199699	passed	""	source	""	0.992867057227213	estimated_from_source_maf	27824	27824	0	0	0	9083	18741	0.01	0.5	0.992867057227213	0.00758617160023975	median implied SD=0.993, dispersion=0.008, n=18741	effect_scale_validation.R:v1
GCST90199700	GCST90199700	passed	""	source	""	0.96609861387142	estimated_from_source_maf	19857	19857	0	0	0	6549	13308	0.01	0.5	0.96609861387142	0.00740523134503012	median implied SD=0.966, dispersion=0.007, n=13308	effect_scale_validation.R:v1
GCST90199701	GCST90199701	passed	""	source	""	0.976290117977028	estimated_from_source_maf	97506	97506	0	0	0	41122	56384	0.01	0.5	0.976290117977028	0.0071827719583263	median implied SD=0.976, dispersion=0.007, n=56384	effect_scale_validation.R:v1
GCST90199702	GCST90199702	passed	""	source	""	0.990798913236757	estimated_from_source_maf	8129	8129	0	0	0	45	8084	0.01	0.5	0.990798913236757	0.00883685199327333	median implied SD=0.991, dispersion=0.009, n=8084	effect_scale_validation.R:v1
GCST90199703	GCST90199703	passed	""	source	""	0.962295972619006	estimated_from_source_maf	34255	34255	0	0	0	11678	22577	0.01	0.5	0.962295972619006	0.0075930917788023	median implied SD=0.962, dispersion=0.008, n=22577	effect_scale_validation.R:v1
GCST90199704	GCST90199704	passed	""	source	""	0.962840171323356	estimated_from_source_maf	31627	31627	0	0	0	12558	19069	0.01	0.5	0.962840171323356	0.00746088690461751	median implied SD=0.963, dispersion=0.007, n=19069	effect_scale_validation.R:v1
GCST90199705	GCST90199705	passed	""	source	""	0.993682062268292	estimated_from_source_maf	65539	65539	0	0	0	27096	38443	0.01	0.5	0.993682062268292	0.00750643550192609	median implied SD=0.994, dispersion=0.008, n=38443	effect_scale_validation.R:v1
GCST90199706	GCST90199706	passed	""	source	""	0.990976626901304	estimated_from_source_maf	42840	42840	0	0	0	16435	26405	0.01	0.5	0.990976626901304	0.00821225380811279	median implied SD=0.991, dispersion=0.008, n=26405	effect_scale_validation.R:v1
GCST90199707	GCST90199707	passed	""	source	""	0.985906264927	estimated_from_source_maf	20463	20463	0	0	0	5301	15162	0.01	0.5	0.985906264927	0.00798683188101389	median implied SD=0.986, dispersion=0.008, n=15162	effect_scale_validation.R:v1
GCST90199708	GCST90199708	passed	""	source	""	0.95787359170296	estimated_from_source_maf	57755	57755	0	0	0	22821	34934	0.01	0.5	0.95787359170296	0.00725767463062796	median implied SD=0.958, dispersion=0.007, n=34934	effect_scale_validation.R:v1
GCST90199709	GCST90199709	passed	""	source	""	0.984148176419659	estimated_from_source_maf	18074	18074	0	0	0	5069	13005	0.01	0.5	0.984148176419659	0.00776855461095346	median implied SD=0.984, dispersion=0.008, n=13005	effect_scale_validation.R:v1
GCST90199710	GCST90199710	passed	""	source	""	0.992741699697307	estimated_from_source_maf	17991	17991	0	0	0	4961	13030	0.01	0.5	0.992741699697307	0.00828207178242968	median implied SD=0.993, dispersion=0.008, n=13030	effect_scale_validation.R:v1
GCST90199711	GCST90199711	passed	""	source	""	0.988786581431884	estimated_from_source_maf	8135	8135	0	0	0	52	8083	0.01	0.5	0.988786581431884	0.00853989031857559	median implied SD=0.989, dispersion=0.009, n=8083	effect_scale_validation.R:v1
GCST90199712	GCST90199712	passed	""	source	""	0.96806578963609	estimated_from_source_maf	36634	36634	0	0	0	12505	24129	0.01	0.5	0.96806578963609	0.00781656846798193	median implied SD=0.968, dispersion=0.008, n=24129	effect_scale_validation.R:v1
GCST90199713	GCST90199713	passed	""	source	""	0.953370371043936	estimated_from_source_maf	26834	26834	0	0	0	9313	17521	0.01	0.5	0.953370371043936	0.00725273595916834	median implied SD=0.953, dispersion=0.007, n=17521	effect_scale_validation.R:v1
GCST90199714	GCST90199714	passed	""	source	""	0.977179759709293	estimated_from_source_maf	47222	47222	0	0	0	17098	30124	0.01	0.5	0.977179759709293	0.00720818660001667	median implied SD=0.977, dispersion=0.007, n=30124	effect_scale_validation.R:v1
GCST90199715	GCST90199715	passed	""	source	""	0.913759491960729	estimated_from_source_maf	8171	8171	0	0	0	89	8082	0.01	0.5	0.913759491960729	0.00853344253863584	median implied SD=0.914, dispersion=0.009, n=8082	effect_scale_validation.R:v1
GCST90199716	GCST90199716	passed	""	source	""	0.991441691671669	estimated_from_source_maf	22282	22282	0	0	0	7342	14940	0.01	0.5	0.991441691671669	0.00818429685000872	median implied SD=0.991, dispersion=0.008, n=14940	effect_scale_validation.R:v1
GCST90199717	GCST90199717	passed	""	source	""	0.941220351105599	estimated_from_source_maf	31417	31417	0	0	0	10425	20992	0.01	0.5	0.941220351105599	0.00735208398507323	median implied SD=0.941, dispersion=0.007, n=20992	effect_scale_validation.R:v1
GCST90199718	GCST90199718	passed	""	source	""	0.965162096039114	estimated_from_source_maf	40493	40493	0	0	0	16669	23824	0.01	0.5	0.965162096039114	0.00701974427152962	median implied SD=0.965, dispersion=0.007, n=23824	effect_scale_validation.R:v1
GCST90199719	GCST90199719	passed	""	source	""	1.00078119645019	estimated_from_source_maf	27705	27705	0	0	0	8731	18974	0.01	0.5	1.00078119645019	0.00958779791501021	median implied SD=1.001, dispersion=0.010, n=18974	effect_scale_validation.R:v1
GCST90199720	GCST90199720	passed	""	source	""	0.96631325064782	estimated_from_source_maf	64644	64644	0	0	0	24540	40104	0.01	0.5	0.96631325064782	0.0077435446659281	median implied SD=0.966, dispersion=0.008, n=40104	effect_scale_validation.R:v1
GCST90199721	GCST90199721	passed	""	source	""	0.937251880143374	estimated_from_source_maf	17978	17978	0	0	0	5047	12931	0.01	0.5	0.937251880143374	0.00776618106696824	median implied SD=0.937, dispersion=0.008, n=12931	effect_scale_validation.R:v1
GCST90199722	GCST90199722	passed	""	source	""	0.969488094949961	estimated_from_source_maf	46633	46633	0	0	0	17587	29046	0.01	0.5	0.969488094949961	0.00765564506817628	median implied SD=0.969, dispersion=0.008, n=29046	effect_scale_validation.R:v1
GCST90199723	GCST90199723	passed	""	source	""	0.920815811268266	estimated_from_source_maf	17638	17638	0	0	0	4311	13327	0.01	0.5	0.920815811268266	0.00737118520723836	median implied SD=0.921, dispersion=0.007, n=13327	effect_scale_validation.R:v1
GCST90199724	GCST90199724	passed	""	source	""	0.986941585173836	estimated_from_source_maf	8115	8115	0	0	0	36	8079	0.01	0.5	0.986941585173836	0.00872772517398126	median implied SD=0.987, dispersion=0.009, n=8079	effect_scale_validation.R:v1
GCST90199725	GCST90199725	passed	""	source	""	1.00008560925723	estimated_from_source_maf	45513	45513	0	0	0	15845	29668	0.01	0.5	1.00008560925723	0.00911432055174691	median implied SD=1.000, dispersion=0.009, n=29668	effect_scale_validation.R:v1
GCST90199726	GCST90199726	passed	""	source	""	0.932142128886833	estimated_from_source_maf	38173	38173	0	0	0	14116	24057	0.01	0.5	0.932142128886833	0.0073875104974466	median implied SD=0.932, dispersion=0.007, n=24057	effect_scale_validation.R:v1
GCST90199727	GCST90199727	passed	""	source	""	0.985913257038345	estimated_from_source_maf	19701	19701	0	0	0	5317	14384	0.01	0.5	0.985913257038345	0.00767481017875678	median implied SD=0.986, dispersion=0.008, n=14384	effect_scale_validation.R:v1
GCST90199728	GCST90199728	passed	""	source	""	0.965041277908792	estimated_from_source_maf	8138	8138	0	0	0	62	8076	0.01	0.5	0.965041277908792	0.00851860805035738	median implied SD=0.965, dispersion=0.009, n=8076	effect_scale_validation.R:v1
GCST90199729	GCST90199729	passed	""	source	""	0.995429779268301	estimated_from_source_maf	8172	8172	0	0	0	81	8091	0.01	0.5	0.995429779268301	0.00851949645151229	median implied SD=0.995, dispersion=0.009, n=8091	effect_scale_validation.R:v1
GCST90199730	GCST90199730	passed	""	source	""	0.955810239137788	estimated_from_source_maf	19266	19266	0	0	0	5908	13358	0.01	0.5	0.955810239137788	0.00752954177940408	median implied SD=0.956, dispersion=0.008, n=13358	effect_scale_validation.R:v1
GCST90199731	GCST90199731	passed	""	source	""	0.951089578849978	estimated_from_source_maf	21520	21520	0	0	0	5660	15860	0.01	0.5	0.951089578849978	0.00751694100788191	median implied SD=0.951, dispersion=0.008, n=15860	effect_scale_validation.R:v1
GCST90199732	GCST90199732	passed	""	source	""	0.979725439020597	estimated_from_source_maf	41411	41411	0	0	0	15237	26174	0.01	0.5	0.979725439020597	0.00739706434614773	median implied SD=0.980, dispersion=0.007, n=26174	effect_scale_validation.R:v1
GCST90199733	GCST90199733	passed	""	source	""	0.988761547883564	estimated_from_source_maf	52726	52726	0	0	0	19305	33421	0.01	0.5	0.988761547883564	0.00771188364704958	median implied SD=0.989, dispersion=0.008, n=33421	effect_scale_validation.R:v1
GCST90199734	GCST90199734	passed	""	source	""	1.00380410386446	estimated_from_source_maf	8153	8153	0	0	0	76	8077	0.01	0.5	1.00380410386446	0.00923403380253913	median implied SD=1.004, dispersion=0.009, n=8077	effect_scale_validation.R:v1
GCST90199735	GCST90199735	passed	""	source	""	0.948430087253008	estimated_from_source_maf	70071	70071	0	0	0	28443	41628	0.01	0.5	0.948430087253008	0.00798743547175617	median implied SD=0.948, dispersion=0.008, n=41628	effect_scale_validation.R:v1
GCST90199736	GCST90199736	passed	""	source	""	0.947852466057623	estimated_from_source_maf	51939	51939	0	0	0	19278	32661	0.01	0.5	0.947852466057623	0.00770170648026573	median implied SD=0.948, dispersion=0.008, n=32661	effect_scale_validation.R:v1
GCST90199737	GCST90199737	passed	""	source	""	0.992996289590131	estimated_from_source_maf	16774	16774	0	0	0	4098	12676	0.01	0.5	0.992996289590131	0.00829576416042898	median implied SD=0.993, dispersion=0.008, n=12676	effect_scale_validation.R:v1
GCST90199738	GCST90199738	passed	""	source	""	0.99497154663997	estimated_from_source_maf	8137	8137	0	0	0	54	8083	0.01	0.5	0.99497154663997	0.00847777967266643	median implied SD=0.995, dispersion=0.008, n=8083	effect_scale_validation.R:v1
GCST90199739	GCST90199739	passed	""	source	""	0.965736275111085	estimated_from_source_maf	8134	8134	0	0	0	59	8075	0.01	0.5	0.965736275111085	0.00983926817775314	median implied SD=0.966, dispersion=0.010, n=8075	effect_scale_validation.R:v1
GCST90199740	GCST90199740	passed	""	source	""	0.94417093616524	estimated_from_source_maf	27392	27392	0	0	0	8016	19376	0.01	0.5	0.94417093616524	0.00663030165315374	median implied SD=0.944, dispersion=0.007, n=19376	effect_scale_validation.R:v1
GCST90199741	GCST90199741	passed	""	source	""	0.967261041902955	estimated_from_source_maf	60191	60191	0	0	0	21988	38203	0.01	0.5	0.967261041902955	0.0071953433100477	median implied SD=0.967, dispersion=0.007, n=38203	effect_scale_validation.R:v1
GCST90199742	GCST90199742	passed	""	source	""	0.982844338925611	estimated_from_source_maf	29444	29444	0	0	0	10249	19195	0.01	0.5	0.982844338925611	0.00738944354619687	median implied SD=0.983, dispersion=0.007, n=19195	effect_scale_validation.R:v1
GCST90199743	GCST90199743	passed	""	source	""	0.977501901602091	estimated_from_source_maf	53002	53002	0	0	0	20806	32196	0.01	0.5	0.977501901602091	0.00728341220011766	median implied SD=0.978, dispersion=0.007, n=32196	effect_scale_validation.R:v1
GCST90199744	GCST90199744	passed	""	source	""	0.980939774804055	estimated_from_source_maf	8139	8139	0	0	0	53	8086	0.01	0.5	0.980939774804055	0.00851228913228896	median implied SD=0.981, dispersion=0.009, n=8086	effect_scale_validation.R:v1
GCST90199745	GCST90199745	passed	""	source	""	0.936977446878199	estimated_from_source_maf	36713	36713	0	0	0	12033	24680	0.01	0.5	0.936977446878199	0.00812650735782123	median implied SD=0.937, dispersion=0.008, n=24680	effect_scale_validation.R:v1
GCST90199746	GCST90199746	passed	""	source	""	0.89708293872907	estimated_from_source_maf	43423	43423	0	0	0	15890	27533	0.01	0.5	0.89708293872907	0.00768370582732657	median implied SD=0.897, dispersion=0.008, n=27533	effect_scale_validation.R:v1
GCST90199747	GCST90199747	passed	""	source	""	0.956208093111287	estimated_from_source_maf	58176	58176	0	0	0	24853	33323	0.01	0.5	0.956208093111287	0.00719136354800459	median implied SD=0.956, dispersion=0.007, n=33323	effect_scale_validation.R:v1
GCST90199748	GCST90199748	passed	""	source	""	0.948077715077028	estimated_from_source_maf	21514	21514	0	0	0	5654	15860	0.01	0.5	0.948077715077028	0.00760668267834156	median implied SD=0.948, dispersion=0.008, n=15860	effect_scale_validation.R:v1
GCST90199749	GCST90199749	passed	""	source	""	1.00228920483815	estimated_from_source_maf	17865	17865	0	0	0	4770	13095	0.01	0.5	1.00228920483815	0.0075627769043091	median implied SD=1.002, dispersion=0.008, n=13095	effect_scale_validation.R:v1
GCST90199750	GCST90199750	passed	""	source	""	0.963003207870256	estimated_from_source_maf	26454	26454	0	0	0	8715	17739	0.01	0.5	0.963003207870256	0.00738563972974847	median implied SD=0.963, dispersion=0.007, n=17739	effect_scale_validation.R:v1
GCST90199751	GCST90199751	passed	""	source	""	0.98961082934127	estimated_from_source_maf	8137	8137	0	0	0	51	8086	0.01	0.5	0.98961082934127	0.00850387429018083	median implied SD=0.990, dispersion=0.009, n=8086	effect_scale_validation.R:v1
GCST90199752	GCST90199752	passed	""	source	""	0.927921342755012	estimated_from_source_maf	80545	80545	0	0	0	31081	49464	0.01	0.5	0.927921342755012	0.00730526630949244	median implied SD=0.928, dispersion=0.007, n=49464	effect_scale_validation.R:v1
GCST90199753	GCST90199753	passed	""	source	""	0.99053178697731	estimated_from_source_maf	31188	31188	0	0	0	10605	20583	0.01	0.5	0.99053178697731	0.00780226264575966	median implied SD=0.991, dispersion=0.008, n=20583	effect_scale_validation.R:v1
GCST90199754	GCST90199754	passed	""	source	""	0.999317680877719	estimated_from_source_maf	53151	53151	0	0	0	21516	31635	0.01	0.5	0.999317680877719	0.0078331816235767	median implied SD=0.999, dispersion=0.008, n=31635	effect_scale_validation.R:v1
GCST90199755	GCST90199755	passed	""	source	""	1.00024636577953	estimated_from_source_maf	28661	28661	0	0	0	8713	19948	0.01	0.5	1.00024636577953	0.00794281570391547	median implied SD=1.000, dispersion=0.008, n=19948	effect_scale_validation.R:v1
GCST90199756	GCST90199756	passed	""	source	""	0.997903861670699	estimated_from_source_maf	119011	119011	0	0	0	50319	68692	0.01	0.5	0.997903861670699	0.00776512103793236	median implied SD=0.998, dispersion=0.008, n=68692	effect_scale_validation.R:v1
GCST90199757	GCST90199757	passed	""	source	""	1.00299166202205	estimated_from_source_maf	81852	81852	0	0	0	31630	50222	0.01	0.5	1.00299166202205	0.00738920685926289	median implied SD=1.003, dispersion=0.007, n=50222	effect_scale_validation.R:v1
GCST90199758	GCST90199758	passed	""	source	""	0.962337908193339	estimated_from_source_maf	66618	66618	0	0	0	26517	40101	0.01	0.5	0.962337908193339	0.00743027558869684	median implied SD=0.962, dispersion=0.007, n=40101	effect_scale_validation.R:v1
GCST90199759	GCST90199759	passed	""	source	""	0.984737981513043	estimated_from_source_maf	31234	31234	0	0	0	10382	20852	0.01	0.5	0.984737981513043	0.00963189604253284	median implied SD=0.985, dispersion=0.010, n=20852	effect_scale_validation.R:v1
GCST90199760	GCST90199760	passed	""	source	""	1.00247632739001	estimated_from_source_maf	71353	71353	0	0	0	28022	43331	0.01	0.5	1.00247632739001	0.00761545251160124	median implied SD=1.002, dispersion=0.008, n=43331	effect_scale_validation.R:v1
GCST90199761	GCST90199761	passed	""	source	""	0.931427369501113	estimated_from_source_maf	19211	19211	0	0	0	5171	14040	0.01	0.5	0.931427369501113	0.00791096165746833	median implied SD=0.931, dispersion=0.008, n=14040	effect_scale_validation.R:v1
GCST90199762	GCST90199762	passed	""	source	""	0.910892380240081	estimated_from_source_maf	71535	71535	0	0	0	26874	44661	0.01	0.5	0.910892380240081	0.00707319906130336	median implied SD=0.911, dispersion=0.007, n=44661	effect_scale_validation.R:v1
GCST90199763	GCST90199763	passed	""	source	""	0.998984711609887	estimated_from_source_maf	86206	86206	0	0	0	33528	52678	0.01	0.5	0.998984711609887	0.00776541802602036	median implied SD=0.999, dispersion=0.008, n=52678	effect_scale_validation.R:v1
GCST90199764	GCST90199764	passed	""	source	""	0.912457823634964	estimated_from_source_maf	30783	30783	0	0	0	10445	20338	0.01	0.5	0.912457823634964	0.0080701406662855	median implied SD=0.912, dispersion=0.008, n=20338	effect_scale_validation.R:v1
GCST90199765	GCST90199765	passed	""	source	""	0.966431513696358	estimated_from_source_maf	8134	8134	0	0	0	54	8080	0.01	0.5	0.966431513696358	0.00849056591062395	median implied SD=0.966, dispersion=0.008, n=8080	effect_scale_validation.R:v1
GCST90199766	GCST90199766	passed	""	source	""	0.911291813337539	estimated_from_source_maf	33422	33422	0	0	0	10957	22465	0.01	0.5	0.911291813337539	0.0077846301626605	median implied SD=0.911, dispersion=0.008, n=22465	effect_scale_validation.R:v1
GCST90199767	GCST90199767	passed	""	source	""	0.93635087516788	estimated_from_source_maf	31865	31865	0	0	0	9821	22044	0.01	0.5	0.93635087516788	0.00746463777069129	median implied SD=0.936, dispersion=0.007, n=22044	effect_scale_validation.R:v1
GCST90199768	GCST90199768	passed	""	source	""	0.938626431326149	estimated_from_source_maf	8148	8148	0	0	0	67	8081	0.01	0.5	0.938626431326149	0.00855678596416308	median implied SD=0.939, dispersion=0.009, n=8081	effect_scale_validation.R:v1
GCST90199769	GCST90199769	passed	""	source	""	0.972036483794638	estimated_from_source_maf	18529	18529	0	0	0	5358	13171	0.01	0.5	0.972036483794638	0.00803765227717592	median implied SD=0.972, dispersion=0.008, n=13171	effect_scale_validation.R:v1
GCST90199770	GCST90199770	passed	""	source	""	0.954868713088683	estimated_from_source_maf	48206	48206	0	0	0	17894	30312	0.01	0.5	0.954868713088683	0.00803861624321887	median implied SD=0.955, dispersion=0.008, n=30312	effect_scale_validation.R:v1
GCST90199771	GCST90199771	passed	""	source	""	0.964351039265573	estimated_from_source_maf	20857	20857	0	0	0	5985	14872	0.01	0.5	0.964351039265573	0.007456860034079	median implied SD=0.964, dispersion=0.007, n=14872	effect_scale_validation.R:v1
GCST90199772	GCST90199772	passed	""	source	""	0.97289421573416	estimated_from_source_maf	73789	73789	0	0	0	31891	41898	0.01	0.5	0.97289421573416	0.0071392018016321	median implied SD=0.973, dispersion=0.007, n=41898	effect_scale_validation.R:v1
GCST90199773	GCST90199773	passed	""	source	""	1.00517991763613	estimated_from_source_maf	8140	8140	0	0	0	57	8083	0.01	0.5	1.00517991763613	0.00851618884644533	median implied SD=1.005, dispersion=0.009, n=8083	effect_scale_validation.R:v1
GCST90199774	GCST90199774	passed	""	source	""	0.972515333788505	estimated_from_source_maf	32591	32591	0	0	0	11569	21022	0.01	0.5	0.972515333788505	0.00707928326195586	median implied SD=0.973, dispersion=0.007, n=21022	effect_scale_validation.R:v1
GCST90199775	GCST90199775	passed	""	source	""	0.957524837365807	estimated_from_source_maf	20826	20826	0	0	0	6300	14526	0.01	0.5	0.957524837365807	0.00806387992821315	median implied SD=0.958, dispersion=0.008, n=14526	effect_scale_validation.R:v1
GCST90199776	GCST90199776	passed	""	source	""	0.961712612152381	estimated_from_source_maf	8124	8124	0	0	0	40	8084	0.01	0.5	0.961712612152381	0.00921521072909751	median implied SD=0.962, dispersion=0.009, n=8084	effect_scale_validation.R:v1
GCST90199777	GCST90199777	passed	""	source	""	0.97552988609119	estimated_from_source_maf	50747	50747	0	0	0	19002	31745	0.01	0.5	0.97552988609119	0.00708304372464478	median implied SD=0.976, dispersion=0.007, n=31745	effect_scale_validation.R:v1
GCST90199778	GCST90199778	passed	""	source	""	0.985278740641661	estimated_from_source_maf	44192	44192	0	0	0	16129	28063	0.01	0.5	0.985278740641661	0.0080317728213914	median implied SD=0.985, dispersion=0.008, n=28063	effect_scale_validation.R:v1
GCST90199779	GCST90199779	passed	""	source	""	1.00063646645585	estimated_from_source_maf	49215	49215	0	0	0	19318	29897	0.01	0.5	1.00063646645585	0.0076940604109821	median implied SD=1.001, dispersion=0.008, n=29897	effect_scale_validation.R:v1
GCST90199780	GCST90199780	passed	""	source	""	0.996833601588465	estimated_from_source_maf	40871	40871	0	0	0	14164	26707	0.01	0.5	0.996833601588465	0.00833779153592577	median implied SD=0.997, dispersion=0.008, n=26707	effect_scale_validation.R:v1
GCST90199781	GCST90199781	passed	""	source	""	0.983460308625117	estimated_from_source_maf	56881	56881	0	0	0	22461	34420	0.01	0.5	0.983460308625117	0.00856022693104865	median implied SD=0.983, dispersion=0.009, n=34420	effect_scale_validation.R:v1
GCST90199782	GCST90199782	passed	""	source	""	0.830901486554462	estimated_from_source_maf	66643	66643	0	0	0	26833	39810	0.01	0.5	0.830901486554462	0.00714043835184112	median implied SD=0.831, dispersion=0.007, n=39810	effect_scale_validation.R:v1
GCST90199783	GCST90199783	passed	""	source	""	0.983901003248535	estimated_from_source_maf	43556	43556	0	0	0	15040	28516	0.01	0.5	0.983901003248535	0.00748309484011449	median implied SD=0.984, dispersion=0.007, n=28516	effect_scale_validation.R:v1
GCST90199784	GCST90199784	passed	""	source	""	0.996312452465767	estimated_from_source_maf	70461	70461	0	0	0	27121	43340	0.01	0.5	0.996312452465767	0.0080150868049233	median implied SD=0.996, dispersion=0.008, n=43340	effect_scale_validation.R:v1
GCST90199785	GCST90199785	passed	""	source	""	1.00120304834763	estimated_from_source_maf	31350	31350	0	0	0	9848	21502	0.01	0.5	1.00120304834763	0.00759880287589713	median implied SD=1.001, dispersion=0.008, n=21502	effect_scale_validation.R:v1
GCST90199786	GCST90199786	passed	""	source	""	0.930668007094751	estimated_from_source_maf	48354	48354	0	0	0	18587	29767	0.01	0.5	0.930668007094751	0.00795595868940026	median implied SD=0.931, dispersion=0.008, n=29767	effect_scale_validation.R:v1
GCST90199787	GCST90199787	passed	""	source	""	0.967628360573214	estimated_from_source_maf	36187	36187	0	0	0	14040	22147	0.01	0.5	0.967628360573214	0.00706745690203152	median implied SD=0.968, dispersion=0.007, n=22147	effect_scale_validation.R:v1
GCST90199788	GCST90199788	passed	""	source	""	0.988435223090693	estimated_from_source_maf	61502	61502	0	0	0	25850	35652	0.01	0.5	0.988435223090693	0.00743987921801448	median implied SD=0.988, dispersion=0.007, n=35652	effect_scale_validation.R:v1
GCST90199789	GCST90199789	passed	""	source	""	0.998099811791341	estimated_from_source_maf	19647	19647	0	0	0	5308	14339	0.01	0.5	0.998099811791341	0.00765039904066299	median implied SD=0.998, dispersion=0.008, n=14339	effect_scale_validation.R:v1
GCST90199790	GCST90199790	passed	""	source	""	0.980633510787753	estimated_from_source_maf	28729	28729	0	0	0	8985	19744	0.01	0.5	0.980633510787753	0.00782370284191463	median implied SD=0.981, dispersion=0.008, n=19744	effect_scale_validation.R:v1
GCST90199791	GCST90199791	passed	""	source	""	0.991939174177011	estimated_from_source_maf	48111	48111	0	0	0	18226	29885	0.01	0.5	0.991939174177011	0.00773181533874692	median implied SD=0.992, dispersion=0.008, n=29885	effect_scale_validation.R:v1
GCST90199792	GCST90199792	passed	""	source	""	0.982687504914339	estimated_from_source_maf	77027	77027	0	0	0	32048	44979	0.01	0.5	0.982687504914339	0.00706424957634542	median implied SD=0.983, dispersion=0.007, n=44979	effect_scale_validation.R:v1
GCST90199793	GCST90199793	passed	""	source	""	0.993132441136417	estimated_from_source_maf	42351	42351	0	0	0	15362	26989	0.01	0.5	0.993132441136417	0.00727749362369457	median implied SD=0.993, dispersion=0.007, n=26989	effect_scale_validation.R:v1
GCST90199794	GCST90199794	passed	""	source	""	0.991385143641434	estimated_from_source_maf	42124	42124	0	0	0	15384	26740	0.01	0.5	0.991385143641434	0.00768108351260804	median implied SD=0.991, dispersion=0.008, n=26740	effect_scale_validation.R:v1
GCST90199795	GCST90199795	passed	""	source	""	0.977475773947807	estimated_from_source_maf	8132	8132	0	0	0	50	8082	0.01	0.5	0.977475773947807	0.00843678286923986	median implied SD=0.977, dispersion=0.008, n=8082	effect_scale_validation.R:v1
GCST90199796	GCST90199796	passed	""	source	""	0.978004022833946	estimated_from_source_maf	37606	37606	0	0	0	14239	23367	0.01	0.5	0.978004022833946	0.00782206812838959	median implied SD=0.978, dispersion=0.008, n=23367	effect_scale_validation.R:v1
GCST90199797	GCST90199797	passed	""	source	""	0.90982656583854	estimated_from_source_maf	42980	42980	0	0	0	16124	26856	0.01	0.5	0.90982656583854	0.00768869830352616	median implied SD=0.910, dispersion=0.008, n=26856	effect_scale_validation.R:v1
GCST90199798	GCST90199798	passed	""	source	""	0.996379096103763	estimated_from_source_maf	54328	54328	0	0	0	20938	33390	0.01	0.5	0.996379096103763	0.00765724325418565	median implied SD=0.996, dispersion=0.008, n=33390	effect_scale_validation.R:v1
GCST90199799	GCST90199799	passed	""	source	""	0.971052891653069	estimated_from_source_maf	157292	157292	0	0	0	71863	85429	0.01	0.5	0.971052891653069	0.00678866419895507	median implied SD=0.971, dispersion=0.007, n=85429	effect_scale_validation.R:v1
GCST90199800	GCST90199800	passed	""	source	""	0.980086715694385	estimated_from_source_maf	28721	28721	0	0	0	9452	19269	0.01	0.5	0.980086715694385	0.00730940105996707	median implied SD=0.980, dispersion=0.007, n=19269	effect_scale_validation.R:v1
GCST90199801	GCST90199801	passed	""	source	""	0.995298813402357	estimated_from_source_maf	8120	8120	0	0	0	41	8079	0.01	0.5	0.995298813402357	0.00870353818020279	median implied SD=0.995, dispersion=0.009, n=8079	effect_scale_validation.R:v1
GCST90199802	GCST90199802	passed	""	source	""	0.975902025032473	estimated_from_source_maf	45274	45274	0	0	0	18657	26617	0.01	0.5	0.975902025032473	0.00746380533952418	median implied SD=0.976, dispersion=0.007, n=26617	effect_scale_validation.R:v1
GCST90199803	GCST90199803	passed	""	source	""	1.0008129474223	estimated_from_source_maf	20357	20357	0	0	0	6804	13553	0.01	0.5	1.0008129474223	0.00835249352442398	median implied SD=1.001, dispersion=0.008, n=13553	effect_scale_validation.R:v1
GCST90199804	GCST90199804	passed	""	source	""	0.990091240351698	estimated_from_source_maf	29396	29396	0	0	0	10266	19130	0.01	0.5	0.990091240351698	0.00764538659814364	median implied SD=0.990, dispersion=0.008, n=19130	effect_scale_validation.R:v1
GCST90199805	GCST90199805	passed	""	source	""	0.980738776379924	estimated_from_source_maf	46073	46073	0	0	0	15867	30206	0.01	0.5	0.980738776379924	0.00784447961396759	median implied SD=0.981, dispersion=0.008, n=30206	effect_scale_validation.R:v1
GCST90199806	GCST90199806	passed	""	source	""	0.963229051198856	estimated_from_source_maf	46613	46613	0	0	0	17000	29613	0.01	0.5	0.963229051198856	0.00760781251748734	median implied SD=0.963, dispersion=0.008, n=29613	effect_scale_validation.R:v1
GCST90199807	GCST90199807	passed	""	source	""	0.960636847602576	estimated_from_source_maf	58655	58655	0	0	0	21648	37007	0.01	0.5	0.960636847602576	0.00763597654613219	median implied SD=0.961, dispersion=0.008, n=37007	effect_scale_validation.R:v1
GCST90199808	GCST90199808	passed	""	source	""	0.990757163180876	estimated_from_source_maf	32554	32554	0	0	0	11692	20862	0.01	0.5	0.990757163180876	0.00773495808618221	median implied SD=0.991, dispersion=0.008, n=20862	effect_scale_validation.R:v1
GCST90199809	GCST90199809	passed	""	source	""	0.993417111027425	estimated_from_source_maf	33709	33709	0	0	0	10562	23147	0.01	0.5	0.993417111027425	0.00767200936648638	median implied SD=0.993, dispersion=0.008, n=23147	effect_scale_validation.R:v1
GCST90199810	GCST90199810	passed	""	source	""	0.972551750753517	estimated_from_source_maf	20907	20907	0	0	0	5702	15205	0.01	0.5	0.972551750753517	0.00830528718746417	median implied SD=0.973, dispersion=0.008, n=15205	effect_scale_validation.R:v1
GCST90199811	GCST90199811	passed	""	source	""	0.990820251300046	estimated_from_source_maf	61009	61009	0	0	0	24929	36080	0.01	0.5	0.990820251300046	0.00716666264854175	median implied SD=0.991, dispersion=0.007, n=36080	effect_scale_validation.R:v1
GCST90199812	GCST90199812	passed	""	source	""	1.00177759853383	estimated_from_source_maf	31209	31209	0	0	0	10627	20582	0.01	0.5	1.00177759853383	0.00838102169949712	median implied SD=1.002, dispersion=0.008, n=20582	effect_scale_validation.R:v1
GCST90199813	GCST90199813	passed	""	source	""	0.895600354441111	estimated_from_source_maf	59427	59427	0	0	0	23041	36386	0.01	0.5	0.895600354441111	0.00718164369350499	median implied SD=0.896, dispersion=0.007, n=36386	effect_scale_validation.R:v1
GCST90199814	GCST90199814	passed	""	source	""	1.00671489504073	estimated_from_source_maf	35263	35263	0	0	0	10980	24283	0.01	0.5	1.00671489504073	0.00864412457598351	median implied SD=1.007, dispersion=0.009, n=24283	effect_scale_validation.R:v1
GCST90199815	GCST90199815	passed	""	source	""	0.917019034197789	estimated_from_source_maf	78082	78082	0	0	0	31254	46828	0.01	0.5	0.917019034197789	0.00775104790335484	median implied SD=0.917, dispersion=0.008, n=46828	effect_scale_validation.R:v1
GCST90199816	GCST90199816	passed	""	source	""	0.934154638307607	estimated_from_source_maf	30304	30304	0	0	0	11292	19012	0.01	0.5	0.934154638307607	0.00690364420574741	median implied SD=0.934, dispersion=0.007, n=19012	effect_scale_validation.R:v1
GCST90199817	GCST90199817	passed	""	source	""	0.964041481541418	estimated_from_source_maf	42864	42864	0	0	0	16714	26150	0.01	0.5	0.964041481541418	0.0078354621256866	median implied SD=0.964, dispersion=0.008, n=26150	effect_scale_validation.R:v1
GCST90199818	GCST90199818	passed	""	source	""	0.986920148435429	estimated_from_source_maf	8219	8219	0	0	0	133	8086	0.01	0.5	0.986920148435429	0.0084262099872507	median implied SD=0.987, dispersion=0.008, n=8086	effect_scale_validation.R:v1
GCST90199819	GCST90199819	passed	""	source	""	0.991434191350871	estimated_from_source_maf	53302	53302	0	0	0	21455	31847	0.01	0.5	0.991434191350871	0.00709655745483463	median implied SD=0.991, dispersion=0.007, n=31847	effect_scale_validation.R:v1
GCST90199820	GCST90199820	passed	""	source	""	0.969611853886901	estimated_from_source_maf	27065	27065	0	0	0	9647	17418	0.01	0.5	0.969611853886901	0.00799412261167259	median implied SD=0.970, dispersion=0.008, n=17418	effect_scale_validation.R:v1
GCST90199821	GCST90199821	passed	""	source	""	0.975643444620963	estimated_from_source_maf	45238	45238	0	0	0	15985	29253	0.01	0.5	0.975643444620963	0.00794202472837814	median implied SD=0.976, dispersion=0.008, n=29253	effect_scale_validation.R:v1
GCST90199822	GCST90199822	passed	""	source	""	0.98874934025465	estimated_from_source_maf	42669	42669	0	0	0	15312	27357	0.01	0.5	0.98874934025465	0.00797001186075639	median implied SD=0.989, dispersion=0.008, n=27357	effect_scale_validation.R:v1
GCST90199823	GCST90199823	passed	""	source	""	0.995398467908417	estimated_from_source_maf	20934	20934	0	0	0	5798	15136	0.01	0.5	0.995398467908417	0.00939352957078082	median implied SD=0.995, dispersion=0.009, n=15136	effect_scale_validation.R:v1
GCST90199824	GCST90199824	passed	""	source	""	0.994747372158989	estimated_from_source_maf	20185	20185	0	0	0	5404	14781	0.01	0.5	0.994747372158989	0.00784173699646395	median implied SD=0.995, dispersion=0.008, n=14781	effect_scale_validation.R:v1
GCST90199825	GCST90199825	passed	""	source	""	0.995644115472857	estimated_from_source_maf	8134	8134	0	0	0	48	8086	0.01	0.5	0.995644115472857	0.0086055305634149	median implied SD=0.996, dispersion=0.009, n=8086	effect_scale_validation.R:v1
GCST90199826	GCST90199826	passed	""	source	""	0.976925902602372	estimated_from_source_maf	20649	20649	0	0	0	5707	14942	0.01	0.5	0.976925902602372	0.00858781595361798	median implied SD=0.977, dispersion=0.009, n=14942	effect_scale_validation.R:v1
GCST90199827	GCST90199827	passed	""	source	""	0.991670295745962	estimated_from_source_maf	48447	48447	0	0	0	17174	31273	0.01	0.5	0.991670295745962	0.0072014873710041	median implied SD=0.992, dispersion=0.007, n=31273	effect_scale_validation.R:v1
GCST90199828	GCST90199828	passed	""	source	""	0.928333823389205	estimated_from_source_maf	34737	34737	0	0	0	12663	22074	0.01	0.5	0.928333823389205	0.00700714507918206	median implied SD=0.928, dispersion=0.007, n=22074	effect_scale_validation.R:v1
GCST90199829	GCST90199829	passed	""	source	""	0.960051196503762	estimated_from_source_maf	8115	8115	0	0	0	37	8078	0.01	0.5	0.960051196503762	0.00891916727807656	median implied SD=0.960, dispersion=0.009, n=8078	effect_scale_validation.R:v1
GCST90199830	GCST90199830	passed	""	source	""	0.985751684811802	estimated_from_source_maf	32833	32833	0	0	0	11119	21714	0.01	0.5	0.985751684811802	0.00742646400720322	median implied SD=0.986, dispersion=0.007, n=21714	effect_scale_validation.R:v1
GCST90199831	GCST90199831	passed	""	source	""	0.992288578361403	estimated_from_source_maf	86571	86571	0	0	0	34829	51742	0.01	0.5	0.992288578361403	0.00760887635857423	median implied SD=0.992, dispersion=0.008, n=51742	effect_scale_validation.R:v1
GCST90199832	GCST90199832	passed	""	source	""	0.952028202846606	estimated_from_source_maf	31637	31637	0	0	0	9101	22536	0.01	0.5	0.952028202846606	0.00754504360058789	median implied SD=0.952, dispersion=0.008, n=22536	effect_scale_validation.R:v1
GCST90199833	GCST90199833	passed	""	source	""	0.969539053218679	estimated_from_source_maf	67748	67748	0	0	0	26419	41329	0.01	0.5	0.969539053218679	0.0081613542921852	median implied SD=0.970, dispersion=0.008, n=41329	effect_scale_validation.R:v1
GCST90199834	GCST90199834	passed	""	source	""	0.999281794267093	estimated_from_source_maf	40012	40012	0	0	0	14379	25633	0.01	0.5	0.999281794267093	0.00775585448747668	median implied SD=0.999, dispersion=0.008, n=25633	effect_scale_validation.R:v1
GCST90199835	GCST90199835	passed	""	source	""	0.841954504303146	estimated_from_source_maf	82486	82486	0	0	0	32105	50381	0.01	0.5	0.841954504303146	0.0072847641958922	median implied SD=0.842, dispersion=0.007, n=50381	effect_scale_validation.R:v1
GCST90199836	GCST90199836	passed	""	source	""	0.998850596073563	estimated_from_source_maf	19403	19403	0	0	0	4580	14823	0.01	0.5	0.998850596073563	0.007387686755342	median implied SD=0.999, dispersion=0.007, n=14823	effect_scale_validation.R:v1
GCST90199837	GCST90199837	passed	""	source	""	0.981718588687439	estimated_from_source_maf	39923	39923	0	0	0	13327	26596	0.01	0.5	0.981718588687439	0.00765301394567332	median implied SD=0.982, dispersion=0.008, n=26596	effect_scale_validation.R:v1
GCST90199838	GCST90199838	passed	""	source	""	0.98277377395537	estimated_from_source_maf	59546	59546	0	0	0	21735	37811	0.01	0.5	0.98277377395537	0.00714774686957899	median implied SD=0.983, dispersion=0.007, n=37811	effect_scale_validation.R:v1
GCST90199839	GCST90199839	passed	""	source	""	0.993340685919143	estimated_from_source_maf	80778	80778	0	0	0	32161	48617	0.01	0.5	0.993340685919143	0.00720640305596622	median implied SD=0.993, dispersion=0.007, n=48617	effect_scale_validation.R:v1
GCST90199840	GCST90199840	passed	""	source	""	0.877319707963757	estimated_from_source_maf	91006	91006	0	0	0	36812	54194	0.01	0.5	0.877319707963757	0.00749736178294978	median implied SD=0.877, dispersion=0.007, n=54194	effect_scale_validation.R:v1
GCST90199841	GCST90199841	passed	""	source	""	0.984494409712379	estimated_from_source_maf	83553	83553	0	0	0	33898	49655	0.01	0.5	0.984494409712379	0.00727584945350191	median implied SD=0.984, dispersion=0.007, n=49655	effect_scale_validation.R:v1
GCST90199842	GCST90199842	passed	""	source	""	0.899651624795182	estimated_from_source_maf	44398	44398	0	0	0	16236	28162	0.01	0.5	0.899651624795182	0.0079062589795958	median implied SD=0.900, dispersion=0.008, n=28162	effect_scale_validation.R:v1
GCST90199843	GCST90199843	passed	""	source	""	0.993439953362913	estimated_from_source_maf	8092	8092	0	0	0	17	8075	0.01	0.5	0.993439953362913	0.0099503361524977	median implied SD=0.993, dispersion=0.010, n=8075	effect_scale_validation.R:v1
GCST90199844	GCST90199844	passed	""	source	""	0.988953688354525	estimated_from_source_maf	67201	67201	0	0	0	27850	39351	0.01	0.5	0.988953688354525	0.00764916800598509	median implied SD=0.989, dispersion=0.008, n=39351	effect_scale_validation.R:v1
GCST90199845	GCST90199845	passed	""	source	""	0.990489499730292	estimated_from_source_maf	31217	31217	0	0	0	9749	21468	0.01	0.5	0.990489499730292	0.00842780141459293	median implied SD=0.990, dispersion=0.008, n=21468	effect_scale_validation.R:v1
GCST90199846	GCST90199846	passed	""	source	""	0.960421056733103	estimated_from_source_maf	77360	77360	0	0	0	32133	45227	0.01	0.5	0.960421056733103	0.00720339391339467	median implied SD=0.960, dispersion=0.007, n=45227	effect_scale_validation.R:v1
GCST90199847	GCST90199847	passed	""	source	""	0.988458212569524	estimated_from_source_maf	33108	33108	0	0	0	10450	22658	0.01	0.5	0.988458212569524	0.00761049531156707	median implied SD=0.988, dispersion=0.008, n=22658	effect_scale_validation.R:v1
GCST90199848	GCST90199848	passed	""	source	""	0.966276176602268	estimated_from_source_maf	90364	90364	0	0	0	37347	53017	0.01	0.5	0.966276176602268	0.00746316183719548	median implied SD=0.966, dispersion=0.007, n=53017	effect_scale_validation.R:v1
GCST90199849	GCST90199849	passed	""	source	""	0.933227612609005	estimated_from_source_maf	104210	104210	0	0	0	42994	61216	0.01	0.5	0.933227612609005	0.00781632849131918	median implied SD=0.933, dispersion=0.008, n=61216	effect_scale_validation.R:v1
GCST90199850	GCST90199850	passed	""	source	""	0.941269216243974	estimated_from_source_maf	88277	88277	0	0	0	34484	53793	0.01	0.5	0.941269216243974	0.00792509736535697	median implied SD=0.941, dispersion=0.008, n=53793	effect_scale_validation.R:v1
GCST90199851	GCST90199851	passed	""	source	""	0.881311387361141	estimated_from_source_maf	60738	60738	0	0	0	22705	38033	0.01	0.5	0.881311387361141	0.00741724510831044	median implied SD=0.881, dispersion=0.007, n=38033	effect_scale_validation.R:v1
GCST90199852	GCST90199852	passed	""	source	""	0.963106690734641	estimated_from_source_maf	46120	46120	0	0	0	16768	29352	0.01	0.5	0.963106690734641	0.00788231601949488	median implied SD=0.963, dispersion=0.008, n=29352	effect_scale_validation.R:v1
GCST90199853	GCST90199853	passed	""	source	""	0.978274067767575	estimated_from_source_maf	78257	78257	0	0	0	29376	48881	0.01	0.5	0.978274067767575	0.00728629634938693	median implied SD=0.978, dispersion=0.007, n=48881	effect_scale_validation.R:v1
GCST90199854	GCST90199854	passed	""	source	""	0.98443972869433	estimated_from_source_maf	79732	79732	0	0	0	31456	48276	0.01	0.5	0.98443972869433	0.00696620581136415	median implied SD=0.984, dispersion=0.007, n=48276	effect_scale_validation.R:v1
GCST90199855	GCST90199855	passed	""	source	""	0.926323295229991	estimated_from_source_maf	81037	81037	0	0	0	31913	49124	0.01	0.5	0.926323295229991	0.00785459541088054	median implied SD=0.926, dispersion=0.008, n=49124	effect_scale_validation.R:v1
GCST90199856	GCST90199856	passed	""	source	""	0.869936699172527	estimated_from_source_maf	122784	122784	0	0	0	48896	73888	0.01	0.5	0.869936699172527	0.00782617219093059	median implied SD=0.870, dispersion=0.008, n=73888	effect_scale_validation.R:v1
GCST90199857	GCST90199857	passed	""	source	""	0.977081974244907	estimated_from_source_maf	53787	53787	0	0	0	20014	33773	0.01	0.5	0.977081974244907	0.00917815329697313	median implied SD=0.977, dispersion=0.009, n=33773	effect_scale_validation.R:v1
GCST90199858	GCST90199858	passed	""	source	""	0.950866752342136	estimated_from_source_maf	100199	100199	0	0	0	38952	61247	0.01	0.5	0.950866752342136	0.00745284698545202	median implied SD=0.951, dispersion=0.007, n=61247	effect_scale_validation.R:v1
GCST90199859	GCST90199859	passed	""	source	""	0.82664230395699	estimated_from_source_maf	45282	45282	0	0	0	15665	29617	0.01	0.5	0.82664230395699	0.0097683472133894	median implied SD=0.827, dispersion=0.010, n=29617	effect_scale_validation.R:v1
GCST90199860	GCST90199860	passed	""	source	""	0.963485979251892	estimated_from_source_maf	79816	79816	0	0	0	32415	47401	0.01	0.5	0.963485979251892	0.00753778512548974	median implied SD=0.963, dispersion=0.008, n=47401	effect_scale_validation.R:v1
GCST90199861	GCST90199861	passed	""	source	""	0.847915967690508	estimated_from_source_maf	93434	93434	0	0	0	38766	54668	0.01	0.5	0.847915967690508	0.00737030762856334	median implied SD=0.848, dispersion=0.007, n=54668	effect_scale_validation.R:v1
GCST90199862	GCST90199862	passed	""	source	""	0.993848343378324	estimated_from_source_maf	34630	34630	0	0	0	11191	23439	0.01	0.5	0.993848343378324	0.00783251755308978	median implied SD=0.994, dispersion=0.008, n=23439	effect_scale_validation.R:v1
GCST90199863	GCST90199863	passed	""	source	""	0.949715701328911	estimated_from_source_maf	86300	86300	0	0	0	35205	51095	0.01	0.5	0.949715701328911	0.00722722168552991	median implied SD=0.950, dispersion=0.007, n=51095	effect_scale_validation.R:v1
GCST90199864	GCST90199864	passed	""	source	""	0.997253551682465	estimated_from_source_maf	34555	34555	0	0	0	10763	23792	0.01	0.5	0.997253551682465	0.00802892280616688	median implied SD=0.997, dispersion=0.008, n=23792	effect_scale_validation.R:v1
GCST90199865	GCST90199865	passed	""	source	""	0.998509043245639	estimated_from_source_maf	28728	28728	0	0	0	9862	18866	0.01	0.5	0.998509043245639	0.00788701439902468	median implied SD=0.999, dispersion=0.008, n=18866	effect_scale_validation.R:v1
GCST90199866	GCST90199866	passed	""	source	""	0.955576952411699	estimated_from_source_maf	25123	25123	0	0	0	7648	17475	0.01	0.5	0.955576952411699	0.00750660276699854	median implied SD=0.956, dispersion=0.008, n=17475	effect_scale_validation.R:v1
GCST90199867	GCST90199867	passed	""	source	""	0.972415926795082	estimated_from_source_maf	18832	18832	0	0	0	3962	14870	0.01	0.5	0.972415926795082	0.00816062133655896	median implied SD=0.972, dispersion=0.008, n=14870	effect_scale_validation.R:v1
GCST90199868	GCST90199868	passed	""	source	""	0.993668193345297	estimated_from_source_maf	29626	29626	0	0	0	10284	19342	0.01	0.5	0.993668193345297	0.00821959080212937	median implied SD=0.994, dispersion=0.008, n=19342	effect_scale_validation.R:v1
GCST90199869	GCST90199869	passed	""	source	""	0.999738331495753	estimated_from_source_maf	8120	8120	0	0	0	39	8081	0.01	0.5	0.999738331495753	0.00847423947630724	median implied SD=1.000, dispersion=0.008, n=8081	effect_scale_validation.R:v1
GCST90199870	GCST90199870	passed	""	source	""	0.998616306504135	estimated_from_source_maf	28486	28486	0	0	0	9374	19112	0.01	0.5	0.998616306504135	0.00843428097267239	median implied SD=0.999, dispersion=0.008, n=19112	effect_scale_validation.R:v1
GCST90199871	GCST90199871	passed	""	source	""	0.941106572309903	estimated_from_source_maf	77027	77027	0	0	0	31190	45837	0.01	0.5	0.941106572309903	0.00757004897536475	median implied SD=0.941, dispersion=0.008, n=45837	effect_scale_validation.R:v1
GCST90199872	GCST90199872	passed	""	source	""	0.871239842621351	estimated_from_source_maf	68380	68380	0	0	0	26191	42189	0.01	0.5	0.871239842621351	0.0071773085879486	median implied SD=0.871, dispersion=0.007, n=42189	effect_scale_validation.R:v1
GCST90199873	GCST90199873	passed	""	source	""	0.91706020759755	estimated_from_source_maf	83434	83434	0	0	0	32502	50932	0.01	0.5	0.91706020759755	0.00756795689344862	median implied SD=0.917, dispersion=0.008, n=50932	effect_scale_validation.R:v1
GCST90199874	GCST90199874	passed	""	source	""	0.999051815390064	estimated_from_source_maf	8105	8105	0	0	0	26	8079	0.01	0.5	0.999051815390064	0.00882194333825788	median implied SD=0.999, dispersion=0.009, n=8079	effect_scale_validation.R:v1
GCST90199875	GCST90199875	passed	""	source	""	0.970701789841419	estimated_from_source_maf	8136	8136	0	0	0	58	8078	0.01	0.5	0.970701789841419	0.00853690518567641	median implied SD=0.971, dispersion=0.009, n=8078	effect_scale_validation.R:v1
GCST90199876	GCST90199876	passed	""	source	""	0.96696546486372	estimated_from_source_maf	52650	52650	0	0	0	19980	32670	0.01	0.5	0.96696546486372	0.00711395600341892	median implied SD=0.967, dispersion=0.007, n=32670	effect_scale_validation.R:v1
GCST90199877	GCST90199877	passed	""	source	""	0.981297404389593	estimated_from_source_maf	20602	20602	0	0	0	5288	15314	0.01	0.5	0.981297404389593	0.00933443272886822	median implied SD=0.981, dispersion=0.009, n=15314	effect_scale_validation.R:v1
GCST90199878	GCST90199878	passed	""	source	""	0.918014555556582	estimated_from_source_maf	51474	51474	0	0	0	19589	31885	0.01	0.5	0.918014555556582	0.00721658779178939	median implied SD=0.918, dispersion=0.007, n=31885	effect_scale_validation.R:v1
GCST90199879	GCST90199879	passed	""	source	""	0.987427620766305	estimated_from_source_maf	34755	34755	0	0	0	13157	21598	0.01	0.5	0.987427620766305	0.00717127696701811	median implied SD=0.987, dispersion=0.007, n=21598	effect_scale_validation.R:v1
GCST90199880	GCST90199880	passed	""	source	""	0.966716448238109	estimated_from_source_maf	46512	46512	0	0	0	17665	28847	0.01	0.5	0.966716448238109	0.00769805802484982	median implied SD=0.967, dispersion=0.008, n=28847	effect_scale_validation.R:v1
GCST90199881	GCST90199881	passed	""	source	""	0.965634937443149	estimated_from_source_maf	18538	18538	0	0	0	5189	13349	0.01	0.5	0.965634937443149	0.00893158153221336	median implied SD=0.966, dispersion=0.009, n=13349	effect_scale_validation.R:v1
GCST90199882	GCST90199882	passed	""	source	""	0.897830920045618	estimated_from_source_maf	19908	19908	0	0	0	5094	14814	0.01	0.5	0.897830920045618	0.00856080609404043	median implied SD=0.898, dispersion=0.009, n=14814	effect_scale_validation.R:v1
GCST90199883	GCST90199883	passed	""	source	""	0.978534057551926	estimated_from_source_maf	46694	46694	0	0	0	17321	29373	0.01	0.5	0.978534057551926	0.00763601754486581	median implied SD=0.979, dispersion=0.008, n=29373	effect_scale_validation.R:v1
GCST90199884	GCST90199884	passed	""	source	""	0.98394341946061	estimated_from_source_maf	8125	8125	0	0	0	41	8084	0.01	0.5	0.98394341946061	0.00855399875157148	median implied SD=0.984, dispersion=0.009, n=8084	effect_scale_validation.R:v1
GCST90199885	GCST90199885	passed	""	source	""	0.952013241112622	estimated_from_source_maf	30812	30812	0	0	0	10840	19972	0.01	0.5	0.952013241112622	0.00739839367178045	median implied SD=0.952, dispersion=0.007, n=19972	effect_scale_validation.R:v1
GCST90199886	GCST90199886	passed	""	source	""	0.949107276607152	estimated_from_source_maf	48306	48306	0	0	0	18107	30199	0.01	0.5	0.949107276607152	0.00724576464638636	median implied SD=0.949, dispersion=0.007, n=30199	effect_scale_validation.R:v1
GCST90199887	GCST90199887	passed	""	source	""	0.978915101395992	estimated_from_source_maf	8127	8127	0	0	0	45	8082	0.01	0.5	0.978915101395992	0.00851394346344641	median implied SD=0.979, dispersion=0.009, n=8082	effect_scale_validation.R:v1
GCST90199888	GCST90199888	passed	""	source	""	0.964196701036063	estimated_from_source_maf	41828	41828	0	0	0	14739	27089	0.01	0.5	0.964196701036063	0.00793180698029529	median implied SD=0.964, dispersion=0.008, n=27089	effect_scale_validation.R:v1
GCST90199889	GCST90199889	passed	""	source	""	0.98273283821366	estimated_from_source_maf	94575	94575	0	0	0	40545	54030	0.01	0.5	0.98273283821366	0.00771126914523495	median implied SD=0.983, dispersion=0.008, n=54030	effect_scale_validation.R:v1
GCST90199890	GCST90199890	passed	""	source	""	0.969316358226459	estimated_from_source_maf	19496	19496	0	0	0	5683	13813	0.01	0.5	0.969316358226459	0.00853683784461551	median implied SD=0.969, dispersion=0.009, n=13813	effect_scale_validation.R:v1
GCST90199891	GCST90199891	passed	""	source	""	0.988334683427506	estimated_from_source_maf	33944	33944	0	0	0	10622	23322	0.01	0.5	0.988334683427506	0.00718393509699071	median implied SD=0.988, dispersion=0.007, n=23322	effect_scale_validation.R:v1
GCST90199892	GCST90199892	passed	""	source	""	0.997275101535066	estimated_from_source_maf	19156	19156	0	0	0	4805	14351	0.01	0.5	0.997275101535066	0.00771877121819989	median implied SD=0.997, dispersion=0.008, n=14351	effect_scale_validation.R:v1
GCST90199893	GCST90199893	passed	""	source	""	0.972506776245217	estimated_from_source_maf	41147	41147	0	0	0	16090	25057	0.01	0.5	0.972506776245217	0.00785827439179747	median implied SD=0.973, dispersion=0.008, n=25057	effect_scale_validation.R:v1
GCST90199894	GCST90199894	passed	""	source	""	0.987293543396577	estimated_from_source_maf	21821	21821	0	0	0	5771	16050	0.01	0.5	0.987293543396577	0.00847680781165862	median implied SD=0.987, dispersion=0.008, n=16050	effect_scale_validation.R:v1
GCST90199895	GCST90199895	passed	""	source	""	0.994138287266175	estimated_from_source_maf	17876	17876	0	0	0	4977	12899	0.01	0.5	0.994138287266175	0.0077466736273744	median implied SD=0.994, dispersion=0.008, n=12899	effect_scale_validation.R:v1
GCST90199896	GCST90199896	passed	""	source	""	0.974060416772842	estimated_from_source_maf	20118	20118	0	0	0	5377	14741	0.01	0.5	0.974060416772842	0.00796792884762782	median implied SD=0.974, dispersion=0.008, n=14741	effect_scale_validation.R:v1
GCST90199897	GCST90199897	passed	""	source	""	1.00458570853307	estimated_from_source_maf	8143	8143	0	0	0	54	8089	0.01	0.5	1.00458570853307	0.00860047645405158	median implied SD=1.005, dispersion=0.009, n=8089	effect_scale_validation.R:v1
GCST90199898	GCST90199898	passed	""	source	""	0.994795200545399	estimated_from_source_maf	8139	8139	0	0	0	53	8086	0.01	0.5	0.994795200545399	0.00856314701855692	median implied SD=0.995, dispersion=0.009, n=8086	effect_scale_validation.R:v1
GCST90199899	GCST90199899	passed	""	source	""	0.991933178663193	estimated_from_source_maf	40110	40110	0	0	0	14969	25141	0.01	0.5	0.991933178663193	0.00711785063389664	median implied SD=0.992, dispersion=0.007, n=25141	effect_scale_validation.R:v1
GCST90199900	GCST90199900	passed	""	source	""	0.960715736861775	estimated_from_source_maf	58329	58329	0	0	0	23562	34767	0.01	0.5	0.960715736861775	0.00757264424948481	median implied SD=0.961, dispersion=0.008, n=34767	effect_scale_validation.R:v1
GCST90199901	GCST90199901	passed	""	source	""	0.965928264894936	estimated_from_source_maf	33708	33708	0	0	0	11107	22601	0.01	0.5	0.965928264894936	0.00800591231353396	median implied SD=0.966, dispersion=0.008, n=22601	effect_scale_validation.R:v1
GCST90199902	GCST90199902	passed	""	source	""	0.984238922166238	estimated_from_source_maf	47977	47977	0	0	0	18129	29848	0.01	0.5	0.984238922166238	0.00721620757311951	median implied SD=0.984, dispersion=0.007, n=29848	effect_scale_validation.R:v1
GCST90199903	GCST90199903	passed	""	source	""	0.97765847585573	estimated_from_source_maf	31400	31400	0	0	0	11282	20118	0.01	0.5	0.97765847585573	0.00759741466964407	median implied SD=0.978, dispersion=0.008, n=20118	effect_scale_validation.R:v1
GCST90199904	GCST90199904	passed	""	source	""	0.969022179842983	estimated_from_source_maf	71780	71780	0	0	0	26624	45156	0.01	0.5	0.969022179842983	0.00784028523147576	median implied SD=0.969, dispersion=0.008, n=45156	effect_scale_validation.R:v1
GCST90199905	GCST90199905	passed	""	source	""	0.936695412185708	estimated_from_source_maf	18470	18470	0	0	0	4555	13915	0.01	0.5	0.936695412185708	0.00845368932401931	median implied SD=0.937, dispersion=0.008, n=13915	effect_scale_validation.R:v1
GCST90199906	GCST90199906	passed	""	source	""	0.997210297707798	estimated_from_source_maf	46388	46388	0	0	0	16682	29706	0.01	0.5	0.997210297707798	0.00787379306701385	median implied SD=0.997, dispersion=0.008, n=29706	effect_scale_validation.R:v1
GCST90199907	GCST90199907	passed	""	source	""	0.981764647289052	estimated_from_source_maf	8154	8154	0	0	0	72	8082	0.01	0.5	0.981764647289052	0.00853105349523205	median implied SD=0.982, dispersion=0.009, n=8082	effect_scale_validation.R:v1
GCST90199908	GCST90199908	passed	""	source	""	0.936909245840591	estimated_from_source_maf	21749	21749	0	0	0	6483	15266	0.01	0.5	0.936909245840591	0.00861869425343458	median implied SD=0.937, dispersion=0.009, n=15266	effect_scale_validation.R:v1
GCST90199909	GCST90199909	passed	""	source	""	0.975307093953403	estimated_from_source_maf	35728	35728	0	0	0	11446	24282	0.01	0.5	0.975307093953403	0.00746897516311797	median implied SD=0.975, dispersion=0.007, n=24282	effect_scale_validation.R:v1
GCST90199910	GCST90199910	passed	""	source	""	0.997387100227416	estimated_from_source_maf	29459	29459	0	0	0	10246	19213	0.01	0.5	0.997387100227416	0.00739253072396182	median implied SD=0.997, dispersion=0.007, n=19213	effect_scale_validation.R:v1
GCST90199911	GCST90199911	passed	""	source	""	0.981469381988824	estimated_from_source_maf	62994	62994	0	0	0	22900	40094	0.01	0.5	0.981469381988824	0.00740313393118483	median implied SD=0.981, dispersion=0.007, n=40094	effect_scale_validation.R:v1
GCST90199912	GCST90199912	passed	""	source	""	0.97293564306046	estimated_from_source_maf	45304	45304	0	0	0	16193	29111	0.01	0.5	0.97293564306046	0.00820143094912816	median implied SD=0.973, dispersion=0.008, n=29111	effect_scale_validation.R:v1
GCST90199913	GCST90199913	passed	""	source	""	0.995292128354632	estimated_from_source_maf	8127	8127	0	0	0	40	8087	0.01	0.5	0.995292128354632	0.008515685198556	median implied SD=0.995, dispersion=0.009, n=8087	effect_scale_validation.R:v1
GCST90199914	GCST90199914	passed	""	source	""	0.994004935740243	estimated_from_source_maf	94910	94910	0	0	0	38161	56749	0.01	0.5	0.994004935740243	0.00756796005958594	median implied SD=0.994, dispersion=0.008, n=56749	effect_scale_validation.R:v1
GCST90199915	GCST90199915	passed	""	source	""	0.956389427881146	estimated_from_source_maf	38266	38266	0	0	0	13153	25113	0.01	0.5	0.956389427881146	0.00779384159244265	median implied SD=0.956, dispersion=0.008, n=25113	effect_scale_validation.R:v1
GCST90199916	GCST90199916	passed	""	source	""	0.974221344341326	estimated_from_source_maf	67091	67091	0	0	0	27128	39963	0.01	0.5	0.974221344341326	0.00715926087674876	median implied SD=0.974, dispersion=0.007, n=39963	effect_scale_validation.R:v1
GCST90199917	GCST90199917	passed	""	source	""	0.995077505615913	estimated_from_source_maf	66559	66559	0	0	0	26066	40493	0.01	0.5	0.995077505615913	0.00725513506214629	median implied SD=0.995, dispersion=0.007, n=40493	effect_scale_validation.R:v1
GCST90199918	GCST90199918	passed	""	source	""	0.976889803320173	estimated_from_source_maf	34736	34736	0	0	0	12140	22596	0.01	0.5	0.976889803320173	0.00755278666332005	median implied SD=0.977, dispersion=0.008, n=22596	effect_scale_validation.R:v1
GCST90199919	GCST90199919	passed	""	source	""	0.98732724039684	estimated_from_source_maf	31744	31744	0	0	0	11395	20349	0.01	0.5	0.98732724039684	0.00840145384327746	median implied SD=0.987, dispersion=0.008, n=20349	effect_scale_validation.R:v1
GCST90199920	GCST90199920	passed	""	source	""	0.954559030545702	estimated_from_source_maf	8128	8128	0	0	0	61	8067	0.01	0.5	0.954559030545702	0.00848889642496124	median implied SD=0.955, dispersion=0.008, n=8067	effect_scale_validation.R:v1
GCST90199921	GCST90199921	passed	""	source	""	0.999135371004565	estimated_from_source_maf	17995	17995	0	0	0	4241	13754	0.01	0.5	0.999135371004565	0.00859223320926587	median implied SD=0.999, dispersion=0.009, n=13754	effect_scale_validation.R:v1
GCST90199922	GCST90199922	passed	""	source	""	0.993920141059418	estimated_from_source_maf	33896	33896	0	0	0	11364	22532	0.01	0.5	0.993920141059418	0.00800304744302065	median implied SD=0.994, dispersion=0.008, n=22532	effect_scale_validation.R:v1
GCST90199923	GCST90199923	passed	""	source	""	0.966109261810967	estimated_from_source_maf	51105	51105	0	0	0	19895	31210	0.01	0.5	0.966109261810967	0.00735751445479288	median implied SD=0.966, dispersion=0.007, n=31210	effect_scale_validation.R:v1
GCST90199924	GCST90199924	passed	""	source	""	0.994781198934501	estimated_from_source_maf	8117	8117	0	0	0	33	8084	0.01	0.5	0.994781198934501	0.00943774489625939	median implied SD=0.995, dispersion=0.009, n=8084	effect_scale_validation.R:v1
GCST90199925	GCST90199925	passed	""	source	""	0.991710935266981	estimated_from_source_maf	33813	33813	0	0	0	11248	22565	0.01	0.5	0.991710935266981	0.00782756596328862	median implied SD=0.992, dispersion=0.008, n=22565	effect_scale_validation.R:v1
GCST90199926	GCST90199926	passed	""	source	""	0.77760749146565	estimated_from_source_maf	61988	61988	0	0	0	23346	38642	0.01	0.5	0.77760749146565	0.00751483184294885	median implied SD=0.778, dispersion=0.008, n=38642	effect_scale_validation.R:v1
GCST90199927	GCST90199927	passed	""	source	""	1.0027876663265	estimated_from_source_maf	41604	41604	0	0	0	15226	26378	0.01	0.5	1.0027876663265	0.00749432498507993	median implied SD=1.003, dispersion=0.007, n=26378	effect_scale_validation.R:v1
GCST90199928	GCST90199928	passed	""	source	""	0.995856840933834	estimated_from_source_maf	32181	32181	0	0	0	11156	21025	0.01	0.5	0.995856840933834	0.00800754273949083	median implied SD=0.996, dispersion=0.008, n=21025	effect_scale_validation.R:v1
GCST90199929	GCST90199929	passed	""	source	""	0.981332758755389	estimated_from_source_maf	29262	29262	0	0	0	10140	19122	0.01	0.5	0.981332758755389	0.0072084811932836	median implied SD=0.981, dispersion=0.007, n=19122	effect_scale_validation.R:v1
GCST90199930	GCST90199930	passed	""	source	""	0.979954116248413	estimated_from_source_maf	43606	43606	0	0	0	16201	27405	0.01	0.5	0.979954116248413	0.00809671122974369	median implied SD=0.980, dispersion=0.008, n=27405	effect_scale_validation.R:v1
GCST90199931	GCST90199931	passed	""	source	""	0.984260992956244	estimated_from_source_maf	8148	8148	0	0	0	59	8089	0.01	0.5	0.984260992956244	0.00862929537813217	median implied SD=0.984, dispersion=0.009, n=8089	effect_scale_validation.R:v1
GCST90199932	GCST90199932	passed	""	source	""	0.938765729918878	estimated_from_source_maf	20900	20900	0	0	0	6294	14606	0.01	0.5	0.938765729918878	0.00745906220014803	median implied SD=0.939, dispersion=0.007, n=14606	effect_scale_validation.R:v1
GCST90199933	GCST90199933	passed	""	source	""	0.997442370363838	estimated_from_source_maf	37413	37413	0	0	0	13640	23773	0.01	0.5	0.997442370363838	0.0087417594043243	median implied SD=0.997, dispersion=0.009, n=23773	effect_scale_validation.R:v1
GCST90199934	GCST90199934	passed	""	source	""	0.988526909885131	estimated_from_source_maf	55882	55882	0	0	0	20436	35446	0.01	0.5	0.988526909885131	0.00762918526201272	median implied SD=0.989, dispersion=0.008, n=35446	effect_scale_validation.R:v1
GCST90199935	GCST90199935	passed	""	source	""	0.98104619254646	estimated_from_source_maf	48912	48912	0	0	0	20034	28878	0.01	0.5	0.98104619254646	0.00845555542109297	median implied SD=0.981, dispersion=0.008, n=28878	effect_scale_validation.R:v1
GCST90199936	GCST90199936	passed	""	source	""	0.98881049276551	estimated_from_source_maf	29830	29830	0	0	0	9598	20232	0.01	0.5	0.98881049276551	0.00882312654277964	median implied SD=0.989, dispersion=0.009, n=20232	effect_scale_validation.R:v1
GCST90199937	GCST90199937	passed	""	source	""	0.991450981859482	estimated_from_source_maf	63994	63994	0	0	0	26897	37097	0.01	0.5	0.991450981859482	0.0072071225362975	median implied SD=0.991, dispersion=0.007, n=37097	effect_scale_validation.R:v1
GCST90199938	GCST90199938	passed	""	source	""	0.992633889278928	estimated_from_source_maf	8168	8168	0	0	0	80	8088	0.01	0.5	0.992633889278928	0.00848458166317734	median implied SD=0.993, dispersion=0.008, n=8088	effect_scale_validation.R:v1
GCST90199939	GCST90199939	passed	""	source	""	0.971419976507491	estimated_from_source_maf	8148	8148	0	0	0	64	8084	0.01	0.5	0.971419976507491	0.00850647536952927	median implied SD=0.971, dispersion=0.009, n=8084	effect_scale_validation.R:v1
GCST90199940	GCST90199940	passed	""	source	""	0.988856779764892	estimated_from_source_maf	8129	8129	0	0	0	49	8080	0.01	0.5	0.988856779764892	0.00854741286919735	median implied SD=0.989, dispersion=0.009, n=8080	effect_scale_validation.R:v1
GCST90199941	GCST90199941	passed	""	source	""	0.985628013909593	estimated_from_source_maf	34545	34545	0	0	0	10291	24254	0.01	0.5	0.985628013909593	0.00859707194942264	median implied SD=0.986, dispersion=0.009, n=24254	effect_scale_validation.R:v1
GCST90199942	GCST90199942	passed	""	source	""	0.984238104020011	estimated_from_source_maf	144710	144710	0	0	0	62138	82572	0.01	0.5	0.984238104020011	0.0075244615135281	median implied SD=0.984, dispersion=0.008, n=82572	effect_scale_validation.R:v1
GCST90199943	GCST90199943	passed	""	source	""	0.979781188281185	estimated_from_source_maf	8154	8154	0	0	0	72	8082	0.01	0.5	0.979781188281185	0.00847720444021332	median implied SD=0.980, dispersion=0.008, n=8082	effect_scale_validation.R:v1
GCST90199944	GCST90199944	passed	""	source	""	0.979365041461526	estimated_from_source_maf	18738	18738	0	0	0	4728	14010	0.01	0.5	0.979365041461526	0.00846544552429291	median implied SD=0.979, dispersion=0.008, n=14010	effect_scale_validation.R:v1
GCST90199945	GCST90199945	passed	""	source	""	0.949615472140148	estimated_from_source_maf	39021	39021	0	0	0	13660	25361	0.01	0.5	0.949615472140148	0.00722280187182938	median implied SD=0.950, dispersion=0.007, n=25361	effect_scale_validation.R:v1
GCST90199946	GCST90199946	passed	""	source	""	0.996522926206305	estimated_from_source_maf	8131	8131	0	0	0	47	8084	0.01	0.5	0.996522926206305	0.00890949433065823	median implied SD=0.997, dispersion=0.009, n=8084	effect_scale_validation.R:v1
GCST90199947	GCST90199947	passed	""	source	""	0.914904386154736	estimated_from_source_maf	49050	49050	0	0	0	18592	30458	0.01	0.5	0.914904386154736	0.00769511868799578	median implied SD=0.915, dispersion=0.008, n=30458	effect_scale_validation.R:v1
GCST90199948	GCST90199948	passed	""	source	""	0.98421424048263	estimated_from_source_maf	19533	19533	0	0	0	4745	14788	0.01	0.5	0.98421424048263	0.00807140920753576	median implied SD=0.984, dispersion=0.008, n=14788	effect_scale_validation.R:v1
GCST90199949	GCST90199949	passed	""	source	""	0.991732243061172	estimated_from_source_maf	35530	35530	0	0	0	13054	22476	0.01	0.5	0.991732243061172	0.00733725986982466	median implied SD=0.992, dispersion=0.007, n=22476	effect_scale_validation.R:v1
GCST90199950	GCST90199950	passed	""	source	""	0.985230798222214	estimated_from_source_maf	8142	8142	0	0	0	49	8093	0.01	0.5	0.985230798222214	0.00851386930469921	median implied SD=0.985, dispersion=0.009, n=8093	effect_scale_validation.R:v1
GCST90199951	GCST90199951	passed	""	source	""	0.992217187550414	estimated_from_source_maf	31403	31403	0	0	0	11241	20162	0.01	0.5	0.992217187550414	0.00963273100109115	median implied SD=0.992, dispersion=0.010, n=20162	effect_scale_validation.R:v1
GCST90199952	GCST90199952	passed	""	source	""	0.981977857652367	estimated_from_source_maf	8149	8149	0	0	0	57	8092	0.01	0.5	0.981977857652367	0.00851331850386218	median implied SD=0.982, dispersion=0.009, n=8092	effect_scale_validation.R:v1
GCST90199953	GCST90199953	passed	""	source	""	0.984344978915296	estimated_from_source_maf	49310	49310	0	0	0	17207	32103	0.01	0.5	0.984344978915296	0.00896681753181243	median implied SD=0.984, dispersion=0.009, n=32103	effect_scale_validation.R:v1
GCST90199954	GCST90199954	passed	""	source	""	0.959594814359822	estimated_from_source_maf	60497	60497	0	0	0	23857	36640	0.01	0.5	0.959594814359822	0.0081052460967535	median implied SD=0.960, dispersion=0.008, n=36640	effect_scale_validation.R:v1
GCST90199955	GCST90199955	passed	""	source	""	0.988335989671818	estimated_from_source_maf	24550	24550	0	0	0	7399	17151	0.01	0.5	0.988335989671818	0.00813748642680528	median implied SD=0.988, dispersion=0.008, n=17151	effect_scale_validation.R:v1
GCST90199956	GCST90199956	passed	""	source	""	0.983955406744637	estimated_from_source_maf	8136	8136	0	0	0	45	8091	0.01	0.5	0.983955406744637	0.00924327730442049	median implied SD=0.984, dispersion=0.009, n=8091	effect_scale_validation.R:v1
GCST90199957	GCST90199957	passed	""	source	""	1.00163942191935	estimated_from_source_maf	26843	26843	0	0	0	9718	17125	0.01	0.5	1.00163942191935	0.00881473133895899	median implied SD=1.002, dispersion=0.009, n=17125	effect_scale_validation.R:v1
GCST90199958	GCST90199958	passed	""	source	""	0.988669448333073	estimated_from_source_maf	45486	45486	0	0	0	16501	28985	0.01	0.5	0.988669448333073	0.00743468275044286	median implied SD=0.989, dispersion=0.007, n=28985	effect_scale_validation.R:v1
GCST90199959	GCST90199959	passed	""	source	""	0.96424203648966	estimated_from_source_maf	30606	30606	0	0	0	9895	20711	0.01	0.5	0.96424203648966	0.00743514176017377	median implied SD=0.964, dispersion=0.007, n=20711	effect_scale_validation.R:v1
GCST90199960	GCST90199960	passed	""	source	""	0.988313849339219	estimated_from_source_maf	36206	36206	0	0	0	12280	23926	0.01	0.5	0.988313849339219	0.00828384069090694	median implied SD=0.988, dispersion=0.008, n=23926	effect_scale_validation.R:v1
GCST90199961	GCST90199961	passed	""	source	""	0.934751884264988	estimated_from_source_maf	102438	102438	0	0	0	43592	58846	0.01	0.5	0.934751884264988	0.0075223974028656	median implied SD=0.935, dispersion=0.008, n=58846	effect_scale_validation.R:v1
GCST90199962	GCST90199962	passed	""	source	""	0.968128506734601	estimated_from_source_maf	66829	66829	0	0	0	26029	40800	0.01	0.5	0.968128506734601	0.00747645463228791	median implied SD=0.968, dispersion=0.007, n=40800	effect_scale_validation.R:v1
GCST90199963	GCST90199963	passed	""	source	""	0.827482525993895	estimated_from_source_maf	20637	20637	0	0	0	6230	14407	0.01	0.5	0.827482525993895	0.00842796452809445	median implied SD=0.827, dispersion=0.008, n=14407	effect_scale_validation.R:v1
GCST90199964	GCST90199964	passed	""	source	""	0.963100068366818	estimated_from_source_maf	66135	66135	0	0	0	26950	39185	0.01	0.5	0.963100068366818	0.00735175872225675	median implied SD=0.963, dispersion=0.007, n=39185	effect_scale_validation.R:v1
GCST90199965	GCST90199965	passed	""	source	""	0.996480247480845	estimated_from_source_maf	8148	8148	0	0	0	57	8091	0.01	0.5	0.996480247480845	0.00852591903304943	median implied SD=0.996, dispersion=0.009, n=8091	effect_scale_validation.R:v1
GCST90199966	GCST90199966	passed	""	source	""	0.986559426569562	estimated_from_source_maf	8134	8134	0	0	0	55	8079	0.01	0.5	0.986559426569562	0.00852912230750453	median implied SD=0.987, dispersion=0.009, n=8079	effect_scale_validation.R:v1
GCST90199967	GCST90199967	passed	""	source	""	0.920418625897791	estimated_from_source_maf	39735	39735	0	0	0	13640	26095	0.01	0.5	0.920418625897791	0.00756996814611682	median implied SD=0.920, dispersion=0.008, n=26095	effect_scale_validation.R:v1
GCST90199968	GCST90199968	passed	""	source	""	0.990450822134425	estimated_from_source_maf	33232	33232	0	0	0	10821	22411	0.01	0.5	0.990450822134425	0.00825808407974644	median implied SD=0.990, dispersion=0.008, n=22411	effect_scale_validation.R:v1
GCST90199969	GCST90199969	passed	""	source	""	0.991004874899889	estimated_from_source_maf	33770	33770	0	0	0	10613	23157	0.01	0.5	0.991004874899889	0.0083895254355334	median implied SD=0.991, dispersion=0.008, n=23157	effect_scale_validation.R:v1
GCST90199970	GCST90199970	passed	""	source	""	0.963165921306696	estimated_from_source_maf	48427	48427	0	0	0	16598	31829	0.01	0.5	0.963165921306696	0.00788466450694161	median implied SD=0.963, dispersion=0.008, n=31829	effect_scale_validation.R:v1
GCST90199971	GCST90199971	passed	""	source	""	0.93580686362316	estimated_from_source_maf	105342	105342	0	0	0	43185	62157	0.01	0.5	0.93580686362316	0.00740863797762365	median implied SD=0.936, dispersion=0.007, n=62157	effect_scale_validation.R:v1
GCST90199972	GCST90199972	passed	""	source	""	0.971833438548839	estimated_from_source_maf	8124	8124	0	0	0	43	8081	0.01	0.5	0.971833438548839	0.00846164123570647	median implied SD=0.972, dispersion=0.008, n=8081	effect_scale_validation.R:v1
GCST90199973	GCST90199973	passed	""	source	""	0.99346073030504	estimated_from_source_maf	23435	23435	0	0	0	7634	15801	0.01	0.5	0.99346073030504	0.00801898561466223	median implied SD=0.993, dispersion=0.008, n=15801	effect_scale_validation.R:v1
GCST90199974	GCST90199974	passed	""	source	""	0.929270428227358	estimated_from_source_maf	17639	17639	0	0	0	4312	13327	0.01	0.5	0.929270428227358	0.00763210741949977	median implied SD=0.929, dispersion=0.008, n=13327	effect_scale_validation.R:v1
GCST90199975	GCST90199975	passed	""	source	""	0.812185195745026	estimated_from_source_maf	17984	17984	0	0	0	5041	12943	0.01	0.5	0.812185195745026	0.00779869769179277	median implied SD=0.812, dispersion=0.008, n=12943	effect_scale_validation.R:v1
GCST90199976	GCST90199976	passed	""	source	""	0.969218599877784	estimated_from_source_maf	19430	19430	0	0	0	4406	15024	0.01	0.5	0.969218599877784	0.00756801536485317	median implied SD=0.969, dispersion=0.008, n=15024	effect_scale_validation.R:v1
GCST90199977	GCST90199977	passed	""	source	""	0.980363973411493	estimated_from_source_maf	45620	45620	0	0	0	16208	29412	0.01	0.5	0.980363973411493	0.00743825193663607	median implied SD=0.980, dispersion=0.007, n=29412	effect_scale_validation.R:v1
GCST90199978	GCST90199978	passed	""	source	""	0.927739135634624	estimated_from_source_maf	44373	44373	0	0	0	16752	27621	0.01	0.5	0.927739135634624	0.00769920918052691	median implied SD=0.928, dispersion=0.008, n=27621	effect_scale_validation.R:v1
GCST90199979	GCST90199979	passed	""	source	""	0.959339580974243	estimated_from_source_maf	17310	17310	0	0	0	4968	12342	0.01	0.5	0.959339580974243	0.00753106741812794	median implied SD=0.959, dispersion=0.008, n=12342	effect_scale_validation.R:v1
GCST90199980	GCST90199980	passed	""	source	""	0.999085240693409	estimated_from_source_maf	8141	8141	0	0	0	40	8101	0.01	0.5	0.999085240693409	0.0087598792177789	median implied SD=0.999, dispersion=0.009, n=8101	effect_scale_validation.R:v1
GCST90199981	GCST90199981	passed	""	source	""	0.992696248548171	estimated_from_source_maf	8129	8129	0	0	0	45	8084	0.01	0.5	0.992696248548171	0.00891755086692983	median implied SD=0.993, dispersion=0.009, n=8084	effect_scale_validation.R:v1
GCST90199982	GCST90199982	passed	""	source	""	0.9943931192198	estimated_from_source_maf	8125	8125	0	0	0	39	8086	0.01	0.5	0.9943931192198	0.0087072905713944	median implied SD=0.994, dispersion=0.009, n=8086	effect_scale_validation.R:v1
GCST90199983	GCST90199983	passed	""	source	""	0.709756428207468	estimated_from_source_maf	33278	33278	0	0	0	10913	22365	0.01	0.5	0.709756428207468	0.0088756999102831	median implied SD=0.710, dispersion=0.009, n=22365	effect_scale_validation.R:v1
GCST90199984	GCST90199984	passed	""	source	""	0.987860515625898	estimated_from_source_maf	69022	69022	0	0	0	25794	43228	0.01	0.5	0.987860515625898	0.00820487770881465	median implied SD=0.988, dispersion=0.008, n=43228	effect_scale_validation.R:v1
GCST90199985	GCST90199985	passed	""	source	""	0.960630495449325	estimated_from_source_maf	27490	27490	0	0	0	9271	18219	0.01	0.5	0.960630495449325	0.00795913046245373	median implied SD=0.961, dispersion=0.008, n=18219	effect_scale_validation.R:v1
GCST90199986	GCST90199986	passed	""	source	""	0.991929699546269	estimated_from_source_maf	46261	46261	0	0	0	15896	30365	0.01	0.5	0.991929699546269	0.00791051879924883	median implied SD=0.992, dispersion=0.008, n=30365	effect_scale_validation.R:v1
GCST90199987	GCST90199987	passed	""	source	""	0.98835977317606	estimated_from_source_maf	20362	20362	0	0	0	5669	14693	0.01	0.5	0.98835977317606	0.00904079090804057	median implied SD=0.988, dispersion=0.009, n=14693	effect_scale_validation.R:v1
GCST90199988	GCST90199988	passed	""	source	""	1.00005086495478	estimated_from_source_maf	18991	18991	0	0	0	4982	14009	0.01	0.5	1.00005086495478	0.00905853441021914	median implied SD=1.000, dispersion=0.009, n=14009	effect_scale_validation.R:v1
GCST90199989	GCST90199989	passed	""	source	""	0.980856862378413	estimated_from_source_maf	8128	8128	0	0	0	48	8080	0.01	0.5	0.980856862378413	0.0088416184265386	median implied SD=0.981, dispersion=0.009, n=8080	effect_scale_validation.R:v1
GCST90199990	GCST90199990	passed	""	source	""	0.985138064234957	estimated_from_source_maf	8161	8161	0	0	0	73	8088	0.01	0.5	0.985138064234957	0.00849988036972732	median implied SD=0.985, dispersion=0.008, n=8088	effect_scale_validation.R:v1
GCST90199991	GCST90199991	passed	""	source	""	0.92907339015745	estimated_from_source_maf	18913	18913	0	0	0	4496	14417	0.01	0.5	0.92907339015745	0.00841291394190903	median implied SD=0.929, dispersion=0.008, n=14417	effect_scale_validation.R:v1
GCST90199992	GCST90199992	passed	""	source	""	0.958062657368248	estimated_from_source_maf	98596	98596	0	0	0	37683	60913	0.01	0.5	0.958062657368248	0.00757053176986518	median implied SD=0.958, dispersion=0.008, n=60913	effect_scale_validation.R:v1
GCST90199993	GCST90199993	passed	""	source	""	0.968140915056077	estimated_from_source_maf	31487	31487	0	0	0	10505	20982	0.01	0.5	0.968140915056077	0.0078842411298481	median implied SD=0.968, dispersion=0.008, n=20982	effect_scale_validation.R:v1
GCST90199994	GCST90199994	passed	""	source	""	0.956384986600105	estimated_from_source_maf	19563	19563	0	0	0	4655	14908	0.01	0.5	0.956384986600105	0.00878353398994058	median implied SD=0.956, dispersion=0.009, n=14908	effect_scale_validation.R:v1
GCST90199995	GCST90199995	passed	""	source	""	0.903883505273282	estimated_from_source_maf	55132	55132	0	0	0	21155	33977	0.01	0.5	0.903883505273282	0.0072788645527306	median implied SD=0.904, dispersion=0.007, n=33977	effect_scale_validation.R:v1
GCST90199996	GCST90199996	passed	""	source	""	0.910367364133616	estimated_from_source_maf	54849	54849	0	0	0	21176	33673	0.01	0.5	0.910367364133616	0.00729587816719844	median implied SD=0.910, dispersion=0.007, n=33673	effect_scale_validation.R:v1
GCST90199997	GCST90199997	passed	""	source	""	0.962805384038077	estimated_from_source_maf	21008	21008	0	0	0	5885	15123	0.01	0.5	0.962805384038077	0.00749002489590368	median implied SD=0.963, dispersion=0.007, n=15123	effect_scale_validation.R:v1
GCST90199998	GCST90199998	passed	""	source	""	0.972033389430199	estimated_from_source_maf	8145	8145	0	0	0	47	8098	0.01	0.5	0.972033389430199	0.0085770245886895	median implied SD=0.972, dispersion=0.009, n=8098	effect_scale_validation.R:v1
GCST90199999	GCST90199999	passed	""	source	""	0.983056662430586	estimated_from_source_maf	20863	20863	0	0	0	5440	15423	0.01	0.5	0.983056662430586	0.00885694074746936	median implied SD=0.983, dispersion=0.009, n=15423	effect_scale_validation.R:v1
GCST90200000	GCST90200000	passed	""	source	""	1.00271879675205	estimated_from_source_maf	8191	8191	0	0	0	111	8080	0.01	0.5	1.00271879675205	0.00942102231549388	median implied SD=1.003, dispersion=0.009, n=8080	effect_scale_validation.R:v1
GCST90200001	GCST90200001	passed	""	source	""	0.971132164643994	estimated_from_source_maf	73578	73578	0	0	0	28620	44958	0.01	0.5	0.971132164643994	0.00708790661697365	median implied SD=0.971, dispersion=0.007, n=44958	effect_scale_validation.R:v1
GCST90200002	GCST90200002	passed	""	source	""	0.982485991070855	estimated_from_source_maf	33713	33713	0	0	0	10334	23379	0.01	0.5	0.982485991070855	0.00861257419660067	median implied SD=0.982, dispersion=0.009, n=23379	effect_scale_validation.R:v1
GCST90200003	GCST90200003	passed	""	source	""	0.952920403394514	estimated_from_source_maf	21715	21715	0	0	0	5740	15975	0.01	0.5	0.952920403394514	0.00825885663426712	median implied SD=0.953, dispersion=0.008, n=15975	effect_scale_validation.R:v1
GCST90200004	GCST90200004	passed	""	source	""	0.97164504119628	estimated_from_source_maf	17934	17934	0	0	0	4646	13288	0.01	0.5	0.97164504119628	0.00771601873962216	median implied SD=0.972, dispersion=0.008, n=13288	effect_scale_validation.R:v1
GCST90200005	GCST90200005	passed	""	source	""	0.995812191092735	estimated_from_source_maf	8117	8117	0	0	0	31	8086	0.01	0.5	0.995812191092735	0.00853008814564292	median implied SD=0.996, dispersion=0.009, n=8086	effect_scale_validation.R:v1
GCST90200006	GCST90200006	passed	""	source	""	0.989046493208425	estimated_from_source_maf	22313	22313	0	0	0	7166	15147	0.01	0.5	0.989046493208425	0.00749059885433718	median implied SD=0.989, dispersion=0.007, n=15147	effect_scale_validation.R:v1
GCST90200007	GCST90200007	passed	""	source	""	0.987509174978344	estimated_from_source_maf	18958	18958	0	0	0	4601	14357	0.01	0.5	0.987509174978344	0.00771933708914501	median implied SD=0.988, dispersion=0.008, n=14357	effect_scale_validation.R:v1
GCST90200008	GCST90200008	passed	""	source	""	0.882161174970574	estimated_from_source_maf	38325	38325	0	0	0	14349	23976	0.01	0.5	0.882161174970574	0.00741137053859872	median implied SD=0.882, dispersion=0.007, n=23976	effect_scale_validation.R:v1
GCST90200009	GCST90200009	passed	""	source	""	0.993185095910179	estimated_from_source_maf	21768	21768	0	0	0	5499	16269	0.01	0.5	0.993185095910179	0.00759779286551093	median implied SD=0.993, dispersion=0.008, n=16269	effect_scale_validation.R:v1
GCST90200010	GCST90200010	passed	""	source	""	0.913794254545636	estimated_from_source_maf	77029	77029	0	0	0	31006	46023	0.01	0.5	0.913794254545636	0.00707738786681269	median implied SD=0.914, dispersion=0.007, n=46023	effect_scale_validation.R:v1
GCST90200011	GCST90200011	passed	""	source	""	0.925129991016893	estimated_from_source_maf	21369	21369	0	0	0	6006	15363	0.01	0.5	0.925129991016893	0.0077675332327247	median implied SD=0.925, dispersion=0.008, n=15363	effect_scale_validation.R:v1
GCST90200012	GCST90200012	passed	""	source	""	0.969532084699063	estimated_from_source_maf	18042	18042	0	0	0	4626	13416	0.01	0.5	0.969532084699063	0.00785088801754981	median implied SD=0.970, dispersion=0.008, n=13416	effect_scale_validation.R:v1
GCST90200013	GCST90200013	passed	""	source	""	0.899690466488893	estimated_from_source_maf	63438	63438	0	0	0	24318	39120	0.01	0.5	0.899690466488893	0.00709455298335047	median implied SD=0.900, dispersion=0.007, n=39120	effect_scale_validation.R:v1
GCST90200014	GCST90200014	passed	""	source	""	0.99875437795335	estimated_from_source_maf	48648	48648	0	0	0	18943	29705	0.01	0.5	0.99875437795335	0.00741281440346777	median implied SD=0.999, dispersion=0.007, n=29705	effect_scale_validation.R:v1
GCST90200015	GCST90200015	passed	""	source	""	0.970213492805347	estimated_from_source_maf	95627	95627	0	0	0	42053	53574	0.01	0.5	0.970213492805347	0.00831897573186407	median implied SD=0.970, dispersion=0.008, n=53574	effect_scale_validation.R:v1
GCST90200016	GCST90200016	passed	""	source	""	0.991123549825709	estimated_from_source_maf	18898	18898	0	0	0	4628	14270	0.01	0.5	0.991123549825709	0.00819550060457704	median implied SD=0.991, dispersion=0.008, n=14270	effect_scale_validation.R:v1
GCST90200017	GCST90200017	passed	""	source	""	0.956332566263107	estimated_from_source_maf	45986	45986	0	0	0	17104	28882	0.01	0.5	0.956332566263107	0.00701696478664584	median implied SD=0.956, dispersion=0.007, n=28882	effect_scale_validation.R:v1
GCST90200018	GCST90200018	passed	""	source	""	0.955017259939559	estimated_from_source_maf	82835	82835	0	0	0	36051	46784	0.01	0.5	0.955017259939559	0.00726280524257791	median implied SD=0.955, dispersion=0.007, n=46784	effect_scale_validation.R:v1
GCST90200019	GCST90200019	passed	""	source	""	0.987974910280235	estimated_from_source_maf	44199	44199	0	0	0	16130	28069	0.01	0.5	0.987974910280235	0.00756935479360991	median implied SD=0.988, dispersion=0.008, n=28069	effect_scale_validation.R:v1
GCST90200020	GCST90200020	passed	""	source	""	0.961758120515779	estimated_from_source_maf	31609	31609	0	0	0	10247	21362	0.01	0.5	0.961758120515779	0.00755894896258333	median implied SD=0.962, dispersion=0.008, n=21362	effect_scale_validation.R:v1
GCST90200021	GCST90200021	passed	""	source	""	0.94270000727325	estimated_from_source_maf	47068	47068	0	0	0	17226	29842	0.01	0.5	0.94270000727325	0.00819706318161009	median implied SD=0.943, dispersion=0.008, n=29842	effect_scale_validation.R:v1
GCST90200022	GCST90200022	passed	""	source	""	0.979614105900169	estimated_from_source_maf	95524	95524	0	0	0	40810	54714	0.01	0.5	0.979614105900169	0.00804199514923576	median implied SD=0.980, dispersion=0.008, n=54714	effect_scale_validation.R:v1
GCST90200023	GCST90200023	passed	""	source	""	0.990955316714417	estimated_from_source_maf	17963	17963	0	0	0	4575	13388	0.01	0.5	0.990955316714417	0.00807722062482562	median implied SD=0.991, dispersion=0.008, n=13388	effect_scale_validation.R:v1
GCST90200024	GCST90200024	passed	""	source	""	1.00041079171091	estimated_from_source_maf	57892	57892	0	0	0	22297	35595	0.01	0.5	1.00041079171091	0.00821638483743113	median implied SD=1.000, dispersion=0.008, n=35595	effect_scale_validation.R:v1
GCST90200025	GCST90200025	passed	""	source	""	0.997787760187129	estimated_from_source_maf	33310	33310	0	0	0	11385	21925	0.01	0.5	0.997787760187129	0.00958550069700253	median implied SD=0.998, dispersion=0.010, n=21925	effect_scale_validation.R:v1
GCST90200026	GCST90200026	passed	""	source	""	0.995947283597132	estimated_from_source_maf	58845	58845	0	0	0	22808	36037	0.01	0.5	0.995947283597132	0.0080269769486395	median implied SD=0.996, dispersion=0.008, n=36037	effect_scale_validation.R:v1
GCST90200027	GCST90200027	passed	""	source	""	0.971877892627936	estimated_from_source_maf	49716	49716	0	0	0	20960	28756	0.01	0.5	0.971877892627936	0.00727241940495613	median implied SD=0.972, dispersion=0.007, n=28756	effect_scale_validation.R:v1
GCST90200028	GCST90200028	passed	""	source	""	0.98523439568476	estimated_from_source_maf	30517	30517	0	0	0	10514	20003	0.01	0.5	0.98523439568476	0.00827756613785731	median implied SD=0.985, dispersion=0.008, n=20003	effect_scale_validation.R:v1
GCST90200029	GCST90200029	passed	""	source	""	0.978578875783396	estimated_from_source_maf	20665	20665	0	0	0	6575	14090	0.01	0.5	0.978578875783396	0.00798571846535561	median implied SD=0.979, dispersion=0.008, n=14090	effect_scale_validation.R:v1
GCST90200030	GCST90200030	passed	""	source	""	0.972473112448329	estimated_from_source_maf	18149	18149	0	0	0	5126	13023	0.01	0.5	0.972473112448329	0.00786848273734419	median implied SD=0.972, dispersion=0.008, n=13023	effect_scale_validation.R:v1
GCST90200031	GCST90200031	passed	""	source	""	0.974330816891106	estimated_from_source_maf	61290	61290	0	0	0	23030	38260	0.01	0.5	0.974330816891106	0.00781718705240114	median implied SD=0.974, dispersion=0.008, n=38260	effect_scale_validation.R:v1
GCST90200032	GCST90200032	passed	""	source	""	0.998320039173371	estimated_from_source_maf	31421	31421	0	0	0	10291	21130	0.01	0.5	0.998320039173371	0.00766813646740075	median implied SD=0.998, dispersion=0.008, n=21130	effect_scale_validation.R:v1
GCST90200033	GCST90200033	passed	""	source	""	0.882019711439299	estimated_from_source_maf	29659	29659	0	0	0	10242	19417	0.01	0.5	0.882019711439299	0.00694897851224939	median implied SD=0.882, dispersion=0.007, n=19417	effect_scale_validation.R:v1
GCST90200034	GCST90200034	passed	""	source	""	0.913949242722531	estimated_from_source_maf	49109	49109	0	0	0	19008	30101	0.01	0.5	0.913949242722531	0.00698201342531785	median implied SD=0.914, dispersion=0.007, n=30101	effect_scale_validation.R:v1
GCST90200035	GCST90200035	passed	""	source	""	0.963029491260293	estimated_from_source_maf	54576	54576	0	0	0	21046	33530	0.01	0.5	0.963029491260293	0.00696425802252721	median implied SD=0.963, dispersion=0.007, n=33530	effect_scale_validation.R:v1
GCST90200036	GCST90200036	passed	""	source	""	0.999071334199032	estimated_from_source_maf	29397	29397	0	0	0	9123	20274	0.01	0.5	0.999071334199032	0.00854007385951844	median implied SD=0.999, dispersion=0.009, n=20274	effect_scale_validation.R:v1
GCST90200037	GCST90200037	passed	""	source	""	0.958202686724402	estimated_from_source_maf	39175	39175	0	0	0	14885	24290	0.01	0.5	0.958202686724402	0.00818629421292392	median implied SD=0.958, dispersion=0.008, n=24290	effect_scale_validation.R:v1
GCST90200038	GCST90200038	passed	""	source	""	0.986404897432213	estimated_from_source_maf	8121	8121	0	0	0	41	8080	0.01	0.5	0.986404897432213	0.00851500986542208	median implied SD=0.986, dispersion=0.009, n=8080	effect_scale_validation.R:v1
GCST90200039	GCST90200039	passed	""	source	""	0.989523668441671	estimated_from_source_maf	65679	65679	0	0	0	26788	38891	0.01	0.5	0.989523668441671	0.00763121456639811	median implied SD=0.990, dispersion=0.008, n=38891	effect_scale_validation.R:v1
GCST90200040	GCST90200040	passed	""	source	""	0.905736439967407	estimated_from_source_maf	17775	17775	0	0	0	4917	12858	0.01	0.5	0.905736439967407	0.00784284644010432	median implied SD=0.906, dispersion=0.008, n=12858	effect_scale_validation.R:v1
GCST90200041	GCST90200041	passed	""	source	""	0.994354755617188	estimated_from_source_maf	42256	42256	0	0	0	15343	26913	0.01	0.5	0.994354755617188	0.0077308805793942	median implied SD=0.994, dispersion=0.008, n=26913	effect_scale_validation.R:v1
GCST90200042	GCST90200042	passed	""	source	""	0.964840795503043	estimated_from_source_maf	8205	8205	0	0	0	125	8080	0.01	0.5	0.964840795503043	0.00849409694000469	median implied SD=0.965, dispersion=0.008, n=8080	effect_scale_validation.R:v1
GCST90200043	GCST90200043	passed	""	source	""	0.966349357774361	estimated_from_source_maf	43694	43694	0	0	0	16459	27235	0.01	0.5	0.966349357774361	0.00797230014140264	median implied SD=0.966, dispersion=0.008, n=27235	effect_scale_validation.R:v1
GCST90200044	GCST90200044	passed	""	source	""	0.994844828097666	estimated_from_source_maf	19662	19662	0	0	0	5115	14547	0.01	0.5	0.994844828097666	0.00768045541186542	median implied SD=0.995, dispersion=0.008, n=14547	effect_scale_validation.R:v1
GCST90200045	GCST90200045	passed	""	source	""	0.988593190439654	estimated_from_source_maf	69406	69406	0	0	0	28121	41285	0.01	0.5	0.988593190439654	0.0076585723075987	median implied SD=0.989, dispersion=0.008, n=41285	effect_scale_validation.R:v1
GCST90200046	GCST90200046	passed	""	source	""	0.957746267410049	estimated_from_source_maf	40730	40730	0	0	0	15915	24815	0.01	0.5	0.957746267410049	0.0074365499656997	median implied SD=0.958, dispersion=0.007, n=24815	effect_scale_validation.R:v1
GCST90200047	GCST90200047	passed	""	source	""	0.96116118555837	estimated_from_source_maf	53916	53916	0	0	0	20055	33861	0.01	0.5	0.96116118555837	0.00676805067475439	median implied SD=0.961, dispersion=0.007, n=33861	effect_scale_validation.R:v1
GCST90200048	GCST90200048	passed	""	source	""	0.98760376436129	estimated_from_source_maf	22529	22529	0	0	0	6088	16441	0.01	0.5	0.98760376436129	0.0078673639197769	median implied SD=0.988, dispersion=0.008, n=16441	effect_scale_validation.R:v1
GCST90200049	GCST90200049	passed	""	source	""	0.950824556503999	estimated_from_source_maf	20725	20725	0	0	0	5524	15201	0.01	0.5	0.950824556503999	0.00785949229235959	median implied SD=0.951, dispersion=0.008, n=15201	effect_scale_validation.R:v1
GCST90200050	GCST90200050	passed	""	source	""	0.993974955922567	estimated_from_source_maf	31666	31666	0	0	0	10881	20785	0.01	0.5	0.993974955922567	0.00881368142428792	median implied SD=0.994, dispersion=0.009, n=20785	effect_scale_validation.R:v1
GCST90200051	GCST90200051	passed	""	source	""	0.9733488296449	estimated_from_source_maf	29004	29004	0	0	0	10678	18326	0.01	0.5	0.9733488296449	0.00801728814061547	median implied SD=0.973, dispersion=0.008, n=18326	effect_scale_validation.R:v1
GCST90200052	GCST90200052	passed	""	source	""	0.98528750751267	estimated_from_source_maf	41748	41748	0	0	0	16427	25321	0.01	0.5	0.98528750751267	0.0076173106311672	median implied SD=0.985, dispersion=0.008, n=25321	effect_scale_validation.R:v1
GCST90200053	GCST90200053	passed	""	source	""	0.92806960759216	estimated_from_source_maf	36503	36503	0	0	0	12547	23956	0.01	0.5	0.92806960759216	0.00708131569068725	median implied SD=0.928, dispersion=0.007, n=23956	effect_scale_validation.R:v1
GCST90200054	GCST90200054	passed	""	source	""	0.991936098580111	estimated_from_source_maf	67341	67341	0	0	0	27292	40049	0.01	0.5	0.991936098580111	0.00756978743649375	median implied SD=0.992, dispersion=0.008, n=40049	effect_scale_validation.R:v1
GCST90200055	GCST90200055	passed	""	source	""	0.990292227967883	estimated_from_source_maf	53949	53949	0	0	0	20545	33404	0.01	0.5	0.990292227967883	0.00770278078404186	median implied SD=0.990, dispersion=0.008, n=33404	effect_scale_validation.R:v1
GCST90200056	GCST90200056	passed	""	source	""	0.986000966816925	estimated_from_source_maf	20380	20380	0	0	0	5341	15039	0.01	0.5	0.986000966816925	0.00790652875026148	median implied SD=0.986, dispersion=0.008, n=15039	effect_scale_validation.R:v1
GCST90200057	GCST90200057	passed	""	source	""	0.964301539213886	estimated_from_source_maf	49458	49458	0	0	0	19097	30361	0.01	0.5	0.964301539213886	0.00716326064601755	median implied SD=0.964, dispersion=0.007, n=30361	effect_scale_validation.R:v1
GCST90200058	GCST90200058	passed	""	source	""	0.988071192805536	estimated_from_source_maf	55872	55872	0	0	0	21914	33958	0.01	0.5	0.988071192805536	0.00746913511549541	median implied SD=0.988, dispersion=0.007, n=33958	effect_scale_validation.R:v1
GCST90200059	GCST90200059	passed	""	source	""	0.973365958572067	estimated_from_source_maf	67987	67987	0	0	0	27056	40931	0.01	0.5	0.973365958572067	0.00707901732536937	median implied SD=0.973, dispersion=0.007, n=40931	effect_scale_validation.R:v1
GCST90200060	GCST90200060	passed	""	source	""	0.980920695804433	estimated_from_source_maf	39098	39098	0	0	0	13939	25159	0.01	0.5	0.980920695804433	0.0072971912130587	median implied SD=0.981, dispersion=0.007, n=25159	effect_scale_validation.R:v1
GCST90200061	GCST90200061	passed	""	source	""	0.991799494176905	estimated_from_source_maf	22476	22476	0	0	0	6070	16406	0.01	0.5	0.991799494176905	0.00780655810311827	median implied SD=0.992, dispersion=0.008, n=16406	effect_scale_validation.R:v1
GCST90200062	GCST90200062	passed	""	source	""	0.973975431698108	estimated_from_source_maf	41947	41947	0	0	0	15362	26585	0.01	0.5	0.973975431698108	0.00788240254166955	median implied SD=0.974, dispersion=0.008, n=26585	effect_scale_validation.R:v1
GCST90200063	GCST90200063	passed	""	source	""	0.960611798817154	estimated_from_source_maf	63333	63333	0	0	0	25283	38050	0.01	0.5	0.960611798817154	0.00738074296934169	median implied SD=0.961, dispersion=0.007, n=38050	effect_scale_validation.R:v1
GCST90200064	GCST90200064	passed	""	source	""	0.986887518558031	estimated_from_source_maf	20078	20078	0	0	0	5070	15008	0.01	0.5	0.986887518558031	0.00767272055713774	median implied SD=0.987, dispersion=0.008, n=15008	effect_scale_validation.R:v1
GCST90200065	GCST90200065	passed	""	source	""	0.966387113372667	estimated_from_source_maf	48571	48571	0	0	0	17890	30681	0.01	0.5	0.966387113372667	0.00770697623579521	median implied SD=0.966, dispersion=0.008, n=30681	effect_scale_validation.R:v1
GCST90200066	GCST90200066	passed	""	source	""	0.982880283527172	estimated_from_source_maf	8139	8139	0	0	0	64	8075	0.01	0.5	0.982880283527172	0.00845416424279506	median implied SD=0.983, dispersion=0.008, n=8075	effect_scale_validation.R:v1
GCST90200067	GCST90200067	passed	""	source	""	0.950209479774041	estimated_from_source_maf	69728	69728	0	0	0	26707	43021	0.01	0.5	0.950209479774041	0.00812219133462392	median implied SD=0.950, dispersion=0.008, n=43021	effect_scale_validation.R:v1
GCST90200068	GCST90200068	passed	""	source	""	0.991266960743977	estimated_from_source_maf	38815	38815	0	0	0	14672	24143	0.01	0.5	0.991266960743977	0.00853706918689781	median implied SD=0.991, dispersion=0.009, n=24143	effect_scale_validation.R:v1
GCST90200069	GCST90200069	passed	""	source	""	0.947377671874669	estimated_from_source_maf	23041	23041	0	0	0	6833	16208	0.01	0.5	0.947377671874669	0.00812011191454823	median implied SD=0.947, dispersion=0.008, n=16208	effect_scale_validation.R:v1
GCST90200070	GCST90200070	passed	""	source	""	0.95275828558951	estimated_from_source_maf	75108	75108	0	0	0	30713	44395	0.01	0.5	0.95275828558951	0.0072769046363981	median implied SD=0.953, dispersion=0.007, n=44395	effect_scale_validation.R:v1
GCST90200071	GCST90200071	passed	""	source	""	0.989468171975305	estimated_from_source_maf	8148	8148	0	0	0	70	8078	0.01	0.5	0.989468171975305	0.0085079191949102	median implied SD=0.989, dispersion=0.009, n=8078	effect_scale_validation.R:v1
GCST90200072	GCST90200072	passed	""	source	""	0.988103921601221	estimated_from_source_maf	31049	31049	0	0	0	10781	20268	0.01	0.5	0.988103921601221	0.00728020676704403	median implied SD=0.988, dispersion=0.007, n=20268	effect_scale_validation.R:v1
GCST90200073	GCST90200073	passed	""	source	""	0.965218155839	estimated_from_source_maf	82456	82456	0	0	0	34895	47561	0.01	0.5	0.965218155839	0.00755870177836665	median implied SD=0.965, dispersion=0.008, n=47561	effect_scale_validation.R:v1
GCST90200074	GCST90200074	passed	""	source	""	0.993091488286699	estimated_from_source_maf	24044	24044	0	0	0	6297	17747	0.01	0.5	0.993091488286699	0.00801257231298773	median implied SD=0.993, dispersion=0.008, n=17747	effect_scale_validation.R:v1
GCST90200075	GCST90200075	passed	""	source	""	0.991135388092783	estimated_from_source_maf	32389	32389	0	0	0	11078	21311	0.01	0.5	0.991135388092783	0.00748007665373287	median implied SD=0.991, dispersion=0.007, n=21311	effect_scale_validation.R:v1
GCST90200076	GCST90200076	passed	""	source	""	0.986059633060308	estimated_from_source_maf	43484	43484	0	0	0	15972	27512	0.01	0.5	0.986059633060308	0.00734349076676475	median implied SD=0.986, dispersion=0.007, n=27512	effect_scale_validation.R:v1
GCST90200077	GCST90200077	passed	""	source	""	0.973027913738034	estimated_from_source_maf	82748	82748	0	0	0	32165	50583	0.01	0.5	0.973027913738034	0.00778545455707739	median implied SD=0.973, dispersion=0.008, n=50583	effect_scale_validation.R:v1
GCST90200078	GCST90200078	passed	""	source	""	0.964453277823591	estimated_from_source_maf	60213	60213	0	0	0	23561	36652	0.01	0.5	0.964453277823591	0.00770470130458115	median implied SD=0.964, dispersion=0.008, n=36652	effect_scale_validation.R:v1
GCST90200079	GCST90200079	passed	""	source	""	0.993202031781449	estimated_from_source_maf	69091	69091	0	0	0	27126	41965	0.01	0.5	0.993202031781449	0.00730497758624144	median implied SD=0.993, dispersion=0.007, n=41965	effect_scale_validation.R:v1
GCST90200080	GCST90200080	passed	""	source	""	0.982294419812639	estimated_from_source_maf	55026	55026	0	0	0	20547	34479	0.01	0.5	0.982294419812639	0.00807552906763508	median implied SD=0.982, dispersion=0.008, n=34479	effect_scale_validation.R:v1
GCST90200081	GCST90200081	passed	""	source	""	0.952861683329062	estimated_from_source_maf	65364	65364	0	0	0	26538	38826	0.01	0.5	0.952861683329062	0.00724290189819523	median implied SD=0.953, dispersion=0.007, n=38826	effect_scale_validation.R:v1
GCST90200082	GCST90200082	passed	""	source	""	0.992239792356855	estimated_from_source_maf	44501	44501	0	0	0	17324	27177	0.01	0.5	0.992239792356855	0.00768648369690743	median implied SD=0.992, dispersion=0.008, n=27177	effect_scale_validation.R:v1
GCST90200083	GCST90200083	passed	""	source	""	0.992139206315485	estimated_from_source_maf	76925	76925	0	0	0	31364	45561	0.01	0.5	0.992139206315485	0.00729554349418211	median implied SD=0.992, dispersion=0.007, n=45561	effect_scale_validation.R:v1
GCST90200084	GCST90200084	passed	""	source	""	0.989627219760493	estimated_from_source_maf	8133	8133	0	0	0	60	8073	0.01	0.5	0.989627219760493	0.00848420539043591	median implied SD=0.990, dispersion=0.008, n=8073	effect_scale_validation.R:v1
GCST90200085	GCST90200085	passed	""	source	""	0.996672336846386	estimated_from_source_maf	60617	60617	0	0	0	23108	37509	0.01	0.5	0.996672336846386	0.00783237747219431	median implied SD=0.997, dispersion=0.008, n=37509	effect_scale_validation.R:v1
GCST90200086	GCST90200086	passed	""	source	""	0.986305955157233	estimated_from_source_maf	24750	24750	0	0	0	8928	15822	0.01	0.5	0.986305955157233	0.00790173062802633	median implied SD=0.986, dispersion=0.008, n=15822	effect_scale_validation.R:v1
GCST90200087	GCST90200087	passed	""	source	""	0.986562996250098	estimated_from_source_maf	8157	8157	0	0	0	84	8073	0.01	0.5	0.986562996250098	0.00858286804584318	median implied SD=0.987, dispersion=0.009, n=8073	effect_scale_validation.R:v1
GCST90200088	GCST90200088	passed	""	source	""	0.931516021970189	estimated_from_source_maf	32649	32649	0	0	0	10933	21716	0.01	0.5	0.931516021970189	0.00783675098269072	median implied SD=0.932, dispersion=0.008, n=21716	effect_scale_validation.R:v1
GCST90200089	GCST90200089	passed	""	source	""	0.975014389812274	estimated_from_source_maf	66978	66978	0	0	0	26885	40093	0.01	0.5	0.975014389812274	0.00745003958171224	median implied SD=0.975, dispersion=0.007, n=40093	effect_scale_validation.R:v1
GCST90200090	GCST90200090	passed	""	source	""	0.989111370386835	estimated_from_source_maf	27038	27038	0	0	0	9704	17334	0.01	0.5	0.989111370386835	0.00807939297539806	median implied SD=0.989, dispersion=0.008, n=17334	effect_scale_validation.R:v1
GCST90200091	GCST90200091	passed	""	source	""	0.984226002554942	estimated_from_source_maf	8117	8117	0	0	0	45	8072	0.01	0.5	0.984226002554942	0.00878056134750487	median implied SD=0.984, dispersion=0.009, n=8072	effect_scale_validation.R:v1
GCST90200092	GCST90200092	passed	""	source	""	1.00124069377056	estimated_from_source_maf	8124	8124	0	0	0	48	8076	0.01	0.5	1.00124069377056	0.010088838514906	median implied SD=1.001, dispersion=0.010, n=8076	effect_scale_validation.R:v1
GCST90200093	GCST90200093	passed	""	source	""	0.994195482275578	estimated_from_source_maf	31202	31202	0	0	0	9838	21364	0.01	0.5	0.994195482275578	0.00745696653223069	median implied SD=0.994, dispersion=0.007, n=21364	effect_scale_validation.R:v1
GCST90200094	GCST90200094	passed	""	source	""	0.963927176479466	estimated_from_source_maf	37927	37927	0	0	0	15563	22364	0.01	0.5	0.963927176479466	0.00754844602985552	median implied SD=0.964, dispersion=0.008, n=22364	effect_scale_validation.R:v1
GCST90200095	GCST90200095	passed	""	source	""	0.969614725619322	estimated_from_source_maf	18070	18070	0	0	0	5090	12980	0.01	0.5	0.969614725619322	0.00787550880623804	median implied SD=0.970, dispersion=0.008, n=12980	effect_scale_validation.R:v1
GCST90200096	GCST90200096	passed	""	source	""	0.996710432150596	estimated_from_source_maf	8144	8144	0	0	0	71	8073	0.01	0.5	0.996710432150596	0.00986147734624506	median implied SD=0.997, dispersion=0.010, n=8073	effect_scale_validation.R:v1
GCST90200097	GCST90200097	passed	""	source	""	0.993236944540225	estimated_from_source_maf	18551	18551	0	0	0	5665	12886	0.01	0.5	0.993236944540225	0.00946569261055706	median implied SD=0.993, dispersion=0.009, n=12886	effect_scale_validation.R:v1
GCST90200098	GCST90200098	passed	""	source	""	0.980256619083138	estimated_from_source_maf	77540	77540	0	0	0	31756	45784	0.01	0.5	0.980256619083138	0.00758293209784407	median implied SD=0.980, dispersion=0.008, n=45784	effect_scale_validation.R:v1
GCST90200099	GCST90200099	passed	""	source	""	0.973750894309808	estimated_from_source_maf	31992	31992	0	0	0	10929	21063	0.01	0.5	0.973750894309808	0.00727989774814433	median implied SD=0.974, dispersion=0.007, n=21063	effect_scale_validation.R:v1
GCST90200100	GCST90200100	passed	""	source	""	0.912228033889894	estimated_from_source_maf	34822	34822	0	0	0	11854	22968	0.01	0.5	0.912228033889894	0.00732681137813221	median implied SD=0.912, dispersion=0.007, n=22968	effect_scale_validation.R:v1
GCST90200101	GCST90200101	passed	""	source	""	0.96935765144043	estimated_from_source_maf	65651	65651	0	0	0	27221	38430	0.01	0.5	0.96935765144043	0.00736105509700781	median implied SD=0.969, dispersion=0.007, n=38430	effect_scale_validation.R:v1
GCST90200102	GCST90200102	passed	""	source	""	0.928695052008066	estimated_from_source_maf	38689	38689	0	0	0	14719	23970	0.01	0.5	0.928695052008066	0.00749131326937508	median implied SD=0.929, dispersion=0.007, n=23970	effect_scale_validation.R:v1
GCST90200103	GCST90200103	passed	""	source	""	0.996394988736475	estimated_from_source_maf	55056	55056	0	0	0	21589	33467	0.01	0.5	0.996394988736475	0.00739614187720225	median implied SD=0.996, dispersion=0.007, n=33467	effect_scale_validation.R:v1
GCST90200104	GCST90200104	passed	""	source	""	0.931272187979896	estimated_from_source_maf	8138	8138	0	0	0	68	8070	0.01	0.5	0.931272187979896	0.00848306462031765	median implied SD=0.931, dispersion=0.008, n=8070	effect_scale_validation.R:v1
GCST90200105	GCST90200105	passed	""	source	""	0.97616317539283	estimated_from_source_maf	54988	54988	0	0	0	20858	34130	0.01	0.5	0.97616317539283	0.00743553460115112	median implied SD=0.976, dispersion=0.007, n=34130	effect_scale_validation.R:v1
GCST90200106	GCST90200106	passed	""	source	""	0.939148066801753	estimated_from_source_maf	28628	28628	0	0	0	10553	18075	0.01	0.5	0.939148066801753	0.00748910191396643	median implied SD=0.939, dispersion=0.007, n=18075	effect_scale_validation.R:v1
GCST90200107	GCST90200107	passed	""	source	""	0.997638138486546	estimated_from_source_maf	29091	29091	0	0	0	10688	18403	0.01	0.5	0.997638138486546	0.00754612765786788	median implied SD=0.998, dispersion=0.008, n=18403	effect_scale_validation.R:v1
GCST90200108	GCST90200108	passed	""	source	""	0.978737603785941	estimated_from_source_maf	8129	8129	0	0	0	56	8073	0.01	0.5	0.978737603785941	0.00861820904139523	median implied SD=0.979, dispersion=0.009, n=8073	effect_scale_validation.R:v1
GCST90200109	GCST90200109	passed	""	source	""	0.993482528381385	estimated_from_source_maf	56038	56038	0	0	0	21904	34134	0.01	0.5	0.993482528381385	0.00745560911855142	median implied SD=0.993, dispersion=0.007, n=34134	effect_scale_validation.R:v1
GCST90200110	GCST90200110	passed	""	source	""	0.932845896743132	estimated_from_source_maf	27717	27717	0	0	0	9687	18030	0.01	0.5	0.932845896743132	0.00707192428982281	median implied SD=0.933, dispersion=0.007, n=18030	effect_scale_validation.R:v1
GCST90200111	GCST90200111	passed	""	source	""	0.971686372262282	estimated_from_source_maf	33277	33277	0	0	0	10961	22316	0.01	0.5	0.971686372262282	0.00796363556943413	median implied SD=0.972, dispersion=0.008, n=22316	effect_scale_validation.R:v1
GCST90200112	GCST90200112	passed	""	source	""	0.963293183978878	estimated_from_source_maf	8114	8114	0	0	0	46	8068	0.01	0.5	0.963293183978878	0.00864122787554608	median implied SD=0.963, dispersion=0.009, n=8068	effect_scale_validation.R:v1
GCST90200113	GCST90200113	passed	""	source	""	0.987418236067098	estimated_from_source_maf	8136	8136	0	0	0	54	8082	0.01	0.5	0.987418236067098	0.00884638892707924	median implied SD=0.987, dispersion=0.009, n=8082	effect_scale_validation.R:v1
GCST90200114	GCST90200114	passed	""	source	""	0.973692284059013	estimated_from_source_maf	42535	42535	0	0	0	15495	27040	0.01	0.5	0.973692284059013	0.00773821907437678	median implied SD=0.974, dispersion=0.008, n=27040	effect_scale_validation.R:v1
GCST90200115	GCST90200115	passed	""	source	""	0.973543407566028	estimated_from_source_maf	34030	34030	0	0	0	11416	22614	0.01	0.5	0.973543407566028	0.00755123019556395	median implied SD=0.974, dispersion=0.008, n=22614	effect_scale_validation.R:v1
GCST90200116	GCST90200116	passed	""	source	""	0.993489853805739	estimated_from_source_maf	33591	33591	0	0	0	11103	22488	0.01	0.5	0.993489853805739	0.0077556743547325	median implied SD=0.993, dispersion=0.008, n=22488	effect_scale_validation.R:v1
GCST90200117	GCST90200117	passed	""	source	""	0.928631336994239	estimated_from_source_maf	65691	65691	0	0	0	26496	39195	0.01	0.5	0.928631336994239	0.00725932069961584	median implied SD=0.929, dispersion=0.007, n=39195	effect_scale_validation.R:v1
GCST90200118	GCST90200118	passed	""	source	""	0.958430313952424	estimated_from_source_maf	41812	41812	0	0	0	16031	25781	0.01	0.5	0.958430313952424	0.00758105884426461	median implied SD=0.958, dispersion=0.008, n=25781	effect_scale_validation.R:v1
GCST90200119	GCST90200119	passed	""	source	""	0.986840748803309	estimated_from_source_maf	64947	64947	0	0	0	24850	40097	0.01	0.5	0.986840748803309	0.00851306598682393	median implied SD=0.987, dispersion=0.009, n=40097	effect_scale_validation.R:v1
GCST90200120	GCST90200120	passed	""	source	""	0.994323536938368	estimated_from_source_maf	18532	18532	0	0	0	4053	14479	0.01	0.5	0.994323536938368	0.0102289949896842	median implied SD=0.994, dispersion=0.010, n=14479	effect_scale_validation.R:v1
GCST90200121	GCST90200121	passed	""	source	""	0.986668418025604	estimated_from_source_maf	19665	19665	0	0	0	5157	14508	0.01	0.5	0.986668418025604	0.00775820183769923	median implied SD=0.987, dispersion=0.008, n=14508	effect_scale_validation.R:v1
GCST90200122	GCST90200122	passed	""	source	""	0.981738360377165	estimated_from_source_maf	31163	31163	0	0	0	11048	20115	0.01	0.5	0.981738360377165	0.00930262664214863	median implied SD=0.982, dispersion=0.009, n=20115	effect_scale_validation.R:v1
GCST90200123	GCST90200123	passed	""	source	""	0.976696018256889	estimated_from_source_maf	91603	91603	0	0	0	37211	54392	0.01	0.5	0.976696018256889	0.00715237169827962	median implied SD=0.977, dispersion=0.007, n=54392	effect_scale_validation.R:v1
GCST90200124	GCST90200124	passed	""	source	""	0.899206452109918	estimated_from_source_maf	8132	8132	0	0	0	50	8082	0.01	0.5	0.899206452109918	0.0085179259746255	median implied SD=0.899, dispersion=0.009, n=8082	effect_scale_validation.R:v1
GCST90200125	GCST90200125	passed	""	source	""	0.866714714025452	estimated_from_source_maf	45435	45435	0	0	0	16812	28623	0.01	0.5	0.866714714025452	0.00659108017096866	median implied SD=0.867, dispersion=0.007, n=28623	effect_scale_validation.R:v1
GCST90200126	GCST90200126	passed	""	source	""	0.862939744182927	estimated_from_source_maf	34715	34715	0	0	0	11235	23480	0.01	0.5	0.862939744182927	0.00729529073466629	median implied SD=0.863, dispersion=0.007, n=23480	effect_scale_validation.R:v1
GCST90200127	GCST90200127	passed	""	source	""	1.00054441559217	estimated_from_source_maf	68001	68001	0	0	0	26255	41746	0.01	0.5	1.00054441559217	0.00718726267454436	median implied SD=1.001, dispersion=0.007, n=41746	effect_scale_validation.R:v1
GCST90200128	GCST90200128	passed	""	source	""	0.920072031975365	estimated_from_source_maf	8118	8118	0	0	0	50	8068	0.01	0.5	0.920072031975365	0.00853873182139416	median implied SD=0.920, dispersion=0.009, n=8068	effect_scale_validation.R:v1
GCST90200129	GCST90200129	passed	""	source	""	0.823343099797901	estimated_from_source_maf	83172	83172	0	0	0	32582	50590	0.01	0.5	0.823343099797901	0.0072390609222366	median implied SD=0.823, dispersion=0.007, n=50590	effect_scale_validation.R:v1
GCST90200130	GCST90200130	passed	""	source	""	0.987959661210175	estimated_from_source_maf	8122	8122	0	0	0	49	8073	0.01	0.5	0.987959661210175	0.00846175193425159	median implied SD=0.988, dispersion=0.008, n=8073	effect_scale_validation.R:v1
GCST90200131	GCST90200131	passed	""	source	""	0.927958246742851	estimated_from_source_maf	58805	58805	0	0	0	21598	37207	0.01	0.5	0.927958246742851	0.00726830066120168	median implied SD=0.928, dispersion=0.007, n=37207	effect_scale_validation.R:v1
GCST90200132	GCST90200132	passed	""	source	""	0.967529957903865	estimated_from_source_maf	54927	54927	0	0	0	21015	33912	0.01	0.5	0.967529957903865	0.00718090111110647	median implied SD=0.968, dispersion=0.007, n=33912	effect_scale_validation.R:v1
GCST90200133	GCST90200133	passed	""	source	""	0.985442244644573	estimated_from_source_maf	22256	22256	0	0	0	5572	16684	0.01	0.5	0.985442244644573	0.0084480344549733	median implied SD=0.985, dispersion=0.008, n=16684	effect_scale_validation.R:v1
GCST90200134	GCST90200134	passed	""	source	""	0.982370434024906	estimated_from_source_maf	43703	43703	0	0	0	15152	28551	0.01	0.5	0.982370434024906	0.00763849405002056	median implied SD=0.982, dispersion=0.008, n=28551	effect_scale_validation.R:v1
GCST90200135	GCST90200135	passed	""	source	""	0.979026149997736	estimated_from_source_maf	51851	51851	0	0	0	20694	31157	0.01	0.5	0.979026149997736	0.00721318124632479	median implied SD=0.979, dispersion=0.007, n=31157	effect_scale_validation.R:v1
GCST90200136	GCST90200136	passed	""	source	""	0.969370148509832	estimated_from_source_maf	102935	102935	0	0	0	45251	57684	0.01	0.5	0.969370148509832	0.00712323219703766	median implied SD=0.969, dispersion=0.007, n=57684	effect_scale_validation.R:v1
GCST90200137	GCST90200137	passed	""	source	""	0.995492599724748	estimated_from_source_maf	85190	85190	0	0	0	36620	48570	0.01	0.5	0.995492599724748	0.00718612775717704	median implied SD=0.995, dispersion=0.007, n=48570	effect_scale_validation.R:v1
GCST90200138	GCST90200138	passed	""	source	""	0.99102990725048	estimated_from_source_maf	17689	17689	0	0	0	4806	12883	0.01	0.5	0.99102990725048	0.00896578243796026	median implied SD=0.991, dispersion=0.009, n=12883	effect_scale_validation.R:v1
GCST90200139	GCST90200139	passed	""	source	""	0.968299761520779	estimated_from_source_maf	129460	129460	0	0	0	57992	71468	0.01	0.5	0.968299761520779	0.00738596684379044	median implied SD=0.968, dispersion=0.007, n=71468	effect_scale_validation.R:v1
GCST90200140	GCST90200140	passed	""	source	""	0.983286764531167	estimated_from_source_maf	60393	60393	0	0	0	23763	36630	0.01	0.5	0.983286764531167	0.00745237298726271	median implied SD=0.983, dispersion=0.007, n=36630	effect_scale_validation.R:v1
GCST90200141	GCST90200141	passed	""	source	""	0.989164284342233	estimated_from_source_maf	8133	8133	0	0	0	51	8082	0.01	0.5	0.989164284342233	0.00921280441641482	median implied SD=0.989, dispersion=0.009, n=8082	effect_scale_validation.R:v1
GCST90200142	GCST90200142	passed	""	source	""	0.983109829438071	estimated_from_source_maf	57963	57963	0	0	0	23218	34745	0.01	0.5	0.983109829438071	0.00772140172841357	median implied SD=0.983, dispersion=0.008, n=34745	effect_scale_validation.R:v1
GCST90200143	GCST90200143	passed	""	source	""	0.982100900565685	estimated_from_source_maf	64790	64790	0	0	0	27259	37531	0.01	0.5	0.982100900565685	0.0073952946150145	median implied SD=0.982, dispersion=0.007, n=37531	effect_scale_validation.R:v1
GCST90200144	GCST90200144	passed	""	source	""	0.96621840609208	estimated_from_source_maf	56374	56374	0	0	0	22147	34227	0.01	0.5	0.96621840609208	0.00738126481396344	median implied SD=0.966, dispersion=0.007, n=34227	effect_scale_validation.R:v1
GCST90200145	GCST90200145	passed	""	source	""	0.981803471341707	estimated_from_source_maf	67668	67668	0	0	0	26884	40784	0.01	0.5	0.981803471341707	0.00703233168232401	median implied SD=0.982, dispersion=0.007, n=40784	effect_scale_validation.R:v1
GCST90200146	GCST90200146	passed	""	source	""	0.971281919410972	estimated_from_source_maf	53504	53504	0	0	0	20508	32996	0.01	0.5	0.971281919410972	0.00789019961239578	median implied SD=0.971, dispersion=0.008, n=32996	effect_scale_validation.R:v1
GCST90200147	GCST90200147	passed	""	source	""	0.965843501620093	estimated_from_source_maf	81116	81116	0	0	0	35466	45650	0.01	0.5	0.965843501620093	0.00747493688001958	median implied SD=0.966, dispersion=0.007, n=45650	effect_scale_validation.R:v1
GCST90200148	GCST90200148	passed	""	source	""	0.96306961092757	estimated_from_source_maf	51281	51281	0	0	0	19436	31845	0.01	0.5	0.96306961092757	0.00691119447747324	median implied SD=0.963, dispersion=0.007, n=31845	effect_scale_validation.R:v1
GCST90200149	GCST90200149	passed	""	source	""	0.978034031331274	estimated_from_source_maf	82177	82177	0	0	0	35900	46277	0.01	0.5	0.978034031331274	0.00719324318742862	median implied SD=0.978, dispersion=0.007, n=46277	effect_scale_validation.R:v1
GCST90200150	GCST90200150	passed	""	source	""	0.951147754629253	estimated_from_source_maf	128972	128972	0	0	0	58572	70400	0.01	0.5	0.951147754629253	0.00735649447862303	median implied SD=0.951, dispersion=0.007, n=70400	effect_scale_validation.R:v1
GCST90200151	GCST90200151	passed	""	source	""	0.951150101335082	estimated_from_source_maf	29155	29155	0	0	0	9134	20021	0.01	0.5	0.951150101335082	0.00741179618584842	median implied SD=0.951, dispersion=0.007, n=20021	effect_scale_validation.R:v1
GCST90200152	GCST90200152	passed	""	source	""	0.953569681369582	estimated_from_source_maf	43358	43358	0	0	0	16691	26667	0.01	0.5	0.953569681369582	0.00834164326739128	median implied SD=0.954, dispersion=0.008, n=26667	effect_scale_validation.R:v1
GCST90200153	GCST90200153	passed	""	source	""	0.9479138222715	estimated_from_source_maf	68237	68237	0	0	0	27557	40680	0.01	0.5	0.9479138222715	0.00750409356958525	median implied SD=0.948, dispersion=0.008, n=40680	effect_scale_validation.R:v1
GCST90200154	GCST90200154	passed	""	source	""	0.985978344027095	estimated_from_source_maf	34476	34476	0	0	0	11112	23364	0.01	0.5	0.985978344027095	0.00814703078312586	median implied SD=0.986, dispersion=0.008, n=23364	effect_scale_validation.R:v1
GCST90200155	GCST90200155	passed	""	source	""	0.996708968852323	estimated_from_source_maf	8108	8108	0	0	0	35	8073	0.01	0.5	0.996708968852323	0.00905869894009407	median implied SD=0.997, dispersion=0.009, n=8073	effect_scale_validation.R:v1
GCST90200156	GCST90200156	passed	""	source	""	0.945552180565012	estimated_from_source_maf	38605	38605	0	0	0	12433	26172	0.01	0.5	0.945552180565012	0.00757900162370548	median implied SD=0.946, dispersion=0.008, n=26172	effect_scale_validation.R:v1
GCST90200157	GCST90200157	passed	""	source	""	0.986574220889215	estimated_from_source_maf	41025	41025	0	0	0	13334	27691	0.01	0.5	0.986574220889215	0.0081874063911162	median implied SD=0.987, dispersion=0.008, n=27691	effect_scale_validation.R:v1
GCST90200158	GCST90200158	passed	""	source	""	0.955392469642147	estimated_from_source_maf	27865	27865	0	0	0	10206	17659	0.01	0.5	0.955392469642147	0.00761766013997421	median implied SD=0.955, dispersion=0.008, n=17659	effect_scale_validation.R:v1
GCST90200159	GCST90200159	passed	""	source	""	0.959055633567209	estimated_from_source_maf	45891	45891	0	0	0	17744	28147	0.01	0.5	0.959055633567209	0.00691621259600571	median implied SD=0.959, dispersion=0.007, n=28147	effect_scale_validation.R:v1
GCST90200160	GCST90200160	passed	""	source	""	0.945215259999704	estimated_from_source_maf	30785	30785	0	0	0	11445	19340	0.01	0.5	0.945215259999704	0.00841216163637255	median implied SD=0.945, dispersion=0.008, n=19340	effect_scale_validation.R:v1
GCST90200161	GCST90200161	passed	""	source	""	0.999805619139	estimated_from_source_maf	8140	8140	0	0	0	61	8079	0.01	0.5	0.999805619139	0.00862802469996961	median implied SD=1.000, dispersion=0.009, n=8079	effect_scale_validation.R:v1
GCST90200162	GCST90200162	passed	""	source	""	0.977645602463653	estimated_from_source_maf	8128	8128	0	0	0	63	8065	0.01	0.5	0.977645602463653	0.00957644513758741	median implied SD=0.978, dispersion=0.010, n=8065	effect_scale_validation.R:v1
GCST90200163	GCST90200163	passed	""	source	""	0.965855855756238	estimated_from_source_maf	8127	8127	0	0	0	55	8072	0.01	0.5	0.965855855756238	0.00850497417513046	median implied SD=0.966, dispersion=0.009, n=8072	effect_scale_validation.R:v1
GCST90200164	GCST90200164	passed	""	source	""	0.978936448972945	estimated_from_source_maf	25985	25985	0	0	0	7230	18755	0.01	0.5	0.978936448972945	0.00810104088155237	median implied SD=0.979, dispersion=0.008, n=18755	effect_scale_validation.R:v1
GCST90200165	GCST90200165	passed	""	source	""	0.9729542270601	estimated_from_source_maf	37821	37821	0	0	0	11729	26092	0.01	0.5	0.9729542270601	0.00795160626959203	median implied SD=0.973, dispersion=0.008, n=26092	effect_scale_validation.R:v1
GCST90200166	GCST90200166	passed	""	source	""	1.00337085948539	estimated_from_source_maf	8163	8163	0	0	0	77	8086	0.01	0.5	1.00337085948539	0.0097340830929814	median implied SD=1.003, dispersion=0.010, n=8086	effect_scale_validation.R:v1
GCST90200167	GCST90200167	passed	""	source	""	0.94844345907302	estimated_from_source_maf	21321	21321	0	0	0	5647	15674	0.01	0.5	0.94844345907302	0.00824902415559929	median implied SD=0.948, dispersion=0.008, n=15674	effect_scale_validation.R:v1
GCST90200168	GCST90200168	passed	""	source	""	0.854506935820916	estimated_from_source_maf	19917	19917	0	0	0	5185	14732	0.01	0.5	0.854506935820916	0.00846496265519605	median implied SD=0.855, dispersion=0.008, n=14732	effect_scale_validation.R:v1
GCST90200169	GCST90200169	passed	""	source	""	0.903705707795441	estimated_from_source_maf	33691	33691	0	0	0	11318	22373	0.01	0.5	0.903705707795441	0.00714614661972769	median implied SD=0.904, dispersion=0.007, n=22373	effect_scale_validation.R:v1
GCST90200170	GCST90200170	passed	""	source	""	0.982551446821303	estimated_from_source_maf	51912	51912	0	0	0	17645	34267	0.01	0.5	0.982551446821303	0.00765958800929798	median implied SD=0.983, dispersion=0.008, n=34267	effect_scale_validation.R:v1
GCST90200171	GCST90200171	passed	""	source	""	0.963320244277068	estimated_from_source_maf	16120	16120	0	0	0	4382	11738	0.01	0.5	0.963320244277068	0.00779722812166511	median implied SD=0.963, dispersion=0.008, n=11738	effect_scale_validation.R:v1
GCST90200172	GCST90200172	passed	""	source	""	0.98372089908257	estimated_from_source_maf	57952	57952	0	0	0	22598	35354	0.01	0.5	0.98372089908257	0.00708258872571928	median implied SD=0.984, dispersion=0.007, n=35354	effect_scale_validation.R:v1
GCST90200173	GCST90200173	passed	""	source	""	0.952737956865334	estimated_from_source_maf	21323	21323	0	0	0	5667	15656	0.01	0.5	0.952737956865334	0.0080835481404446	median implied SD=0.953, dispersion=0.008, n=15656	effect_scale_validation.R:v1
GCST90200174	GCST90200174	passed	""	source	""	0.928680179467386	estimated_from_source_maf	56684	56684	0	0	0	22469	34215	0.01	0.5	0.928680179467386	0.00764210242674778	median implied SD=0.929, dispersion=0.008, n=34215	effect_scale_validation.R:v1
GCST90200175	GCST90200175	passed	""	source	""	0.990794296350362	estimated_from_source_maf	58027	58027	0	0	0	23764	34263	0.01	0.5	0.990794296350362	0.00676662621554106	median implied SD=0.991, dispersion=0.007, n=34263	effect_scale_validation.R:v1
GCST90200176	GCST90200176	passed	""	source	""	0.960089834767035	estimated_from_source_maf	21312	21312	0	0	0	5649	15663	0.01	0.5	0.960089834767035	0.00817392656280995	median implied SD=0.960, dispersion=0.008, n=15663	effect_scale_validation.R:v1
GCST90200177	GCST90200177	passed	""	source	""	0.992849169542541	estimated_from_source_maf	8111	8111	0	0	0	40	8071	0.01	0.5	0.992849169542541	0.0087954965621976	median implied SD=0.993, dispersion=0.009, n=8071	effect_scale_validation.R:v1
GCST90200178	GCST90200178	passed	""	source	""	0.99477397696715	estimated_from_source_maf	31324	31324	0	0	0	9958	21366	0.01	0.5	0.99477397696715	0.00830963683875848	median implied SD=0.995, dispersion=0.008, n=21366	effect_scale_validation.R:v1
GCST90200179	GCST90200179	passed	""	source	""	0.996523482953057	estimated_from_source_maf	27826	27826	0	0	0	8607	19219	0.01	0.5	0.996523482953057	0.00826904916804039	median implied SD=0.997, dispersion=0.008, n=19219	effect_scale_validation.R:v1
GCST90200180	GCST90200180	passed	""	source	""	0.986509720422647	estimated_from_source_maf	17973	17973	0	0	0	3846	14127	0.01	0.5	0.986509720422647	0.00869215134038489	median implied SD=0.987, dispersion=0.009, n=14127	effect_scale_validation.R:v1
GCST90200181	GCST90200181	passed	""	source	""	0.865068354144565	estimated_from_source_maf	31682	31682	0	0	0	11120	20562	0.01	0.5	0.865068354144565	0.00737829233367164	median implied SD=0.865, dispersion=0.007, n=20562	effect_scale_validation.R:v1
GCST90200182	GCST90200182	passed	""	source	""	0.986823894253057	estimated_from_source_maf	59503	59503	0	0	0	24929	34574	0.01	0.5	0.986823894253057	0.00804818102049417	median implied SD=0.987, dispersion=0.008, n=34574	effect_scale_validation.R:v1
GCST90200183	GCST90200183	passed	""	source	""	0.965106014931182	estimated_from_source_maf	55289	55289	0	0	0	21991	33298	0.01	0.5	0.965106014931182	0.00748823919524124	median implied SD=0.965, dispersion=0.007, n=33298	effect_scale_validation.R:v1
GCST90200184	GCST90200184	passed	""	source	""	0.936366404326519	estimated_from_source_maf	86244	86244	0	0	0	35844	50400	0.01	0.5	0.936366404326519	0.00781870828319522	median implied SD=0.936, dispersion=0.008, n=50400	effect_scale_validation.R:v1
GCST90200185	GCST90200185	passed	""	source	""	0.999486894039211	estimated_from_source_maf	93368	93368	0	0	0	38839	54529	0.01	0.5	0.999486894039211	0.00789654082283231	median implied SD=0.999, dispersion=0.008, n=54529	effect_scale_validation.R:v1
GCST90200186	GCST90200186	passed	""	source	""	0.992298884845082	estimated_from_source_maf	34749	34749	0	0	0	11556	23193	0.01	0.5	0.992298884845082	0.008212193758579	median implied SD=0.992, dispersion=0.008, n=23193	effect_scale_validation.R:v1
GCST90200187	GCST90200187	passed	""	source	""	0.948850598601598	estimated_from_source_maf	31165	31165	0	0	0	11774	19391	0.01	0.5	0.948850598601598	0.00703951988344429	median implied SD=0.949, dispersion=0.007, n=19391	effect_scale_validation.R:v1
GCST90200188	GCST90200188	passed	""	source	""	0.94800338849756	estimated_from_source_maf	42204	42204	0	0	0	16797	25407	0.01	0.5	0.94800338849756	0.00756319144133674	median implied SD=0.948, dispersion=0.008, n=25407	effect_scale_validation.R:v1
GCST90200189	GCST90200189	passed	""	source	""	0.995738671771532	estimated_from_source_maf	20524	20524	0	0	0	5788	14736	0.01	0.5	0.995738671771532	0.00868540429693364	median implied SD=0.996, dispersion=0.009, n=14736	effect_scale_validation.R:v1
GCST90200190	GCST90200190	passed	""	source	""	0.96566830869006	estimated_from_source_maf	71543	71543	0	0	0	31300	40243	0.01	0.5	0.96566830869006	0.00731058337745423	median implied SD=0.966, dispersion=0.007, n=40243	effect_scale_validation.R:v1
GCST90200191	GCST90200191	passed	""	source	""	0.965163104914599	estimated_from_source_maf	8141	8141	0	0	0	68	8073	0.01	0.5	0.965163104914599	0.00901882422285644	median implied SD=0.965, dispersion=0.009, n=8073	effect_scale_validation.R:v1
GCST90200192	GCST90200192	passed	""	source	""	0.996622057803622	estimated_from_source_maf	78019	78019	0	0	0	31961	46058	0.01	0.5	0.996622057803622	0.00739146617919886	median implied SD=0.997, dispersion=0.007, n=46058	effect_scale_validation.R:v1
GCST90200193	GCST90200193	passed	""	source	""	0.992532218858325	estimated_from_source_maf	23467	23467	0	0	0	7690	15777	0.01	0.5	0.992532218858325	0.00807190210055451	median implied SD=0.993, dispersion=0.008, n=15777	effect_scale_validation.R:v1
GCST90200194	GCST90200194	passed	""	source	""	0.954497004272081	estimated_from_source_maf	22353	22353	0	0	0	5614	16739	0.01	0.5	0.954497004272081	0.00854011272462547	median implied SD=0.954, dispersion=0.009, n=16739	effect_scale_validation.R:v1
GCST90200195	GCST90200195	passed	""	source	""	0.967861059152556	estimated_from_source_maf	69765	69765	0	0	0	27683	42082	0.01	0.5	0.967861059152556	0.00751945784920799	median implied SD=0.968, dispersion=0.008, n=42082	effect_scale_validation.R:v1
GCST90200196	GCST90200196	passed	""	source	""	1.00537319715606	estimated_from_source_maf	33040	33040	0	0	0	10543	22497	0.01	0.5	1.00537319715606	0.00831879283432045	median implied SD=1.005, dispersion=0.008, n=22497	effect_scale_validation.R:v1
GCST90200197	GCST90200197	passed	""	source	""	0.965151945780483	estimated_from_source_maf	8136	8136	0	0	0	67	8069	0.01	0.5	0.965151945780483	0.00862919196608299	median implied SD=0.965, dispersion=0.009, n=8069	effect_scale_validation.R:v1
GCST90200198	GCST90200198	passed	""	source	""	0.973104989845999	estimated_from_source_maf	58975	58975	0	0	0	22565	36410	0.01	0.5	0.973104989845999	0.00729685594782429	median implied SD=0.973, dispersion=0.007, n=36410	effect_scale_validation.R:v1
GCST90200199	GCST90200199	passed	""	source	""	0.961403700091058	estimated_from_source_maf	26246	26246	0	0	0	9587	16659	0.01	0.5	0.961403700091058	0.00774100665135081	median implied SD=0.961, dispersion=0.008, n=16659	effect_scale_validation.R:v1
GCST90200200	GCST90200200	passed	""	source	""	0.962484314992565	estimated_from_source_maf	22517	22517	0	0	0	6046	16471	0.01	0.5	0.962484314992565	0.0088661482287972	median implied SD=0.962, dispersion=0.009, n=16471	effect_scale_validation.R:v1
GCST90200201	GCST90200201	passed	""	source	""	0.996681202904187	estimated_from_source_maf	62184	62184	0	0	0	25307	36877	0.01	0.5	0.996681202904187	0.00790147628299449	median implied SD=0.997, dispersion=0.008, n=36877	effect_scale_validation.R:v1
GCST90200202	GCST90200202	passed	""	source	""	0.995402669941609	estimated_from_source_maf	31404	31404	0	0	0	9152	22252	0.01	0.5	0.995402669941609	0.00791749073258968	median implied SD=0.995, dispersion=0.008, n=22252	effect_scale_validation.R:v1
GCST90200203	GCST90200203	passed	""	source	""	0.976868598561187	estimated_from_source_maf	41370	41370	0	0	0	16619	24751	0.01	0.5	0.976868598561187	0.00740050063151141	median implied SD=0.977, dispersion=0.007, n=24751	effect_scale_validation.R:v1
GCST90200204	GCST90200204	passed	""	source	""	0.96221539571093	estimated_from_source_maf	8116	8116	0	0	0	49	8067	0.01	0.5	0.96221539571093	0.00861568695988328	median implied SD=0.962, dispersion=0.009, n=8067	effect_scale_validation.R:v1
GCST90200205	GCST90200205	passed	""	source	""	0.984107080173697	estimated_from_source_maf	46175	46175	0	0	0	18508	27667	0.01	0.5	0.984107080173697	0.00812867747929183	median implied SD=0.984, dispersion=0.008, n=27667	effect_scale_validation.R:v1
GCST90200206	GCST90200206	passed	""	source	""	0.98187827991136	estimated_from_source_maf	18821	18821	0	0	0	4264	14557	0.01	0.5	0.98187827991136	0.00825635433991516	median implied SD=0.982, dispersion=0.008, n=14557	effect_scale_validation.R:v1
GCST90200207	GCST90200207	passed	""	source	""	0.999923839084398	estimated_from_source_maf	56163	56163	0	0	0	21871	34292	0.01	0.5	0.999923839084398	0.0094877906239495	median implied SD=1.000, dispersion=0.009, n=34292	effect_scale_validation.R:v1
GCST90200208	GCST90200208	passed	""	source	""	0.990852464002073	estimated_from_source_maf	21568	21568	0	0	0	6327	15241	0.01	0.5	0.990852464002073	0.00853041702242249	median implied SD=0.991, dispersion=0.009, n=15241	effect_scale_validation.R:v1
GCST90200209	GCST90200209	passed	""	source	""	0.987532591501247	estimated_from_source_maf	15004	15004	0	0	0	3112	11892	0.01	0.5	0.987532591501247	0.00767359533065746	median implied SD=0.988, dispersion=0.008, n=11892	effect_scale_validation.R:v1
GCST90200210	GCST90200210	passed	""	source	""	0.988213147820382	estimated_from_source_maf	8147	8147	0	0	0	61	8086	0.01	0.5	0.988213147820382	0.00854528521846823	median implied SD=0.988, dispersion=0.009, n=8086	effect_scale_validation.R:v1
GCST90200211	GCST90200211	passed	""	source	""	0.997674301733995	estimated_from_source_maf	19160	19160	0	0	0	5256	13904	0.01	0.5	0.997674301733995	0.0083230759194376	median implied SD=0.998, dispersion=0.008, n=13904	effect_scale_validation.R:v1
GCST90200212	GCST90200212	passed	""	source	""	0.996517929466578	estimated_from_source_maf	20538	20538	0	0	0	5782	14756	0.01	0.5	0.996517929466578	0.00866585601821219	median implied SD=0.997, dispersion=0.009, n=14756	effect_scale_validation.R:v1
GCST90200213	GCST90200213	passed	""	source	""	0.987165031250166	estimated_from_source_maf	20930	20930	0	0	0	5561	15369	0.01	0.5	0.987165031250166	0.0074535005498541	median implied SD=0.987, dispersion=0.007, n=15369	effect_scale_validation.R:v1
GCST90200214	GCST90200214	passed	""	source	""	0.93660465319106	estimated_from_source_maf	75765	75765	0	0	0	29970	45795	0.01	0.5	0.93660465319106	0.0075351012814908	median implied SD=0.937, dispersion=0.008, n=45795	effect_scale_validation.R:v1
GCST90200215	GCST90200215	passed	""	source	""	0.99006572027635	estimated_from_source_maf	8133	8133	0	0	0	50	8083	0.01	0.5	0.99006572027635	0.00852807054617308	median implied SD=0.990, dispersion=0.009, n=8083	effect_scale_validation.R:v1
GCST90200216	GCST90200216	passed	""	source	""	0.984634263762986	estimated_from_source_maf	18787	18787	0	0	0	4245	14542	0.01	0.5	0.984634263762986	0.00816194974801959	median implied SD=0.985, dispersion=0.008, n=14542	effect_scale_validation.R:v1
GCST90200217	GCST90200217	passed	""	source	""	0.99585500334841	estimated_from_source_maf	8156	8156	0	0	0	80	8076	0.01	0.5	0.99585500334841	0.00952767200767675	median implied SD=0.996, dispersion=0.010, n=8076	effect_scale_validation.R:v1
GCST90200218	GCST90200218	passed	""	source	""	0.983850146261803	estimated_from_source_maf	19563	19563	0	0	0	5713	13850	0.01	0.5	0.983850146261803	0.00757567458859381	median implied SD=0.984, dispersion=0.008, n=13850	effect_scale_validation.R:v1
GCST90200219	GCST90200219	passed	""	source	""	0.987763686361291	estimated_from_source_maf	32956	32956	0	0	0	10708	22248	0.01	0.5	0.987763686361291	0.0101214962275023	median implied SD=0.988, dispersion=0.010, n=22248	effect_scale_validation.R:v1
GCST90200220	GCST90200220	passed	""	source	""	0.99685407178342	estimated_from_source_maf	8105	8105	0	0	0	29	8076	0.01	0.5	0.99685407178342	0.00856163879822608	median implied SD=0.997, dispersion=0.009, n=8076	effect_scale_validation.R:v1
GCST90200221	GCST90200221	passed	""	source	""	0.99394308814826	estimated_from_source_maf	44974	44974	0	0	0	15685	29289	0.01	0.5	0.99394308814826	0.0077369704525756	median implied SD=0.994, dispersion=0.008, n=29289	effect_scale_validation.R:v1
GCST90200222	GCST90200222	passed	""	source	""	1.00051890811926	estimated_from_source_maf	18194	18194	0	0	0	4421	13773	0.01	0.5	1.00051890811926	0.00873348695213516	median implied SD=1.001, dispersion=0.009, n=13773	effect_scale_validation.R:v1
GCST90200223	GCST90200223	passed	""	source	""	0.977935413133553	estimated_from_source_maf	36160	36160	0	0	0	12385	23775	0.01	0.5	0.977935413133553	0.00866779859682031	median implied SD=0.978, dispersion=0.009, n=23775	effect_scale_validation.R:v1
GCST90200224	GCST90200224	passed	""	source	""	1.0026701303586	estimated_from_source_maf	55471	55471	0	0	0	21880	33591	0.01	0.5	1.0026701303586	0.00743050369752443	median implied SD=1.003, dispersion=0.007, n=33591	effect_scale_validation.R:v1
GCST90200225	GCST90200225	passed	""	source	""	0.99639608540788	estimated_from_source_maf	29198	29198	0	0	0	10441	18757	0.01	0.5	0.99639608540788	0.00824660976067977	median implied SD=0.996, dispersion=0.008, n=18757	effect_scale_validation.R:v1
GCST90200226	GCST90200226	passed	""	source	""	0.993698463132755	estimated_from_source_maf	16763	16763	0	0	0	4602	12161	0.01	0.5	0.993698463132755	0.00831119612607855	median implied SD=0.994, dispersion=0.008, n=12161	effect_scale_validation.R:v1
GCST90200227	GCST90200227	passed	""	source	""	0.988860380488477	estimated_from_source_maf	20487	20487	0	0	0	5790	14697	0.01	0.5	0.988860380488477	0.009892441716113	median implied SD=0.989, dispersion=0.010, n=14697	effect_scale_validation.R:v1
GCST90200228	GCST90200228	passed	""	source	""	0.951854527691457	estimated_from_source_maf	42974	42974	0	0	0	15591	27383	0.01	0.5	0.951854527691457	0.00735243171283461	median implied SD=0.952, dispersion=0.007, n=27383	effect_scale_validation.R:v1
GCST90200229	GCST90200229	passed	""	source	""	0.968942876248593	estimated_from_source_maf	32669	32669	0	0	0	11171	21498	0.01	0.5	0.968942876248593	0.00762511834346132	median implied SD=0.969, dispersion=0.008, n=21498	effect_scale_validation.R:v1
GCST90200230	GCST90200230	passed	""	source	""	0.996280264986375	estimated_from_source_maf	8149	8149	0	0	0	76	8073	0.01	0.5	0.996280264986375	0.00885835015314276	median implied SD=0.996, dispersion=0.009, n=8073	effect_scale_validation.R:v1
GCST90200231	GCST90200231	passed	""	source	""	0.986898931881523	estimated_from_source_maf	43188	43188	0	0	0	15129	28059	0.01	0.5	0.986898931881523	0.00798685691601692	median implied SD=0.987, dispersion=0.008, n=28059	effect_scale_validation.R:v1
GCST90200232	GCST90200232	passed	""	source	""	0.99741062616015	estimated_from_source_maf	8121	8121	0	0	0	50	8071	0.01	0.5	0.99741062616015	0.00865390315622596	median implied SD=0.997, dispersion=0.009, n=8071	effect_scale_validation.R:v1
GCST90200233	GCST90200233	passed	""	source	""	0.894116221451183	estimated_from_source_maf	21646	21646	0	0	0	5846	15800	0.01	0.5	0.894116221451183	0.00798733181891604	median implied SD=0.894, dispersion=0.008, n=15800	effect_scale_validation.R:v1
GCST90200234	GCST90200234	passed	""	source	""	0.958524365601954	estimated_from_source_maf	38851	38851	0	0	0	14707	24144	0.01	0.5	0.958524365601954	0.00733827867980767	median implied SD=0.959, dispersion=0.007, n=24144	effect_scale_validation.R:v1
GCST90200235	GCST90200235	passed	""	source	""	0.974808852065736	estimated_from_source_maf	54297	54297	0	0	0	20565	33732	0.01	0.5	0.974808852065736	0.00781559794478274	median implied SD=0.975, dispersion=0.008, n=33732	effect_scale_validation.R:v1
GCST90200236	GCST90200236	passed	""	source	""	0.977983567491775	estimated_from_source_maf	71867	71867	0	0	0	30986	40881	0.01	0.5	0.977983567491775	0.00727802282184303	median implied SD=0.978, dispersion=0.007, n=40881	effect_scale_validation.R:v1
GCST90200237	GCST90200237	passed	""	source	""	0.979464755763559	estimated_from_source_maf	28278	28278	0	0	0	9550	18728	0.01	0.5	0.979464755763559	0.00776169112632838	median implied SD=0.979, dispersion=0.008, n=18728	effect_scale_validation.R:v1
GCST90200238	GCST90200238	passed	""	source	""	0.906001842585268	estimated_from_source_maf	77792	77792	0	0	0	30626	47166	0.01	0.5	0.906001842585268	0.00768402283592711	median implied SD=0.906, dispersion=0.008, n=47166	effect_scale_validation.R:v1
GCST90200239	GCST90200239	passed	""	source	""	0.964350197938674	estimated_from_source_maf	61856	61856	0	0	0	23781	38075	0.01	0.5	0.964350197938674	0.0074320713068028	median implied SD=0.964, dispersion=0.007, n=38075	effect_scale_validation.R:v1
GCST90200240	GCST90200240	passed	""	source	""	0.94972932242255	estimated_from_source_maf	8163	8163	0	0	0	84	8079	0.01	0.5	0.94972932242255	0.00851991607454608	median implied SD=0.950, dispersion=0.009, n=8079	effect_scale_validation.R:v1
GCST90200241	GCST90200241	passed	""	source	""	0.831059101168606	estimated_from_source_maf	98303	98303	0	0	0	39000	59303	0.01	0.5	0.831059101168606	0.00802953182737754	median implied SD=0.831, dispersion=0.008, n=59303	effect_scale_validation.R:v1
GCST90200242	GCST90200242	passed	""	source	""	0.994486937276284	estimated_from_source_maf	76144	76144	0	0	0	31267	44877	0.01	0.5	0.994486937276284	0.00810930917891296	median implied SD=0.994, dispersion=0.008, n=44877	effect_scale_validation.R:v1
GCST90200243	GCST90200243	passed	""	source	""	0.96944055947098	estimated_from_source_maf	38009	38009	0	0	0	14330	23679	0.01	0.5	0.96944055947098	0.00730314651300463	median implied SD=0.969, dispersion=0.007, n=23679	effect_scale_validation.R:v1
GCST90200244	GCST90200244	passed	""	source	""	0.970156805367374	estimated_from_source_maf	8126	8126	0	0	0	41	8085	0.01	0.5	0.970156805367374	0.00996007784633128	median implied SD=0.970, dispersion=0.010, n=8085	effect_scale_validation.R:v1
GCST90200245	GCST90200245	passed	""	source	""	0.966363646187935	estimated_from_source_maf	23762	23762	0	0	0	6210	17552	0.01	0.5	0.966363646187935	0.00812125314856137	median implied SD=0.966, dispersion=0.008, n=17552	effect_scale_validation.R:v1
GCST90200246	GCST90200246	passed	""	source	""	0.966099994872648	estimated_from_source_maf	23455	23455	0	0	0	7694	15761	0.01	0.5	0.966099994872648	0.00828742907960902	median implied SD=0.966, dispersion=0.008, n=15761	effect_scale_validation.R:v1
GCST90200247	GCST90200247	passed	""	source	""	0.996558201842261	estimated_from_source_maf	55288	55288	0	0	0	20977	34311	0.01	0.5	0.996558201842261	0.0079291127598983	median implied SD=0.997, dispersion=0.008, n=34311	effect_scale_validation.R:v1
GCST90200248	GCST90200248	passed	""	source	""	0.99078437623616	estimated_from_source_maf	20184	20184	0	0	0	5266	14918	0.01	0.5	0.99078437623616	0.00799209469664335	median implied SD=0.991, dispersion=0.008, n=14918	effect_scale_validation.R:v1
GCST90200249	GCST90200249	passed	""	source	""	0.955712485875654	estimated_from_source_maf	22668	22668	0	0	0	6935	15733	0.01	0.5	0.955712485875654	0.00758590849783677	median implied SD=0.956, dispersion=0.008, n=15733	effect_scale_validation.R:v1
GCST90200250	GCST90200250	passed	""	source	""	0.995763898656941	estimated_from_source_maf	48571	48571	0	0	0	17512	31059	0.01	0.5	0.995763898656941	0.00794018896213978	median implied SD=0.996, dispersion=0.008, n=31059	effect_scale_validation.R:v1
GCST90200251	GCST90200251	passed	""	source	""	0.964664643954458	estimated_from_source_maf	8119	8119	0	0	0	49	8070	0.01	0.5	0.964664643954458	0.00848728872252785	median implied SD=0.965, dispersion=0.008, n=8070	effect_scale_validation.R:v1
GCST90200252	GCST90200252	passed	""	source	""	0.974669617288233	estimated_from_source_maf	21441	21441	0	0	0	5516	15925	0.01	0.5	0.974669617288233	0.00749442491692133	median implied SD=0.975, dispersion=0.007, n=15925	effect_scale_validation.R:v1
GCST90200253	GCST90200253	passed	""	source	""	0.994591337568272	estimated_from_source_maf	86427	86427	0	0	0	33485	52942	0.01	0.5	0.994591337568272	0.00732112184968358	median implied SD=0.995, dispersion=0.007, n=52942	effect_scale_validation.R:v1
GCST90200254	GCST90200254	passed	""	source	""	0.911488467047299	estimated_from_source_maf	47809	47809	0	0	0	18954	28855	0.01	0.5	0.911488467047299	0.00716762085359534	median implied SD=0.911, dispersion=0.007, n=28855	effect_scale_validation.R:v1
GCST90200255	GCST90200255	passed	""	source	""	0.971023692265541	estimated_from_source_maf	20960	20960	0	0	0	5300	15660	0.01	0.5	0.971023692265541	0.00762959636923152	median implied SD=0.971, dispersion=0.008, n=15660	effect_scale_validation.R:v1
GCST90200256	GCST90200256	passed	""	source	""	1.00120876582445	estimated_from_source_maf	770681	770681	0	0	0	337771	432910	0.01	0.5	1.00120876582445	0.0075359263899347	median implied SD=1.001, dispersion=0.008, n=432910	effect_scale_validation.R:v1
GCST90200257	GCST90200257	passed	""	source	""	0.982768289376069	estimated_from_source_maf	88647	88647	0	0	0	35143	53504	0.01	0.5	0.982768289376069	0.007517067485452	median implied SD=0.983, dispersion=0.008, n=53504	effect_scale_validation.R:v1
GCST90200258	GCST90200258	passed	""	source	""	0.969579301594813	estimated_from_source_maf	45562	45562	0	0	0	16463	29099	0.01	0.5	0.969579301594813	0.00735108526625707	median implied SD=0.970, dispersion=0.007, n=29099	effect_scale_validation.R:v1
GCST90200259	GCST90200259	passed	""	source	""	0.977797958876885	estimated_from_source_maf	32351	32351	0	0	0	10405	21946	0.01	0.5	0.977797958876885	0.00804878891668079	median implied SD=0.978, dispersion=0.008, n=21946	effect_scale_validation.R:v1
GCST90200260	GCST90200260	passed	""	source	""	0.995711520905915	estimated_from_source_maf	18045	18045	0	0	0	4864	13181	0.01	0.5	0.995711520905915	0.00910326355462449	median implied SD=0.996, dispersion=0.009, n=13181	effect_scale_validation.R:v1
GCST90200261	GCST90200261	passed	""	source	""	1.00048355145041	estimated_from_source_maf	19401	19401	0	0	0	4734	14667	0.01	0.5	1.00048355145041	0.00762779028770578	median implied SD=1.000, dispersion=0.008, n=14667	effect_scale_validation.R:v1
GCST90200262	GCST90200262	passed	""	source	""	0.98898931367961	estimated_from_source_maf	43866	43866	0	0	0	15413	28453	0.01	0.5	0.98898931367961	0.00849536429082716	median implied SD=0.989, dispersion=0.008, n=28453	effect_scale_validation.R:v1
GCST90200263	GCST90200263	passed	""	source	""	0.964206223255558	estimated_from_source_maf	48926	48926	0	0	0	17991	30935	0.01	0.5	0.964206223255558	0.00766758052360385	median implied SD=0.964, dispersion=0.008, n=30935	effect_scale_validation.R:v1
GCST90200264	GCST90200264	passed	""	source	""	0.975423171692969	estimated_from_source_maf	24193	24193	0	0	0	6831	17362	0.01	0.5	0.975423171692969	0.00830484645431768	median implied SD=0.975, dispersion=0.008, n=17362	effect_scale_validation.R:v1
GCST90200265	GCST90200265	passed	""	source	""	0.975445823401701	estimated_from_source_maf	24366	24366	0	0	0	6891	17475	0.01	0.5	0.975445823401701	0.00834744682164821	median implied SD=0.975, dispersion=0.008, n=17475	effect_scale_validation.R:v1
GCST90200266	GCST90200266	passed	""	source	""	0.979356184138297	estimated_from_source_maf	45207	45207	0	0	0	17650	27557	0.01	0.5	0.979356184138297	0.00732834549368532	median implied SD=0.979, dispersion=0.007, n=27557	effect_scale_validation.R:v1
GCST90200267	GCST90200267	passed	""	source	""	0.884464747072225	estimated_from_source_maf	52527	52527	0	0	0	20560	31967	0.01	0.5	0.884464747072225	0.00824018934844971	median implied SD=0.884, dispersion=0.008, n=31967	effect_scale_validation.R:v1
GCST90200268	GCST90200268	passed	""	source	""	0.997434338100931	estimated_from_source_maf	35018	35018	0	0	0	13106	21912	0.01	0.5	0.997434338100931	0.00758029312492579	median implied SD=0.997, dispersion=0.008, n=21912	effect_scale_validation.R:v1
GCST90200269	GCST90200269	passed	""	source	""	0.976640880649996	estimated_from_source_maf	23754	23754	0	0	0	6616	17138	0.01	0.5	0.976640880649996	0.00833477092864586	median implied SD=0.977, dispersion=0.008, n=17138	effect_scale_validation.R:v1
GCST90200270	GCST90200270	passed	""	source	""	0.980148202244284	estimated_from_source_maf	36610	36610	0	0	0	11864	24746	0.01	0.5	0.980148202244284	0.00790125247250568	median implied SD=0.980, dispersion=0.008, n=24746	effect_scale_validation.R:v1
GCST90200271	GCST90200271	passed	""	source	""	0.970030537435618	estimated_from_source_maf	36880	36880	0	0	0	11836	25044	0.01	0.5	0.970030537435618	0.0079801290744261	median implied SD=0.970, dispersion=0.008, n=25044	effect_scale_validation.R:v1
GCST90200272	GCST90200272	passed	""	source	""	0.969307862252888	estimated_from_source_maf	28476	28476	0	0	0	9438	19038	0.01	0.5	0.969307862252888	0.00789399272168382	median implied SD=0.969, dispersion=0.008, n=19038	effect_scale_validation.R:v1
GCST90200273	GCST90200273	passed	""	source	""	0.989143971679052	estimated_from_source_maf	8113	8113	0	0	0	43	8070	0.01	0.5	0.989143971679052	0.00931821113108987	median implied SD=0.989, dispersion=0.009, n=8070	effect_scale_validation.R:v1
GCST90200274	GCST90200274	passed	""	source	""	0.979410836764449	estimated_from_source_maf	54455	54455	0	0	0	22434	32021	0.01	0.5	0.979410836764449	0.00747869079144624	median implied SD=0.979, dispersion=0.007, n=32021	effect_scale_validation.R:v1
GCST90200275	GCST90200275	passed	""	source	""	0.974847642442578	estimated_from_source_maf	24382	24382	0	0	0	6891	17491	0.01	0.5	0.974847642442578	0.00833486870920469	median implied SD=0.975, dispersion=0.008, n=17491	effect_scale_validation.R:v1
GCST90200276	GCST90200276	passed	""	source	""	0.988203813313411	estimated_from_source_maf	8135	8135	0	0	0	56	8079	0.01	0.5	0.988203813313411	0.0085036472261263	median implied SD=0.988, dispersion=0.009, n=8079	effect_scale_validation.R:v1
GCST90200277	GCST90200277	passed	""	source	""	0.974375499736892	estimated_from_source_maf	24367	24367	0	0	0	6885	17482	0.01	0.5	0.974375499736892	0.00852610399580047	median implied SD=0.974, dispersion=0.009, n=17482	effect_scale_validation.R:v1
GCST90200278	GCST90200278	passed	""	source	""	0.970923593828257	estimated_from_source_maf	28492	28492	0	0	0	9455	19037	0.01	0.5	0.970923593828257	0.00788033522229126	median implied SD=0.971, dispersion=0.008, n=19037	effect_scale_validation.R:v1
GCST90200279	GCST90200279	passed	""	source	""	0.97577239174863	estimated_from_source_maf	52960	52960	0	0	0	19699	33261	0.01	0.5	0.97577239174863	0.00725204453604435	median implied SD=0.976, dispersion=0.007, n=33261	effect_scale_validation.R:v1
GCST90200280	GCST90200280	passed	""	source	""	0.995665806126093	estimated_from_source_maf	53252	53252	0	0	0	22307	30945	0.01	0.5	0.995665806126093	0.00660323905448708	median implied SD=0.996, dispersion=0.007, n=30945	effect_scale_validation.R:v1
GCST90200281	GCST90200281	passed	""	source	""	0.986960114785167	estimated_from_source_maf	38856	38856	0	0	0	13259	25597	0.01	0.5	0.986960114785167	0.00794232119086356	median implied SD=0.987, dispersion=0.008, n=25597	effect_scale_validation.R:v1
GCST90200282	GCST90200282	passed	""	source	""	0.984552167331212	estimated_from_source_maf	40504	40504	0	0	0	15251	25253	0.01	0.5	0.984552167331212	0.0078235991701784	median implied SD=0.985, dispersion=0.008, n=25253	effect_scale_validation.R:v1
GCST90200283	GCST90200283	passed	""	source	""	0.94201606626986	estimated_from_source_maf	24647	24647	0	0	0	8011	16636	0.01	0.5	0.94201606626986	0.00845949504966065	median implied SD=0.942, dispersion=0.008, n=16636	effect_scale_validation.R:v1
GCST90200284	GCST90200284	passed	""	source	""	0.986620543535025	estimated_from_source_maf	21143	21143	0	0	0	4749	16394	0.01	0.5	0.986620543535025	0.00724054508161024	median implied SD=0.987, dispersion=0.007, n=16394	effect_scale_validation.R:v1
GCST90200285	GCST90200285	passed	""	source	""	0.997277148728638	estimated_from_source_maf	8136	8136	0	0	0	61	8075	0.01	0.5	0.997277148728638	0.00850617054106975	median implied SD=0.997, dispersion=0.009, n=8075	effect_scale_validation.R:v1
GCST90200286	GCST90200286	passed	""	source	""	0.976160478861179	estimated_from_source_maf	8122	8122	0	0	0	47	8075	0.01	0.5	0.976160478861179	0.008522562889544	median implied SD=0.976, dispersion=0.009, n=8075	effect_scale_validation.R:v1
GCST90200287	GCST90200287	passed	""	source	""	0.949072319002343	estimated_from_source_maf	43237	43237	0	0	0	15938	27299	0.01	0.5	0.949072319002343	0.00685360992493125	median implied SD=0.949, dispersion=0.007, n=27299	effect_scale_validation.R:v1
GCST90200288	GCST90200288	passed	""	source	""	0.98273792415942	estimated_from_source_maf	41154	41154	0	0	0	16694	24460	0.01	0.5	0.98273792415942	0.00734391002826012	median implied SD=0.983, dispersion=0.007, n=24460	effect_scale_validation.R:v1
GCST90200289	GCST90200289	passed	""	source	""	0.972141048004953	estimated_from_source_maf	22545	22545	0	0	0	7831	14714	0.01	0.5	0.972141048004953	0.00679678161150168	median implied SD=0.972, dispersion=0.007, n=14714	effect_scale_validation.R:v1
GCST90200290	GCST90200290	passed	""	source	""	0.990897545965585	estimated_from_source_maf	27095	27095	0	0	0	9230	17865	0.01	0.5	0.990897545965585	0.00744020642416694	median implied SD=0.991, dispersion=0.007, n=17865	effect_scale_validation.R:v1
GCST90200291	GCST90200291	passed	""	source	""	0.993847562837456	estimated_from_source_maf	8137	8137	0	0	0	62	8075	0.01	0.5	0.993847562837456	0.00856026349746197	median implied SD=0.994, dispersion=0.009, n=8075	effect_scale_validation.R:v1
GCST90200292	GCST90200292	passed	""	source	""	0.981244665772305	estimated_from_source_maf	41439	41439	0	0	0	14842	26597	0.01	0.5	0.981244665772305	0.0081899248938047	median implied SD=0.981, dispersion=0.008, n=26597	effect_scale_validation.R:v1
GCST90200293	GCST90200293	passed	""	source	""	0.975156574864465	estimated_from_source_maf	42199	42199	0	0	0	14867	27332	0.01	0.5	0.975156574864465	0.00758197452732221	median implied SD=0.975, dispersion=0.008, n=27332	effect_scale_validation.R:v1
GCST90200294	GCST90200294	passed	""	source	""	0.998776408558902	estimated_from_source_maf	59581	59581	0	0	0	22956	36625	0.01	0.5	0.998776408558902	0.00829416781318808	median implied SD=0.999, dispersion=0.008, n=36625	effect_scale_validation.R:v1
GCST90200295	GCST90200295	passed	""	source	""	0.989506506553619	estimated_from_source_maf	45240	45240	0	0	0	18606	26634	0.01	0.5	0.989506506553619	0.0069657768764661	median implied SD=0.990, dispersion=0.007, n=26634	effect_scale_validation.R:v1
GCST90200296	GCST90200296	passed	""	source	""	0.971677900977286	estimated_from_source_maf	31806	31806	0	0	0	10128	21678	0.01	0.5	0.971677900977286	0.00854501172460271	median implied SD=0.972, dispersion=0.009, n=21678	effect_scale_validation.R:v1
GCST90200297	GCST90200297	passed	""	source	""	0.999555406712806	estimated_from_source_maf	19211	19211	0	0	0	4996	14215	0.01	0.5	0.999555406712806	0.00864814192243196	median implied SD=1.000, dispersion=0.009, n=14215	effect_scale_validation.R:v1
GCST90200298	GCST90200298	passed	""	source	""	0.923496250192189	estimated_from_source_maf	20899	20899	0	0	0	5624	15275	0.01	0.5	0.923496250192189	0.00817665570922488	median implied SD=0.923, dispersion=0.008, n=15275	effect_scale_validation.R:v1
GCST90200299	GCST90200299	passed	""	source	""	0.976228985508319	estimated_from_source_maf	23485	23485	0	0	0	8145	15340	0.01	0.5	0.976228985508319	0.00772851102561528	median implied SD=0.976, dispersion=0.008, n=15340	effect_scale_validation.R:v1
GCST90200300	GCST90200300	passed	""	source	""	0.994023566576569	estimated_from_source_maf	28642	28642	0	0	0	10344	18298	0.01	0.5	0.994023566576569	0.00724078601961984	median implied SD=0.994, dispersion=0.007, n=18298	effect_scale_validation.R:v1
GCST90200301	GCST90200301	passed	""	source	""	0.996106286664514	estimated_from_source_maf	38162	38162	0	0	0	15395	22767	0.01	0.5	0.996106286664514	0.00791921850257552	median implied SD=0.996, dispersion=0.008, n=22767	effect_scale_validation.R:v1
GCST90200302	GCST90200302	passed	""	source	""	0.982613247963474	estimated_from_source_maf	41207	41207	0	0	0	15214	25993	0.01	0.5	0.982613247963474	0.00844477336869144	median implied SD=0.983, dispersion=0.008, n=25993	effect_scale_validation.R:v1
GCST90200303	GCST90200303	passed	""	source	""	0.931271260559146	estimated_from_source_maf	34667	34667	0	0	0	12634	22033	0.01	0.5	0.931271260559146	0.00702680898512747	median implied SD=0.931, dispersion=0.007, n=22033	effect_scale_validation.R:v1
GCST90200304	GCST90200304	passed	""	source	""	0.967093521718293	estimated_from_source_maf	41155	41155	0	0	0	15201	25954	0.01	0.5	0.967093521718293	0.008029830469871	median implied SD=0.967, dispersion=0.008, n=25954	effect_scale_validation.R:v1
GCST90200305	GCST90200305	passed	""	source	""	1.00071497506968	estimated_from_source_maf	30811	30811	0	0	0	9493	21318	0.01	0.5	1.00071497506968	0.00761568134434739	median implied SD=1.001, dispersion=0.008, n=21318	effect_scale_validation.R:v1
GCST90200306	GCST90200306	passed	""	source	""	0.988423030174168	estimated_from_source_maf	19794	19794	0	0	0	5329	14465	0.01	0.5	0.988423030174168	0.00782933386641151	median implied SD=0.988, dispersion=0.008, n=14465	effect_scale_validation.R:v1
GCST90200307	GCST90200307	passed	""	source	""	0.906643994277949	estimated_from_source_maf	69073	69073	0	0	0	28956	40117	0.01	0.5	0.906643994277949	0.00734380232014613	median implied SD=0.907, dispersion=0.007, n=40117	effect_scale_validation.R:v1
GCST90200308	GCST90200308	passed	""	source	""	0.998625781750913	estimated_from_source_maf	8113	8113	0	0	0	37	8076	0.01	0.5	0.998625781750913	0.008474559871456	median implied SD=0.999, dispersion=0.008, n=8076	effect_scale_validation.R:v1
GCST90200309	GCST90200309	passed	""	source	""	0.868651049183797	estimated_from_source_maf	53978	53978	0	0	0	20034	33944	0.01	0.5	0.868651049183797	0.00761371462036567	median implied SD=0.869, dispersion=0.008, n=33944	effect_scale_validation.R:v1
GCST90200310	GCST90200310	passed	""	source	""	0.956422677909438	estimated_from_source_maf	46775	46775	0	0	0	16304	30471	0.01	0.5	0.956422677909438	0.00774401377055442	median implied SD=0.956, dispersion=0.008, n=30471	effect_scale_validation.R:v1
GCST90200311	GCST90200311	passed	""	source	""	0.937440386874402	estimated_from_source_maf	39905	39905	0	0	0	13149	26756	0.01	0.5	0.937440386874402	0.00780656856009704	median implied SD=0.937, dispersion=0.008, n=26756	effect_scale_validation.R:v1
GCST90200312	GCST90200312	passed	""	source	""	0.988865879031022	estimated_from_source_maf	8111	8111	0	0	0	34	8077	0.01	0.5	0.988865879031022	0.00847628748092754	median implied SD=0.989, dispersion=0.008, n=8077	effect_scale_validation.R:v1
GCST90200313	GCST90200313	passed	""	source	""	0.949797916455303	estimated_from_source_maf	30632	30632	0	0	0	10205	20427	0.01	0.5	0.949797916455303	0.00780059034158963	median implied SD=0.950, dispersion=0.008, n=20427	effect_scale_validation.R:v1
GCST90200314	GCST90200314	passed	""	source	""	0.930453388641464	estimated_from_source_maf	31107	31107	0	0	0	10220	20887	0.01	0.5	0.930453388641464	0.00765953308277251	median implied SD=0.930, dispersion=0.008, n=20887	effect_scale_validation.R:v1
GCST90200315	GCST90200315	passed	""	source	""	1.00101415492773	estimated_from_source_maf	31221	31221	0	0	0	9788	21433	0.01	0.5	1.00101415492773	0.00766870898820134	median implied SD=1.001, dispersion=0.008, n=21433	effect_scale_validation.R:v1
GCST90200316	GCST90200316	passed	""	source	""	0.973597051756998	estimated_from_source_maf	62021	62021	0	0	0	22404	39617	0.01	0.5	0.973597051756998	0.00832099508350444	median implied SD=0.974, dispersion=0.008, n=39617	effect_scale_validation.R:v1
GCST90200317	GCST90200317	passed	""	source	""	0.989617836492157	estimated_from_source_maf	38360	38360	0	0	0	13173	25187	0.01	0.5	0.989617836492157	0.00928951191264573	median implied SD=0.990, dispersion=0.009, n=25187	effect_scale_validation.R:v1
GCST90200318	GCST90200318	passed	""	source	""	0.999478098441111	estimated_from_source_maf	8103	8103	0	0	0	36	8067	0.01	0.5	0.999478098441111	0.00884940956446972	median implied SD=0.999, dispersion=0.009, n=8067	effect_scale_validation.R:v1
GCST90200319	GCST90200319	passed	""	source	""	0.983000615321721	estimated_from_source_maf	54631	54631	0	0	0	20487	34144	0.01	0.5	0.983000615321721	0.00739432749204791	median implied SD=0.983, dispersion=0.007, n=34144	effect_scale_validation.R:v1
GCST90200320	GCST90200320	passed	""	source	""	0.97805654771434	estimated_from_source_maf	8133	8133	0	0	0	59	8074	0.01	0.5	0.97805654771434	0.00850618077167744	median implied SD=0.978, dispersion=0.009, n=8074	effect_scale_validation.R:v1
GCST90200321	GCST90200321	passed	""	source	""	1.00081517536559	estimated_from_source_maf	41801	41801	0	0	0	16907	24894	0.01	0.5	1.00081517536559	0.00776066080760291	median implied SD=1.001, dispersion=0.008, n=24894	effect_scale_validation.R:v1
GCST90200322	GCST90200322	passed	""	source	""	0.961983498471219	estimated_from_source_maf	62868	62868	0	0	0	26963	35905	0.01	0.5	0.961983498471219	0.00739466081715786	median implied SD=0.962, dispersion=0.007, n=35905	effect_scale_validation.R:v1
GCST90200323	GCST90200323	passed	""	source	""	0.910855865751516	estimated_from_source_maf	29806	29806	0	0	0	10420	19386	0.01	0.5	0.910855865751516	0.00778685850264517	median implied SD=0.911, dispersion=0.008, n=19386	effect_scale_validation.R:v1
GCST90200324	GCST90200324	passed	""	source	""	0.981816499173933	estimated_from_source_maf	8122	8122	0	0	0	36	8086	0.01	0.5	0.981816499173933	0.00933270565895504	median implied SD=0.982, dispersion=0.009, n=8086	effect_scale_validation.R:v1
GCST90200325	GCST90200325	passed	""	source	""	0.865808207224779	estimated_from_source_maf	8112	8112	0	0	0	32	8080	0.01	0.5	0.865808207224779	0.00848440746308788	median implied SD=0.866, dispersion=0.008, n=8080	effect_scale_validation.R:v1
GCST90200326	GCST90200326	passed	""	source	""	0.974203897087637	estimated_from_source_maf	18037	18037	0	0	0	4766	13271	0.01	0.5	0.974203897087637	0.00799588355730989	median implied SD=0.974, dispersion=0.008, n=13271	effect_scale_validation.R:v1
GCST90200327	GCST90200327	passed	""	source	""	0.950598323759344	estimated_from_source_maf	27996	27996	0	0	0	9744	18252	0.01	0.5	0.950598323759344	0.00730936248974178	median implied SD=0.951, dispersion=0.007, n=18252	effect_scale_validation.R:v1
GCST90200328	GCST90200328	passed	""	source	""	0.935598865726508	estimated_from_source_maf	96935	96935	0	0	0	40015	56920	0.01	0.5	0.935598865726508	0.00760606260537544	median implied SD=0.936, dispersion=0.008, n=56920	effect_scale_validation.R:v1
GCST90200329	GCST90200329	passed	""	source	""	0.998514527578354	estimated_from_source_maf	8122	8122	0	0	0	42	8080	0.01	0.5	0.998514527578354	0.00853182939057304	median implied SD=0.999, dispersion=0.009, n=8080	effect_scale_validation.R:v1
GCST90200330	GCST90200330	passed	""	source	""	0.979567954853538	estimated_from_source_maf	51121	51121	0	0	0	19872	31249	0.01	0.5	0.979567954853538	0.00793696278614237	median implied SD=0.980, dispersion=0.008, n=31249	effect_scale_validation.R:v1
GCST90200331	GCST90200331	passed	""	source	""	0.998567329053248	estimated_from_source_maf	88917	88917	0	0	0	36588	52329	0.01	0.5	0.998567329053248	0.00749562327451281	median implied SD=0.999, dispersion=0.007, n=52329	effect_scale_validation.R:v1
GCST90200332	GCST90200332	passed	""	source	""	0.986816701384958	estimated_from_source_maf	93622	93622	0	0	0	31867	61755	0.01	0.5	0.986816701384958	0.00720360799129795	median implied SD=0.987, dispersion=0.007, n=61755	effect_scale_validation.R:v1
GCST90200333	GCST90200333	passed	""	source	""	0.997217009764246	estimated_from_source_maf	8126	8126	0	0	0	46	8080	0.01	0.5	0.997217009764246	0.00865177792958318	median implied SD=0.997, dispersion=0.009, n=8080	effect_scale_validation.R:v1
GCST90200334	GCST90200334	passed	""	source	""	0.9962095862128	estimated_from_source_maf	8107	8107	0	0	0	29	8078	0.01	0.5	0.9962095862128	0.00876851997271907	median implied SD=0.996, dispersion=0.009, n=8078	effect_scale_validation.R:v1
GCST90200335	GCST90200335	passed	""	source	""	0.967186182800697	estimated_from_source_maf	75368	75368	0	0	0	29887	45481	0.01	0.5	0.967186182800697	0.00691944442135543	median implied SD=0.967, dispersion=0.007, n=45481	effect_scale_validation.R:v1
GCST90200336	GCST90200336	passed	""	source	""	0.984714235792324	estimated_from_source_maf	20080	20080	0	0	0	5067	15013	0.01	0.5	0.984714235792324	0.0076914254548582	median implied SD=0.985, dispersion=0.008, n=15013	effect_scale_validation.R:v1
GCST90200337	GCST90200337	passed	""	source	""	0.99217618366541	estimated_from_source_maf	8117	8117	0	0	0	39	8078	0.01	0.5	0.99217618366541	0.00858483882130709	median implied SD=0.992, dispersion=0.009, n=8078	effect_scale_validation.R:v1
GCST90200338	GCST90200338	passed	""	source	""	0.968152499276387	estimated_from_source_maf	29691	29691	0	0	0	9974	19717	0.01	0.5	0.968152499276387	0.007549540354067	median implied SD=0.968, dispersion=0.008, n=19717	effect_scale_validation.R:v1
GCST90200339	GCST90200339	passed	""	source	""	0.984709576884837	estimated_from_source_maf	16883	16883	0	0	0	3924	12959	0.01	0.5	0.984709576884837	0.00743049452061987	median implied SD=0.985, dispersion=0.007, n=12959	effect_scale_validation.R:v1
GCST90200340	GCST90200340	passed	""	source	""	0.994577880288325	estimated_from_source_maf	29369	29369	0	0	0	10949	18420	0.01	0.5	0.994577880288325	0.00777618372241559	median implied SD=0.995, dispersion=0.008, n=18420	effect_scale_validation.R:v1
GCST90200341	GCST90200341	passed	""	source	""	0.986534150457122	estimated_from_source_maf	92129	92129	0	0	0	37809	54320	0.01	0.5	0.986534150457122	0.00710150952433365	median implied SD=0.987, dispersion=0.007, n=54320	effect_scale_validation.R:v1
GCST90200342	GCST90200342	passed	""	source	""	0.989110586394889	estimated_from_source_maf	8164	8164	0	0	0	70	8094	0.01	0.5	0.989110586394889	0.00861170231114645	median implied SD=0.989, dispersion=0.009, n=8094	effect_scale_validation.R:v1
GCST90200343	GCST90200343	passed	""	source	""	0.939091063556535	estimated_from_source_maf	43641	43641	0	0	0	18354	25287	0.01	0.5	0.939091063556535	0.0068984222438223	median implied SD=0.939, dispersion=0.007, n=25287	effect_scale_validation.R:v1
GCST90200344	GCST90200344	passed	""	source	""	0.954288558264247	estimated_from_source_maf	29656	29656	0	0	0	11662	17994	0.01	0.5	0.954288558264247	0.00737581005656935	median implied SD=0.954, dispersion=0.007, n=17994	effect_scale_validation.R:v1
GCST90200345	GCST90200345	passed	""	source	""	0.915565334514618	estimated_from_source_maf	35979	35979	0	0	0	11159	24820	0.01	0.5	0.915565334514618	0.00851591978340808	median implied SD=0.916, dispersion=0.009, n=24820	effect_scale_validation.R:v1
GCST90200346	GCST90200346	passed	""	source	""	0.981329739935983	estimated_from_source_maf	17968	17968	0	0	0	4492	13476	0.01	0.5	0.981329739935983	0.00956302580019055	median implied SD=0.981, dispersion=0.010, n=13476	effect_scale_validation.R:v1
GCST90200347	GCST90200347	passed	""	source	""	0.963865496244944	estimated_from_source_maf	27142	27142	0	0	0	8694	18448	0.01	0.5	0.963865496244944	0.00773752885327404	median implied SD=0.964, dispersion=0.008, n=18448	effect_scale_validation.R:v1
GCST90200348	GCST90200348	passed	""	source	""	0.925773891494721	estimated_from_source_maf	54960	54960	0	0	0	21548	33412	0.01	0.5	0.925773891494721	0.00780136546141666	median implied SD=0.926, dispersion=0.008, n=33412	effect_scale_validation.R:v1
GCST90200349	GCST90200349	passed	""	source	""	0.957123746371584	estimated_from_source_maf	18074	18074	0	0	0	5080	12994	0.01	0.5	0.957123746371584	0.00785174703534076	median implied SD=0.957, dispersion=0.008, n=12994	effect_scale_validation.R:v1
GCST90200350	GCST90200350	passed	""	source	""	0.952794380452385	estimated_from_source_maf	18452	18452	0	0	0	4831	13621	0.01	0.5	0.952794380452385	0.00819557020980767	median implied SD=0.953, dispersion=0.008, n=13621	effect_scale_validation.R:v1
GCST90200351	GCST90200351	passed	""	source	""	0.96605950335146	estimated_from_source_maf	66986	66986	0	0	0	25137	41849	0.01	0.5	0.96605950335146	0.00761920340884495	median implied SD=0.966, dispersion=0.008, n=41849	effect_scale_validation.R:v1
GCST90200352	GCST90200352	passed	""	source	""	0.971147115901469	estimated_from_source_maf	32916	32916	0	0	0	11351	21565	0.01	0.5	0.971147115901469	0.00782188413951653	median implied SD=0.971, dispersion=0.008, n=21565	effect_scale_validation.R:v1
GCST90200353	GCST90200353	passed	""	source	""	0.992932137320286	estimated_from_source_maf	8123	8123	0	0	0	51	8072	0.01	0.5	0.992932137320286	0.00877022143079293	median implied SD=0.993, dispersion=0.009, n=8072	effect_scale_validation.R:v1
GCST90200354	GCST90200354	passed	""	source	""	0.958979748332015	estimated_from_source_maf	8155	8155	0	0	0	83	8072	0.01	0.5	0.958979748332015	0.00848172793227518	median implied SD=0.959, dispersion=0.008, n=8072	effect_scale_validation.R:v1
GCST90200355	GCST90200355	passed	""	source	""	0.995681612991991	estimated_from_source_maf	8125	8125	0	0	0	44	8081	0.01	0.5	0.995681612991991	0.0101295711252745	median implied SD=0.996, dispersion=0.010, n=8081	effect_scale_validation.R:v1
GCST90200356	GCST90200356	passed	""	source	""	0.982415001925809	estimated_from_source_maf	8114	8114	0	0	0	42	8072	0.01	0.5	0.982415001925809	0.00847750886193892	median implied SD=0.982, dispersion=0.008, n=8072	effect_scale_validation.R:v1
GCST90200357	GCST90200357	passed	""	source	""	0.975589892360224	estimated_from_source_maf	48529	48529	0	0	0	16955	31574	0.01	0.5	0.975589892360224	0.00831231985044109	median implied SD=0.976, dispersion=0.008, n=31574	effect_scale_validation.R:v1
GCST90200358	GCST90200358	passed	""	source	""	0.977014751489431	estimated_from_source_maf	20090	20090	0	0	0	6285	13805	0.01	0.5	0.977014751489431	0.00774546738007661	median implied SD=0.977, dispersion=0.008, n=13805	effect_scale_validation.R:v1
GCST90200359	GCST90200359	passed	""	source	""	0.966666196066151	estimated_from_source_maf	62518	62518	0	0	0	24332	38186	0.01	0.5	0.966666196066151	0.00779671023419592	median implied SD=0.967, dispersion=0.008, n=38186	effect_scale_validation.R:v1
GCST90200360	GCST90200360	passed	""	source	""	0.964304576672801	estimated_from_source_maf	8142	8142	0	0	0	74	8068	0.01	0.5	0.964304576672801	0.00851540453234249	median implied SD=0.964, dispersion=0.009, n=8068	effect_scale_validation.R:v1
GCST90200361	GCST90200361	passed	""	source	""	0.993443186690443	estimated_from_source_maf	38187	38187	0	0	0	15115	23072	0.01	0.5	0.993443186690443	0.00759772751861303	median implied SD=0.993, dispersion=0.008, n=23072	effect_scale_validation.R:v1
GCST90200362	GCST90200362	passed	""	source	""	0.978440128587902	estimated_from_source_maf	809219	809219	0	0	0	361223	447996	0.01	0.5	0.978440128587902	0.007720470530262	median implied SD=0.978, dispersion=0.008, n=447996	effect_scale_validation.R:v1
GCST90200363	GCST90200363	passed	""	source	""	0.988542168647181	estimated_from_source_maf	33943	33943	0	0	0	11766	22177	0.01	0.5	0.988542168647181	0.0078354570051679	median implied SD=0.989, dispersion=0.008, n=22177	effect_scale_validation.R:v1
GCST90200364	GCST90200364	passed	""	source	""	0.979711089529892	estimated_from_source_maf	44754	44754	0	0	0	16193	28561	0.01	0.5	0.979711089529892	0.00806532258149418	median implied SD=0.980, dispersion=0.008, n=28561	effect_scale_validation.R:v1
GCST90200365	GCST90200365	passed	""	source	""	0.965491154344614	estimated_from_source_maf	43165	43165	0	0	0	16384	26781	0.01	0.5	0.965491154344614	0.0078297707651908	median implied SD=0.965, dispersion=0.008, n=26781	effect_scale_validation.R:v1
GCST90200366	GCST90200366	passed	""	source	""	0.855888606112517	estimated_from_source_maf	18344	18344	0	0	0	4706	13638	0.01	0.5	0.855888606112517	0.00784265688985622	median implied SD=0.856, dispersion=0.008, n=13638	effect_scale_validation.R:v1
GCST90200367	GCST90200367	passed	""	source	""	0.988945824907512	estimated_from_source_maf	8108	8108	0	0	0	40	8068	0.01	0.5	0.988945824907512	0.00849952634819626	median implied SD=0.989, dispersion=0.008, n=8068	effect_scale_validation.R:v1
GCST90200368	GCST90200368	passed	""	source	""	0.967563216284725	estimated_from_source_maf	30654	30654	0	0	0	9886	20768	0.01	0.5	0.967563216284725	0.00753296369609158	median implied SD=0.968, dispersion=0.008, n=20768	effect_scale_validation.R:v1
GCST90200369	GCST90200369	passed	""	source	""	0.950135252803458	estimated_from_source_maf	31335	31335	0	0	0	11819	19516	0.01	0.5	0.950135252803458	0.00797317223757841	median implied SD=0.950, dispersion=0.008, n=19516	effect_scale_validation.R:v1
GCST90200370	GCST90200370	passed	""	source	""	0.95683472587931	estimated_from_source_maf	51769	51769	0	0	0	19432	32337	0.01	0.5	0.95683472587931	0.00779702365663544	median implied SD=0.957, dispersion=0.008, n=32337	effect_scale_validation.R:v1
GCST90200371	GCST90200371	passed	""	source	""	0.941192769126889	estimated_from_source_maf	32537	32537	0	0	0	10872	21665	0.01	0.5	0.941192769126889	0.00763081188808509	median implied SD=0.941, dispersion=0.008, n=21665	effect_scale_validation.R:v1
GCST90200372	GCST90200372	passed	""	source	""	0.992581511470957	estimated_from_source_maf	42735	42735	0	0	0	15878	26857	0.01	0.5	0.992581511470957	0.00800932984248346	median implied SD=0.993, dispersion=0.008, n=26857	effect_scale_validation.R:v1
GCST90200373	GCST90200373	passed	""	source	""	0.940587130973418	estimated_from_source_maf	41117	41117	0	0	0	14651	26466	0.01	0.5	0.940587130973418	0.007008947121135	median implied SD=0.941, dispersion=0.007, n=26466	effect_scale_validation.R:v1
GCST90200374	GCST90200374	passed	""	source	""	0.998261151552669	estimated_from_source_maf	18490	18490	0	0	0	4008	14482	0.01	0.5	0.998261151552669	0.00863470420914298	median implied SD=0.998, dispersion=0.009, n=14482	effect_scale_validation.R:v1
GCST90200375	GCST90200375	passed	""	source	""	0.978363367605753	estimated_from_source_maf	31061	31061	0	0	0	11105	19956	0.01	0.5	0.978363367605753	0.00782145210255216	median implied SD=0.978, dispersion=0.008, n=19956	effect_scale_validation.R:v1
GCST90200376	GCST90200376	passed	""	source	""	0.999541589995245	estimated_from_source_maf	46139	46139	0	0	0	12544	33595	0.01	0.5	0.999541589995245	0.0072921815353599	median implied SD=1.000, dispersion=0.007, n=33595	effect_scale_validation.R:v1
GCST90200377	GCST90200377	passed	""	source	""	0.979203606163974	estimated_from_source_maf	47546	47546	0	0	0	18289	29257	0.01	0.5	0.979203606163974	0.00740561566193713	median implied SD=0.979, dispersion=0.007, n=29257	effect_scale_validation.R:v1
GCST90200378	GCST90200378	passed	""	source	""	0.98139797783612	estimated_from_source_maf	20522	20522	0	0	0	4946	15576	0.01	0.5	0.98139797783612	0.00832535058155169	median implied SD=0.981, dispersion=0.008, n=15576	effect_scale_validation.R:v1
GCST90200379	GCST90200379	passed	""	source	""	0.944487825531761	estimated_from_source_maf	57162	57162	0	0	0	21699	35463	0.01	0.5	0.944487825531761	0.0074266240028617	median implied SD=0.944, dispersion=0.007, n=35463	effect_scale_validation.R:v1
GCST90200380	GCST90200380	passed	""	source	""	0.98584415120121	estimated_from_source_maf	29200	29200	0	0	0	9862	19338	0.01	0.5	0.98584415120121	0.00853335396016556	median implied SD=0.986, dispersion=0.009, n=19338	effect_scale_validation.R:v1
GCST90200381	GCST90200381	passed	""	source	""	0.998494644934571	estimated_from_source_maf	34012	34012	0	0	0	12290	21722	0.01	0.5	0.998494644934571	0.00766892313254586	median implied SD=0.998, dispersion=0.008, n=21722	effect_scale_validation.R:v1
GCST90200382	GCST90200382	passed	""	source	""	0.985669806997317	estimated_from_source_maf	30084	30084	0	0	0	9470	20614	0.01	0.5	0.985669806997317	0.00784836066423802	median implied SD=0.986, dispersion=0.008, n=20614	effect_scale_validation.R:v1
GCST90200383	GCST90200383	passed	""	source	""	0.97370124784399	estimated_from_source_maf	41309	41309	0	0	0	14922	26387	0.01	0.5	0.97370124784399	0.00751559405499923	median implied SD=0.974, dispersion=0.008, n=26387	effect_scale_validation.R:v1
GCST90200384	GCST90200384	passed	""	source	""	0.94758563123741	estimated_from_source_maf	60506	60506	0	0	0	24206	36300	0.01	0.5	0.94758563123741	0.00780969765004285	median implied SD=0.948, dispersion=0.008, n=36300	effect_scale_validation.R:v1
GCST90200385	GCST90200385	passed	""	source	""	0.996156943156409	estimated_from_source_maf	18566	18566	0	0	0	4060	14506	0.01	0.5	0.996156943156409	0.00857525864725334	median implied SD=0.996, dispersion=0.009, n=14506	effect_scale_validation.R:v1
GCST90200386	GCST90200386	passed	""	source	""	0.993234530717768	estimated_from_source_maf	44370	44370	0	0	0	15404	28966	0.01	0.5	0.993234530717768	0.00773202969035742	median implied SD=0.993, dispersion=0.008, n=28966	effect_scale_validation.R:v1
GCST90200387	GCST90200387	passed	""	source	""	0.99525535900712	estimated_from_source_maf	8146	8146	0	0	0	49	8097	0.01	0.5	0.99525535900712	0.00852739006498938	median implied SD=0.995, dispersion=0.009, n=8097	effect_scale_validation.R:v1
GCST90200388	GCST90200388	passed	""	source	""	0.931824844282736	estimated_from_source_maf	31017	31017	0	0	0	9927	21090	0.01	0.5	0.931824844282736	0.00717451250221721	median implied SD=0.932, dispersion=0.007, n=21090	effect_scale_validation.R:v1
GCST90200389	GCST90200389	passed	""	source	""	0.965602586519376	estimated_from_source_maf	8123	8123	0	0	0	49	8074	0.01	0.5	0.965602586519376	0.00842007649196075	median implied SD=0.966, dispersion=0.008, n=8074	effect_scale_validation.R:v1
GCST90200390	GCST90200390	passed	""	source	""	0.984965550017314	estimated_from_source_maf	8120	8120	0	0	0	48	8072	0.01	0.5	0.984965550017314	0.00851565185547606	median implied SD=0.985, dispersion=0.009, n=8072	effect_scale_validation.R:v1
GCST90200391	GCST90200391	passed	""	source	""	0.986909581491926	estimated_from_source_maf	21897	21897	0	0	0	5765	16132	0.01	0.5	0.986909581491926	0.00779160997604987	median implied SD=0.987, dispersion=0.008, n=16132	effect_scale_validation.R:v1
GCST90200392	GCST90200392	passed	""	source	""	0.981681879390476	estimated_from_source_maf	61027	61027	0	0	0	22977	38050	0.01	0.5	0.981681879390476	0.00688987646954057	median implied SD=0.982, dispersion=0.007, n=38050	effect_scale_validation.R:v1
GCST90200393	GCST90200393	passed	""	source	""	0.969172571223611	estimated_from_source_maf	36917	36917	0	0	0	11775	25142	0.01	0.5	0.969172571223611	0.00724984462729013	median implied SD=0.969, dispersion=0.007, n=25142	effect_scale_validation.R:v1
GCST90200394	GCST90200394	passed	""	source	""	0.995827586789286	estimated_from_source_maf	8126	8126	0	0	0	52	8074	0.01	0.5	0.995827586789286	0.00972803635678031	median implied SD=0.996, dispersion=0.010, n=8074	effect_scale_validation.R:v1
GCST90200395	GCST90200395	passed	""	source	""	0.991423134534868	estimated_from_source_maf	8133	8133	0	0	0	51	8082	0.01	0.5	0.991423134534868	0.010008365197027	median implied SD=0.991, dispersion=0.010, n=8082	effect_scale_validation.R:v1
GCST90200396	GCST90200396	passed	""	source	""	0.996390457645556	estimated_from_source_maf	20578	20578	0	0	0	5301	15277	0.01	0.5	0.996390457645556	0.00762407142498119	median implied SD=0.996, dispersion=0.008, n=15277	effect_scale_validation.R:v1
GCST90200397	GCST90200397	passed	""	source	""	0.970323288178767	estimated_from_source_maf	16195	16195	0	0	0	3837	12358	0.01	0.5	0.970323288178767	0.00790292304706505	median implied SD=0.970, dispersion=0.008, n=12358	effect_scale_validation.R:v1
GCST90200398	GCST90200398	passed	""	source	""	0.967288836090098	estimated_from_source_maf	32595	32595	0	0	0	11499	21096	0.01	0.5	0.967288836090098	0.00803463238015427	median implied SD=0.967, dispersion=0.008, n=21096	effect_scale_validation.R:v1
GCST90200399	GCST90200399	passed	""	source	""	0.976400928434509	estimated_from_source_maf	18568	18568	0	0	0	4482	14086	0.01	0.5	0.976400928434509	0.00798289205534677	median implied SD=0.976, dispersion=0.008, n=14086	effect_scale_validation.R:v1
GCST90200400	GCST90200400	passed	""	source	""	0.989614897608403	estimated_from_source_maf	17942	17942	0	0	0	4668	13274	0.01	0.5	0.989614897608403	0.00835184215868706	median implied SD=0.990, dispersion=0.008, n=13274	effect_scale_validation.R:v1
GCST90200401	GCST90200401	passed	""	source	""	0.965626312086355	estimated_from_source_maf	31144	31144	0	0	0	10443	20701	0.01	0.5	0.965626312086355	0.00779413776578807	median implied SD=0.966, dispersion=0.008, n=20701	effect_scale_validation.R:v1
GCST90200402	GCST90200402	passed	""	source	""	0.992234583255415	estimated_from_source_maf	66686	66686	0	0	0	28323	38363	0.01	0.5	0.992234583255415	0.00716153764485435	median implied SD=0.992, dispersion=0.007, n=38363	effect_scale_validation.R:v1
GCST90200403	GCST90200403	passed	""	source	""	0.98802304013447	estimated_from_source_maf	32180	32180	0	0	0	10767	21413	0.01	0.5	0.98802304013447	0.00745897898265212	median implied SD=0.988, dispersion=0.007, n=21413	effect_scale_validation.R:v1
GCST90200404	GCST90200404	passed	""	source	""	0.997891329931005	estimated_from_source_maf	32954	32954	0	0	0	11235	21719	0.01	0.5	0.997891329931005	0.00772468012527671	median implied SD=0.998, dispersion=0.008, n=21719	effect_scale_validation.R:v1
GCST90200405	GCST90200405	passed	""	source	""	0.984210342373169	estimated_from_source_maf	29273	29273	0	0	0	9730	19543	0.01	0.5	0.984210342373169	0.00780669187200239	median implied SD=0.984, dispersion=0.008, n=19543	effect_scale_validation.R:v1
GCST90200406	GCST90200406	passed	""	source	""	0.988388381679853	estimated_from_source_maf	19936	19936	0	0	0	5164	14772	0.01	0.5	0.988388381679853	0.00800112872140558	median implied SD=0.988, dispersion=0.008, n=14772	effect_scale_validation.R:v1
GCST90200407	GCST90200407	passed	""	source	""	0.993810863193081	estimated_from_source_maf	52716	52716	0	0	0	18811	33905	0.01	0.5	0.993810863193081	0.00709130009867671	median implied SD=0.994, dispersion=0.007, n=33905	effect_scale_validation.R:v1
GCST90200408	GCST90200408	passed	""	source	""	0.983271311801723	estimated_from_source_maf	8155	8155	0	0	0	82	8073	0.01	0.5	0.983271311801723	0.00852352741648267	median implied SD=0.983, dispersion=0.009, n=8073	effect_scale_validation.R:v1
GCST90200409	GCST90200409	passed	""	source	""	1.00067693501046	estimated_from_source_maf	8123	8123	0	0	0	49	8074	0.01	0.5	1.00067693501046	0.00898711613058849	median implied SD=1.001, dispersion=0.009, n=8074	effect_scale_validation.R:v1
GCST90200410	GCST90200410	passed	""	source	""	0.991245742965576	estimated_from_source_maf	8113	8113	0	0	0	40	8073	0.01	0.5	0.991245742965576	0.00850471118063456	median implied SD=0.991, dispersion=0.009, n=8073	effect_scale_validation.R:v1
GCST90200411	GCST90200411	passed	""	source	""	0.973213166629005	estimated_from_source_maf	17898	17898	0	0	0	4520	13378	0.01	0.5	0.973213166629005	0.00788413172719488	median implied SD=0.973, dispersion=0.008, n=13378	effect_scale_validation.R:v1
GCST90200412	GCST90200412	passed	""	source	""	0.934664745619412	estimated_from_source_maf	18094	18094	0	0	0	4930	13164	0.01	0.5	0.934664745619412	0.00796462161523923	median implied SD=0.935, dispersion=0.008, n=13164	effect_scale_validation.R:v1
GCST90200413	GCST90200413	passed	""	source	""	0.967959179746863	estimated_from_source_maf	40572	40572	0	0	0	14499	26073	0.01	0.5	0.967959179746863	0.00764440862792095	median implied SD=0.968, dispersion=0.008, n=26073	effect_scale_validation.R:v1
GCST90200414	GCST90200414	passed	""	source	""	0.947536170867464	estimated_from_source_maf	8120	8120	0	0	0	43	8077	0.01	0.5	0.947536170867464	0.00850043735534021	median implied SD=0.948, dispersion=0.009, n=8077	effect_scale_validation.R:v1
GCST90200415	GCST90200415	passed	""	source	""	0.974278399904335	estimated_from_source_maf	45221	45221	0	0	0	16748	28473	0.01	0.5	0.974278399904335	0.00748447999592309	median implied SD=0.974, dispersion=0.007, n=28473	effect_scale_validation.R:v1
GCST90200416	GCST90200416	passed	""	source	""	0.991454150377475	estimated_from_source_maf	52141	52141	0	0	0	17924	34217	0.01	0.5	0.991454150377475	0.00786418859942644	median implied SD=0.991, dispersion=0.008, n=34217	effect_scale_validation.R:v1
GCST90200417	GCST90200417	passed	""	source	""	0.958268435031887	estimated_from_source_maf	8130	8130	0	0	0	47	8083	0.01	0.5	0.958268435031887	0.00848863124529207	median implied SD=0.958, dispersion=0.008, n=8083	effect_scale_validation.R:v1
GCST90200418	GCST90200418	passed	""	source	""	0.991502409543361	estimated_from_source_maf	335933	335933	0	0	0	140344	195589	0.01	0.5	0.991502409543361	0.00728682994255206	median implied SD=0.992, dispersion=0.007, n=195589	effect_scale_validation.R:v1
GCST90200419	GCST90200419	passed	""	source	""	0.99859376263607	estimated_from_source_maf	41663	41663	0	0	0	16849	24814	0.01	0.5	0.99859376263607	0.00831176185494494	median implied SD=0.999, dispersion=0.008, n=24814	effect_scale_validation.R:v1
GCST90200420	GCST90200420	passed	""	source	""	0.970091615680108	estimated_from_source_maf	19155	19155	0	0	0	4753	14402	0.01	0.5	0.970091615680108	0.00786618023768368	median implied SD=0.970, dispersion=0.008, n=14402	effect_scale_validation.R:v1
GCST90200421	GCST90200421	passed	""	source	""	0.979946119045379	estimated_from_source_maf	21834	21834	0	0	0	6124	15710	0.01	0.5	0.979946119045379	0.00830541904366779	median implied SD=0.980, dispersion=0.008, n=15710	effect_scale_validation.R:v1
GCST90200422	GCST90200422	passed	""	source	""	1.00375860074653	estimated_from_source_maf	8152	8152	0	0	0	77	8075	0.01	0.5	1.00375860074653	0.00878301334244445	median implied SD=1.004, dispersion=0.009, n=8075	effect_scale_validation.R:v1
GCST90200423	GCST90200423	passed	""	source	""	0.991149573481059	estimated_from_source_maf	20723	20723	0	0	0	5424	15299	0.01	0.5	0.991149573481059	0.00800150825959524	median implied SD=0.991, dispersion=0.008, n=15299	effect_scale_validation.R:v1
GCST90200424	GCST90200424	passed	""	source	""	0.957274317633422	estimated_from_source_maf	41204	41204	0	0	0	15963	25241	0.01	0.5	0.957274317633422	0.00748845940679423	median implied SD=0.957, dispersion=0.007, n=25241	effect_scale_validation.R:v1
GCST90200425	GCST90200425	passed	""	source	""	0.958985133993232	estimated_from_source_maf	73128	73128	0	0	0	29238	43890	0.01	0.5	0.958985133993232	0.00755305674189612	median implied SD=0.959, dispersion=0.008, n=43890	effect_scale_validation.R:v1
GCST90200426	GCST90200426	passed	""	source	""	0.994010772900136	estimated_from_source_maf	20063	20063	0	0	0	5406	14657	0.01	0.5	0.994010772900136	0.00842373272601004	median implied SD=0.994, dispersion=0.008, n=14657	effect_scale_validation.R:v1
GCST90200427	GCST90200427	passed	""	source	""	1.00427990708768	estimated_from_source_maf	43187	43187	0	0	0	16802	26385	0.01	0.5	1.00427990708768	0.00701516234736695	median implied SD=1.004, dispersion=0.007, n=26385	effect_scale_validation.R:v1
GCST90200428	GCST90200428	passed	""	source	""	0.975616940841476	estimated_from_source_maf	32279	32279	0	0	0	10530	21749	0.01	0.5	0.975616940841476	0.00798840304488403	median implied SD=0.976, dispersion=0.008, n=21749	effect_scale_validation.R:v1
GCST90200429	GCST90200429	passed	""	source	""	0.980280594301991	estimated_from_source_maf	72264	72264	0	0	0	28549	43715	0.01	0.5	0.980280594301991	0.00735001689153781	median implied SD=0.980, dispersion=0.007, n=43715	effect_scale_validation.R:v1
GCST90200430	GCST90200430	passed	""	source	""	0.995014211342607	estimated_from_source_maf	8124	8124	0	0	0	47	8077	0.01	0.5	0.995014211342607	0.00849249331389263	median implied SD=0.995, dispersion=0.008, n=8077	effect_scale_validation.R:v1
GCST90200431	GCST90200431	passed	""	source	""	0.99540694599504	estimated_from_source_maf	8127	8127	0	0	0	44	8083	0.01	0.5	0.99540694599504	0.00846624048739214	median implied SD=0.995, dispersion=0.008, n=8083	effect_scale_validation.R:v1
GCST90200432	GCST90200432	passed	""	source	""	0.992520813209295	estimated_from_source_maf	62686	62686	0	0	0	25331	37355	0.01	0.5	0.992520813209295	0.00762873038429808	median implied SD=0.993, dispersion=0.008, n=37355	effect_scale_validation.R:v1
GCST90200433	GCST90200433	passed	""	source	""	0.996019049214673	estimated_from_source_maf	8123	8123	0	0	0	49	8074	0.01	0.5	0.996019049214673	0.0087828570563076	median implied SD=0.996, dispersion=0.009, n=8074	effect_scale_validation.R:v1
GCST90200434	GCST90200434	passed	""	source	""	0.982277038375281	estimated_from_source_maf	8127	8127	0	0	0	46	8081	0.01	0.5	0.982277038375281	0.00864781508069323	median implied SD=0.982, dispersion=0.009, n=8081	effect_scale_validation.R:v1
GCST90200435	GCST90200435	passed	""	source	""	0.981188329656905	estimated_from_source_maf	54155	54155	0	0	0	20789	33366	0.01	0.5	0.981188329656905	0.00731178460527686	median implied SD=0.981, dispersion=0.007, n=33366	effect_scale_validation.R:v1
GCST90200436	GCST90200436	passed	""	source	""	0.999208215984491	estimated_from_source_maf	70486	70486	0	0	0	26890	43596	0.01	0.5	0.999208215984491	0.00764165692412358	median implied SD=0.999, dispersion=0.008, n=43596	effect_scale_validation.R:v1
GCST90200437	GCST90200437	passed	""	source	""	0.991398414233844	estimated_from_source_maf	60853	60853	0	0	0	22319	38534	0.01	0.5	0.991398414233844	0.00737659047688153	median implied SD=0.991, dispersion=0.007, n=38534	effect_scale_validation.R:v1
GCST90200438	GCST90200438	passed	""	source	""	1.00097635403893	estimated_from_source_maf	8117	8117	0	0	0	48	8069	0.01	0.5	1.00097635403893	0.00859031760491973	median implied SD=1.001, dispersion=0.009, n=8069	effect_scale_validation.R:v1
GCST90200439	GCST90200439	passed	""	source	""	0.993696150409142	estimated_from_source_maf	8134	8134	0	0	0	60	8074	0.01	0.5	0.993696150409142	0.0085030532726165	median implied SD=0.994, dispersion=0.009, n=8074	effect_scale_validation.R:v1
GCST90200440	GCST90200440	passed	""	source	""	0.985688758090139	estimated_from_source_maf	51787	51787	0	0	0	19146	32641	0.01	0.5	0.985688758090139	0.0076586309782692	median implied SD=0.986, dispersion=0.008, n=32641	effect_scale_validation.R:v1
GCST90200441	GCST90200441	passed	""	source	""	0.965159563031137	estimated_from_source_maf	32960	32960	0	0	0	10468	22492	0.01	0.5	0.965159563031137	0.00761838850943277	median implied SD=0.965, dispersion=0.008, n=22492	effect_scale_validation.R:v1
GCST90200442	GCST90200442	passed	""	source	""	0.974404017299838	estimated_from_source_maf	8127	8127	0	0	0	53	8074	0.01	0.5	0.974404017299838	0.00842292307778196	median implied SD=0.974, dispersion=0.008, n=8074	effect_scale_validation.R:v1
GCST90200443	GCST90200443	passed	""	source	""	0.916947310347231	estimated_from_source_maf	30389	30389	0	0	0	9530	20859	0.01	0.5	0.916947310347231	0.00775560170047744	median implied SD=0.917, dispersion=0.008, n=20859	effect_scale_validation.R:v1
GCST90200444	GCST90200444	passed	""	source	""	0.981589002439953	estimated_from_source_maf	79354	79354	0	0	0	32286	47068	0.01	0.5	0.981589002439953	0.00726861569686756	median implied SD=0.982, dispersion=0.007, n=47068	effect_scale_validation.R:v1
GCST90200445	GCST90200445	passed	""	source	""	0.992674651698119	estimated_from_source_maf	47208	47208	0	0	0	16255	30953	0.01	0.5	0.992674651698119	0.00776099295112152	median implied SD=0.993, dispersion=0.008, n=30953	effect_scale_validation.R:v1
GCST90200446	GCST90200446	passed	""	source	""	0.999756214044146	estimated_from_source_maf	8136	8136	0	0	0	59	8077	0.01	0.5	0.999756214044146	0.00853566513185048	median implied SD=1.000, dispersion=0.009, n=8077	effect_scale_validation.R:v1
GCST90200447	GCST90200447	passed	""	source	""	0.975951306831425	estimated_from_source_maf	8136	8136	0	0	0	61	8075	0.01	0.5	0.975951306831425	0.00908285275843151	median implied SD=0.976, dispersion=0.009, n=8075	effect_scale_validation.R:v1
GCST90200448	GCST90200448	passed	""	source	""	1.00047902178047	estimated_from_source_maf	20215	20215	0	0	0	5209	15006	0.01	0.5	1.00047902178047	0.00818356693961596	median implied SD=1.000, dispersion=0.008, n=15006	effect_scale_validation.R:v1
GCST90200449	GCST90200449	passed	""	source	""	0.977687881454986	estimated_from_source_maf	8115	8115	0	0	0	45	8070	0.01	0.5	0.977687881454986	0.0085830752085793	median implied SD=0.978, dispersion=0.009, n=8070	effect_scale_validation.R:v1
GCST90200450	GCST90200450	passed	""	source	""	0.990239533312251	estimated_from_source_maf	58038	58038	0	0	0	22781	35257	0.01	0.5	0.990239533312251	0.00753039498172843	median implied SD=0.990, dispersion=0.008, n=35257	effect_scale_validation.R:v1
GCST90200451	GCST90200451	passed	""	source	""	0.988545387213827	estimated_from_source_maf	8113	8113	0	0	0	31	8082	0.01	0.5	0.988545387213827	0.00852052297239926	median implied SD=0.989, dispersion=0.009, n=8082	effect_scale_validation.R:v1
GCST90200452	GCST90200452	passed	""	source	""	0.990596555926981	estimated_from_source_maf	57531	57531	0	0	0	23030	34501	0.01	0.5	0.990596555926981	0.00758576025498345	median implied SD=0.991, dispersion=0.008, n=34501	effect_scale_validation.R:v1
GCST90200453	GCST90200453	passed	""	source	""	0.987491939394711	estimated_from_source_maf	45090	45090	0	0	0	15914	29176	0.01	0.5	0.987491939394711	0.00695845356603452	median implied SD=0.987, dispersion=0.007, n=29176	effect_scale_validation.R:v1
GCST90200454	GCST90200454	passed	""	source	""	0.970192933190872	estimated_from_source_maf	47592	47592	0	0	0	16605	30987	0.01	0.5	0.970192933190872	0.00823617835625831	median implied SD=0.970, dispersion=0.008, n=30987	effect_scale_validation.R:v1
GCST90200455	GCST90200455	passed	""	source	""	0.993446061648572	estimated_from_source_maf	68139	68139	0	0	0	27993	40146	0.01	0.5	0.993446061648572	0.0075495173149631	median implied SD=0.993, dispersion=0.008, n=40146	effect_scale_validation.R:v1
GCST90200456	GCST90200456	passed	""	source	""	0.946809590564913	estimated_from_source_maf	50530	50530	0	0	0	18639	31891	0.01	0.5	0.946809590564913	0.00709393488438832	median implied SD=0.947, dispersion=0.007, n=31891	effect_scale_validation.R:v1
GCST90200457	GCST90200457	passed	""	source	""	0.960217663313163	estimated_from_source_maf	8129	8129	0	0	0	51	8078	0.01	0.5	0.960217663313163	0.00846194595412017	median implied SD=0.960, dispersion=0.008, n=8078	effect_scale_validation.R:v1
GCST90200458	GCST90200458	passed	""	source	""	0.988135308087255	estimated_from_source_maf	55901	55901	0	0	0	21981	33920	0.01	0.5	0.988135308087255	0.00727911095000142	median implied SD=0.988, dispersion=0.007, n=33920	effect_scale_validation.R:v1
GCST90200459	GCST90200459	passed	""	source	""	0.976047389640388	estimated_from_source_maf	8121	8121	0	0	0	40	8081	0.01	0.5	0.976047389640388	0.00846554233361311	median implied SD=0.976, dispersion=0.008, n=8081	effect_scale_validation.R:v1
GCST90200460	GCST90200460	passed	""	source	""	0.941851852082806	estimated_from_source_maf	31174	31174	0	0	0	8802	22372	0.01	0.5	0.941851852082806	0.00776089972899893	median implied SD=0.942, dispersion=0.008, n=22372	effect_scale_validation.R:v1
GCST90200461	GCST90200461	passed	""	source	""	0.993276464898489	estimated_from_source_maf	47608	47608	0	0	0	16445	31163	0.01	0.5	0.993276464898489	0.00845910186631913	median implied SD=0.993, dispersion=0.008, n=31163	effect_scale_validation.R:v1
GCST90200462	GCST90200462	passed	""	source	""	0.982588496685819	estimated_from_source_maf	33129	33129	0	0	0	10488	22641	0.01	0.5	0.982588496685819	0.00767233473090913	median implied SD=0.983, dispersion=0.008, n=22641	effect_scale_validation.R:v1
GCST90200463	GCST90200463	passed	""	source	""	0.990213121542487	estimated_from_source_maf	40399	40399	0	0	0	15591	24808	0.01	0.5	0.990213121542487	0.00742896918862089	median implied SD=0.990, dispersion=0.007, n=24808	effect_scale_validation.R:v1
GCST90200464	GCST90200464	passed	""	source	""	0.977772860985621	estimated_from_source_maf	20481	20481	0	0	0	5752	14729	0.01	0.5	0.977772860985621	0.00850756388307854	median implied SD=0.978, dispersion=0.009, n=14729	effect_scale_validation.R:v1
GCST90200465	GCST90200465	passed	""	source	""	0.962287649690465	estimated_from_source_maf	59326	59326	0	0	0	24271	35055	0.01	0.5	0.962287649690465	0.00760524420229542	median implied SD=0.962, dispersion=0.008, n=35055	effect_scale_validation.R:v1
GCST90200466	GCST90200466	passed	""	source	""	0.989358252764978	estimated_from_source_maf	8119	8119	0	0	0	37	8082	0.01	0.5	0.989358252764978	0.00864396199531347	median implied SD=0.989, dispersion=0.009, n=8082	effect_scale_validation.R:v1
GCST90200467	GCST90200467	passed	""	source	""	0.99746408716207	estimated_from_source_maf	19528	19528	0	0	0	5557	13971	0.01	0.5	0.99746408716207	0.00784604583259979	median implied SD=0.997, dispersion=0.008, n=13971	effect_scale_validation.R:v1
GCST90200468	GCST90200468	passed	""	source	""	0.984388836740924	estimated_from_source_maf	8109	8109	0	0	0	40	8069	0.01	0.5	0.984388836740924	0.00880473735107557	median implied SD=0.984, dispersion=0.009, n=8069	effect_scale_validation.R:v1
GCST90200469	GCST90200469	passed	""	source	""	0.990784683248874	estimated_from_source_maf	8116	8116	0	0	0	39	8077	0.01	0.5	0.990784683248874	0.00866188347799038	median implied SD=0.991, dispersion=0.009, n=8077	effect_scale_validation.R:v1
GCST90200470	GCST90200470	passed	""	source	""	0.954234480397996	estimated_from_source_maf	107225	107225	0	0	0	35561	71664	0.01	0.5	0.954234480397996	0.00666120894794476	median implied SD=0.954, dispersion=0.007, n=71664	effect_scale_validation.R:v1
GCST90200471	GCST90200471	passed	""	source	""	0.978101730681281	estimated_from_source_maf	58951	58951	0	0	0	23758	35193	0.01	0.5	0.978101730681281	0.00728552818214862	median implied SD=0.978, dispersion=0.007, n=35193	effect_scale_validation.R:v1
GCST90200472	GCST90200472	passed	""	source	""	0.975529911078107	estimated_from_source_maf	20328	20328	0	0	0	5075	15253	0.01	0.5	0.975529911078107	0.00806890437518338	median implied SD=0.976, dispersion=0.008, n=15253	effect_scale_validation.R:v1
GCST90200473	GCST90200473	passed	""	source	""	0.961055524996876	estimated_from_source_maf	18068	18068	0	0	0	4445	13623	0.01	0.5	0.961055524996876	0.00817551529635278	median implied SD=0.961, dispersion=0.008, n=13623	effect_scale_validation.R:v1
GCST90200474	GCST90200474	passed	""	source	""	0.931105638802168	estimated_from_source_maf	82565	82565	0	0	0	32731	49834	0.01	0.5	0.931105638802168	0.00751289326497182	median implied SD=0.931, dispersion=0.008, n=49834	effect_scale_validation.R:v1
GCST90200475	GCST90200475	passed	""	source	""	0.981320261569128	estimated_from_source_maf	8138	8138	0	0	0	54	8084	0.01	0.5	0.981320261569128	0.00911100618778782	median implied SD=0.981, dispersion=0.009, n=8084	effect_scale_validation.R:v1
GCST90200476	GCST90200476	passed	""	source	""	0.980878056301847	estimated_from_source_maf	8114	8114	0	0	0	30	8084	0.01	0.5	0.980878056301847	0.00876209237903241	median implied SD=0.981, dispersion=0.009, n=8084	effect_scale_validation.R:v1
GCST90200477	GCST90200477	passed	""	source	""	0.968435824854829	estimated_from_source_maf	56613	56613	0	0	0	16319	40294	0.01	0.5	0.968435824854829	0.00781979974889485	median implied SD=0.968, dispersion=0.008, n=40294	effect_scale_validation.R:v1
GCST90200478	GCST90200478	passed	""	source	""	0.985617284375896	estimated_from_source_maf	8113	8113	0	0	0	36	8077	0.01	0.5	0.985617284375896	0.00888186804288607	median implied SD=0.986, dispersion=0.009, n=8077	effect_scale_validation.R:v1
GCST90200479	GCST90200479	passed	""	source	""	0.979239365653149	estimated_from_source_maf	8134	8134	0	0	0	37	8097	0.01	0.5	0.979239365653149	0.00864518676544893	median implied SD=0.979, dispersion=0.009, n=8097	effect_scale_validation.R:v1
GCST90200480	GCST90200480	passed	""	source	""	0.968412930596868	estimated_from_source_maf	26885	26885	0	0	0	7541	19344	0.01	0.5	0.968412930596868	0.00819239158981418	median implied SD=0.968, dispersion=0.008, n=19344	effect_scale_validation.R:v1
GCST90200481	GCST90200481	passed	""	source	""	0.989150221915793	estimated_from_source_maf	8125	8125	0	0	0	57	8068	0.01	0.5	0.989150221915793	0.00878694507260156	median implied SD=0.989, dispersion=0.009, n=8068	effect_scale_validation.R:v1
GCST90200482	GCST90200482	passed	""	source	""	0.980060572339548	estimated_from_source_maf	17991	17991	0	0	0	4367	13624	0.01	0.5	0.980060572339548	0.00744973514603961	median implied SD=0.980, dispersion=0.007, n=13624	effect_scale_validation.R:v1
GCST90200483	GCST90200483	passed	""	source	""	0.970333510708834	estimated_from_source_maf	30965	30965	0	0	0	10030	20935	0.01	0.5	0.970333510708834	0.00824962780716927	median implied SD=0.970, dispersion=0.008, n=20935	effect_scale_validation.R:v1
GCST90200484	GCST90200484	passed	""	source	""	1.00130140828194	estimated_from_source_maf	8115	8115	0	0	0	22	8093	0.01	0.5	1.00130140828194	0.00909091874558233	median implied SD=1.001, dispersion=0.009, n=8093	effect_scale_validation.R:v1
GCST90200485	GCST90200485	passed	""	source	""	0.903033863306241	estimated_from_source_maf	48365	48365	0	0	0	18753	29612	0.01	0.5	0.903033863306241	0.00764051957681078	median implied SD=0.903, dispersion=0.008, n=29612	effect_scale_validation.R:v1
GCST90200486	GCST90200486	passed	""	source	""	0.986404235114866	estimated_from_source_maf	18099	18099	0	0	0	4535	13564	0.01	0.5	0.986404235114866	0.00924027280172155	median implied SD=0.986, dispersion=0.009, n=13564	effect_scale_validation.R:v1
GCST90200487	GCST90200487	passed	""	source	""	0.966140931153958	estimated_from_source_maf	35193	35193	0	0	0	11065	24128	0.01	0.5	0.966140931153958	0.00782327762023305	median implied SD=0.966, dispersion=0.008, n=24128	effect_scale_validation.R:v1
GCST90200488	GCST90200488	passed	""	source	""	0.915422884115959	estimated_from_source_maf	56875	56875	0	0	0	20329	36546	0.01	0.5	0.915422884115959	0.00772147414855449	median implied SD=0.915, dispersion=0.008, n=36546	effect_scale_validation.R:v1
GCST90200489	GCST90200489	passed	""	source	""	0.981065177128299	estimated_from_source_maf	8119	8119	0	0	0	41	8078	0.01	0.5	0.981065177128299	0.00904575041050045	median implied SD=0.981, dispersion=0.009, n=8078	effect_scale_validation.R:v1
GCST90200490	GCST90200490	passed	""	source	""	0.965080796348726	estimated_from_source_maf	21355	21355	0	0	0	5683	15672	0.01	0.5	0.965080796348726	0.00818028279831529	median implied SD=0.965, dispersion=0.008, n=15672	effect_scale_validation.R:v1
GCST90200491	GCST90200491	passed	""	source	""	0.940990785713927	estimated_from_source_maf	46582	46582	0	0	0	18315	28267	0.01	0.5	0.940990785713927	0.00728373855365998	median implied SD=0.941, dispersion=0.007, n=28267	effect_scale_validation.R:v1
GCST90200492	GCST90200492	passed	""	source	""	0.947663673606372	estimated_from_source_maf	31823	31823	0	0	0	10666	21157	0.01	0.5	0.947663673606372	0.00756345256253181	median implied SD=0.948, dispersion=0.008, n=21157	effect_scale_validation.R:v1
GCST90200493	GCST90200493	passed	""	source	""	0.983622099063076	estimated_from_source_maf	8114	8114	0	0	0	37	8077	0.01	0.5	0.983622099063076	0.00914353502255478	median implied SD=0.984, dispersion=0.009, n=8077	effect_scale_validation.R:v1
GCST90200494	GCST90200494	passed	""	source	""	0.990119145147654	estimated_from_source_maf	27880	27880	0	0	0	9158	18722	0.01	0.5	0.990119145147654	0.00810709812084488	median implied SD=0.990, dispersion=0.008, n=18722	effect_scale_validation.R:v1
GCST90200495	GCST90200495	passed	""	source	""	1.00267083140589	estimated_from_source_maf	8115	8115	0	0	0	50	8065	0.01	0.5	1.00267083140589	0.00855698473464134	median implied SD=1.003, dispersion=0.009, n=8065	effect_scale_validation.R:v1
GCST90200496	GCST90200496	passed	""	source	""	0.987006171749166	estimated_from_source_maf	18624	18624	0	0	0	5786	12838	0.01	0.5	0.987006171749166	0.00897749165630679	median implied SD=0.987, dispersion=0.009, n=12838	effect_scale_validation.R:v1
GCST90200497	GCST90200497	passed	""	source	""	1.00376768897738	estimated_from_source_maf	8100	8100	0	0	0	32	8068	0.01	0.5	1.00376768897738	0.00909599562703786	median implied SD=1.004, dispersion=0.009, n=8068	effect_scale_validation.R:v1
GCST90200498	GCST90200498	passed	""	source	""	0.993417861130303	estimated_from_source_maf	8108	8108	0	0	0	37	8071	0.01	0.5	0.993417861130303	0.00879087546708089	median implied SD=0.993, dispersion=0.009, n=8071	effect_scale_validation.R:v1
GCST90200499	GCST90200499	passed	""	source	""	0.991243263309861	estimated_from_source_maf	20129	20129	0	0	0	4906	15223	0.01	0.5	0.991243263309861	0.00905575776808092	median implied SD=0.991, dispersion=0.009, n=15223	effect_scale_validation.R:v1
GCST90200500	GCST90200500	passed	""	source	""	0.991620853979718	estimated_from_source_maf	36758	36758	0	0	0	12652	24106	0.01	0.5	0.991620853979718	0.00941516745283801	median implied SD=0.992, dispersion=0.009, n=24106	effect_scale_validation.R:v1
GCST90200501	GCST90200501	passed	""	source	""	0.99096782823459	estimated_from_source_maf	23520	23520	0	0	0	7604	15916	0.01	0.5	0.99096782823459	0.00843932417138635	median implied SD=0.991, dispersion=0.008, n=15916	effect_scale_validation.R:v1
GCST90200502	GCST90200502	passed	""	source	""	0.960991166981395	estimated_from_source_maf	45228	45228	0	0	0	17788	27440	0.01	0.5	0.960991166981395	0.00799245585497202	median implied SD=0.961, dispersion=0.008, n=27440	effect_scale_validation.R:v1
GCST90200503	GCST90200503	passed	""	source	""	1.00509265792259	estimated_from_source_maf	54847	54847	0	0	0	20674	34173	0.01	0.5	1.00509265792259	0.00786806500588244	median implied SD=1.005, dispersion=0.008, n=34173	effect_scale_validation.R:v1
GCST90200504	GCST90200504	passed	""	source	""	0.99766803576698	estimated_from_source_maf	8121	8121	0	0	0	41	8080	0.01	0.5	0.99766803576698	0.00930532538198101	median implied SD=0.998, dispersion=0.009, n=8080	effect_scale_validation.R:v1
GCST90200505	GCST90200505	passed	""	source	""	0.990368280170082	estimated_from_source_maf	8128	8128	0	0	0	53	8075	0.01	0.5	0.990368280170082	0.00920782995436532	median implied SD=0.990, dispersion=0.009, n=8075	effect_scale_validation.R:v1
GCST90200506	GCST90200506	passed	""	source	""	0.991263139005976	estimated_from_source_maf	8153	8153	0	0	0	81	8072	0.01	0.5	0.991263139005976	0.00898495262714647	median implied SD=0.991, dispersion=0.009, n=8072	effect_scale_validation.R:v1
GCST90200507	GCST90200507	passed	""	source	""	0.97024561484174	estimated_from_source_maf	35304	35304	0	0	0	12173	23131	0.01	0.5	0.97024561484174	0.00785293455980231	median implied SD=0.970, dispersion=0.008, n=23131	effect_scale_validation.R:v1
GCST90200508	GCST90200508	passed	""	source	""	0.995957743201807	estimated_from_source_maf	8136	8136	0	0	0	66	8070	0.01	0.5	0.995957743201807	0.0093139387070142	median implied SD=0.996, dispersion=0.009, n=8070	effect_scale_validation.R:v1
GCST90200509	GCST90200509	passed	""	source	""	0.986582217726684	estimated_from_source_maf	437014	437014	0	0	0	186575	250439	0.01	0.5	0.986582217726684	0.00789994291176745	median implied SD=0.987, dispersion=0.008, n=250439	effect_scale_validation.R:v1
GCST90200510	GCST90200510	passed	""	source	""	0.99152436666253	estimated_from_source_maf	8111	8111	0	0	0	39	8072	0.01	0.5	0.99152436666253	0.00853369734300937	median implied SD=0.992, dispersion=0.009, n=8072	effect_scale_validation.R:v1
GCST90200511	GCST90200511	passed	""	source	""	0.97449330602315	estimated_from_source_maf	8132	8132	0	0	0	61	8071	0.01	0.5	0.97449330602315	0.00859911333281732	median implied SD=0.974, dispersion=0.009, n=8071	effect_scale_validation.R:v1
GCST90200512	GCST90200512	passed	""	source	""	0.949110808262285	estimated_from_source_maf	65678	65678	0	0	0	25916	39762	0.01	0.5	0.949110808262285	0.00789707494883694	median implied SD=0.949, dispersion=0.008, n=39762	effect_scale_validation.R:v1
GCST90200513	GCST90200513	passed	""	source	""	0.982730099187414	estimated_from_source_maf	8121	8121	0	0	0	52	8069	0.01	0.5	0.982730099187414	0.00856519276866863	median implied SD=0.983, dispersion=0.009, n=8069	effect_scale_validation.R:v1
GCST90200514	GCST90200514	passed	""	source	""	0.986614714254072	estimated_from_source_maf	32979	32979	0	0	0	10627	22352	0.01	0.5	0.986614714254072	0.00761454580125969	median implied SD=0.987, dispersion=0.008, n=22352	effect_scale_validation.R:v1
GCST90200515	GCST90200515	passed	""	source	""	1.00090249142632	estimated_from_source_maf	8141	8141	0	0	0	59	8082	0.01	0.5	1.00090249142632	0.00861453653669515	median implied SD=1.001, dispersion=0.009, n=8082	effect_scale_validation.R:v1
GCST90200516	GCST90200516	passed	""	source	""	0.997693390289167	estimated_from_source_maf	22878	22878	0	0	0	6711	16167	0.01	0.5	0.997693390289167	0.00739757616100612	median implied SD=0.998, dispersion=0.007, n=16167	effect_scale_validation.R:v1
GCST90200517	GCST90200517	passed	""	source	""	0.904330987177642	estimated_from_source_maf	24710	24710	0	0	0	8365	16345	0.01	0.5	0.904330987177642	0.00816923459411268	median implied SD=0.904, dispersion=0.008, n=16345	effect_scale_validation.R:v1
GCST90200518	GCST90200518	passed	""	source	""	0.9745593332984	estimated_from_source_maf	43117	43117	0	0	0	16450	26667	0.01	0.5	0.9745593332984	0.00883634695412013	median implied SD=0.975, dispersion=0.009, n=26667	effect_scale_validation.R:v1
GCST90200519	GCST90200519	passed	""	source	""	0.96613827109638	estimated_from_source_maf	18171	18171	0	0	0	5357	12814	0.01	0.5	0.96613827109638	0.00857657650531421	median implied SD=0.966, dispersion=0.009, n=12814	effect_scale_validation.R:v1
GCST90200520	GCST90200520	passed	""	source	""	0.999000524391754	estimated_from_source_maf	8161	8161	0	0	0	78	8083	0.01	0.5	0.999000524391754	0.0090314006225993	median implied SD=0.999, dispersion=0.009, n=8083	effect_scale_validation.R:v1
GCST90200521	GCST90200521	passed	""	source	""	0.991370547369784	estimated_from_source_maf	8102	8102	0	0	0	28	8074	0.01	0.5	0.991370547369784	0.00868758931760583	median implied SD=0.991, dispersion=0.009, n=8074	effect_scale_validation.R:v1
GCST90200522	GCST90200522	passed	""	source	""	0.999715758091306	estimated_from_source_maf	8134	8134	0	0	0	61	8073	0.01	0.5	0.999715758091306	0.00862998552923528	median implied SD=1.000, dispersion=0.009, n=8073	effect_scale_validation.R:v1
GCST90200523	GCST90200523	passed	""	source	""	0.997422868758641	estimated_from_source_maf	78018	78018	0	0	0	32520	45498	0.01	0.5	0.997422868758641	0.00738907130652683	median implied SD=0.997, dispersion=0.007, n=45498	effect_scale_validation.R:v1
GCST90200524	GCST90200524	passed	""	source	""	0.979578765028654	estimated_from_source_maf	8120	8120	0	0	0	51	8069	0.01	0.5	0.979578765028654	0.00903823891949177	median implied SD=0.980, dispersion=0.009, n=8069	effect_scale_validation.R:v1
GCST90200525	GCST90200525	passed	""	source	""	0.990602381664715	estimated_from_source_maf	19679	19679	0	0	0	4886	14793	0.01	0.5	0.990602381664715	0.00857084255253733	median implied SD=0.991, dispersion=0.009, n=14793	effect_scale_validation.R:v1
GCST90200526	GCST90200526	passed	""	source	""	0.98364693238299	estimated_from_source_maf	8127	8127	0	0	0	56	8071	0.01	0.5	0.98364693238299	0.00854055131006357	median implied SD=0.984, dispersion=0.009, n=8071	effect_scale_validation.R:v1
GCST90200527	GCST90200527	passed	""	source	""	0.970400392149665	estimated_from_source_maf	25013	25013	0	0	0	7659	17354	0.01	0.5	0.970400392149665	0.00799738955175776	median implied SD=0.970, dispersion=0.008, n=17354	effect_scale_validation.R:v1
GCST90200528	GCST90200528	passed	""	source	""	1.00249097310265	estimated_from_source_maf	8136	8136	0	0	0	58	8078	0.01	0.5	1.00249097310265	0.00874976415153542	median implied SD=1.002, dispersion=0.009, n=8078	effect_scale_validation.R:v1
GCST90200529	GCST90200529	passed	""	source	""	0.992576577889111	estimated_from_source_maf	34731	34731	0	0	0	11576	23155	0.01	0.5	0.992576577889111	0.00813183300558873	median implied SD=0.993, dispersion=0.008, n=23155	effect_scale_validation.R:v1
GCST90200530	GCST90200530	passed	""	source	""	0.986630098507896	estimated_from_source_maf	28049	28049	0	0	0	9466	18583	0.01	0.5	0.986630098507896	0.0077816400960152	median implied SD=0.987, dispersion=0.008, n=18583	effect_scale_validation.R:v1
GCST90200531	GCST90200531	passed	""	source	""	0.999461565990698	estimated_from_source_maf	8161	8161	0	0	0	89	8072	0.01	0.5	0.999461565990698	0.00842220759274998	median implied SD=0.999, dispersion=0.008, n=8072	effect_scale_validation.R:v1
GCST90200532	GCST90200532	passed	""	source	""	0.967560573247521	estimated_from_source_maf	59618	59618	0	0	0	21670	37948	0.01	0.5	0.967560573247521	0.00772971993851259	median implied SD=0.968, dispersion=0.008, n=37948	effect_scale_validation.R:v1
GCST90200533	GCST90200533	passed	""	source	""	0.970155663130013	estimated_from_source_maf	25560	25560	0	0	0	7909	17651	0.01	0.5	0.970155663130013	0.00771534143900292	median implied SD=0.970, dispersion=0.008, n=17651	effect_scale_validation.R:v1
GCST90200534	GCST90200534	passed	""	source	""	0.980662770076107	estimated_from_source_maf	8116	8116	0	0	0	44	8072	0.01	0.5	0.980662770076107	0.00852093361466243	median implied SD=0.981, dispersion=0.009, n=8072	effect_scale_validation.R:v1
GCST90200535	GCST90200535	passed	""	source	""	0.991509855045562	estimated_from_source_maf	19177	19177	0	0	0	5164	14013	0.01	0.5	0.991509855045562	0.00803468875150516	median implied SD=0.992, dispersion=0.008, n=14013	effect_scale_validation.R:v1
GCST90200536	GCST90200536	passed	""	source	""	0.983622821482725	estimated_from_source_maf	44283	44283	0	0	0	16348	27935	0.01	0.5	0.983622821482725	0.00913937179484313	median implied SD=0.984, dispersion=0.009, n=27935	effect_scale_validation.R:v1
GCST90200537	GCST90200537	passed	""	source	""	0.957709309899992	estimated_from_source_maf	78608	78608	0	0	0	30665	47943	0.01	0.5	0.957709309899992	0.00787087259417416	median implied SD=0.958, dispersion=0.008, n=47943	effect_scale_validation.R:v1
GCST90200538	GCST90200538	passed	""	source	""	0.998657696721329	estimated_from_source_maf	17688	17688	0	0	0	4866	12822	0.01	0.5	0.998657696721329	0.00782821503679675	median implied SD=0.999, dispersion=0.008, n=12822	effect_scale_validation.R:v1
GCST90200539	GCST90200539	passed	""	source	""	0.977011873576204	estimated_from_source_maf	33090	33090	0	0	0	12073	21017	0.01	0.5	0.977011873576204	0.00824588018610825	median implied SD=0.977, dispersion=0.008, n=21017	effect_scale_validation.R:v1
GCST90200540	GCST90200540	passed	""	source	""	0.951803585030213	estimated_from_source_maf	15387	15387	0	0	0	3331	12056	0.01	0.5	0.951803585030213	0.00815441392841268	median implied SD=0.952, dispersion=0.008, n=12056	effect_scale_validation.R:v1
GCST90200541	GCST90200541	passed	""	source	""	1.01623398217679	estimated_from_source_maf	7036333	7036333	0	0	0	3129388	3906945	0.01	0.5	1.01623398217679	0.00744634834837288	median implied SD=1.016, dispersion=0.007, n=3906945	effect_scale_validation.R:v1
GCST90200542	GCST90200542	passed	""	source	""	0.994592370804477	estimated_from_source_maf	8131	8131	0	0	0	45	8086	0.01	0.5	0.994592370804477	0.00852714928600203	median implied SD=0.995, dispersion=0.009, n=8086	effect_scale_validation.R:v1
GCST90200543	GCST90200543	passed	""	source	""	0.902625669893431	estimated_from_source_maf	42772	42772	0	0	0	14874	27898	0.01	0.5	0.902625669893431	0.00784044459026192	median implied SD=0.903, dispersion=0.008, n=27898	effect_scale_validation.R:v1
GCST90200544	GCST90200544	passed	""	source	""	0.989178364564274	estimated_from_source_maf	19142	19142	0	0	0	5234	13908	0.01	0.5	0.989178364564274	0.00917921695468581	median implied SD=0.989, dispersion=0.009, n=13908	effect_scale_validation.R:v1
GCST90200545	GCST90200545	passed	""	source	""	0.9884609866562	estimated_from_source_maf	8114	8114	0	0	0	39	8075	0.01	0.5	0.9884609866562	0.00897757395690783	median implied SD=0.988, dispersion=0.009, n=8075	effect_scale_validation.R:v1
GCST90200546	GCST90200546	passed	""	source	""	0.994211830167014	estimated_from_source_maf	19578	19578	0	0	0	5340	14238	0.01	0.5	0.994211830167014	0.00935102054752083	median implied SD=0.994, dispersion=0.009, n=14238	effect_scale_validation.R:v1
GCST90200547	GCST90200547	passed	""	source	""	0.967580071832161	estimated_from_source_maf	90656	90656	0	0	0	37032	53624	0.01	0.5	0.967580071832161	0.00741662794240485	median implied SD=0.968, dispersion=0.007, n=53624	effect_scale_validation.R:v1
GCST90200548	GCST90200548	passed	""	source	""	0.980464495699069	estimated_from_source_maf	44501	44501	0	0	0	16325	28176	0.01	0.5	0.980464495699069	0.00824893340950033	median implied SD=0.980, dispersion=0.008, n=28176	effect_scale_validation.R:v1
GCST90200549	GCST90200549	passed	""	source	""	0.991267320653099	estimated_from_source_maf	39252	39252	0	0	0	15296	23956	0.01	0.5	0.991267320653099	0.00809123483460511	median implied SD=0.991, dispersion=0.008, n=23956	effect_scale_validation.R:v1
GCST90200550	GCST90200550	passed	""	source	""	0.96596278182668	estimated_from_source_maf	64641	64641	0	0	0	26419	38222	0.01	0.5	0.96596278182668	0.00764486398152964	median implied SD=0.966, dispersion=0.008, n=38222	effect_scale_validation.R:v1
GCST90200551	GCST90200551	passed	""	source	""	0.975595255710971	estimated_from_source_maf	27917	27917	0	0	0	8935	18982	0.01	0.5	0.975595255710971	0.00793815110951775	median implied SD=0.976, dispersion=0.008, n=18982	effect_scale_validation.R:v1
GCST90200552	GCST90200552	passed	""	source	""	0.967922858310796	estimated_from_source_maf	8116	8116	0	0	0	48	8068	0.01	0.5	0.967922858310796	0.00885716721645874	median implied SD=0.968, dispersion=0.009, n=8068	effect_scale_validation.R:v1
GCST90200553	GCST90200553	passed	""	source	""	0.984717992168678	estimated_from_source_maf	61761	61761	0	0	0	24198	37563	0.01	0.5	0.984717992168678	0.00713792460046841	median implied SD=0.985, dispersion=0.007, n=37563	effect_scale_validation.R:v1
GCST90200554	GCST90200554	passed	""	source	""	0.990132553547449	estimated_from_source_maf	8119	8119	0	0	0	37	8082	0.01	0.5	0.990132553547449	0.00896480307336857	median implied SD=0.990, dispersion=0.009, n=8082	effect_scale_validation.R:v1
GCST90200555	GCST90200555	passed	""	source	""	0.995162349726875	estimated_from_source_maf	90982	90982	0	0	0	31166	59816	0.01	0.5	0.995162349726875	0.00731843593558929	median implied SD=0.995, dispersion=0.007, n=59816	effect_scale_validation.R:v1
GCST90200556	GCST90200556	passed	""	source	""	0.989975486926021	estimated_from_source_maf	38112	38112	0	0	0	12798	25314	0.01	0.5	0.989975486926021	0.00905626230434699	median implied SD=0.990, dispersion=0.009, n=25314	effect_scale_validation.R:v1
GCST90200557	GCST90200557	passed	""	source	""	0.991521602145918	estimated_from_source_maf	20983	20983	0	0	0	5759	15224	0.01	0.5	0.991521602145918	0.00811210651647351	median implied SD=0.992, dispersion=0.008, n=15224	effect_scale_validation.R:v1
GCST90200558	GCST90200558	passed	""	source	""	0.956396879554535	estimated_from_source_maf	51967	51967	0	0	0	21393	30574	0.01	0.5	0.956396879554535	0.00708557133571815	median implied SD=0.956, dispersion=0.007, n=30574	effect_scale_validation.R:v1
GCST90200559	GCST90200559	passed	""	source	""	0.978568462546767	estimated_from_source_maf	8144	8144	0	0	0	58	8086	0.01	0.5	0.978568462546767	0.00851093288095574	median implied SD=0.979, dispersion=0.009, n=8086	effect_scale_validation.R:v1
GCST90200560	GCST90200560	passed	""	source	""	0.979913527279282	estimated_from_source_maf	8126	8126	0	0	0	45	8081	0.01	0.5	0.979913527279282	0.00874645356132207	median implied SD=0.980, dispersion=0.009, n=8081	effect_scale_validation.R:v1
GCST90200561	GCST90200561	passed	""	source	""	0.984314912677934	estimated_from_source_maf	8181	8181	0	0	0	108	8073	0.01	0.5	0.984314912677934	0.00840868846546803	median implied SD=0.984, dispersion=0.008, n=8073	effect_scale_validation.R:v1
GCST90200562	GCST90200562	passed	""	source	""	0.977274805505268	estimated_from_source_maf	51056	51056	0	0	0	19174	31882	0.01	0.5	0.977274805505268	0.0079125952952658	median implied SD=0.977, dispersion=0.008, n=31882	effect_scale_validation.R:v1
GCST90200563	GCST90200563	passed	""	source	""	1.00087412668612	estimated_from_source_maf	8107	8107	0	0	0	41	8066	0.01	0.5	1.00087412668612	0.00850088409328198	median implied SD=1.001, dispersion=0.009, n=8066	effect_scale_validation.R:v1
GCST90200564	GCST90200564	passed	""	source	""	0.993365467569865	estimated_from_source_maf	42575	42575	0	0	0	15123	27452	0.01	0.5	0.993365467569865	0.00736239316138857	median implied SD=0.993, dispersion=0.007, n=27452	effect_scale_validation.R:v1
GCST90200565	GCST90200565	passed	""	source	""	1.00074959382275	estimated_from_source_maf	35368	35368	0	0	0	12560	22808	0.01	0.5	1.00074959382275	0.00785475067985213	median implied SD=1.001, dispersion=0.008, n=22808	effect_scale_validation.R:v1
GCST90200566	GCST90200566	passed	""	source	""	0.943557909872974	estimated_from_source_maf	22906	22906	0	0	0	6713	16193	0.01	0.5	0.943557909872974	0.00751311145688743	median implied SD=0.944, dispersion=0.008, n=16193	effect_scale_validation.R:v1
GCST90200567	GCST90200567	passed	""	source	""	0.971981597498393	estimated_from_source_maf	21155	21155	0	0	0	7154	14001	0.01	0.5	0.971981597498393	0.00764330737483448	median implied SD=0.972, dispersion=0.008, n=14001	effect_scale_validation.R:v1
GCST90200568	GCST90200568	passed	""	source	""	0.977896565157398	estimated_from_source_maf	19147	19147	0	0	0	5190	13957	0.01	0.5	0.977896565157398	0.00850860380890422	median implied SD=0.978, dispersion=0.009, n=13957	effect_scale_validation.R:v1
GCST90200569	GCST90200569	passed	""	source	""	0.991899906044628	estimated_from_source_maf	21403	21403	0	0	0	5796	15607	0.01	0.5	0.991899906044628	0.00771566854742379	median implied SD=0.992, dispersion=0.008, n=15607	effect_scale_validation.R:v1
GCST90200570	GCST90200570	passed	""	source	""	0.993036656741841	estimated_from_source_maf	45372	45372	0	0	0	17890	27482	0.01	0.5	0.993036656741841	0.00755210341648011	median implied SD=0.993, dispersion=0.008, n=27482	effect_scale_validation.R:v1
GCST90200571	GCST90200571	passed	""	source	""	0.977138399268646	estimated_from_source_maf	20941	20941	0	0	0	5094	15847	0.01	0.5	0.977138399268646	0.00781130296770624	median implied SD=0.977, dispersion=0.008, n=15847	effect_scale_validation.R:v1
GCST90200572	GCST90200572	passed	""	source	""	0.997098013670474	estimated_from_source_maf	8119	8119	0	0	0	49	8070	0.01	0.5	0.997098013670474	0.00921306254702057	median implied SD=0.997, dispersion=0.009, n=8070	effect_scale_validation.R:v1
GCST90200573	GCST90200573	passed	""	source	""	0.986957144946788	estimated_from_source_maf	18397	18397	0	0	0	4609	13788	0.01	0.5	0.986957144946788	0.00957741162865942	median implied SD=0.987, dispersion=0.010, n=13788	effect_scale_validation.R:v1
GCST90200574	GCST90200574	passed	""	source	""	0.996696702367766	estimated_from_source_maf	46058	46058	0	0	0	16637	29421	0.01	0.5	0.996696702367766	0.00821231939814216	median implied SD=0.997, dispersion=0.008, n=29421	effect_scale_validation.R:v1
GCST90200575	GCST90200575	passed	""	source	""	0.973342240011695	estimated_from_source_maf	23047	23047	0	0	0	5904	17143	0.01	0.5	0.973342240011695	0.00860214854040151	median implied SD=0.973, dispersion=0.009, n=17143	effect_scale_validation.R:v1
GCST90200576	GCST90200576	passed	""	source	""	0.963819416934233	estimated_from_source_maf	59486	59486	0	0	0	21846	37640	0.01	0.5	0.963819416934233	0.00753271664815476	median implied SD=0.964, dispersion=0.008, n=37640	effect_scale_validation.R:v1
GCST90200577	GCST90200577	passed	""	source	""	1.00119779272609	estimated_from_source_maf	67907	67907	0	0	0	21724	46183	0.01	0.5	1.00119779272609	0.00782023292040584	median implied SD=1.001, dispersion=0.008, n=46183	effect_scale_validation.R:v1
GCST90200578	GCST90200578	passed	""	source	""	0.991607288938419	estimated_from_source_maf	64809	64809	0	0	0	26289	38520	0.01	0.5	0.991607288938419	0.00758774255805926	median implied SD=0.992, dispersion=0.008, n=38520	effect_scale_validation.R:v1
GCST90200579	GCST90200579	passed	""	source	""	0.985082492424175	estimated_from_source_maf	43113	43113	0	0	0	14984	28129	0.01	0.5	0.985082492424175	0.00808650923193272	median implied SD=0.985, dispersion=0.008, n=28129	effect_scale_validation.R:v1
GCST90200580	GCST90200580	passed	""	source	""	0.927196885965965	estimated_from_source_maf	34570	34570	0	0	0	10827	23743	0.01	0.5	0.927196885965965	0.00781024481419249	median implied SD=0.927, dispersion=0.008, n=23743	effect_scale_validation.R:v1
GCST90200581	GCST90200581	passed	""	source	""	0.981289102177073	estimated_from_source_maf	87100	87100	0	0	0	34718	52382	0.01	0.5	0.981289102177073	0.00774421029341536	median implied SD=0.981, dispersion=0.008, n=52382	effect_scale_validation.R:v1
GCST90200582	GCST90200582	passed	""	source	""	0.994162754916686	estimated_from_source_maf	8103	8103	0	0	0	26	8077	0.01	0.5	0.994162754916686	0.00896459306491996	median implied SD=0.994, dispersion=0.009, n=8077	effect_scale_validation.R:v1
GCST90200583	GCST90200583	passed	""	source	""	0.994562069406617	estimated_from_source_maf	20028	20028	0	0	0	5342	14686	0.01	0.5	0.994562069406617	0.00914079259325053	median implied SD=0.995, dispersion=0.009, n=14686	effect_scale_validation.R:v1
GCST90200584	GCST90200584	passed	""	source	""	0.980365535048199	estimated_from_source_maf	27275	27275	0	0	0	8932	18343	0.01	0.5	0.980365535048199	0.00803577396927151	median implied SD=0.980, dispersion=0.008, n=18343	effect_scale_validation.R:v1
GCST90200585	GCST90200585	passed	""	source	""	0.974615408421103	estimated_from_source_maf	40968	40968	0	0	0	16154	24814	0.01	0.5	0.974615408421103	0.00731746066970857	median implied SD=0.975, dispersion=0.007, n=24814	effect_scale_validation.R:v1
GCST90200586	GCST90200586	passed	""	source	""	0.981023091916226	estimated_from_source_maf	50808	50808	0	0	0	18542	32266	0.01	0.5	0.981023091916226	0.00774370659614187	median implied SD=0.981, dispersion=0.008, n=32266	effect_scale_validation.R:v1
GCST90200587	GCST90200587	passed	""	source	""	0.969507124107695	estimated_from_source_maf	50676	50676	0	0	0	17734	32942	0.01	0.5	0.969507124107695	0.0080357024339031	median implied SD=0.970, dispersion=0.008, n=32942	effect_scale_validation.R:v1
GCST90200588	GCST90200588	passed	""	source	""	0.975639359494164	estimated_from_source_maf	8124	8124	0	0	0	49	8075	0.01	0.5	0.975639359494164	0.0094512032962724	median implied SD=0.976, dispersion=0.009, n=8075	effect_scale_validation.R:v1
GCST90200589	GCST90200589	passed	""	source	""	0.978079505584288	estimated_from_source_maf	17674	17674	0	0	0	4474	13200	0.01	0.5	0.978079505584288	0.00818112332124234	median implied SD=0.978, dispersion=0.008, n=13200	effect_scale_validation.R:v1
GCST90200590	GCST90200590	passed	""	source	""	0.975669661874003	estimated_from_source_maf	90542	90542	0	0	0	37157	53385	0.01	0.5	0.975669661874003	0.00747893654102147	median implied SD=0.976, dispersion=0.007, n=53385	effect_scale_validation.R:v1
GCST90200591	GCST90200591	passed	""	source	""	0.99651810286481	estimated_from_source_maf	18050	18050	0	0	0	4691	13359	0.01	0.5	0.99651810286481	0.00853617302621699	median implied SD=0.997, dispersion=0.009, n=13359	effect_scale_validation.R:v1
GCST90200592	GCST90200592	passed	""	source	""	0.980902086653509	estimated_from_source_maf	61601	61601	0	0	0	26106	35495	0.01	0.5	0.980902086653509	0.00726066428529725	median implied SD=0.981, dispersion=0.007, n=35495	effect_scale_validation.R:v1
GCST90200593	GCST90200593	passed	""	source	""	1.00111748257482	estimated_from_source_maf	34924	34924	0	0	0	12228	22696	0.01	0.5	1.00111748257482	0.00764565308952432	median implied SD=1.001, dispersion=0.008, n=22696	effect_scale_validation.R:v1
GCST90200594	GCST90200594	passed	""	source	""	0.992774721209899	estimated_from_source_maf	58342	58342	0	0	0	22633	35709	0.01	0.5	0.992774721209899	0.0072621245375312	median implied SD=0.993, dispersion=0.007, n=35709	effect_scale_validation.R:v1
GCST90200595	GCST90200595	passed	""	source	""	1.00243858216842	estimated_from_source_maf	8115	8115	0	0	0	49	8066	0.01	0.5	1.00243858216842	0.00890774184825896	median implied SD=1.002, dispersion=0.009, n=8066	effect_scale_validation.R:v1
GCST90200596	GCST90200596	passed	""	source	""	0.996505399093652	estimated_from_source_maf	19951	19951	0	0	0	5077	14874	0.01	0.5	0.996505399093652	0.00845486801236442	median implied SD=0.997, dispersion=0.008, n=14874	effect_scale_validation.R:v1
GCST90200597	GCST90200597	passed	""	source	""	0.99517439546758	estimated_from_source_maf	19960	19960	0	0	0	5073	14887	0.01	0.5	0.99517439546758	0.0083597430251963	median implied SD=0.995, dispersion=0.008, n=14887	effect_scale_validation.R:v1
GCST90200598	GCST90200598	passed	""	source	""	0.996342790392793	estimated_from_source_maf	31339	31339	0	0	0	10389	20950	0.01	0.5	0.996342790392793	0.00824252356278101	median implied SD=0.996, dispersion=0.008, n=20950	effect_scale_validation.R:v1
GCST90200599	GCST90200599	passed	""	source	""	1.00130330040505	estimated_from_source_maf	54682	54682	0	0	0	21519	33163	0.01	0.5	1.00130330040505	0.00752811128834238	median implied SD=1.001, dispersion=0.008, n=33163	effect_scale_validation.R:v1
GCST90200600	GCST90200600	passed	""	source	""	0.977585487999235	estimated_from_source_maf	8138	8138	0	0	0	64	8074	0.01	0.5	0.977585487999235	0.00866690605493625	median implied SD=0.978, dispersion=0.009, n=8074	effect_scale_validation.R:v1
GCST90200601	GCST90200601	passed	""	source	""	0.959899125846985	estimated_from_source_maf	36621	36621	0	0	0	11696	24925	0.01	0.5	0.959899125846985	0.00730057435828486	median implied SD=0.960, dispersion=0.007, n=24925	effect_scale_validation.R:v1
GCST90200602	GCST90200602	passed	""	source	""	0.98510856862767	estimated_from_source_maf	53816	53816	0	0	0	19488	34328	0.01	0.5	0.98510856862767	0.00895459639546536	median implied SD=0.985, dispersion=0.009, n=34328	effect_scale_validation.R:v1
GCST90200603	GCST90200603	passed	""	source	""	0.951272888367403	estimated_from_source_maf	89221	89221	0	0	0	36294	52927	0.01	0.5	0.951272888367403	0.00807958517951632	median implied SD=0.951, dispersion=0.008, n=52927	effect_scale_validation.R:v1
GCST90200604	GCST90200604	passed	""	source	""	0.999422372485995	estimated_from_source_maf	19793	19793	0	0	0	5943	13850	0.01	0.5	0.999422372485995	0.00776662715305054	median implied SD=0.999, dispersion=0.008, n=13850	effect_scale_validation.R:v1
GCST90200605	GCST90200605	passed	""	source	""	0.998573376722763	estimated_from_source_maf	8115	8115	0	0	0	37	8078	0.01	0.5	0.998573376722763	0.00971254818327211	median implied SD=0.999, dispersion=0.010, n=8078	effect_scale_validation.R:v1
GCST90200606	GCST90200606	passed	""	source	""	0.985611138064165	estimated_from_source_maf	29628	29628	0	0	0	9688	19940	0.01	0.5	0.985611138064165	0.00849380523296338	median implied SD=0.986, dispersion=0.008, n=19940	effect_scale_validation.R:v1
GCST90200607	GCST90200607	passed	""	source	""	1.00682505690526	estimated_from_source_maf	32252	32252	0	0	0	10848	21404	0.01	0.5	1.00682505690526	0.00753144947586992	median implied SD=1.007, dispersion=0.008, n=21404	effect_scale_validation.R:v1
GCST90200608	GCST90200608	passed	""	source	""	0.938956145743224	estimated_from_source_maf	40642	40642	0	0	0	13841	26801	0.01	0.5	0.938956145743224	0.00800821037176921	median implied SD=0.939, dispersion=0.008, n=26801	effect_scale_validation.R:v1
GCST90200609	GCST90200609	passed	""	source	""	0.994399414160562	estimated_from_source_maf	48424	48424	0	0	0	17901	30523	0.01	0.5	0.994399414160562	0.00746636261717473	median implied SD=0.994, dispersion=0.007, n=30523	effect_scale_validation.R:v1
GCST90200610	GCST90200610	passed	""	source	""	0.945619300804914	estimated_from_source_maf	8166	8166	0	0	0	89	8077	0.01	0.5	0.945619300804914	0.00858012990332222	median implied SD=0.946, dispersion=0.009, n=8077	effect_scale_validation.R:v1
GCST90200611	GCST90200611	passed	""	source	""	0.998282111329755	estimated_from_source_maf	21397	21397	0	0	0	5663	15734	0.01	0.5	0.998282111329755	0.0077824803016298	median implied SD=0.998, dispersion=0.008, n=15734	effect_scale_validation.R:v1
GCST90200612	GCST90200612	passed	""	source	""	0.985964420100771	estimated_from_source_maf	18966	18966	0	0	0	4437	14529	0.01	0.5	0.985964420100771	0.00885129287781558	median implied SD=0.986, dispersion=0.009, n=14529	effect_scale_validation.R:v1
GCST90200613	GCST90200613	passed	""	source	""	0.973009856984686	estimated_from_source_maf	34792	34792	0	0	0	13033	21759	0.01	0.5	0.973009856984686	0.00767593094557249	median implied SD=0.973, dispersion=0.008, n=21759	effect_scale_validation.R:v1
GCST90200614	GCST90200614	passed	""	source	""	0.989919679635941	estimated_from_source_maf	23991	23991	0	0	0	7437	16554	0.01	0.5	0.989919679635941	0.00753937334022195	median implied SD=0.990, dispersion=0.008, n=16554	effect_scale_validation.R:v1
GCST90200615	GCST90200615	passed	""	source	""	0.992121918108174	estimated_from_source_maf	34386	34386	0	0	0	11601	22785	0.01	0.5	0.992121918108174	0.00820187122811285	median implied SD=0.992, dispersion=0.008, n=22785	effect_scale_validation.R:v1
GCST90200616	GCST90200616	passed	""	source	""	0.926252292937474	estimated_from_source_maf	50583	50583	0	0	0	19324	31259	0.01	0.5	0.926252292937474	0.00735701861095513	median implied SD=0.926, dispersion=0.007, n=31259	effect_scale_validation.R:v1
GCST90200617	GCST90200617	passed	""	source	""	0.999687527456177	estimated_from_source_maf	8113	8113	0	0	0	41	8072	0.01	0.5	0.999687527456177	0.00856162074779361	median implied SD=1.000, dispersion=0.009, n=8072	effect_scale_validation.R:v1
GCST90200618	GCST90200618	passed	""	source	""	0.961666749425906	estimated_from_source_maf	8110	8110	0	0	0	34	8076	0.01	0.5	0.961666749425906	0.00845517120484629	median implied SD=0.962, dispersion=0.008, n=8076	effect_scale_validation.R:v1
GCST90200619	GCST90200619	passed	""	source	""	0.970379807755934	estimated_from_source_maf	8128	8128	0	0	0	52	8076	0.01	0.5	0.970379807755934	0.00855195260764333	median implied SD=0.970, dispersion=0.009, n=8076	effect_scale_validation.R:v1
GCST90200620	GCST90200620	passed	""	source	""	0.979504481600987	estimated_from_source_maf	32505	32505	0	0	0	10631	21874	0.01	0.5	0.979504481600987	0.00729827356851039	median implied SD=0.980, dispersion=0.007, n=21874	effect_scale_validation.R:v1
GCST90200621	GCST90200621	passed	""	source	""	0.9832240456122	estimated_from_source_maf	43103	43103	0	0	0	17079	26024	0.01	0.5	0.9832240456122	0.00735224647471462	median implied SD=0.983, dispersion=0.007, n=26024	effect_scale_validation.R:v1
GCST90200622	GCST90200622	passed	""	source	""	0.968096916368196	estimated_from_source_maf	19560	19560	0	0	0	5421	14139	0.01	0.5	0.968096916368196	0.00828413085299548	median implied SD=0.968, dispersion=0.008, n=14139	effect_scale_validation.R:v1
GCST90200623	GCST90200623	passed	""	source	""	0.989032827813226	estimated_from_source_maf	64529	64529	0	0	0	25875	38654	0.01	0.5	0.989032827813226	0.0070052850130774	median implied SD=0.989, dispersion=0.007, n=38654	effect_scale_validation.R:v1
GCST90200624	GCST90200624	passed	""	source	""	0.883716422695263	estimated_from_source_maf	78091	78091	0	0	0	33420	44671	0.01	0.5	0.883716422695263	0.00789236971973208	median implied SD=0.884, dispersion=0.008, n=44671	effect_scale_validation.R:v1
GCST90200625	GCST90200625	passed	""	source	""	0.992179904150328	estimated_from_source_maf	8137	8137	0	0	0	51	8086	0.01	0.5	0.992179904150328	0.00901674803079146	median implied SD=0.992, dispersion=0.009, n=8086	effect_scale_validation.R:v1
GCST90200626	GCST90200626	passed	""	source	""	0.967081939755017	estimated_from_source_maf	55659	55659	0	0	0	20970	34689	0.01	0.5	0.967081939755017	0.00875619921499719	median implied SD=0.967, dispersion=0.009, n=34689	effect_scale_validation.R:v1
GCST90200627	GCST90200627	passed	""	source	""	0.987684430597711	estimated_from_source_maf	41473	41473	0	0	0	14547	26926	0.01	0.5	0.987684430597711	0.00872980636530436	median implied SD=0.988, dispersion=0.009, n=26926	effect_scale_validation.R:v1
GCST90200628	GCST90200628	passed	""	source	""	0.983957261134997	estimated_from_source_maf	64353	64353	0	0	0	24643	39710	0.01	0.5	0.983957261134997	0.00708763371764271	median implied SD=0.984, dispersion=0.007, n=39710	effect_scale_validation.R:v1
GCST90200629	GCST90200629	passed	""	source	""	0.984071348546894	estimated_from_source_maf	39305	39305	0	0	0	14674	24631	0.01	0.5	0.984071348546894	0.0080923896051122	median implied SD=0.984, dispersion=0.008, n=24631	effect_scale_validation.R:v1
GCST90200630	GCST90200630	passed	""	source	""	0.926423624651016	estimated_from_source_maf	51751	51751	0	0	0	18960	32791	0.01	0.5	0.926423624651016	0.00821220965213483	median implied SD=0.926, dispersion=0.008, n=32791	effect_scale_validation.R:v1
GCST90200631	GCST90200631	passed	""	source	""	0.998062158615389	estimated_from_source_maf	35299	35299	0	0	0	13320	21979	0.01	0.5	0.998062158615389	0.00773326174084984	median implied SD=0.998, dispersion=0.008, n=21979	effect_scale_validation.R:v1
GCST90200632	GCST90200632	passed	""	source	""	1.00294150249788	estimated_from_source_maf	21533	21533	0	0	0	6025	15508	0.01	0.5	1.00294150249788	0.00810159592598206	median implied SD=1.003, dispersion=0.008, n=15508	effect_scale_validation.R:v1
GCST90200633	GCST90200633	passed	""	source	""	0.902907549855593	estimated_from_source_maf	28485	28485	0	0	0	9226	19259	0.01	0.5	0.902907549855593	0.00815553138824054	median implied SD=0.903, dispersion=0.008, n=19259	effect_scale_validation.R:v1
GCST90200634	GCST90200634	passed	""	source	""	0.950501916208876	estimated_from_source_maf	52978	52978	0	0	0	18906	34072	0.01	0.5	0.950501916208876	0.00854666515764071	median implied SD=0.951, dispersion=0.009, n=34072	effect_scale_validation.R:v1
GCST90200635	GCST90200635	passed	""	source	""	0.977471635747902	estimated_from_source_maf	67437	67437	0	0	0	25352	42085	0.01	0.5	0.977471635747902	0.00747760924022846	median implied SD=0.977, dispersion=0.007, n=42085	effect_scale_validation.R:v1
GCST90200636	GCST90200636	passed	""	source	""	0.911414516379022	estimated_from_source_maf	72845	72845	0	0	0	29062	43783	0.01	0.5	0.911414516379022	0.00769697043976051	median implied SD=0.911, dispersion=0.008, n=43783	effect_scale_validation.R:v1
GCST90200637	GCST90200637	passed	""	source	""	0.959018461227537	estimated_from_source_maf	24017	24017	0	0	0	7155	16862	0.01	0.5	0.959018461227537	0.0079751628785287	median implied SD=0.959, dispersion=0.008, n=16862	effect_scale_validation.R:v1
GCST90200638	GCST90200638	passed	""	source	""	0.995215168566751	estimated_from_source_maf	20341	20341	0	0	0	5773	14568	0.01	0.5	0.995215168566751	0.00864980443541886	median implied SD=0.995, dispersion=0.009, n=14568	effect_scale_validation.R:v1
GCST90200639	GCST90200639	passed	""	source	""	0.997837424814432	estimated_from_source_maf	29536	29536	0	0	0	10075	19461	0.01	0.5	0.997837424814432	0.00859272270612484	median implied SD=0.998, dispersion=0.009, n=19461	effect_scale_validation.R:v1
GCST90200640	GCST90200640	passed	""	source	""	0.959492086673589	estimated_from_source_maf	17532	17532	0	0	0	4256	13276	0.01	0.5	0.959492086673589	0.00850288562146582	median implied SD=0.959, dispersion=0.009, n=13276	effect_scale_validation.R:v1
GCST90200641	GCST90200641	passed	""	source	""	0.995451716807367	estimated_from_source_maf	19998	19998	0	0	0	5045	14953	0.01	0.5	0.995451716807367	0.00810416534925843	median implied SD=0.995, dispersion=0.008, n=14953	effect_scale_validation.R:v1
GCST90200642	GCST90200642	passed	""	source	""	1.0027085612835	estimated_from_source_maf	18422	18422	0	0	0	4870	13552	0.01	0.5	1.0027085612835	0.00929862076180674	median implied SD=1.003, dispersion=0.009, n=13552	effect_scale_validation.R:v1
GCST90200643	GCST90200643	passed	""	source	""	0.959713177895964	estimated_from_source_maf	36806	36806	0	0	0	11418	25388	0.01	0.5	0.959713177895964	0.00838336177918735	median implied SD=0.960, dispersion=0.008, n=25388	effect_scale_validation.R:v1
GCST90200644	GCST90200644	passed	""	source	""	0.941866822321378	estimated_from_source_maf	8141	8141	0	0	0	49	8092	0.01	0.5	0.941866822321378	0.00856982598528401	median implied SD=0.942, dispersion=0.009, n=8092	effect_scale_validation.R:v1
GCST90200645	GCST90200645	passed	""	source	""	0.994399738299752	estimated_from_source_maf	285912	285912	0	0	0	116801	169111	0.01	0.5	0.994399738299752	0.00915787783287133	median implied SD=0.994, dispersion=0.009, n=169111	effect_scale_validation.R:v1
GCST90200646	GCST90200646	passed	""	source	""	0.976035580725143	estimated_from_source_maf	106550	106550	0	0	0	45699	60851	0.01	0.5	0.976035580725143	0.00718939237756728	median implied SD=0.976, dispersion=0.007, n=60851	effect_scale_validation.R:v1
GCST90200647	GCST90200647	passed	""	source	""	0.975450444208498	estimated_from_source_maf	34047	34047	0	0	0	12148	21899	0.01	0.5	0.975450444208498	0.00929102031982134	median implied SD=0.975, dispersion=0.009, n=21899	effect_scale_validation.R:v1
GCST90200648	GCST90200648	passed	""	source	""	0.970015594095645	estimated_from_source_maf	19452	19452	0	0	0	6165	13287	0.01	0.5	0.970015594095645	0.00841936394969998	median implied SD=0.970, dispersion=0.008, n=13287	effect_scale_validation.R:v1
GCST90200649	GCST90200649	passed	""	source	""	0.943393222431161	estimated_from_source_maf	89912	89912	0	0	0	35632	54280	0.01	0.5	0.943393222431161	0.00733639564497661	median implied SD=0.943, dispersion=0.007, n=54280	effect_scale_validation.R:v1
GCST90200650	GCST90200650	passed	""	source	""	0.979939964609174	estimated_from_source_maf	45347	45347	0	0	0	15802	29545	0.01	0.5	0.979939964609174	0.00798915044376035	median implied SD=0.980, dispersion=0.008, n=29545	effect_scale_validation.R:v1
GCST90200651	GCST90200651	passed	""	source	""	0.979477424293849	estimated_from_source_maf	97575	97575	0	0	0	39790	57785	0.01	0.5	0.979477424293849	0.00755794272588346	median implied SD=0.979, dispersion=0.008, n=57785	effect_scale_validation.R:v1
GCST90200652	GCST90200652	passed	""	source	""	0.987608288886596	estimated_from_source_maf	51695	51695	0	0	0	19749	31946	0.01	0.5	0.987608288886596	0.00731031440281923	median implied SD=0.988, dispersion=0.007, n=31946	effect_scale_validation.R:v1
GCST90200653	GCST90200653	passed	""	source	""	0.993971584099809	estimated_from_source_maf	19230	19230	0	0	0	5191	14039	0.01	0.5	0.993971584099809	0.00785436733450181	median implied SD=0.994, dispersion=0.008, n=14039	effect_scale_validation.R:v1
GCST90200654	GCST90200654	passed	""	source	""	1.00311273226011	estimated_from_source_maf	8098	8098	0	0	0	29	8069	0.01	0.5	1.00311273226011	0.0106635475855078	median implied SD=1.003, dispersion=0.011, n=8069	effect_scale_validation.R:v1
GCST90200655	GCST90200655	passed	""	source	""	0.975113675656966	estimated_from_source_maf	19746	19746	0	0	0	6921	12825	0.01	0.5	0.975113675656966	0.00782069146136979	median implied SD=0.975, dispersion=0.008, n=12825	effect_scale_validation.R:v1
GCST90200656	GCST90200656	passed	""	source	""	0.979753989035849	estimated_from_source_maf	45699	45699	0	0	0	16327	29372	0.01	0.5	0.979753989035849	0.00738613166958671	median implied SD=0.980, dispersion=0.007, n=29372	effect_scale_validation.R:v1
GCST90200657	GCST90200657	passed	""	source	""	0.98848675436744	estimated_from_source_maf	16244	16244	0	0	0	3552	12692	0.01	0.5	0.98848675436744	0.00811118798516538	median implied SD=0.988, dispersion=0.008, n=12692	effect_scale_validation.R:v1
GCST90200658	GCST90200658	passed	""	source	""	0.995915343900185	estimated_from_source_maf	8195	8195	0	0	0	109	8086	0.01	0.5	0.995915343900185	0.00858411513913313	median implied SD=0.996, dispersion=0.009, n=8086	effect_scale_validation.R:v1
GCST90200659	GCST90200659	passed	""	source	""	0.999442061309759	estimated_from_source_maf	8134	8134	0	0	0	50	8084	0.01	0.5	0.999442061309759	0.0084800042898178	median implied SD=0.999, dispersion=0.008, n=8084	effect_scale_validation.R:v1
GCST90200660	GCST90200660	passed	""	source	""	0.993016236066728	estimated_from_source_maf	18528	18528	0	0	0	4848	13680	0.01	0.5	0.993016236066728	0.00806665758220012	median implied SD=0.993, dispersion=0.008, n=13680	effect_scale_validation.R:v1
GCST90200661	GCST90200661	passed	""	source	""	0.926306341086172	estimated_from_source_maf	94025	94025	0	0	0	38232	55793	0.01	0.5	0.926306341086172	0.00772582457403132	median implied SD=0.926, dispersion=0.008, n=55793	effect_scale_validation.R:v1
GCST90200662	GCST90200662	passed	""	source	""	0.90280480817694	estimated_from_source_maf	23160	23160	0	0	0	6538	16622	0.01	0.5	0.90280480817694	0.00844005481599202	median implied SD=0.903, dispersion=0.008, n=16622	effect_scale_validation.R:v1
GCST90200663	GCST90200663	passed	""	source	""	0.937170668779712	estimated_from_source_maf	26690	26690	0	0	0	8429	18261	0.01	0.5	0.937170668779712	0.00753718763689329	median implied SD=0.937, dispersion=0.008, n=18261	effect_scale_validation.R:v1
GCST90200664	GCST90200664	passed	""	source	""	0.980473309007588	estimated_from_source_maf	70163	70163	0	0	0	27477	42686	0.01	0.5	0.980473309007588	0.0078684991047321	median implied SD=0.980, dispersion=0.008, n=42686	effect_scale_validation.R:v1
GCST90200665	GCST90200665	passed	""	source	""	0.998156307726413	estimated_from_source_maf	34989	34989	0	0	0	11486	23503	0.01	0.5	0.998156307726413	0.00795251984662895	median implied SD=0.998, dispersion=0.008, n=23503	effect_scale_validation.R:v1
GCST90200666	GCST90200666	passed	""	source	""	0.983799843476183	estimated_from_source_maf	19873	19873	0	0	0	4690	15183	0.01	0.5	0.983799843476183	0.00768477422812077	median implied SD=0.984, dispersion=0.008, n=15183	effect_scale_validation.R:v1
GCST90200667	GCST90200667	passed	""	source	""	0.971357696031639	estimated_from_source_maf	8110	8110	0	0	0	37	8073	0.01	0.5	0.971357696031639	0.00864365128937256	median implied SD=0.971, dispersion=0.009, n=8073	effect_scale_validation.R:v1
GCST90200668	GCST90200668	passed	""	source	""	0.996360174248799	estimated_from_source_maf	19437	19437	0	0	0	5183	14254	0.01	0.5	0.996360174248799	0.00811563133544117	median implied SD=0.996, dispersion=0.008, n=14254	effect_scale_validation.R:v1
GCST90200669	GCST90200669	passed	""	source	""	0.988441812593906	estimated_from_source_maf	8142	8142	0	0	0	65	8077	0.01	0.5	0.988441812593906	0.00852865852112058	median implied SD=0.988, dispersion=0.009, n=8077	effect_scale_validation.R:v1
GCST90200670	GCST90200670	passed	""	source	""	0.984465487871686	estimated_from_source_maf	38972	38972	0	0	0	12455	26517	0.01	0.5	0.984465487871686	0.0078133267027105	median implied SD=0.984, dispersion=0.008, n=26517	effect_scale_validation.R:v1
GCST90200671	GCST90200671	passed	""	source	""	0.965565360901406	estimated_from_source_maf	72591	72591	0	0	0	27720	44871	0.01	0.5	0.965565360901406	0.00826448898505476	median implied SD=0.966, dispersion=0.008, n=44871	effect_scale_validation.R:v1
GCST90200672	GCST90200672	passed	""	source	""	0.959103108719674	estimated_from_source_maf	63948	63948	0	0	0	25237	38711	0.01	0.5	0.959103108719674	0.00828633689265911	median implied SD=0.959, dispersion=0.008, n=38711	effect_scale_validation.R:v1
GCST90200673	GCST90200673	passed	""	source	""	0.983471104142574	estimated_from_source_maf	87522	87522	0	0	0	36028	51494	0.01	0.5	0.983471104142574	0.00742918928867994	median implied SD=0.983, dispersion=0.007, n=51494	effect_scale_validation.R:v1
GCST90200674	GCST90200674	passed	""	source	""	0.950514387938543	estimated_from_source_maf	153389	153389	0	0	0	60894	92495	0.01	0.5	0.950514387938543	0.00752606633488876	median implied SD=0.951, dispersion=0.008, n=92495	effect_scale_validation.R:v1
GCST90200675	GCST90200675	passed	""	source	""	0.990154083854075	estimated_from_source_maf	47062	47062	0	0	0	19229	27833	0.01	0.5	0.990154083854075	0.00844374109580719	median implied SD=0.990, dispersion=0.008, n=27833	effect_scale_validation.R:v1
GCST90200676	GCST90200676	passed	""	source	""	0.967544112561173	estimated_from_source_maf	50090	50090	0	0	0	19716	30374	0.01	0.5	0.967544112561173	0.00766442320770182	median implied SD=0.968, dispersion=0.008, n=30374	effect_scale_validation.R:v1
GCST90200677	GCST90200677	passed	""	source	""	0.954550053284971	estimated_from_source_maf	46068	46068	0	0	0	19159	26909	0.01	0.5	0.954550053284971	0.00782673915393348	median implied SD=0.955, dispersion=0.008, n=26909	effect_scale_validation.R:v1
GCST90200678	GCST90200678	passed	""	source	""	0.988429618033397	estimated_from_source_maf	44655	44655	0	0	0	18686	25969	0.01	0.5	0.988429618033397	0.00743005162411278	median implied SD=0.988, dispersion=0.007, n=25969	effect_scale_validation.R:v1
GCST90200679	GCST90200679	passed	""	source	""	0.987299870154403	estimated_from_source_maf	67972	67972	0	0	0	28326	39646	0.01	0.5	0.987299870154403	0.00782282298918606	median implied SD=0.987, dispersion=0.008, n=39646	effect_scale_validation.R:v1
GCST90200680	GCST90200680	passed	""	source	""	1.0045530947579	estimated_from_source_maf	30490	30490	0	0	0	9095	21395	0.01	0.5	1.0045530947579	0.00850585037597782	median implied SD=1.005, dispersion=0.009, n=21395	effect_scale_validation.R:v1
GCST90200681	GCST90200681	passed	""	source	""	0.920438683985387	estimated_from_source_maf	99032	99032	0	0	0	42215	56817	0.01	0.5	0.920438683985387	0.00739589753504605	median implied SD=0.920, dispersion=0.007, n=56817	effect_scale_validation.R:v1
GCST90200682	GCST90200682	passed	""	source	""	0.930883300109354	estimated_from_source_maf	35430	35430	0	0	0	12654	22776	0.01	0.5	0.930883300109354	0.00781041681964029	median implied SD=0.931, dispersion=0.008, n=22776	effect_scale_validation.R:v1
GCST90200683	GCST90200683	passed	""	source	""	0.985431121115166	estimated_from_source_maf	20726	20726	0	0	0	6627	14099	0.01	0.5	0.985431121115166	0.0087067481299974	median implied SD=0.985, dispersion=0.009, n=14099	effect_scale_validation.R:v1
GCST90200684	GCST90200684	passed	""	source	""	0.983593946121237	estimated_from_source_maf	63835	63835	0	0	0	21503	42332	0.01	0.5	0.983593946121237	0.0109774276882944	median implied SD=0.984, dispersion=0.011, n=42332	effect_scale_validation.R:v1
GCST90200685	GCST90200685	passed	""	source	""	0.982876976016116	estimated_from_source_maf	54667	54667	0	0	0	22419	32248	0.01	0.5	0.982876976016116	0.00754121924225002	median implied SD=0.983, dispersion=0.008, n=32248	effect_scale_validation.R:v1
GCST90200686	GCST90200686	passed	""	source	""	0.98250613386451	estimated_from_source_maf	50829	50829	0	0	0	18261	32568	0.01	0.5	0.98250613386451	0.00753787311900997	median implied SD=0.983, dispersion=0.008, n=32568	effect_scale_validation.R:v1
GCST90200687	GCST90200687	passed	""	source	""	0.968951965873477	estimated_from_source_maf	37566	37566	0	0	0	12141	25425	0.01	0.5	0.968951965873477	0.00802602696630264	median implied SD=0.969, dispersion=0.008, n=25425	effect_scale_validation.R:v1
GCST90200688	GCST90200688	passed	""	source	""	0.843017716779299	estimated_from_source_maf	85631	85631	0	0	0	34389	51242	0.01	0.5	0.843017716779299	0.00744417350033063	median implied SD=0.843, dispersion=0.007, n=51242	effect_scale_validation.R:v1
GCST90200689	GCST90200689	passed	""	source	""	0.997319399773609	estimated_from_source_maf	56387	56387	0	0	0	22590	33797	0.01	0.5	0.997319399773609	0.00725558238509668	median implied SD=0.997, dispersion=0.007, n=33797	effect_scale_validation.R:v1
GCST90200690	GCST90200690	passed	""	source	""	0.973697830943176	estimated_from_source_maf	67881	67881	0	0	0	28200	39681	0.01	0.5	0.973697830943176	0.00773023583151938	median implied SD=0.974, dispersion=0.008, n=39681	effect_scale_validation.R:v1
GCST90200691	GCST90200691	passed	""	source	""	0.986536392533749	estimated_from_source_maf	36412	36412	0	0	0	13714	22698	0.01	0.5	0.986536392533749	0.00782095833264136	median implied SD=0.987, dispersion=0.008, n=22698	effect_scale_validation.R:v1
GCST90200692	GCST90200692	passed	""	source	""	0.99244020621673	estimated_from_source_maf	31171	31171	0	0	0	11759	19412	0.01	0.5	0.99244020621673	0.00790527227439885	median implied SD=0.992, dispersion=0.008, n=19412	effect_scale_validation.R:v1
GCST90200693	GCST90200693	passed	""	source	""	0.973388446223725	estimated_from_source_maf	53238	53238	0	0	0	19564	33674	0.01	0.5	0.973388446223725	0.00787886719904598	median implied SD=0.973, dispersion=0.008, n=33674	effect_scale_validation.R:v1
GCST90200694	GCST90200694	passed	""	source	""	0.981397299261007	estimated_from_source_maf	34253	34253	0	0	0	12481	21772	0.01	0.5	0.981397299261007	0.00793475423717104	median implied SD=0.981, dispersion=0.008, n=21772	effect_scale_validation.R:v1
GCST90200695	GCST90200695	passed	""	source	""	0.987571381252938	estimated_from_source_maf	80002	80002	0	0	0	31261	48741	0.01	0.5	0.987571381252938	0.00727306448776495	median implied SD=0.988, dispersion=0.007, n=48741	effect_scale_validation.R:v1
GCST90200696	GCST90200696	passed	""	source	""	0.99208734240558	estimated_from_source_maf	26640	26640	0	0	0	8929	17711	0.01	0.5	0.99208734240558	0.00752731058122016	median implied SD=0.992, dispersion=0.008, n=17711	effect_scale_validation.R:v1
GCST90200697	GCST90200697	passed	""	source	""	0.989061292763329	estimated_from_source_maf	41880	41880	0	0	0	16735	25145	0.01	0.5	0.989061292763329	0.00792370060985613	median implied SD=0.989, dispersion=0.008, n=25145	effect_scale_validation.R:v1
GCST90200698	GCST90200698	passed	""	source	""	0.99579413599309	estimated_from_source_maf	39556	39556	0	0	0	15567	23989	0.01	0.5	0.99579413599309	0.00784203632830426	median implied SD=0.996, dispersion=0.008, n=23989	effect_scale_validation.R:v1
GCST90200699	GCST90200699	passed	""	source	""	0.972009639290978	estimated_from_source_maf	46075	46075	0	0	0	14796	31279	0.01	0.5	0.972009639290978	0.00784615478051402	median implied SD=0.972, dispersion=0.008, n=31279	effect_scale_validation.R:v1
GCST90200700	GCST90200700	passed	""	source	""	0.965653651546904	estimated_from_source_maf	52679	52679	0	0	0	20390	32289	0.01	0.5	0.965653651546904	0.00742191810562658	median implied SD=0.966, dispersion=0.007, n=32289	effect_scale_validation.R:v1
GCST90200701	GCST90200701	passed	""	source	""	0.960817224140986	estimated_from_source_maf	24374	24374	0	0	0	6895	17479	0.01	0.5	0.960817224140986	0.00838243113637255	median implied SD=0.961, dispersion=0.008, n=17479	effect_scale_validation.R:v1
GCST90200702	GCST90200702	passed	""	source	""	0.960079936686385	estimated_from_source_maf	24372	24372	0	0	0	6886	17486	0.01	0.5	0.960079936686385	0.00841341623679947	median implied SD=0.960, dispersion=0.008, n=17486	effect_scale_validation.R:v1
GCST90200703	GCST90200703	passed	""	source	""	0.961949049069221	estimated_from_source_maf	36515	36515	0	0	0	11709	24806	0.01	0.5	0.961949049069221	0.00796454022498511	median implied SD=0.962, dispersion=0.008, n=24806	effect_scale_validation.R:v1
GCST90200704	GCST90200704	passed	""	source	""	0.967601880306702	estimated_from_source_maf	37880	37880	0	0	0	12380	25500	0.01	0.5	0.967601880306702	0.00797475847737267	median implied SD=0.968, dispersion=0.008, n=25500	effect_scale_validation.R:v1
GCST90200705	GCST90200705	passed	""	source	""	0.974447778288604	estimated_from_source_maf	87970	87970	0	0	0	36913	51057	0.01	0.5	0.974447778288604	0.00758534028331154	median implied SD=0.974, dispersion=0.008, n=51057	effect_scale_validation.R:v1
GCST90200706	GCST90200706	passed	""	source	""	0.937722058959715	estimated_from_source_maf	46938	46938	0	0	0	17177	29761	0.01	0.5	0.937722058959715	0.00816439862833921	median implied SD=0.938, dispersion=0.008, n=29761	effect_scale_validation.R:v1
GCST90200707	GCST90200707	passed	""	source	""	0.958695595171116	estimated_from_source_maf	71629	71629	0	0	0	26524	45105	0.01	0.5	0.958695595171116	0.00696370503023899	median implied SD=0.959, dispersion=0.007, n=45105	effect_scale_validation.R:v1
GCST90200708	GCST90200708	passed	""	source	""	0.997254080916474	estimated_from_source_maf	97566	97566	0	0	0	39553	58013	0.01	0.5	0.997254080916474	0.00729440081914836	median implied SD=0.997, dispersion=0.007, n=58013	effect_scale_validation.R:v1
GCST90200709	GCST90200709	passed	""	source	""	0.993577005593892	estimated_from_source_maf	75672	75672	0	0	0	30230	45442	0.01	0.5	0.993577005593892	0.0073054157097708	median implied SD=0.994, dispersion=0.007, n=45442	effect_scale_validation.R:v1
GCST90200710	GCST90200710	passed	""	source	""	0.974544891458868	estimated_from_source_maf	52347	52347	0	0	0	20739	31608	0.01	0.5	0.974544891458868	0.00769599980415322	median implied SD=0.975, dispersion=0.008, n=31608	effect_scale_validation.R:v1
GCST90200711	GCST90200711	passed	""	source	""	0.976758885944227	estimated_from_source_maf	106059	106059	0	0	0	36565	69494	0.01	0.5	0.976758885944227	0.00688353082173504	median implied SD=0.977, dispersion=0.007, n=69494	effect_scale_validation.R:v1
GCST90200712	GCST90200712	passed	""	source	""	0.991544456998984	estimated_from_source_maf	8110	8110	0	0	0	34	8076	0.01	0.5	0.991544456998984	0.0087983361429336	median implied SD=0.992, dispersion=0.009, n=8076	effect_scale_validation.R:v1
GCST90200713	GCST90200713	passed	""	source	""	0.998919050375328	estimated_from_source_maf	20744	20744	0	0	0	5450	15294	0.01	0.5	0.998919050375328	0.0079857782079701	median implied SD=0.999, dispersion=0.008, n=15294	effect_scale_validation.R:v1
GCST90200714	GCST90200714	passed	""	source	""	0.995517598629862	estimated_from_source_maf	8117	8117	0	0	0	41	8076	0.01	0.5	0.995517598629862	0.00858025057888031	median implied SD=0.996, dispersion=0.009, n=8076	effect_scale_validation.R:v1
GCST90200715	GCST90200715	passed	""	source	""	0.933262206105313	estimated_from_source_maf	19561	19561	0	0	0	4826	14735	0.01	0.5	0.933262206105313	0.00832501265526214	median implied SD=0.933, dispersion=0.008, n=14735	effect_scale_validation.R:v1
GCST90200716	GCST90200716	passed	""	source	""	1.00234395506089	estimated_from_source_maf	23739	23739	0	0	0	7370	16369	0.01	0.5	1.00234395506089	0.0103423624800995	median implied SD=1.002, dispersion=0.010, n=16369	effect_scale_validation.R:v1
GCST90200717	GCST90200717	passed	""	source	""	0.984469987844854	estimated_from_source_maf	29955	29955	0	0	0	9149	20806	0.01	0.5	0.984469987844854	0.00860061905354435	median implied SD=0.984, dispersion=0.009, n=20806	effect_scale_validation.R:v1
GCST90200718	GCST90200718	passed	""	source	""	0.99753851422022	estimated_from_source_maf	18432	18432	0	0	0	4971	13461	0.01	0.5	0.99753851422022	0.00777708998954386	median implied SD=0.998, dispersion=0.008, n=13461	effect_scale_validation.R:v1
GCST90200719	GCST90200719	passed	""	source	""	0.976823838365446	estimated_from_source_maf	8113	8113	0	0	0	45	8068	0.01	0.5	0.976823838365446	0.00898565508486875	median implied SD=0.977, dispersion=0.009, n=8068	effect_scale_validation.R:v1
GCST90200720	GCST90200720	passed	""	source	""	0.982265012147093	estimated_from_source_maf	8123	8123	0	0	0	52	8071	0.01	0.5	0.982265012147093	0.0100527118514549	median implied SD=0.982, dispersion=0.010, n=8071	effect_scale_validation.R:v1
GCST90200721	GCST90200721	passed	""	source	""	0.995056963353835	estimated_from_source_maf	8116	8116	0	0	0	47	8069	0.01	0.5	0.995056963353835	0.0100664942729001	median implied SD=0.995, dispersion=0.010, n=8069	effect_scale_validation.R:v1
GCST90200722	GCST90200722	passed	""	source	""	0.928022409714591	estimated_from_source_maf	22656	22656	0	0	0	5849	16807	0.01	0.5	0.928022409714591	0.00915375271892416	median implied SD=0.928, dispersion=0.009, n=16807	effect_scale_validation.R:v1
GCST90200723	GCST90200723	passed	""	source	""	0.94759969179989	estimated_from_source_maf	58182	58182	0	0	0	20326	37856	0.01	0.5	0.94759969179989	0.00865047322932713	median implied SD=0.948, dispersion=0.009, n=37856	effect_scale_validation.R:v1
GCST90200724	GCST90200724	passed	""	source	""	1.00317599156415	estimated_from_source_maf	8123	8123	0	0	0	49	8074	0.01	0.5	1.00317599156415	0.00871756774794053	median implied SD=1.003, dispersion=0.009, n=8074	effect_scale_validation.R:v1
GCST90200725	GCST90200725	passed	""	source	""	0.987754913137434	estimated_from_source_maf	18410	18410	0	0	0	4835	13575	0.01	0.5	0.987754913137434	0.00942891757864896	median implied SD=0.988, dispersion=0.009, n=13575	effect_scale_validation.R:v1
GCST90200726	GCST90200726	passed	""	source	""	0.980554292062564	estimated_from_source_maf	64410	64410	0	0	0	24269	40141	0.01	0.5	0.980554292062564	0.00739369854966463	median implied SD=0.981, dispersion=0.007, n=40141	effect_scale_validation.R:v1
GCST90200727	GCST90200727	passed	""	source	""	0.993727532351792	estimated_from_source_maf	8116	8116	0	0	0	46	8070	0.01	0.5	0.993727532351792	0.00912564492391516	median implied SD=0.994, dispersion=0.009, n=8070	effect_scale_validation.R:v1
GCST90200728	GCST90200728	passed	""	source	""	1.00190590884754	estimated_from_source_maf	8139	8139	0	0	0	58	8081	0.01	0.5	1.00190590884754	0.0101366838822535	median implied SD=1.002, dispersion=0.010, n=8081	effect_scale_validation.R:v1
GCST90200729	GCST90200729	passed	""	source	""	0.984197751322234	estimated_from_source_maf	19919	19919	0	0	0	5594	14325	0.01	0.5	0.984197751322234	0.0086573600827207	median implied SD=0.984, dispersion=0.009, n=14325	effect_scale_validation.R:v1
GCST90200730	GCST90200730	passed	""	source	""	0.993139629304852	estimated_from_source_maf	21172	21172	0	0	0	6031	15141	0.01	0.5	0.993139629304852	0.00841543347697578	median implied SD=0.993, dispersion=0.008, n=15141	effect_scale_validation.R:v1
GCST90200731	GCST90200731	passed	""	source	""	0.98584193336314	estimated_from_source_maf	16746	16746	0	0	0	4475	12271	0.01	0.5	0.98584193336314	0.00982873689015001	median implied SD=0.986, dispersion=0.010, n=12271	effect_scale_validation.R:v1
GCST90200732	GCST90200732	passed	""	source	""	0.994509627033132	estimated_from_source_maf	8123	8123	0	0	0	46	8077	0.01	0.5	0.994509627033132	0.0101758914309665	median implied SD=0.995, dispersion=0.010, n=8077	effect_scale_validation.R:v1
GCST90200733	GCST90200733	passed	""	source	""	0.984039595873909	estimated_from_source_maf	8125	8125	0	0	0	48	8077	0.01	0.5	0.984039595873909	0.0102644813293219	median implied SD=0.984, dispersion=0.010, n=8077	effect_scale_validation.R:v1
GCST90200734	GCST90200734	passed	""	source	""	0.986935081518654	estimated_from_source_maf	8116	8116	0	0	0	44	8072	0.01	0.5	0.986935081518654	0.00852094354865096	median implied SD=0.987, dispersion=0.009, n=8072	effect_scale_validation.R:v1
GCST90200735	GCST90200735	passed	""	source	""	0.985070050434647	estimated_from_source_maf	64642	64642	0	0	0	27175	37467	0.01	0.5	0.985070050434647	0.00772741682279116	median implied SD=0.985, dispersion=0.008, n=37467	effect_scale_validation.R:v1
GCST90200736	GCST90200736	passed	""	source	""	0.99092872149383	estimated_from_source_maf	8120	8120	0	0	0	50	8070	0.01	0.5	0.99092872149383	0.0100624635325375	median implied SD=0.991, dispersion=0.010, n=8070	effect_scale_validation.R:v1
GCST90200737	GCST90200737	passed	""	source	""	0.979817799722158	estimated_from_source_maf	8123	8123	0	0	0	49	8074	0.01	0.5	0.979817799722158	0.01025704049047	median implied SD=0.980, dispersion=0.010, n=8074	effect_scale_validation.R:v1
GCST90200738	GCST90200738	passed	""	source	""	1.00066045068993	estimated_from_source_maf	18578	18578	0	0	0	4069	14509	0.01	0.5	1.00066045068993	0.0100476260646821	median implied SD=1.001, dispersion=0.010, n=14509	effect_scale_validation.R:v1
GCST90200739	GCST90200739	passed	""	source	""	0.978415084822355	estimated_from_source_maf	16779	16779	0	0	0	4105	12674	0.01	0.5	0.978415084822355	0.00790043837589835	median implied SD=0.978, dispersion=0.008, n=12674	effect_scale_validation.R:v1
GCST90200740	GCST90200740	passed	""	source	""	0.990029724436483	estimated_from_source_maf	30152	30152	0	0	0	11346	18806	0.01	0.5	0.990029724436483	0.00812473872010838	median implied SD=0.990, dispersion=0.008, n=18806	effect_scale_validation.R:v1
GCST90200741	GCST90200741	passed	""	source	""	0.978672324295615	estimated_from_source_maf	8123	8123	0	0	0	48	8075	0.01	0.5	0.978672324295615	0.00853749528054212	median implied SD=0.979, dispersion=0.009, n=8075	effect_scale_validation.R:v1
GCST90200742	GCST90200742	passed	""	source	""	0.946592951716704	estimated_from_source_maf	18565	18565	0	0	0	4043	14522	0.01	0.5	0.946592951716704	0.00845259122631663	median implied SD=0.947, dispersion=0.008, n=14522	effect_scale_validation.R:v1
GCST90200743	GCST90200743	passed	""	source	""	0.982868269059746	estimated_from_source_maf	60694	60694	0	0	0	23295	37399	0.01	0.5	0.982868269059746	0.00765826068620125	median implied SD=0.983, dispersion=0.008, n=37399	effect_scale_validation.R:v1
GCST90200744	GCST90200744	passed	""	source	""	0.953076190931075	estimated_from_source_maf	18063	18063	0	0	0	4924	13139	0.01	0.5	0.953076190931075	0.00795863557749752	median implied SD=0.953, dispersion=0.008, n=13139	effect_scale_validation.R:v1
GCST90200745	GCST90200745	passed	""	source	""	0.983898414641918	estimated_from_source_maf	8115	8115	0	0	0	35	8080	0.01	0.5	0.983898414641918	0.00855754215397153	median implied SD=0.984, dispersion=0.009, n=8080	effect_scale_validation.R:v1
GCST90200746	GCST90200746	passed	""	source	""	0.989306541196096	estimated_from_source_maf	8120	8120	0	0	0	44	8076	0.01	0.5	0.989306541196096	0.0100697662442854	median implied SD=0.989, dispersion=0.010, n=8076	effect_scale_validation.R:v1
GCST90200747	GCST90200747	passed	""	source	""	0.984337783494326	estimated_from_source_maf	8120	8120	0	0	0	44	8076	0.01	0.5	0.984337783494326	0.00856640875194233	median implied SD=0.984, dispersion=0.009, n=8076	effect_scale_validation.R:v1
GCST90200748	GCST90200748	passed	""	source	""	0.958709132397386	estimated_from_source_maf	30704	30704	0	0	0	9661	21043	0.01	0.5	0.958709132397386	0.00838743267795214	median implied SD=0.959, dispersion=0.008, n=21043	effect_scale_validation.R:v1
GCST90200749	GCST90200749	passed	""	source	""	0.975574192067465	estimated_from_source_maf	18625	18625	0	0	0	5414	13211	0.01	0.5	0.975574192067465	0.00781700219159175	median implied SD=0.976, dispersion=0.008, n=13211	effect_scale_validation.R:v1
GCST90200750	GCST90200750	passed	""	source	""	0.97281368450514	estimated_from_source_maf	54339	54339	0	0	0	20948	33391	0.01	0.5	0.97281368450514	0.00784718100257977	median implied SD=0.973, dispersion=0.008, n=33391	effect_scale_validation.R:v1
GCST90200751	GCST90200751	passed	""	source	""	0.92050075753098	estimated_from_source_maf	8127	8127	0	0	0	56	8071	0.01	0.5	0.92050075753098	0.0085410247565955	median implied SD=0.921, dispersion=0.009, n=8071	effect_scale_validation.R:v1
GCST90200752	GCST90200752	passed	""	source	""	1.00812675342113	estimated_from_source_maf	8105	8105	0	0	0	40	8065	0.01	0.5	1.00812675342113	0.00887396975623866	median implied SD=1.008, dispersion=0.009, n=8065	effect_scale_validation.R:v1
GCST90200753	GCST90200753	passed	""	source	""	0.962978681908286	estimated_from_source_maf	28420	28420	0	0	0	8440	19980	0.01	0.5	0.962978681908286	0.00797930470442566	median implied SD=0.963, dispersion=0.008, n=19980	effect_scale_validation.R:v1
GCST90200754	GCST90200754	passed	""	source	""	0.993486839736159	estimated_from_source_maf	25926	25926	0	0	0	7274	18652	0.01	0.5	0.993486839736159	0.00841899186006752	median implied SD=0.993, dispersion=0.008, n=18652	effect_scale_validation.R:v1
GCST90200755	GCST90200755	passed	""	source	""	0.992181733595138	estimated_from_source_maf	8126	8126	0	0	0	46	8080	0.01	0.5	0.992181733595138	0.00999865527144261	median implied SD=0.992, dispersion=0.010, n=8080	effect_scale_validation.R:v1
GCST90200756	GCST90200756	passed	""	source	""	0.979572328813527	estimated_from_source_maf	20552	20552	0	0	0	5610	14942	0.01	0.5	0.979572328813527	0.00771736512794572	median implied SD=0.980, dispersion=0.008, n=14942	effect_scale_validation.R:v1
GCST90200757	GCST90200757	passed	""	source	""	0.95448025296736	estimated_from_source_maf	21815	21815	0	0	0	6134	15681	0.01	0.5	0.95448025296736	0.0076227668585145	median implied SD=0.954, dispersion=0.008, n=15681	effect_scale_validation.R:v1
GCST90200758	GCST90200758	passed	""	source	""	0.982345889064787	estimated_from_source_maf	49091	49091	0	0	0	18105	30986	0.01	0.5	0.982345889064787	0.0072059423892375	median implied SD=0.982, dispersion=0.007, n=30986	effect_scale_validation.R:v1
GCST90200759	GCST90200759	passed	""	source	""	0.990972481551276	estimated_from_source_maf	39500	39500	0	0	0	12335	27165	0.01	0.5	0.990972481551276	0.00767107411920929	median implied SD=0.991, dispersion=0.008, n=27165	effect_scale_validation.R:v1
GCST90200760	GCST90200760	passed	""	source	""	0.968140289022673	estimated_from_source_maf	62502	62502	0	0	0	23796	38706	0.01	0.5	0.968140289022673	0.00774204185263135	median implied SD=0.968, dispersion=0.008, n=38706	effect_scale_validation.R:v1
GCST90200761	GCST90200761	passed	""	source	""	0.996423873729006	estimated_from_source_maf	54206	54206	0	0	0	19213	34993	0.01	0.5	0.996423873729006	0.00736412574746835	median implied SD=0.996, dispersion=0.007, n=34993	effect_scale_validation.R:v1
GCST90200762	GCST90200762	passed	""	source	""	0.948685283438599	estimated_from_source_maf	8127	8127	0	0	0	53	8074	0.01	0.5	0.948685283438599	0.00848844253335738	median implied SD=0.949, dispersion=0.008, n=8074	effect_scale_validation.R:v1
GCST90200763	GCST90200763	passed	""	source	""	0.939315552005265	estimated_from_source_maf	32161	32161	0	0	0	10777	21384	0.01	0.5	0.939315552005265	0.00806169604343973	median implied SD=0.939, dispersion=0.008, n=21384	effect_scale_validation.R:v1
GCST90200764	GCST90200764	passed	""	source	""	0.984789724060035	estimated_from_source_maf	40132	40132	0	0	0	14107	26025	0.01	0.5	0.984789724060035	0.0072414204941581	median implied SD=0.985, dispersion=0.007, n=26025	effect_scale_validation.R:v1
GCST90200765	GCST90200765	passed	""	source	""	0.974245405309499	estimated_from_source_maf	19329	19329	0	0	0	5180	14149	0.01	0.5	0.974245405309499	0.00831841774148444	median implied SD=0.974, dispersion=0.008, n=14149	effect_scale_validation.R:v1
GCST90200766	GCST90200766	passed	""	source	""	0.988655105872815	estimated_from_source_maf	19689	19689	0	0	0	4809	14880	0.01	0.5	0.988655105872815	0.00789064257229088	median implied SD=0.989, dispersion=0.008, n=14880	effect_scale_validation.R:v1
GCST90200767	GCST90200767	passed	""	source	""	0.97025010025743	estimated_from_source_maf	8114	8114	0	0	0	44	8070	0.01	0.5	0.97025010025743	0.00849325814868902	median implied SD=0.970, dispersion=0.008, n=8070	effect_scale_validation.R:v1
GCST90200768	GCST90200768	passed	""	source	""	0.952948050131756	estimated_from_source_maf	29962	29962	0	0	0	9490	20472	0.01	0.5	0.952948050131756	0.0077100124273831	median implied SD=0.953, dispersion=0.008, n=20472	effect_scale_validation.R:v1
GCST90200769	GCST90200769	passed	""	source	""	0.970023190203482	estimated_from_source_maf	20027	20027	0	0	0	5930	14097	0.01	0.5	0.970023190203482	0.00746203788097949	median implied SD=0.970, dispersion=0.007, n=14097	effect_scale_validation.R:v1
GCST90200770	GCST90200770	passed	""	source	""	1.00010760680359	estimated_from_source_maf	46751	46751	0	0	0	19022	27729	0.01	0.5	1.00010760680359	0.00690242088063738	median implied SD=1.000, dispersion=0.007, n=27729	effect_scale_validation.R:v1
GCST90200771	GCST90200771	passed	""	source	""	0.989290284763663	estimated_from_source_maf	8103	8103	0	0	0	36	8067	0.01	0.5	0.989290284763663	0.00858624731863237	median implied SD=0.989, dispersion=0.009, n=8067	effect_scale_validation.R:v1
GCST90200772	GCST90200772	passed	""	source	""	0.9889623561135	estimated_from_source_maf	39226	39226	0	0	0	13763	25463	0.01	0.5	0.9889623561135	0.00807322597664219	median implied SD=0.989, dispersion=0.008, n=25463	effect_scale_validation.R:v1
GCST90200773	GCST90200773	passed	""	source	""	0.980927793562345	estimated_from_source_maf	39181	39181	0	0	0	14194	24987	0.01	0.5	0.980927793562345	0.00739991321833417	median implied SD=0.981, dispersion=0.007, n=24987	effect_scale_validation.R:v1
GCST90200774	GCST90200774	passed	""	source	""	0.94646016575441	estimated_from_source_maf	40532	40532	0	0	0	13458	27074	0.01	0.5	0.94646016575441	0.00691229908957613	median implied SD=0.946, dispersion=0.007, n=27074	effect_scale_validation.R:v1
GCST90200775	GCST90200775	passed	""	source	""	0.983194690574917	estimated_from_source_maf	36774	36774	0	0	0	13965	22809	0.01	0.5	0.983194690574917	0.00740794491847245	median implied SD=0.983, dispersion=0.007, n=22809	effect_scale_validation.R:v1
GCST90200776	GCST90200776	passed	""	source	""	0.942692590844341	estimated_from_source_maf	26775	26775	0	0	0	9407	17368	0.01	0.5	0.942692590844341	0.00797548505859733	median implied SD=0.943, dispersion=0.008, n=17368	effect_scale_validation.R:v1
GCST90200777	GCST90200777	passed	""	source	""	0.976634030693334	estimated_from_source_maf	18331	18331	0	0	0	4351	13980	0.01	0.5	0.976634030693334	0.00743182183960724	median implied SD=0.977, dispersion=0.007, n=13980	effect_scale_validation.R:v1
GCST90200778	GCST90200778	passed	""	source	""	0.999844223852763	estimated_from_source_maf	29193	29193	0	0	0	8978	20215	0.01	0.5	0.999844223852763	0.00750680559920985	median implied SD=1.000, dispersion=0.008, n=20215	effect_scale_validation.R:v1
GCST90200779	GCST90200779	passed	""	source	""	0.958037333582979	estimated_from_source_maf	20685	20685	0	0	0	5458	15227	0.01	0.5	0.958037333582979	0.00818086133538446	median implied SD=0.958, dispersion=0.008, n=15227	effect_scale_validation.R:v1
GCST90200780	GCST90200780	passed	""	source	""	1.00037620693484	estimated_from_source_maf	8118	8118	0	0	0	45	8073	0.01	0.5	1.00037620693484	0.00850264573168215	median implied SD=1.000, dispersion=0.009, n=8073	effect_scale_validation.R:v1
GCST90200781	GCST90200781	passed	""	source	""	0.984325050893574	estimated_from_source_maf	19441	19441	0	0	0	5333	14108	0.01	0.5	0.984325050893574	0.00788955699196828	median implied SD=0.984, dispersion=0.008, n=14108	effect_scale_validation.R:v1
GCST90200782	GCST90200782	passed	""	source	""	0.993340969994218	estimated_from_source_maf	28516	28516	0	0	0	9786	18730	0.01	0.5	0.993340969994218	0.00781396243644128	median implied SD=0.993, dispersion=0.008, n=18730	effect_scale_validation.R:v1
GCST90200783	GCST90200783	passed	""	source	""	0.994341837719757	estimated_from_source_maf	29690	29690	0	0	0	9657	20033	0.01	0.5	0.994341837719757	0.00727461162350334	median implied SD=0.994, dispersion=0.007, n=20033	effect_scale_validation.R:v1
GCST90200784	GCST90200784	passed	""	source	""	0.952299828681045	estimated_from_source_maf	26738	26738	0	0	0	9375	17363	0.01	0.5	0.952299828681045	0.00790725873885864	median implied SD=0.952, dispersion=0.008, n=17363	effect_scale_validation.R:v1
GCST90200785	GCST90200785	passed	""	source	""	1.00186642079466	estimated_from_source_maf	29601	29601	0	0	0	12122	17479	0.01	0.5	1.00186642079466	0.00778124832330849	median implied SD=1.002, dispersion=0.008, n=17479	effect_scale_validation.R:v1
GCST90200786	GCST90200786	passed	""	source	""	0.997499302614081	estimated_from_source_maf	25543	25543	0	0	0	8081	17462	0.01	0.5	0.997499302614081	0.00825818993468187	median implied SD=0.997, dispersion=0.008, n=17462	effect_scale_validation.R:v1
GCST90200787	GCST90200787	passed	""	source	""	0.981687238000436	estimated_from_source_maf	69005	69005	0	0	0	29303	39702	0.01	0.5	0.981687238000436	0.00743507440812451	median implied SD=0.982, dispersion=0.007, n=39702	effect_scale_validation.R:v1
GCST90200788	GCST90200788	passed	""	source	""	0.976740157448606	estimated_from_source_maf	33136	33136	0	0	0	12489	20647	0.01	0.5	0.976740157448606	0.00826634420150483	median implied SD=0.977, dispersion=0.008, n=20647	effect_scale_validation.R:v1
GCST90200789	GCST90200789	passed	""	source	""	0.998785127110384	estimated_from_source_maf	27975	27975	0	0	0	9064	18911	0.01	0.5	0.998785127110384	0.00805247409226471	median implied SD=0.999, dispersion=0.008, n=18911	effect_scale_validation.R:v1
GCST90200790	GCST90200790	passed	""	source	""	0.997561081031717	estimated_from_source_maf	20085	20085	0	0	0	5602	14483	0.01	0.5	0.997561081031717	0.00886897184406665	median implied SD=0.998, dispersion=0.009, n=14483	effect_scale_validation.R:v1
GCST90200791	GCST90200791	passed	""	source	""	0.900568135386056	estimated_from_source_maf	41149	41149	0	0	0	15663	25486	0.01	0.5	0.900568135386056	0.00764976619917641	median implied SD=0.901, dispersion=0.008, n=25486	effect_scale_validation.R:v1
GCST90200792	GCST90200792	passed	""	source	""	0.987699914034826	estimated_from_source_maf	29611	29611	0	0	0	9574	20037	0.01	0.5	0.987699914034826	0.00737986945985478	median implied SD=0.988, dispersion=0.007, n=20037	effect_scale_validation.R:v1
GCST90200793	GCST90200793	passed	""	source	""	1.00070952084411	estimated_from_source_maf	52293	52293	0	0	0	19838	32455	0.01	0.5	1.00070952084411	0.00820970962842605	median implied SD=1.001, dispersion=0.008, n=32455	effect_scale_validation.R:v1
GCST90200794	GCST90200794	passed	""	source	""	0.990944910469589	estimated_from_source_maf	84248	84248	0	0	0	34895	49353	0.01	0.5	0.990944910469589	0.00747497499954522	median implied SD=0.991, dispersion=0.007, n=49353	effect_scale_validation.R:v1
GCST90200795	GCST90200795	passed	""	source	""	0.990519625387796	estimated_from_source_maf	44131	44131	0	0	0	17317	26814	0.01	0.5	0.990519625387796	0.00765032335533988	median implied SD=0.991, dispersion=0.008, n=26814	effect_scale_validation.R:v1
GCST90200796	GCST90200796	passed	""	source	""	0.988182002765045	estimated_from_source_maf	55019	55019	0	0	0	20216	34803	0.01	0.5	0.988182002765045	0.00772417037637239	median implied SD=0.988, dispersion=0.008, n=34803	effect_scale_validation.R:v1
GCST90200797	GCST90200797	passed	""	source	""	0.982214559449226	estimated_from_source_maf	49680	49680	0	0	0	17373	32307	0.01	0.5	0.982214559449226	0.0075244004416177	median implied SD=0.982, dispersion=0.008, n=32307	effect_scale_validation.R:v1
GCST90200798	GCST90200798	passed	""	source	""	0.997303314801562	estimated_from_source_maf	48614	48614	0	0	0	17301	31313	0.01	0.5	0.997303314801562	0.00816391452628881	median implied SD=0.997, dispersion=0.008, n=31313	effect_scale_validation.R:v1
GCST90200799	GCST90200799	passed	""	source	""	0.987685975807365	estimated_from_source_maf	8129	8129	0	0	0	48	8081	0.01	0.5	0.987685975807365	0.0102580873050959	median implied SD=0.988, dispersion=0.010, n=8081	effect_scale_validation.R:v1
GCST90200800	GCST90200800	passed	""	source	""	0.990350937328068	estimated_from_source_maf	20741	20741	0	0	0	5443	15298	0.01	0.5	0.990350937328068	0.00792160752954331	median implied SD=0.990, dispersion=0.008, n=15298	effect_scale_validation.R:v1
GCST90200801	GCST90200801	passed	""	source	""	0.947637413496142	estimated_from_source_maf	54223	54223	0	0	0	20375	33848	0.01	0.5	0.947637413496142	0.0076496153767729	median implied SD=0.948, dispersion=0.008, n=33848	effect_scale_validation.R:v1
GCST90200802	GCST90200802	passed	""	source	""	0.99607183078191	estimated_from_source_maf	31076	31076	0	0	0	10255	20821	0.01	0.5	0.99607183078191	0.00756638711314984	median implied SD=0.996, dispersion=0.008, n=20821	effect_scale_validation.R:v1
GCST90200803	GCST90200803	passed	""	source	""	0.97656708962417	estimated_from_source_maf	20748	20748	0	0	0	5448	15300	0.01	0.5	0.97656708962417	0.00795974498169046	median implied SD=0.977, dispersion=0.008, n=15300	effect_scale_validation.R:v1
GCST90200804	GCST90200804	passed	""	source	""	0.999334124548645	estimated_from_source_maf	20746	20746	0	0	0	5458	15288	0.01	0.5	0.999334124548645	0.00793682828043324	median implied SD=0.999, dispersion=0.008, n=15288	effect_scale_validation.R:v1
GCST90200805	GCST90200805	passed	""	source	""	0.995562109513312	estimated_from_source_maf	32005	32005	0	0	0	10659	21346	0.01	0.5	0.995562109513312	0.0078535498906721	median implied SD=0.996, dispersion=0.008, n=21346	effect_scale_validation.R:v1
GCST90200806	GCST90200806	passed	""	source	""	0.992337825342186	estimated_from_source_maf	29487	29487	0	0	0	10215	19272	0.01	0.5	0.992337825342186	0.00740368362670151	median implied SD=0.992, dispersion=0.007, n=19272	effect_scale_validation.R:v1
GCST90200807	GCST90200807	passed	""	source	""	0.985811557198389	estimated_from_source_maf	46199	46199	0	0	0	18408	27791	0.01	0.5	0.985811557198389	0.00710873909471339	median implied SD=0.986, dispersion=0.007, n=27791	effect_scale_validation.R:v1
GCST90200808	GCST90200808	passed	""	source	""	0.995176341490093	estimated_from_source_maf	20751	20751	0	0	0	5456	15295	0.01	0.5	0.995176341490093	0.00784730917505447	median implied SD=0.995, dispersion=0.008, n=15295	effect_scale_validation.R:v1
GCST90200809	GCST90200809	passed	""	source	""	0.995990027329348	estimated_from_source_maf	8109	8109	0	0	0	35	8074	0.01	0.5	0.995990027329348	0.00903659018568441	median implied SD=0.996, dispersion=0.009, n=8074	effect_scale_validation.R:v1
GCST90200810	GCST90200810	passed	""	source	""	0.985204557442051	estimated_from_source_maf	35983	35983	0	0	0	12694	23289	0.01	0.5	0.985204557442051	0.00794530514789318	median implied SD=0.985, dispersion=0.008, n=23289	effect_scale_validation.R:v1
GCST90200811	GCST90200811	passed	""	source	""	0.998400236613137	estimated_from_source_maf	43926	43926	0	0	0	15936	27990	0.01	0.5	0.998400236613137	0.00833992037412287	median implied SD=0.998, dispersion=0.008, n=27990	effect_scale_validation.R:v1
GCST90200812	GCST90200812	passed	""	source	""	0.959921747401648	estimated_from_source_maf	18088	18088	0	0	0	4926	13162	0.01	0.5	0.959921747401648	0.00810114718552558	median implied SD=0.960, dispersion=0.008, n=13162	effect_scale_validation.R:v1
GCST90200813	GCST90200813	passed	""	source	""	0.953994445726521	estimated_from_source_maf	28020	28020	0	0	0	9801	18219	0.01	0.5	0.953994445726521	0.0078021269365064	median implied SD=0.954, dispersion=0.008, n=18219	effect_scale_validation.R:v1
GCST90200814	GCST90200814	passed	""	source	""	0.99674010294151	estimated_from_source_maf	18969	18969	0	0	0	5185	13784	0.01	0.5	0.99674010294151	0.008256205368572	median implied SD=0.997, dispersion=0.008, n=13784	effect_scale_validation.R:v1
GCST90200815	GCST90200815	passed	""	source	""	0.994343714320349	estimated_from_source_maf	8108	8108	0	0	0	32	8076	0.01	0.5	0.994343714320349	0.0100385773435259	median implied SD=0.994, dispersion=0.010, n=8076	effect_scale_validation.R:v1
GCST90200816	GCST90200816	passed	""	source	""	0.956847455298327	estimated_from_source_maf	32001	32001	0	0	0	8772	23229	0.01	0.5	0.956847455298327	0.00756671805276174	median implied SD=0.957, dispersion=0.008, n=23229	effect_scale_validation.R:v1
GCST90200817	GCST90200817	passed	""	source	""	0.988303128415242	estimated_from_source_maf	8120	8120	0	0	0	39	8081	0.01	0.5	0.988303128415242	0.00847621550349924	median implied SD=0.988, dispersion=0.008, n=8081	effect_scale_validation.R:v1
GCST90200818	GCST90200818	passed	""	source	""	0.995586398879595	estimated_from_source_maf	21903	21903	0	0	0	6477	15426	0.01	0.5	0.995586398879595	0.010049469122359	median implied SD=0.996, dispersion=0.010, n=15426	effect_scale_validation.R:v1
GCST90200819	GCST90200819	passed	""	source	""	0.989318960368461	estimated_from_source_maf	8116	8116	0	0	0	40	8076	0.01	0.5	0.989318960368461	0.00857704602518824	median implied SD=0.989, dispersion=0.009, n=8076	effect_scale_validation.R:v1
GCST90200820	GCST90200820	passed	""	source	""	0.99150764178879	estimated_from_source_maf	8127	8127	0	0	0	39	8088	0.01	0.5	0.99150764178879	0.0100903640328486	median implied SD=0.992, dispersion=0.010, n=8088	effect_scale_validation.R:v1
GCST90200821	GCST90200821	passed	""	source	""	0.995853601723846	estimated_from_source_maf	19261	19261	0	0	0	5198	14063	0.01	0.5	0.995853601723846	0.00932342234218267	median implied SD=0.996, dispersion=0.009, n=14063	effect_scale_validation.R:v1
GCST90200822	GCST90200822	passed	""	source	""	0.935585280698204	estimated_from_source_maf	8151	8151	0	0	0	62	8089	0.01	0.5	0.935585280698204	0.00845511863815703	median implied SD=0.936, dispersion=0.008, n=8089	effect_scale_validation.R:v1
GCST90200823	GCST90200823	passed	""	source	""	0.99726953499814	estimated_from_source_maf	8128	8128	0	0	0	53	8075	0.01	0.5	0.99726953499814	0.0100602323773877	median implied SD=0.997, dispersion=0.010, n=8075	effect_scale_validation.R:v1
GCST90200824	GCST90200824	passed	""	source	""	0.990788834322611	estimated_from_source_maf	8121	8121	0	0	0	45	8076	0.01	0.5	0.990788834322611	0.0101140033744089	median implied SD=0.991, dispersion=0.010, n=8076	effect_scale_validation.R:v1
GCST90200825	GCST90200825	passed	""	source	""	0.973076840454916	estimated_from_source_maf	29643	29643	0	0	0	9553	20090	0.01	0.5	0.973076840454916	0.00778991823397387	median implied SD=0.973, dispersion=0.008, n=20090	effect_scale_validation.R:v1
GCST90200826	GCST90200826	passed	""	source	""	0.993434560291129	estimated_from_source_maf	46415	46415	0	0	0	16845	29570	0.01	0.5	0.993434560291129	0.00698447919352062	median implied SD=0.993, dispersion=0.007, n=29570	effect_scale_validation.R:v1
GCST90200827	GCST90200827	passed	""	source	""	1.00453512794682	estimated_from_source_maf	8129	8129	0	0	0	37	8092	0.01	0.5	1.00453512794682	0.00843737955695649	median implied SD=1.005, dispersion=0.008, n=8092	effect_scale_validation.R:v1
GCST90200828	GCST90200828	passed	""	source	""	1.00747242155951	estimated_from_source_maf	40404	40404	0	0	0	14086	26318	0.01	0.5	1.00747242155951	0.00758286473898918	median implied SD=1.007, dispersion=0.008, n=26318	effect_scale_validation.R:v1
GCST90200829	GCST90200829	passed	""	source	""	0.990897931232547	estimated_from_source_maf	33899	33899	0	0	0	11353	22546	0.01	0.5	0.990897931232547	0.00842269548136031	median implied SD=0.991, dispersion=0.008, n=22546	effect_scale_validation.R:v1
GCST90200830	GCST90200830	passed	""	source	""	1.00913312597049	estimated_from_source_maf	8122	8122	0	0	0	48	8074	0.01	0.5	1.00913312597049	0.00919637769507946	median implied SD=1.009, dispersion=0.009, n=8074	effect_scale_validation.R:v1
GCST90200831	GCST90200831	passed	""	source	""	1.002231778256	estimated_from_source_maf	26561	26561	0	0	0	8307	18254	0.01	0.5	1.002231778256	0.00733345139859646	median implied SD=1.002, dispersion=0.007, n=18254	effect_scale_validation.R:v1
GCST90200832	GCST90200832	passed	""	source	""	0.994575510973012	estimated_from_source_maf	8126	8126	0	0	0	48	8078	0.01	0.5	0.994575510973012	0.0101175732037676	median implied SD=0.995, dispersion=0.010, n=8078	effect_scale_validation.R:v1
GCST90200833	GCST90200833	passed	""	source	""	1.00217133521806	estimated_from_source_maf	8118	8118	0	0	0	48	8070	0.01	0.5	1.00217133521806	0.00859096672481655	median implied SD=1.002, dispersion=0.009, n=8070	effect_scale_validation.R:v1
GCST90200834	GCST90200834	passed	""	source	""	0.995226978055912	estimated_from_source_maf	8123	8123	0	0	0	45	8078	0.01	0.5	0.995226978055912	0.0100645660649967	median implied SD=0.995, dispersion=0.010, n=8078	effect_scale_validation.R:v1
GCST90200835	GCST90200835	passed	""	source	""	0.970469371740697	estimated_from_source_maf	8137	8137	0	0	0	59	8078	0.01	0.5	0.970469371740697	0.0100871788034226	median implied SD=0.970, dispersion=0.010, n=8078	effect_scale_validation.R:v1
GCST90200836	GCST90200836	passed	""	source	""	0.891090198515269	estimated_from_source_maf	20141	20141	0	0	0	4985	15156	0.01	0.5	0.891090198515269	0.00797120405844634	median implied SD=0.891, dispersion=0.008, n=15156	effect_scale_validation.R:v1
GCST90200837	GCST90200837	passed	""	source	""	0.961511646945361	estimated_from_source_maf	8148	8148	0	0	0	61	8087	0.01	0.5	0.961511646945361	0.0100736678073817	median implied SD=0.962, dispersion=0.010, n=8087	effect_scale_validation.R:v1
GCST90200838	GCST90200838	passed	""	source	""	0.917714167979241	estimated_from_source_maf	18065	18065	0	0	0	4920	13145	0.01	0.5	0.917714167979241	0.00798232077265158	median implied SD=0.918, dispersion=0.008, n=13145	effect_scale_validation.R:v1
GCST90200839	GCST90200839	passed	""	source	""	0.980565095790373	estimated_from_source_maf	8123	8123	0	0	0	43	8080	0.01	0.5	0.980565095790373	0.0101176921341798	median implied SD=0.981, dispersion=0.010, n=8080	effect_scale_validation.R:v1
GCST90200840	GCST90200840	passed	""	source	""	0.988685420713023	estimated_from_source_maf	18649	18649	0	0	0	4882	13767	0.01	0.5	0.988685420713023	0.0106045698994315	median implied SD=0.989, dispersion=0.011, n=13767	effect_scale_validation.R:v1
GCST90200841	GCST90200841	passed	""	source	""	0.995422051306774	estimated_from_source_maf	18549	18549	0	0	0	4896	13653	0.01	0.5	0.995422051306774	0.0100575479993638	median implied SD=0.995, dispersion=0.010, n=13653	effect_scale_validation.R:v1
GCST90200842	GCST90200842	passed	""	source	""	0.996326501045542	estimated_from_source_maf	17578	17578	0	0	0	4871	12707	0.01	0.5	0.996326501045542	0.00770750504272793	median implied SD=0.996, dispersion=0.008, n=12707	effect_scale_validation.R:v1
GCST90200843	GCST90200843	passed	""	source	""	0.980142200538337	estimated_from_source_maf	21659	21659	0	0	0	6226	15433	0.01	0.5	0.980142200538337	0.00829927601171264	median implied SD=0.980, dispersion=0.008, n=15433	effect_scale_validation.R:v1
GCST90200844	GCST90200844	passed	""	source	""	0.93461862348644	estimated_from_source_maf	18575	18575	0	0	0	4064	14511	0.01	0.5	0.93461862348644	0.00844451665817679	median implied SD=0.935, dispersion=0.008, n=14511	effect_scale_validation.R:v1
GCST90200845	GCST90200845	passed	""	source	""	0.983761440600138	estimated_from_source_maf	8109	8109	0	0	0	34	8075	0.01	0.5	0.983761440600138	0.00849387459417813	median implied SD=0.984, dispersion=0.008, n=8075	effect_scale_validation.R:v1
GCST90200846	GCST90200846	passed	""	source	""	0.966103152992858	estimated_from_source_maf	19306	19306	0	0	0	4898	14408	0.01	0.5	0.966103152992858	0.00776103033526849	median implied SD=0.966, dispersion=0.008, n=14408	effect_scale_validation.R:v1
GCST90200847	GCST90200847	passed	""	source	""	0.931598449214889	estimated_from_source_maf	30996	30996	0	0	0	9609	21387	0.01	0.5	0.931598449214889	0.00749478135926101	median implied SD=0.932, dispersion=0.007, n=21387	effect_scale_validation.R:v1
GCST90200848	GCST90200848	passed	""	source	""	0.981853863947048	estimated_from_source_maf	8109	8109	0	0	0	36	8073	0.01	0.5	0.981853863947048	0.00854717247065723	median implied SD=0.982, dispersion=0.009, n=8073	effect_scale_validation.R:v1
GCST90200849	GCST90200849	passed	""	source	""	0.982567467132273	estimated_from_source_maf	8129	8129	0	0	0	49	8080	0.01	0.5	0.982567467132273	0.00852445277649346	median implied SD=0.983, dispersion=0.009, n=8080	effect_scale_validation.R:v1
GCST90200850	GCST90200850	passed	""	source	""	0.974291126180498	estimated_from_source_maf	8123	8123	0	0	0	41	8082	0.01	0.5	0.974291126180498	0.00859037994618631	median implied SD=0.974, dispersion=0.009, n=8082	effect_scale_validation.R:v1
GCST90200851	GCST90200851	passed	""	source	""	0.991209332677426	estimated_from_source_maf	31680	31680	0	0	0	10894	20786	0.01	0.5	0.991209332677426	0.0078480164370022	median implied SD=0.991, dispersion=0.008, n=20786	effect_scale_validation.R:v1
GCST90200852	GCST90200852	passed	""	source	""	0.981655546290727	estimated_from_source_maf	8103	8103	0	0	0	35	8068	0.01	0.5	0.981655546290727	0.00853665252666187	median implied SD=0.982, dispersion=0.009, n=8068	effect_scale_validation.R:v1
GCST90200853	GCST90200853	passed	""	source	""	0.9899580629014	estimated_from_source_maf	8121	8121	0	0	0	46	8075	0.01	0.5	0.9899580629014	0.00857085366495235	median implied SD=0.990, dispersion=0.009, n=8075	effect_scale_validation.R:v1
GCST90200854	GCST90200854	passed	""	source	""	0.978884575147833	estimated_from_source_maf	42588	42588	0	0	0	15808	26780	0.01	0.5	0.978884575147833	0.00795539879705378	median implied SD=0.979, dispersion=0.008, n=26780	effect_scale_validation.R:v1
GCST90200855	GCST90200855	passed	""	source	""	0.973193472371866	estimated_from_source_maf	48691	48691	0	0	0	18870	29821	0.01	0.5	0.973193472371866	0.00745516754691433	median implied SD=0.973, dispersion=0.007, n=29821	effect_scale_validation.R:v1
GCST90200856	GCST90200856	passed	""	source	""	0.972177497870532	estimated_from_source_maf	40952	40952	0	0	0	15186	25766	0.01	0.5	0.972177497870532	0.0080952093297853	median implied SD=0.972, dispersion=0.008, n=25766	effect_scale_validation.R:v1
GCST90200857	GCST90200857	passed	""	source	""	0.950334649053955	estimated_from_source_maf	29543	29543	0	0	0	8929	20614	0.01	0.5	0.950334649053955	0.0080084119779979	median implied SD=0.950, dispersion=0.008, n=20614	effect_scale_validation.R:v1
GCST90200858	GCST90200858	passed	""	source	""	0.988026294751421	estimated_from_source_maf	33161	33161	0	0	0	12776	20385	0.01	0.5	0.988026294751421	0.00682707830178869	median implied SD=0.988, dispersion=0.007, n=20385	effect_scale_validation.R:v1
GCST90200859	GCST90200859	passed	""	source	""	0.982836701020551	estimated_from_source_maf	20971	20971	0	0	0	6013	14958	0.01	0.5	0.982836701020551	0.00772335893862262	median implied SD=0.983, dispersion=0.008, n=14958	effect_scale_validation.R:v1
GCST90200860	GCST90200860	passed	""	source	""	0.989695401133966	estimated_from_source_maf	29770	29770	0	0	0	9366	20404	0.01	0.5	0.989695401133966	0.00751129189363543	median implied SD=0.990, dispersion=0.008, n=20404	effect_scale_validation.R:v1
GCST90200861	GCST90200861	passed	""	source	""	0.977961114124424	estimated_from_source_maf	42836	42836	0	0	0	14268	28568	0.01	0.5	0.977961114124424	0.00782939430261307	median implied SD=0.978, dispersion=0.008, n=28568	effect_scale_validation.R:v1
GCST90200862	GCST90200862	passed	""	source	""	0.981119749890473	estimated_from_source_maf	19522	19522	0	0	0	4975	14547	0.01	0.5	0.981119749890473	0.00791953642176537	median implied SD=0.981, dispersion=0.008, n=14547	effect_scale_validation.R:v1
GCST90200863	GCST90200863	passed	""	source	""	0.993331225774314	estimated_from_source_maf	43574	43574	0	0	0	16185	27389	0.01	0.5	0.993331225774314	0.00752972481045159	median implied SD=0.993, dispersion=0.008, n=27389	effect_scale_validation.R:v1
GCST90200864	GCST90200864	passed	""	source	""	0.963308877703834	estimated_from_source_maf	16597	16597	0	0	0	4734	11863	0.01	0.5	0.963308877703834	0.00894302336372442	median implied SD=0.963, dispersion=0.009, n=11863	effect_scale_validation.R:v1
GCST90200865	GCST90200865	passed	""	source	""	0.981695592729965	estimated_from_source_maf	8132	8132	0	0	0	53	8079	0.01	0.5	0.981695592729965	0.0085587387541899	median implied SD=0.982, dispersion=0.009, n=8079	effect_scale_validation.R:v1
GCST90200866	GCST90200866	passed	""	source	""	0.974506147698279	estimated_from_source_maf	46335	46335	0	0	0	17664	28671	0.01	0.5	0.974506147698279	0.00743566696941753	median implied SD=0.975, dispersion=0.007, n=28671	effect_scale_validation.R:v1
GCST90200867	GCST90200867	passed	""	source	""	0.977225864761885	estimated_from_source_maf	8119	8119	0	0	0	44	8075	0.01	0.5	0.977225864761885	0.00854506204566141	median implied SD=0.977, dispersion=0.009, n=8075	effect_scale_validation.R:v1
GCST90200868	GCST90200868	passed	""	source	""	0.938422954691741	estimated_from_source_maf	8123	8123	0	0	0	37	8086	0.01	0.5	0.938422954691741	0.00848688936945828	median implied SD=0.938, dispersion=0.008, n=8086	effect_scale_validation.R:v1
GCST90200869	GCST90200869	passed	""	source	""	0.975206674780163	estimated_from_source_maf	8116	8116	0	0	0	44	8072	0.01	0.5	0.975206674780163	0.00854060192015553	median implied SD=0.975, dispersion=0.009, n=8072	effect_scale_validation.R:v1
GCST90200870	GCST90200870	passed	""	source	""	0.991162134341732	estimated_from_source_maf	8136	8136	0	0	0	55	8081	0.01	0.5	0.991162134341732	0.0088357478285403	median implied SD=0.991, dispersion=0.009, n=8081	effect_scale_validation.R:v1
GCST90200871	GCST90200871	passed	""	source	""	0.97869086643572	estimated_from_source_maf	8144	8144	0	0	0	55	8089	0.01	0.5	0.97869086643572	0.0086041437913737	median implied SD=0.979, dispersion=0.009, n=8089	effect_scale_validation.R:v1
GCST90200872	GCST90200872	passed	""	source	""	0.966933307699042	estimated_from_source_maf	8127	8127	0	0	0	49	8078	0.01	0.5	0.966933307699042	0.00856270999118907	median implied SD=0.967, dispersion=0.009, n=8078	effect_scale_validation.R:v1
GCST90200873	GCST90200873	passed	""	source	""	0.983549200776059	estimated_from_source_maf	20142	20142	0	0	0	4783	15359	0.01	0.5	0.983549200776059	0.00868303283746334	median implied SD=0.984, dispersion=0.009, n=15359	effect_scale_validation.R:v1
GCST90200874	GCST90200874	passed	""	source	""	0.960992987957771	estimated_from_source_maf	20218	20218	0	0	0	5549	14669	0.01	0.5	0.960992987957771	0.00740065872344458	median implied SD=0.961, dispersion=0.007, n=14669	effect_scale_validation.R:v1
GCST90200875	GCST90200875	passed	""	source	""	0.973470711557538	estimated_from_source_maf	19457	19457	0	0	0	5247	14210	0.01	0.5	0.973470711557538	0.00748745742858406	median implied SD=0.973, dispersion=0.007, n=14210	effect_scale_validation.R:v1
GCST90200876	GCST90200876	passed	""	source	""	0.966857799745648	estimated_from_source_maf	8129	8129	0	0	0	49	8080	0.01	0.5	0.966857799745648	0.00885022056230193	median implied SD=0.967, dispersion=0.009, n=8080	effect_scale_validation.R:v1
GCST90200877	GCST90200877	passed	""	source	""	0.925934365452077	estimated_from_source_maf	18130	18130	0	0	0	4957	13173	0.01	0.5	0.925934365452077	0.00790515275686358	median implied SD=0.926, dispersion=0.008, n=13173	effect_scale_validation.R:v1
GCST90200878	GCST90200878	passed	""	source	""	0.986015563528057	estimated_from_source_maf	8129	8129	0	0	0	50	8079	0.01	0.5	0.986015563528057	0.00862783792552083	median implied SD=0.986, dispersion=0.009, n=8079	effect_scale_validation.R:v1
GCST90200879	GCST90200879	passed	""	source	""	0.937866957435476	estimated_from_source_maf	8119	8119	0	0	0	44	8075	0.01	0.5	0.937866957435476	0.00856165399125985	median implied SD=0.938, dispersion=0.009, n=8075	effect_scale_validation.R:v1
GCST90200880	GCST90200880	passed	""	source	""	0.993287437342466	estimated_from_source_maf	8118	8118	0	0	0	49	8069	0.01	0.5	0.993287437342466	0.00862416216860428	median implied SD=0.993, dispersion=0.009, n=8069	effect_scale_validation.R:v1
GCST90200881	GCST90200881	passed	""	source	""	0.932040086554225	estimated_from_source_maf	43957	43957	0	0	0	15558	28399	0.01	0.5	0.932040086554225	0.00841778128369801	median implied SD=0.932, dispersion=0.008, n=28399	effect_scale_validation.R:v1
GCST90200882	GCST90200882	passed	""	source	""	0.97137824411759	estimated_from_source_maf	38303	38303	0	0	0	14664	23639	0.01	0.5	0.97137824411759	0.0076743558881051	median implied SD=0.971, dispersion=0.008, n=23639	effect_scale_validation.R:v1
GCST90200883	GCST90200883	passed	""	source	""	0.996018877689994	estimated_from_source_maf	33618	33618	0	0	0	10288	23330	0.01	0.5	0.996018877689994	0.00831522791602928	median implied SD=0.996, dispersion=0.008, n=23330	effect_scale_validation.R:v1
GCST90200884	GCST90200884	passed	""	source	""	0.980330452376531	estimated_from_source_maf	44927	44927	0	0	0	17171	27756	0.01	0.5	0.980330452376531	0.00810491007654702	median implied SD=0.980, dispersion=0.008, n=27756	effect_scale_validation.R:v1
GCST90200885	GCST90200885	passed	""	source	""	0.946761063127038	estimated_from_source_maf	43052	43052	0	0	0	16324	26728	0.01	0.5	0.946761063127038	0.00774133195312515	median implied SD=0.947, dispersion=0.008, n=26728	effect_scale_validation.R:v1
GCST90200886	GCST90200886	passed	""	source	""	0.974198063744126	estimated_from_source_maf	41254	41254	0	0	0	15238	26016	0.01	0.5	0.974198063744126	0.00741292780621063	median implied SD=0.974, dispersion=0.007, n=26016	effect_scale_validation.R:v1
GCST90200887	GCST90200887	passed	""	source	""	0.962448822642808	estimated_from_source_maf	20514	20514	0	0	0	4941	15573	0.01	0.5	0.962448822642808	0.00838472973042433	median implied SD=0.962, dispersion=0.008, n=15573	effect_scale_validation.R:v1
GCST90200888	GCST90200888	passed	""	source	""	0.99596153384188	estimated_from_source_maf	27298	27298	0	0	0	9098	18200	0.01	0.5	0.99596153384188	0.00786263799712704	median implied SD=0.996, dispersion=0.008, n=18200	effect_scale_validation.R:v1
GCST90200889	GCST90200889	passed	""	source	""	0.996336092128525	estimated_from_source_maf	8120	8120	0	0	0	44	8076	0.01	0.5	0.996336092128525	0.00862766041332856	median implied SD=0.996, dispersion=0.009, n=8076	effect_scale_validation.R:v1
GCST90200890	GCST90200890	passed	""	source	""	0.993358149257093	estimated_from_source_maf	17985	17985	0	0	0	4269	13716	0.01	0.5	0.993358149257093	0.00739645659505678	median implied SD=0.993, dispersion=0.007, n=13716	effect_scale_validation.R:v1
GCST90200891	GCST90200891	passed	""	source	""	0.984659488955286	estimated_from_source_maf	8110	8110	0	0	0	33	8077	0.01	0.5	0.984659488955286	0.00859464235211555	median implied SD=0.985, dispersion=0.009, n=8077	effect_scale_validation.R:v1
GCST90200892	GCST90200892	passed	""	source	""	0.931755769051085	estimated_from_source_maf	49121	49121	0	0	0	17487	31634	0.01	0.5	0.931755769051085	0.00723495400895902	median implied SD=0.932, dispersion=0.007, n=31634	effect_scale_validation.R:v1
GCST90200893	GCST90200893	passed	""	source	""	0.971577774117885	estimated_from_source_maf	8122	8122	0	0	0	37	8085	0.01	0.5	0.971577774117885	0.00851884475027878	median implied SD=0.972, dispersion=0.009, n=8085	effect_scale_validation.R:v1
GCST90200894	GCST90200894	passed	""	source	""	1.00368672279708	estimated_from_source_maf	8125	8125	0	0	0	46	8079	0.01	0.5	1.00368672279708	0.0100346337922686	median implied SD=1.004, dispersion=0.010, n=8079	effect_scale_validation.R:v1
GCST90200895	GCST90200895	passed	""	source	""	0.970786891991818	estimated_from_source_maf	58986	58986	0	0	0	22650	36336	0.01	0.5	0.970786891991818	0.00728044992221422	median implied SD=0.971, dispersion=0.007, n=36336	effect_scale_validation.R:v1
GCST90200896	GCST90200896	passed	""	source	""	0.9923447738363	estimated_from_source_maf	8115	8115	0	0	0	37	8078	0.01	0.5	0.9923447738363	0.00977060633878023	median implied SD=0.992, dispersion=0.010, n=8078	effect_scale_validation.R:v1
GCST90200897	GCST90200897	passed	""	source	""	1.0036233522937	estimated_from_source_maf	17983	17983	0	0	0	4451	13532	0.01	0.5	1.0036233522937	0.00783319012102763	median implied SD=1.004, dispersion=0.008, n=13532	effect_scale_validation.R:v1
GCST90200898	GCST90200898	passed	""	source	""	0.978655573610435	estimated_from_source_maf	39484	39484	0	0	0	14520	24964	0.01	0.5	0.978655573610435	0.00841148740523889	median implied SD=0.979, dispersion=0.008, n=24964	effect_scale_validation.R:v1
GCST90200899	GCST90200899	passed	""	source	""	0.99393140119058	estimated_from_source_maf	19354	19354	0	0	0	5215	14139	0.01	0.5	0.99393140119058	0.00798228192430472	median implied SD=0.994, dispersion=0.008, n=14139	effect_scale_validation.R:v1
GCST90200900	GCST90200900	passed	""	source	""	0.984225860488926	estimated_from_source_maf	83608	83608	0	0	0	32746	50862	0.01	0.5	0.984225860488926	0.00761557760121496	median implied SD=0.984, dispersion=0.008, n=50862	effect_scale_validation.R:v1
GCST90200901	GCST90200901	passed	""	source	""	0.975264518933573	estimated_from_source_maf	41684	41684	0	0	0	14506	27178	0.01	0.5	0.975264518933573	0.00727656458962421	median implied SD=0.975, dispersion=0.007, n=27178	effect_scale_validation.R:v1
GCST90200902	GCST90200902	passed	""	source	""	0.991662657340086	estimated_from_source_maf	56206	56206	0	0	0	21975	34231	0.01	0.5	0.991662657340086	0.00744505461830509	median implied SD=0.992, dispersion=0.007, n=34231	effect_scale_validation.R:v1
GCST90200903	GCST90200903	passed	""	source	""	0.908350078159757	estimated_from_source_maf	8110	8110	0	0	0	37	8073	0.01	0.5	0.908350078159757	0.00843809233476144	median implied SD=0.908, dispersion=0.008, n=8073	effect_scale_validation.R:v1
GCST90200904	GCST90200904	passed	""	source	""	0.99005431610551	estimated_from_source_maf	42461	42461	0	0	0	16176	26285	0.01	0.5	0.99005431610551	0.00738033800986564	median implied SD=0.990, dispersion=0.007, n=26285	effect_scale_validation.R:v1
GCST90200905	GCST90200905	passed	""	source	""	0.881451029374497	estimated_from_source_maf	8125	8125	0	0	0	51	8074	0.01	0.5	0.881451029374497	0.00848852729660215	median implied SD=0.881, dispersion=0.008, n=8074	effect_scale_validation.R:v1
GCST90200906	GCST90200906	passed	""	source	""	0.969268764019878	estimated_from_source_maf	26710	26710	0	0	0	8049	18661	0.01	0.5	0.969268764019878	0.007173906207616	median implied SD=0.969, dispersion=0.007, n=18661	effect_scale_validation.R:v1
GCST90200907	GCST90200907	passed	""	source	""	0.993722194876039	estimated_from_source_maf	67252	67252	0	0	0	27012	40240	0.01	0.5	0.993722194876039	0.00740355347497743	median implied SD=0.994, dispersion=0.007, n=40240	effect_scale_validation.R:v1
GCST90200908	GCST90200908	passed	""	source	""	0.993207876047033	estimated_from_source_maf	44223	44223	0	0	0	17006	27217	0.01	0.5	0.993207876047033	0.00755942821906683	median implied SD=0.993, dispersion=0.008, n=27217	effect_scale_validation.R:v1
GCST90200909	GCST90200909	passed	""	source	""	0.986422197517998	estimated_from_source_maf	16962	16962	0	0	0	3946	13016	0.01	0.5	0.986422197517998	0.00757356938745133	median implied SD=0.986, dispersion=0.008, n=13016	effect_scale_validation.R:v1
GCST90200910	GCST90200910	passed	""	source	""	0.989687760242625	estimated_from_source_maf	104741	104741	0	0	0	38252	66489	0.01	0.5	0.989687760242625	0.00746956256562989	median implied SD=0.990, dispersion=0.007, n=66489	effect_scale_validation.R:v1
GCST90200911	GCST90200911	passed	""	source	""	1.00401691711325	estimated_from_source_maf	8116	8116	0	0	0	38	8078	0.01	0.5	1.00401691711325	0.00848998437656414	median implied SD=1.004, dispersion=0.008, n=8078	effect_scale_validation.R:v1
GCST90200912	GCST90200912	passed	""	source	""	0.973690887567355	estimated_from_source_maf	40093	40093	0	0	0	14809	25284	0.01	0.5	0.973690887567355	0.00640759044808134	median implied SD=0.974, dispersion=0.006, n=25284	effect_scale_validation.R:v1
GCST90200913	GCST90200913	passed	""	source	""	0.983163642172039	estimated_from_source_maf	8118	8118	0	0	0	43	8075	0.01	0.5	0.983163642172039	0.00861737626886554	median implied SD=0.983, dispersion=0.009, n=8075	effect_scale_validation.R:v1
GCST90200914	GCST90200914	passed	""	source	""	0.99743358706361	estimated_from_source_maf	37216	37216	0	0	0	14250	22966	0.01	0.5	0.99743358706361	0.00673171419277095	median implied SD=0.997, dispersion=0.007, n=22966	effect_scale_validation.R:v1
GCST90200915	GCST90200915	passed	""	source	""	0.993513153131162	estimated_from_source_maf	8122	8122	0	0	0	56	8066	0.01	0.5	0.993513153131162	0.00849861518749219	median implied SD=0.994, dispersion=0.008, n=8066	effect_scale_validation.R:v1
GCST90200916	GCST90200916	passed	""	source	""	0.986956712218649	estimated_from_source_maf	16830	16830	0	0	0	4290	12540	0.01	0.5	0.986956712218649	0.00792333357551464	median implied SD=0.987, dispersion=0.008, n=12540	effect_scale_validation.R:v1
GCST90200917	GCST90200917	passed	""	source	""	0.990528260671274	estimated_from_source_maf	19343	19343	0	0	0	4481	14862	0.01	0.5	0.990528260671274	0.00766798813516581	median implied SD=0.991, dispersion=0.008, n=14862	effect_scale_validation.R:v1
GCST90200918	GCST90200918	passed	""	source	""	0.990965873822264	estimated_from_source_maf	34407	34407	0	0	0	11686	22721	0.01	0.5	0.990965873822264	0.00719218916050381	median implied SD=0.991, dispersion=0.007, n=22721	effect_scale_validation.R:v1
GCST90200919	GCST90200919	passed	""	source	""	0.998561705355094	estimated_from_source_maf	8144	8144	0	0	0	61	8083	0.01	0.5	0.998561705355094	0.00871362517930491	median implied SD=0.999, dispersion=0.009, n=8083	effect_scale_validation.R:v1
GCST90200920	GCST90200920	passed	""	source	""	0.863616804801599	estimated_from_source_maf	18547	18547	0	0	0	5134	13413	0.01	0.5	0.863616804801599	0.0075968718199364	median implied SD=0.864, dispersion=0.008, n=13413	effect_scale_validation.R:v1
GCST90200921	GCST90200921	passed	""	source	""	0.992018916908689	estimated_from_source_maf	26514	26514	0	0	0	8850	17664	0.01	0.5	0.992018916908689	0.00759290372306417	median implied SD=0.992, dispersion=0.008, n=17664	effect_scale_validation.R:v1
GCST90200922	GCST90200922	passed	""	source	""	0.996662251177199	estimated_from_source_maf	20876	20876	0	0	0	4811	16065	0.01	0.5	0.996662251177199	0.00788814672661345	median implied SD=0.997, dispersion=0.008, n=16065	effect_scale_validation.R:v1
GCST90200923	GCST90200923	passed	""	source	""	0.968214721930569	estimated_from_source_maf	8137	8137	0	0	0	58	8079	0.01	0.5	0.968214721930569	0.0085367947231121	median implied SD=0.968, dispersion=0.009, n=8079	effect_scale_validation.R:v1
GCST90200924	GCST90200924	passed	""	source	""	0.921760286136076	estimated_from_source_maf	8114	8114	0	0	0	40	8074	0.01	0.5	0.921760286136076	0.00851054664691944	median implied SD=0.922, dispersion=0.009, n=8074	effect_scale_validation.R:v1
GCST90200925	GCST90200925	passed	""	source	""	1.00439572917354	estimated_from_source_maf	8135	8135	0	0	0	46	8089	0.01	0.5	1.00439572917354	0.0086123364201306	median implied SD=1.004, dispersion=0.009, n=8089	effect_scale_validation.R:v1
GCST90200926	GCST90200926	passed	""	source	""	0.992295469676625	estimated_from_source_maf	69934	69934	0	0	0	27585	42349	0.01	0.5	0.992295469676625	0.00722223117438216	median implied SD=0.992, dispersion=0.007, n=42349	effect_scale_validation.R:v1
GCST90200927	GCST90200927	passed	""	source	""	1.00343490522402	estimated_from_source_maf	8120	8120	0	0	0	47	8073	0.01	0.5	1.00343490522402	0.00872688525773369	median implied SD=1.003, dispersion=0.009, n=8073	effect_scale_validation.R:v1
GCST90200928	GCST90200928	passed	""	source	""	0.999461837542556	estimated_from_source_maf	44272	44272	0	0	0	15849	28423	0.01	0.5	0.999461837542556	0.0073153921527782	median implied SD=0.999, dispersion=0.007, n=28423	effect_scale_validation.R:v1
GCST90200929	GCST90200929	passed	""	source	""	0.866318948276168	estimated_from_source_maf	31536	31536	0	0	0	10547	20989	0.01	0.5	0.866318948276168	0.00767741145467613	median implied SD=0.866, dispersion=0.008, n=20989	effect_scale_validation.R:v1
GCST90200930	GCST90200930	passed	""	source	""	0.964221212170579	estimated_from_source_maf	8121	8121	0	0	0	50	8071	0.01	0.5	0.964221212170579	0.00856827338109425	median implied SD=0.964, dispersion=0.009, n=8071	effect_scale_validation.R:v1
GCST90200931	GCST90200931	passed	""	source	""	0.900040295161833	estimated_from_source_maf	8121	8121	0	0	0	42	8079	0.01	0.5	0.900040295161833	0.0085111867994697	median implied SD=0.900, dispersion=0.009, n=8079	effect_scale_validation.R:v1
GCST90200932	GCST90200932	passed	""	source	""	0.861999902542394	estimated_from_source_maf	27931	27931	0	0	0	9536	18395	0.01	0.5	0.861999902542394	0.00715635843969655	median implied SD=0.862, dispersion=0.007, n=18395	effect_scale_validation.R:v1
GCST90200933	GCST90200933	passed	""	source	""	0.978915381580681	estimated_from_source_maf	42291	42291	0	0	0	15002	27289	0.01	0.5	0.978915381580681	0.00791645652514364	median implied SD=0.979, dispersion=0.008, n=27289	effect_scale_validation.R:v1
GCST90200934	GCST90200934	passed	""	source	""	0.955895549660623	estimated_from_source_maf	21354	21354	0	0	0	5842	15512	0.01	0.5	0.955895549660623	0.00774333708507812	median implied SD=0.956, dispersion=0.008, n=15512	effect_scale_validation.R:v1
GCST90200935	GCST90200935	passed	""	source	""	0.96439412357244	estimated_from_source_maf	59570	59570	0	0	0	23066	36504	0.01	0.5	0.96439412357244	0.0074200153282082	median implied SD=0.964, dispersion=0.007, n=36504	effect_scale_validation.R:v1
GCST90200936	GCST90200936	passed	""	source	""	0.977322449083861	estimated_from_source_maf	17578	17578	0	0	0	4418	13160	0.01	0.5	0.977322449083861	0.00792893470559972	median implied SD=0.977, dispersion=0.008, n=13160	effect_scale_validation.R:v1
GCST90200937	GCST90200937	passed	""	source	""	0.986195352018979	estimated_from_source_maf	18903	18903	0	0	0	5080	13823	0.01	0.5	0.986195352018979	0.00844470403926216	median implied SD=0.986, dispersion=0.008, n=13823	effect_scale_validation.R:v1
GCST90200938	GCST90200938	passed	""	source	""	0.987181730598964	estimated_from_source_maf	19070	19070	0	0	0	5195	13875	0.01	0.5	0.987181730598964	0.00826576269760799	median implied SD=0.987, dispersion=0.008, n=13875	effect_scale_validation.R:v1
GCST90200939	GCST90200939	passed	""	source	""	0.985859654280386	estimated_from_source_maf	17708	17708	0	0	0	4452	13256	0.01	0.5	0.985859654280386	0.00793926026854777	median implied SD=0.986, dispersion=0.008, n=13256	effect_scale_validation.R:v1
GCST90200940	GCST90200940	passed	""	source	""	0.983773758361053	estimated_from_source_maf	43470	43470	0	0	0	14884	28586	0.01	0.5	0.983773758361053	0.00922745501209077	median implied SD=0.984, dispersion=0.009, n=28586	effect_scale_validation.R:v1
GCST90200941	GCST90200941	passed	""	source	""	0.98501571956423	estimated_from_source_maf	30689	30689	0	0	0	10962	19727	0.01	0.5	0.98501571956423	0.0078457589111429	median implied SD=0.985, dispersion=0.008, n=19727	effect_scale_validation.R:v1
GCST90200942	GCST90200942	passed	""	source	""	0.952178468261763	estimated_from_source_maf	8135	8135	0	0	0	52	8083	0.01	0.5	0.952178468261763	0.00854408915269601	median implied SD=0.952, dispersion=0.009, n=8083	effect_scale_validation.R:v1
GCST90200943	GCST90200943	passed	""	source	""	0.944727181990377	estimated_from_source_maf	8136	8136	0	0	0	58	8078	0.01	0.5	0.944727181990377	0.00849443835540842	median implied SD=0.945, dispersion=0.008, n=8078	effect_scale_validation.R:v1
GCST90200944	GCST90200944	passed	""	source	""	0.979593195230645	estimated_from_source_maf	19497	19497	0	0	0	5358	14139	0.01	0.5	0.979593195230645	0.00824840462894613	median implied SD=0.980, dispersion=0.008, n=14139	effect_scale_validation.R:v1
GCST90200945	GCST90200945	passed	""	source	""	0.968403065443001	estimated_from_source_maf	8118	8118	0	0	0	42	8076	0.01	0.5	0.968403065443001	0.00851850117585908	median implied SD=0.968, dispersion=0.009, n=8076	effect_scale_validation.R:v1
GCST90200946	GCST90200946	passed	""	source	""	0.955065702432549	estimated_from_source_maf	18062	18062	0	0	0	4899	13163	0.01	0.5	0.955065702432549	0.00801506746058184	median implied SD=0.955, dispersion=0.008, n=13163	effect_scale_validation.R:v1
GCST90200947	GCST90200947	passed	""	source	""	0.988314877273002	estimated_from_source_maf	8121	8121	0	0	0	46	8075	0.01	0.5	0.988314877273002	0.0100950429763113	median implied SD=0.988, dispersion=0.010, n=8075	effect_scale_validation.R:v1
GCST90200948	GCST90200948	passed	""	source	""	0.993094938181198	estimated_from_source_maf	8132	8132	0	0	0	57	8075	0.01	0.5	0.993094938181198	0.0101616429070678	median implied SD=0.993, dispersion=0.010, n=8075	effect_scale_validation.R:v1
GCST90200949	GCST90200949	passed	""	source	""	0.986989650451089	estimated_from_source_maf	20001	20001	0	0	0	5183	14818	0.01	0.5	0.986989650451089	0.00965746781410049	median implied SD=0.987, dispersion=0.010, n=14818	effect_scale_validation.R:v1
GCST90200950	GCST90200950	passed	""	source	""	0.984463074040623	estimated_from_source_maf	8119	8119	0	0	0	43	8076	0.01	0.5	0.984463074040623	0.00855014370651564	median implied SD=0.984, dispersion=0.009, n=8076	effect_scale_validation.R:v1
GCST90200951	GCST90200951	passed	""	source	""	0.996611326152378	estimated_from_source_maf	27561	27561	0	0	0	9231	18330	0.01	0.5	0.996611326152378	0.00774719868941305	median implied SD=0.997, dispersion=0.008, n=18330	effect_scale_validation.R:v1
GCST90200952	GCST90200952	passed	""	source	""	0.990860452372486	estimated_from_source_maf	8112	8112	0	0	0	43	8069	0.01	0.5	0.990860452372486	0.0102362289116045	median implied SD=0.991, dispersion=0.010, n=8069	effect_scale_validation.R:v1
GCST90200953	GCST90200953	passed	""	source	""	0.99278217209033	estimated_from_source_maf	23031	23031	0	0	0	7389	15642	0.01	0.5	0.99278217209033	0.00731615240291646	median implied SD=0.993, dispersion=0.007, n=15642	effect_scale_validation.R:v1
GCST90200954	GCST90200954	passed	""	source	""	0.99518115987703	estimated_from_source_maf	30847	30847	0	0	0	9725	21122	0.01	0.5	0.99518115987703	0.00737763299536795	median implied SD=0.995, dispersion=0.007, n=21122	effect_scale_validation.R:v1
GCST90200955	GCST90200955	passed	""	source	""	0.997281509727846	estimated_from_source_maf	8131	8131	0	0	0	53	8078	0.01	0.5	0.997281509727846	0.0101599615959971	median implied SD=0.997, dispersion=0.010, n=8078	effect_scale_validation.R:v1
GCST90200956	GCST90200956	passed	""	source	""	0.991714899862191	estimated_from_source_maf	32172	32172	0	0	0	10094	22078	0.01	0.5	0.991714899862191	0.00840554063944855	median implied SD=0.992, dispersion=0.008, n=22078	effect_scale_validation.R:v1
GCST90200957	GCST90200957	passed	""	source	""	0.998647553654473	estimated_from_source_maf	48662	48662	0	0	0	18351	30311	0.01	0.5	0.998647553654473	0.00826375406249643	median implied SD=0.999, dispersion=0.008, n=30311	effect_scale_validation.R:v1
GCST90200958	GCST90200958	passed	""	source	""	0.985642037673955	estimated_from_source_maf	8123	8123	0	0	0	49	8074	0.01	0.5	0.985642037673955	0.0101313108652811	median implied SD=0.986, dispersion=0.010, n=8074	effect_scale_validation.R:v1
GCST90200959	GCST90200959	passed	""	source	""	0.946429458108016	estimated_from_source_maf	20663	20663	0	0	0	5236	15427	0.01	0.5	0.946429458108016	0.00791361726526313	median implied SD=0.946, dispersion=0.008, n=15427	effect_scale_validation.R:v1
GCST90200960	GCST90200960	passed	""	source	""	0.980661098933966	estimated_from_source_maf	34597	34597	0	0	0	11794	22803	0.01	0.5	0.980661098933966	0.00830908704138073	median implied SD=0.981, dispersion=0.008, n=22803	effect_scale_validation.R:v1
GCST90200961	GCST90200961	passed	""	source	""	0.995322882783921	estimated_from_source_maf	20263	20263	0	0	0	4672	15591	0.01	0.5	0.995322882783921	0.00930133143664439	median implied SD=0.995, dispersion=0.009, n=15591	effect_scale_validation.R:v1
GCST90200962	GCST90200962	passed	""	source	""	0.991905533103624	estimated_from_source_maf	8126	8126	0	0	0	44	8082	0.01	0.5	0.991905533103624	0.0101019989288954	median implied SD=0.992, dispersion=0.010, n=8082	effect_scale_validation.R:v1
GCST90200963	GCST90200963	passed	""	source	""	0.962886083071045	estimated_from_source_maf	8122	8122	0	0	0	46	8076	0.01	0.5	0.962886083071045	0.0100543918942389	median implied SD=0.963, dispersion=0.010, n=8076	effect_scale_validation.R:v1
GCST90200964	GCST90200964	passed	""	source	""	0.991272327904375	estimated_from_source_maf	19532	19532	0	0	0	6486	13046	0.01	0.5	0.991272327904375	0.00967191442508333	median implied SD=0.991, dispersion=0.010, n=13046	effect_scale_validation.R:v1
GCST90200965	GCST90200965	passed	""	source	""	0.959475574325104	estimated_from_source_maf	30436	30436	0	0	0	11854	18582	0.01	0.5	0.959475574325104	0.00754125777430056	median implied SD=0.959, dispersion=0.008, n=18582	effect_scale_validation.R:v1
GCST90200966	GCST90200966	passed	""	source	""	0.990730496145351	estimated_from_source_maf	8107	8107	0	0	0	41	8066	0.01	0.5	0.990730496145351	0.0100897905212989	median implied SD=0.991, dispersion=0.010, n=8066	effect_scale_validation.R:v1
GCST90200967	GCST90200967	passed	""	source	""	0.88998958335802	estimated_from_source_maf	27013	27013	0	0	0	9888	17125	0.01	0.5	0.88998958335802	0.00770706097694242	median implied SD=0.890, dispersion=0.008, n=17125	effect_scale_validation.R:v1
GCST90200968	GCST90200968	passed	""	source	""	0.971587239922942	estimated_from_source_maf	43533	43533	0	0	0	17375	26158	0.01	0.5	0.971587239922942	0.00765125812731568	median implied SD=0.972, dispersion=0.008, n=26158	effect_scale_validation.R:v1
GCST90200969	GCST90200969	passed	""	source	""	0.990736421349091	estimated_from_source_maf	8118	8118	0	0	0	38	8080	0.01	0.5	0.990736421349091	0.00855897761249178	median implied SD=0.991, dispersion=0.009, n=8080	effect_scale_validation.R:v1
GCST90200970	GCST90200970	passed	""	source	""	0.970895559811891	estimated_from_source_maf	8120	8120	0	0	0	48	8072	0.01	0.5	0.970895559811891	0.00856514528605502	median implied SD=0.971, dispersion=0.009, n=8072	effect_scale_validation.R:v1
GCST90200971	GCST90200971	passed	""	source	""	0.921134327582536	estimated_from_source_maf	30320	30320	0	0	0	9922	20398	0.01	0.5	0.921134327582536	0.00743532745779102	median implied SD=0.921, dispersion=0.007, n=20398	effect_scale_validation.R:v1
GCST90200972	GCST90200972	passed	""	source	""	0.954183961554194	estimated_from_source_maf	8128	8128	0	0	0	40	8088	0.01	0.5	0.954183961554194	0.00852503015974877	median implied SD=0.954, dispersion=0.009, n=8088	effect_scale_validation.R:v1
GCST90200973	GCST90200973	passed	""	source	""	0.968248190167822	estimated_from_source_maf	36716	36716	0	0	0	13756	22960	0.01	0.5	0.968248190167822	0.00753959544471566	median implied SD=0.968, dispersion=0.008, n=22960	effect_scale_validation.R:v1
GCST90200974	GCST90200974	passed	""	source	""	0.943732077235409	estimated_from_source_maf	17879	17879	0	0	0	4525	13354	0.01	0.5	0.943732077235409	0.00786600461986049	median implied SD=0.944, dispersion=0.008, n=13354	effect_scale_validation.R:v1
GCST90200975	GCST90200975	passed	""	source	""	0.999835631534201	estimated_from_source_maf	17757	17757	0	0	0	4906	12851	0.01	0.5	0.999835631534201	0.00782277750065232	median implied SD=1.000, dispersion=0.008, n=12851	effect_scale_validation.R:v1
GCST90200976	GCST90200976	passed	""	source	""	0.947386993311718	estimated_from_source_maf	26383	26383	0	0	0	9606	16777	0.01	0.5	0.947386993311718	0.00769043761628087	median implied SD=0.947, dispersion=0.008, n=16777	effect_scale_validation.R:v1
GCST90200977	GCST90200977	passed	""	source	""	0.994747555842562	estimated_from_source_maf	42195	42195	0	0	0	15724	26471	0.01	0.5	0.994747555842562	0.00749634814169754	median implied SD=0.995, dispersion=0.007, n=26471	effect_scale_validation.R:v1
GCST90200978	GCST90200978	passed	""	source	""	0.993362855551508	estimated_from_source_maf	42824	42824	0	0	0	16045	26779	0.01	0.5	0.993362855551508	0.00794909032007068	median implied SD=0.993, dispersion=0.008, n=26779	effect_scale_validation.R:v1
GCST90200979	GCST90200979	passed	""	source	""	0.981427462078453	estimated_from_source_maf	29032	29032	0	0	0	10876	18156	0.01	0.5	0.981427462078453	0.00807573977851729	median implied SD=0.981, dispersion=0.008, n=18156	effect_scale_validation.R:v1
GCST90200980	GCST90200980	passed	""	source	""	0.967863541708696	estimated_from_source_maf	20028	20028	0	0	0	4941	15087	0.01	0.5	0.967863541708696	0.0078349036396815	median implied SD=0.968, dispersion=0.008, n=15087	effect_scale_validation.R:v1
GCST90200981	GCST90200981	passed	""	source	""	0.997601601344151	estimated_from_source_maf	20004	20004	0	0	0	5289	14715	0.01	0.5	0.997601601344151	0.00778092831075774	median implied SD=0.998, dispersion=0.008, n=14715	effect_scale_validation.R:v1
GCST90200982	GCST90200982	passed	""	source	""	0.987207164589592	estimated_from_source_maf	18404	18404	0	0	0	4526	13878	0.01	0.5	0.987207164589592	0.00817663920008259	median implied SD=0.987, dispersion=0.008, n=13878	effect_scale_validation.R:v1
GCST90200983	GCST90200983	passed	""	source	""	0.982887039631554	estimated_from_source_maf	51693	51693	0	0	0	20963	30730	0.01	0.5	0.982887039631554	0.00738008716262734	median implied SD=0.983, dispersion=0.007, n=30730	effect_scale_validation.R:v1
GCST90200984	GCST90200984	passed	""	source	""	0.982039827950445	estimated_from_source_maf	38208	38208	0	0	0	13906	24302	0.01	0.5	0.982039827950445	0.00764328886277635	median implied SD=0.982, dispersion=0.008, n=24302	effect_scale_validation.R:v1
GCST90200985	GCST90200985	passed	""	source	""	0.97612032636348	estimated_from_source_maf	139870	139870	0	0	0	58556	81314	0.01	0.5	0.97612032636348	0.00737882726535707	median implied SD=0.976, dispersion=0.007, n=81314	effect_scale_validation.R:v1
GCST90200986	GCST90200986	passed	""	source	""	0.986403473397795	estimated_from_source_maf	29697	29697	0	0	0	10143	19554	0.01	0.5	0.986403473397795	0.00761716719957118	median implied SD=0.986, dispersion=0.008, n=19554	effect_scale_validation.R:v1
GCST90200987	GCST90200987	passed	""	source	""	0.992825273891047	estimated_from_source_maf	53986	53986	0	0	0	19889	34097	0.01	0.5	0.992825273891047	0.00809478565890993	median implied SD=0.993, dispersion=0.008, n=34097	effect_scale_validation.R:v1
GCST90200988	GCST90200988	passed	""	source	""	0.996649214043744	estimated_from_source_maf	29497	29497	0	0	0	10011	19486	0.01	0.5	0.996649214043744	0.00777889801849142	median implied SD=0.997, dispersion=0.008, n=19486	effect_scale_validation.R:v1
GCST90200989	GCST90200989	passed	""	source	""	0.992173711342564	estimated_from_source_maf	58536	58536	0	0	0	22775	35761	0.01	0.5	0.992173711342564	0.00751787789151111	median implied SD=0.992, dispersion=0.008, n=35761	effect_scale_validation.R:v1
GCST90200990	GCST90200990	passed	""	source	""	0.994020530504443	estimated_from_source_maf	30336	30336	0	0	0	10645	19691	0.01	0.5	0.994020530504443	0.00795476332176306	median implied SD=0.994, dispersion=0.008, n=19691	effect_scale_validation.R:v1
GCST90200991	GCST90200991	passed	""	source	""	0.983603003353176	estimated_from_source_maf	27893	27893	0	0	0	8887	19006	0.01	0.5	0.983603003353176	0.00796467955704676	median implied SD=0.984, dispersion=0.008, n=19006	effect_scale_validation.R:v1
GCST90200992	GCST90200992	passed	""	source	""	0.992226088730885	estimated_from_source_maf	55648	55648	0	0	0	23001	32647	0.01	0.5	0.992226088730885	0.00722614554154202	median implied SD=0.992, dispersion=0.007, n=32647	effect_scale_validation.R:v1
GCST90200993	GCST90200993	passed	""	source	""	0.988838539077227	estimated_from_source_maf	8103	8103	0	0	0	28	8075	0.01	0.5	0.988838539077227	0.00853982397470617	median implied SD=0.989, dispersion=0.009, n=8075	effect_scale_validation.R:v1
GCST90200994	GCST90200994	passed	""	source	""	0.996191220142291	estimated_from_source_maf	26233	26233	0	0	0	9665	16568	0.01	0.5	0.996191220142291	0.00760126540134892	median implied SD=0.996, dispersion=0.008, n=16568	effect_scale_validation.R:v1
GCST90200995	GCST90200995	passed	""	source	""	0.992310288619188	estimated_from_source_maf	8122	8122	0	0	0	39	8083	0.01	0.5	0.992310288619188	0.00872243625059966	median implied SD=0.992, dispersion=0.009, n=8083	effect_scale_validation.R:v1
GCST90200996	GCST90200996	passed	""	source	""	0.997918339529439	estimated_from_source_maf	20080	20080	0	0	0	5587	14493	0.01	0.5	0.997918339529439	0.00889013346503021	median implied SD=0.998, dispersion=0.009, n=14493	effect_scale_validation.R:v1
GCST90200997	GCST90200997	passed	""	source	""	0.975102337320803	estimated_from_source_maf	54336	54336	0	0	0	20811	33525	0.01	0.5	0.975102337320803	0.00779554695916921	median implied SD=0.975, dispersion=0.008, n=33525	effect_scale_validation.R:v1
GCST90200998	GCST90200998	passed	""	source	""	0.99068754673113	estimated_from_source_maf	8114	8114	0	0	0	27	8087	0.01	0.5	0.99068754673113	0.0085455005436847	median implied SD=0.991, dispersion=0.009, n=8087	effect_scale_validation.R:v1
GCST90200999	GCST90200999	passed	""	source	""	0.999649797553973	estimated_from_source_maf	8133	8133	0	0	0	52	8081	0.01	0.5	0.999649797553973	0.00860598137525862	median implied SD=1.000, dispersion=0.009, n=8081	effect_scale_validation.R:v1
GCST90201000	GCST90201000	passed	""	source	""	0.979453611313494	estimated_from_source_maf	56933	56933	0	0	0	22485	34448	0.01	0.5	0.979453611313494	0.0079592244523918	median implied SD=0.979, dispersion=0.008, n=34448	effect_scale_validation.R:v1
GCST90201001	GCST90201001	passed	""	source	""	1.00088519832695	estimated_from_source_maf	36463	36463	0	0	0	13703	22760	0.01	0.5	1.00088519832695	0.00762488898953319	median implied SD=1.001, dispersion=0.008, n=22760	effect_scale_validation.R:v1
GCST90201002	GCST90201002	passed	""	source	""	0.99925010469216	estimated_from_source_maf	8110	8110	0	0	0	43	8067	0.01	0.5	0.99925010469216	0.0092826351244264	median implied SD=0.999, dispersion=0.009, n=8067	effect_scale_validation.R:v1
GCST90201003	GCST90201003	passed	""	source	""	0.986780261902757	estimated_from_source_maf	8119	8119	0	0	0	40	8079	0.01	0.5	0.986780261902757	0.00854802123421946	median implied SD=0.987, dispersion=0.009, n=8079	effect_scale_validation.R:v1
GCST90201004	GCST90201004	passed	""	source	""	0.987538619879434	estimated_from_source_maf	56182	56182	0	0	0	21195	34987	0.01	0.5	0.987538619879434	0.0074211500743442	median implied SD=0.988, dispersion=0.007, n=34987	effect_scale_validation.R:v1
GCST90201005	GCST90201005	passed	""	source	""	0.991897673214476	estimated_from_source_maf	8132	8132	0	0	0	53	8079	0.01	0.5	0.991897673214476	0.00904165395027328	median implied SD=0.992, dispersion=0.009, n=8079	effect_scale_validation.R:v1
GCST90201006	GCST90201006	passed	""	source	""	0.980753254223235	estimated_from_source_maf	19308	19308	0	0	0	4475	14833	0.01	0.5	0.980753254223235	0.0076271500236588	median implied SD=0.981, dispersion=0.008, n=14833	effect_scale_validation.R:v1
GCST90201007	GCST90201007	passed	""	source	""	0.983967046269417	estimated_from_source_maf	31411	31411	0	0	0	10024	21387	0.01	0.5	0.983967046269417	0.00742765801747387	median implied SD=0.984, dispersion=0.007, n=21387	effect_scale_validation.R:v1
GCST90201008	GCST90201008	passed	""	source	""	0.998474452773699	estimated_from_source_maf	17810	17810	0	0	0	4783	13027	0.01	0.5	0.998474452773699	0.00766368186584759	median implied SD=0.998, dispersion=0.008, n=13027	effect_scale_validation.R:v1
GCST90201009	GCST90201009	passed	""	source	""	1.00002638002326	estimated_from_source_maf	25627	25627	0	0	0	8287	17340	0.01	0.5	1.00002638002326	0.00735033118409322	median implied SD=1.000, dispersion=0.007, n=17340	effect_scale_validation.R:v1
GCST90201010	GCST90201010	passed	""	source	""	0.976683619297598	estimated_from_source_maf	19318	19318	0	0	0	4481	14837	0.01	0.5	0.976683619297598	0.00766035776737007	median implied SD=0.977, dispersion=0.008, n=14837	effect_scale_validation.R:v1
GCST90201011	GCST90201011	passed	""	source	""	0.989529360724423	estimated_from_source_maf	19095	19095	0	0	0	4201	14894	0.01	0.5	0.989529360724423	0.00733594682945655	median implied SD=0.990, dispersion=0.007, n=14894	effect_scale_validation.R:v1
GCST90201012	GCST90201012	passed	""	source	""	0.97538185169029	estimated_from_source_maf	17839	17839	0	0	0	4333	13506	0.01	0.5	0.97538185169029	0.00800899277157186	median implied SD=0.975, dispersion=0.008, n=13506	effect_scale_validation.R:v1
GCST90201013	GCST90201013	passed	""	source	""	0.915869297442075	estimated_from_source_maf	91027	91027	0	0	0	37837	53190	0.01	0.5	0.915869297442075	0.00774580689150322	median implied SD=0.916, dispersion=0.008, n=53190	effect_scale_validation.R:v1
GCST90201014	GCST90201014	passed	""	source	""	0.878537851117266	estimated_from_source_maf	63301	63301	0	0	0	24884	38417	0.01	0.5	0.878537851117266	0.00717179827508942	median implied SD=0.879, dispersion=0.007, n=38417	effect_scale_validation.R:v1
GCST90201015	GCST90201015	passed	""	source	""	0.91158273995931	estimated_from_source_maf	95318	95318	0	0	0	38681	56637	0.01	0.5	0.91158273995931	0.00747274453716116	median implied SD=0.912, dispersion=0.007, n=56637	effect_scale_validation.R:v1
GCST90201016	GCST90201016	passed	""	source	""	0.986038284969354	estimated_from_source_maf	78547	78547	0	0	0	31715	46832	0.01	0.5	0.986038284969354	0.0074363029857225	median implied SD=0.986, dispersion=0.007, n=46832	effect_scale_validation.R:v1
GCST90201017	GCST90201017	passed	""	source	""	0.962704767076618	estimated_from_source_maf	21556	21556	0	0	0	5463	16093	0.01	0.5	0.962704767076618	0.0085108262938451	median implied SD=0.963, dispersion=0.009, n=16093	effect_scale_validation.R:v1
GCST90201018	GCST90201018	passed	""	source	""	0.980076236772023	estimated_from_source_maf	24355	24355	0	0	0	6885	17470	0.01	0.5	0.980076236772023	0.00831984157861021	median implied SD=0.980, dispersion=0.008, n=17470	effect_scale_validation.R:v1
GCST90201019	GCST90201019	passed	""	source	""	0.961755642751081	estimated_from_source_maf	63195	63195	0	0	0	25061	38134	0.01	0.5	0.961755642751081	0.00738631047355212	median implied SD=0.962, dispersion=0.007, n=38134	effect_scale_validation.R:v1
GCST90201020	GCST90201020	passed	""	source	""	0.99155856740202	estimated_from_source_maf	43568	43568	0	0	0	14760	28808	0.01	0.5	0.99155856740202	0.00846972360315191	median implied SD=0.992, dispersion=0.008, n=28808	effect_scale_validation.R:v1
