analysis_id	source_analysis_id	source_ancestry_label	assigned_ancestry	ancestry_assignment_method	ancestry_reference_id	af_overlap	dominant_superpop	dominant_proportion	runner_up_margin	nnls_residual	gate_reason	eaf_orientation	eaf_orientation_r	source_assigned_mismatch	ancestry_notes	ancestry_prop_AFR	ancestry_prop_AMR	ancestry_prop_EAS	ancestry_prop_EUR	ancestry_prop_MID	ancestry_prop_NAF	ancestry_prop_SAS
GCST000028	GCST000028	European		unassigned	ref_freqs.hg38.tsv.gz	0		0	0		overlap	unverified										
GCST000392	GCST000392	European		unassigned	ref_freqs.hg38.tsv.gz	0		0	0		overlap	unverified										
GCST000553	GCST000553	European		unassigned	ref_freqs.hg38.tsv.gz	0		0	0		overlap	unverified										
GCST000568	GCST000568	European		unassigned	ref_freqs.hg38.tsv.gz	50000	AFR	0.398258	0.137893	0.394611	residual	passed	0.100045			0.398258	0.00805139	0.16205	0.171276	0	0	0.260364
GCST000571	GCST000571	European		unassigned	ref_freqs.hg38.tsv.gz	50000	AFR	0.397436	0.137938	0.394104	residual	passed	0.100402			0.397436	0.0085174	0.161676	0.172872	0	0	0.259498
GCST000612	GCST000612	European		unassigned	ref_freqs.hg38.tsv.gz	0		0	0		overlap	unverified										
GCST000679	GCST000679	European		unassigned	ref_freqs.hg38.tsv.gz	0		0	0		overlap	unverified										
GCST000755	GCST000755	European		unassigned	ref_freqs.hg38.tsv.gz	0		0	0		overlap	unverified										
GCST000758	GCST000758	European		unassigned	ref_freqs.hg38.tsv.gz	0		0	0		overlap	unverified										
GCST000759	GCST000759	European		unassigned	ref_freqs.hg38.tsv.gz	0		0	0		overlap	unverified										
GCST000760	GCST000760	European		unassigned	ref_freqs.hg38.tsv.gz	0		0	0		overlap	unverified										
GCST000879	GCST000879	European		unassigned	ref_freqs.hg38.tsv.gz	0		0	0		overlap	unverified										
GCST000922	GCST000922	European		unassigned	ref_freqs.hg38.tsv.gz	50000	AFR	0.449109	0.191316	0.369883	residual	passed	0.0841625			0.449109	0.128483	0.0570593	0.107556	0	0	0.257793
GCST000998	GCST000998	European	EUR	af_assigned	ref_freqs.hg38.tsv.gz	50000	EUR	0.962706	0.948862	0.0227555	ok	passed	0.971182	false		0.0138442	0.0138388	0.00204115	0.962706	0	0	0.00756952
GCST001198	GCST001198	European		unassigned	ref_freqs.hg38.tsv.gz	0		0	0		overlap	unverified										
GCST001212	GCST001212	European		unassigned	ref_freqs.hg38.tsv.gz	50000	AFR	0.398707	0.141547	0.394397	residual	passed	0.100694			0.398707	0.00927588	0.16121	0.173646	0	0	0.25716
GCST001255	GCST001255	European		unassigned	ref_freqs.hg38.tsv.gz	0		0	0		overlap	unverified										
GCST001475	GCST001475	European		unassigned	ref_freqs.hg38.tsv.gz	0		0	0		overlap	unverified										
GCST001592	GCST001592	European		unassigned	ref_freqs.hg38.tsv.gz	0		0	0		overlap	unverified										
GCST001790	GCST001790	European		unassigned	ref_freqs.hg38.tsv.gz	0		0	0		overlap	unverified										
GCST001791	GCST001791	European		unassigned	ref_freqs.hg38.tsv.gz	0		0	0		overlap	unverified										
GCST001837	GCST001837	European	EUR	af_assigned	ref_freqs.hg38.tsv.gz	50000	EUR	1	1	0.039043	ok	passed	0.958187	false		0	0	0	1	0	0	0
GCST001969	GCST001969	European	EUR	af_assigned	ref_freqs.hg38.tsv.gz	50000	EUR	0.918259	0.858358	0.0170124	ok	passed	0.980294	false		0	0.00497089	0.00605865	0.918259	0.0108096	0	0.0599015
GCST002047	GCST002047	European	EUR	af_assigned	ref_freqs.hg38.tsv.gz	50000	EUR	0.99354	0.988226	0.0426329	ok	passed	0.960527	false		0	0.00531464	0.00114515	0.99354	0	0	0
GCST002216	GCST002216	European		unassigned	ref_freqs.hg38.tsv.gz	0		0	0		overlap	unverified										
GCST002221	GCST002221	European		unassigned	ref_freqs.hg38.tsv.gz	0		0	0		overlap	unverified										
GCST002222	GCST002222	European		unassigned	ref_freqs.hg38.tsv.gz	0		0	0		overlap	unverified										
GCST002223	GCST002223	European		unassigned	ref_freqs.hg38.tsv.gz	0		0	0		overlap	unverified										
GCST002245	GCST002245	European		unassigned	ref_freqs.hg38.tsv.gz	0		0	0		overlap	unverified										
GCST002318	GCST002318	European		unassigned	ref_freqs.hg38.tsv.gz	0		0	0		overlap	unverified										
GCST002376	GCST002376	European	EUR	af_assigned	ref_freqs.hg38.tsv.gz	50000	EUR	0.988851	0.977702	0.0222199	ok	passed	0.973154	false		0	0	0	0.988851	0.011149	0	0
GCST002548	GCST002548	European		unassigned	ref_freqs.hg38.tsv.gz	0		0	0		overlap	unverified										
GCST002598	GCST002598	European		unassigned	ref_freqs.hg38.tsv.gz	0		0	0		overlap	unverified										
GCST002783	GCST002783	European		unassigned	ref_freqs.hg38.tsv.gz	0		0	0		overlap	unverified										
GCST002920	GCST002920	European		unassigned	ref_freqs.hg38.tsv.gz	0		0	0		overlap	unverified										
GCST003043	GCST003043	European	EUR	af_assigned	ref_freqs.hg38.tsv.gz	40072	EUR	0.996392	0.992784	0.00962132	ok	passed	0.973537	false		0	0	0	0.996392	0.00360812	0	0
GCST003044	GCST003044	European	EUR	af_assigned	ref_freqs.hg38.tsv.gz	40072	EUR	0.996392	0.992784	0.00962132	ok	passed	0.973537	false		0	0	0	0.996392	0.00360812	0	0
GCST003045	GCST003045	European	EUR	af_assigned	ref_freqs.hg38.tsv.gz	40073	EUR	0.996392	0.992784	0.0096212	ok	passed	0.973538	false		0	0	0	0.996392	0.00360821	0	0
GCST003116	GCST003116	European	EUR	af_assigned	ref_freqs.hg38.tsv.gz	50000	EUR	0.763182	0.634048	0.0207732	ok	passed	0.988486	false		0.0314446	0.0155227	0.0381786	0.763182	0	0.0225382	0.129134
GCST003129	GCST003129	European		unassigned	ref_freqs.hg38.tsv.gz	0		0	0		overlap	unverified										
GCST003143	GCST003143	European	EUR	af_assigned	ref_freqs.hg38.tsv.gz	50000	EUR	0.955331	0.938369	0.0213188	ok	passed	0.980348	false		0.013392	0.0169625	0.00551201	0.955331	0	0	0.00880218
GCST003156	GCST003156	European		unassigned	ref_freqs.hg38.tsv.gz	0		0	0		overlap	unverified										
GCST003219	GCST003219	European		unassigned	ref_freqs.hg38.tsv.gz	0		0	0		overlap	unverified										
GCST003367	GCST003367	European		unassigned	ref_freqs.hg38.tsv.gz	0		0	0		overlap	unverified										
GCST003368	GCST003368	European		unassigned	ref_freqs.hg38.tsv.gz	0		0	0		overlap	unverified										
GCST003371	GCST003371	European	AFR	af_assigned	ref_freqs.hg38.tsv.gz	50000	AFR	1	1	0.0378365	ok	passed	0.778074	true		1	0	0	0	0	0	0
GCST003372	GCST003372	European	EUR	af_assigned	ref_freqs.hg38.tsv.gz	50000	EUR	1	1	0.0381284	ok	passed	0.961556	false		0	0	0	1	0	0	0
GCST003373	GCST003373	European	EUR	af_assigned	ref_freqs.hg38.tsv.gz	50000	EUR	1	1	0.0380488	ok	passed	0.961653	false		0	0	0	1	0	0	0
GCST003374	GCST003374	European	EUR	af_assigned	ref_freqs.hg38.tsv.gz	50000	EUR	1	1	0.0384198	ok	passed	0.961341	false		0	0	0	1	0	0	0
GCST003375	GCST003375	European	EUR	af_assigned	ref_freqs.hg38.tsv.gz	50000	EUR	1	1	0.0380299	ok	passed	0.961591	false		0	0	0	1	0	0	0
GCST003378	GCST003378	European	EUR	af_assigned	ref_freqs.hg38.tsv.gz	50000	EUR	0.777733	0.629744	0.0577592	ok	passed	0.971482	false		0.0157314	0	0.14799	0.777733	0	0.037689	0.0208569
GCST003392	GCST003392	European	EUR	af_assigned	ref_freqs.hg38.tsv.gz	50000	EUR	0.976768	0.965533	0.0047745	ok	passed	0.978645	false		0.00490809	0	0.00244901	0.976768	0.0112352	0.000764482	0.00387502
GCST003394	GCST003394	European	EUR	af_assigned	ref_freqs.hg38.tsv.gz	50000	EUR	0.976768	0.965533	0.0047745	ok	passed	0.978645	false		0.00490809	0	0.00244901	0.976768	0.0112352	0.000764482	0.00387502
GCST003395	GCST003395	European	EUR	af_assigned	ref_freqs.hg38.tsv.gz	50000	EUR	0.976768	0.965533	0.0047745	ok	passed	0.978645	false		0.00490809	0	0.00244901	0.976768	0.0112352	0.000764482	0.00387502
GCST003401	GCST003401	European	EUR	af_assigned	ref_freqs.hg38.tsv.gz	50000	EUR	1	1	0.0379908	ok	passed	0.961598	false		0	0	0	1	0	0	0
GCST003435	GCST003435	European	EUR	af_assigned	ref_freqs.hg38.tsv.gz	50000	EUR	0.853731	0.780863	0.0284283	ok	passed	0.980258	false		0.0147734	0.00145285	0.0512413	0.853731	0.00593297	0	0.0728683
GCST003484	GCST003484	European		unassigned	ref_freqs.hg38.tsv.gz	0		0	0		overlap	unverified										
GCST003496	GCST003496	European		unassigned	ref_freqs.hg38.tsv.gz	0		0	0		overlap	unverified										
GCST003497	GCST003497	European		unassigned	ref_freqs.hg38.tsv.gz	0		0	0		overlap	unverified										
GCST003498	GCST003498	European		unassigned	ref_freqs.hg38.tsv.gz	0		0	0		overlap	unverified										
GCST003499	GCST003499	European		unassigned	ref_freqs.hg38.tsv.gz	0		0	0		overlap	unverified										
GCST003566	GCST003566	European		unassigned	ref_freqs.hg38.tsv.gz	50000	AFR	0.686122	0.372244	0.563492	eaf_orientation	failed	-0.975186			0.686122	0	0.313878	0	0	0	0
GCST003658	GCST003658	European		unassigned	ref_freqs.hg38.tsv.gz	0		0	0		overlap	unverified										
GCST003659	GCST003659	European		unassigned	ref_freqs.hg38.tsv.gz	0		0	0		overlap	unverified										
GCST003724	GCST003724	European	EUR	af_assigned	ref_freqs.hg38.tsv.gz	50000	EUR	0.989864	0.985268	0.006673	ok	passed	0.979131	false		0	0.00386221	0.000647348	0.989864	0.00103133	0	0.00459558
GCST003738	GCST003738	European		unassigned	ref_freqs.hg38.tsv.gz	0		0	0		overlap	unverified										
GCST003739	GCST003739	European		unassigned	ref_freqs.hg38.tsv.gz	0		0	0		overlap	unverified										
GCST003740	GCST003740	European		unassigned	ref_freqs.hg38.tsv.gz	0		0	0		overlap	unverified										
GCST003766	GCST003766	European		unassigned	ref_freqs.hg38.tsv.gz	0		0	0		overlap	unverified										
GCST003769	GCST003769	European		unassigned	ref_freqs.hg38.tsv.gz	0		0	0		overlap	unverified										
GCST003770	GCST003770	European		unassigned	ref_freqs.hg38.tsv.gz	0		0	0		overlap	unverified										
GCST003795	GCST003795	European		unassigned	ref_freqs.hg38.tsv.gz	0		0	0		overlap	unverified										
GCST003814	GCST003814	European		unassigned	ref_freqs.hg38.tsv.gz	0		0	0		overlap	unverified										
GCST003837	GCST003837	European	EUR	af_assigned	ref_freqs.hg38.tsv.gz	50000	EUR	0.996999	0.993998	0.00560379	ok	passed	0.978867	false		0	0	0	0.996999	0	0	0.00300119
GCST003839	GCST003839	European	EUR	af_assigned	ref_freqs.hg38.tsv.gz	50000	EUR	0.997011	0.994021	0.00560391	ok	passed	0.97887	false		0	0	0	0.997011	0	0	0.00298947
GCST003898	GCST003898	European		unassigned	ref_freqs.hg38.tsv.gz	21082	AFR	0.57955	0.337901	0.380862	residual	passed	0.0020271			0.57955	0	0.178801	0	0	0	0.241649
GCST003900	GCST003900	European	EUR	af_assigned	ref_freqs.hg38.tsv.gz	50000	EUR	0.863166	0.775224	0.0343164	ok	passed	0.959657	false		0	0	0	0.863166	0.0879415	0.0488926	0
GCST003965	GCST003965	European		unassigned	ref_freqs.hg38.tsv.gz	0		0	0		overlap	unverified										
GCST003966	GCST003966	European		unassigned	ref_freqs.hg38.tsv.gz	0		0	0		overlap	unverified										
GCST003967	GCST003967	European		unassigned	ref_freqs.hg38.tsv.gz	0		0	0		overlap	unverified										
GCST003968	GCST003968	European		unassigned	ref_freqs.hg38.tsv.gz	0		0	0		overlap	unverified										
GCST003969	GCST003969	European		unassigned	ref_freqs.hg38.tsv.gz	0		0	0		overlap	unverified										
GCST003970	GCST003970	European		unassigned	ref_freqs.hg38.tsv.gz	0		0	0		overlap	unverified										
GCST003971	GCST003971	European		unassigned	ref_freqs.hg38.tsv.gz	0		0	0		overlap	unverified										
GCST003972	GCST003972	European		unassigned	ref_freqs.hg38.tsv.gz	0		0	0		overlap	unverified										
GCST003973	GCST003973	European		unassigned	ref_freqs.hg38.tsv.gz	0		0	0		overlap	unverified										
GCST004030	GCST004030	European	EUR	af_assigned	ref_freqs.hg38.tsv.gz	50000	EUR	0.992245	0.984778	0.00839294	ok	passed	0.980474	false		0	0	0	0.992245	0.00746715	0	0.000287702
GCST004074	GCST004074	European		unassigned	ref_freqs.hg38.tsv.gz	0		0	0		overlap	unverified										
GCST004075	GCST004075	European		unassigned	ref_freqs.hg38.tsv.gz	0		0	0		overlap	unverified										
GCST004076	GCST004076	European		unassigned	ref_freqs.hg38.tsv.gz	0		0	0		overlap	unverified										
GCST004137	GCST004137	European		unassigned	ref_freqs.hg38.tsv.gz	0		0	0		overlap	unverified										
GCST004158	GCST004158	European		unassigned	ref_freqs.hg38.tsv.gz	0		0	0		overlap	unverified										
GCST004162	GCST004162	European	EUR	af_assigned	ref_freqs.hg38.tsv.gz	50000	EUR	0.994784	0.989568	0.0209441	ok	passed	0.97551	false		0	0.00521613	0	0.994784	0	0	0
GCST004198	GCST004198	European		unassigned	ref_freqs.hg38.tsv.gz	0		0	0		overlap	unverified										
GCST004292	GCST004292	European		unassigned	ref_freqs.hg38.tsv.gz	1210	MID	0.288506	0.0440293	0.23775	overlap	unverified				0.244476	0.109666	0.218536	0.138816	0.288506	0	0
GCST004293	GCST004293	European		unassigned	ref_freqs.hg38.tsv.gz	1323	EUR	0.377308	0.0460938	0.230183	overlap	unverified				0.331214	0.0649267	0.226551	0.377308	0	0	0
GCST004296	GCST004296	European		unassigned	ref_freqs.hg38.tsv.gz	0		0	0		overlap	unverified										
GCST004364	GCST004364	European		unassigned	ref_freqs.hg38.tsv.gz	50000	AFR	0.331054	0.0149797	0.443412	residual	failed	-0.121065			0.331054	0	0.271745	0.0114216	0.0697063	0	0.316074
GCST004420	GCST004420	European		unassigned	ref_freqs.hg38.tsv.gz	0		0	0		overlap	unverified										
GCST004421	GCST004421	European		unassigned	ref_freqs.hg38.tsv.gz	0		0	0		overlap	unverified										
GCST004422	GCST004422	European		unassigned	ref_freqs.hg38.tsv.gz	0		0	0		overlap	unverified										
GCST004423	GCST004423	European		unassigned	ref_freqs.hg38.tsv.gz	0		0	0		overlap	unverified										
GCST004424	GCST004424	European		unassigned	ref_freqs.hg38.tsv.gz	0		0	0		overlap	unverified										
GCST004425	GCST004425	European		unassigned	ref_freqs.hg38.tsv.gz	0		0	0		overlap	unverified										
GCST004426	GCST004426	European		unassigned	ref_freqs.hg38.tsv.gz	0		0	0		overlap	unverified										
GCST004427	GCST004427	European		unassigned	ref_freqs.hg38.tsv.gz	0		0	0		overlap	unverified										
GCST004428	GCST004428	European		unassigned	ref_freqs.hg38.tsv.gz	0		0	0		overlap	unverified										
GCST004429	GCST004429	European		unassigned	ref_freqs.hg38.tsv.gz	0		0	0		overlap	unverified										
GCST004430	GCST004430	European		unassigned	ref_freqs.hg38.tsv.gz	0		0	0		overlap	unverified										
GCST004431	GCST004431	European		unassigned	ref_freqs.hg38.tsv.gz	0		0	0		overlap	unverified										
GCST004432	GCST004432	European		unassigned	ref_freqs.hg38.tsv.gz	0		0	0		overlap	unverified										
GCST004433	GCST004433	European		unassigned	ref_freqs.hg38.tsv.gz	0		0	0		overlap	unverified										
GCST004434	GCST004434	European		unassigned	ref_freqs.hg38.tsv.gz	0		0	0		overlap	unverified										
GCST004435	GCST004435	European		unassigned	ref_freqs.hg38.tsv.gz	0		0	0		overlap	unverified										
GCST004436	GCST004436	European		unassigned	ref_freqs.hg38.tsv.gz	0		0	0		overlap	unverified										
GCST004437	GCST004437	European		unassigned	ref_freqs.hg38.tsv.gz	0		0	0		overlap	unverified										
GCST004438	GCST004438	European		unassigned	ref_freqs.hg38.tsv.gz	0		0	0		overlap	unverified										
GCST004439	GCST004439	European		unassigned	ref_freqs.hg38.tsv.gz	0		0	0		overlap	unverified										
GCST004440	GCST004440	European		unassigned	ref_freqs.hg38.tsv.gz	0		0	0		overlap	unverified										
GCST004441	GCST004441	European		unassigned	ref_freqs.hg38.tsv.gz	0		0	0		overlap	unverified										
GCST004442	GCST004442	European		unassigned	ref_freqs.hg38.tsv.gz	0		0	0		overlap	unverified										
GCST004443	GCST004443	European		unassigned	ref_freqs.hg38.tsv.gz	0		0	0		overlap	unverified										
GCST004444	GCST004444	European		unassigned	ref_freqs.hg38.tsv.gz	0		0	0		overlap	unverified										
GCST004445	GCST004445	European		unassigned	ref_freqs.hg38.tsv.gz	0		0	0		overlap	unverified										
GCST004446	GCST004446	European		unassigned	ref_freqs.hg38.tsv.gz	0		0	0		overlap	unverified										
GCST004447	GCST004447	European		unassigned	ref_freqs.hg38.tsv.gz	0		0	0		overlap	unverified										
GCST004448	GCST004448	European		unassigned	ref_freqs.hg38.tsv.gz	0		0	0		overlap	unverified										
GCST004449	GCST004449	European		unassigned	ref_freqs.hg38.tsv.gz	0		0	0		overlap	unverified										
GCST004450	GCST004450	European		unassigned	ref_freqs.hg38.tsv.gz	0		0	0		overlap	unverified										
GCST004451	GCST004451	European		unassigned	ref_freqs.hg38.tsv.gz	0		0	0		overlap	unverified										
GCST004452	GCST004452	European		unassigned	ref_freqs.hg38.tsv.gz	0		0	0		overlap	unverified										
GCST004453	GCST004453	European		unassigned	ref_freqs.hg38.tsv.gz	0		0	0		overlap	unverified										
GCST004454	GCST004454	European		unassigned	ref_freqs.hg38.tsv.gz	0		0	0		overlap	unverified										
GCST004455	GCST004455	European		unassigned	ref_freqs.hg38.tsv.gz	0		0	0		overlap	unverified										
GCST004456	GCST004456	European		unassigned	ref_freqs.hg38.tsv.gz	0		0	0		overlap	unverified										
GCST004457	GCST004457	European		unassigned	ref_freqs.hg38.tsv.gz	0		0	0		overlap	unverified										
GCST004458	GCST004458	European		unassigned	ref_freqs.hg38.tsv.gz	0		0	0		overlap	unverified										
GCST004459	GCST004459	European		unassigned	ref_freqs.hg38.tsv.gz	0		0	0		overlap	unverified										
GCST004460	GCST004460	European		unassigned	ref_freqs.hg38.tsv.gz	0		0	0		overlap	unverified										
GCST004461	GCST004461	European	EUR	af_assigned	ref_freqs.hg38.tsv.gz	50000	EUR	0.991188	0.986158	0.00966428	ok	passed	0.981373	false		0.00224204	0	0.00503018	0.991188	0	0	0.00153994
GCST004488	GCST004488	European	EUR	af_assigned	ref_freqs.hg38.tsv.gz	50000	EUR	0.948659	0.914372	0.0202652	ok	passed	0.976968	false		0.00603951	0.00992244	0.00109329	0.948659	0.0342862	0	0
GCST004599	GCST004599	European	EUR	af_assigned	ref_freqs.hg38.tsv.gz	50000	EUR	0.99517	0.990341	0.00560054	ok	passed	0.979197	false		0	0	0	0.99517	0	0	0.00482958
GCST004600	GCST004600	European	EUR	af_assigned	ref_freqs.hg38.tsv.gz	50000	EUR	0.995192	0.990384	0.00560707	ok	passed	0.979212	false		0	0	0	0.995192	0	0	0.00480794
GCST004601	GCST004601	European	EUR	af_assigned	ref_freqs.hg38.tsv.gz	50000	EUR	0.995131	0.990262	0.00561188	ok	passed	0.979217	false		0	0	0	0.995131	0	0	0.00486876
GCST004602	GCST004602	European	EUR	af_assigned	ref_freqs.hg38.tsv.gz	50000	EUR	0.995089	0.990177	0.00561464	ok	passed	0.97922	false		0	0	0	0.995089	0	0	0.0049113
GCST004603	GCST004603	European	EUR	af_assigned	ref_freqs.hg38.tsv.gz	50000	EUR	0.995113	0.990226	0.00560668	ok	passed	0.979213	false		0	0	0	0.995113	0	0	0.00488701
GCST004604	GCST004604	European	EUR	af_assigned	ref_freqs.hg38.tsv.gz	50000	EUR	0.995136	0.990273	0.00561413	ok	passed	0.979217	false		0	0	0	0.995136	0	0	0.00486366
GCST004605	GCST004605	European	EUR	af_assigned	ref_freqs.hg38.tsv.gz	50000	EUR	0.99509	0.99018	0.00561467	ok	passed	0.979221	false		0	0	0	0.99509	0	0	0.00491001
GCST004606	GCST004606	European	EUR	af_assigned	ref_freqs.hg38.tsv.gz	50000	EUR	0.995168	0.990336	0.00560852	ok	passed	0.979213	false		0	0	0	0.995168	0	0	0.00483189
GCST004607	GCST004607	European	EUR	af_assigned	ref_freqs.hg38.tsv.gz	50000	EUR	0.995161	0.990321	0.00560259	ok	passed	0.979208	false		0	0	0	0.995161	0	0	0.00483934
GCST004608	GCST004608	European	EUR	af_assigned	ref_freqs.hg38.tsv.gz	50000	EUR	0.995211	0.990422	0.00560766	ok	passed	0.979212	false		0	0	0	0.995211	0	0	0.0047888
GCST004609	GCST004609	European	EUR	af_assigned	ref_freqs.hg38.tsv.gz	50000	EUR	0.995206	0.990411	0.00560491	ok	passed	0.979212	false		0	0	0	0.995206	0	0	0.00479428
GCST004610	GCST004610	European	EUR	af_assigned	ref_freqs.hg38.tsv.gz	50000	EUR	0.995123	0.990246	0.00560981	ok	passed	0.979216	false		0	0	0	0.995123	0	0	0.00487687
GCST004611	GCST004611	European	EUR	af_assigned	ref_freqs.hg38.tsv.gz	50000	EUR	0.995174	0.990349	0.00561333	ok	passed	0.979213	false		0	0	0	0.995174	0	0	0.00482561
GCST004612	GCST004612	European	EUR	af_assigned	ref_freqs.hg38.tsv.gz	50000	EUR	0.995176	0.990351	0.00561333	ok	passed	0.979213	false		0	0	0	0.995176	0	0	0.00482442
GCST004613	GCST004613	European	EUR	af_assigned	ref_freqs.hg38.tsv.gz	50000	EUR	0.995171	0.990342	0.00560979	ok	passed	0.979213	false		0	0	0	0.995171	0	0	0.00482919
GCST004614	GCST004614	European	EUR	af_assigned	ref_freqs.hg38.tsv.gz	50000	EUR	0.995137	0.990274	0.0056131	ok	passed	0.979214	false		0	0	0	0.995137	0	0	0.00486293
GCST004615	GCST004615	European	EUR	af_assigned	ref_freqs.hg38.tsv.gz	50000	EUR	0.99515	0.990301	0.00561177	ok	passed	0.979216	false		0	0	0	0.99515	0	0	0.00484955
GCST004616	GCST004616	European	EUR	af_assigned	ref_freqs.hg38.tsv.gz	50000	EUR	0.995128	0.990256	0.00560362	ok	passed	0.979211	false		0	0	0	0.995128	0	0	0.00487199
GCST004617	GCST004617	European	EUR	af_assigned	ref_freqs.hg38.tsv.gz	50000	EUR	0.995191	0.990383	0.00560986	ok	passed	0.979209	false		0	0	0	0.995191	0	0	0.00480863
GCST004618	GCST004618	European	EUR	af_assigned	ref_freqs.hg38.tsv.gz	50000	EUR	0.995172	0.990343	0.00560522	ok	passed	0.979215	false		0	0	0	0.995172	0	0	0.0048285
GCST004619	GCST004619	European	EUR	af_assigned	ref_freqs.hg38.tsv.gz	50000	EUR	0.995176	0.990352	0.0056123	ok	passed	0.979213	false		0	0	0	0.995176	0	0	0.00482382
GCST004620	GCST004620	European	EUR	af_assigned	ref_freqs.hg38.tsv.gz	50000	EUR	0.995125	0.99025	0.00561503	ok	passed	0.979215	false		0	0	0	0.995125	0	0	0.00487499
GCST004621	GCST004621	European	EUR	af_assigned	ref_freqs.hg38.tsv.gz	50000	EUR	0.995104	0.990208	0.0056171	ok	passed	0.979216	false		0	0	0	0.995104	0	0	0.00489609
GCST004622	GCST004622	European	EUR	af_assigned	ref_freqs.hg38.tsv.gz	50000	EUR	0.995172	0.990344	0.00561285	ok	passed	0.979212	false		0	0	0	0.995172	0	0	0.00482788
GCST004623	GCST004623	European	EUR	af_assigned	ref_freqs.hg38.tsv.gz	50000	EUR	0.995215	0.990431	0.0056109	ok	passed	0.979208	false		0	0	0	0.995215	0	0	0.00478454
GCST004624	GCST004624	European	EUR	af_assigned	ref_freqs.hg38.tsv.gz	50000	EUR	0.995154	0.990309	0.00560942	ok	passed	0.979215	false		0	0	0	0.995154	0	0	0.00484569
GCST004625	GCST004625	European	EUR	af_assigned	ref_freqs.hg38.tsv.gz	50000	EUR	0.995214	0.990428	0.0056072	ok	passed	0.97921	false		0	0	0	0.995214	0	0	0.00478599
GCST004626	GCST004626	European	EUR	af_assigned	ref_freqs.hg38.tsv.gz	50000	EUR	0.995153	0.990307	0.00561232	ok	passed	0.979215	false		0	0	0	0.995153	0	0	0.00484657
GCST004627	GCST004627	European	EUR	af_assigned	ref_freqs.hg38.tsv.gz	50000	EUR	0.995192	0.990385	0.00560831	ok	passed	0.979211	false		0	0	0	0.995192	0	0	0.00480755
GCST004628	GCST004628	European	EUR	af_assigned	ref_freqs.hg38.tsv.gz	50000	EUR	0.995182	0.990364	0.00561338	ok	passed	0.979214	false		0	0	0	0.995182	0	0	0.00481811
GCST004629	GCST004629	European	EUR	af_assigned	ref_freqs.hg38.tsv.gz	50000	EUR	0.995163	0.990325	0.00561211	ok	passed	0.979213	false		0	0	0	0.995163	0	0	0.00483726
GCST004630	GCST004630	European	EUR	af_assigned	ref_freqs.hg38.tsv.gz	50000	EUR	0.995163	0.990325	0.00560846	ok	passed	0.979215	false		0	0	0	0.995163	0	0	0.00483731
GCST004631	GCST004631	European	EUR	af_assigned	ref_freqs.hg38.tsv.gz	50000	EUR	0.995176	0.990352	0.00560314	ok	passed	0.979214	false		0	0	0	0.995176	0	0	0.00482395
GCST004632	GCST004632	European	EUR	af_assigned	ref_freqs.hg38.tsv.gz	50000	EUR	0.995206	0.990412	0.00560863	ok	passed	0.97921	false		0	0	0	0.995206	0	0	0.00479405
GCST004633	GCST004633	European	EUR	af_assigned	ref_freqs.hg38.tsv.gz	50000	EUR	0.9952	0.990399	0.00560891	ok	passed	0.979211	false		0	0	0	0.9952	0	0	0.00480031
GCST004634	GCST004634	European	EUR	af_assigned	ref_freqs.hg38.tsv.gz	50000	EUR	0.995237	0.990475	0.00560235	ok	passed	0.979207	false		0	0	0	0.995237	0	0	0.00476253
GCST004692	GCST004692	European		unassigned	ref_freqs.hg38.tsv.gz	0		0	0		overlap	unverified										
GCST004695	GCST004695	European	EUR	af_assigned	ref_freqs.hg38.tsv.gz	50000	EUR	0.998324	0.99706	0.00509721	ok	passed	0.978124	false		0.000411844	0.00126402	0	0.998324	0	0	0
GCST004732	GCST004732	European	EUR	af_assigned	ref_freqs.hg38.tsv.gz	50000	EUR	0.97591	0.957897	0.0179665	ok	passed	0.977886	false		0.018013	0.000764859	0.00248983	0.97591	0.00282243	0	0
GCST004733	GCST004733	European	EUR	af_assigned	ref_freqs.hg38.tsv.gz	50000	EUR	0.975922	0.959973	0.0176714	ok	passed	0.9779	false		0.0159492	0.00047161	0.00251061	0.975922	0.00514621	0	0
GCST004734	GCST004734	European	EUR	af_assigned	ref_freqs.hg38.tsv.gz	50000	EUR	0.976168	0.960943	0.0173319	ok	passed	0.977909	false		0.0152254	0.0007559	0.00243917	0.976168	0.00541156	0	0
GCST004744	GCST004744	European	EUR	af_assigned	ref_freqs.hg38.tsv.gz	50000	EUR	0.971268	0.954465	0.0152497	ok	passed	0.977175	false		0	0.00648655	0	0.971268	0.0168033	0.00544163	0
GCST004746	GCST004746	European	EUR	af_assigned	ref_freqs.hg38.tsv.gz	50000	EUR	0.987056	0.977012	0.00811946	ok	passed	0.97912	false		0	0.00213972	0	0.987056	0.0100443	0.000759497	0
GCST004747	GCST004747	European	EUR	af_assigned	ref_freqs.hg38.tsv.gz	50000	EUR	0.981502	0.969168	0.00844544	ok	passed	0.979403	false		0	0.00148404	0	0.981502	0.012334	0.00468022	0
GCST004748	GCST004748	European	EUR	af_assigned	ref_freqs.hg38.tsv.gz	50000	EUR	0.971901	0.955559	0.0137434	ok	passed	0.977743	false		0	0.00591257	0	0.971901	0.016342	0.00584397	0
GCST004749	GCST004749	European	EUR	af_assigned	ref_freqs.hg38.tsv.gz	50000	EUR	0.977275	0.966459	0.00881663	ok	passed	0.979541	false		0	0.00342324	2.69443e-05	0.977275	0.0108158	0.00571287	0.00274636
GCST004750	GCST004750	European	EUR	af_assigned	ref_freqs.hg38.tsv.gz	50000	EUR	0.972661	0.961324	0.0158961	ok	passed	0.977229	false		0	0.00620541	0	0.972661	0.0113365	0.00979714	0
GCST004824	GCST004824	European		unassigned	ref_freqs.hg38.tsv.gz	0		0	0		overlap	unverified										
GCST004826	GCST004826	European		unassigned	ref_freqs.hg38.tsv.gz	0		0	0		overlap	unverified										
GCST004833	GCST004833	European		unassigned	ref_freqs.hg38.tsv.gz	0		0	0		overlap	unverified										
GCST004883	GCST004883	European	EUR	af_assigned	ref_freqs.hg38.tsv.gz	50000	EUR	0.987011	0.977043	0.0284236	ok	passed	0.968485	false		2.49818e-05	0.00996865	0	0.987011	0	0	0.00299505
GCST004884	GCST004884	European	EUR	af_assigned	ref_freqs.hg38.tsv.gz	50000	EUR	0.986965	0.980178	0.0363554	ok	passed	0.965478	false		0	0.00624706	0	0.986965	0	0.00678759	0
GCST004885	GCST004885	European	EUR	af_assigned	ref_freqs.hg38.tsv.gz	50000	EUR	0.98692	0.978938	0.0193588	ok	passed	0.971554	false		0	0.00189434	0.000112702	0.98692	0.00798213	0.00309085	0
GCST004901	GCST004901	European		unassigned	ref_freqs.hg38.tsv.gz	0		0	0		overlap	unverified										
GCST004924	GCST004924	European		unassigned	ref_freqs.hg38.tsv.gz	0		0	0		overlap	unverified										
GCST004925	GCST004925	European		unassigned	ref_freqs.hg38.tsv.gz	0		0	0		overlap	unverified										
GCST004926	GCST004926	European		unassigned	ref_freqs.hg38.tsv.gz	0		0	0		overlap	unverified										
GCST004927	GCST004927	European		unassigned	ref_freqs.hg38.tsv.gz	0		0	0		overlap	unverified										
GCST004928	GCST004928	European		unassigned	ref_freqs.hg38.tsv.gz	0		0	0		overlap	unverified										
GCST004929	GCST004929	European		unassigned	ref_freqs.hg38.tsv.gz	0		0	0		overlap	unverified										
GCST004930	GCST004930	European		unassigned	ref_freqs.hg38.tsv.gz	0		0	0		overlap	unverified										
GCST004931	GCST004931	European		unassigned	ref_freqs.hg38.tsv.gz	0		0	0		overlap	unverified										
GCST004932	GCST004932	European		unassigned	ref_freqs.hg38.tsv.gz	0		0	0		overlap	unverified										
GCST004939	GCST004939	European		unassigned	ref_freqs.hg38.tsv.gz	0		0	0		overlap	unverified										
GCST004940	GCST004940	European		unassigned	ref_freqs.hg38.tsv.gz	0		0	0		overlap	unverified										
GCST004941	GCST004941	European		unassigned	ref_freqs.hg38.tsv.gz	0		0	0		overlap	unverified										
GCST004952	GCST004952	European		unassigned	ref_freqs.hg38.tsv.gz	0		0	0		overlap	unverified										
GCST004954	GCST004954	European		unassigned	ref_freqs.hg38.tsv.gz	0		0	0		overlap	unverified										
GCST004988	GCST004988	European	EUR	af_assigned	ref_freqs.hg38.tsv.gz	50000	EUR	0.968355	0.952063	0.00795539	ok	passed	0.982079	false		0.00417545	0.00814605	0.00303213	0.968355	0	0	0.0162917
GCST005038	GCST005038	European		unassigned	ref_freqs.hg38.tsv.gz	50000	AFR	0.531018	0.342771	0.400306	residual	passed	0.116523			0.531018	0.0181327	0.185812	0.0767894	0	0	0.188248
GCST005047	GCST005047	European		unassigned	ref_freqs.hg38.tsv.gz	0		0	0		overlap	unverified										
GCST005058	GCST005058	European		unassigned	ref_freqs.hg38.tsv.gz	0		0	0		overlap	unverified										
GCST005059	GCST005059	European		unassigned	ref_freqs.hg38.tsv.gz	0		0	0		overlap	unverified										
GCST005060	GCST005060	European		unassigned	ref_freqs.hg38.tsv.gz	0		0	0		overlap	unverified										
GCST005061	GCST005061	European		unassigned	ref_freqs.hg38.tsv.gz	0		0	0		overlap	unverified										
GCST005062	GCST005062	European		unassigned	ref_freqs.hg38.tsv.gz	0		0	0		overlap	unverified										
GCST005063	GCST005063	European		unassigned	ref_freqs.hg38.tsv.gz	0		0	0		overlap	unverified										
GCST005064	GCST005064	European		unassigned	ref_freqs.hg38.tsv.gz	0		0	0		overlap	unverified										
GCST005065	GCST005065	European		unassigned	ref_freqs.hg38.tsv.gz	0		0	0		overlap	unverified										
GCST005066	GCST005066	European		unassigned	ref_freqs.hg38.tsv.gz	0		0	0		overlap	unverified										
GCST005067	GCST005067	European		unassigned	ref_freqs.hg38.tsv.gz	0		0	0		overlap	unverified										
GCST005068	GCST005068	European		unassigned	ref_freqs.hg38.tsv.gz	0		0	0		overlap	unverified										
GCST005069	GCST005069	European		unassigned	ref_freqs.hg38.tsv.gz	0		0	0		overlap	unverified										
GCST005070	GCST005070	European		unassigned	ref_freqs.hg38.tsv.gz	0		0	0		overlap	unverified										
GCST005071	GCST005071	European		unassigned	ref_freqs.hg38.tsv.gz	0		0	0		overlap	unverified										
GCST005072	GCST005072	European		unassigned	ref_freqs.hg38.tsv.gz	0		0	0		overlap	unverified										
GCST005073	GCST005073	European		unassigned	ref_freqs.hg38.tsv.gz	0		0	0		overlap	unverified										
GCST005074	GCST005074	European		unassigned	ref_freqs.hg38.tsv.gz	0		0	0		overlap	unverified										
GCST005076	GCST005076	European	EUR	af_assigned	ref_freqs.hg38.tsv.gz	50000	EUR	0.973878	0.966281	0.007976	ok	passed	0.981629	false		0.00510974	0.00759744	0.00640649	0.973878	0	0	0.00700806
GCST005178	GCST005178	European		unassigned	ref_freqs.hg38.tsv.gz	0		0	0		overlap	unverified										
GCST005179	GCST005179	European		unassigned	ref_freqs.hg38.tsv.gz	50000	AFR	0.39863	0.140674	0.39399	residual	passed	0.100292			0.39863	0.00880219	0.16193	0.172681	0	0	0.257957
GCST005180	GCST005180	European		unassigned	ref_freqs.hg38.tsv.gz	50000	AFR	0.397421	0.138901	0.394072	residual	passed	0.0999726			0.397421	0.00962436	0.16201	0.172425	0	0	0.25852
GCST005185	GCST005185	European		unassigned	ref_freqs.hg38.tsv.gz	50000	AFR	0.355365	0.163915	0.388245	residual	passed	0.102667			0.355365	0.127786	0.180369	0.14503	0	0	0.191451
GCST005186	GCST005186	European		unassigned	ref_freqs.hg38.tsv.gz	50000	AFR	0.355338	0.164228	0.38831	residual	passed	0.102504			0.355338	0.127867	0.180411	0.145273	0	0	0.191111
GCST005212	GCST005212	European		unassigned	ref_freqs.hg38.tsv.gz	0		0	0		overlap	unverified										
GCST005215	GCST005215	European		unassigned	ref_freqs.hg38.tsv.gz	50000	AFR	0.453896	0.1021	0.456969	residual	failed	-0.252366			0.453896	0	0.351796	0	0	0	0.194307
GCST005216	GCST005216	European		unassigned	ref_freqs.hg38.tsv.gz	50000	AFR	0.451545	0.105626	0.454069	residual	failed	-0.237445			0.451545	0	0.345918	0	0	0	0.202537
GCST005217	GCST005217	European		unassigned	ref_freqs.hg38.tsv.gz	50000	AFR	0.371148	0.0735689	0.415381	residual	failed	-0.0076974			0.371148	0.0381809	0.192565	0.100527	0	0	0.297579
GCST005218	GCST005218	European		unassigned	ref_freqs.hg38.tsv.gz	50000	AFR	0.456975	0.088352	0.488722	residual	failed	-0.415853			0.456975	0	0.368623	0	0	0	0.174403
GCST005219	GCST005219	European		unassigned	ref_freqs.hg38.tsv.gz	50000	AFR	0.374177	0.0797863	0.416709	residual	failed	-0.0220992			0.374177	0.0386799	0.195488	0.0972645	0	0	0.29439
GCST005220	GCST005220	European		unassigned	ref_freqs.hg38.tsv.gz	50000	AFR	0.372321	0.0777303	0.416596	residual	failed	-0.0218635			0.372321	0.0385983	0.196026	0.0984641	0	0	0.294591
GCST005221	GCST005221	European		unassigned	ref_freqs.hg38.tsv.gz	50000	AFR	0.452224	0.0973127	0.457336	residual	failed	-0.253659			0.452224	0	0.354911	0	0	0	0.192865
GCST005222	GCST005222	European		unassigned	ref_freqs.hg38.tsv.gz	50000	AFR	0.45252	0.0984656	0.457049	residual	failed	-0.252895			0.45252	0	0.354054	0	0	0	0.193426
GCST005223	GCST005223	European		unassigned	ref_freqs.hg38.tsv.gz	50000	AFR	0.376967	0.0778558	0.417414	residual	failed	-0.0271789			0.376967	0.0369631	0.195752	0.0912059	0	0	0.299111
GCST005232	GCST005232	European		unassigned	ref_freqs.hg38.tsv.gz	0		0	0		overlap	unverified										
GCST005314	GCST005314	European	EUR	af_assigned	ref_freqs.hg38.tsv.gz	50000	EUR	0.98697	0.983143	0.0104605	ok	passed	0.976755	false		0.00382684	0.00317929	0.00325638	0.98697	0	0	0.0027674
GCST005327	GCST005327	European	EUR	af_assigned	ref_freqs.hg38.tsv.gz	50000	EUR	0.998483	0.996966	0.0175853	ok	passed	0.979684	false		0.00151719	0	0	0.998483	0	0	0
GCST005348	GCST005348	European	EUR	af_assigned	ref_freqs.hg38.tsv.gz	50000	EUR	0.887308	0.82282	0.0159132	ok	passed	0.985636	false		0.0644879	0.0204378	0.0237754	0.887308	0	0	0.00399123
GCST005350	GCST005350	European	EUR	af_assigned	ref_freqs.hg38.tsv.gz	50000	EUR	0.917715	0.884331	0.0104625	ok	passed	0.984579	false		0.0285548	0.0131101	0.0333837	0.917715	0	0	0.00723634
GCST005362	GCST005362	European		unassigned	ref_freqs.hg38.tsv.gz	0		0	0		overlap	unverified										
GCST005367	GCST005367	European		unassigned	ref_freqs.hg38.tsv.gz	0		0	0		overlap	unverified										
GCST005413	GCST005413	European		unassigned	ref_freqs.hg38.tsv.gz	50000	AFR	0.50763	0.202492	0.392655	residual	passed	0.131161			0.50763	0.0165661	0.131394	0.0392719	0	0	0.305138
GCST005522	GCST005522	European		unassigned	ref_freqs.hg38.tsv.gz	0		0	0		overlap	unverified										
GCST005523	GCST005523	European		unassigned	ref_freqs.hg38.tsv.gz	0		0	0		overlap	unverified										
GCST005524	GCST005524	European		unassigned	ref_freqs.hg38.tsv.gz	0		0	0		overlap	unverified										
GCST005527	GCST005527	European		unassigned	ref_freqs.hg38.tsv.gz	0		0	0		overlap	unverified										
GCST005528	GCST005528	European		unassigned	ref_freqs.hg38.tsv.gz	0		0	0		overlap	unverified										
GCST005529	GCST005529	European		unassigned	ref_freqs.hg38.tsv.gz	0		0	0		overlap	unverified										
GCST005531	GCST005531	European		unassigned	ref_freqs.hg38.tsv.gz	0		0	0		overlap	unverified										
GCST005536	GCST005536	European		unassigned	ref_freqs.hg38.tsv.gz	0		0	0		overlap	unverified										
GCST005538	GCST005538	European		unassigned	ref_freqs.hg38.tsv.gz	0		0	0		overlap	unverified										
GCST005540	GCST005540	European		unassigned	ref_freqs.hg38.tsv.gz	0		0	0		overlap	unverified										
GCST005543	GCST005543	European		unassigned	ref_freqs.hg38.tsv.gz	0		0	0		overlap	unverified										
GCST005569	GCST005569	European		unassigned	ref_freqs.hg38.tsv.gz	0		0	0		overlap	unverified										
GCST005581	GCST005581	European		unassigned	ref_freqs.hg38.tsv.gz	0		0	0		overlap	unverified										
GCST005626	GCST005626	European		unassigned	ref_freqs.hg38.tsv.gz	0		0	0		overlap	unverified										
GCST005647	GCST005647	European	EUR	af_assigned	ref_freqs.hg38.tsv.gz	50000	EUR	0.87985	0.844844	0.0273411	ok	passed	0.983107	false		0.0337906	0.0115642	0.025135	0.87985	0.0146537	0	0.0350061
GCST005686	GCST005686	European		unassigned	ref_freqs.hg38.tsv.gz	0		0	0		overlap	unverified										
GCST005810	GCST005810	European	EUR	af_assigned	ref_freqs.hg38.tsv.gz	50000	EUR	1	1	0.00553116	ok	passed	0.977892	false		0	0	0	1	0	0	0
GCST005811	GCST005811	European	EUR	af_assigned	ref_freqs.hg38.tsv.gz	50000	EUR	0.997721	0.995442	0.00492051	ok	passed	0.978069	false		0	0	0	0.997721	0.0022789	0	0
GCST005812	GCST005812	European	EUR	af_assigned	ref_freqs.hg38.tsv.gz	50000	EUR	0.998737	0.997474	0.00500258	ok	passed	0.978029	false		0	0	0	0.998737	0.00126305	0	0
GCST005813	GCST005813	European	EUR	af_assigned	ref_freqs.hg38.tsv.gz	50000	EUR	1	1	0.00517898	ok	passed	0.977976	false		0	0	0	1	0	0	0
GCST005814	GCST005814	European	EUR	af_assigned	ref_freqs.hg38.tsv.gz	50000	EUR	0.997362	0.994724	0.00501386	ok	passed	0.978071	false		0	0	0	0.997362	0.00263787	0	0
GCST005831	GCST005831	European		unassigned	ref_freqs.hg38.tsv.gz	0		0	0		overlap	unverified										
GCST005838	GCST005838	European	EUR	af_assigned	ref_freqs.hg38.tsv.gz	50000	EUR	0.68384	0.500023	0.0368138	ok	passed	0.990116	false		0.0984993	0.00360887	0.183817	0.68384	0.01959	0	0.0106458
GCST005840	GCST005840	European	EUR	af_assigned	ref_freqs.hg38.tsv.gz	50000	EUR	0.616682	0.356084	0.0400403	ok	passed	0.988164	false		0.0673433	0.00157126	0.260598	0.616682	0.0325951	0	0.021211
GCST005841	GCST005841	European		unassigned	ref_freqs.hg38.tsv.gz	50000	EUR	0.491425	0.125441	0.0449124	proportion	passed	0.982382			0.0983643	0.00288562	0.365984	0.491425	0.0338798	0	0.00746168
GCST005842	GCST005842	European	EUR	af_assigned	ref_freqs.hg38.tsv.gz	50000	EUR	0.759219	0.633115	0.032432	ok	passed	0.988872	false		0.072197	0.00519343	0.126104	0.759219	0.0143912	0	0.0228954
GCST005843	GCST005843	European	EUR	af_assigned	ref_freqs.hg38.tsv.gz	50000	EUR	0.651034	0.450409	0.0383376	ok	passed	0.990279	false		0.10735	0.00344407	0.200625	0.651034	0.0237234	0	0.0138243
GCST005845	GCST005845	European		unassigned	ref_freqs.hg38.tsv.gz	0		0	0		overlap	unverified										
GCST005846	GCST005846	European		unassigned	ref_freqs.hg38.tsv.gz	0		0	0		overlap	unverified										
GCST005847	GCST005847	European		unassigned	ref_freqs.hg38.tsv.gz	0		0	0		overlap	unverified										
GCST005848	GCST005848	European		unassigned	ref_freqs.hg38.tsv.gz	0		0	0		overlap	unverified										
GCST005849	GCST005849	European		unassigned	ref_freqs.hg38.tsv.gz	0		0	0		overlap	unverified										
GCST005850	GCST005850	European		unassigned	ref_freqs.hg38.tsv.gz	0		0	0		overlap	unverified										
GCST005898	GCST005898	European		unassigned	ref_freqs.hg38.tsv.gz	0		0	0		overlap	unverified										
GCST005902	GCST005902	European	EUR	af_assigned	ref_freqs.hg38.tsv.gz	50000	EUR	0.996859	0.993719	0.00490975	ok	passed	0.978117	false		0	0	0	0.996859	0	0	0.00314055
GCST005903	GCST005903	European	EUR	af_assigned	ref_freqs.hg38.tsv.gz	50000	EUR	0.996624	0.993247	0.00490007	ok	passed	0.978131	false		0	0	0	0.996624	0	0	0.00337634
GCST005904	GCST005904	European	EUR	af_assigned	ref_freqs.hg38.tsv.gz	50000	EUR	0.996522	0.993043	0.00495261	ok	passed	0.97818	false		0	0	0	0.996522	0	0	0.00347835
GCST005920	GCST005920	European		unassigned	ref_freqs.hg38.tsv.gz	0		0	0		overlap	unverified										
GCST005921	GCST005921	European		unassigned	ref_freqs.hg38.tsv.gz	0		0	0		overlap	unverified										
GCST005923	GCST005923	European		unassigned	ref_freqs.hg38.tsv.gz	0		0	0		overlap	unverified										
GCST005964	GCST005964	European		unassigned	ref_freqs.hg38.tsv.gz	0		0	0		overlap	unverified										
GCST006044	GCST006044	European		unassigned	ref_freqs.hg38.tsv.gz	0		0	0		overlap	unverified										
GCST006045	GCST006045	European		unassigned	ref_freqs.hg38.tsv.gz	0		0	0		overlap	unverified										
GCST006046	GCST006046	European		unassigned	ref_freqs.hg38.tsv.gz	0		0	0		overlap	unverified										
GCST006047	GCST006047	European		unassigned	ref_freqs.hg38.tsv.gz	0		0	0		overlap	unverified										
GCST006061	GCST006061	European		unassigned	ref_freqs.hg38.tsv.gz	0		0	0		overlap	unverified										
GCST006065	GCST006065	European		unassigned	ref_freqs.hg38.tsv.gz	0		0	0		overlap	unverified										
GCST006085	GCST006085	European	EUR	af_assigned	ref_freqs.hg38.tsv.gz	50000	EUR	0.967265	0.952052	0.00708095	ok	passed	0.983102	false		0.00562542	0.00596389	0.00593274	0.967265	0	0	0.015213
GCST006097	GCST006097	European	EUR	af_assigned	ref_freqs.hg38.tsv.gz	50000	EUR	1	1	0.00446568	ok	passed	0.977261	false		0	0	0	1	0	0	0
GCST006098	GCST006098	European	EUR	af_assigned	ref_freqs.hg38.tsv.gz	50000	EUR	1	1	0.0044548	ok	passed	0.977244	false		0	0	0	1	0	0	0
GCST006099	GCST006099	European	EUR	af_assigned	ref_freqs.hg38.tsv.gz	50000	EUR	1	1	0.0045548	ok	passed	0.977275	false		0	0	0	1	0	0	0
GCST006100	GCST006100	European	EUR	af_assigned	ref_freqs.hg38.tsv.gz	50000	EUR	1	1	0.00444332	ok	passed	0.977257	false		0	0	0	1	0	0	0
GCST006227	GCST006227	European		unassigned	ref_freqs.hg38.tsv.gz	0		0	0		overlap	unverified										
GCST006228	GCST006228	European		unassigned	ref_freqs.hg38.tsv.gz	0		0	0		overlap	unverified										
GCST006229	GCST006229	European		unassigned	ref_freqs.hg38.tsv.gz	0		0	0		overlap	unverified										
GCST006230	GCST006230	European		unassigned	ref_freqs.hg38.tsv.gz	0		0	0		overlap	unverified										
GCST006231	GCST006231	European		unassigned	ref_freqs.hg38.tsv.gz	0		0	0		overlap	unverified										
GCST006250	GCST006250	European		unassigned	ref_freqs.hg38.tsv.gz	0		0	0		overlap	unverified										
GCST006258	GCST006258	European		unassigned	ref_freqs.hg38.tsv.gz	0		0	0		overlap	unverified										
GCST006259	GCST006259	European		unassigned	ref_freqs.hg38.tsv.gz	0		0	0		overlap	unverified										
GCST006268	GCST006268	European		unassigned	ref_freqs.hg38.tsv.gz	0		0	0		overlap	unverified										
GCST006288	GCST006288	European	EUR	af_assigned	ref_freqs.hg38.tsv.gz	50000	EUR	0.994613	0.989393	0.00535492	ok	passed	0.979371	false		0	0.000166075	0	0.994613	0	0	0.00522053
GCST006326	GCST006326	European		unassigned	ref_freqs.hg38.tsv.gz	50000	AFR	0.449052	0.192558	0.369853	residual	passed	0.0843807			0.449052	0.12837	0.0578379	0.108245	0	0	0.256495
GCST006327	GCST006327	European		unassigned	ref_freqs.hg38.tsv.gz	50000	AFR	0.449149	0.191588	0.369827	residual	passed	0.0845184			0.449149	0.12843	0.0567471	0.108112	0	0	0.257561
GCST006328	GCST006328	European		unassigned	ref_freqs.hg38.tsv.gz	50000	AFR	0.449286	0.191128	0.369765	residual	passed	0.0846834			0.449286	0.128638	0.0563973	0.107521	0	0	0.258158
GCST006329	GCST006329	European		unassigned	ref_freqs.hg38.tsv.gz						resolution_failed				Analysis GCST006329: ValueError: Duplicate effect column 'beta' in header							
GCST006330	GCST006330	European	EUR	af_assigned	ref_freqs.hg38.tsv.gz	50000	EUR	0.991829	0.986438	0.0123311	ok	passed	0.973149	false		0	0.00278068	0	0.991829	0	0	0.0053907
GCST006331	GCST006331	European	EUR	af_assigned	ref_freqs.hg38.tsv.gz	50000	EUR	0.991601	0.985976	0.0123438	ok	passed	0.973168	false		0	0.00277511	0	0.991601	0	0	0.00562435
GCST006332	GCST006332	European	EUR	af_assigned	ref_freqs.hg38.tsv.gz	50000	EUR	0.991831	0.986443	0.0123311	ok	passed	0.97315	false		0	0.00278122	0	0.991831	0	0	0.00538787
GCST006333	GCST006333	European	EUR	af_assigned	ref_freqs.hg38.tsv.gz	50000	EUR	0.991895	0.986558	0.0123358	ok	passed	0.973083	false		0	0.00276842	0	0.991895	0	0	0.00533673
GCST006334	GCST006334	European	EUR	af_assigned	ref_freqs.hg38.tsv.gz	50000	EUR	0.991601	0.985976	0.0123438	ok	passed	0.973168	false		0	0.00277511	0	0.991601	0	0	0.00562435
GCST006335	GCST006335	European	EUR	af_assigned	ref_freqs.hg38.tsv.gz	50000	EUR	0.991601	0.985976	0.0123438	ok	passed	0.973168	false		0	0.00277511	0	0.991601	0	0	0.00562435
GCST006336	GCST006336	European	EUR	af_assigned	ref_freqs.hg38.tsv.gz	50000	EUR	0.991831	0.986443	0.0123311	ok	passed	0.97315	false		0	0.00278122	0	0.991831	0	0	0.00538787
GCST006337	GCST006337	European	EUR	af_assigned	ref_freqs.hg38.tsv.gz	50000	EUR	0.991601	0.985976	0.0123438	ok	passed	0.973168	false		0	0.00277511	0	0.991601	0	0	0.00562435
GCST006338	GCST006338	European	EUR	af_assigned	ref_freqs.hg38.tsv.gz	50000	EUR	0.991831	0.986443	0.0123311	ok	passed	0.97315	false		0	0.00278122	0	0.991831	0	0	0.00538787
GCST006339	GCST006339	European	EUR	af_assigned	ref_freqs.hg38.tsv.gz	50000	EUR	0.991601	0.985976	0.0123438	ok	passed	0.973168	false		0	0.00277511	0	0.991601	0	0	0.00562435
GCST006340	GCST006340	European	EUR	af_assigned	ref_freqs.hg38.tsv.gz	50000	EUR	1	1	0.0125915	ok	passed	0.967575	false		0	0	0	1	0	0	0
GCST006341	GCST006341	European	EUR	af_assigned	ref_freqs.hg38.tsv.gz	50000	EUR	0.991831	0.986443	0.0123311	ok	passed	0.97315	false		0	0.00278122	0	0.991831	0	0	0.00538787
GCST006342	GCST006342	European	EUR	af_assigned	ref_freqs.hg38.tsv.gz	50000	EUR	0.991831	0.986443	0.0123311	ok	passed	0.97315	false		0	0.00278122	0	0.991831	0	0	0.00538787
GCST006343	GCST006343	European	EUR	af_assigned	ref_freqs.hg38.tsv.gz	50000	EUR	0.983759	0.975754	0.0154997	ok	passed	0.972175	false		0.000418502	0.00800563	0	0.983759	0	0	0.00781671
GCST006344	GCST006344	European	EUR	af_assigned	ref_freqs.hg38.tsv.gz	50000	EUR	0.969358	0.942665	0.0180299	ok	passed	0.973155	false		0	0.00394936	0	0.969358	0	0	0.0266929
GCST006345	GCST006345	European	EUR	af_assigned	ref_freqs.hg38.tsv.gz	50000	EUR	0.987766	0.981281	0.0325804	ok	passed	0.967532	false		0	0.00570538	4.29938e-05	0.987766	0	0	0.00648541
GCST006346	GCST006346	European	EUR	af_assigned	ref_freqs.hg38.tsv.gz	50000	EUR	0.994138	0.99082	0.0144077	ok	passed	0.972622	false		0	0.00331793	0	0.994138	0	0	0.00254448
GCST006347	GCST006347	European	EUR	af_assigned	ref_freqs.hg38.tsv.gz	50000	EUR	0.987372	0.975421	0.0241639	ok	passed	0.970938	false		0	0.000677615	0.0119506	0.987372	0	0	0
GCST006348	GCST006348	European	EUR	af_assigned	ref_freqs.hg38.tsv.gz	50000	EUR	0.989826	0.983782	0.0126143	ok	passed	0.973238	false		0	0.00413028	0	0.989826	0	0	0.00604371
GCST006349	GCST006349	European	EUR	af_assigned	ref_freqs.hg38.tsv.gz	50000	EUR	0.997393	0.995527	0.0147204	ok	passed	0.97235	false		0	0.000741476	0	0.997393	0	0	0.00186558
GCST006350	GCST006350	European	EUR	af_assigned	ref_freqs.hg38.tsv.gz	50000	EUR	0.987824	0.979148	0.0131023	ok	passed	0.973382	false		0	0.00349979	0	0.987824	0	0	0.0086763
GCST006351	GCST006351	European	EUR	af_assigned	ref_freqs.hg38.tsv.gz	50000	EUR	0.991767	0.986173	0.012338	ok	passed	0.97315	false		0	0.00263878	0	0.991767	0	0	0.00559417
GCST006352	GCST006352	European	EUR	af_assigned	ref_freqs.hg38.tsv.gz	50000	EUR	0.996114	0.992936	0.0128319	ok	passed	0.97293	false		0	0.00317819	0	0.996114	0	0	0.000708034
GCST006353	GCST006353	European	EUR	af_assigned	ref_freqs.hg38.tsv.gz	50000	EUR	0.999362	0.99901	0.0150806	ok	passed	0.971478	false		0	0.000351465	0.000286917	0.999362	0	0	0
GCST006354	GCST006354	European	EUR	af_assigned	ref_freqs.hg38.tsv.gz	50000	EUR	0.983596	0.975383	0.0154878	ok	passed	0.972843	false		0.000409149	0.00778141	0	0.983596	0	0	0.00821306
GCST006355	GCST006355	European	EUR	af_assigned	ref_freqs.hg38.tsv.gz	50000	EUR	0.983596	0.975383	0.0154878	ok	passed	0.972843	false		0.000409149	0.00778141	0	0.983596	0	0	0.00821306
GCST006356	GCST006356	European	EUR	af_assigned	ref_freqs.hg38.tsv.gz	50000	EUR	0.991601	0.985976	0.0123438	ok	passed	0.973168	false		0	0.00277511	0	0.991601	0	0	0.00562435
GCST006357	GCST006357	European	EUR	af_assigned	ref_freqs.hg38.tsv.gz	50000	EUR	0.991601	0.985976	0.0123438	ok	passed	0.973168	false		0	0.00277511	0	0.991601	0	0	0.00562435
GCST006358	GCST006358	European	EUR	af_assigned	ref_freqs.hg38.tsv.gz	50000	EUR	0.991601	0.985976	0.0123438	ok	passed	0.973168	false		0	0.00277511	0	0.991601	0	0	0.00562435
GCST006359	GCST006359	European	EUR	af_assigned	ref_freqs.hg38.tsv.gz	50000	EUR	0.991601	0.985976	0.0123438	ok	passed	0.973168	false		0	0.00277511	0	0.991601	0	0	0.00562435
GCST006360	GCST006360	European	EUR	af_assigned	ref_freqs.hg38.tsv.gz	50000	EUR	0.991601	0.985976	0.0123438	ok	passed	0.973168	false		0	0.00277511	0	0.991601	0	0	0.00562435
GCST006361	GCST006361	European	EUR	af_assigned	ref_freqs.hg38.tsv.gz	50000	EUR	0.996802	0.993605	0.0126858	ok	passed	0.970346	false		0	0.00319762	0	0.996802	0	0	0
GCST006362	GCST006362	European	EUR	af_assigned	ref_freqs.hg38.tsv.gz	50000	EUR	0.99305	0.988571	0.0125331	ok	passed	0.973093	false		0	0.00247239	0	0.99305	0	0	0.00447807
GCST006363	GCST006363	European	EUR	af_assigned	ref_freqs.hg38.tsv.gz	50000	EUR	0.982209	0.968151	0.0240251	ok	passed	0.970962	false		0.00373336	0	0	0.982209	0	0	0.0140577
GCST006366	GCST006366	European	EUR	af_assigned	ref_freqs.hg38.tsv.gz	50000	EUR	0.979924	0.968835	0.0174454	ok	passed	0.97223	false		0.00317562	0.000120644	0.00282857	0.979924	0.0110893	0	0.00286172
GCST006368	GCST006368	European		unassigned	ref_freqs.hg38.tsv.gz	50000	AFR	0.347869	0.164613	0.339944	residual	passed	0.102299			0.347869	0.0368611	0.169706	0.183257	0.101699	0	0.160608
GCST006390	GCST006390	European		unassigned	ref_freqs.hg38.tsv.gz	0		0	0		overlap	unverified										
GCST006407	GCST006407	European		unassigned	ref_freqs.hg38.tsv.gz	0		0	0		overlap	unverified										
GCST006414	GCST006414	European	EUR	af_assigned	ref_freqs.hg38.tsv.gz	50000	EUR	0.976262	0.965892	0.0173428	ok	passed	0.978815	false		0.0103693	0.00240344	0.00153721	0.976262	0	0	0.00942834
GCST006464	GCST006464	European	EUR	af_assigned	ref_freqs.hg38.tsv.gz	50000	EUR	0.982851	0.972507	0.00724102	ok	passed	0.982219	false		0.00337372	0.000965658	0.00246625	0.982851	0	0	0.0103437
GCST006465	GCST006465	European	EUR	af_assigned	ref_freqs.hg38.tsv.gz	50000	EUR	0.985304	0.97994	0.0074738	ok	passed	0.979721	false		0.0042269	0.00536453	0.00330852	0.985304	0	0	0.00179578
GCST006466	GCST006466	European	EUR	af_assigned	ref_freqs.hg38.tsv.gz	50000	EUR	0.982851	0.972507	0.00724102	ok	passed	0.982219	false		0.00337372	0.000965658	0.00246625	0.982851	0	0	0.0103437
GCST006475	GCST006475	European	EUR	af_assigned	ref_freqs.hg38.tsv.gz	50000	EUR	0.99576	0.991521	0.00477318	ok	passed	0.97969	false		0	0	0	0.99576	0	0	0.00423968
GCST006476	GCST006476	European		unassigned	ref_freqs.hg38.tsv.gz	0		0	0		overlap	unverified										
GCST006477	GCST006477	European		unassigned	ref_freqs.hg38.tsv.gz	0		0	0		overlap	unverified										
GCST006478	GCST006478	European		unassigned	ref_freqs.hg38.tsv.gz	0		0	0		overlap	unverified										
GCST006487	GCST006487	European	EUR	af_assigned	ref_freqs.hg38.tsv.gz	50000	EUR	0.99853	0.997346	0.00516928	ok	passed	0.978119	false		0.000286255	0.00118402	0	0.99853	0	0	0
GCST006488	GCST006488	European	EUR	af_assigned	ref_freqs.hg38.tsv.gz	50000	EUR	0.99811	0.996768	0.0051562	ok	passed	0.978114	false		0.000547067	0.00134259	0	0.99811	0	0	0
GCST006489	GCST006489	European		unassigned	ref_freqs.hg38.tsv.gz	0		0	0		overlap	unverified										
GCST006490	GCST006490	European		unassigned	ref_freqs.hg38.tsv.gz	0		0	0		overlap	unverified										
GCST006533	GCST006533	European		unassigned	ref_freqs.hg38.tsv.gz	0		0	0		overlap	unverified										
GCST006534	GCST006534	European		unassigned	ref_freqs.hg38.tsv.gz	0		0	0		overlap	unverified										
GCST006537	GCST006537	European		unassigned	ref_freqs.hg38.tsv.gz	0		0	0		overlap	unverified										
GCST006538	GCST006538	European		unassigned	ref_freqs.hg38.tsv.gz	0		0	0		overlap	unverified										
GCST006540	GCST006540	European		unassigned	ref_freqs.hg38.tsv.gz	0		0	0		overlap	unverified										
GCST006542	GCST006542	European		unassigned	ref_freqs.hg38.tsv.gz	0		0	0		overlap	unverified										
GCST006543	GCST006543	European		unassigned	ref_freqs.hg38.tsv.gz	0		0	0		overlap	unverified										
GCST006544	GCST006544	European		unassigned	ref_freqs.hg38.tsv.gz	0		0	0		overlap	unverified										
GCST006545	GCST006545	European		unassigned	ref_freqs.hg38.tsv.gz	0		0	0		overlap	unverified										
GCST006546	GCST006546	European		unassigned	ref_freqs.hg38.tsv.gz	0		0	0		overlap	unverified										
GCST006547	GCST006547	European		unassigned	ref_freqs.hg38.tsv.gz	0		0	0		overlap	unverified										
GCST006548	GCST006548	European		unassigned	ref_freqs.hg38.tsv.gz	0		0	0		overlap	unverified										
GCST006549	GCST006549	European		unassigned	ref_freqs.hg38.tsv.gz	0		0	0		overlap	unverified										
GCST006550	GCST006550	European		unassigned	ref_freqs.hg38.tsv.gz	0		0	0		overlap	unverified										
GCST006551	GCST006551	European		unassigned	ref_freqs.hg38.tsv.gz	0		0	0		overlap	unverified										
GCST006552	GCST006552	European		unassigned	ref_freqs.hg38.tsv.gz	0		0	0		overlap	unverified										
GCST006553	GCST006553	European		unassigned	ref_freqs.hg38.tsv.gz	0		0	0		overlap	unverified										
GCST006554	GCST006554	European		unassigned	ref_freqs.hg38.tsv.gz	0		0	0		overlap	unverified										
GCST006572	GCST006572	European	EUR	af_assigned	ref_freqs.hg38.tsv.gz	50000	EUR	1	1	0.0172686	ok	passed	0.970197	false		0	0	0	1	0	0	0
GCST006586	GCST006586	European	EUR	af_assigned	ref_freqs.hg38.tsv.gz	50000	EUR	0.997432	0.994864	0.00483579	ok	passed	0.978876	false		0	0	0	0.997432	0	0	0.00256815
GCST006620	GCST006620	European		unassigned	ref_freqs.hg38.tsv.gz	0		0	0		overlap	unverified										
GCST006661	GCST006661	European		unassigned	ref_freqs.hg38.tsv.gz	0		0	0		overlap	unverified										
GCST006679	GCST006679	European	EUR	af_assigned	ref_freqs.hg38.tsv.gz	50000	EUR	0.948681	0.914428	0.0202715	ok	passed	0.976966	false		0.00603495	0.00993867	0.00109264	0.948681	0.0342528	0	0
GCST006685	GCST006685	European	EUR	af_assigned	ref_freqs.hg38.tsv.gz	50000	EUR	0.996997	0.993993	0.00565966	ok	passed	0.978862	false		0	0	0	0.996997	0	0	0.00300334
GCST006686	GCST006686	European	EUR	af_assigned	ref_freqs.hg38.tsv.gz	50000	EUR	0.996796	0.993592	0.00561234	ok	passed	0.978878	false		0	0	0	0.996796	0	0	0.00320384
GCST006696	GCST006696	European	EUR	af_assigned	ref_freqs.hg38.tsv.gz	50000	EUR	0.996288	0.992576	0.00577022	ok	passed	0.979	false		0	0	0	0.996288	0	0	0.00371207
GCST006697	GCST006697	European	EUR	af_assigned	ref_freqs.hg38.tsv.gz	50000	EUR	0.996375	0.99275	0.00577938	ok	passed	0.978994	false		0	0	0	0.996375	0	0	0.00362523
GCST006698	GCST006698	European	EUR	af_assigned	ref_freqs.hg38.tsv.gz	50000	EUR	0.996762	0.993524	0.00585596	ok	passed	0.978927	false		0	0	0	0.996762	0	0	0.00323779
GCST006699	GCST006699	European	EUR	af_assigned	ref_freqs.hg38.tsv.gz	50000	EUR	0.996045	0.99209	0.005795	ok	passed	0.978981	false		0	0	0	0.996045	0	0	0.00395519
GCST006700	GCST006700	European	EUR	af_assigned	ref_freqs.hg38.tsv.gz	50000	EUR	0.996159	0.992317	0.00579522	ok	passed	0.978985	false		0	0	0	0.996159	0	0	0.00384145
GCST006701	GCST006701	European	EUR	af_assigned	ref_freqs.hg38.tsv.gz	50000	EUR	0.996337	0.992673	0.00577676	ok	passed	0.978991	false		0	0	0	0.996337	0	0	0.00366332
GCST006702	GCST006702	European	EUR	af_assigned	ref_freqs.hg38.tsv.gz	50000	EUR	0.99591	0.99182	0.00583022	ok	passed	0.978973	false		0	0	0	0.99591	0	0	0.00408999
GCST006801	GCST006801	European	EUR	af_assigned	ref_freqs.hg38.tsv.gz	50000	EUR	0.997264	0.994527	0.00533684	ok	passed	0.978043	false		0	0	0	0.997264	0	0	0.00273639
GCST006802	GCST006802	European	EUR	af_assigned	ref_freqs.hg38.tsv.gz	50000	EUR	0.997133	0.994267	0.00532742	ok	passed	0.978391	false		0	0	0	0.997133	0	0	0.00286663
GCST006804	GCST006804	European	EUR	af_assigned	ref_freqs.hg38.tsv.gz	50000	EUR	0.996903	0.993806	0.00560655	ok	passed	0.978875	false		0	0	0	0.996903	0	0	0.00309707
GCST006810	GCST006810	European	EUR	af_assigned	ref_freqs.hg38.tsv.gz	50000	EUR	1	1	0.00537303	ok	passed	0.976151	false		0	0	0	1	0	0	0
GCST006862	GCST006862	European		unassigned	ref_freqs.hg38.tsv.gz	0		0	0		overlap	unverified										
GCST006867	GCST006867	European	EUR	af_assigned	ref_freqs.hg38.tsv.gz	50000	EUR	0.996733	0.993611	0.0047259	ok	passed	0.975635	false		0	0.000145015	0	0.996733	0	0	0.00312197
GCST006906	GCST006906	European	EUR	af_assigned	ref_freqs.hg38.tsv.gz	50000	EUR	0.986459	0.98104	0.0137516	ok	passed	0.978689	false		0.00251796	0.00541865	0.000785269	0.986459	0.00353866	0	0.00128071
GCST006907	GCST006907	European	EUR	af_assigned	ref_freqs.hg38.tsv.gz	50000	EUR	0.987677	0.983442	0.0146524	ok	passed	0.978994	false		0.00265206	0.0042345	0.00176102	0.987677	0.00155778	0	0.0021179
GCST006908	GCST006908	European	EUR	af_assigned	ref_freqs.hg38.tsv.gz	50000	EUR	0.986613	0.981307	0.0144441	ok	passed	0.97874	false		0.00278911	0.00530535	0.000903142	0.986613	0.00252288	0	0.00186675
GCST006909	GCST006909	European	EUR	af_assigned	ref_freqs.hg38.tsv.gz	50000	EUR	0.987631	0.982371	0.0147789	ok	passed	0.978531	false		0.00296372	0.0052597	0.00197769	0.987631	0	0	0.00216823
GCST006910	GCST006910	European	EUR	af_assigned	ref_freqs.hg38.tsv.gz	50000	EUR	0.989127	0.983841	0.0144128	ok	passed	0.978806	false		0.00290703	0.00528606	0.000584089	0.989127	0	0	0.00209609
GCST006937	GCST006937	European		unassigned	ref_freqs.hg38.tsv.gz	0		0	0		overlap	unverified										
GCST006938	GCST006938	European		unassigned	ref_freqs.hg38.tsv.gz	0		0	0		overlap	unverified										
GCST006940	GCST006940	European	EUR	af_assigned	ref_freqs.hg38.tsv.gz	50000	EUR	0.951053	0.924691	0.00435573	ok	passed	0.98272	false		0.0167679	0.00113065	0.00468565	0.951053	0	0	0.0263626
GCST006941	GCST006941	European	EUR	af_assigned	ref_freqs.hg38.tsv.gz	50000	EUR	0.951053	0.924691	0.00435573	ok	passed	0.98272	false		0.0167679	0.00113065	0.00468565	0.951053	0	0	0.0263626
GCST006942	GCST006942	European	EUR	af_assigned	ref_freqs.hg38.tsv.gz	50000	EUR	0.951053	0.924691	0.00435573	ok	passed	0.98272	false		0.0167679	0.00113065	0.00468565	0.951053	0	0	0.0263626
GCST006943	GCST006943	European	EUR	af_assigned	ref_freqs.hg38.tsv.gz	50000	EUR	0.951053	0.924691	0.00435573	ok	passed	0.98272	false		0.0167679	0.00113065	0.00468565	0.951053	0	0	0.0263626
GCST006944	GCST006944	European	EUR	af_assigned	ref_freqs.hg38.tsv.gz	50000	EUR	0.951053	0.924691	0.00435573	ok	passed	0.98272	false		0.0167679	0.00113065	0.00468565	0.951053	0	0	0.0263626
GCST006945	GCST006945	European	EUR	af_assigned	ref_freqs.hg38.tsv.gz	50000	EUR	0.951053	0.924691	0.00435573	ok	passed	0.98272	false		0.0167679	0.00113065	0.00468565	0.951053	0	0	0.0263626
GCST006946	GCST006946	European	EUR	af_assigned	ref_freqs.hg38.tsv.gz	50000	EUR	0.951053	0.924691	0.00435573	ok	passed	0.98272	false		0.0167679	0.00113065	0.00468565	0.951053	0	0	0.0263626
GCST006947	GCST006947	European	EUR	af_assigned	ref_freqs.hg38.tsv.gz	50000	EUR	0.951053	0.924691	0.00435573	ok	passed	0.98272	false		0.0167679	0.00113065	0.00468565	0.951053	0	0	0.0263626
GCST006948	GCST006948	European	EUR	af_assigned	ref_freqs.hg38.tsv.gz	50000	EUR	0.951053	0.924691	0.00435573	ok	passed	0.98272	false		0.0167679	0.00113065	0.00468565	0.951053	0	0	0.0263626
GCST006950	GCST006950	European	EUR	af_assigned	ref_freqs.hg38.tsv.gz	50000	EUR	0.951053	0.924691	0.00435573	ok	passed	0.98272	false		0.0167679	0.00113065	0.00468565	0.951053	0	0	0.0263626
GCST006951	GCST006951	European	EUR	af_assigned	ref_freqs.hg38.tsv.gz	50000	EUR	0.951053	0.924691	0.00435573	ok	passed	0.98272	false		0.0167679	0.00113065	0.00468565	0.951053	0	0	0.0263626
GCST006952	GCST006952	European	EUR	af_assigned	ref_freqs.hg38.tsv.gz	50000	EUR	0.951053	0.924691	0.00435573	ok	passed	0.98272	false		0.0167679	0.00113065	0.00468565	0.951053	0	0	0.0263626
GCST006956	GCST006956	European	EUR	af_assigned	ref_freqs.hg38.tsv.gz	50000	EUR	0.992852	0.988962	0.00858091	ok	passed	0.979302	false		0.00188056	0.000721378	0.00065544	0.992852	0	0	0.00389016
GCST006957	GCST006957	European	EUR	af_assigned	ref_freqs.hg38.tsv.gz	50000	EUR	0.996895	0.994989	0.0417581	ok	passed	0.961216	false		0	0.00119776	0	0.996895	0	0.00190684	0
GCST006979	GCST006979	European	EUR	af_assigned	ref_freqs.hg38.tsv.gz	50000	EUR	0.996735	0.993471	0.00468244	ok	passed	0.979115	false		0	0	0	0.996735	0	0	0.00326453
GCST006980	GCST006980	European	EUR	af_assigned	ref_freqs.hg38.tsv.gz	50000	EUR	1	1	0.00457884	ok	passed	0.976862	false		0	0	0	1	0	0	0
GCST007090	GCST007090	European	EUR	af_assigned	ref_freqs.hg38.tsv.gz	50000	EUR	0.999331	0.998745	0.0067281	ok	passed	0.977072	false		0	0.000586344	0	0.999331	0	0	8.24693e-05
GCST007091	GCST007091	European	EUR	af_assigned	ref_freqs.hg38.tsv.gz	50000	EUR	0.999293	0.998697	0.00672827	ok	passed	0.977077	false		0	0.000595799	0	0.999293	0	0	0.000111057
GCST007092	GCST007092	European	EUR	af_assigned	ref_freqs.hg38.tsv.gz	50000	EUR	0.999331	0.998801	0.00672714	ok	passed	0.977069	false		0	0.000530108	0	0.999331	0	0	0.000138683
GCST007236	GCST007236	European	EUR	af_assigned	ref_freqs.hg38.tsv.gz	50000	EUR	0.919728	0.891283	0.0224437	ok	passed	0.981527	false		0.0170866	0.0232535	0.0284443	0.919728	0	0.0114879	0
GCST007320	GCST007320	European		unassigned	ref_freqs.hg38.tsv.gz	50000	EUR	0.814511	0.729575	0.164066	residual	passed	0.844938			0.084936	0.0324428	0.0493317	0.814511	0	0	0.0187781
GCST007406	GCST007406	European	EUR	af_assigned	ref_freqs.hg38.tsv.gz	50000	EUR	1	1	0.0053798	ok	passed	0.976768	false		0	0	0	1	0	0	0
GCST007429	GCST007429	European	EUR	af_assigned	ref_freqs.hg38.tsv.gz	50000	EUR	0.996239	0.992478	0.00452784	ok	passed	0.979632	false		0	0	0	0.996239	0	0	0.003761
GCST007430	GCST007430	European	EUR	af_assigned	ref_freqs.hg38.tsv.gz	50000	EUR	0.996307	0.992614	0.00469688	ok	passed	0.979178	false		0	0	0	0.996307	0	0	0.00369303
GCST007431	GCST007431	European	EUR	af_assigned	ref_freqs.hg38.tsv.gz	50000	EUR	0.996259	0.992519	0.00452147	ok	passed	0.979647	false		0	0	0	0.996259	0	0	0.00374065
GCST007432	GCST007432	European	EUR	af_assigned	ref_freqs.hg38.tsv.gz	50000	EUR	0.996239	0.992478	0.00451876	ok	passed	0.979616	false		0	0	0	0.996239	0	0	0.0037609
GCST007435	GCST007435	European	EUR	af_assigned	ref_freqs.hg38.tsv.gz	50000	EUR	0.976046	0.9687	0.0192554	ok	passed	0.977473	false		0.00542002	0.00734575	0.00391956	0.976046	0	0.00726894	0
GCST007436	GCST007436	European	EUR	af_assigned	ref_freqs.hg38.tsv.gz	50000	EUR	0.97301	0.963343	0.0191862	ok	passed	0.978243	false		0.00548513	0.00654357	0.0051441	0.97301	0	0.0096665	0.000150989
GCST007515	GCST007515	European		unassigned	ref_freqs.hg38.tsv.gz	37446	EUR	0.500805	0.0825013	0.0870734	residual	passed	0.927435			0.00823152	0	0.418303	0.500805	0.0291352	0.0125437	0.0309818
GCST007516	GCST007516	European		unassigned	ref_freqs.hg38.tsv.gz	37445	EUR	0.493896	0.0742104	0.0864539	residual	passed	0.927871			0.0112152	0	0.419685	0.493896	0.0252969	0.0119667	0.0379404
GCST007517	GCST007517	European	EUR	af_assigned	ref_freqs.hg38.tsv.gz	23396	EUR	0.995397	0.99304	0.00722705	ok	passed	0.961727	false		0.000227331	0.00155003	0.000467842	0.995397	0.00235735	0	0
GCST007518	GCST007518	European		unassigned	ref_freqs.hg38.tsv.gz	0		0	0		overlap	unverified										
GCST007542	GCST007542	European	EUR	af_assigned	ref_freqs.hg38.tsv.gz	50000	EUR	0.999904	0.999808	0.0207205	ok	passed	0.972069	false		0	0	9.58216e-05	0.999904	0	0	0
GCST007557	GCST007557	European	EUR	af_assigned	ref_freqs.hg38.tsv.gz	50000	EUR	0.974688	0.963913	0.00863059	ok	passed	0.980611	false		0.00478007	0.00339857	0.00388028	0.974688	0.0107749	0.00247861	0
GCST007638	GCST007638	European		unassigned	ref_freqs.hg38.tsv.gz	0		0	0		overlap	unverified										
GCST007799	GCST007799	European	EUR	af_assigned	ref_freqs.hg38.tsv.gz	50000	EUR	0.999396	0.998791	0.00475725	ok	passed	0.971328	false		0	0	0	0.999396	0	0	0.000604251
GCST007857	GCST007857	European		unassigned	ref_freqs.hg38.tsv.gz	0		0	0		overlap	unverified										
GCST007858	GCST007858	European		unassigned	ref_freqs.hg38.tsv.gz	0		0	0		overlap	unverified										
GCST008225	GCST008225	European		unassigned	ref_freqs.hg38.tsv.gz	0		0	0		overlap	unverified										
GCST008311	GCST008311	European	EUR	af_assigned	ref_freqs.hg38.tsv.gz	50000	EUR	0.984896	0.973433	0.00878087	ok	passed	0.967593	false		0.000428628	0.00321328	0	0.984896	0.0114623	0	0
GCST008396	GCST008396	European	EUR	af_assigned	ref_freqs.hg38.tsv.gz	50000	EUR	0.991122	0.983362	0.0427095	ok	passed	0.960428	false		0	0.00775976	0.00111806	0.991122	0	0	0
GCST008403	GCST008403	European	EUR	af_assigned	ref_freqs.hg38.tsv.gz	50000	EUR	1	1	0.00481241	ok	passed	0.978896	false		0	0	0	1	0	0	0
GCST009236	GCST009236	European	EUR	af_assigned	ref_freqs.hg38.tsv.gz	50000	EUR	1	1	0.0148688	ok	passed	0.966256	false		0	0	0	1	0	0	0
GCST009237	GCST009237	European	EUR	af_assigned	ref_freqs.hg38.tsv.gz	50000	EUR	1	1	0.0148688	ok	passed	0.966256	false		0	0	0	1	0	0	0
GCST009238	GCST009238	European	EUR	af_assigned	ref_freqs.hg38.tsv.gz	50000	EUR	1	1	0.0148688	ok	passed	0.966256	false		0	0	0	1	0	0	0
GCST009324	GCST009324	European	EUR	af_assigned	ref_freqs.hg38.tsv.gz	50000	EUR	0.996598	0.993372	0.00638106	ok	passed	0.97991	false		0	0.0032257	0	0.996598	0	0	0.000176308
GCST009325	GCST009325	European	EUR	af_assigned	ref_freqs.hg38.tsv.gz	50000	EUR	0.998224	0.996455	0.00554854	ok	passed	0.979586	false		0	0.00176888	0	0.998224	0	0	6.98899e-06
GCST009541	GCST009541	European		unassigned	ref_freqs.hg38.tsv.gz	0		0	0		overlap	unverified										
GCST009722	GCST009722	European		unassigned	ref_freqs.hg38.tsv.gz	0		0	0		overlap	unverified										
GCST009758	GCST009758	European	EUR	af_assigned	ref_freqs.hg38.tsv.gz	50000	EUR	1	1	0.00542672	ok	passed	0.978155	false		0	0	0	1	0	0	0
GCST009760	GCST009760	European		unassigned	ref_freqs.hg38.tsv.gz	0		0	0		overlap	unverified										
GCST009761	GCST009761	European	EUR	af_assigned	ref_freqs.hg38.tsv.gz	50000	EUR	1	1	0.00461356	ok	passed	0.978593	false		0	0	0	1	0	0	0
GCST009762	GCST009762	European	EUR	af_assigned	ref_freqs.hg38.tsv.gz	50000	EUR	1	1	0.0046657	ok	passed	0.978605	false		0	0	0	1	0	0	0
GCST009763	GCST009763	European	EUR	af_assigned	ref_freqs.hg38.tsv.gz	50000	EUR	1	1	0.00461214	ok	passed	0.978574	false		0	0	0	1	0	0	0
GCST009925	GCST009925	European	EUR	af_assigned	ref_freqs.hg38.tsv.gz	50000	EUR	0.972055	0.962674	0.00881273	ok	passed	0.98058	false		0.0093804	0.0064014	0.0034601	0.972055	0	0	0.00870351
GCST009926	GCST009926	European	EUR	af_assigned	ref_freqs.hg38.tsv.gz	50000	EUR	0.972197	0.962748	0.00939871	ok	passed	0.976247	false		0.0094482	0.00584287	0.00213899	0.972197	0	0.00153637	0.0088369
GCST009927	GCST009927	European	EUR	af_assigned	ref_freqs.hg38.tsv.gz	50000	EUR	0.970087	0.960393	0.00963955	ok	passed	0.976388	false		0.00969383	0.00627577	0.00428016	0.970087	0.00317238	0	0.00649096
GCST009928	GCST009928	European	EUR	af_assigned	ref_freqs.hg38.tsv.gz	50000	EUR	0.964359	0.955702	0.009414	ok	passed	0.976583	false		0.00830142	0.00624759	0.0029514	0.964359	0.00696219	0.00252239	0.00865634
GCST009965	GCST009965	European	EUR	af_assigned	ref_freqs.hg38.tsv.gz	50000	EUR	0.979283	0.972143	0.0105072	ok	passed	0.977728	false		0.00663851	0.00686827	6.97799e-05	0.979283	0	0	0.00714
GCST009966	GCST009966	European	EUR	af_assigned	ref_freqs.hg38.tsv.gz	50000	EUR	0.97968	0.972588	0.010458	ok	passed	0.977803	false		0.00629753	0.00709275	0	0.97968	0	0	0.00692943
GCST009967	GCST009967	European	EUR	af_assigned	ref_freqs.hg38.tsv.gz	50000	EUR	0.979718	0.972693	0.0103302	ok	passed	0.977854	false		0.00598818	0.00701922	0	0.979718	0	0.00024838	0.00702577
GCST009968	GCST009968	European	EUR	af_assigned	ref_freqs.hg38.tsv.gz	50000	EUR	0.97968	0.972588	0.010458	ok	passed	0.977803	false		0.00629753	0.00709275	0	0.97968	0	0	0.00692943
GCST009970	GCST009970	European	EUR	af_assigned	ref_freqs.hg38.tsv.gz	50000	EUR	0.979283	0.972143	0.0105072	ok	passed	0.977728	false		0.00663851	0.00686827	6.97799e-05	0.979283	0	0	0.00714
GCST009971	GCST009971	European	EUR	af_assigned	ref_freqs.hg38.tsv.gz	50000	EUR	0.979283	0.972143	0.0105072	ok	passed	0.977728	false		0.00663851	0.00686827	6.97799e-05	0.979283	0	0	0.00714
GCST009979	GCST009979	European	EUR	af_assigned	ref_freqs.hg38.tsv.gz	50000	EUR	1	1	0.00464299	ok	passed	0.976979	false		0	0	0	1	0	0	0
GCST009980	GCST009980	European	EUR	af_assigned	ref_freqs.hg38.tsv.gz	50000	EUR	0.999448	0.999073	0.00528165	ok	passed	0.977119	false		0	0	0	0.999448	0	0.000375784	0.000175754
GCST009981	GCST009981	European	EUR	af_assigned	ref_freqs.hg38.tsv.gz	50000	EUR	1	1	0.00472436	ok	passed	0.976911	false		0	0	0	1	0	0	0
GCST009982	GCST009982	European	EUR	af_assigned	ref_freqs.hg38.tsv.gz	50000	EUR	1	1	0.00463911	ok	passed	0.976895	false		0	0	0	1	0	0	0
GCST009983	GCST009983	European	EUR	af_assigned	ref_freqs.hg38.tsv.gz	50000	EUR	0.999983	0.999966	0.00538884	ok	passed	0.9768	false		0	1.68305e-05	0	0.999983	0	0	0
GCST009984	GCST009984	European	EUR	af_assigned	ref_freqs.hg38.tsv.gz	50000	EUR	1	1	0.00472436	ok	passed	0.976911	false		0	0	0	1	0	0	0
GCST010003	GCST010003	European		unassigned	ref_freqs.hg38.tsv.gz	0		0	0		overlap	unverified										
GCST010004	GCST010004	European		unassigned	ref_freqs.hg38.tsv.gz	0		0	0		overlap	unverified										
GCST010005	GCST010005	European		unassigned	ref_freqs.hg38.tsv.gz	0		0	0		overlap	unverified										
GCST010098	GCST010098	European	EUR	af_assigned	ref_freqs.hg38.tsv.gz	50000	EUR	0.995719	0.992848	0.00742383	ok	passed	0.980145	false		0.000370789	0.0028707	0	0.995719	0	0	0.00103941
GCST010100	GCST010100	European	EUR	af_assigned	ref_freqs.hg38.tsv.gz	50000	EUR	0.93645	0.916795	0.0143641	ok	passed	0.983662	false		0.00756399	0.0121654	0.0139378	0.93645	0.010227	0	0.0196554
GCST010116	GCST010116	European		unassigned	ref_freqs.hg38.tsv.gz	0		0	0		overlap	unverified										
GCST010144	GCST010144	European	EUR	af_assigned	ref_freqs.hg38.tsv.gz	50000	EUR	0.9985	0.997353	0.00822822	ok	passed	0.977896	false		0.000352367	0	0	0.9985	0	0.00114741	0
GCST010205	GCST010205	European	EUR	af_assigned	ref_freqs.hg38.tsv.gz	50000	EUR	0.971128	0.961276	0.0089792	ok	passed	0.981478	false		0.00985151	0.00524124	0.00391344	0.971128	0.0023776	0	0.00748827
GCST010681	GCST010681	European	EUR	af_assigned	ref_freqs.hg38.tsv.gz	50000	EUR	0.997702	0.995404	0.00646677	ok	passed	0.978537	false		0	0	0	0.997702	0	0	0.00229791
GCST010696	GCST010696	European		unassigned	ref_freqs.hg38.tsv.gz	0		0	0		overlap	unverified										
GCST010697	GCST010697	European		unassigned	ref_freqs.hg38.tsv.gz	0		0	0		overlap	unverified										
GCST010698	GCST010698	European		unassigned	ref_freqs.hg38.tsv.gz	0		0	0		overlap	unverified										
GCST010699	GCST010699	European		unassigned	ref_freqs.hg38.tsv.gz	0		0	0		overlap	unverified										
GCST010700	GCST010700	European		unassigned	ref_freqs.hg38.tsv.gz	0		0	0		overlap	unverified										
GCST010701	GCST010701	European		unassigned	ref_freqs.hg38.tsv.gz	0		0	0		overlap	unverified										
GCST010702	GCST010702	European		unassigned	ref_freqs.hg38.tsv.gz	0		0	0		overlap	unverified										
GCST010703	GCST010703	European		unassigned	ref_freqs.hg38.tsv.gz	0		0	0		overlap	unverified										
GCST010723	GCST010723	European	EUR	af_assigned	ref_freqs.hg38.tsv.gz	50000	EUR	0.993621	0.988864	0.0101395	ok	passed	0.982364	false		0.000141271	0	0.00067186	0.993621	0.00475645	0	0.00080968
GCST010763	GCST010763	European		unassigned	ref_freqs.hg38.tsv.gz	0		0	0		overlap	unverified										
GCST010764	GCST010764	European		unassigned	ref_freqs.hg38.tsv.gz	0		0	0		overlap	unverified										
GCST010765	GCST010765	European		unassigned	ref_freqs.hg38.tsv.gz	0		0	0		overlap	unverified										
GCST010766	GCST010766	European		unassigned	ref_freqs.hg38.tsv.gz	0		0	0		overlap	unverified										
GCST010767	GCST010767	European		unassigned	ref_freqs.hg38.tsv.gz	0		0	0		overlap	unverified										
GCST010768	GCST010768	European		unassigned	ref_freqs.hg38.tsv.gz	0		0	0		overlap	unverified										
GCST010769	GCST010769	European		unassigned	ref_freqs.hg38.tsv.gz	0		0	0		overlap	unverified										
GCST010770	GCST010770	European		unassigned	ref_freqs.hg38.tsv.gz	0		0	0		overlap	unverified										
GCST010771	GCST010771	European		unassigned	ref_freqs.hg38.tsv.gz	0		0	0		overlap	unverified										
GCST010772	GCST010772	European		unassigned	ref_freqs.hg38.tsv.gz	0		0	0		overlap	unverified										
GCST010773	GCST010773	European		unassigned	ref_freqs.hg38.tsv.gz	0		0	0		overlap	unverified										
GCST010774	GCST010774	European		unassigned	ref_freqs.hg38.tsv.gz	0		0	0		overlap	unverified										
GCST010775	GCST010775	European	EUR	af_assigned	ref_freqs.hg38.tsv.gz	50000	EUR	0.961241	0.940329	0.0124674	ok	passed	0.981556	false		0.00225179	0.00736875	0.00378237	0.961241	0.00444329	0.0209124	0
GCST010776	GCST010776	European	EUR	af_assigned	ref_freqs.hg38.tsv.gz	50000	EUR	0.982337	0.974615	0.00891145	ok	passed	0.978899	false		0.0077214	0.00392782	0.000935975	0.982337	0	0	0.00507806
GCST010777	GCST010777	European	EUR	af_assigned	ref_freqs.hg38.tsv.gz	50000	EUR	0.789336	0.658295	0.0402465	ok	passed	0.985149	false		0.131041	0.0224875	0.012387	0.789336	0	0	0.0447492
GCST010778	GCST010778	European	EUR	af_assigned	ref_freqs.hg38.tsv.gz	50000	EUR	0.789336	0.658295	0.0402465	ok	passed	0.985149	false		0.131041	0.0224875	0.012387	0.789336	0	0	0.0447492
GCST010779	GCST010779	European	EUR	af_assigned	ref_freqs.hg38.tsv.gz	50000	EUR	0.937113	0.908483	0.00890099	ok	passed	0.982396	false		0.0167133	0.00493756	0.00980438	0.937113	0	0.00280155	0.0286301
GCST010780	GCST010780	European	EUR	af_assigned	ref_freqs.hg38.tsv.gz	50000	EUR	0.931134	0.901998	0.00883553	ok	passed	0.983069	false		0.0249664	0.00669104	0.00546114	0.931134	0	0.00261152	0.0291362
GCST010781	GCST010781	European	EUR	af_assigned	ref_freqs.hg38.tsv.gz	50000	EUR	0.997733	0.996052	0.010198	ok	passed	0.978724	false		0.000232162	0.00168071	0.000354077	0.997733	0	0	0
GCST010782	GCST010782	European	EUR	af_assigned	ref_freqs.hg38.tsv.gz	50000	EUR	0.634129	0.434935	0.0580172	ok	passed	0.985677	false		0.199195	0.0302082	0.0228365	0.634129	0.0372613	0.00351165	0.0728584
GCST010783	GCST010783	European	EUR	af_assigned	ref_freqs.hg38.tsv.gz	50000	EUR	0.990068	0.985505	0.00767026	ok	passed	0.979114	false		0.00166056	0.00456312	0.00178179	0.990068	0	0	0.00192609
GCST011071	GCST011071	European	EUR	af_assigned	ref_freqs.hg38.tsv.gz	50000	EUR	0.924195	0.892819	0.00733656	ok	passed	0.983306	false		0.0256949	0.0101958	0.00853821	0.924195	0	0	0.0313761
GCST011072	GCST011072	European	EUR	af_assigned	ref_freqs.hg38.tsv.gz	50000	EUR	0.91318	0.878865	0.00905101	ok	passed	0.98364	false		0.0275502	0.0131098	0.0118457	0.91318	0	0	0.0343146
GCST011073	GCST011073	European	EUR	af_assigned	ref_freqs.hg38.tsv.gz	50000	EUR	0.979738	0.971221	0.00776161	ok	passed	0.979306	false		0.00851664	0.00607579	0.000267902	0.979738	0	0	0.00540215
GCST011074	GCST011074	European	EUR	af_assigned	ref_freqs.hg38.tsv.gz	50000	EUR	0.972329	0.960852	0.00977837	ok	passed	0.979554	false		0.0114777	0.00790639	0.00124026	0.972329	0	0	0.00704625
GCST011075	GCST011075	European	EUR	af_assigned	ref_freqs.hg38.tsv.gz	50000	EUR	0.989851	0.985077	0.00718656	ok	passed	0.97958	false		0.00271006	0.00477471	0.000518899	0.989851	0	0	0.00214491
GCST011076	GCST011076	European	EUR	af_assigned	ref_freqs.hg38.tsv.gz	50000	EUR	0.982804	0.976406	0.00664311	ok	passed	0.980061	false		0.00639782	0.00480895	0.00321239	0.982804	0	0	0.00277663
GCST011077	GCST011077	European	EUR	af_assigned	ref_freqs.hg38.tsv.gz	50000	EUR	0.964366	0.950991	0.0116065	ok	passed	0.980425	false		0.0133746	0.00929944	0.00794886	0.964366	0	0	0.00501123
GCST011078	GCST011078	European	EUR	af_assigned	ref_freqs.hg38.tsv.gz	50000	EUR	0.977021	0.967318	0.0134165	ok	passed	0.979385	false		0.00646533	0.00970317	0.00280546	0.977021	0	0	0.00400525
GCST011079	GCST011079	European		unassigned	ref_freqs.hg38.tsv.gz	50000	EUR	0.80215	0.715223	0.0645582	residual	passed	0.976765			0.0869272	0	0.0231096	0.80215	0.0212588	0	0.0665546
GCST011080	GCST011080	European	EUR	af_assigned	ref_freqs.hg38.tsv.gz	50000	EUR	0.884233	0.832568	0.0391961	ok	passed	0.978089	false		0.0516642	0	0.0133611	0.884233	0.0101315	0	0.0406106
GCST011081	GCST011081	European	EUR	af_assigned	ref_freqs.hg38.tsv.gz	50000	EUR	0.989889	0.98587	0.00802577	ok	passed	0.978444	false		0.00401918	0.00343666	0	0.989889	0	0	0.00265538
GCST011082	GCST011082	European	EUR	af_assigned	ref_freqs.hg38.tsv.gz	50000	EUR	0.910735	0.868315	0.0100459	ok	passed	0.983461	false		0.0215367	0.0111495	0.0141583	0.910735	0	0	0.0424203
GCST011083	GCST011083	European	EUR	af_assigned	ref_freqs.hg38.tsv.gz	50000	EUR	0.986197	0.980551	0.0109146	ok	passed	0.978299	false		0.00377981	0.0056461	0	0.986197	0	0	0.00437696
GCST011084	GCST011084	European	EUR	af_assigned	ref_freqs.hg38.tsv.gz	50000	EUR	0.924937	0.888441	0.00755532	ok	passed	0.983137	false		0.0213729	0.00829113	0.0089042	0.924937	0	0	0.0364952
GCST011085	GCST011085	European	EUR	af_assigned	ref_freqs.hg38.tsv.gz	50000	EUR	0.607587	0.457664	0.0450683	ok	passed	0.992399	false		0.149923	0.0336003	0.0260893	0.607587	0.0444133	0	0.138387
GCST011086	GCST011086	European	EUR	af_assigned	ref_freqs.hg38.tsv.gz	50000	EUR	0.719475	0.613265	0.0299191	ok	passed	0.989308	false		0.10621	0.0218601	0.0136397	0.719475	0.0373583	0	0.101457
GCST011321	GCST011321	European		unassigned	ref_freqs.hg38.tsv.gz	0		0	0		overlap	unverified										
GCST011322	GCST011322	European		unassigned	ref_freqs.hg38.tsv.gz	0		0	0		overlap	unverified										
GCST011323	GCST011323	European		unassigned	ref_freqs.hg38.tsv.gz	0		0	0		overlap	unverified										
GCST011324	GCST011324	European		unassigned	ref_freqs.hg38.tsv.gz	0		0	0		overlap	unverified										
GCST011325	GCST011325	European		unassigned	ref_freqs.hg38.tsv.gz	0		0	0		overlap	unverified										
GCST011326	GCST011326	European		unassigned	ref_freqs.hg38.tsv.gz	0		0	0		overlap	unverified										
GCST011327	GCST011327	European		unassigned	ref_freqs.hg38.tsv.gz	0		0	0		overlap	unverified										
GCST011328	GCST011328	European		unassigned	ref_freqs.hg38.tsv.gz	0		0	0		overlap	unverified										
GCST011329	GCST011329	European		unassigned	ref_freqs.hg38.tsv.gz	0		0	0		overlap	unverified										
GCST011330	GCST011330	European		unassigned	ref_freqs.hg38.tsv.gz	0		0	0		overlap	unverified										
GCST011331	GCST011331	European		unassigned	ref_freqs.hg38.tsv.gz	0		0	0		overlap	unverified										
GCST011332	GCST011332	European		unassigned	ref_freqs.hg38.tsv.gz	0		0	0		overlap	unverified										
GCST011333	GCST011333	European		unassigned	ref_freqs.hg38.tsv.gz	0		0	0		overlap	unverified										
GCST011334	GCST011334	European		unassigned	ref_freqs.hg38.tsv.gz	0		0	0		overlap	unverified										
GCST011335	GCST011335	European		unassigned	ref_freqs.hg38.tsv.gz	0		0	0		overlap	unverified										
GCST011336	GCST011336	European		unassigned	ref_freqs.hg38.tsv.gz	0		0	0		overlap	unverified										
GCST011337	GCST011337	European		unassigned	ref_freqs.hg38.tsv.gz	0		0	0		overlap	unverified										
GCST011338	GCST011338	European		unassigned	ref_freqs.hg38.tsv.gz	0		0	0		overlap	unverified										
GCST011339	GCST011339	European		unassigned	ref_freqs.hg38.tsv.gz	0		0	0		overlap	unverified										
GCST011340	GCST011340	European		unassigned	ref_freqs.hg38.tsv.gz	0		0	0		overlap	unverified										
GCST011341	GCST011341	European		unassigned	ref_freqs.hg38.tsv.gz	0		0	0		overlap	unverified										
GCST011342	GCST011342	European		unassigned	ref_freqs.hg38.tsv.gz	0		0	0		overlap	unverified										
GCST011343	GCST011343	European		unassigned	ref_freqs.hg38.tsv.gz	0		0	0		overlap	unverified										
GCST011344	GCST011344	European		unassigned	ref_freqs.hg38.tsv.gz	0		0	0		overlap	unverified										
GCST011364	GCST011364	European	EUR	af_assigned	ref_freqs.hg38.tsv.gz	50000	EUR	0.955308	0.933709	0.00425839	ok	passed	0.982061	false		0.0172507	0.00147256	0.00276683	0.955308	0	0.00160338	0.0215988
GCST011365	GCST011365	European	EUR	af_assigned	ref_freqs.hg38.tsv.gz	50000	EUR	0.862187	0.806581	0.014486	ok	passed	0.983454	false		0.0397864	0.00952349	0.0202623	0.862187	0.0126344	0	0.0556061
GCST011494	GCST011494	European	EUR	af_assigned	ref_freqs.hg38.tsv.gz	50000	EUR	1	1	0.00459131	ok	passed	0.978211	false		0	0	0	1	0	0	0
GCST011750	GCST011750	European	EUR	af_assigned	ref_freqs.hg38.tsv.gz	50000	EUR	0.758716	0.59539	0.0571785	ok	passed	0.972451	false		0.0148007	0	0.163326	0.758716	0	0.0429907	0.0201657
GCST011833	GCST011833	European		unassigned	ref_freqs.hg38.tsv.gz	0		0	0		overlap	unverified										
GCST011834	GCST011834	European		unassigned	ref_freqs.hg38.tsv.gz	0		0	0		overlap	unverified										
GCST011887	GCST011887	European		unassigned	ref_freqs.hg38.tsv.gz	0		0	0		overlap	unverified										
GCST011888	GCST011888	European	EUR	af_assigned	ref_freqs.hg38.tsv.gz	50000	EUR	0.991107	0.986816	0.0110689	ok	passed	0.978785	false		0.0023515	0.00153985	0.000711409	0.991107	0	0	0.00429051
GCST011889	GCST011889	European		unassigned	ref_freqs.hg38.tsv.gz	0		0	0		overlap	unverified										
GCST011941	GCST011941	European	EUR	af_assigned	ref_freqs.hg38.tsv.gz	50000	EUR	0.964388	0.955028	0.0186302	ok	passed	0.980647	false		0.0093601	0.00841129	0.00862077	0.964388	0	0.00922022	0
GCST011942	GCST011942	European	EUR	af_assigned	ref_freqs.hg38.tsv.gz	50000	EUR	0.964276	0.954908	0.0186754	ok	passed	0.980631	false		0.00936731	0.00842572	0.00863428	0.964276	0	0.00929694	0
GCST011943	GCST011943	European	EUR	af_assigned	ref_freqs.hg38.tsv.gz	50000	EUR	0.963869	0.954359	0.0187309	ok	passed	0.980666	false		0.00945923	0.00849874	0.0086633	0.963869	0	0.0095098	0
GCST012226	GCST012226	European	EUR	af_assigned	ref_freqs.hg38.tsv.gz	50000	EUR	1	1	0.00552138	ok	passed	0.97788	false		0	0	0	1	0	0	0
GCST012227	GCST012227	European	EUR	af_assigned	ref_freqs.hg38.tsv.gz	50000	EUR	1	1	0.00552138	ok	passed	0.97788	false		0	0	0	1	0	0	0
GCST012228	GCST012228	European	EUR	af_assigned	ref_freqs.hg38.tsv.gz	50000	EUR	1	1	0.00552138	ok	passed	0.97788	false		0	0	0	1	0	0	0
GCST012229	GCST012229	European	EUR	af_assigned	ref_freqs.hg38.tsv.gz	50000	EUR	1	1	0.00552138	ok	passed	0.97788	false		0	0	0	1	0	0	0
GCST012230	GCST012230	European	EUR	af_assigned	ref_freqs.hg38.tsv.gz	50000	EUR	1	1	0.00552138	ok	passed	0.97788	false		0	0	0	1	0	0	0
GCST012231	GCST012231	European	EUR	af_assigned	ref_freqs.hg38.tsv.gz	50000	EUR	1	1	0.00552138	ok	passed	0.97788	false		0	0	0	1	0	0	0
GCST012234	GCST012234	European	EUR	af_assigned	ref_freqs.hg38.tsv.gz	50000	EUR	0.994654	0.989309	0.00701967	ok	passed	0.978716	false		0	0	0	0.994654	0.0053457	0	0
GCST012235	GCST012235	European	EUR	af_assigned	ref_freqs.hg38.tsv.gz	50000	EUR	0.993935	0.987869	0.00772988	ok	passed	0.978515	false		0	0	0	0.993935	0.00606534	0	0
GCST012237	GCST012237	European	EUR	af_assigned	ref_freqs.hg38.tsv.gz	50000	EUR	0.993933	0.987866	0.00772987	ok	passed	0.978516	false		0	0	0	0.993933	0.0060672	0	0
GCST012238	GCST012238	European	EUR	af_assigned	ref_freqs.hg38.tsv.gz	50000	EUR	0.994654	0.989309	0.00701967	ok	passed	0.978716	false		0	0	0	0.994654	0.0053457	0	0
GCST012241	GCST012241	European	EUR	af_assigned	ref_freqs.hg38.tsv.gz	50000	EUR	0.993935	0.987869	0.00772988	ok	passed	0.978515	false		0	0	0	0.993935	0.00606534	0	0
GCST012242	GCST012242	European	EUR	af_assigned	ref_freqs.hg38.tsv.gz	50000	EUR	0.994654	0.989309	0.00701967	ok	passed	0.978716	false		0	0	0	0.994654	0.0053457	0	0
GCST012431	GCST012431	European		unassigned	ref_freqs.hg38.tsv.gz	0		0	0		overlap	unverified										
GCST012486	GCST012486	European	EUR	af_assigned	ref_freqs.hg38.tsv.gz	50000	EUR	0.992187	0.985841	0.0154393	ok	passed	0.973264	false		8.32545e-07	0.00634633	0.00142301	0.992187	0	0	4.28875e-05
GCST012487	GCST012487	European	EUR	af_assigned	ref_freqs.hg38.tsv.gz	50000	EUR	0.992631	0.987433	0.0155562	ok	passed	0.973241	false		0	0.00519865	0.00217016	0.992631	0	0	0
GCST012597	GCST012597	European		unassigned	ref_freqs.hg38.tsv.gz	0		0	0		overlap	unverified										
GCST012776	GCST012776	European	EUR	af_assigned	ref_freqs.hg38.tsv.gz	50000	EUR	1	1	0.0118414	ok	passed	0.97557	false		0	0	0	1	0	0	0
GCST012876	GCST012876	European	EUR	af_assigned	ref_freqs.hg38.tsv.gz	50000	EUR	1	1	0.00510739	ok	passed	0.978881	false		0	0	0	1	0	0	0
GCST012877	GCST012877	European	EUR	af_assigned	ref_freqs.hg38.tsv.gz	50000	EUR	1	1	0.00558916	ok	passed	0.97892	false		0	0	0	1	0	0	0
GCST012878	GCST012878	European	EUR	af_assigned	ref_freqs.hg38.tsv.gz	50000	EUR	1	1	0.0351243	ok	passed	0.971557	false		0	0	0	1	0	0	0
GCST012879	GCST012879	European	EUR	af_assigned	ref_freqs.hg38.tsv.gz	50000	EUR	0.809192	0.668646	0.0106366	ok	passed	0.990436	false		0.00175516	0.00460615	0.140546	0.809192	0.0328673	0.0110327	0
GCST012880	GCST012880	European	EUR	af_assigned	ref_freqs.hg38.tsv.gz	50000	EUR	0.999567	0.999135	0.00618302	ok	passed	0.979289	false		0	0	0	0.999567	0.000432501	0	0
GCST90000014	GCST90000014	European		unassigned	ref_freqs.hg38.tsv.gz	0		0	0		overlap	unverified										
GCST90000015	GCST90000015	European		unassigned	ref_freqs.hg38.tsv.gz	0		0	0		overlap	unverified										
GCST90000016	GCST90000016	European		unassigned	ref_freqs.hg38.tsv.gz	0		0	0		overlap	unverified										
GCST90000025	GCST90000025	European	EUR	af_assigned	ref_freqs.hg38.tsv.gz	50000	EUR	0.99931	0.998619	0.00457419	ok	passed	0.977834	false		0	0	0	0.99931	0	0	0.000690364
GCST90000026	GCST90000026	European	EUR	af_assigned	ref_freqs.hg38.tsv.gz	50000	EUR	0.999242	0.998483	0.00460585	ok	passed	0.977812	false		0	0	0	0.999242	0	0	0.000758489
GCST90000027	GCST90000027	European	EUR	af_assigned	ref_freqs.hg38.tsv.gz	50000	EUR	1	1	0.00788021	ok	passed	0.978534	false		0	0	0	1	0	0	0
GCST90000030	GCST90000030	European	EUR	af_assigned	ref_freqs.hg38.tsv.gz	50000	EUR	0.97845	0.972079	0.00792955	ok	passed	0.978944	false		0.00505704	0.00532237	0.00479899	0.97845	0	0	0.00637123
GCST90000032	GCST90000032	European	EUR	af_assigned	ref_freqs.hg38.tsv.gz	50000	EUR	0.976387	0.963943	0.0170994	ok	passed	0.97292	false		0.000723988	0.00741655	0.0124444	0.976387	0	0	0.0030278
GCST90000045	GCST90000045	European		unassigned	ref_freqs.hg38.tsv.gz	0		0	0		overlap	unverified										
GCST90000046	GCST90000046	European		unassigned	ref_freqs.hg38.tsv.gz	0		0	0		overlap	unverified										
GCST90000047	GCST90000047	European		unassigned	ref_freqs.hg38.tsv.gz	0		0	0		overlap	unverified										
GCST90000048	GCST90000048	European		unassigned	ref_freqs.hg38.tsv.gz	0		0	0		overlap	unverified										
GCST90000049	GCST90000049	European		unassigned	ref_freqs.hg38.tsv.gz	0		0	0		overlap	unverified										
GCST90000050	GCST90000050	European		unassigned	ref_freqs.hg38.tsv.gz	0		0	0		overlap	unverified										
GCST90000059	GCST90000059	European	EUR	af_assigned	ref_freqs.hg38.tsv.gz	23536	EUR	0.995192	0.993183	0.00494468	ok	passed	0.960837	false		0.00033839	0.00113446	0.000866769	0.995192	0.00200891	0	0.000459395
GCST90000060	GCST90000060	European		unassigned	ref_freqs.hg38.tsv.gz	0		0	0		overlap	unverified										
GCST90000061	GCST90000061	European	EUR	af_assigned	ref_freqs.hg38.tsv.gz	23535	EUR	0.995175	0.993085	0.00494336	ok	passed	0.960828	false		0.00032917	0.00113435	0.00085189	0.995175	0.00208978	0	0.000419609
GCST90000062	GCST90000062	European	EUR	af_assigned	ref_freqs.hg38.tsv.gz	23535	EUR	0.995235	0.993285	0.00494366	ok	passed	0.960824	false		0.00034356	0.00112665	0.0008632	0.995235	0.00194982	0	0.000481879
GCST90000063	GCST90000063	European	EUR	af_assigned	ref_freqs.hg38.tsv.gz	23584	EUR	0.925661	0.885597	0.017271	ok	passed	0.967168	false		0.040064	0.00528957	0.0030402	0.925661	0	0	0.0259449
GCST90000064	GCST90000064	European		unassigned	ref_freqs.hg38.tsv.gz	0		0	0		overlap	unverified										
GCST90000065	GCST90000065	European	EUR	af_assigned	ref_freqs.hg38.tsv.gz	23584	EUR	0.926497	0.886392	0.017327	ok	passed	0.967098	false		0.0401046	0.00507759	0.00301116	0.926497	0	0	0.0253098
GCST90000066	GCST90000066	European	EUR	af_assigned	ref_freqs.hg38.tsv.gz	23584	EUR	0.926132	0.885907	0.0173487	ok	passed	0.967118	false		0.0402246	0.00499936	0.0030238	0.926132	0	0	0.0256206
GCST90000255	GCST90000255	European		unassigned	ref_freqs.hg38.tsv.gz	0		0	0		overlap	unverified										
GCST90000256	GCST90000256	European		unassigned	ref_freqs.hg38.tsv.gz	0		0	0		overlap	unverified										
GCST90000287	GCST90000287	European	EUR	af_assigned	ref_freqs.hg38.tsv.gz	50000	EUR	1	1	0.00646613	ok	passed	0.978817	false		0	0	0	1	0	0	0
GCST90000288	GCST90000288	European	EUR	af_assigned	ref_freqs.hg38.tsv.gz	50000	EUR	1	1	0.00646613	ok	passed	0.978817	false		0	0	0	1	0	0	0
GCST90000289	GCST90000289	European	EUR	af_assigned	ref_freqs.hg38.tsv.gz	50000	EUR	1	1	0.00646613	ok	passed	0.978817	false		0	0	0	1	0	0	0
GCST90000290	GCST90000290	European	EUR	af_assigned	ref_freqs.hg38.tsv.gz	50000	EUR	1	1	0.00646613	ok	passed	0.978817	false		0	0	0	1	0	0	0
GCST90000291	GCST90000291	European	EUR	af_assigned	ref_freqs.hg38.tsv.gz	50000	EUR	1	1	0.00646613	ok	passed	0.978817	false		0	0	0	1	0	0	0
GCST90000292	GCST90000292	European	EUR	af_assigned	ref_freqs.hg38.tsv.gz	50000	EUR	1	1	0.00646613	ok	passed	0.978817	false		0	0	0	1	0	0	0
GCST90000293	GCST90000293	European	EUR	af_assigned	ref_freqs.hg38.tsv.gz	50000	EUR	1	1	0.00646613	ok	passed	0.978817	false		0	0	0	1	0	0	0
GCST90000294	GCST90000294	European	EUR	af_assigned	ref_freqs.hg38.tsv.gz	50000	EUR	1	1	0.00646613	ok	passed	0.978817	false		0	0	0	1	0	0	0
GCST90000295	GCST90000295	European	EUR	af_assigned	ref_freqs.hg38.tsv.gz	50000	EUR	1	1	0.00646613	ok	passed	0.978817	false		0	0	0	1	0	0	0
GCST90000296	GCST90000296	European		unassigned	ref_freqs.hg38.tsv.gz	0		0	0		overlap	unverified										
GCST90000437	GCST90000437	European		unassigned	ref_freqs.hg38.tsv.gz	0		0	0		overlap	unverified										
GCST90000438	GCST90000438	European		unassigned	ref_freqs.hg38.tsv.gz	0		0	0		overlap	unverified										
GCST90000439	GCST90000439	European		unassigned	ref_freqs.hg38.tsv.gz	0		0	0		overlap	unverified										
GCST90000440	GCST90000440	European		unassigned	ref_freqs.hg38.tsv.gz	0		0	0		overlap	unverified										
GCST90000441	GCST90000441	European		unassigned	ref_freqs.hg38.tsv.gz	0		0	0		overlap	unverified										
GCST90000442	GCST90000442	European		unassigned	ref_freqs.hg38.tsv.gz	0		0	0		overlap	unverified										
GCST90000443	GCST90000443	European		unassigned	ref_freqs.hg38.tsv.gz	0		0	0		overlap	unverified										
GCST90000444	GCST90000444	European		unassigned	ref_freqs.hg38.tsv.gz	0		0	0		overlap	unverified										
GCST90000445	GCST90000445	European		unassigned	ref_freqs.hg38.tsv.gz	0		0	0		overlap	unverified										
GCST90000446	GCST90000446	European		unassigned	ref_freqs.hg38.tsv.gz	0		0	0		overlap	unverified										
GCST90000447	GCST90000447	European		unassigned	ref_freqs.hg38.tsv.gz	0		0	0		overlap	unverified										
GCST90000448	GCST90000448	European		unassigned	ref_freqs.hg38.tsv.gz	0		0	0		overlap	unverified										
GCST90000449	GCST90000449	European		unassigned	ref_freqs.hg38.tsv.gz	0		0	0		overlap	unverified										
GCST90000450	GCST90000450	European		unassigned	ref_freqs.hg38.tsv.gz	0		0	0		overlap	unverified										
GCST90000451	GCST90000451	European		unassigned	ref_freqs.hg38.tsv.gz	0		0	0		overlap	unverified										
GCST90000452	GCST90000452	European		unassigned	ref_freqs.hg38.tsv.gz	0		0	0		overlap	unverified										
GCST90000453	GCST90000453	European		unassigned	ref_freqs.hg38.tsv.gz	0		0	0		overlap	unverified										
GCST90000454	GCST90000454	European		unassigned	ref_freqs.hg38.tsv.gz	0		0	0		overlap	unverified										
GCST90000455	GCST90000455	European		unassigned	ref_freqs.hg38.tsv.gz	0		0	0		overlap	unverified										
GCST90000456	GCST90000456	European		unassigned	ref_freqs.hg38.tsv.gz	0		0	0		overlap	unverified										
GCST90000457	GCST90000457	European		unassigned	ref_freqs.hg38.tsv.gz	0		0	0		overlap	unverified										
GCST90000458	GCST90000458	European		unassigned	ref_freqs.hg38.tsv.gz	0		0	0		overlap	unverified										
GCST90000459	GCST90000459	European		unassigned	ref_freqs.hg38.tsv.gz	0		0	0		overlap	unverified										
GCST90000460	GCST90000460	European		unassigned	ref_freqs.hg38.tsv.gz	0		0	0		overlap	unverified										
GCST90000461	GCST90000461	European		unassigned	ref_freqs.hg38.tsv.gz	0		0	0		overlap	unverified										
GCST90000462	GCST90000462	European		unassigned	ref_freqs.hg38.tsv.gz	0		0	0		overlap	unverified										
GCST90000463	GCST90000463	European		unassigned	ref_freqs.hg38.tsv.gz	0		0	0		overlap	unverified										
GCST90000464	GCST90000464	European		unassigned	ref_freqs.hg38.tsv.gz	0		0	0		overlap	unverified										
GCST90000465	GCST90000465	European		unassigned	ref_freqs.hg38.tsv.gz	0		0	0		overlap	unverified										
GCST90000466	GCST90000466	European		unassigned	ref_freqs.hg38.tsv.gz	0		0	0		overlap	unverified										
GCST90000467	GCST90000467	European		unassigned	ref_freqs.hg38.tsv.gz	0		0	0		overlap	unverified										
GCST90000468	GCST90000468	European		unassigned	ref_freqs.hg38.tsv.gz	0		0	0		overlap	unverified										
GCST90000469	GCST90000469	European		unassigned	ref_freqs.hg38.tsv.gz	0		0	0		overlap	unverified										
GCST90000470	GCST90000470	European		unassigned	ref_freqs.hg38.tsv.gz	0		0	0		overlap	unverified										
GCST90000471	GCST90000471	European		unassigned	ref_freqs.hg38.tsv.gz	0		0	0		overlap	unverified										
GCST90000472	GCST90000472	European		unassigned	ref_freqs.hg38.tsv.gz	0		0	0		overlap	unverified										
GCST90000473	GCST90000473	European		unassigned	ref_freqs.hg38.tsv.gz	0		0	0		overlap	unverified										
GCST90000474	GCST90000474	European		unassigned	ref_freqs.hg38.tsv.gz	0		0	0		overlap	unverified										
GCST90000475	GCST90000475	European		unassigned	ref_freqs.hg38.tsv.gz	0		0	0		overlap	unverified										
GCST90000476	GCST90000476	European		unassigned	ref_freqs.hg38.tsv.gz	0		0	0		overlap	unverified										
GCST90000477	GCST90000477	European		unassigned	ref_freqs.hg38.tsv.gz	0		0	0		overlap	unverified										
GCST90000478	GCST90000478	European		unassigned	ref_freqs.hg38.tsv.gz	0		0	0		overlap	unverified										
GCST90000479	GCST90000479	European		unassigned	ref_freqs.hg38.tsv.gz	0		0	0		overlap	unverified										
GCST90000480	GCST90000480	European		unassigned	ref_freqs.hg38.tsv.gz	0		0	0		overlap	unverified										
GCST90000481	GCST90000481	European		unassigned	ref_freqs.hg38.tsv.gz	0		0	0		overlap	unverified										
GCST90000482	GCST90000482	European		unassigned	ref_freqs.hg38.tsv.gz	0		0	0		overlap	unverified										
GCST90000483	GCST90000483	European		unassigned	ref_freqs.hg38.tsv.gz	0		0	0		overlap	unverified										
GCST90000484	GCST90000484	European		unassigned	ref_freqs.hg38.tsv.gz	0		0	0		overlap	unverified										
GCST90000485	GCST90000485	European		unassigned	ref_freqs.hg38.tsv.gz	0		0	0		overlap	unverified										
GCST90000486	GCST90000486	European		unassigned	ref_freqs.hg38.tsv.gz	0		0	0		overlap	unverified										
GCST90000487	GCST90000487	European		unassigned	ref_freqs.hg38.tsv.gz	0		0	0		overlap	unverified										
GCST90000488	GCST90000488	European		unassigned	ref_freqs.hg38.tsv.gz	0		0	0		overlap	unverified										
GCST90000489	GCST90000489	European		unassigned	ref_freqs.hg38.tsv.gz	0		0	0		overlap	unverified										
GCST90000490	GCST90000490	European		unassigned	ref_freqs.hg38.tsv.gz	0		0	0		overlap	unverified										
GCST90000491	GCST90000491	European		unassigned	ref_freqs.hg38.tsv.gz	0		0	0		overlap	unverified										
GCST90000492	GCST90000492	European		unassigned	ref_freqs.hg38.tsv.gz	0		0	0		overlap	unverified										
GCST90000493	GCST90000493	European		unassigned	ref_freqs.hg38.tsv.gz	0		0	0		overlap	unverified										
GCST90000494	GCST90000494	European		unassigned	ref_freqs.hg38.tsv.gz	0		0	0		overlap	unverified										
GCST90000495	GCST90000495	European		unassigned	ref_freqs.hg38.tsv.gz	0		0	0		overlap	unverified										
GCST90000496	GCST90000496	European		unassigned	ref_freqs.hg38.tsv.gz	0		0	0		overlap	unverified										
GCST90000497	GCST90000497	European		unassigned	ref_freqs.hg38.tsv.gz	0		0	0		overlap	unverified										
GCST90000498	GCST90000498	European		unassigned	ref_freqs.hg38.tsv.gz	0		0	0		overlap	unverified										
GCST90000499	GCST90000499	European		unassigned	ref_freqs.hg38.tsv.gz	0		0	0		overlap	unverified										
GCST90000500	GCST90000500	European		unassigned	ref_freqs.hg38.tsv.gz	0		0	0		overlap	unverified										
GCST90000501	GCST90000501	European		unassigned	ref_freqs.hg38.tsv.gz	0		0	0		overlap	unverified										
GCST90000502	GCST90000502	European		unassigned	ref_freqs.hg38.tsv.gz	0		0	0		overlap	unverified										
GCST90000503	GCST90000503	European		unassigned	ref_freqs.hg38.tsv.gz	0		0	0		overlap	unverified										
GCST90000504	GCST90000504	European		unassigned	ref_freqs.hg38.tsv.gz	0		0	0		overlap	unverified										
GCST90000505	GCST90000505	European		unassigned	ref_freqs.hg38.tsv.gz	0		0	0		overlap	unverified										
GCST90000506	GCST90000506	European		unassigned	ref_freqs.hg38.tsv.gz	0		0	0		overlap	unverified										
GCST90000512	GCST90000512	European		unassigned	ref_freqs.hg38.tsv.gz	0		0	0		overlap	unverified										
GCST90000513	GCST90000513	European		unassigned	ref_freqs.hg38.tsv.gz	0		0	0		overlap	unverified										
GCST90000514	GCST90000514	European	EUR	af_assigned	ref_freqs.hg38.tsv.gz	50000	EUR	1	1	0.00469812	ok	passed	0.9723	false		0	0	0	1	0	0	0
GCST90000515	GCST90000515	European	EUR	af_assigned	ref_freqs.hg38.tsv.gz	50000	EUR	0.999552	0.999105	0.00533149	ok	passed	0.972289	false		0	0	0.000447501	0.999552	0	0	0
GCST90000529	GCST90000529	European		unassigned	ref_freqs.hg38.tsv.gz	0		0	0		overlap	unverified										
GCST90000584	GCST90000584	European		unassigned	ref_freqs.hg38.tsv.gz	0		0	0		overlap	unverified										
GCST90000614	GCST90000614	European	EUR	af_assigned	ref_freqs.hg38.tsv.gz	50000	EUR	1	1	0.00492044	ok	passed	0.977461	false		0	0	0	1	0	0	0
GCST90000615	GCST90000615	European	EUR	af_assigned	ref_freqs.hg38.tsv.gz	50000	EUR	1	1	0.00492093	ok	passed	0.977461	false		0	0	0	1	0	0	0
GCST90000616	GCST90000616	European	EUR	af_assigned	ref_freqs.hg38.tsv.gz	50000	EUR	1	1	0.00490194	ok	passed	0.973714	false		0	0	0	1	0	0	0
GCST90000617	GCST90000617	European	EUR	af_assigned	ref_freqs.hg38.tsv.gz	50000	EUR	1	1	0.00492093	ok	passed	0.977461	false		0	0	0	1	0	0	0
GCST90000618	GCST90000618	European	EUR	af_assigned	ref_freqs.hg38.tsv.gz	50000	EUR	1	1	0.00489869	ok	passed	0.977946	false		0	0	0	1	0	0	0
GCST90000621	GCST90000621	European	EUR	af_assigned	ref_freqs.hg38.tsv.gz	50000	EUR	1	1	0.00509969	ok	passed	0.970093	false		0	0	0	1	0	0	0
GCST90000654	GCST90000654	European		unassigned	ref_freqs.hg38.tsv.gz	0		0	0		overlap	unverified										
GCST90001389	GCST90001389	European		unassigned	ref_freqs.hg38.tsv.gz	50000	EUR	0.504375	0.192242	0.219319	residual	passed	0.730523			0.312134	0.0519135	0	0.504375	0	0	0.131577
GCST90001390	GCST90001390	European	EUR	af_assigned	ref_freqs.hg38.tsv.gz	50000	EUR	0.998534	0.997068	0.00914104	ok	passed	0.977751	false		0	0	0	0.998534	0.00146609	0	0
GCST90002227	GCST90002227	European	EUR	af_assigned	ref_freqs.hg38.tsv.gz	50000	EUR	0.964759	0.94961	0.0234587	ok	passed	0.977774	false		0.000139964	0.00596058	0	0.964759	0.013991	0.0151495	0
GCST90002232	GCST90002232	European	EUR	af_assigned	ref_freqs.hg38.tsv.gz	50000	EUR	0.967438	0.952813	0.0258189	ok	passed	0.97961	false		0.00499183	0.0102943	0	0.967438	0.0146253	0	0.00265064
GCST90002238	GCST90002238	European	EUR	af_assigned	ref_freqs.hg38.tsv.gz	50000	EUR	0.967438	0.952813	0.0258189	ok	passed	0.97961	false		0.00499183	0.0102943	0	0.967438	0.0146253	0	0.00265064
GCST90002244	GCST90002244	European	EUR	af_assigned	ref_freqs.hg38.tsv.gz	50000	EUR	0.967438	0.952813	0.0258189	ok	passed	0.97961	false		0.00499183	0.0102943	0	0.967438	0.0146253	0	0.00265064
GCST90002250	GCST90002250	European	EUR	af_assigned	ref_freqs.hg38.tsv.gz	50000	EUR	0.99955	0.999101	0.00478676	ok	passed	0.978139	false		0	0	0	0.99955	0	0	0.000449654
GCST90002292	GCST90002292	European	EUR	af_assigned	ref_freqs.hg38.tsv.gz	50000	EUR	0.997283	0.99473	0.00437508	ok	passed	0.979111	false		0	0.000163296	0	0.997283	0.00255356	0	0
GCST90002298	GCST90002298	European	EUR	af_assigned	ref_freqs.hg38.tsv.gz	50000	EUR	0.997448	0.995078	0.00437968	ok	passed	0.979133	false		1.01123e-05	0.000172277	0	0.997448	0.00236964	0	0
GCST90002304	GCST90002304	European	EUR	af_assigned	ref_freqs.hg38.tsv.gz	50000	EUR	0.994341	0.992066	0.00424439	ok	passed	0.980019	false		0.000774154	0.001396	0	0.994341	0.00227544	0	0.00121331
GCST90002310	GCST90002310	European	EUR	af_assigned	ref_freqs.hg38.tsv.gz	50000	EUR	0.994222	0.991762	0.00424328	ok	passed	0.980017	false		0.000773375	0.00137517	0	0.994222	0.00246006	0	0.00116961
GCST90002316	GCST90002316	European	EUR	af_assigned	ref_freqs.hg38.tsv.gz	50000	EUR	0.994722	0.991841	0.00432657	ok	passed	0.979441	false		0.000673417	0.000848136	0	0.994722	0.00288171	0	0.000874478
GCST90002322	GCST90002322	European	EUR	af_assigned	ref_freqs.hg38.tsv.gz	50000	EUR	0.997635	0.995932	0.00433487	ok	passed	0.979591	false		2.48921e-05	0.000473566	0	0.997635	0.00170339	0	0.000163112
GCST90002328	GCST90002328	European	EUR	af_assigned	ref_freqs.hg38.tsv.gz	50000	EUR	0.997465	0.995565	0.00433178	ok	passed	0.979608	false		1.32272e-05	0.00049582	0	0.997465	0.00190043	0	0.000125026
GCST90002334	GCST90002334	European	EUR	af_assigned	ref_freqs.hg38.tsv.gz	50000	EUR	0.994605	0.992687	0.00425837	ok	passed	0.979978	false		0.000773353	0.00139163	0	0.994605	0.00191873	0	0.00131097
GCST90002340	GCST90002340	European	EUR	af_assigned	ref_freqs.hg38.tsv.gz	50000	EUR	0.994746	0.991894	0.0043263	ok	passed	0.979443	false		0.000674034	0.000881581	0	0.994746	0.00285216	0	0.000846553
GCST90002346	GCST90002346	European	EUR	af_assigned	ref_freqs.hg38.tsv.gz	50000	EUR	0.998586	0.997655	0.00537121	ok	passed	0.979777	false		0	0.000375896	0	0.998586	0.000930215	0	0.000108207
GCST90002351	GCST90002351	European	EUR	af_assigned	ref_freqs.hg38.tsv.gz	50000	EUR	0.994745	0.992003	0.00431227	ok	passed	0.979445	false		0.000678936	0.000959347	0	0.994745	0.00274171	0	0.000875383
GCST90002357	GCST90002357	European	EUR	af_assigned	ref_freqs.hg38.tsv.gz	50000	EUR	0.994423	0.992354	0.00424497	ok	passed	0.980033	false		0.000799044	0.00154317	3.89143e-06	0.994423	0.00206962	0	0.00116085
GCST90002363	GCST90002363	European	EUR	af_assigned	ref_freqs.hg38.tsv.gz	50000	EUR	0.994599	0.99268	0.00425762	ok	passed	0.979978	false		0.000766838	0.0013862	0	0.994599	0.0019186	0	0.00132964
GCST90002369	GCST90002369	European	EUR	af_assigned	ref_freqs.hg38.tsv.gz	50000	EUR	0.995092	0.993501	0.0053047	ok	passed	0.980183	false		0.000729343	0.00111845	0	0.995092	0.00159138	0	0.00146854
GCST90002374	GCST90002374	European	EUR	af_assigned	ref_freqs.hg38.tsv.gz	50000	EUR	0.994426	0.992233	0.00424447	ok	passed	0.98002	false		0.00077538	0.00141809	0	0.994426	0.00219356	0	0.00118679
GCST90002379	GCST90002379	European	EUR	af_assigned	ref_freqs.hg38.tsv.gz	50000	EUR	0.999495	0.998991	0.00615483	ok	passed	0.979004	false		0	0	0	0.999495	0	0	0.000504585
GCST90002380	GCST90002380	European	EUR	af_assigned	ref_freqs.hg38.tsv.gz	50000	EUR	0.999487	0.998973	0.00615479	ok	passed	0.979002	false		0	0	0	0.999487	0	0	0.000513446
GCST90002381	GCST90002381	European	EUR	af_assigned	ref_freqs.hg38.tsv.gz	50000	EUR	0.999654	0.999308	0.00582959	ok	passed	0.979039	false		0	0	0	0.999654	0	0	0.000345799
GCST90002382	GCST90002382	European	EUR	af_assigned	ref_freqs.hg38.tsv.gz	50000	EUR	0.999509	0.999017	0.00615536	ok	passed	0.979006	false		0	0	0	0.999509	0	0	0.000491353
GCST90002383	GCST90002383	European	EUR	af_assigned	ref_freqs.hg38.tsv.gz	50000	EUR	0.999541	0.999083	0.00615714	ok	passed	0.978995	false		0	0	0	0.999541	0	0	0.000458637
GCST90002384	GCST90002384	European	EUR	af_assigned	ref_freqs.hg38.tsv.gz	50000	EUR	0.99954	0.99908	0.00615677	ok	passed	0.978995	false		0	0	0	0.99954	0	0	0.000459936
GCST90002385	GCST90002385	European	EUR	af_assigned	ref_freqs.hg38.tsv.gz	50000	EUR	0.999628	0.999256	0.00615719	ok	passed	0.978997	false		0	0	0	0.999628	0	0	0.000372103
GCST90002386	GCST90002386	European	EUR	af_assigned	ref_freqs.hg38.tsv.gz	50000	EUR	0.999626	0.999252	0.00615679	ok	passed	0.978997	false		0	0	0	0.999626	0	0	0.000373908
GCST90002387	GCST90002387	European	EUR	af_assigned	ref_freqs.hg38.tsv.gz	50000	EUR	0.999618	0.999237	0.00615602	ok	passed	0.978994	false		0	0	0	0.999618	0	0	0.000381651
GCST90002388	GCST90002388	European	EUR	af_assigned	ref_freqs.hg38.tsv.gz	50000	EUR	0.99953	0.999059	0.00615507	ok	passed	0.979003	false		0	0	0	0.99953	0	0	0.00047036
GCST90002389	GCST90002389	European	EUR	af_assigned	ref_freqs.hg38.tsv.gz	50000	EUR	0.999541	0.999082	0.00615584	ok	passed	0.979005	false		0	0	0	0.999541	0	0	0.00045887
GCST90002390	GCST90002390	European	EUR	af_assigned	ref_freqs.hg38.tsv.gz	50000	EUR	0.999545	0.999091	0.00615573	ok	passed	0.978999	false		0	0	0	0.999545	0	0	0.000454589
GCST90002391	GCST90002391	European	EUR	af_assigned	ref_freqs.hg38.tsv.gz	50000	EUR	0.999544	0.999088	0.00615677	ok	passed	0.978999	false		0	0	0	0.999544	0	0	0.00045605
GCST90002392	GCST90002392	European	EUR	af_assigned	ref_freqs.hg38.tsv.gz	50000	EUR	0.999567	0.999134	0.00615617	ok	passed	0.978999	false		0	0	0	0.999567	0	0	0.000433118
GCST90002393	GCST90002393	European	EUR	af_assigned	ref_freqs.hg38.tsv.gz	50000	EUR	0.999663	0.999325	0.00582858	ok	passed	0.97904	false		0	0	0	0.999663	0	0	0.000337384
GCST90002394	GCST90002394	European	EUR	af_assigned	ref_freqs.hg38.tsv.gz	50000	EUR	0.999497	0.998993	0.00615485	ok	passed	0.979007	false		0	0	0	0.999497	0	0	0.000503331
GCST90002395	GCST90002395	European	EUR	af_assigned	ref_freqs.hg38.tsv.gz	50000	EUR	0.999587	0.999174	0.00615769	ok	passed	0.978998	false		0	0	0	0.999587	0	0	0.000412822
GCST90002396	GCST90002396	European	EUR	af_assigned	ref_freqs.hg38.tsv.gz	50000	EUR	0.99965	0.999299	0.00615653	ok	passed	0.978989	false		0	0	0	0.99965	0	0	0.000350255
GCST90002397	GCST90002397	European	EUR	af_assigned	ref_freqs.hg38.tsv.gz	50000	EUR	0.999629	0.999258	0.00615806	ok	passed	0.978996	false		0	0	0	0.999629	0	0	0.000370768
GCST90002398	GCST90002398	European	EUR	af_assigned	ref_freqs.hg38.tsv.gz	50000	EUR	0.999529	0.999058	0.00615507	ok	passed	0.979003	false		0	0	0	0.999529	0	0	0.000470836
GCST90002399	GCST90002399	European	EUR	af_assigned	ref_freqs.hg38.tsv.gz	50000	EUR	0.999529	0.999059	0.00615451	ok	passed	0.979003	false		0	0	0	0.999529	0	0	0.00047052
GCST90002400	GCST90002400	European	EUR	af_assigned	ref_freqs.hg38.tsv.gz	50000	EUR	0.999581	0.999161	0.00615724	ok	passed	0.978998	false		0	0	0	0.999581	0	0	0.00041942
GCST90002401	GCST90002401	European	EUR	af_assigned	ref_freqs.hg38.tsv.gz	50000	EUR	0.999597	0.999194	0.00615752	ok	passed	0.978995	false		0	0	0	0.999597	0	0	0.000403085
GCST90002402	GCST90002402	European	EUR	af_assigned	ref_freqs.hg38.tsv.gz	50000	EUR	0.999594	0.999188	0.00615729	ok	passed	0.978998	false		0	0	0	0.999594	0	0	0.000406146
GCST90002403	GCST90002403	European	EUR	af_assigned	ref_freqs.hg38.tsv.gz	50000	EUR	0.999535	0.999071	0.00615588	ok	passed	0.978995	false		0	0	0	0.999535	0	0	0.000464703
GCST90002404	GCST90002404	European	EUR	af_assigned	ref_freqs.hg38.tsv.gz	50000	EUR	0.999531	0.999062	0.00615628	ok	passed	0.979004	false		0	0	0	0.999531	0	0	0.000468773
GCST90002405	GCST90002405	European	EUR	af_assigned	ref_freqs.hg38.tsv.gz	50000	EUR	0.999622	0.999243	0.0061562	ok	passed	0.978994	false		0	0	0	0.999622	0	0	0.000378442
GCST90002406	GCST90002406	European	EUR	af_assigned	ref_freqs.hg38.tsv.gz	50000	EUR	0.999621	0.999243	0.00615588	ok	passed	0.978994	false		0	0	0	0.999621	0	0	0.000378722
GCST90002407	GCST90002407	European	EUR	af_assigned	ref_freqs.hg38.tsv.gz	50000	EUR	0.999527	0.999055	0.00615491	ok	passed	0.979002	false		0	0	0	0.999527	0	0	0.000472645
GCST90002409	GCST90002409	European		unassigned	ref_freqs.hg38.tsv.gz	0		0	0		overlap	unverified										
GCST90002412	GCST90002412	European	EUR	af_assigned	ref_freqs.hg38.tsv.gz	50000	EUR	1	1	0.00613893	ok	passed	0.978973	false		0	0	0	1	0	0	0
GCST90006790	GCST90006790	European		unassigned	ref_freqs.hg38.tsv.gz	0		0	0		overlap	unverified										
GCST90006791	GCST90006791	European		unassigned	ref_freqs.hg38.tsv.gz	0		0	0		overlap	unverified										
GCST90006884	GCST90006884	European	EUR	af_assigned	ref_freqs.hg38.tsv.gz	50000	EUR	1	1	0.00601408	ok	passed	0.978237	false		0	0	0	1	0	0	0
GCST90006885	GCST90006885	European	EUR	af_assigned	ref_freqs.hg38.tsv.gz	50000	EUR	1	1	0.00609475	ok	passed	0.978245	false		0	0	0	1	0	0	0
GCST90006886	GCST90006886	European	EUR	af_assigned	ref_freqs.hg38.tsv.gz	50000	EUR	1	1	0.00601408	ok	passed	0.978237	false		0	0	0	1	0	0	0
GCST90006887	GCST90006887	European	EUR	af_assigned	ref_freqs.hg38.tsv.gz	50000	EUR	1	1	0.00989162	ok	passed	0.977929	false		0	0	0	1	0	0	0
GCST90006888	GCST90006888	European	EUR	af_assigned	ref_freqs.hg38.tsv.gz	50000	EUR	0.999645	0.99929	0.00915424	ok	passed	0.977793	false		0	0	0	0.999645	0.000355144	0	0
GCST90006889	GCST90006889	European	EUR	af_assigned	ref_freqs.hg38.tsv.gz	50000	EUR	1	1	0.00826194	ok	passed	0.977974	false		0	0	0	1	0	0	0
GCST90006890	GCST90006890	European	EUR	af_assigned	ref_freqs.hg38.tsv.gz	50000	EUR	1	1	0.0172904	ok	passed	0.976782	false		0	0	0	1	0	0	0
GCST90006891	GCST90006891	European	EUR	af_assigned	ref_freqs.hg38.tsv.gz	50000	EUR	1	1	0.00869074	ok	passed	0.977854	false		0	0	0	1	0	0	0
GCST90006892	GCST90006892	European	EUR	af_assigned	ref_freqs.hg38.tsv.gz	50000	EUR	1	1	0.00806592	ok	passed	0.978066	false		0	0	0	1	0	0	0
GCST90006893	GCST90006893	European	EUR	af_assigned	ref_freqs.hg38.tsv.gz	50000	EUR	1	1	0.00601408	ok	passed	0.978237	false		0	0	0	1	0	0	0
GCST90006894	GCST90006894	European	EUR	af_assigned	ref_freqs.hg38.tsv.gz	50000	EUR	1	1	0.00635768	ok	passed	0.97823	false		0	0	0	1	0	0	0
GCST90006895	GCST90006895	European	EUR	af_assigned	ref_freqs.hg38.tsv.gz	50000	EUR	1	1	0.00638132	ok	passed	0.978246	false		0	0	0	1	0	0	0
GCST90006896	GCST90006896	European	EUR	af_assigned	ref_freqs.hg38.tsv.gz	50000	EUR	1	1	0.00640231	ok	passed	0.978259	false		0	0	0	1	0	0	0
GCST90006897	GCST90006897	European	EUR	af_assigned	ref_freqs.hg38.tsv.gz	50000	EUR	1	1	0.00601408	ok	passed	0.978237	false		0	0	0	1	0	0	0
GCST90006898	GCST90006898	European	EUR	af_assigned	ref_freqs.hg38.tsv.gz	50000	EUR	1	1	0.00613945	ok	passed	0.978223	false		0	0	0	1	0	0	0
GCST90006899	GCST90006899	European	EUR	af_assigned	ref_freqs.hg38.tsv.gz	50000	EUR	1	1	0.00613003	ok	passed	0.978237	false		0	0	0	1	0	0	0
GCST90006900	GCST90006900	European	EUR	af_assigned	ref_freqs.hg38.tsv.gz	50000	EUR	1	1	0.00607358	ok	passed	0.978259	false		0	0	0	1	0	0	0
GCST90006901	GCST90006901	European	EUR	af_assigned	ref_freqs.hg38.tsv.gz	50000	EUR	1	1	0.00613433	ok	passed	0.978273	false		0	0	0	1	0	0	0
GCST90006902	GCST90006902	European	EUR	af_assigned	ref_freqs.hg38.tsv.gz	50000	EUR	1	1	0.00601108	ok	passed	0.978237	false		0	0	0	1	0	0	0
GCST90006903	GCST90006903	European	EUR	af_assigned	ref_freqs.hg38.tsv.gz	50000	EUR	1	1	0.00601408	ok	passed	0.978237	false		0	0	0	1	0	0	0
GCST90006904	GCST90006904	European	EUR	af_assigned	ref_freqs.hg38.tsv.gz	50000	EUR	1	1	0.00623972	ok	passed	0.978228	false		0	0	0	1	0	0	0
GCST90006905	GCST90006905	European	EUR	af_assigned	ref_freqs.hg38.tsv.gz	50000	EUR	1	1	0.00601108	ok	passed	0.978237	false		0	0	0	1	0	0	0
GCST90006906	GCST90006906	European	EUR	af_assigned	ref_freqs.hg38.tsv.gz	50000	EUR	1	1	0.00629129	ok	passed	0.978274	false		0	0	0	1	0	0	0
GCST90006907	GCST90006907	European	EUR	af_assigned	ref_freqs.hg38.tsv.gz	50000	EUR	0.997674	0.995349	0.00817712	ok	passed	0.978133	false		0	0	0	0.997674	0.00232572	0	0
GCST90006908	GCST90006908	European	EUR	af_assigned	ref_freqs.hg38.tsv.gz	50000	EUR	1	1	0.00601408	ok	passed	0.978237	false		0	0	0	1	0	0	0
GCST90006909	GCST90006909	European	EUR	af_assigned	ref_freqs.hg38.tsv.gz	50000	EUR	1	1	0.00609338	ok	passed	0.978243	false		0	0	0	1	0	0	0
GCST90006910	GCST90006910	European	EUR	af_assigned	ref_freqs.hg38.tsv.gz	50000	EUR	1	1	0.00601408	ok	passed	0.978237	false		0	0	0	1	0	0	0
GCST90006911	GCST90006911	European	EUR	af_assigned	ref_freqs.hg38.tsv.gz	50000	EUR	1	1	0.010309	ok	passed	0.977629	false		0	0	0	1	0	0	0
GCST90006912	GCST90006912	European	EUR	af_assigned	ref_freqs.hg38.tsv.gz	50000	EUR	1	1	0.00880019	ok	passed	0.977871	false		0	0	0	1	0	0	0
GCST90006913	GCST90006913	European	EUR	af_assigned	ref_freqs.hg38.tsv.gz	50000	EUR	1	1	0.00752893	ok	passed	0.97798	false		0	0	0	1	0	0	0
GCST90006914	GCST90006914	European	EUR	af_assigned	ref_freqs.hg38.tsv.gz	50000	EUR	1	1	0.00738194	ok	passed	0.978048	false		0	0	0	1	0	0	0
GCST90006915	GCST90006915	European	EUR	af_assigned	ref_freqs.hg38.tsv.gz	50000	EUR	1	1	0.00789189	ok	passed	0.978185	false		0	0	0	1	0	0	0
GCST90006916	GCST90006916	European	EUR	af_assigned	ref_freqs.hg38.tsv.gz	50000	EUR	0.999563	0.999126	0.00825385	ok	passed	0.978103	false		0	0	0.000436792	0.999563	0	0	0
GCST90006917	GCST90006917	European	EUR	af_assigned	ref_freqs.hg38.tsv.gz	50000	EUR	1	1	0.00601108	ok	passed	0.978237	false		0	0	0	1	0	0	0
GCST90006918	GCST90006918	European	EUR	af_assigned	ref_freqs.hg38.tsv.gz	50000	EUR	1	1	0.00623565	ok	passed	0.978245	false		0	0	0	1	0	0	0
GCST90006919	GCST90006919	European	EUR	af_assigned	ref_freqs.hg38.tsv.gz	50000	EUR	1	1	0.00601108	ok	passed	0.978237	false		0	0	0	1	0	0	0
GCST90006920	GCST90006920	European	EUR	af_assigned	ref_freqs.hg38.tsv.gz	50000	EUR	1	1	0.00886912	ok	passed	0.977805	false		0	0	0	1	0	0	0
GCST90006921	GCST90006921	European	EUR	af_assigned	ref_freqs.hg38.tsv.gz	50000	EUR	1	1	0.00601408	ok	passed	0.978237	false		0	0	0	1	0	0	0
GCST90006922	GCST90006922	European	EUR	af_assigned	ref_freqs.hg38.tsv.gz	50000	EUR	1	1	0.00657364	ok	passed	0.978191	false		0	0	0	1	0	0	0
GCST90006923	GCST90006923	European	EUR	af_assigned	ref_freqs.hg38.tsv.gz	50000	EUR	1	1	0.00601408	ok	passed	0.978237	false		0	0	0	1	0	0	0
GCST90006924	GCST90006924	European	EUR	af_assigned	ref_freqs.hg38.tsv.gz	50000	EUR	1	1	0.00627634	ok	passed	0.978228	false		0	0	0	1	0	0	0
GCST90006925	GCST90006925	European	EUR	af_assigned	ref_freqs.hg38.tsv.gz	50000	EUR	1	1	0.00601408	ok	passed	0.978237	false		0	0	0	1	0	0	0
GCST90006926	GCST90006926	European	EUR	af_assigned	ref_freqs.hg38.tsv.gz	50000	EUR	1	1	0.00900936	ok	passed	0.977889	false		0	0	0	1	0	0	0
GCST90006927	GCST90006927	European	EUR	af_assigned	ref_freqs.hg38.tsv.gz	50000	EUR	1	1	0.00672148	ok	passed	0.97822	false		0	0	0	1	0	0	0
GCST90006928	GCST90006928	European	EUR	af_assigned	ref_freqs.hg38.tsv.gz	50000	EUR	1	1	0.00601408	ok	passed	0.978237	false		0	0	0	1	0	0	0
GCST90006929	GCST90006929	European	EUR	af_assigned	ref_freqs.hg38.tsv.gz	50000	EUR	1	1	0.00619038	ok	passed	0.978226	false		0	0	0	1	0	0	0
GCST90006934	GCST90006934	European	EUR	af_assigned	ref_freqs.hg38.tsv.gz	50000	EUR	1	1	0.00657164	ok	passed	0.979197	false		0	0	0	1	0	0	0
GCST90007310	GCST90007310	European	EUR	af_assigned	ref_freqs.hg38.tsv.gz	23334	EUR	0.987354	0.976871	0.0228866	ok	passed	0.959797	false		0	0	0.00216247	0.987354	0.010483	0	0
GCST90007311	GCST90007311	European	EUR	af_assigned	ref_freqs.hg38.tsv.gz	23328	EUR	0.989553	0.981373	0.0235292	ok	passed	0.959618	false		0	0	0.00226808	0.989553	0.00817922	0	0
GCST90007312	GCST90007312	European	EUR	af_assigned	ref_freqs.hg38.tsv.gz	23327	EUR	0.987947	0.978329	0.0228542	ok	passed	0.959777	false		0	0	0.00243569	0.987947	0.00961744	0	0
GCST90007316	GCST90007316	European	EUR	af_assigned	ref_freqs.hg38.tsv.gz	23116	EUR	0.988618	0.97894	0.0230571	ok	passed	0.95878	false		0	0	0.00170387	0.988618	0.00967814	0	0
GCST90007317	GCST90007317	European	EUR	af_assigned	ref_freqs.hg38.tsv.gz	22990	EUR	0.991634	0.984616	0.0238124	ok	passed	0.958	false		0	0	0.0013487	0.991634	0.00701775	0	0
GCST90007318	GCST90007318	European	EUR	af_assigned	ref_freqs.hg38.tsv.gz	23030	EUR	0.989956	0.981557	0.02313	ok	passed	0.958382	false		0	0	0.00164387	0.989956	0.00839979	0	0
GCST90007322	GCST90007322	European	EUR	af_assigned	ref_freqs.hg38.tsv.gz	23334	EUR	0.987412	0.976967	0.022864	ok	passed	0.959808	false		0	0	0.00214361	0.987412	0.0104445	0	0
GCST90007323	GCST90007323	European	EUR	af_assigned	ref_freqs.hg38.tsv.gz	23334	EUR	0.989538	0.981323	0.0235092	ok	passed	0.959617	false		0	0	0.00224766	0.989538	0.0082147	0	0
GCST90007324	GCST90007324	European	EUR	af_assigned	ref_freqs.hg38.tsv.gz	23328	EUR	0.987979	0.978414	0.0228311	ok	passed	0.959774	false		0	0	0.00245494	0.987979	0.00956556	0	0
GCST90007328	GCST90007328	European	EUR	af_assigned	ref_freqs.hg38.tsv.gz	23114	EUR	0.988664	0.979021	0.0230389	ok	passed	0.958772	false		0	0	0.00169352	0.988664	0.0096425	0	0
GCST90007329	GCST90007329	European	EUR	af_assigned	ref_freqs.hg38.tsv.gz	22990	EUR	0.991672	0.984659	0.0237962	ok	passed	0.957998	false		0	0	0.0013141	0.991672	0.00701358	0	0
GCST90007330	GCST90007330	European	EUR	af_assigned	ref_freqs.hg38.tsv.gz	23029	EUR	0.990004	0.981653	0.0231191	ok	passed	0.958378	false		0	0	0.00164536	0.990004	0.00835073	0	0
GCST90007526	GCST90007526	European	EUR	af_assigned	ref_freqs.hg38.tsv.gz	50000	EUR	0.991955	0.988259	0.00521524	ok	passed	0.981904	false		0.00174686	0.00369601	0.0013862	0.991955	0	0	0.0012158
GCST90007527	GCST90007527	European	EUR	af_assigned	ref_freqs.hg38.tsv.gz	50000	EUR	0.992365	0.989157	0.00518234	ok	passed	0.981901	false		0.00173738	0.00320726	0.00148531	0.992365	0	0	0.00120529
GCST90007528	GCST90007528	European	EUR	af_assigned	ref_freqs.hg38.tsv.gz	50000	EUR	0.991687	0.987725	0.00541458	ok	passed	0.982009	false		0.00167331	0.0039626	0.00121529	0.991687	0	0	0.00146168
GCST90007529	GCST90007529	European	EUR	af_assigned	ref_freqs.hg38.tsv.gz	50000	EUR	0.990595	0.986052	0.00545587	ok	passed	0.982091	false		0.00182539	0.00454347	0.00139219	0.990595	0	0	0.00164391
GCST90007530	GCST90007530	European	EUR	af_assigned	ref_freqs.hg38.tsv.gz	50000	EUR	0.994108	0.992078	0.00499557	ok	passed	0.981784	false		0.0016104	0.00202929	0.00140944	0.994108	0	0	0.000843244
GCST90007531	GCST90007531	European	EUR	af_assigned	ref_freqs.hg38.tsv.gz	50000	EUR	0.989669	0.98426	0.00572557	ok	passed	0.982202	false		0.00190375	0.00540855	0.00148479	0.989669	0	0	0.001534
GCST90010423	GCST90010423	European		unassigned	ref_freqs.hg38.tsv.gz	0		0	0		overlap	unverified										
GCST90010715	GCST90010715	European		unassigned	ref_freqs.hg38.tsv.gz	0		0	0		overlap	unverified										
GCST90010716	GCST90010716	European	EUR	af_assigned	ref_freqs.hg38.tsv.gz	50000	EUR	0.996568	0.993136	0.010039	ok	passed	0.97712	false		0	0.00343202	0	0.996568	0	0	0
GCST90010717	GCST90010717	European	EUR	af_assigned	ref_freqs.hg38.tsv.gz	50000	EUR	0.996527	0.993055	0.0100454	ok	passed	0.977123	false		0	0.00347267	0	0.996527	0	0	0
GCST90010718	GCST90010718	European	EUR	af_assigned	ref_freqs.hg38.tsv.gz	50000	EUR	0.996482	0.992965	0.010073	ok	passed	0.977124	false		0	0.0035177	0	0.996482	0	0	0
GCST90011766	GCST90011766	European		unassigned	ref_freqs.hg38.tsv.gz	0		0	0		overlap	unverified										
GCST90011767	GCST90011767	European		unassigned	ref_freqs.hg38.tsv.gz	0		0	0		overlap	unverified										
GCST90011770	GCST90011770	European		unassigned	ref_freqs.hg38.tsv.gz	0		0	0		overlap	unverified										
GCST90011785	GCST90011785	European	EUR	af_assigned	ref_freqs.hg38.tsv.gz	50000	EUR	0.987445	0.975127	0.0282216	ok	passed	0.969573	false		0	0.000236508	0	0.987445	0	0.0123183	0
GCST90011786	GCST90011786	European	EUR	af_assigned	ref_freqs.hg38.tsv.gz	50000	EUR	0.98989	0.97978	0.0283846	ok	passed	0.96943	false		0	0	0	0.98989	0	0.0101101	0
GCST90011787	GCST90011787	European	EUR	af_assigned	ref_freqs.hg38.tsv.gz	50000	EUR	0.987496	0.974992	0.0282136	ok	passed	0.969459	false		0	0	0	0.987496	0	0.0125042	0
GCST90011788	GCST90011788	European	EUR	af_assigned	ref_freqs.hg38.tsv.gz	50000	EUR	0.988373	0.976746	0.0283499	ok	passed	0.969302	false		0	0	0	0.988373	0	0.0116271	0
GCST90011789	GCST90011789	European	EUR	af_assigned	ref_freqs.hg38.tsv.gz	50000	EUR	1	1	0.0378922	ok	passed	0.965362	false		0	0	0	1	0	0	0
GCST90011790	GCST90011790	European	EUR	af_assigned	ref_freqs.hg38.tsv.gz	50000	EUR	0.997504	0.995008	0.0382609	ok	passed	0.965545	false		0	0	0.00249582	0.997504	0	0	0
GCST90011791	GCST90011791	European	EUR	af_assigned	ref_freqs.hg38.tsv.gz	50000	EUR	0.994968	0.990701	0.0397904	ok	passed	0.964857	false		0	0.000766185	0.00426624	0.994968	0	0	0
GCST90011792	GCST90011792	European	EUR	af_assigned	ref_freqs.hg38.tsv.gz	50000	EUR	0.994698	0.989397	0.0384489	ok	passed	0.965332	false		0	0.0053016	0	0.994698	0	0	0
GCST90011804	GCST90011804	European		unassigned	ref_freqs.hg38.tsv.gz	0		0	0		overlap	unverified										
GCST90011806	GCST90011806	European		unassigned	ref_freqs.hg38.tsv.gz	0		0	0		overlap	unverified										
GCST90011808	GCST90011808	European		unassigned	ref_freqs.hg38.tsv.gz	0		0	0		overlap	unverified										
GCST90011809	GCST90011809	European		unassigned	ref_freqs.hg38.tsv.gz	0		0	0		overlap	unverified										
GCST90011810	GCST90011810	European		unassigned	ref_freqs.hg38.tsv.gz	0		0	0		overlap	unverified										
GCST90011811	GCST90011811	European		unassigned	ref_freqs.hg38.tsv.gz	0		0	0		overlap	unverified										
GCST90011812	GCST90011812	European		unassigned	ref_freqs.hg38.tsv.gz	0		0	0		overlap	unverified										
GCST90011813	GCST90011813	European		unassigned	ref_freqs.hg38.tsv.gz	0		0	0		overlap	unverified										
GCST90011814	GCST90011814	European		unassigned	ref_freqs.hg38.tsv.gz	0		0	0		overlap	unverified										
GCST90011815	GCST90011815	European		unassigned	ref_freqs.hg38.tsv.gz	0		0	0		overlap	unverified										
GCST90011816	GCST90011816	European		unassigned	ref_freqs.hg38.tsv.gz	0		0	0		overlap	unverified										
GCST90011817	GCST90011817	European		unassigned	ref_freqs.hg38.tsv.gz	0		0	0		overlap	unverified										
GCST90011818	GCST90011818	European		unassigned	ref_freqs.hg38.tsv.gz	0		0	0		overlap	unverified										
GCST90011819	GCST90011819	European		unassigned	ref_freqs.hg38.tsv.gz	0		0	0		overlap	unverified										
GCST90011820	GCST90011820	European		unassigned	ref_freqs.hg38.tsv.gz	0		0	0		overlap	unverified										
GCST90011821	GCST90011821	European		unassigned	ref_freqs.hg38.tsv.gz	0		0	0		overlap	unverified										
GCST90011857	GCST90011857	European	EUR	af_assigned	ref_freqs.hg38.tsv.gz	50000	EUR	0.986914	0.973829	0.0157554	ok	passed	0.962632	false		0	0	0	0.986914	0	0.0130857	0
GCST90011858	GCST90011858	European	EUR	af_assigned	ref_freqs.hg38.tsv.gz	50000	EUR	0.986534	0.973069	0.0138546	ok	passed	0.962745	false		0	0	0	0.986534	0	0.0134657	0
GCST90011871	GCST90011871	European	EUR	af_assigned	ref_freqs.hg38.tsv.gz	50000	EUR	0.953095	0.928069	0.0357142	ok	passed	0.97436	false		0.0250257	0.00846595	0.0027943	0.953095	0	0.009571	0.0010484
GCST90011874	GCST90011874	European		unassigned	ref_freqs.hg38.tsv.gz	0		0	0		overlap	unverified										
GCST90011875	GCST90011875	European		unassigned	ref_freqs.hg38.tsv.gz	0		0	0		overlap	unverified										
GCST90011885	GCST90011885	European		unassigned	ref_freqs.hg38.tsv.gz	0		0	0		overlap	unverified										
GCST90011898	GCST90011898	European		unassigned	ref_freqs.hg38.tsv.gz	0		0	0		overlap	unverified										
GCST90011899	GCST90011899	European		unassigned	ref_freqs.hg38.tsv.gz	0		0	0		overlap	unverified										
GCST90011994	GCST90011994	European	EUR	af_assigned	ref_freqs.hg38.tsv.gz	50000	EUR	0.943537	0.924871	0.00981671	ok	passed	0.98271	false		0.00838224	0.0154409	0.0186659	0.943537	0.00021966	0.000954601	0.0127996
GCST90011995	GCST90011995	European	EUR	af_assigned	ref_freqs.hg38.tsv.gz	50000	EUR	0.943509	0.924832	0.00976746	ok	passed	0.982719	false		0.0083347	0.0154037	0.0186767	0.943509	0.000238246	0.00101938	0.0128185
GCST90011996	GCST90011996	European	EUR	af_assigned	ref_freqs.hg38.tsv.gz	50000	EUR	0.946896	0.929792	0.0105131	ok	passed	0.98235	false		0.0077257	0.0153089	0.0171045	0.946896	0	0.000906352	0.0120584
GCST90011997	GCST90011997	European	EUR	af_assigned	ref_freqs.hg38.tsv.gz	50000	EUR	0.949992	0.933983	0.0106683	ok	passed	0.982102	false		0.00763882	0.0143503	0.0160085	0.949992	0	0.000785693	0.0112248
GCST90011998	GCST90011998	European	EUR	af_assigned	ref_freqs.hg38.tsv.gz	50000	EUR	0.955827	0.941779	0.0109654	ok	passed	0.981632	false		0.00695484	0.0120823	0.0140482	0.955827	0	0.000618768	0.0104685
GCST90011999	GCST90011999	European	EUR	af_assigned	ref_freqs.hg38.tsv.gz	50000	EUR	0.948722	0.932317	0.0106253	ok	passed	0.98222	false		0.00769295	0.014802	0.0164051	0.948722	0	0.000871894	0.0115056
GCST90012000	GCST90012000	European	EUR	af_assigned	ref_freqs.hg38.tsv.gz	50000	EUR	0.957461	0.943901	0.0110018	ok	passed	0.981475	false		0.00679464	0.0115293	0.0135607	0.957461	0	0.000612217	0.0100417
GCST90012001	GCST90012001	European	EUR	af_assigned	ref_freqs.hg38.tsv.gz	50000	EUR	0.903298	0.871171	0.0134337	ok	passed	0.984616	false		0.013004	0.0302543	0.0321273	0.903298	0	0.00133303	0.0199828
GCST90012002	GCST90012002	European	EUR	af_assigned	ref_freqs.hg38.tsv.gz	50000	EUR	0.95603	0.94198	0.0109823	ok	passed	0.981591	false		0.00692378	0.0119947	0.0140492	0.95603	0	0.000556943	0.0104457
GCST90012003	GCST90012003	European		unassigned	ref_freqs.hg38.tsv.gz	50000	EUR	0.822757	0.716998	0.0787374	residual	passed	0.953805			0.10576	0.0287162	0.00622651	0.822757	0	0	0.0365401
GCST90012004	GCST90012004	European	EUR	af_assigned	ref_freqs.hg38.tsv.gz	50000	EUR	0.949078	0.93276	0.0106093	ok	passed	0.982171	false		0.00763892	0.0145338	0.0163185	0.949078	0	0.00101366	0.0114169
GCST90012005	GCST90012005	European	EUR	af_assigned	ref_freqs.hg38.tsv.gz	50000	EUR	0.928511	0.905834	0.0138185	ok	passed	0.983011	false		0.00958632	0.0226775	0.0223379	0.928511	0	0.00257746	0.0143097
GCST90012006	GCST90012006	European	EUR	af_assigned	ref_freqs.hg38.tsv.gz	50000	EUR	0.9558	0.941427	0.0106936	ok	passed	0.981667	false		0.00707163	0.0118545	0.0143722	0.9558	0	0.000178495	0.0107235
GCST90012007	GCST90012007	European	EUR	af_assigned	ref_freqs.hg38.tsv.gz	50000	EUR	0.958011	0.944675	0.0110768	ok	passed	0.981433	false		0.00682826	0.0114066	0.0133361	0.958011	0	0.000537132	0.00988071
GCST90012008	GCST90012008	European	EUR	af_assigned	ref_freqs.hg38.tsv.gz	50000	EUR	0.956974	0.943209	0.0110498	ok	passed	0.981493	false		0.00688706	0.0116866	0.0137651	0.956974	0	0.000482423	0.0102051
GCST90012009	GCST90012009	European	EUR	af_assigned	ref_freqs.hg38.tsv.gz	50000	EUR	0.956941	0.943191	0.0110159	ok	passed	0.981511	false		0.00684058	0.0116891	0.0137506	0.956941	0	0.000575787	0.0102028
GCST90012010	GCST90012010	European	EUR	af_assigned	ref_freqs.hg38.tsv.gz	50000	EUR	0.949474	0.933295	0.0106527	ok	passed	0.982138	false		0.00765088	0.0145203	0.0161783	0.949474	0	0.000815872	0.011361
GCST90012011	GCST90012011	European	EUR	af_assigned	ref_freqs.hg38.tsv.gz	50000	EUR	0.940854	0.920729	0.00968591	ok	passed	0.982791	false		0.00839182	0.0159039	0.0201254	0.940854	0	0.000696889	0.014028
GCST90012012	GCST90012012	European	EUR	af_assigned	ref_freqs.hg38.tsv.gz	50000	EUR	0.902579	0.870106	0.0131546	ok	passed	0.984731	false		0.012968	0.0304004	0.0324726	0.902579	0	0.00128552	0.0202949
GCST90012013	GCST90012013	European	EUR	af_assigned	ref_freqs.hg38.tsv.gz	50000	EUR	0.949596	0.933452	0.0106506	ok	passed	0.98213	false		0.00762149	0.0144716	0.0161434	0.949596	0	0.000837024	0.0113307
GCST90012014	GCST90012014	European	EUR	af_assigned	ref_freqs.hg38.tsv.gz	50000	EUR	0.948304	0.931694	0.0105594	ok	passed	0.982243	false		0.00767651	0.0148552	0.01661	0.948304	0	0.000870427	0.0116834
GCST90012015	GCST90012015	European	EUR	af_assigned	ref_freqs.hg38.tsv.gz	50000	EUR	0.956161	0.942145	0.0109827	ok	passed	0.981579	false		0.00690529	0.0119452	0.0140162	0.956161	0	0.000576844	0.0103951
GCST90012016	GCST90012016	European	EUR	af_assigned	ref_freqs.hg38.tsv.gz	50000	EUR	0.950072	0.934111	0.0106992	ok	passed	0.982087	false		0.00763514	0.0143308	0.0159605	0.950072	0	0.000801943	0.0111999
GCST90012017	GCST90012017	European	EUR	af_assigned	ref_freqs.hg38.tsv.gz	50000	EUR	0.948481	0.931934	0.0105919	ok	passed	0.982219	false		0.00766208	0.0148122	0.0165467	0.948481	0	0.000852661	0.0116454
GCST90012018	GCST90012018	European	EUR	af_assigned	ref_freqs.hg38.tsv.gz	50000	EUR	0.942695	0.923691	0.00975941	ok	passed	0.982765	false		0.00837757	0.0156451	0.0190042	0.942695	0.000200166	0.000989258	0.0130887
GCST90012019	GCST90012019	European	EUR	af_assigned	ref_freqs.hg38.tsv.gz	50000	EUR	0.95513	0.941126	0.0102544	ok	passed	0.981919	false		0.00673291	0.0123453	0.0140038	0.95513	0	0.00155118	0.0102371
GCST90012020	GCST90012020	European	EUR	af_assigned	ref_freqs.hg38.tsv.gz	50000	EUR	0.949805	0.933748	0.0106979	ok	passed	0.982109	false		0.00767243	0.0144474	0.0160567	0.949805	0	0.000769501	0.0112492
GCST90012021	GCST90012021	European	EUR	af_assigned	ref_freqs.hg38.tsv.gz	50000	EUR	0.947727	0.930964	0.0106249	ok	passed	0.982281	false		0.00777896	0.0151081	0.0167632	0.947727	0	0.000862654	0.01176
GCST90012022	GCST90012022	European	EUR	af_assigned	ref_freqs.hg38.tsv.gz	50000	EUR	0.949059	0.932724	0.0106485	ok	passed	0.982164	false		0.00766898	0.014642	0.0163344	0.949059	0	0.000814022	0.011482
GCST90012023	GCST90012023	European	EUR	af_assigned	ref_freqs.hg38.tsv.gz	50000	EUR	0.948391	0.931789	0.0105999	ok	passed	0.982217	false		0.00769118	0.0148094	0.016602	0.948391	0	0.000830316	0.0116764
GCST90012024	GCST90012024	European	EUR	af_assigned	ref_freqs.hg38.tsv.gz	50000	EUR	0.949491	0.933325	0.0106614	ok	passed	0.982136	false		0.00764124	0.0145069	0.0161662	0.949491	0	0.000844888	0.0113497
GCST90012025	GCST90012025	European	EUR	af_assigned	ref_freqs.hg38.tsv.gz	50000	EUR	0.95793	0.94454	0.0110629	ok	passed	0.981434	false		0.00681382	0.0114025	0.0133895	0.95793	0	0.000526937	0.00993728
GCST90012026	GCST90012026	European	EUR	af_assigned	ref_freqs.hg38.tsv.gz	50000	EUR	0.956699	0.942864	0.0109978	ok	passed	0.981534	false		0.00686254	0.0117677	0.0138354	0.956699	0	0.000586815	0.0102486
GCST90012027	GCST90012027	European	EUR	af_assigned	ref_freqs.hg38.tsv.gz	50000	EUR	0.959531	0.947086	0.01069	ok	passed	0.98149	false		0.00638901	0.0106633	0.0124446	0.959531	0	0.00108498	0.00988757
GCST90012028	GCST90012028	European	EUR	af_assigned	ref_freqs.hg38.tsv.gz	50000	EUR	0.947984	0.931034	0.0102721	ok	passed	0.982328	false		0.00784994	0.0147399	0.0169499	0.947984	0	0.000478685	0.011998
GCST90012029	GCST90012029	European	EUR	af_assigned	ref_freqs.hg38.tsv.gz	50000	EUR	0.948151	0.93144	0.00913726	ok	passed	0.98256	false		0.00723315	0.0131603	0.0167114	0.948151	0.000916117	0.00194898	0.011879
GCST90012030	GCST90012030	European	EUR	af_assigned	ref_freqs.hg38.tsv.gz	50000	EUR	0.898564	0.86474	0.0140246	ok	passed	0.984773	false		0.0133381	0.0304953	0.033824	0.898564	0.000789561	0.00325794	0.0197306
GCST90012031	GCST90012031	European	EUR	af_assigned	ref_freqs.hg38.tsv.gz	50000	EUR	0.958064	0.944711	0.0110828	ok	passed	0.981421	false		0.00682306	0.011359	0.0133528	0.958064	0	0.000518412	0.00988251
GCST90012032	GCST90012032	European	EUR	af_assigned	ref_freqs.hg38.tsv.gz	50000	EUR	0.948151	0.93154	0.0105886	ok	passed	0.982265	false		0.00771765	0.0149567	0.016611	0.948151	0	0.00090445	0.011659
GCST90012033	GCST90012033	European	EUR	af_assigned	ref_freqs.hg38.tsv.gz	50000	EUR	0.944463	0.926034	0.00971036	ok	passed	0.982669	false		0.00824235	0.0150574	0.0184293	0.944463	1.33092e-05	0.00105061	0.0127438
GCST90012034	GCST90012034	European	EUR	af_assigned	ref_freqs.hg38.tsv.gz	50000	EUR	0.957782	0.944328	0.0110707	ok	passed	0.981442	false		0.00682083	0.0114418	0.0134535	0.957782	0	0.000538799	0.00996314
GCST90012035	GCST90012035	European	EUR	af_assigned	ref_freqs.hg38.tsv.gz	50000	EUR	0.957898	0.944512	0.0110666	ok	passed	0.981442	false		0.00682587	0.0114226	0.0133857	0.957898	0	0.000554338	0.0099135
GCST90012036	GCST90012036	European	EUR	af_assigned	ref_freqs.hg38.tsv.gz	50000	EUR	0.954303	0.940015	0.0102227	ok	passed	0.981983	false		0.00673107	0.0125973	0.0142873	0.954303	0	0.00161954	0.0104621
GCST90012037	GCST90012037	European	EUR	af_assigned	ref_freqs.hg38.tsv.gz	50000	EUR	0.955605	0.941349	0.00879399	ok	passed	0.981829	false		0.00489625	0.0126356	0.0142563	0.955605	0	0	0.0126065
GCST90012038	GCST90012038	European	EUR	af_assigned	ref_freqs.hg38.tsv.gz	50000	EUR	0.949818	0.933785	0.0107026	ok	passed	0.982111	false		0.00765795	0.0144359	0.0160326	0.949818	0	0.000815206	0.0112408
GCST90012039	GCST90012039	European	EUR	af_assigned	ref_freqs.hg38.tsv.gz	50000	EUR	0.957327	0.943799	0.0109979	ok	passed	0.981515	false		0.00684089	0.0116038	0.0135285	0.957327	0	0.000623336	0.010076
GCST90012040	GCST90012040	European	EUR	af_assigned	ref_freqs.hg38.tsv.gz	50000	EUR	0.956901	0.942835	0.011123	ok	passed	0.981404	false		0.00685978	0.0115201	0.0140654	0.956901	0	0.000251372	0.0104028
GCST90012041	GCST90012041	European	EUR	af_assigned	ref_freqs.hg38.tsv.gz	50000	EUR	0.950171	0.934391	0.0106788	ok	passed	0.982148	false		0.00761881	0.0144079	0.0157801	0.950171	0	0.00096965	0.0110521
GCST90012042	GCST90012042	European	EUR	af_assigned	ref_freqs.hg38.tsv.gz	50000	EUR	0.982597	0.976708	0.0100721	ok	passed	0.980065	false		0.00588837	0.00268389	0.00433384	0.982597	0	0.0014371	0.00306003
GCST90012043	GCST90012043	European	EUR	af_assigned	ref_freqs.hg38.tsv.gz	50000	EUR	0.931466	0.909737	0.0223318	ok	passed	0.980293	false		0.0191843	0.0217283	0.0190468	0.931466	0	0	0.00857511
GCST90012044	GCST90012044	European	EUR	af_assigned	ref_freqs.hg38.tsv.gz	50000	EUR	0.942438	0.923321	0.00962947	ok	passed	0.982806	false		0.0082897	0.0156244	0.0191176	0.942438	0.000221297	0.00106096	0.0132477
GCST90012045	GCST90012045	European	EUR	af_assigned	ref_freqs.hg38.tsv.gz	50000	EUR	0.943763	0.925246	0.00982966	ok	passed	0.982702	false		0.00835415	0.0153687	0.018517	0.943763	0.000322438	0.00100488	0.0126696
GCST90012046	GCST90012046	European	EUR	af_assigned	ref_freqs.hg38.tsv.gz	50000	EUR	0.960087	0.947661	0.00987725	ok	passed	0.981381	false		0.00496972	0.0120757	0.0124259	0.960087	0	0	0.0104421
GCST90012047	GCST90012047	European	EUR	af_assigned	ref_freqs.hg38.tsv.gz	50000	EUR	0.956489	0.942624	0.0109992	ok	passed	0.981563	false		0.00691105	0.011854	0.0138656	0.956489	0	0.000592957	0.0102872
GCST90012048	GCST90012048	European	EUR	af_assigned	ref_freqs.hg38.tsv.gz	50000	EUR	0.949757	0.933696	0.010666	ok	passed	0.982122	false		0.00764493	0.0144356	0.0160602	0.949757	0	0.000832183	0.0112704
GCST90012049	GCST90012049	European	EUR	af_assigned	ref_freqs.hg38.tsv.gz	50000	EUR	0.949711	0.933628	0.0106583	ok	passed	0.982127	false		0.00763657	0.0144516	0.016083	0.949711	0	0.00082589	0.011292
GCST90012050	GCST90012050	European	EUR	af_assigned	ref_freqs.hg38.tsv.gz	50000	EUR	0.943693	0.925001	0.00973673	ok	passed	0.982708	false		0.0083011	0.0153219	0.0186926	0.943693	5.02074e-05	0.00101816	0.0129226
GCST90012051	GCST90012051	European	EUR	af_assigned	ref_freqs.hg38.tsv.gz	50000	EUR	0.957353	0.943755	0.0110689	ok	passed	0.981478	false		0.00685941	0.0115865	0.0135985	0.957353	0	0.000551383	0.0100509
GCST90012052	GCST90012052	European	EUR	af_assigned	ref_freqs.hg38.tsv.gz	50000	EUR	0.94434	0.925913	0.00974513	ok	passed	0.982671	false		0.00825686	0.0151343	0.0184268	0.94434	4.67029e-05	0.00106151	0.0127337
GCST90012053	GCST90012053	European	EUR	af_assigned	ref_freqs.hg38.tsv.gz	50000	EUR	0.958061	0.944702	0.0109995	ok	passed	0.981457	false		0.00688092	0.0113004	0.013359	0.958061	0	0.000415404	0.00998308
GCST90012054	GCST90012054	European	EUR	af_assigned	ref_freqs.hg38.tsv.gz	50000	EUR	0.949418	0.933212	0.0106417	ok	passed	0.982142	false		0.00762515	0.0145257	0.0162062	0.949418	0	0.000835851	0.0113888
GCST90012055	GCST90012055	European	EUR	af_assigned	ref_freqs.hg38.tsv.gz	50000	EUR	0.949932	0.933964	0.0106066	ok	passed	0.982142	false		0.00759586	0.0144131	0.0159685	0.949932	0	0.000903134	0.0111869
GCST90012056	GCST90012056	European	EUR	af_assigned	ref_freqs.hg38.tsv.gz	50000	EUR	0.947104	0.930042	0.0102354	ok	passed	0.982373	false		0.00770446	0.0149207	0.0170623	0.947104	0	0.000945692	0.012263
GCST90012057	GCST90012057	European	EUR	af_assigned	ref_freqs.hg38.tsv.gz	50000	EUR	0.943803	0.925145	0.00972311	ok	passed	0.982705	false		0.00828659	0.0152841	0.0186578	0.943803	5.52072e-06	0.00104191	0.0129215
GCST90012058	GCST90012058	European	EUR	af_assigned	ref_freqs.hg38.tsv.gz	50000	EUR	0.992899	0.988658	0.0177072	ok	passed	0.977476	false		0.00285988	0.00424095	0	0.992899	0	0	0
GCST90012059	GCST90012059	European	EUR	af_assigned	ref_freqs.hg38.tsv.gz	50000	EUR	0.957809	0.944361	0.0110829	ok	passed	0.981441	false		0.00683751	0.0114533	0.013448	0.957809	0	0.000503453	0.00994905
GCST90012060	GCST90012060	European	EUR	af_assigned	ref_freqs.hg38.tsv.gz	50000	EUR	0.950023	0.93405	0.0106739	ok	passed	0.982099	false		0.00763471	0.0143448	0.0159726	0.950023	0	0.000818468	0.0112068
GCST90012061	GCST90012061	European	EUR	af_assigned	ref_freqs.hg38.tsv.gz	50000	EUR	0.945847	0.927493	0.00861348	ok	passed	0.982414	false		0.00601212	0.015232	0.0183541	0.945847	0	0	0.0145548
GCST90012062	GCST90012062	European	EUR	af_assigned	ref_freqs.hg38.tsv.gz	50000	EUR	0.897479	0.863211	0.0135451	ok	passed	0.984946	false		0.0132226	0.0306929	0.0342677	0.897479	0.00120857	0.00309859	0.020031
GCST90012063	GCST90012063	European	EUR	af_assigned	ref_freqs.hg38.tsv.gz	50000	EUR	0.949607	0.933466	0.0106567	ok	passed	0.982128	false		0.00764127	0.0144629	0.0161414	0.949607	0	0.00082205	0.0113252
GCST90012064	GCST90012064	European	EUR	af_assigned	ref_freqs.hg38.tsv.gz	50000	EUR	0.947887	0.930475	0.00936735	ok	passed	0.982173	false		0.00620087	0.0151515	0.0174123	0.947887	0	0	0.0133481
GCST90012065	GCST90012065	European	EUR	af_assigned	ref_freqs.hg38.tsv.gz	50000	EUR	0.942125	0.922894	0.00966907	ok	passed	0.982817	false		0.00835114	0.0157663	0.0192316	0.942125	0.000241159	0.00101111	0.0132733
GCST90012066	GCST90012066	European	EUR	af_assigned	ref_freqs.hg38.tsv.gz	50000	EUR	0.958349	0.945124	0.0110736	ok	passed	0.981414	false		0.00681492	0.0112849	0.0132249	0.958349	0	0.00054069	0.0097852
GCST90012067	GCST90012067	European	EUR	af_assigned	ref_freqs.hg38.tsv.gz	50000	EUR	0.949705	0.933617	0.0107093	ok	passed	0.982115	false		0.00766958	0.0144787	0.0160883	0.949705	0	0.000807035	0.011251
GCST90012068	GCST90012068	European	EUR	af_assigned	ref_freqs.hg38.tsv.gz	50000	EUR	0.902793	0.870367	0.0131965	ok	passed	0.984708	false		0.0129462	0.0303824	0.0324264	0.902793	0	0.00131277	0.0201388
GCST90012069	GCST90012069	European	EUR	af_assigned	ref_freqs.hg38.tsv.gz	50000	EUR	0.949823	0.933734	0.010673	ok	passed	0.982109	false		0.00763438	0.0144088	0.0160894	0.949823	0	0.000810027	0.0112339
GCST90012070	GCST90012070	European	EUR	af_assigned	ref_freqs.hg38.tsv.gz	50000	EUR	0.948424	0.931911	0.0106158	ok	passed	0.982246	false		0.00769253	0.0148974	0.0165128	0.948424	0	0.00094336	0.0115302
GCST90012071	GCST90012071	European	EUR	af_assigned	ref_freqs.hg38.tsv.gz	50000	EUR	0.938005	0.918667	0.0141587	ok	passed	0.982194	false		0.00941376	0.0192882	0.0193377	0.938005	0	0.00158766	0.0123678
GCST90012072	GCST90012072	European	EUR	af_assigned	ref_freqs.hg38.tsv.gz	50000	EUR	0.948285	0.930965	0.00919852	ok	passed	0.982186	false		0.00610372	0.0149796	0.0173196	0.948285	0	0	0.0133122
GCST90012073	GCST90012073	European	EUR	af_assigned	ref_freqs.hg38.tsv.gz	50000	EUR	0.949813	0.933707	0.0106481	ok	passed	0.982119	false		0.00763314	0.0144087	0.0161059	0.949813	0	0.000821984	0.0112178
GCST90012074	GCST90012074	European	EUR	af_assigned	ref_freqs.hg38.tsv.gz	50000	EUR	0.94204	0.922744	0.00965566	ok	passed	0.982827	false		0.0083397	0.0158053	0.0192966	0.94204	0.000226612	0.00104412	0.0132473
GCST90012075	GCST90012075	European	EUR	af_assigned	ref_freqs.hg38.tsv.gz	50000	EUR	0.955476	0.941189	0.0109506	ok	passed	0.981638	false		0.00696122	0.0122032	0.0142867	0.955476	0	0.000481649	0.0105911
GCST90012076	GCST90012076	European	EUR	af_assigned	ref_freqs.hg38.tsv.gz	50000	EUR	0.945541	0.927991	0.0104068	ok	passed	0.982496	false		0.00774447	0.0157522	0.0175502	0.945541	0	0.00106716	0.012345
GCST90012077	GCST90012077	European	EUR	af_assigned	ref_freqs.hg38.tsv.gz	50000	EUR	0.943395	0.924575	0.00972687	ok	passed	0.982733	false		0.00832165	0.0154345	0.0188196	0.943395	7.89652e-05	0.00101376	0.012937
GCST90012078	GCST90012078	European	EUR	af_assigned	ref_freqs.hg38.tsv.gz	50000	EUR	0.910594	0.882186	0.0123845	ok	passed	0.984584	false		0.012417	0.0272431	0.0284074	0.910594	0	0.00222978	0.019109
GCST90012079	GCST90012079	European	EUR	af_assigned	ref_freqs.hg38.tsv.gz	50000	EUR	0.947629	0.930691	0.0102254	ok	passed	0.982333	false		0.00768204	0.0147662	0.0169383	0.947629	0	0.000893462	0.0120909
GCST90012080	GCST90012080	European	EUR	af_assigned	ref_freqs.hg38.tsv.gz	50000	EUR	0.955172	0.941193	0.0102665	ok	passed	0.981925	false		0.00672561	0.0123643	0.0139791	0.955172	0	0.00158863	0.0101699
GCST90012081	GCST90012081	European	EUR	af_assigned	ref_freqs.hg38.tsv.gz	50000	EUR	0.958278	0.944996	0.0110999	ok	passed	0.981404	false		0.00681946	0.0113093	0.0132826	0.958278	0	0.000497224	0.00981312
GCST90012082	GCST90012082	European	EUR	af_assigned	ref_freqs.hg38.tsv.gz	50000	EUR	0.887097	0.850537	0.0117289	ok	passed	0.985941	false		0.0138824	0.0308773	0.03656	0.887097	0.00574178	0.00354429	0.0222968
GCST90012083	GCST90012083	European	EUR	af_assigned	ref_freqs.hg38.tsv.gz	50000	EUR	0.913039	0.875671	0.0148164	ok	passed	0.984368	false		0.0152619	0.0268564	0.0373678	0.913039	0	0	0.00747476
GCST90012088	GCST90012088	European		unassigned	ref_freqs.hg38.tsv.gz	0		0	0		overlap	unverified										
GCST90012102	GCST90012102	European	EUR	af_assigned	ref_freqs.hg38.tsv.gz	50000	EUR	1	1	0.00454863	ok	passed	0.978802	false		0	0	0	1	0	0	0
GCST90012103	GCST90012103	European	EUR	af_assigned	ref_freqs.hg38.tsv.gz	50000	EUR	1	1	0.00460267	ok	passed	0.978801	false		0	0	0	1	0	0	0
GCST90012104	GCST90012104	European	EUR	af_assigned	ref_freqs.hg38.tsv.gz	50000	EUR	1	1	0.00454222	ok	passed	0.978805	false		0	0	0	1	0	0	0
GCST90012105	GCST90012105	European	EUR	af_assigned	ref_freqs.hg38.tsv.gz	50000	EUR	1	1	0.00459658	ok	passed	0.978832	false		0	0	0	1	0	0	0
GCST90012106	GCST90012106	European	EUR	af_assigned	ref_freqs.hg38.tsv.gz	50000	EUR	1	1	0.00455067	ok	passed	0.978806	false		0	0	0	1	0	0	0
GCST90012107	GCST90012107	European	EUR	af_assigned	ref_freqs.hg38.tsv.gz	50000	EUR	1	1	0.00454979	ok	passed	0.978803	false		0	0	0	1	0	0	0
GCST90012108	GCST90012108	European	EUR	af_assigned	ref_freqs.hg38.tsv.gz	50000	EUR	1	1	0.00461003	ok	passed	0.9788	false		0	0	0	1	0	0	0
GCST90012109	GCST90012109	European	EUR	af_assigned	ref_freqs.hg38.tsv.gz	50000	EUR	1	1	0.0046095	ok	passed	0.978801	false		0	0	0	1	0	0	0
GCST90012110	GCST90012110	European	EUR	af_assigned	ref_freqs.hg38.tsv.gz	50000	EUR	1	1	0.00455355	ok	passed	0.978808	false		0	0	0	1	0	0	0
GCST90012111	GCST90012111	European	EUR	af_assigned	ref_freqs.hg38.tsv.gz	50000	EUR	1	1	0.00455316	ok	passed	0.978806	false		0	0	0	1	0	0	0
GCST90012112	GCST90012112	European	EUR	af_assigned	ref_freqs.hg38.tsv.gz	50000	EUR	1	1	0.0045136	ok	passed	0.9788	false		0	0	0	1	0	0	0
GCST90012113	GCST90012113	European	EUR	af_assigned	ref_freqs.hg38.tsv.gz	50000	EUR	1	1	0.00458849	ok	passed	0.978808	false		0	0	0	1	0	0	0
GCST90012114	GCST90012114	European	EUR	af_assigned	ref_freqs.hg38.tsv.gz	50000	EUR	1	1	0.00452422	ok	passed	0.97881	false		0	0	0	1	0	0	0
GCST90012115	GCST90012115	European		unassigned	ref_freqs.hg38.tsv.gz	0		0	0		overlap	unverified										
GCST90012174	GCST90012174	European		unassigned	ref_freqs.hg38.tsv.gz	0		0	0		overlap	unverified										
GCST90012175	GCST90012175	European		unassigned	ref_freqs.hg38.tsv.gz	0		0	0		overlap	unverified										
GCST90012176	GCST90012176	European		unassigned	ref_freqs.hg38.tsv.gz	0		0	0		overlap	unverified										
GCST90012177	GCST90012177	European		unassigned	ref_freqs.hg38.tsv.gz	0		0	0		overlap	unverified										
GCST90012178	GCST90012178	European		unassigned	ref_freqs.hg38.tsv.gz	0		0	0		overlap	unverified										
GCST90012179	GCST90012179	European		unassigned	ref_freqs.hg38.tsv.gz	0		0	0		overlap	unverified										
GCST90012180	GCST90012180	European		unassigned	ref_freqs.hg38.tsv.gz	0		0	0		overlap	unverified										
GCST90012181	GCST90012181	European		unassigned	ref_freqs.hg38.tsv.gz	0		0	0		overlap	unverified										
GCST90012182	GCST90012182	European		unassigned	ref_freqs.hg38.tsv.gz	0		0	0		overlap	unverified										
GCST90012183	GCST90012183	European		unassigned	ref_freqs.hg38.tsv.gz	0		0	0		overlap	unverified										
GCST90012184	GCST90012184	European		unassigned	ref_freqs.hg38.tsv.gz	0		0	0		overlap	unverified										
GCST90012185	GCST90012185	European		unassigned	ref_freqs.hg38.tsv.gz	0		0	0		overlap	unverified										
GCST90012186	GCST90012186	European		unassigned	ref_freqs.hg38.tsv.gz	0		0	0		overlap	unverified										
GCST90012187	GCST90012187	European		unassigned	ref_freqs.hg38.tsv.gz	0		0	0		overlap	unverified										
GCST90012188	GCST90012188	European		unassigned	ref_freqs.hg38.tsv.gz	0		0	0		overlap	unverified										
GCST90012189	GCST90012189	European		unassigned	ref_freqs.hg38.tsv.gz	0		0	0		overlap	unverified										
GCST90012190	GCST90012190	European		unassigned	ref_freqs.hg38.tsv.gz	0		0	0		overlap	unverified										
GCST90012191	GCST90012191	European		unassigned	ref_freqs.hg38.tsv.gz	0		0	0		overlap	unverified										
GCST90012192	GCST90012192	European		unassigned	ref_freqs.hg38.tsv.gz	0		0	0		overlap	unverified										
GCST90012193	GCST90012193	European		unassigned	ref_freqs.hg38.tsv.gz	0		0	0		overlap	unverified										
GCST90012194	GCST90012194	European		unassigned	ref_freqs.hg38.tsv.gz	0		0	0		overlap	unverified										
GCST90012195	GCST90012195	European		unassigned	ref_freqs.hg38.tsv.gz	0		0	0		overlap	unverified										
GCST90012196	GCST90012196	European		unassigned	ref_freqs.hg38.tsv.gz	0		0	0		overlap	unverified										
GCST90012197	GCST90012197	European		unassigned	ref_freqs.hg38.tsv.gz	0		0	0		overlap	unverified										
GCST90012198	GCST90012198	European		unassigned	ref_freqs.hg38.tsv.gz	0		0	0		overlap	unverified										
GCST90012199	GCST90012199	European		unassigned	ref_freqs.hg38.tsv.gz	0		0	0		overlap	unverified										
GCST90012200	GCST90012200	European		unassigned	ref_freqs.hg38.tsv.gz	0		0	0		overlap	unverified										
GCST90012201	GCST90012201	European		unassigned	ref_freqs.hg38.tsv.gz	0		0	0		overlap	unverified										
GCST90012202	GCST90012202	European		unassigned	ref_freqs.hg38.tsv.gz	0		0	0		overlap	unverified										
GCST90012790	GCST90012790	European	EUR	af_assigned	ref_freqs.hg38.tsv.gz	50000	EUR	1	1	0.00453294	ok	passed	0.978862	false		0	0	0	1	0	0	0
GCST90012791	GCST90012791	European	EUR	af_assigned	ref_freqs.hg38.tsv.gz	50000	EUR	1	1	0.00455522	ok	passed	0.978849	false		0	0	0	1	0	0	0
GCST90012792	GCST90012792	European	EUR	af_assigned	ref_freqs.hg38.tsv.gz	50000	EUR	1	1	0.00453034	ok	passed	0.978811	false		0	0	0	1	0	0	0
GCST90012793	GCST90012793	European	EUR	af_assigned	ref_freqs.hg38.tsv.gz	50000	EUR	1	1	0.00453063	ok	passed	0.97881	false		0	0	0	1	0	0	0
GCST90012794	GCST90012794	European	EUR	af_assigned	ref_freqs.hg38.tsv.gz	50000	EUR	1	1	0.00453015	ok	passed	0.978811	false		0	0	0	1	0	0	0
GCST90012857	GCST90012857	European	EUR	af_assigned	ref_freqs.hg38.tsv.gz	50000	EUR	1	1	0.00456313	ok	passed	0.976246	false		0	0	0	1	0	0	0
GCST90012877	GCST90012877	European	EUR	af_assigned	ref_freqs.hg38.tsv.gz	50000	EUR	1	1	0.0046386	ok	passed	0.977281	false		0	0	0	1	0	0	0
GCST90012878	GCST90012878	European	EUR	af_assigned	ref_freqs.hg38.tsv.gz	50000	EUR	1	1	0.00623202	ok	passed	0.97861	false		0	0	0	1	0	0	0
GCST90013302	GCST90013302	European	EUR	af_assigned	ref_freqs.hg38.tsv.gz	50000	EUR	0.996521	0.993042	0.0101484	ok	passed	0.97684	false		0	0.00347911	0	0.996521	0	0	0
GCST90013405	GCST90013405	European	EUR	af_assigned	ref_freqs.hg38.tsv.gz	50000	EUR	0.99759	0.99518	0.00476394	ok	passed	0.973234	false		0	0	0	0.99759	0.00240988	0	0
GCST90013406	GCST90013406	European	EUR	af_assigned	ref_freqs.hg38.tsv.gz	50000	EUR	1	1	0.00668548	ok	passed	0.979056	false		0	0	0	1	0	0	0
GCST90013407	GCST90013407	European	EUR	af_assigned	ref_freqs.hg38.tsv.gz	50000	EUR	1	1	0.00613442	ok	passed	0.979092	false		0	0	0	1	0	0	0
GCST90013410	GCST90013410	European	EUR	af_assigned	ref_freqs.hg38.tsv.gz	50000	EUR	1	1	0.00483158	ok	passed	0.977374	false		0	0	0	1	0	0	0
GCST90013411	GCST90013411	European		unassigned	ref_freqs.hg38.tsv.gz	0		0	0		overlap	unverified										
GCST90013414	GCST90013414	European		unassigned	ref_freqs.hg38.tsv.gz	0		0	0		overlap	unverified										
GCST90013420	GCST90013420	European	EUR	af_assigned	ref_freqs.hg38.tsv.gz	50000	EUR	0.990326	0.985135	0.0373692	ok	passed	0.971302	false		0.00519084	0.000160066	0	0.990326	0	0.00113618	0.00318694
GCST90013421	GCST90013421	European		unassigned	ref_freqs.hg38.tsv.gz	50000	EUR	0.995421	0.993191	0.00451595	ok	passed	0.978676			0.00033622	0.000990068	0	0.995421	0.00223003	0	0.00102286
GCST90013422	GCST90013422	European	EUR	af_assigned	ref_freqs.hg38.tsv.gz	50000	EUR	0.978029	0.9616	0.0162794	ok	passed	0.976295	false		0	0.0164285	0.00554275	0.978029	0	0	0
GCST90013423	GCST90013423	European		unassigned	ref_freqs.hg38.tsv.gz	0		0	0		overlap	unverified										
GCST90013442	GCST90013442	European		unassigned	ref_freqs.hg38.tsv.gz	50000	SAS	0.404032	0.144861	0.293127	residual	passed	0.132091			0.259171	0	0.109443	0.227354	0	0	0.404032
GCST90013445	GCST90013445	European		unassigned	ref_freqs.hg38.tsv.gz	0		0	0		overlap	unverified										
GCST90013446	GCST90013446	European		unassigned	ref_freqs.hg38.tsv.gz	0		0	0		overlap	unverified										
GCST90013452	GCST90013452	European	EUR	af_assigned	ref_freqs.hg38.tsv.gz	50000	EUR	1	1	0.0094817	ok	passed	0.975907	false		0	0	0	1	0	0	0
GCST90013453	GCST90013453	European	EUR	af_assigned	ref_freqs.hg38.tsv.gz	50000	EUR	1	1	0.0094817	ok	passed	0.975907	false		0	0	0	1	0	0	0
GCST90013454	GCST90013454	European	EUR	af_assigned	ref_freqs.hg38.tsv.gz	50000	EUR	1	1	0.0094817	ok	passed	0.975907	false		0	0	0	1	0	0	0
GCST90013455	GCST90013455	European	EUR	af_assigned	ref_freqs.hg38.tsv.gz	50000	EUR	1	1	0.0094817	ok	passed	0.975907	false		0	0	0	1	0	0	0
GCST90013456	GCST90013456	European	EUR	af_assigned	ref_freqs.hg38.tsv.gz	50000	EUR	1	1	0.0094817	ok	passed	0.975907	false		0	0	0	1	0	0	0
GCST90013473	GCST90013473	European		unassigned	ref_freqs.hg38.tsv.gz	3425	EUR	0.963638	0.933957	0.0043677	overlap	unverified				0.00668077	0	0	0.963638	0.0296814	0	0
GCST90013474	GCST90013474	European	EUR	af_assigned	ref_freqs.hg38.tsv.gz	50000	EUR	1	1	0.00619136	ok	passed	0.97873	false		0	0	0	1	0	0	0
GCST90013537	GCST90013537	European		unassigned	ref_freqs.hg38.tsv.gz	0		0	0		overlap	unverified										
GCST90013538	GCST90013538	European		unassigned	ref_freqs.hg38.tsv.gz	0		0	0		overlap	unverified										
GCST90013539	GCST90013539	European	EUR	af_assigned	ref_freqs.hg38.tsv.gz	50000	EUR	0.873551	0.821637	0.0105261	ok	passed	0.979884	false		0.00697517	0.0144707	0.00113249	0.873551	0.0382639	0.0136931	0.0519136
GCST90013540	GCST90013540	European	EUR	af_assigned	ref_freqs.hg38.tsv.gz	50000	EUR	0.873551	0.821637	0.0105261	ok	passed	0.979884	false		0.00697517	0.0144707	0.00113249	0.873551	0.0382639	0.0136931	0.0519136
GCST90013541	GCST90013541	European	EUR	af_assigned	ref_freqs.hg38.tsv.gz	50000	EUR	0.873551	0.821637	0.0105261	ok	passed	0.979884	false		0.00697517	0.0144707	0.00113249	0.873551	0.0382639	0.0136931	0.0519136
GCST90013542	GCST90013542	European	EUR	af_assigned	ref_freqs.hg38.tsv.gz	50000	EUR	0.873551	0.821637	0.0105261	ok	passed	0.979884	false		0.00697517	0.0144707	0.00113249	0.873551	0.0382639	0.0136931	0.0519136
GCST90013543	GCST90013543	European	EUR	af_assigned	ref_freqs.hg38.tsv.gz	50000	EUR	0.873551	0.821637	0.0105261	ok	passed	0.979884	false		0.00697517	0.0144707	0.00113249	0.873551	0.0382639	0.0136931	0.0519136
GCST90013544	GCST90013544	European	EUR	af_assigned	ref_freqs.hg38.tsv.gz	50000	EUR	0.873551	0.821637	0.0105261	ok	passed	0.979884	false		0.00697517	0.0144707	0.00113249	0.873551	0.0382639	0.0136931	0.0519136
GCST90013545	GCST90013545	European	EUR	af_assigned	ref_freqs.hg38.tsv.gz	50000	EUR	0.873551	0.821637	0.0105261	ok	passed	0.979884	false		0.00697517	0.0144707	0.00113249	0.873551	0.0382639	0.0136931	0.0519136
GCST90013546	GCST90013546	European	EUR	af_assigned	ref_freqs.hg38.tsv.gz	50000	EUR	0.873551	0.821637	0.0105261	ok	passed	0.979884	false		0.00697517	0.0144707	0.00113249	0.873551	0.0382639	0.0136931	0.0519136
GCST90013547	GCST90013547	European	EUR	af_assigned	ref_freqs.hg38.tsv.gz	50000	EUR	0.873551	0.821637	0.0105261	ok	passed	0.979884	false		0.00697517	0.0144707	0.00113249	0.873551	0.0382639	0.0136931	0.0519136
GCST90013548	GCST90013548	European	EUR	af_assigned	ref_freqs.hg38.tsv.gz	50000	EUR	0.873551	0.821637	0.0105261	ok	passed	0.979884	false		0.00697517	0.0144707	0.00113249	0.873551	0.0382639	0.0136931	0.0519136
GCST90013549	GCST90013549	European	EUR	af_assigned	ref_freqs.hg38.tsv.gz	50000	EUR	0.873551	0.821637	0.0105261	ok	passed	0.979884	false		0.00697517	0.0144707	0.00113249	0.873551	0.0382639	0.0136931	0.0519136
GCST90013550	GCST90013550	European	EUR	af_assigned	ref_freqs.hg38.tsv.gz	50000	EUR	0.873551	0.821637	0.0105261	ok	passed	0.979884	false		0.00697517	0.0144707	0.00113249	0.873551	0.0382639	0.0136931	0.0519136
GCST90013551	GCST90013551	European	EUR	af_assigned	ref_freqs.hg38.tsv.gz	50000	EUR	0.873551	0.821637	0.0105261	ok	passed	0.979884	false		0.00697517	0.0144707	0.00113249	0.873551	0.0382639	0.0136931	0.0519136
GCST90013552	GCST90013552	European	EUR	af_assigned	ref_freqs.hg38.tsv.gz	50000	EUR	0.873551	0.821637	0.0105261	ok	passed	0.979884	false		0.00697517	0.0144707	0.00113249	0.873551	0.0382639	0.0136931	0.0519136
GCST90013553	GCST90013553	European	EUR	af_assigned	ref_freqs.hg38.tsv.gz	50000	EUR	0.873551	0.821637	0.0105261	ok	passed	0.979884	false		0.00697517	0.0144707	0.00113249	0.873551	0.0382639	0.0136931	0.0519136
GCST90013554	GCST90013554	European	EUR	af_assigned	ref_freqs.hg38.tsv.gz	50000	EUR	0.873643	0.821539	0.0105241	ok	passed	0.97981	false		0.00697032	0.0144708	0.00106593	0.873643	0.0379847	0.0137612	0.0521041
GCST90013555	GCST90013555	European	EUR	af_assigned	ref_freqs.hg38.tsv.gz	50000	EUR	0.873551	0.821637	0.0105261	ok	passed	0.979884	false		0.00697517	0.0144707	0.00113249	0.873551	0.0382639	0.0136931	0.0519136
GCST90013556	GCST90013556	European	EUR	af_assigned	ref_freqs.hg38.tsv.gz	50000	EUR	0.873551	0.821637	0.0105261	ok	passed	0.979884	false		0.00697517	0.0144707	0.00113249	0.873551	0.0382639	0.0136931	0.0519136
GCST90013557	GCST90013557	European	EUR	af_assigned	ref_freqs.hg38.tsv.gz	50000	EUR	0.873551	0.821637	0.0105261	ok	passed	0.979884	false		0.00697517	0.0144707	0.00113249	0.873551	0.0382639	0.0136931	0.0519136
GCST90013558	GCST90013558	European	EUR	af_assigned	ref_freqs.hg38.tsv.gz	50000	EUR	0.873551	0.821637	0.0105261	ok	passed	0.979884	false		0.00697517	0.0144707	0.00113249	0.873551	0.0382639	0.0136931	0.0519136
GCST90013559	GCST90013559	European	EUR	af_assigned	ref_freqs.hg38.tsv.gz	50000	EUR	0.873551	0.821637	0.0105261	ok	passed	0.979884	false		0.00697517	0.0144707	0.00113249	0.873551	0.0382639	0.0136931	0.0519136
GCST90013560	GCST90013560	European	EUR	af_assigned	ref_freqs.hg38.tsv.gz	50000	EUR	0.873551	0.821637	0.0105261	ok	passed	0.979884	false		0.00697517	0.0144707	0.00113249	0.873551	0.0382639	0.0136931	0.0519136
GCST90013561	GCST90013561	European	EUR	af_assigned	ref_freqs.hg38.tsv.gz	50000	EUR	0.873551	0.821637	0.0105261	ok	passed	0.979884	false		0.00697517	0.0144707	0.00113249	0.873551	0.0382639	0.0136931	0.0519136
GCST90013562	GCST90013562	European	EUR	af_assigned	ref_freqs.hg38.tsv.gz	50000	EUR	0.873551	0.821637	0.0105261	ok	passed	0.979884	false		0.00697517	0.0144707	0.00113249	0.873551	0.0382639	0.0136931	0.0519136
GCST90013563	GCST90013563	European	EUR	af_assigned	ref_freqs.hg38.tsv.gz	50000	EUR	0.873551	0.821637	0.0105261	ok	passed	0.979884	false		0.00697517	0.0144707	0.00113249	0.873551	0.0382639	0.0136931	0.0519136
GCST90013564	GCST90013564	European	EUR	af_assigned	ref_freqs.hg38.tsv.gz	50000	EUR	0.873551	0.821637	0.0105261	ok	passed	0.979884	false		0.00697517	0.0144707	0.00113249	0.873551	0.0382639	0.0136931	0.0519136
GCST90013565	GCST90013565	European	EUR	af_assigned	ref_freqs.hg38.tsv.gz	50000	EUR	0.873551	0.821637	0.0105261	ok	passed	0.979884	false		0.00697517	0.0144707	0.00113249	0.873551	0.0382639	0.0136931	0.0519136
GCST90013566	GCST90013566	European	EUR	af_assigned	ref_freqs.hg38.tsv.gz	50000	EUR	0.873551	0.821637	0.0105261	ok	passed	0.979884	false		0.00697517	0.0144707	0.00113249	0.873551	0.0382639	0.0136931	0.0519136
GCST90013567	GCST90013567	European	EUR	af_assigned	ref_freqs.hg38.tsv.gz	50000	EUR	0.873551	0.821637	0.0105261	ok	passed	0.979884	false		0.00697517	0.0144707	0.00113249	0.873551	0.0382639	0.0136931	0.0519136
GCST90013568	GCST90013568	European	EUR	af_assigned	ref_freqs.hg38.tsv.gz	50000	EUR	0.873551	0.821637	0.0105261	ok	passed	0.979884	false		0.00697517	0.0144707	0.00113249	0.873551	0.0382639	0.0136931	0.0519136
GCST90013569	GCST90013569	European	EUR	af_assigned	ref_freqs.hg38.tsv.gz	50000	EUR	0.873551	0.821637	0.0105261	ok	passed	0.979884	false		0.00697517	0.0144707	0.00113249	0.873551	0.0382639	0.0136931	0.0519136
GCST90013570	GCST90013570	European	EUR	af_assigned	ref_freqs.hg38.tsv.gz	50000	EUR	0.873551	0.821637	0.0105261	ok	passed	0.979884	false		0.00697517	0.0144707	0.00113249	0.873551	0.0382639	0.0136931	0.0519136
GCST90013571	GCST90013571	European	EUR	af_assigned	ref_freqs.hg38.tsv.gz	50000	EUR	0.873551	0.821637	0.0105261	ok	passed	0.979884	false		0.00697517	0.0144707	0.00113249	0.873551	0.0382639	0.0136931	0.0519136
GCST90013572	GCST90013572	European	EUR	af_assigned	ref_freqs.hg38.tsv.gz	50000	EUR	0.873551	0.821637	0.0105261	ok	passed	0.979884	false		0.00697517	0.0144707	0.00113249	0.873551	0.0382639	0.0136931	0.0519136
GCST90013573	GCST90013573	European	EUR	af_assigned	ref_freqs.hg38.tsv.gz	50000	EUR	0.873551	0.821637	0.0105261	ok	passed	0.979884	false		0.00697517	0.0144707	0.00113249	0.873551	0.0382639	0.0136931	0.0519136
GCST90013574	GCST90013574	European	EUR	af_assigned	ref_freqs.hg38.tsv.gz	50000	EUR	0.873551	0.821637	0.0105261	ok	passed	0.979884	false		0.00697517	0.0144707	0.00113249	0.873551	0.0382639	0.0136931	0.0519136
GCST90013575	GCST90013575	European	EUR	af_assigned	ref_freqs.hg38.tsv.gz	50000	EUR	0.873551	0.821637	0.0105261	ok	passed	0.979884	false		0.00697517	0.0144707	0.00113249	0.873551	0.0382639	0.0136931	0.0519136
GCST90013576	GCST90013576	European	EUR	af_assigned	ref_freqs.hg38.tsv.gz	50000	EUR	0.873551	0.821637	0.0105261	ok	passed	0.979884	false		0.00697517	0.0144707	0.00113249	0.873551	0.0382639	0.0136931	0.0519136
GCST90013577	GCST90013577	European	EUR	af_assigned	ref_freqs.hg38.tsv.gz	50000	EUR	0.873551	0.821637	0.0105261	ok	passed	0.979884	false		0.00697517	0.0144707	0.00113249	0.873551	0.0382639	0.0136931	0.0519136
GCST90013578	GCST90013578	European	EUR	af_assigned	ref_freqs.hg38.tsv.gz	50000	EUR	0.873551	0.821637	0.0105261	ok	passed	0.979884	false		0.00697517	0.0144707	0.00113249	0.873551	0.0382639	0.0136931	0.0519136
GCST90013579	GCST90013579	European	EUR	af_assigned	ref_freqs.hg38.tsv.gz	50000	EUR	0.873551	0.821637	0.0105261	ok	passed	0.979884	false		0.00697517	0.0144707	0.00113249	0.873551	0.0382639	0.0136931	0.0519136
GCST90013580	GCST90013580	European	EUR	af_assigned	ref_freqs.hg38.tsv.gz	50000	EUR	0.873551	0.821637	0.0105261	ok	passed	0.979884	false		0.00697517	0.0144707	0.00113249	0.873551	0.0382639	0.0136931	0.0519136
GCST90013581	GCST90013581	European	EUR	af_assigned	ref_freqs.hg38.tsv.gz	50000	EUR	0.873551	0.821637	0.0105261	ok	passed	0.979884	false		0.00697517	0.0144707	0.00113249	0.873551	0.0382639	0.0136931	0.0519136
GCST90013582	GCST90013582	European	EUR	af_assigned	ref_freqs.hg38.tsv.gz	50000	EUR	0.873551	0.821637	0.0105261	ok	passed	0.979884	false		0.00697517	0.0144707	0.00113249	0.873551	0.0382639	0.0136931	0.0519136
GCST90013658	GCST90013658	European		unassigned	ref_freqs.hg38.tsv.gz	0		0	0		overlap	unverified										
GCST90013662	GCST90013662	European		unassigned	ref_freqs.hg38.tsv.gz	0		0	0		overlap	unverified										
GCST90013663	GCST90013663	European		unassigned	ref_freqs.hg38.tsv.gz	0		0	0		overlap	unverified										
GCST90013664	GCST90013664	European		unassigned	ref_freqs.hg38.tsv.gz	0		0	0		overlap	unverified										
GCST90013791	GCST90013791	European	EUR	af_assigned	ref_freqs.hg38.tsv.gz	50000	EUR	1	1	0.00755954	ok	passed	0.972739	false		0	0	0	1	0	0	0
GCST90014023	GCST90014023	European	EUR	af_assigned	ref_freqs.hg38.tsv.gz	50000	EUR	0.994977	0.993053	0.01016	ok	passed	0.979551	false		0	0.0015057	0.000475076	0.994977	0	0.00192422	0.00111759
GCST90014033	GCST90014033	European	EUR	af_assigned	ref_freqs.hg38.tsv.gz	50000	EUR	0.988716	0.980837	0.00501825	ok	passed	0.981074	false		0.00107986	0.00232573	0	0.988716	0.00787846	0	0
GCST90014054	GCST90014054	European		unassigned	ref_freqs.hg38.tsv.gz	0		0	0		overlap	unverified										
GCST90014122	GCST90014122	European		unassigned	ref_freqs.hg38.tsv.gz	0		0	0		overlap	unverified										
GCST90014239	GCST90014239	European	EUR	af_assigned	ref_freqs.hg38.tsv.gz	50000	EUR	1	1	0.00455098	ok	passed	0.97626	false		0	0	0	1	0	0	0
GCST90014240	GCST90014240	European	EUR	af_assigned	ref_freqs.hg38.tsv.gz	50000	EUR	1	1	0.00455098	ok	passed	0.97626	false		0	0	0	1	0	0	0
GCST90014241	GCST90014241	European	EUR	af_assigned	ref_freqs.hg38.tsv.gz	50000	EUR	1	1	0.00455098	ok	passed	0.97626	false		0	0	0	1	0	0	0
GCST90014242	GCST90014242	European	EUR	af_assigned	ref_freqs.hg38.tsv.gz	50000	EUR	1	1	0.00455098	ok	passed	0.97626	false		0	0	0	1	0	0	0
GCST90014243	GCST90014243	European	EUR	af_assigned	ref_freqs.hg38.tsv.gz	50000	EUR	1	1	0.0145744	ok	passed	0.96659	false		0	0	0	1	0	0	0
GCST90014266	GCST90014266	European	EUR	af_assigned	ref_freqs.hg38.tsv.gz	50000	EUR	1	1	0.00479458	ok	passed	0.978312	false		0	0	0	1	0	0	0
GCST90014267	GCST90014267	European	EUR	af_assigned	ref_freqs.hg38.tsv.gz	50000	EUR	1	1	0.00479458	ok	passed	0.978312	false		0	0	0	1	0	0	0
GCST90014268	GCST90014268	European		unassigned	ref_freqs.hg38.tsv.gz	0		0	0		overlap	unverified										
GCST90014287	GCST90014287	European	EUR	af_assigned	ref_freqs.hg38.tsv.gz	50000	EUR	0.988427	0.980814	0.00534482	ok	passed	0.976374	false		0.00134906	0.00162305	0.000988122	0.988427	0.00761276	0	0
GCST90014288	GCST90014288	European	EUR	af_assigned	ref_freqs.hg38.tsv.gz	50000	EUR	0.995284	0.993465	0.00615182	ok	passed	0.976357	false		0.00152039	0.0018188	0	0.995284	0.00137685	0	0
GCST90014289	GCST90014289	European	EUR	af_assigned	ref_freqs.hg38.tsv.gz	50000	EUR	0.992226	0.99007	0.00591334	ok	passed	0.977772	false		0.00078382	0.00215674	0.00109604	0.992226	0.00200717	0	0.00172977
GCST90014290	GCST90014290	European	EUR	af_assigned	ref_freqs.hg38.tsv.gz	50000	EUR	0.990918	0.986265	0.00589826	ok	passed	0.97686	false		0.000499524	0.00197967	0.00194917	0.990918	0.00465333	0	0
GCST90014291	GCST90014291	European	EUR	af_assigned	ref_freqs.hg38.tsv.gz	50000	EUR	0.999031	0.998083	0.0175313	ok	passed	0.974917	false		0.000948213	0	2.04355e-05	0.999031	0	0	0
GCST90014292	GCST90014292	European	EUR	af_assigned	ref_freqs.hg38.tsv.gz	50000	EUR	0.996434	0.995161	0.0068391	ok	passed	0.976463	false		0.0012549	0.000467573	0.00057068	0.996434	0	0.00127308	0
GCST90014299	GCST90014299	European	EUR	af_assigned	ref_freqs.hg38.tsv.gz	50000	EUR	0.867081	0.749371	0.00588728	ok	passed	0.971884	false		0.117709	0.00395966	0.000377414	0.867081	0.00787951	0	0.0029935
GCST90014300	GCST90014300	European	EUR	af_assigned	ref_freqs.hg38.tsv.gz	50000	EUR	0.867199	0.749566	0.0058869	ok	passed	0.971857	false		0.117633	0.00395533	0.000386598	0.867199	0.00784508	0	0.00298072
GCST90014301	GCST90014301	European	EUR	af_assigned	ref_freqs.hg38.tsv.gz	50000	EUR	0.867101	0.749417	0.00588954	ok	passed	0.971863	false		0.117683	0.00396561	0.000392611	0.867101	0.00792948	0	0.00292813
GCST90014302	GCST90014302	European	EUR	af_assigned	ref_freqs.hg38.tsv.gz	50000	EUR	0.867147	0.749505	0.00588758	ok	passed	0.971856	false		0.117642	0.00394085	0.000400608	0.867147	0.00791466	0	0.00295436
GCST90014303	GCST90014303	European	EUR	af_assigned	ref_freqs.hg38.tsv.gz	50000	EUR	0.867057	0.74934	0.00588745	ok	passed	0.97187	false		0.117717	0.00397432	0.000385209	0.867057	0.00791232	0	0.00295351
GCST90014304	GCST90014304	European	EUR	af_assigned	ref_freqs.hg38.tsv.gz	50000	EUR	0.86713	0.749487	0.00588702	ok	passed	0.971854	false		0.117644	0.00398488	0.000368817	0.86713	0.0078696	0	0.00300275
GCST90014325	GCST90014325	European	EUR	af_assigned	ref_freqs.hg38.tsv.gz	50000	EUR	1	1	0.00682771	ok	passed	0.97869	false		0	0	0	1	0	0	0
GCST90014426	GCST90014426	European	EUR	af_assigned	ref_freqs.hg38.tsv.gz	50000	EUR	0.953931	0.931656	0.00510192	ok	passed	0.981739	false		0.0168801	0.00161004	0.00259735	0.953931	0	0.00270702	0.0222748
GCST90014427	GCST90014427	European	EUR	af_assigned	ref_freqs.hg38.tsv.gz	50000	EUR	0.953931	0.931656	0.00510192	ok	passed	0.981739	false		0.0168801	0.00161004	0.00259735	0.953931	0	0.00270702	0.0222748
GCST90014428	GCST90014428	European	EUR	af_assigned	ref_freqs.hg38.tsv.gz	50000	EUR	0.953897	0.931624	0.00506272	ok	passed	0.98174	false		0.0168554	0.00160102	0.00260557	0.953897	0	0.00276814	0.0222728
GCST90014429	GCST90014429	European	EUR	af_assigned	ref_freqs.hg38.tsv.gz	50000	EUR	0.953897	0.931624	0.00506272	ok	passed	0.98174	false		0.0168554	0.00160102	0.00260557	0.953897	0	0.00276814	0.0222728
GCST90014430	GCST90014430	European	EUR	af_assigned	ref_freqs.hg38.tsv.gz	50000	EUR	0.954151	0.931882	0.00434006	ok	passed	0.981782	false		0.0170291	0.00148748	0.0027064	0.954151	0	0.0023565	0.0222694
GCST90014431	GCST90014431	European	EUR	af_assigned	ref_freqs.hg38.tsv.gz	50000	EUR	0.954092	0.931806	0.00505157	ok	passed	0.981795	false		0.0169224	0.00163788	0.00259077	0.954092	0	0.00247067	0.022286
GCST90014432	GCST90014432	European	EUR	af_assigned	ref_freqs.hg38.tsv.gz	50000	EUR	0.953921	0.931644	0.00510737	ok	passed	0.981739	false		0.0168773	0.00158663	0.00261516	0.953921	0	0.00272276	0.0222768
GCST90014433	GCST90014433	European	EUR	af_assigned	ref_freqs.hg38.tsv.gz	50000	EUR	0.954106	0.931823	0.00510315	ok	passed	0.981793	false		0.0169406	0.00160972	0.00261634	0.954106	0	0.00244433	0.0222832
GCST90014434	GCST90014434	European	EUR	af_assigned	ref_freqs.hg38.tsv.gz	50000	EUR	0.954151	0.931882	0.00434006	ok	passed	0.981782	false		0.0170291	0.00148748	0.0027064	0.954151	0	0.0023565	0.0222694
GCST90014435	GCST90014435	European	EUR	af_assigned	ref_freqs.hg38.tsv.gz	50000	EUR	0.954151	0.931882	0.00434006	ok	passed	0.981782	false		0.0170291	0.00148748	0.0027064	0.954151	0	0.0023565	0.0222694
GCST90014436	GCST90014436	European	EUR	af_assigned	ref_freqs.hg38.tsv.gz	50000	EUR	0.952282	0.930534	0.00442827	ok	passed	0.9753	false		0.0174763	0.00189523	0.0056895	0.952282	0.000479742	0.000428139	0.0217486
GCST90014437	GCST90014437	European	EUR	af_assigned	ref_freqs.hg38.tsv.gz	50000	EUR	0.952282	0.930534	0.00442827	ok	passed	0.9753	false		0.0174763	0.00189523	0.0056895	0.952282	0.000479742	0.000428139	0.0217486
GCST90014438	GCST90014438	European	EUR	af_assigned	ref_freqs.hg38.tsv.gz	50000	EUR	0.953931	0.931656	0.00510192	ok	passed	0.981739	false		0.0168801	0.00161004	0.00259735	0.953931	0	0.00270702	0.0222748
GCST90014439	GCST90014439	European	EUR	af_assigned	ref_freqs.hg38.tsv.gz	50000	EUR	0.953931	0.931656	0.00510192	ok	passed	0.981739	false		0.0168801	0.00161004	0.00259735	0.953931	0	0.00270702	0.0222748
GCST90014440	GCST90014440	European	EUR	af_assigned	ref_freqs.hg38.tsv.gz	50000	EUR	0.953906	0.931636	0.00505722	ok	passed	0.981741	false		0.0168582	0.00162443	0.00258776	0.953906	0	0.0027524	0.0222708
GCST90014441	GCST90014441	European	EUR	af_assigned	ref_freqs.hg38.tsv.gz	50000	EUR	0.953931	0.931656	0.00510192	ok	passed	0.981739	false		0.0168801	0.00161004	0.00259735	0.953931	0	0.00270702	0.0222748
GCST90014442	GCST90014442	European	EUR	af_assigned	ref_freqs.hg38.tsv.gz	50000	EUR	0.953921	0.931644	0.00510737	ok	passed	0.981739	false		0.0168773	0.00158663	0.00261516	0.953921	0	0.00272276	0.0222768
GCST90014443	GCST90014443	European	EUR	af_assigned	ref_freqs.hg38.tsv.gz	50000	EUR	0.95392	0.931652	0.00510877	ok	passed	0.981739	false		0.0168763	0.00159617	0.00261343	0.95392	0	0.00272647	0.0222679
GCST90014444	GCST90014444	European	EUR	af_assigned	ref_freqs.hg38.tsv.gz	50000	EUR	0.953921	0.931644	0.00510737	ok	passed	0.981739	false		0.0168773	0.00158663	0.00261516	0.953921	0	0.00272276	0.0222768
GCST90014445	GCST90014445	European	EUR	af_assigned	ref_freqs.hg38.tsv.gz	50000	EUR	0.953921	0.931644	0.00510737	ok	passed	0.981739	false		0.0168773	0.00158663	0.00261516	0.953921	0	0.00272276	0.0222768
GCST90014446	GCST90014446	European	EUR	af_assigned	ref_freqs.hg38.tsv.gz	50000	EUR	0.954125	0.931869	0.00428915	ok	passed	0.981783	false		0.0170062	0.0015114	0.00269509	0.954125	0	0.00240558	0.0222565
GCST90014447	GCST90014447	European	EUR	af_assigned	ref_freqs.hg38.tsv.gz	50000	EUR	0.954151	0.931882	0.00434006	ok	passed	0.981782	false		0.0170291	0.00148748	0.0027064	0.954151	0	0.0023565	0.0222694
GCST90014448	GCST90014448	European	EUR	af_assigned	ref_freqs.hg38.tsv.gz	50000	EUR	0.954116	0.931857	0.00429562	ok	passed	0.981783	false		0.0170034	0.00148799	0.0027129	0.954116	0	0.00242132	0.0222585
GCST90014449	GCST90014449	European	EUR	af_assigned	ref_freqs.hg38.tsv.gz	50000	EUR	0.954114	0.931865	0.00429729	ok	passed	0.981783	false		0.0170023	0.00149753	0.00271118	0.954114	0	0.00242502	0.0222496
GCST90014450	GCST90014450	European	EUR	af_assigned	ref_freqs.hg38.tsv.gz	50000	EUR	0.954151	0.931882	0.00434006	ok	passed	0.981782	false		0.0170291	0.00148748	0.0027064	0.954151	0	0.0023565	0.0222694
GCST90014451	GCST90014451	European	EUR	af_assigned	ref_freqs.hg38.tsv.gz	50000	EUR	0.954127	0.931861	0.00428748	ok	passed	0.981783	false		0.0170072	0.00150187	0.00269681	0.954127	0	0.00240187	0.0222654
GCST90014452	GCST90014452	European	EUR	af_assigned	ref_freqs.hg38.tsv.gz	50000	EUR	0.954151	0.931882	0.00434006	ok	passed	0.981782	false		0.0170291	0.00148748	0.0027064	0.954151	0	0.0023565	0.0222694
GCST90014453	GCST90014453	European	EUR	af_assigned	ref_freqs.hg38.tsv.gz	50000	EUR	0.953932	0.931649	0.00510052	ok	passed	0.981739	false		0.0168812	0.00160051	0.00259907	0.953932	0	0.00270332	0.0222837
GCST90014454	GCST90014454	European	EUR	af_assigned	ref_freqs.hg38.tsv.gz	50000	EUR	0.954151	0.931882	0.00434006	ok	passed	0.981782	false		0.0170291	0.00148748	0.0027064	0.954151	0	0.0023565	0.0222694
GCST90014455	GCST90014455	European	EUR	af_assigned	ref_freqs.hg38.tsv.gz	50000	EUR	0.954139	0.931885	0.00434976	ok	passed	0.981781	false		0.0170242	0.00148314	0.00272077	0.954139	0	0.00237965	0.0222536
GCST90014456	GCST90014456	European	EUR	af_assigned	ref_freqs.hg38.tsv.gz	50000	EUR	0.953921	0.931644	0.00510737	ok	passed	0.981739	false		0.0168773	0.00158663	0.00261516	0.953921	0	0.00272276	0.0222768
GCST90014457	GCST90014457	European	EUR	af_assigned	ref_freqs.hg38.tsv.gz	50000	EUR	0.95392	0.931652	0.00510877	ok	passed	0.981739	false		0.0168763	0.00159617	0.00261343	0.95392	0	0.00272647	0.0222679
GCST90014458	GCST90014458	European	EUR	af_assigned	ref_freqs.hg38.tsv.gz	50000	EUR	0.954081	0.931802	0.00505849	ok	passed	0.981795	false		0.0169186	0.00162412	0.00260678	0.954081	0	0.00248999	0.0222792
GCST90014459	GCST90014459	European	EUR	af_assigned	ref_freqs.hg38.tsv.gz	50000	EUR	0.954116	0.931857	0.00429562	ok	passed	0.981783	false		0.0170034	0.00148799	0.0027129	0.954116	0	0.00242132	0.0222585
GCST90014460	GCST90014460	European	EUR	af_assigned	ref_freqs.hg38.tsv.gz	50000	EUR	0.953932	0.931649	0.00510052	ok	passed	0.981739	false		0.0168812	0.00160051	0.00259907	0.953932	0	0.00270332	0.0222837
GCST90014461	GCST90014461	European	EUR	af_assigned	ref_freqs.hg38.tsv.gz	50000	EUR	0.95414	0.931878	0.00434811	ok	passed	0.981781	false		0.0170253	0.00147361	0.00272249	0.95414	0	0.00237594	0.0222625
GCST90014462	GCST90014462	European	EUR	af_assigned	ref_freqs.hg38.tsv.gz	50000	EUR	0.953897	0.931624	0.00506272	ok	passed	0.98174	false		0.0168554	0.00160102	0.00260557	0.953897	0	0.00276814	0.0222728
GCST90014463	GCST90014463	European	EUR	af_assigned	ref_freqs.hg38.tsv.gz	50000	EUR	0.954125	0.931869	0.00428915	ok	passed	0.981783	false		0.0170062	0.0015114	0.00269509	0.954125	0	0.00240558	0.0222565
GCST90014464	GCST90014464	European	EUR	af_assigned	ref_freqs.hg38.tsv.gz	50000	EUR	0.954151	0.931882	0.00434006	ok	passed	0.981782	false		0.0170291	0.00148748	0.0027064	0.954151	0	0.0023565	0.0222694
GCST90014465	GCST90014465	European	EUR	af_assigned	ref_freqs.hg38.tsv.gz	50000	EUR	0.954151	0.931882	0.00434006	ok	passed	0.981782	false		0.0170291	0.00148748	0.0027064	0.954151	0	0.0023565	0.0222694
GCST90016564	GCST90016564	European	EUR	af_assigned	ref_freqs.hg38.tsv.gz	50000	EUR	0.998783	0.998162	0.00471719	ok	passed	0.979369	false		0.000621104	0.000595439	0	0.998783	0	0	0
GCST90016585	GCST90016585	European		unassigned	ref_freqs.hg38.tsv.gz	0		0	0		overlap	unverified										
GCST90016586	GCST90016586	European		unassigned	ref_freqs.hg38.tsv.gz	0		0	0		overlap	unverified										
GCST90016587	GCST90016587	European		unassigned	ref_freqs.hg38.tsv.gz	0		0	0		overlap	unverified										
GCST90016588	GCST90016588	European		unassigned	ref_freqs.hg38.tsv.gz	0		0	0		overlap	unverified										
GCST90016589	GCST90016589	European		unassigned	ref_freqs.hg38.tsv.gz	0		0	0		overlap	unverified										
GCST90016590	GCST90016590	European		unassigned	ref_freqs.hg38.tsv.gz	0		0	0		overlap	unverified										
GCST90016591	GCST90016591	European		unassigned	ref_freqs.hg38.tsv.gz	0		0	0		overlap	unverified										
GCST90016592	GCST90016592	European		unassigned	ref_freqs.hg38.tsv.gz	0		0	0		overlap	unverified										
GCST90016593	GCST90016593	European		unassigned	ref_freqs.hg38.tsv.gz	0		0	0		overlap	unverified										
GCST90016594	GCST90016594	European		unassigned	ref_freqs.hg38.tsv.gz	0		0	0		overlap	unverified										
GCST90016665	GCST90016665	European	EUR	af_assigned	ref_freqs.hg38.tsv.gz	50000	EUR	0.978843	0.965722	0.0135425	ok	passed	0.978958	false		0.00458155	0.00182308	0	0.978843	0	0.0131216	0.0016305
GCST90016666	GCST90016666	European	EUR	af_assigned	ref_freqs.hg38.tsv.gz	50000	EUR	1	1	0.0049244	ok	passed	0.978418	false		0	0	0	1	0	0	0
GCST90016667	GCST90016667	European	EUR	af_assigned	ref_freqs.hg38.tsv.gz	50000	EUR	1	1	0.0049244	ok	passed	0.978418	false		0	0	0	1	0	0	0
GCST90016668	GCST90016668	European	EUR	af_assigned	ref_freqs.hg38.tsv.gz	50000	EUR	1	1	0.0049244	ok	passed	0.978418	false		0	0	0	1	0	0	0
GCST90016669	GCST90016669	European	EUR	af_assigned	ref_freqs.hg38.tsv.gz	50000	EUR	1	1	0.00492738	ok	passed	0.978415	false		0	0	0	1	0	0	0
GCST90016670	GCST90016670	European	EUR	af_assigned	ref_freqs.hg38.tsv.gz	50000	EUR	1	1	0.0049244	ok	passed	0.978418	false		0	0	0	1	0	0	0
GCST90016671	GCST90016671	European	EUR	af_assigned	ref_freqs.hg38.tsv.gz	50000	EUR	1	1	0.0049244	ok	passed	0.978418	false		0	0	0	1	0	0	0
GCST90016672	GCST90016672	European	EUR	af_assigned	ref_freqs.hg38.tsv.gz	50000	EUR	1	1	0.0049244	ok	passed	0.978418	false		0	0	0	1	0	0	0
GCST90016673	GCST90016673	European	EUR	af_assigned	ref_freqs.hg38.tsv.gz	50000	EUR	1	1	0.00492044	ok	passed	0.978419	false		0	0	0	1	0	0	0
GCST90016674	GCST90016674	European	EUR	af_assigned	ref_freqs.hg38.tsv.gz	50000	EUR	1	1	0.00492044	ok	passed	0.978419	false		0	0	0	1	0	0	0
GCST90016675	GCST90016675	European	EUR	af_assigned	ref_freqs.hg38.tsv.gz	50000	EUR	1	1	0.00501322	ok	passed	0.978383	false		0	0	0	1	0	0	0
GCST90016676	GCST90016676	European	EUR	af_assigned	ref_freqs.hg38.tsv.gz	50000	EUR	1	1	0.00501322	ok	passed	0.978383	false		0	0	0	1	0	0	0
GCST90017133	GCST90017133	European	EUR	af_assigned	ref_freqs.hg38.tsv.gz	50000	EUR	0.937398	0.880028	0.0210018	ok	passed	0.982244	false		0.05737	0.00185034	0.00338114	0.937398	0	0	0
GCST90017136	GCST90017136	European	EUR	af_assigned	ref_freqs.hg38.tsv.gz	50000	EUR	0.93658	0.879576	0.020922	ok	passed	0.982291	false		0.0570043	0.00201851	0.00350852	0.93658	0.000888383	0	0
GCST90017139	GCST90017139	European	EUR	af_assigned	ref_freqs.hg38.tsv.gz	50000	EUR	0.9983	0.996897	0.0298624	ok	passed	0.973331	false		0.000296441	0.00140343	0	0.9983	0	0	0
GCST90017140	GCST90017140	European	EUR	af_assigned	ref_freqs.hg38.tsv.gz	50000	EUR	0.998296	0.996889	0.0298622	ok	passed	0.973331	false		0.000296431	0.00140748	0	0.998296	0	0	0
GCST90017141	GCST90017141	European	EUR	af_assigned	ref_freqs.hg38.tsv.gz	50000	EUR	0.991645	0.987603	0.00472942	ok	passed	0.978673	false		0.000705484	0.00215868	0.00113378	0.991645	0	0.00404235	0.000314835
GCST90017142	GCST90017142	European	EUR	af_assigned	ref_freqs.hg38.tsv.gz	50000	EUR	0.991645	0.987603	0.00472942	ok	passed	0.978673	false		0.000705484	0.00215868	0.00113378	0.991645	0	0.00404235	0.000314835
GCST90017143	GCST90017143	European	EUR	af_assigned	ref_freqs.hg38.tsv.gz	50000	EUR	0.999403	0.998807	0.0081263	ok	passed	0.979113	false		0	0	0	0.999403	0	0	0.000596643
GCST90017147	GCST90017147	European		unassigned	ref_freqs.hg38.tsv.gz	0		0	0		overlap	unverified										
GCST90017148	GCST90017148	European		unassigned	ref_freqs.hg38.tsv.gz	0		0	0		overlap	unverified										
GCST90018120	GCST90018120	European	EUR	af_assigned	ref_freqs.hg38.tsv.gz	50000	EUR	1	1	0.00453015	ok	passed	0.978811	false		0	0	0	1	0	0	0
GCST90019012	GCST90019012	European	EUR	af_assigned	ref_freqs.hg38.tsv.gz	50000	EUR	1	1	0.00476971	ok	passed	0.977908	false		0	0	0	1	0	0	0
GCST90019013	GCST90019013	European	EUR	af_assigned	ref_freqs.hg38.tsv.gz	50000	EUR	1	1	0.00476882	ok	passed	0.977907	false		0	0	0	1	0	0	0
GCST90019014	GCST90019014	European	EUR	af_assigned	ref_freqs.hg38.tsv.gz	50000	EUR	1	1	0.00476825	ok	passed	0.977904	false		0	0	0	1	0	0	0
GCST90019016	GCST90019016	European		unassigned	ref_freqs.hg38.tsv.gz	0		0	0		overlap	unverified										
GCST90019017	GCST90019017	European		unassigned	ref_freqs.hg38.tsv.gz	0		0	0		overlap	unverified										
GCST90019040	GCST90019040	European	EUR	af_assigned	ref_freqs.hg38.tsv.gz	50000	EUR	1	1	0.0121484	ok	passed	0.979651	false		0	0	0	1	0	0	0
GCST90019041	GCST90019041	European	EUR	af_assigned	ref_freqs.hg38.tsv.gz	50000	EUR	0.978305	0.964564	0.0248298	ok	passed	0.976542	false		0.00137776	0.0137406	0	0.978305	0	0.00657711	0
GCST90019042	GCST90019042	European	EUR	af_assigned	ref_freqs.hg38.tsv.gz	50000	EUR	0.978305	0.964564	0.0248298	ok	passed	0.976542	false		0.00137776	0.0137406	0	0.978305	0	0.00657711	0
GCST90019043	GCST90019043	European	EUR	af_assigned	ref_freqs.hg38.tsv.gz	50000	EUR	0.979459	0.96645	0.0250509	ok	passed	0.976434	false		0.00177467	0.0130095	0	0.979459	0	0.00575664	0
GCST90019044	GCST90019044	European	EUR	af_assigned	ref_freqs.hg38.tsv.gz	50000	EUR	0.978305	0.964564	0.0248298	ok	passed	0.976542	false		0.00137776	0.0137406	0	0.978305	0	0.00657711	0
GCST90019045	GCST90019045	European	EUR	af_assigned	ref_freqs.hg38.tsv.gz	50000	EUR	0.978305	0.964564	0.0248298	ok	passed	0.976542	false		0.00137776	0.0137406	0	0.978305	0	0.00657711	0
GCST90019046	GCST90019046	European	EUR	af_assigned	ref_freqs.hg38.tsv.gz	50000	EUR	0.978324	0.96458	0.0248293	ok	passed	0.976542	false		0.0013813	0.0137442	0	0.978324	0	0.00655054	0
GCST90019492	GCST90019492	European		unassigned	ref_freqs.hg38.tsv.gz	0		0	0		overlap	unverified										
GCST90019493	GCST90019493	European		unassigned	ref_freqs.hg38.tsv.gz	0		0	0		overlap	unverified										
GCST90019494	GCST90019494	European		unassigned	ref_freqs.hg38.tsv.gz	0		0	0		overlap	unverified										
GCST90019495	GCST90019495	European		unassigned	ref_freqs.hg38.tsv.gz	0		0	0		overlap	unverified										
GCST90019496	GCST90019496	European		unassigned	ref_freqs.hg38.tsv.gz	0		0	0		overlap	unverified										
GCST90019497	GCST90019497	European		unassigned	ref_freqs.hg38.tsv.gz	0		0	0		overlap	unverified										
GCST90019498	GCST90019498	European		unassigned	ref_freqs.hg38.tsv.gz	0		0	0		overlap	unverified										
GCST90019499	GCST90019499	European		unassigned	ref_freqs.hg38.tsv.gz	0		0	0		overlap	unverified										
GCST90019500	GCST90019500	European		unassigned	ref_freqs.hg38.tsv.gz	0		0	0		overlap	unverified										
GCST90019501	GCST90019501	European		unassigned	ref_freqs.hg38.tsv.gz	0		0	0		overlap	unverified										
GCST90019502	GCST90019502	European		unassigned	ref_freqs.hg38.tsv.gz	0		0	0		overlap	unverified										
GCST90019503	GCST90019503	European		unassigned	ref_freqs.hg38.tsv.gz	0		0	0		overlap	unverified										
GCST90019504	GCST90019504	European		unassigned	ref_freqs.hg38.tsv.gz	0		0	0		overlap	unverified										
GCST90019505	GCST90019505	European		unassigned	ref_freqs.hg38.tsv.gz	0		0	0		overlap	unverified										
GCST90019506	GCST90019506	European		unassigned	ref_freqs.hg38.tsv.gz	0		0	0		overlap	unverified										
GCST90019507	GCST90019507	European		unassigned	ref_freqs.hg38.tsv.gz	0		0	0		overlap	unverified										
GCST90019508	GCST90019508	European		unassigned	ref_freqs.hg38.tsv.gz	0		0	0		overlap	unverified										
GCST90019509	GCST90019509	European		unassigned	ref_freqs.hg38.tsv.gz	0		0	0		overlap	unverified										
GCST90019510	GCST90019510	European		unassigned	ref_freqs.hg38.tsv.gz	0		0	0		overlap	unverified										
GCST90019511	GCST90019511	European		unassigned	ref_freqs.hg38.tsv.gz	0		0	0		overlap	unverified										
GCST90019512	GCST90019512	European		unassigned	ref_freqs.hg38.tsv.gz	0		0	0		overlap	unverified										
GCST90019513	GCST90019513	European		unassigned	ref_freqs.hg38.tsv.gz	0		0	0		overlap	unverified										
GCST90019514	GCST90019514	European		unassigned	ref_freqs.hg38.tsv.gz	0		0	0		overlap	unverified										
GCST90019515	GCST90019515	European		unassigned	ref_freqs.hg38.tsv.gz	0		0	0		overlap	unverified										
GCST90019516	GCST90019516	European		unassigned	ref_freqs.hg38.tsv.gz	0		0	0		overlap	unverified										
GCST90019517	GCST90019517	European		unassigned	ref_freqs.hg38.tsv.gz	0		0	0		overlap	unverified										
GCST90019518	GCST90019518	European		unassigned	ref_freqs.hg38.tsv.gz	0		0	0		overlap	unverified										
GCST90019519	GCST90019519	European		unassigned	ref_freqs.hg38.tsv.gz	0		0	0		overlap	unverified										
GCST90019520	GCST90019520	European		unassigned	ref_freqs.hg38.tsv.gz	0		0	0		overlap	unverified										
GCST90019521	GCST90019521	European		unassigned	ref_freqs.hg38.tsv.gz	0		0	0		overlap	unverified										
GCST90019522	GCST90019522	European		unassigned	ref_freqs.hg38.tsv.gz	0		0	0		overlap	unverified										
GCST90019523	GCST90019523	European		unassigned	ref_freqs.hg38.tsv.gz	0		0	0		overlap	unverified										
GCST90019524	GCST90019524	European		unassigned	ref_freqs.hg38.tsv.gz	0		0	0		overlap	unverified										
GCST90019525	GCST90019525	European		unassigned	ref_freqs.hg38.tsv.gz	0		0	0		overlap	unverified										
GCST90019526	GCST90019526	European		unassigned	ref_freqs.hg38.tsv.gz	0		0	0		overlap	unverified										
GCST90020024	GCST90020024	European	EUR	af_assigned	ref_freqs.hg38.tsv.gz	50000	EUR	1	1	0.00547759	ok	passed	0.977793	false		0	0	0	1	0	0	0
GCST90020025	GCST90020025	European	EUR	af_assigned	ref_freqs.hg38.tsv.gz	50000	EUR	1	1	0.00547759	ok	passed	0.977793	false		0	0	0	1	0	0	0
GCST90020026	GCST90020026	European	EUR	af_assigned	ref_freqs.hg38.tsv.gz	50000	EUR	1	1	0.00547759	ok	passed	0.977793	false		0	0	0	1	0	0	0
GCST90020027	GCST90020027	European	EUR	af_assigned	ref_freqs.hg38.tsv.gz	50000	EUR	1	1	0.00547759	ok	passed	0.977793	false		0	0	0	1	0	0	0
GCST90020028	GCST90020028	European	EUR	af_assigned	ref_freqs.hg38.tsv.gz	50000	EUR	1	1	0.00547759	ok	passed	0.977793	false		0	0	0	1	0	0	0
GCST90020029	GCST90020029	European	EUR	af_assigned	ref_freqs.hg38.tsv.gz	50000	EUR	1	1	0.00547759	ok	passed	0.977793	false		0	0	0	1	0	0	0
GCST90020034	GCST90020034	European		unassigned	ref_freqs.hg38.tsv.gz	0		0	0		overlap	unverified										
GCST90020035	GCST90020035	European		unassigned	ref_freqs.hg38.tsv.gz	0		0	0		overlap	unverified										
GCST90020053	GCST90020053	European	EUR	af_assigned	ref_freqs.hg38.tsv.gz	50000	EUR	1	1	0.00464601	ok	passed	0.978282	false		0	0	0	1	0	0	0
GCST90020070	GCST90020070	European	EUR	af_assigned	ref_freqs.hg38.tsv.gz	50000	EUR	1	1	0.0219824	ok	passed	0.97438	false		0	0	0	1	0	0	0
GCST90020071	GCST90020071	European	EUR	af_assigned	ref_freqs.hg38.tsv.gz	50000	EUR	1	1	0.0221343	ok	passed	0.974358	false		0	0	0	1	0	0	0
GCST90020072	GCST90020072	European	EUR	af_assigned	ref_freqs.hg38.tsv.gz	50000	EUR	1	1	0.0224723	ok	passed	0.974249	false		0	0	0	1	0	0	0
GCST90020091	GCST90020091	European	EUR	af_assigned	ref_freqs.hg38.tsv.gz	50000	EUR	1	1	0.00489892	ok	passed	0.985131	false		0	0	0	1	0	0	0
GCST90020092	GCST90020092	European	EUR	af_assigned	ref_freqs.hg38.tsv.gz	50000	EUR	1	1	0.00482446	ok	passed	0.985112	false		0	0	0	1	0	0	0
GCST90020165	GCST90020165	European		unassigned	ref_freqs.hg38.tsv.gz	0		0	0		overlap	unverified										
GCST90020166	GCST90020166	European		unassigned	ref_freqs.hg38.tsv.gz	0		0	0		overlap	unverified										
GCST90020167	GCST90020167	European		unassigned	ref_freqs.hg38.tsv.gz	0		0	0		overlap	unverified										
GCST90020168	GCST90020168	European		unassigned	ref_freqs.hg38.tsv.gz	0		0	0		overlap	unverified										
GCST90020190	GCST90020190	European		unassigned	ref_freqs.hg38.tsv.gz	0		0	0		overlap	unverified										
GCST90020191	GCST90020191	European		unassigned	ref_freqs.hg38.tsv.gz	0		0	0		overlap	unverified										
GCST90020192	GCST90020192	European		unassigned	ref_freqs.hg38.tsv.gz	0		0	0		overlap	unverified										
GCST90020193	GCST90020193	European		unassigned	ref_freqs.hg38.tsv.gz	0		0	0		overlap	unverified										
GCST90020194	GCST90020194	European		unassigned	ref_freqs.hg38.tsv.gz	0		0	0		overlap	unverified										
GCST90020195	GCST90020195	European		unassigned	ref_freqs.hg38.tsv.gz	0		0	0		overlap	unverified										
GCST90020196	GCST90020196	European		unassigned	ref_freqs.hg38.tsv.gz	0		0	0		overlap	unverified										
GCST90020197	GCST90020197	European		unassigned	ref_freqs.hg38.tsv.gz	0		0	0		overlap	unverified										
GCST90025945	GCST90025945	European	EUR	af_assigned	ref_freqs.hg38.tsv.gz	50000	EUR	0.997466	0.996034	0.0144257	ok	passed	0.9768	false		0.00143173	0.000770723	0	0.997466	0	0	0.000331889
GCST90025946	GCST90025946	European	EUR	af_assigned	ref_freqs.hg38.tsv.gz	50000	EUR	0.997468	0.996036	0.0144258	ok	passed	0.9768	false		0.00143258	0.000771557	0	0.997468	0	0	0.000327564
GCST90025947	GCST90025947	European	EUR	af_assigned	ref_freqs.hg38.tsv.gz	50000	EUR	0.997468	0.996037	0.0144259	ok	passed	0.9768	false		0.00143152	0.000772924	0	0.997468	0	0	0.00032745
GCST90025948	GCST90025948	European	EUR	af_assigned	ref_freqs.hg38.tsv.gz	50000	EUR	0.997505	0.996076	0.0144258	ok	passed	0.976798	false		0.00142924	0.000752736	0	0.997505	0	0	0.000313217
GCST90025949	GCST90025949	European	EUR	af_assigned	ref_freqs.hg38.tsv.gz	50000	EUR	0.997558	0.996105	0.0144491	ok	passed	0.976795	false		0.00145286	0.000744985	0	0.997558	0	0	0.000244296
GCST90025950	GCST90025950	European	EUR	af_assigned	ref_freqs.hg38.tsv.gz	50000	EUR	0.997482	0.996056	0.0144261	ok	passed	0.976801	false		0.00142606	0.000768858	0	0.997482	0	0	0.000322922
GCST90025951	GCST90025951	European	EUR	af_assigned	ref_freqs.hg38.tsv.gz	50000	EUR	0.997483	0.996055	0.014426	ok	passed	0.9768	false		0.00142842	0.000776061	0	0.997483	0	0	0.000312466
GCST90025952	GCST90025952	European	EUR	af_assigned	ref_freqs.hg38.tsv.gz	50000	EUR	0.997468	0.996039	0.0144259	ok	passed	0.9768	false		0.00142933	0.000773806	0	0.997468	0	0	0.000328868
GCST90025953	GCST90025953	European	EUR	af_assigned	ref_freqs.hg38.tsv.gz	50000	EUR	0.997471	0.996039	0.0144258	ok	passed	0.9768	false		0.00143185	0.000772476	0	0.997471	0	0	0.000324871
GCST90025954	GCST90025954	European	EUR	af_assigned	ref_freqs.hg38.tsv.gz	50000	EUR	0.997463	0.996032	0.0144257	ok	passed	0.9768	false		0.00143086	0.00077396	0	0.997463	0	0	0.00033199
GCST90025955	GCST90025955	European	EUR	af_assigned	ref_freqs.hg38.tsv.gz	50000	EUR	0.997507	0.99608	0.0144257	ok	passed	0.976797	false		0.00142694	0.000745872	0	0.997507	0	0	0.000320347
GCST90025956	GCST90025956	European	EUR	af_assigned	ref_freqs.hg38.tsv.gz	50000	EUR	0.997508	0.99608	0.0144258	ok	passed	0.976798	false		0.00142782	0.000751607	0	0.997508	0	0	0.000312442
GCST90025957	GCST90025957	European	EUR	af_assigned	ref_freqs.hg38.tsv.gz	50000	EUR	0.997465	0.996034	0.0144257	ok	passed	0.9768	false		0.00143157	0.000770078	0	0.997465	0	0	0.000333032
GCST90025958	GCST90025958	European	EUR	af_assigned	ref_freqs.hg38.tsv.gz	50000	EUR	0.9975	0.996073	0.0144258	ok	passed	0.976797	false		0.00142665	0.000758303	0	0.9975	0	0	0.000315059
GCST90025959	GCST90025959	European	EUR	af_assigned	ref_freqs.hg38.tsv.gz	50000	EUR	0.997461	0.99603	0.0144255	ok	passed	0.9768	false		0.00143065	0.000780795	0	0.997461	0	0	0.000327668
GCST90025960	GCST90025960	European	EUR	af_assigned	ref_freqs.hg38.tsv.gz	50000	EUR	0.997483	0.996056	0.0144258	ok	passed	0.9768	false		0.0014268	0.000780848	0	0.997483	0	0	0.000309803
GCST90025962	GCST90025962	European	EUR	af_assigned	ref_freqs.hg38.tsv.gz	50000	EUR	0.997607	0.996153	0.01445	ok	passed	0.97679	false		0.00145368	0.000738375	0	0.997607	0	0	0.000200917
GCST90025963	GCST90025963	European	EUR	af_assigned	ref_freqs.hg38.tsv.gz	50000	EUR	0.997602	0.996146	0.0144497	ok	passed	0.976791	false		0.00145603	0.000741674	0	0.997602	0	0	0.000200497
GCST90025964	GCST90025964	European	EUR	af_assigned	ref_freqs.hg38.tsv.gz	50000	EUR	0.997483	0.996055	0.0144259	ok	passed	0.9768	false		0.00142749	0.000778485	0	0.997483	0	0	0.000311293
GCST90025965	GCST90025965	European	EUR	af_assigned	ref_freqs.hg38.tsv.gz	50000	EUR	0.997469	0.996037	0.0144259	ok	passed	0.9768	false		0.00143206	0.000772027	0	0.997469	0	0	0.000326781
GCST90025966	GCST90025966	European	EUR	af_assigned	ref_freqs.hg38.tsv.gz	50000	EUR	0.997469	0.996037	0.0144258	ok	passed	0.9768	false		0.00143167	0.000771446	0	0.997469	0	0	0.000327825
GCST90025967	GCST90025967	European	EUR	af_assigned	ref_freqs.hg38.tsv.gz	50000	EUR	0.997467	0.996021	0.0144256	ok	passed	0.976795	false		0.00144561	0.000774476	0	0.997467	0	0	0.000312923
GCST90025968	GCST90025968	European	EUR	af_assigned	ref_freqs.hg38.tsv.gz	50000	EUR	0.997534	0.996079	0.0144506	ok	passed	0.9768	false		0.00145512	0.000766353	0	0.997534	0	0	0.000244169
GCST90025969	GCST90025969	European	EUR	af_assigned	ref_freqs.hg38.tsv.gz	50000	EUR	0.997486	0.99606	0.0144259	ok	passed	0.9768	false		0.0014263	0.000777882	0	0.997486	0	0	0.000309985
GCST90025970	GCST90025970	European	EUR	af_assigned	ref_freqs.hg38.tsv.gz	50000	EUR	0.997491	0.99607	0.0144267	ok	passed	0.976797	false		0.00142154	0.000780776	0	0.997491	0	0	0.000306367
GCST90025971	GCST90025971	European	EUR	af_assigned	ref_freqs.hg38.tsv.gz	50000	EUR	0.997495	0.996074	0.0144267	ok	passed	0.976797	false		0.0014217	0.000779115	0	0.997495	0	0	0.000303723
GCST90025972	GCST90025972	European	EUR	af_assigned	ref_freqs.hg38.tsv.gz	50000	EUR	0.997498	0.996077	0.0144267	ok	passed	0.976797	false		0.00142132	0.00077731	0	0.997498	0	0	0.000303271
GCST90025973	GCST90025973	European	EUR	af_assigned	ref_freqs.hg38.tsv.gz	50000	EUR	0.997481	0.996049	0.0144258	ok	passed	0.976799	false		0.00143249	0.000760786	0	0.997481	0	0	0.000325486
GCST90025974	GCST90025974	European	EUR	af_assigned	ref_freqs.hg38.tsv.gz	50000	EUR	0.997486	0.996062	0.0144267	ok	passed	0.976799	false		0.0014247	0.00075567	0	0.997486	0	0	0.000333191
GCST90025975	GCST90025975	European	EUR	af_assigned	ref_freqs.hg38.tsv.gz	50000	EUR	0.997497	0.996076	0.0144268	ok	passed	0.976797	false		0.00142073	0.000774639	0	0.997497	0	0	0.000307937
GCST90025976	GCST90025976	European	EUR	af_assigned	ref_freqs.hg38.tsv.gz	50000	EUR	0.997501	0.996081	0.0144268	ok	passed	0.976797	false		0.0014202	0.000772957	0	0.997501	0	0	0.000306078
GCST90025977	GCST90025977	European	EUR	af_assigned	ref_freqs.hg38.tsv.gz	50000	EUR	0.997485	0.996057	0.014426	ok	passed	0.9768	false		0.0014279	0.00077498	0	0.997485	0	0	0.000312306
GCST90025978	GCST90025978	European	EUR	af_assigned	ref_freqs.hg38.tsv.gz	50000	EUR	0.997665	0.996232	0.0144529	ok	passed	0.976791	false		0.00143253	0.000738756	0	0.997665	0	0	0.000164207
GCST90025979	GCST90025979	European	EUR	af_assigned	ref_freqs.hg38.tsv.gz	50000	EUR	0.997464	0.996033	0.0144257	ok	passed	0.9768	false		0.00143091	0.000773624	0	0.997464	0	0	0.000331689
GCST90025980	GCST90025980	European	EUR	af_assigned	ref_freqs.hg38.tsv.gz	50000	EUR	0.997476	0.996043	0.0144258	ok	passed	0.9768	false		0.00143268	0.000766492	0	0.997476	0	0	0.000324925
GCST90025981	GCST90025981	European	EUR	af_assigned	ref_freqs.hg38.tsv.gz	50000	EUR	0.997534	0.996079	0.0144506	ok	passed	0.9768	false		0.00145512	0.000766353	0	0.997534	0	0	0.000244169
GCST90025982	GCST90025982	European	EUR	af_assigned	ref_freqs.hg38.tsv.gz	50000	EUR	0.997579	0.996128	0.0144504	ok	passed	0.976791	false		0.00145058	0.000722228	0	0.997579	0	0	0.000248668
GCST90025983	GCST90025983	European	EUR	af_assigned	ref_freqs.hg38.tsv.gz	50000	EUR	0.997517	0.996077	0.0144257	ok	passed	0.976795	false		0.00143957	0.000754166	0	0.997517	0	0	0.000289227
GCST90025984	GCST90025984	European	EUR	af_assigned	ref_freqs.hg38.tsv.gz	50000	EUR	0.997489	0.996062	0.0144258	ok	passed	0.9768	false		0.00142666	0.000778662	0	0.997489	0	0	0.000306066
GCST90025985	GCST90025985	European	EUR	af_assigned	ref_freqs.hg38.tsv.gz	50000	EUR	0.997487	0.99606	0.0144259	ok	passed	0.9768	false		0.00142709	0.000780734	0	0.997487	0	0	0.000304784
GCST90025986	GCST90025986	European	EUR	af_assigned	ref_freqs.hg38.tsv.gz	50000	EUR	0.997506	0.996078	0.0144259	ok	passed	0.976798	false		0.00142782	0.000749333	0	0.997506	0	0	0.000316541
GCST90025987	GCST90025987	European	EUR	af_assigned	ref_freqs.hg38.tsv.gz	50000	EUR	0.9975	0.99607	0.0144259	ok	passed	0.9768	false		0.00142956	0.000766465	0	0.9975	0	0	0.000303914
GCST90025988	GCST90025988	European	EUR	af_assigned	ref_freqs.hg38.tsv.gz	50000	EUR	0.997505	0.996083	0.0144258	ok	passed	0.976799	false		0.00142183	0.000778113	0	0.997505	0	0	0.000295524
GCST90025989	GCST90025989	European	EUR	af_assigned	ref_freqs.hg38.tsv.gz	50000	EUR	0.997462	0.996029	0.0144259	ok	passed	0.9768	false		0.00143284	0.000770586	0	0.997462	0	0	0.000334629
GCST90025990	GCST90025990	European	EUR	af_assigned	ref_freqs.hg38.tsv.gz	50000	EUR	0.997506	0.996077	0.0144258	ok	passed	0.976798	false		0.00142993	0.000755672	0	0.997506	0	0	0.000307954
GCST90025991	GCST90025991	European	EUR	af_assigned	ref_freqs.hg38.tsv.gz	50000	EUR	0.997469	0.996036	0.0144258	ok	passed	0.9768	false		0.00143269	0.000770764	0	0.997469	0	0	0.00032738
GCST90025992	GCST90025992	European	EUR	af_assigned	ref_freqs.hg38.tsv.gz	50000	EUR	0.997504	0.996075	0.0144258	ok	passed	0.976798	false		0.00142877	0.000755701	0	0.997504	0	0	0.000311906
GCST90025993	GCST90025993	European	EUR	af_assigned	ref_freqs.hg38.tsv.gz	50000	EUR	0.997351	0.995884	0.0144272	ok	passed	0.976823	false		0.00146699	0.000772712	0	0.997351	0	0	0.00040936
GCST90025994	GCST90025994	European	EUR	af_assigned	ref_freqs.hg38.tsv.gz	50000	EUR	0.997555	0.996103	0.0144492	ok	passed	0.976795	false		0.00145279	0.000744291	0	0.997555	0	0	0.000247424
GCST90025995	GCST90025995	European	EUR	af_assigned	ref_freqs.hg38.tsv.gz	50000	EUR	0.997511	0.996084	0.0144258	ok	passed	0.976798	false		0.00142766	0.000757708	0	0.997511	0	0	0.000303273
GCST90025996	GCST90025996	European	EUR	af_assigned	ref_freqs.hg38.tsv.gz	50000	EUR	0.997558	0.996106	0.0144491	ok	passed	0.976795	false		0.00145234	0.00074503	0	0.997558	0	0	0.000244269
GCST90025997	GCST90025997	European	EUR	af_assigned	ref_freqs.hg38.tsv.gz	50000	EUR	0.997468	0.996038	0.0144261	ok	passed	0.976803	false		0.00142992	0.000767845	0	0.997468	0	0	0.000334595
GCST90025998	GCST90025998	European	EUR	af_assigned	ref_freqs.hg38.tsv.gz	50000	EUR	0.997665	0.996232	0.0144529	ok	passed	0.976791	false		0.00143253	0.000738756	0	0.997665	0	0	0.000164207
GCST90026372	GCST90026372	European		unassigned	ref_freqs.hg38.tsv.gz	0		0	0		overlap	unverified										
GCST90026392	GCST90026392	European	EUR	af_assigned	ref_freqs.hg38.tsv.gz	50000	EUR	0.990811	0.981622	0.0173714	ok	passed	0.966444	false		0	0	0	0.990811	0	0.00918918	0
GCST90026393	GCST90026393	European	EUR	af_assigned	ref_freqs.hg38.tsv.gz	50000	EUR	0.991287	0.982573	0.017344	ok	passed	0.966396	false		0	0	0	0.991287	0	0.00871331	0
GCST90026394	GCST90026394	European	EUR	af_assigned	ref_freqs.hg38.tsv.gz	50000	EUR	0.99057	0.981139	0.0173204	ok	passed	0.966434	false		0	0	0	0.99057	0	0.00943043	0
GCST90026395	GCST90026395	European	EUR	af_assigned	ref_freqs.hg38.tsv.gz	50000	EUR	0.990655	0.981309	0.017319	ok	passed	0.966408	false		0	0	0	0.990655	0	0.00934531	0
GCST90026396	GCST90026396	European	EUR	af_assigned	ref_freqs.hg38.tsv.gz	50000	EUR	0.990891	0.981782	0.0173101	ok	passed	0.966418	false		0	0	0	0.990891	0	0.00910904	0
GCST90026397	GCST90026397	European	EUR	af_assigned	ref_freqs.hg38.tsv.gz	50000	EUR	0.98906	0.978119	0.0173749	ok	passed	0.966489	false		0	0	0	0.98906	0	0.0109404	0
GCST90026398	GCST90026398	European	EUR	af_assigned	ref_freqs.hg38.tsv.gz	50000	EUR	0.989591	0.979183	0.0173431	ok	passed	0.966456	false		0	0	0	0.989591	0	0.0104086	0
GCST90026399	GCST90026399	European	EUR	af_assigned	ref_freqs.hg38.tsv.gz	50000	EUR	0.990678	0.981356	0.0173249	ok	passed	0.966455	false		0	0	0	0.990678	0	0.00932217	0
GCST90026400	GCST90026400	European	EUR	af_assigned	ref_freqs.hg38.tsv.gz	50000	EUR	0.990908	0.981816	0.0173564	ok	passed	0.966431	false		0	0	0	0.990908	0	0.00909185	0
GCST90026401	GCST90026401	European	EUR	af_assigned	ref_freqs.hg38.tsv.gz	50000	EUR	0.989769	0.979538	0.0173234	ok	passed	0.966452	false		0	0	0	0.989769	0	0.0102309	0
GCST90026402	GCST90026402	European	EUR	af_assigned	ref_freqs.hg38.tsv.gz	50000	EUR	0.989115	0.978231	0.0173237	ok	passed	0.96651	false		0	0	0	0.989115	0	0.0108847	0
GCST90026403	GCST90026403	European	EUR	af_assigned	ref_freqs.hg38.tsv.gz	50000	EUR	0.9908	0.9816	0.0173363	ok	passed	0.966423	false		0	0	0	0.9908	0	0.00920013	0
GCST90026404	GCST90026404	European	EUR	af_assigned	ref_freqs.hg38.tsv.gz	50000	EUR	0.990325	0.98065	0.017369	ok	passed	0.966456	false		0	0	0	0.990325	0	0.00967516	0
GCST90026405	GCST90026405	European	EUR	af_assigned	ref_freqs.hg38.tsv.gz	50000	EUR	0.989862	0.979723	0.0173745	ok	passed	0.966505	false		0	0	0	0.989862	0	0.0101384	0
GCST90026406	GCST90026406	European	EUR	af_assigned	ref_freqs.hg38.tsv.gz	50000	EUR	0.990508	0.981016	0.0173419	ok	passed	0.966451	false		0	0	0	0.990508	0	0.00949188	0
GCST90026407	GCST90026407	European	EUR	af_assigned	ref_freqs.hg38.tsv.gz	50000	EUR	0.989115	0.978231	0.0173237	ok	passed	0.96651	false		0	0	0	0.989115	0	0.0108847	0
GCST90026408	GCST90026408	European	EUR	af_assigned	ref_freqs.hg38.tsv.gz	50000	EUR	0.990525	0.98105	0.0173141	ok	passed	0.966444	false		0	0	0	0.990525	0	0.00947496	0
GCST90026412	GCST90026412	European	EUR	af_assigned	ref_freqs.hg38.tsv.gz	50000	EUR	1	1	0.0123053	ok	passed	0.967612	false		0	0	0	1	0	0	0
GCST90026413	GCST90026413	European	EUR	af_assigned	ref_freqs.hg38.tsv.gz	50000	EUR	1	1	0.0119996	ok	passed	0.967941	false		0	0	0	1	0	0	0
GCST90026414	GCST90026414	European	EUR	af_assigned	ref_freqs.hg38.tsv.gz	50000	EUR	1	1	0.01199	ok	passed	0.967729	false		0	0	0	1	0	0	0
GCST90026415	GCST90026415	European	EUR	af_assigned	ref_freqs.hg38.tsv.gz	50000	EUR	1	1	0.0117665	ok	passed	0.968031	false		0	0	0	1	0	0	0
GCST90026416	GCST90026416	European	EUR	af_assigned	ref_freqs.hg38.tsv.gz	50000	EUR	1	1	0.0119291	ok	passed	0.96782	false		0	0	0	1	0	0	0
GCST90026417	GCST90026417	European	EUR	af_assigned	ref_freqs.hg38.tsv.gz	50000	EUR	1	1	0.011329	ok	passed	0.968199	false		0	0	0	1	0	0	0
GCST90026480	GCST90026480	European	EUR	af_assigned	ref_freqs.hg38.tsv.gz	50000	EUR	1	1	0.00461826	ok	passed	0.978428	false		0	0	0	1	0	0	0
GCST90026481	GCST90026481	European	EUR	af_assigned	ref_freqs.hg38.tsv.gz	50000	EUR	1	1	0.00462423	ok	passed	0.978419	false		0	0	0	1	0	0	0
GCST90026482	GCST90026482	European	EUR	af_assigned	ref_freqs.hg38.tsv.gz	50000	EUR	1	1	0.00466255	ok	passed	0.97846	false		0	0	0	1	0	0	0
GCST90026609	GCST90026609	European		unassigned	ref_freqs.hg38.tsv.gz	0		0	0		overlap	unverified										
GCST90026610	GCST90026610	European		unassigned	ref_freqs.hg38.tsv.gz	0		0	0		overlap	unverified										
GCST90026611	GCST90026611	European		unassigned	ref_freqs.hg38.tsv.gz	0		0	0		overlap	unverified										
GCST90026612	GCST90026612	European	EUR	af_assigned	ref_freqs.hg38.tsv.gz	50000	EUR	0.938321	0.907166	0.020539	ok	passed	0.978063	false		0.0311552	0.00862947	0.000758845	0.938321	0	0.00615577	0.0149795
GCST90027158	GCST90027158	European	EUR	af_assigned	ref_freqs.hg38.tsv.gz	50000	EUR	0.976092	0.965208	0.0111127	ok	passed	0.980073	false		0.00574723	0.00381794	0.00104216	0.976092	0	0.0108836	0.00241749
GCST90027161	GCST90027161	European	EUR	af_assigned	ref_freqs.hg38.tsv.gz	50000	EUR	0.973621	0.960692	0.0381377	ok	passed	0.972118	false		0.00499797	0	0.00845168	0.973621	0	0.0129289	0
GCST90027163	GCST90027163	European		unassigned	ref_freqs.hg38.tsv.gz	0		0	0		overlap	unverified										
GCST90027164	GCST90027164	European	EUR	af_assigned	ref_freqs.hg38.tsv.gz	50000	EUR	0.992528	0.988606	0.00481152	ok	passed	0.979177	false		0	0	0	0.992528	0.00392226	0.00354969	0
GCST90027266	GCST90027266	European		unassigned	ref_freqs.hg38.tsv.gz	0		0	0		overlap	unverified										
GCST90027272	GCST90027272	European		unassigned	ref_freqs.hg38.tsv.gz	0		0	0		overlap	unverified										
GCST90027273	GCST90027273	European		unassigned	ref_freqs.hg38.tsv.gz	0		0	0		overlap	unverified										
GCST90028992	GCST90028992	European	EUR	af_assigned	ref_freqs.hg38.tsv.gz	50000	EUR	1	1	0.00445806	ok	passed	0.977296	false		0	0	0	1	0	0	0
GCST90028993	GCST90028993	European	EUR	af_assigned	ref_freqs.hg38.tsv.gz	50000	EUR	1	1	0.00446063	ok	passed	0.977298	false		0	0	0	1	0	0	0
GCST90028994	GCST90028994	European	EUR	af_assigned	ref_freqs.hg38.tsv.gz	50000	EUR	1	1	0.00445741	ok	passed	0.977282	false		0	0	0	1	0	0	0
GCST90028995	GCST90028995	European	EUR	af_assigned	ref_freqs.hg38.tsv.gz	50000	EUR	1	1	0.00446045	ok	passed	0.97729	false		0	0	0	1	0	0	0
GCST90028996	GCST90028996	European	EUR	af_assigned	ref_freqs.hg38.tsv.gz	50000	EUR	1	1	0.00445836	ok	passed	0.977296	false		0	0	0	1	0	0	0
GCST90028997	GCST90028997	European	EUR	af_assigned	ref_freqs.hg38.tsv.gz	50000	EUR	1	1	0.00446065	ok	passed	0.977297	false		0	0	0	1	0	0	0
GCST90028998	GCST90028998	European	EUR	af_assigned	ref_freqs.hg38.tsv.gz	50000	EUR	1	1	0.00445771	ok	passed	0.977297	false		0	0	0	1	0	0	0
GCST90028999	GCST90028999	European	EUR	af_assigned	ref_freqs.hg38.tsv.gz	50000	EUR	1	1	0.00445757	ok	passed	0.977296	false		0	0	0	1	0	0	0
GCST90029000	GCST90029000	European	EUR	af_assigned	ref_freqs.hg38.tsv.gz	50000	EUR	1	1	0.00445836	ok	passed	0.977289	false		0	0	0	1	0	0	0
GCST90029001	GCST90029001	European	EUR	af_assigned	ref_freqs.hg38.tsv.gz	50000	EUR	1	1	0.00445854	ok	passed	0.977299	false		0	0	0	1	0	0	0
GCST90029002	GCST90029002	European	EUR	af_assigned	ref_freqs.hg38.tsv.gz	50000	EUR	1	1	0.00445878	ok	passed	0.977295	false		0	0	0	1	0	0	0
GCST90029003	GCST90029003	European	EUR	af_assigned	ref_freqs.hg38.tsv.gz	50000	EUR	1	1	0.00445858	ok	passed	0.977296	false		0	0	0	1	0	0	0
GCST90029004	GCST90029004	European	EUR	af_assigned	ref_freqs.hg38.tsv.gz	50000	EUR	1	1	0.00445089	ok	passed	0.977292	false		0	0	0	1	0	0	0
GCST90029005	GCST90029005	European	EUR	af_assigned	ref_freqs.hg38.tsv.gz	50000	EUR	1	1	0.00450497	ok	passed	0.977286	false		0	0	0	1	0	0	0
GCST90029006	GCST90029006	European	EUR	af_assigned	ref_freqs.hg38.tsv.gz	50000	EUR	1	1	0.00450497	ok	passed	0.977286	false		0	0	0	1	0	0	0
GCST90029007	GCST90029007	European	EUR	af_assigned	ref_freqs.hg38.tsv.gz	50000	EUR	1	1	0.00445679	ok	passed	0.977293	false		0	0	0	1	0	0	0
GCST90029008	GCST90029008	European	EUR	af_assigned	ref_freqs.hg38.tsv.gz	50000	EUR	1	1	0.00445712	ok	passed	0.977293	false		0	0	0	1	0	0	0
GCST90029009	GCST90029009	European	EUR	af_assigned	ref_freqs.hg38.tsv.gz	50000	EUR	1	1	0.00445685	ok	passed	0.977293	false		0	0	0	1	0	0	0
GCST90029010	GCST90029010	European	EUR	af_assigned	ref_freqs.hg38.tsv.gz	50000	EUR	1	1	0.00446516	ok	passed	0.977298	false		0	0	0	1	0	0	0
GCST90029011	GCST90029011	European	EUR	af_assigned	ref_freqs.hg38.tsv.gz	50000	EUR	1	1	0.00446516	ok	passed	0.977298	false		0	0	0	1	0	0	0
GCST90029012	GCST90029012	European	EUR	af_assigned	ref_freqs.hg38.tsv.gz	50000	EUR	1	1	0.00445912	ok	passed	0.977293	false		0	0	0	1	0	0	0
GCST90029013	GCST90029013	European	EUR	af_assigned	ref_freqs.hg38.tsv.gz	50000	EUR	1	1	0.00445912	ok	passed	0.977293	false		0	0	0	1	0	0	0
GCST90029014	GCST90029014	European	EUR	af_assigned	ref_freqs.hg38.tsv.gz	50000	EUR	1	1	0.00445813	ok	passed	0.977292	false		0	0	0	1	0	0	0
GCST90029015	GCST90029015	European	EUR	af_assigned	ref_freqs.hg38.tsv.gz	50000	EUR	1	1	0.00445714	ok	passed	0.977294	false		0	0	0	1	0	0	0
GCST90029016	GCST90029016	European	EUR	af_assigned	ref_freqs.hg38.tsv.gz	50000	EUR	1	1	0.00445714	ok	passed	0.977294	false		0	0	0	1	0	0	0
GCST90029017	GCST90029017	European	EUR	af_assigned	ref_freqs.hg38.tsv.gz	50000	EUR	1	1	0.00445875	ok	passed	0.977293	false		0	0	0	1	0	0	0
GCST90029018	GCST90029018	European	EUR	af_assigned	ref_freqs.hg38.tsv.gz	50000	EUR	1	1	0.00445875	ok	passed	0.977293	false		0	0	0	1	0	0	0
GCST90029019	GCST90029019	European	EUR	af_assigned	ref_freqs.hg38.tsv.gz	50000	EUR	1	1	0.00445714	ok	passed	0.977294	false		0	0	0	1	0	0	0
GCST90029020	GCST90029020	European	EUR	af_assigned	ref_freqs.hg38.tsv.gz	50000	EUR	1	1	0.00445671	ok	passed	0.977284	false		0	0	0	1	0	0	0
GCST90029021	GCST90029021	European	EUR	af_assigned	ref_freqs.hg38.tsv.gz	50000	EUR	1	1	0.00445671	ok	passed	0.977284	false		0	0	0	1	0	0	0
GCST90029022	GCST90029022	European	EUR	af_assigned	ref_freqs.hg38.tsv.gz	50000	EUR	1	1	0.00445714	ok	passed	0.977294	false		0	0	0	1	0	0	0
GCST90029023	GCST90029023	European	EUR	af_assigned	ref_freqs.hg38.tsv.gz	50000	EUR	1	1	0.00445714	ok	passed	0.977294	false		0	0	0	1	0	0	0
GCST90029024	GCST90029024	European	EUR	af_assigned	ref_freqs.hg38.tsv.gz	50000	EUR	1	1	0.00445714	ok	passed	0.977294	false		0	0	0	1	0	0	0
GCST90029025	GCST90029025	European	EUR	af_assigned	ref_freqs.hg38.tsv.gz	50000	EUR	1	1	0.00445812	ok	passed	0.977294	false		0	0	0	1	0	0	0
GCST90029026	GCST90029026	European	EUR	af_assigned	ref_freqs.hg38.tsv.gz	50000	EUR	1	1	0.00447095	ok	passed	0.977302	false		0	0	0	1	0	0	0
GCST90029027	GCST90029027	European	EUR	af_assigned	ref_freqs.hg38.tsv.gz	50000	EUR	1	1	0.00447095	ok	passed	0.977302	false		0	0	0	1	0	0	0
GCST90029028	GCST90029028	European	EUR	af_assigned	ref_freqs.hg38.tsv.gz	50000	EUR	1	1	0.00447165	ok	passed	0.977278	false		0	0	0	1	0	0	0
GCST90029029	GCST90029029	European	EUR	af_assigned	ref_freqs.hg38.tsv.gz	50000	EUR	1	1	0.00446052	ok	passed	0.977322	false		0	0	0	1	0	0	0
GCST90029030	GCST90029030	European	EUR	af_assigned	ref_freqs.hg38.tsv.gz	50000	EUR	1	1	0.00445834	ok	passed	0.977297	false		0	0	0	1	0	0	0
GCST90029031	GCST90029031	European	EUR	af_assigned	ref_freqs.hg38.tsv.gz	50000	EUR	1	1	0.00445714	ok	passed	0.977294	false		0	0	0	1	0	0	0
GCST90029032	GCST90029032	European	EUR	af_assigned	ref_freqs.hg38.tsv.gz	50000	EUR	1	1	0.00445714	ok	passed	0.977294	false		0	0	0	1	0	0	0
GCST90029033	GCST90029033	European	EUR	af_assigned	ref_freqs.hg38.tsv.gz	50000	EUR	1	1	0.0044544	ok	passed	0.977292	false		0	0	0	1	0	0	0
GCST90029034	GCST90029034	European	EUR	af_assigned	ref_freqs.hg38.tsv.gz	50000	EUR	1	1	0.00444437	ok	passed	0.977365	false		0	0	0	1	0	0	0
GCST90029035	GCST90029035	European	EUR	af_assigned	ref_freqs.hg38.tsv.gz	50000	EUR	1	1	0.0044575	ok	passed	0.977292	false		0	0	0	1	0	0	0
GCST90029036	GCST90029036	European	EUR	af_assigned	ref_freqs.hg38.tsv.gz	50000	EUR	1	1	0.00445965	ok	passed	0.977308	false		0	0	0	1	0	0	0
GCST90029037	GCST90029037	European	EUR	af_assigned	ref_freqs.hg38.tsv.gz	50000	EUR	1	1	0.00452094	ok	passed	0.97725	false		0	0	0	1	0	0	0
GCST90029038	GCST90029038	European	EUR	af_assigned	ref_freqs.hg38.tsv.gz	50000	EUR	1	1	0.0044577	ok	passed	0.977292	false		0	0	0	1	0	0	0
GCST90029070	GCST90029070	European		unassigned	ref_freqs.hg38.tsv.gz	0		0	0		overlap	unverified										
GCST90029073	GCST90029073	European	EUR	af_assigned	ref_freqs.hg38.tsv.gz	50000	EUR	1	1	0.00487611	ok	passed	0.978025	false		0	0	0	1	0	0	0
GCST90032674	GCST90032674	European	EUR	af_assigned	ref_freqs.hg38.tsv.gz	50000	EUR	0.978944	0.966155	0.0181926	ok	passed	0.973489	false		0.000443082	0.00681835	0.0127884	0.978944	0	0	0.00100643
GCST90044700	GCST90044700	European		unassigned	ref_freqs.hg38.tsv.gz	0		0	0		overlap	unverified										
GCST90044763	GCST90044763	European		unassigned	ref_freqs.hg38.tsv.gz	0		0	0		overlap	unverified										
GCST90044773	GCST90044773	European		unassigned	ref_freqs.hg38.tsv.gz	0		0	0		overlap	unverified										
GCST90044774	GCST90044774	European		unassigned	ref_freqs.hg38.tsv.gz	0		0	0		overlap	unverified										
GCST90044775	GCST90044775	European		unassigned	ref_freqs.hg38.tsv.gz	0		0	0		overlap	unverified										
GCST90044776	GCST90044776	European		unassigned	ref_freqs.hg38.tsv.gz	0		0	0		overlap	unverified										
GCST90044902	GCST90044902	European		unassigned	ref_freqs.hg38.tsv.gz	0		0	0		overlap	unverified										
GCST90044903	GCST90044903	European		unassigned	ref_freqs.hg38.tsv.gz	0		0	0		overlap	unverified										
GCST90054778	GCST90054778	European		unassigned	ref_freqs.hg38.tsv.gz	50000	EUR	0.969844	0.960041	0.00691863	ok	passed	0.973517			0.00980264	0.00841764	0.00630725	0.969844	0	0.00336004	0.00226845
GCST90054782	GCST90054782	European		unassigned	ref_freqs.hg38.tsv.gz	50000	EUR	0.391275	0.151488	0.24268	residual	passed	0.661147			0.154181	0	0.019539	0.391275	0	0.195218	0.239787
GCST90061408	GCST90061408	European	EUR	af_assigned	ref_freqs.hg38.tsv.gz	50000	EUR	1	1	0.00546556	ok	passed	0.977571	false		0	0	0	1	0	0	0
GCST90061409	GCST90061409	European	EUR	af_assigned	ref_freqs.hg38.tsv.gz	50000	EUR	1	1	0.00546556	ok	passed	0.977571	false		0	0	0	1	0	0	0
GCST90061410	GCST90061410	European	EUR	af_assigned	ref_freqs.hg38.tsv.gz	50000	EUR	1	1	0.00546556	ok	passed	0.977571	false		0	0	0	1	0	0	0
GCST90061411	GCST90061411	European	EUR	af_assigned	ref_freqs.hg38.tsv.gz	50000	EUR	1	1	0.00546556	ok	passed	0.977571	false		0	0	0	1	0	0	0
GCST90061412	GCST90061412	European	EUR	af_assigned	ref_freqs.hg38.tsv.gz	50000	EUR	1	1	0.00546556	ok	passed	0.977571	false		0	0	0	1	0	0	0
GCST90061413	GCST90061413	European	EUR	af_assigned	ref_freqs.hg38.tsv.gz	50000	EUR	1	1	0.00546556	ok	passed	0.977571	false		0	0	0	1	0	0	0
GCST90061414	GCST90061414	European	EUR	af_assigned	ref_freqs.hg38.tsv.gz	50000	EUR	1	1	0.00546556	ok	passed	0.977571	false		0	0	0	1	0	0	0
GCST90061415	GCST90061415	European	EUR	af_assigned	ref_freqs.hg38.tsv.gz	50000	EUR	1	1	0.00546556	ok	passed	0.977571	false		0	0	0	1	0	0	0
GCST90061416	GCST90061416	European	EUR	af_assigned	ref_freqs.hg38.tsv.gz	50000	EUR	1	1	0.00546556	ok	passed	0.977571	false		0	0	0	1	0	0	0
GCST90061417	GCST90061417	European	EUR	af_assigned	ref_freqs.hg38.tsv.gz	50000	EUR	1	1	0.00546556	ok	passed	0.977571	false		0	0	0	1	0	0	0
GCST90061418	GCST90061418	European	EUR	af_assigned	ref_freqs.hg38.tsv.gz	50000	EUR	1	1	0.00546556	ok	passed	0.977571	false		0	0	0	1	0	0	0
GCST90061419	GCST90061419	European	EUR	af_assigned	ref_freqs.hg38.tsv.gz	50000	EUR	1	1	0.00546556	ok	passed	0.977571	false		0	0	0	1	0	0	0
GCST90061420	GCST90061420	European	EUR	af_assigned	ref_freqs.hg38.tsv.gz	50000	EUR	1	1	0.00538588	ok	passed	0.977166	false		0	0	0	1	0	0	0
GCST90061421	GCST90061421	European	EUR	af_assigned	ref_freqs.hg38.tsv.gz	50000	EUR	1	1	0.00546556	ok	passed	0.977571	false		0	0	0	1	0	0	0
GCST90061422	GCST90061422	European	EUR	af_assigned	ref_freqs.hg38.tsv.gz	50000	EUR	1	1	0.00546556	ok	passed	0.977571	false		0	0	0	1	0	0	0
GCST90061423	GCST90061423	European	EUR	af_assigned	ref_freqs.hg38.tsv.gz	50000	EUR	1	1	0.00546556	ok	passed	0.977571	false		0	0	0	1	0	0	0
GCST90061424	GCST90061424	European	EUR	af_assigned	ref_freqs.hg38.tsv.gz	50000	EUR	1	1	0.00546556	ok	passed	0.977571	false		0	0	0	1	0	0	0
GCST90061425	GCST90061425	European	EUR	af_assigned	ref_freqs.hg38.tsv.gz	50000	EUR	1	1	0.00546556	ok	passed	0.977571	false		0	0	0	1	0	0	0
GCST90061426	GCST90061426	European	EUR	af_assigned	ref_freqs.hg38.tsv.gz	50000	EUR	1	1	0.00546556	ok	passed	0.977571	false		0	0	0	1	0	0	0
GCST90061427	GCST90061427	European	EUR	af_assigned	ref_freqs.hg38.tsv.gz	50000	EUR	1	1	0.00546556	ok	passed	0.977571	false		0	0	0	1	0	0	0
GCST90061428	GCST90061428	European	EUR	af_assigned	ref_freqs.hg38.tsv.gz	50000	EUR	1	1	0.00546556	ok	passed	0.977571	false		0	0	0	1	0	0	0
GCST90061429	GCST90061429	European	EUR	af_assigned	ref_freqs.hg38.tsv.gz	50000	EUR	1	1	0.00546556	ok	passed	0.977571	false		0	0	0	1	0	0	0
GCST90061430	GCST90061430	European	EUR	af_assigned	ref_freqs.hg38.tsv.gz	50000	EUR	1	1	0.00546556	ok	passed	0.977571	false		0	0	0	1	0	0	0
GCST90061431	GCST90061431	European	EUR	af_assigned	ref_freqs.hg38.tsv.gz	50000	EUR	1	1	0.00546556	ok	passed	0.977571	false		0	0	0	1	0	0	0
GCST90061432	GCST90061432	European	EUR	af_assigned	ref_freqs.hg38.tsv.gz	50000	EUR	1	1	0.00546556	ok	passed	0.977571	false		0	0	0	1	0	0	0
GCST90061433	GCST90061433	European	EUR	af_assigned	ref_freqs.hg38.tsv.gz	50000	EUR	1	1	0.00546556	ok	passed	0.977571	false		0	0	0	1	0	0	0
GCST90061434	GCST90061434	European	EUR	af_assigned	ref_freqs.hg38.tsv.gz	50000	EUR	1	1	0.00546556	ok	passed	0.977571	false		0	0	0	1	0	0	0
GCST90061440	GCST90061440	European		unassigned	ref_freqs.hg38.tsv.gz	0		0	0		overlap	unverified										
GCST90085698	GCST90085698	European		unassigned	ref_freqs.hg38.tsv.gz	0		0	0		overlap	unverified										
GCST90085819	GCST90085819	European	EUR	af_assigned	ref_freqs.hg38.tsv.gz	50000	EUR	1	1	0.00628343	ok	passed	0.977922	false		0	0	0	1	0	0	0
GCST90085820	GCST90085820	European	EUR	af_assigned	ref_freqs.hg38.tsv.gz	50000	EUR	1	1	0.00474885	ok	passed	0.978014	false		0	0	0	1	0	0	0
GCST90085821	GCST90085821	European	EUR	af_assigned	ref_freqs.hg38.tsv.gz	50000	EUR	1	1	0.00628343	ok	passed	0.977922	false		0	0	0	1	0	0	0
GCST90085822	GCST90085822	European		unassigned	ref_freqs.hg38.tsv.gz	50000	EUR	0.828264	0.750569	0.201869	residual	passed	0.767379			0.0776951	0	0.00593333	0.828264	0.0491635	0	0.0389437
GCST90085823	GCST90085823	European	EUR	af_assigned	ref_freqs.hg38.tsv.gz	50000	EUR	1	1	0.00474885	ok	passed	0.978014	false		0	0	0	1	0	0	0
GCST90085824	GCST90085824	European	EUR	af_assigned	ref_freqs.hg38.tsv.gz	50000	EUR	1	1	0.00474885	ok	passed	0.978014	false		0	0	0	1	0	0	0
GCST90085825	GCST90085825	European	EUR	af_assigned	ref_freqs.hg38.tsv.gz	50000	EUR	1	1	0.00628343	ok	passed	0.977922	false		0	0	0	1	0	0	0
GCST90085826	GCST90085826	European	EUR	af_assigned	ref_freqs.hg38.tsv.gz	50000	EUR	1	1	0.00474885	ok	passed	0.978014	false		0	0	0	1	0	0	0
GCST90085827	GCST90085827	European	EUR	af_assigned	ref_freqs.hg38.tsv.gz	50000	EUR	1	1	0.00474885	ok	passed	0.978014	false		0	0	0	1	0	0	0
GCST90085828	GCST90085828	European	EUR	af_assigned	ref_freqs.hg38.tsv.gz	50000	EUR	1	1	0.00628343	ok	passed	0.977922	false		0	0	0	1	0	0	0
GCST90085829	GCST90085829	European	EUR	af_assigned	ref_freqs.hg38.tsv.gz	50000	EUR	1	1	0.00628343	ok	passed	0.977922	false		0	0	0	1	0	0	0
GCST90085830	GCST90085830	European	EUR	af_assigned	ref_freqs.hg38.tsv.gz	50000	EUR	1	1	0.00474885	ok	passed	0.978014	false		0	0	0	1	0	0	0
GCST90085831	GCST90085831	European	EUR	af_assigned	ref_freqs.hg38.tsv.gz	50000	EUR	1	1	0.00474885	ok	passed	0.978014	false		0	0	0	1	0	0	0
GCST90085832	GCST90085832	European	EUR	af_assigned	ref_freqs.hg38.tsv.gz	50000	EUR	1	1	0.00474885	ok	passed	0.978014	false		0	0	0	1	0	0	0
GCST90085833	GCST90085833	European	EUR	af_assigned	ref_freqs.hg38.tsv.gz	50000	EUR	1	1	0.00628343	ok	passed	0.977922	false		0	0	0	1	0	0	0
GCST90085834	GCST90085834	European		unassigned	ref_freqs.hg38.tsv.gz	50000	EUR	0.828264	0.750569	0.201869	residual	passed	0.767379			0.0776951	0	0.00593333	0.828264	0.0491635	0	0.0389437
GCST90085835	GCST90085835	European	EUR	af_assigned	ref_freqs.hg38.tsv.gz	50000	EUR	1	1	0.00628343	ok	passed	0.977922	false		0	0	0	1	0	0	0
GCST90085836	GCST90085836	European		unassigned	ref_freqs.hg38.tsv.gz	50000	EUR	0.828264	0.750569	0.201869	residual	passed	0.767379			0.0776951	0	0.00593333	0.828264	0.0491635	0	0.0389437
GCST90085837	GCST90085837	European	EUR	af_assigned	ref_freqs.hg38.tsv.gz	50000	EUR	1	1	0.00474885	ok	passed	0.978014	false		0	0	0	1	0	0	0
GCST90085838	GCST90085838	European	EUR	af_assigned	ref_freqs.hg38.tsv.gz	50000	EUR	1	1	0.00628343	ok	passed	0.977922	false		0	0	0	1	0	0	0
GCST90085839	GCST90085839	European	EUR	af_assigned	ref_freqs.hg38.tsv.gz	50000	EUR	1	1	0.00628343	ok	passed	0.977922	false		0	0	0	1	0	0	0
GCST90085840	GCST90085840	European	EUR	af_assigned	ref_freqs.hg38.tsv.gz	50000	EUR	1	1	0.00628343	ok	passed	0.977922	false		0	0	0	1	0	0	0
GCST90085841	GCST90085841	European	EUR	af_assigned	ref_freqs.hg38.tsv.gz	50000	EUR	1	1	0.00474885	ok	passed	0.978014	false		0	0	0	1	0	0	0
GCST90085842	GCST90085842	European	EUR	af_assigned	ref_freqs.hg38.tsv.gz	50000	EUR	1	1	0.00628343	ok	passed	0.977922	false		0	0	0	1	0	0	0
GCST90085843	GCST90085843	European	EUR	af_assigned	ref_freqs.hg38.tsv.gz	50000	EUR	1	1	0.00474885	ok	passed	0.978014	false		0	0	0	1	0	0	0
GCST90085844	GCST90085844	European	EUR	af_assigned	ref_freqs.hg38.tsv.gz	50000	EUR	1	1	0.00628343	ok	passed	0.977922	false		0	0	0	1	0	0	0
GCST90085845	GCST90085845	European	EUR	af_assigned	ref_freqs.hg38.tsv.gz	50000	EUR	1	1	0.00474885	ok	passed	0.978014	false		0	0	0	1	0	0	0
GCST90085846	GCST90085846	European	EUR	af_assigned	ref_freqs.hg38.tsv.gz	50000	EUR	1	1	0.00628343	ok	passed	0.977922	false		0	0	0	1	0	0	0
GCST90085847	GCST90085847	European	EUR	af_assigned	ref_freqs.hg38.tsv.gz	50000	EUR	1	1	0.00474885	ok	passed	0.978014	false		0	0	0	1	0	0	0
GCST90085848	GCST90085848	European	EUR	af_assigned	ref_freqs.hg38.tsv.gz	50000	EUR	1	1	0.00628343	ok	passed	0.977922	false		0	0	0	1	0	0	0
GCST90085849	GCST90085849	European	EUR	af_assigned	ref_freqs.hg38.tsv.gz	50000	EUR	1	1	0.00474885	ok	passed	0.978014	false		0	0	0	1	0	0	0
GCST90085850	GCST90085850	European	EUR	af_assigned	ref_freqs.hg38.tsv.gz	50000	EUR	1	1	0.00474885	ok	passed	0.978014	false		0	0	0	1	0	0	0
GCST90085851	GCST90085851	European	EUR	af_assigned	ref_freqs.hg38.tsv.gz	50000	EUR	1	1	0.00628343	ok	passed	0.977922	false		0	0	0	1	0	0	0
GCST90085852	GCST90085852	European	EUR	af_assigned	ref_freqs.hg38.tsv.gz	50000	EUR	1	1	0.00474885	ok	passed	0.978014	false		0	0	0	1	0	0	0
GCST90085853	GCST90085853	European	EUR	af_assigned	ref_freqs.hg38.tsv.gz	50000	EUR	1	1	0.00474885	ok	passed	0.978014	false		0	0	0	1	0	0	0
GCST90085854	GCST90085854	European	EUR	af_assigned	ref_freqs.hg38.tsv.gz	50000	EUR	1	1	0.00628343	ok	passed	0.977922	false		0	0	0	1	0	0	0
GCST90085855	GCST90085855	European	EUR	af_assigned	ref_freqs.hg38.tsv.gz	50000	EUR	1	1	0.00628343	ok	passed	0.977922	false		0	0	0	1	0	0	0
GCST90085856	GCST90085856	European	EUR	af_assigned	ref_freqs.hg38.tsv.gz	50000	EUR	1	1	0.00628343	ok	passed	0.977922	false		0	0	0	1	0	0	0
GCST90085857	GCST90085857	European	EUR	af_assigned	ref_freqs.hg38.tsv.gz	50000	EUR	1	1	0.00628343	ok	passed	0.977922	false		0	0	0	1	0	0	0
GCST90085858	GCST90085858	European	EUR	af_assigned	ref_freqs.hg38.tsv.gz	50000	EUR	1	1	0.00628343	ok	passed	0.977922	false		0	0	0	1	0	0	0
GCST90085859	GCST90085859	European		unassigned	ref_freqs.hg38.tsv.gz	50000	EUR	0.828264	0.750569	0.201869	residual	passed	0.767379			0.0776951	0	0.00593333	0.828264	0.0491635	0	0.0389437
GCST90085860	GCST90085860	European	EUR	af_assigned	ref_freqs.hg38.tsv.gz	50000	EUR	1	1	0.00628343	ok	passed	0.977922	false		0	0	0	1	0	0	0
GCST90085861	GCST90085861	European		unassigned	ref_freqs.hg38.tsv.gz	50000	EUR	0.828264	0.750569	0.201869	residual	passed	0.767379			0.0776951	0	0.00593333	0.828264	0.0491635	0	0.0389437
GCST90085862	GCST90085862	European		unassigned	ref_freqs.hg38.tsv.gz	50000	EUR	0.828264	0.750569	0.201869	residual	passed	0.767379			0.0776951	0	0.00593333	0.828264	0.0491635	0	0.0389437
GCST90085863	GCST90085863	European		unassigned	ref_freqs.hg38.tsv.gz	50000	EUR	0.828264	0.750569	0.201869	residual	passed	0.767379			0.0776951	0	0.00593333	0.828264	0.0491635	0	0.0389437
GCST90085864	GCST90085864	European	EUR	af_assigned	ref_freqs.hg38.tsv.gz	50000	EUR	1	1	0.00474885	ok	passed	0.978014	false		0	0	0	1	0	0	0
GCST90085865	GCST90085865	European	EUR	af_assigned	ref_freqs.hg38.tsv.gz	50000	EUR	1	1	0.00474885	ok	passed	0.978014	false		0	0	0	1	0	0	0
GCST90085866	GCST90085866	European	EUR	af_assigned	ref_freqs.hg38.tsv.gz	50000	EUR	1	1	0.00474885	ok	passed	0.978014	false		0	0	0	1	0	0	0
GCST90085867	GCST90085867	European	EUR	af_assigned	ref_freqs.hg38.tsv.gz	50000	EUR	1	1	0.00628343	ok	passed	0.977922	false		0	0	0	1	0	0	0
GCST90085868	GCST90085868	European	EUR	af_assigned	ref_freqs.hg38.tsv.gz	50000	EUR	1	1	0.00628343	ok	passed	0.977922	false		0	0	0	1	0	0	0
GCST90085869	GCST90085869	European	EUR	af_assigned	ref_freqs.hg38.tsv.gz	50000	EUR	1	1	0.00628343	ok	passed	0.977922	false		0	0	0	1	0	0	0
GCST90085870	GCST90085870	European	EUR	af_assigned	ref_freqs.hg38.tsv.gz	50000	EUR	1	1	0.00628343	ok	passed	0.977922	false		0	0	0	1	0	0	0
GCST90085871	GCST90085871	European	EUR	af_assigned	ref_freqs.hg38.tsv.gz	50000	EUR	1	1	0.00628343	ok	passed	0.977922	false		0	0	0	1	0	0	0
GCST90085872	GCST90085872	European	EUR	af_assigned	ref_freqs.hg38.tsv.gz	50000	EUR	1	1	0.00628343	ok	passed	0.977922	false		0	0	0	1	0	0	0
GCST90085873	GCST90085873	European	EUR	af_assigned	ref_freqs.hg38.tsv.gz	50000	EUR	1	1	0.00474885	ok	passed	0.978014	false		0	0	0	1	0	0	0
GCST90085874	GCST90085874	European		unassigned	ref_freqs.hg38.tsv.gz	50000	EUR	0.828264	0.750569	0.201869	residual	passed	0.767379			0.0776951	0	0.00593333	0.828264	0.0491635	0	0.0389437
GCST90085875	GCST90085875	European	EUR	af_assigned	ref_freqs.hg38.tsv.gz	50000	EUR	1	1	0.00628343	ok	passed	0.977922	false		0	0	0	1	0	0	0
GCST90085876	GCST90085876	European	EUR	af_assigned	ref_freqs.hg38.tsv.gz	50000	EUR	1	1	0.00474885	ok	passed	0.978014	false		0	0	0	1	0	0	0
GCST90085877	GCST90085877	European	EUR	af_assigned	ref_freqs.hg38.tsv.gz	50000	EUR	1	1	0.00628343	ok	passed	0.977922	false		0	0	0	1	0	0	0
GCST90085878	GCST90085878	European		unassigned	ref_freqs.hg38.tsv.gz	50000	EUR	0.828264	0.750569	0.201869	residual	passed	0.767379			0.0776951	0	0.00593333	0.828264	0.0491635	0	0.0389437
GCST90085879	GCST90085879	European	EUR	af_assigned	ref_freqs.hg38.tsv.gz	50000	EUR	1	1	0.00474885	ok	passed	0.978014	false		0	0	0	1	0	0	0
GCST90085880	GCST90085880	European	EUR	af_assigned	ref_freqs.hg38.tsv.gz	50000	EUR	1	1	0.00474885	ok	passed	0.978014	false		0	0	0	1	0	0	0
GCST90085881	GCST90085881	European	EUR	af_assigned	ref_freqs.hg38.tsv.gz	50000	EUR	1	1	0.00628343	ok	passed	0.977922	false		0	0	0	1	0	0	0
GCST90085882	GCST90085882	European	EUR	af_assigned	ref_freqs.hg38.tsv.gz	50000	EUR	1	1	0.00474885	ok	passed	0.978014	false		0	0	0	1	0	0	0
GCST90085883	GCST90085883	European	EUR	af_assigned	ref_freqs.hg38.tsv.gz	50000	EUR	1	1	0.00628343	ok	passed	0.977922	false		0	0	0	1	0	0	0
GCST90085884	GCST90085884	European	EUR	af_assigned	ref_freqs.hg38.tsv.gz	50000	EUR	1	1	0.00474885	ok	passed	0.978014	false		0	0	0	1	0	0	0
GCST90085885	GCST90085885	European	EUR	af_assigned	ref_freqs.hg38.tsv.gz	50000	EUR	1	1	0.00628343	ok	passed	0.977922	false		0	0	0	1	0	0	0
GCST90085886	GCST90085886	European	EUR	af_assigned	ref_freqs.hg38.tsv.gz	50000	EUR	1	1	0.00628343	ok	passed	0.977922	false		0	0	0	1	0	0	0
GCST90085887	GCST90085887	European	EUR	af_assigned	ref_freqs.hg38.tsv.gz	50000	EUR	1	1	0.00628343	ok	passed	0.977922	false		0	0	0	1	0	0	0
GCST90085888	GCST90085888	European	EUR	af_assigned	ref_freqs.hg38.tsv.gz	50000	EUR	1	1	0.00628343	ok	passed	0.977922	false		0	0	0	1	0	0	0
GCST90085889	GCST90085889	European		unassigned	ref_freqs.hg38.tsv.gz	50000	EUR	0.828264	0.750569	0.201869	residual	passed	0.767379			0.0776951	0	0.00593333	0.828264	0.0491635	0	0.0389437
GCST90085890	GCST90085890	European	EUR	af_assigned	ref_freqs.hg38.tsv.gz	50000	EUR	1	1	0.00474885	ok	passed	0.978014	false		0	0	0	1	0	0	0
GCST90085891	GCST90085891	European	EUR	af_assigned	ref_freqs.hg38.tsv.gz	50000	EUR	1	1	0.00628343	ok	passed	0.977922	false		0	0	0	1	0	0	0
GCST90085892	GCST90085892	European	EUR	af_assigned	ref_freqs.hg38.tsv.gz	50000	EUR	1	1	0.00628343	ok	passed	0.977922	false		0	0	0	1	0	0	0
GCST90085893	GCST90085893	European		unassigned	ref_freqs.hg38.tsv.gz	50000	EUR	0.828264	0.750569	0.201869	residual	passed	0.767379			0.0776951	0	0.00593333	0.828264	0.0491635	0	0.0389437
GCST90085894	GCST90085894	European	EUR	af_assigned	ref_freqs.hg38.tsv.gz	50000	EUR	1	1	0.00628343	ok	passed	0.977922	false		0	0	0	1	0	0	0
GCST90085895	GCST90085895	European	EUR	af_assigned	ref_freqs.hg38.tsv.gz	50000	EUR	1	1	0.00628343	ok	passed	0.977922	false		0	0	0	1	0	0	0
GCST90085896	GCST90085896	European	EUR	af_assigned	ref_freqs.hg38.tsv.gz	50000	EUR	1	1	0.00628343	ok	passed	0.977922	false		0	0	0	1	0	0	0
GCST90085897	GCST90085897	European	EUR	af_assigned	ref_freqs.hg38.tsv.gz	50000	EUR	1	1	0.00628343	ok	passed	0.977922	false		0	0	0	1	0	0	0
GCST90085898	GCST90085898	European	EUR	af_assigned	ref_freqs.hg38.tsv.gz	50000	EUR	1	1	0.00628343	ok	passed	0.977922	false		0	0	0	1	0	0	0
GCST90085899	GCST90085899	European	EUR	af_assigned	ref_freqs.hg38.tsv.gz	50000	EUR	1	1	0.00628343	ok	passed	0.977922	false		0	0	0	1	0	0	0
GCST90085900	GCST90085900	European	EUR	af_assigned	ref_freqs.hg38.tsv.gz	50000	EUR	1	1	0.00628343	ok	passed	0.977922	false		0	0	0	1	0	0	0
GCST90085901	GCST90085901	European	EUR	af_assigned	ref_freqs.hg38.tsv.gz	50000	EUR	1	1	0.00628343	ok	passed	0.977922	false		0	0	0	1	0	0	0
GCST90086158	GCST90086158	European	EUR	af_assigned	ref_freqs.hg38.tsv.gz	50000	EUR	0.993577	0.987553	0.00620807	ok	passed	0.98131	false		0	0.000121199	0.000279177	0.993577	0.00602308	0	0
GCST90091033	GCST90091033	European	EUR	af_assigned	ref_freqs.hg38.tsv.gz	50000	EUR	0.991924	0.984239	0.0125628	ok	passed	0.97829	false		0	0	0	0.991924	0.000391117	0.00768517	0
GCST90091049	GCST90091049	European	EUR	af_assigned	ref_freqs.hg38.tsv.gz	50000	EUR	0.95994	0.946176	0.0121367	ok	passed	0.980426	false		0.0137637	0.00103491	0.0125467	0.95994	0	0	0.0127148
GCST90091050	GCST90091050	European	EUR	af_assigned	ref_freqs.hg38.tsv.gz	50000	EUR	1	1	0.0047793	ok	passed	0.977866	false		0	0	0	1	0	0	0
GCST90091060	GCST90091060	European		unassigned	ref_freqs.hg38.tsv.gz	0		0	0		overlap	unverified										
GCST90091061	GCST90091061	European		unassigned	ref_freqs.hg38.tsv.gz	0		0	0		overlap	unverified										
GCST90091246	GCST90091246	European	EUR	af_assigned	ref_freqs.hg38.tsv.gz	50000	EUR	1	1	0.00740467	ok	passed	0.975596	false		0	0	0	1	0	0	0
GCST90091247	GCST90091247	European	EUR	af_assigned	ref_freqs.hg38.tsv.gz	50000	EUR	1	1	0.00737385	ok	passed	0.975634	false		0	0	0	1	0	0	0
GCST90091914	GCST90091914	European	EUR	af_assigned	ref_freqs.hg38.tsv.gz	50000	EUR	0.954859	0.932648	0.0142245	ok	passed	0.982092	false		0.00915287	0.00408921	0	0.954859	0.0222116	0.00253966	0.00714734
GCST90091915	GCST90091915	European	EUR	af_assigned	ref_freqs.hg38.tsv.gz	50000	EUR	0.606641	0.252934	0.0456331	ok	passed	0.973786	false		0.353706	0.0141436	0.000780925	0.606641	0	0	0.0247285
GCST90092003	GCST90092003	European		unassigned	ref_freqs.hg38.tsv.gz	0		0	0		overlap	unverified										
GCST90093061	GCST90093061	European	EUR	af_assigned	ref_freqs.hg38.tsv.gz	50000	EUR	0.991438	0.982876	0.0105284	ok	passed	0.979972	false		0	0	0	0.991438	0.00856189	0	0
GCST90093074	GCST90093074	European		unassigned	ref_freqs.hg38.tsv.gz	0		0	0		overlap	unverified										
GCST90093075	GCST90093075	European		unassigned	ref_freqs.hg38.tsv.gz	0		0	0		overlap	unverified										
GCST90093076	GCST90093076	European		unassigned	ref_freqs.hg38.tsv.gz	0		0	0		overlap	unverified										
GCST90093077	GCST90093077	European		unassigned	ref_freqs.hg38.tsv.gz	0		0	0		overlap	unverified										
GCST90093078	GCST90093078	European		unassigned	ref_freqs.hg38.tsv.gz	0		0	0		overlap	unverified										
GCST90093079	GCST90093079	European		unassigned	ref_freqs.hg38.tsv.gz	0		0	0		overlap	unverified										
GCST90093080	GCST90093080	European		unassigned	ref_freqs.hg38.tsv.gz	0		0	0		overlap	unverified										
GCST90093081	GCST90093081	European		unassigned	ref_freqs.hg38.tsv.gz	0		0	0		overlap	unverified										
GCST90093316	GCST90093316	European	EUR	af_assigned	ref_freqs.hg38.tsv.gz	50000	EUR	0.997279	0.994558	0.00478683	ok	passed	0.981332	false		0	0	0	0.997279	0	0.00272096	0
GCST90093317	GCST90093317	European	EUR	af_assigned	ref_freqs.hg38.tsv.gz	50000	EUR	0.994874	0.989749	0.00488217	ok	passed	0.98138	false		0	0	0	0.994874	0	0.00512574	0
GCST90093318	GCST90093318	European	EUR	af_assigned	ref_freqs.hg38.tsv.gz	50000	EUR	0.999555	0.99911	0.00491184	ok	passed	0.981274	false		0	0	0	0.999555	0	0.000444882	0
GCST90093319	GCST90093319	European	EUR	af_assigned	ref_freqs.hg38.tsv.gz	50000	EUR	0.997279	0.994558	0.00478683	ok	passed	0.981332	false		0	0	0	0.997279	0	0.00272096	0
GCST90093320	GCST90093320	European	EUR	af_assigned	ref_freqs.hg38.tsv.gz	50000	EUR	0.994874	0.989749	0.00488217	ok	passed	0.98138	false		0	0	0	0.994874	0	0.00512574	0
GCST90093321	GCST90093321	European	EUR	af_assigned	ref_freqs.hg38.tsv.gz	50000	EUR	0.999437	0.998874	0.0049112	ok	passed	0.981501	false		0	0	0	0.999437	0	0.000563244	0
GCST90093322	GCST90093322	European	EUR	af_assigned	ref_freqs.hg38.tsv.gz	50000	EUR	0.999432	0.998863	0.00466277	ok	passed	0.98124	false		0	0	0	0.999432	0	0.000568319	0
GCST90093323	GCST90093323	European	EUR	af_assigned	ref_freqs.hg38.tsv.gz	50000	EUR	0.997692	0.995384	0.00479101	ok	passed	0.981246	false		0	0	0	0.997692	0	0.00230776	0
GCST90093324	GCST90093324	European	EUR	af_assigned	ref_freqs.hg38.tsv.gz	50000	EUR	1	1	0.0047497	ok	passed	0.981225	false		0	0	0	1	0	0	0
GCST90093325	GCST90093325	European		unassigned	ref_freqs.hg38.tsv.gz	0		0	0		overlap	unverified										
GCST90093327	GCST90093327	European	EUR	af_assigned	ref_freqs.hg38.tsv.gz	50000	EUR	1	1	0.0125537	ok	passed	0.975404	false		0	0	0	1	0	0	0
GCST90093328	GCST90093328	European	EUR	af_assigned	ref_freqs.hg38.tsv.gz	50000	EUR	0.996056	0.992112	0.0147353	ok	passed	0.974047	false		0	0	0.00394387	0.996056	0	0	0
GCST90093329	GCST90093329	European	EUR	af_assigned	ref_freqs.hg38.tsv.gz	50000	EUR	1	1	0.0118517	ok	passed	0.974114	false		0	0	0	1	0	0	0
GCST90093330	GCST90093330	European	EUR	af_assigned	ref_freqs.hg38.tsv.gz	50000	EUR	0.996922	0.993843	0.0131084	ok	passed	0.976086	false		0	0	0.00307842	0.996922	0	0	0
GCST90093331	GCST90093331	European	EUR	af_assigned	ref_freqs.hg38.tsv.gz	50000	EUR	0.999348	0.998695	0.0111533	ok	passed	0.974511	false		0	0	0.0006524	0.999348	0	0	0
GCST90093332	GCST90093332	European	EUR	af_assigned	ref_freqs.hg38.tsv.gz	50000	EUR	1	1	0.0125773	ok	passed	0.975388	false		0	0	0	1	0	0	0
GCST90093333	GCST90093333	European	EUR	af_assigned	ref_freqs.hg38.tsv.gz	50000	EUR	0.996122	0.992244	0.0147729	ok	passed	0.975023	false		0	0	0.00387795	0.996122	0	0	0
GCST90093334	GCST90093334	European	EUR	af_assigned	ref_freqs.hg38.tsv.gz	50000	EUR	0.999446	0.998893	0.011454	ok	passed	0.975522	false		0	0	0.000553599	0.999446	0	0	0
GCST90093335	GCST90093335	European	EUR	af_assigned	ref_freqs.hg38.tsv.gz	50000	EUR	0.996973	0.993946	0.0130915	ok	passed	0.976098	false		0	0	0.00302706	0.996973	0	0	0
GCST90093336	GCST90093336	European	EUR	af_assigned	ref_freqs.hg38.tsv.gz	50000	EUR	0.998841	0.997682	0.0109824	ok	passed	0.975526	false		0	0	0.00115877	0.998841	0	0	0
GCST90093337	GCST90093337	European	EUR	af_assigned	ref_freqs.hg38.tsv.gz	50000	EUR	1	1	0.0126153	ok	passed	0.975373	false		0	0	0	1	0	0	0
GCST90093338	GCST90093338	European	EUR	af_assigned	ref_freqs.hg38.tsv.gz	50000	EUR	0.996327	0.992655	0.0147868	ok	passed	0.974978	false		0	0	0.00367259	0.996327	0	0	0
GCST90093339	GCST90093339	European	EUR	af_assigned	ref_freqs.hg38.tsv.gz	50000	EUR	1	1	0.0116417	ok	passed	0.975303	false		0	0	0	1	0	0	0
GCST90093340	GCST90093340	European	EUR	af_assigned	ref_freqs.hg38.tsv.gz	50000	EUR	0.996726	0.993452	0.0131189	ok	passed	0.976048	false		0	0	0.00327377	0.996726	0	0	0
GCST90093341	GCST90093341	European	EUR	af_assigned	ref_freqs.hg38.tsv.gz	50000	EUR	0.998853	0.997706	0.0110056	ok	passed	0.975585	false		0	0	0.00114708	0.998853	0	0	0
GCST90093342	GCST90093342	European	EUR	af_assigned	ref_freqs.hg38.tsv.gz	50000	EUR	0.994578	0.989231	0.0170624	ok	passed	0.974228	false		0	0.00534683	7.52964e-05	0.994578	0	0	0
GCST90093343	GCST90093343	European	EUR	af_assigned	ref_freqs.hg38.tsv.gz	50000	EUR	0.98262	0.968436	0.0335801	ok	passed	0.968837	false		0	0.0141835	0.00192828	0.98262	0	0	0.00126848
GCST90093344	GCST90093344	European	EUR	af_assigned	ref_freqs.hg38.tsv.gz	50000	EUR	0.990787	0.981859	0.0161742	ok	passed	0.972651	false		0	0.00892867	0.00028405	0.990787	0	0	0
GCST90093345	GCST90093345	European	EUR	af_assigned	ref_freqs.hg38.tsv.gz	50000	EUR	0.997038	0.994076	0.0162538	ok	passed	0.975324	false		0	0	0.00296202	0.997038	0	0	0
GCST90093346	GCST90093346	European	EUR	af_assigned	ref_freqs.hg38.tsv.gz	50000	EUR	0.995046	0.991681	0.0135718	ok	passed	0.973474	false		0	0.00336503	0.0015888	0.995046	0	0	0
GCST90093377	GCST90093377	European	EUR	af_assigned	ref_freqs.hg38.tsv.gz	50000	EUR	1	1	0.00818378	ok	passed	0.977847	false		0	0	0	1	0	0	0
GCST90093378	GCST90093378	European	EUR	af_assigned	ref_freqs.hg38.tsv.gz	50000	EUR	0.985315	0.97063	0.0128876	ok	passed	0.980647	false		0	0	0	0.985315	0.0146849	0	0
GCST90093465	GCST90093465	European	EUR	af_assigned	ref_freqs.hg38.tsv.gz	50000	EUR	0.961201	0.924351	0.0121627	ok	passed	0.980789	false		0	0	0	0.961201	0.0368497	0.00194936	0
GCST90093466	GCST90093466	European	EUR	af_assigned	ref_freqs.hg38.tsv.gz	50000	EUR	0.99486	0.98972	0.0105059	ok	passed	0.979826	false		0	0	0	0.99486	0.00513997	0	0
GCST90094400	GCST90094400	European	EUR	af_assigned	ref_freqs.hg38.tsv.gz	50000	EUR	0.977524	0.964581	0.00586196	ok	passed	0.980787	false		0.00575677	0.00104075	0.00269193	0.977524	0	4.30418e-05	0.0129431
GCST90094401	GCST90094401	European	EUR	af_assigned	ref_freqs.hg38.tsv.gz	50000	EUR	0.977371	0.964212	0.00587104	ok	passed	0.980778	false		0.00585719	0.00126715	0.00234548	0.977371	0	0	0.0131589
GCST90094643	GCST90094643	European		unassigned	ref_freqs.hg38.tsv.gz	0		0	0		overlap	unverified										
GCST90094644	GCST90094644	European		unassigned	ref_freqs.hg38.tsv.gz	0		0	0		overlap	unverified										
GCST90094646	GCST90094646	European		unassigned	ref_freqs.hg38.tsv.gz	0		0	0		overlap	unverified										
GCST90094647	GCST90094647	European		unassigned	ref_freqs.hg38.tsv.gz	0		0	0		overlap	unverified										
GCST90094648	GCST90094648	European		unassigned	ref_freqs.hg38.tsv.gz	0		0	0		overlap	unverified										
GCST90094649	GCST90094649	European		unassigned	ref_freqs.hg38.tsv.gz	0		0	0		overlap	unverified										
GCST90094650	GCST90094650	European		unassigned	ref_freqs.hg38.tsv.gz	0		0	0		overlap	unverified										
GCST90094886	GCST90094886	European		unassigned	ref_freqs.hg38.tsv.gz	50000	EUR	0.954648	0.909297	0.0848948	residual	passed	0.936685			0	0	0	0.954648	0.0453515	0	0
GCST90094887	GCST90094887	European		unassigned	ref_freqs.hg38.tsv.gz	50000	EUR	0.976561	0.953123	0.0888992	residual	passed	0.936527			0	0.0234386	0	0.976561	0	0	0
GCST90094888	GCST90094888	European		unassigned	ref_freqs.hg38.tsv.gz	50000	EUR	1	1	0.0853251	residual	passed	0.93855			0	0	0	1	0	0	0
GCST90094889	GCST90094889	European		unassigned	ref_freqs.hg38.tsv.gz	50000	EUR	0.989724	0.979449	0.0832562	residual	passed	0.936322			0	0.0102755	0	0.989724	0	0	0
GCST90094890	GCST90094890	European		unassigned	ref_freqs.hg38.tsv.gz	50000	EUR	1	1	0.080569	residual	passed	0.936533			0	0	0	1	0	0	0
GCST90095047	GCST90095047	European	EUR	af_assigned	ref_freqs.hg38.tsv.gz	50000	EUR	1	1	0.0267145	ok	passed	0.974702	false		0	0	0	1	0	0	0
GCST90095079	GCST90095079	European		unassigned	ref_freqs.hg38.tsv.gz	0		0	0		overlap	unverified										
GCST90095080	GCST90095080	European		unassigned	ref_freqs.hg38.tsv.gz	0		0	0		overlap	unverified										
GCST90095084	GCST90095084	European	EUR	af_assigned	ref_freqs.hg38.tsv.gz	50000	EUR	0.980379	0.972931	0.0119077	ok	passed	0.976868	false		0.00244816	0.00612128	0.00744866	0.980379	0	0	0.00360271
GCST90095129	GCST90095129	European		unassigned	ref_freqs.hg38.tsv.gz	0		0	0		overlap	unverified										
GCST90095130	GCST90095130	European		unassigned	ref_freqs.hg38.tsv.gz	0		0	0		overlap	unverified										
GCST90095131	GCST90095131	European		unassigned	ref_freqs.hg38.tsv.gz	0		0	0		overlap	unverified										
GCST90095138	GCST90095138	European	EUR	af_assigned	ref_freqs.hg38.tsv.gz	50000	EUR	0.973725	0.952383	0.0115269	ok	passed	0.979361	false		0.000325838	0.000492565	0	0.973725	0.0213419	0.00403905	7.54687e-05
GCST90096892	GCST90096892	European		unassigned	ref_freqs.hg38.tsv.gz	0		0	0		overlap	unverified										
GCST90096893	GCST90096893	European		unassigned	ref_freqs.hg38.tsv.gz	0		0	0		overlap	unverified										
GCST90096894	GCST90096894	European		unassigned	ref_freqs.hg38.tsv.gz	0		0	0		overlap	unverified										
GCST90096895	GCST90096895	European		unassigned	ref_freqs.hg38.tsv.gz	0		0	0		overlap	unverified										
GCST90096896	GCST90096896	European		unassigned	ref_freqs.hg38.tsv.gz	0		0	0		overlap	unverified										
GCST90096897	GCST90096897	European		unassigned	ref_freqs.hg38.tsv.gz	0		0	0		overlap	unverified										
GCST90096898	GCST90096898	European		unassigned	ref_freqs.hg38.tsv.gz	0		0	0		overlap	unverified										
GCST90096899	GCST90096899	European		unassigned	ref_freqs.hg38.tsv.gz	0		0	0		overlap	unverified										
GCST90096900	GCST90096900	European		unassigned	ref_freqs.hg38.tsv.gz	0		0	0		overlap	unverified										
GCST90096901	GCST90096901	European		unassigned	ref_freqs.hg38.tsv.gz	0		0	0		overlap	unverified										
GCST90096902	GCST90096902	European		unassigned	ref_freqs.hg38.tsv.gz	0		0	0		overlap	unverified										
GCST90096903	GCST90096903	European		unassigned	ref_freqs.hg38.tsv.gz	0		0	0		overlap	unverified										
GCST90096904	GCST90096904	European		unassigned	ref_freqs.hg38.tsv.gz	0		0	0		overlap	unverified										
GCST90096905	GCST90096905	European		unassigned	ref_freqs.hg38.tsv.gz	0		0	0		overlap	unverified										
GCST90096906	GCST90096906	European		unassigned	ref_freqs.hg38.tsv.gz	0		0	0		overlap	unverified										
GCST90096907	GCST90096907	European		unassigned	ref_freqs.hg38.tsv.gz	0		0	0		overlap	unverified										
GCST90096908	GCST90096908	European		unassigned	ref_freqs.hg38.tsv.gz	0		0	0		overlap	unverified										
GCST90096909	GCST90096909	European		unassigned	ref_freqs.hg38.tsv.gz	0		0	0		overlap	unverified										
GCST90096910	GCST90096910	European		unassigned	ref_freqs.hg38.tsv.gz	0		0	0		overlap	unverified										
GCST90096911	GCST90096911	European		unassigned	ref_freqs.hg38.tsv.gz	0		0	0		overlap	unverified										
GCST90096912	GCST90096912	European		unassigned	ref_freqs.hg38.tsv.gz	0		0	0		overlap	unverified										
GCST90096913	GCST90096913	European		unassigned	ref_freqs.hg38.tsv.gz	0		0	0		overlap	unverified										
GCST90096914	GCST90096914	European		unassigned	ref_freqs.hg38.tsv.gz	0		0	0		overlap	unverified										
GCST90096915	GCST90096915	European		unassigned	ref_freqs.hg38.tsv.gz	0		0	0		overlap	unverified										
GCST90096916	GCST90096916	European		unassigned	ref_freqs.hg38.tsv.gz	0		0	0		overlap	unverified										
GCST90096917	GCST90096917	European		unassigned	ref_freqs.hg38.tsv.gz	0		0	0		overlap	unverified										
GCST90096918	GCST90096918	European		unassigned	ref_freqs.hg38.tsv.gz	0		0	0		overlap	unverified										
GCST90096919	GCST90096919	European		unassigned	ref_freqs.hg38.tsv.gz	0		0	0		overlap	unverified										
GCST90096920	GCST90096920	European		unassigned	ref_freqs.hg38.tsv.gz	0		0	0		overlap	unverified										
GCST90096921	GCST90096921	European		unassigned	ref_freqs.hg38.tsv.gz	0		0	0		overlap	unverified										
GCST90096922	GCST90096922	European		unassigned	ref_freqs.hg38.tsv.gz	0		0	0		overlap	unverified										
GCST90096923	GCST90096923	European		unassigned	ref_freqs.hg38.tsv.gz	0		0	0		overlap	unverified										
GCST90096924	GCST90096924	European		unassigned	ref_freqs.hg38.tsv.gz	0		0	0		overlap	unverified										
GCST90096925	GCST90096925	European		unassigned	ref_freqs.hg38.tsv.gz	0		0	0		overlap	unverified										
GCST90096926	GCST90096926	European		unassigned	ref_freqs.hg38.tsv.gz	0		0	0		overlap	unverified										
GCST90096927	GCST90096927	European		unassigned	ref_freqs.hg38.tsv.gz	0		0	0		overlap	unverified										
GCST90096928	GCST90096928	European		unassigned	ref_freqs.hg38.tsv.gz	0		0	0		overlap	unverified										
GCST90096929	GCST90096929	European		unassigned	ref_freqs.hg38.tsv.gz	0		0	0		overlap	unverified										
GCST90100568	GCST90100568	European	EUR	af_assigned	ref_freqs.hg38.tsv.gz	50000	EUR	1	1	0.00498822	ok	passed	0.978587	false		0	0	0	1	0	0	0
GCST90100572	GCST90100572	European	EUR	af_assigned	ref_freqs.hg38.tsv.gz	50000	EUR	0.977273	0.964699	0.00582108	ok	passed	0.980816	false		0.00570733	0.00123781	0.00245749	0.977273	0	0.000749448	0.0125744
GCST90100573	GCST90100573	European	EUR	af_assigned	ref_freqs.hg38.tsv.gz	50000	EUR	0.976949	0.964164	0.0052171	ok	passed	0.980851	false		0.00573082	0.00103115	0.00240157	0.976949	0	0.00110256	0.0127848
GCST90100574	GCST90100574	European	EUR	af_assigned	ref_freqs.hg38.tsv.gz	50000	EUR	0.977273	0.964699	0.00582108	ok	passed	0.980816	false		0.00570733	0.00123781	0.00245749	0.977273	0	0.000749448	0.0125744
GCST90100575	GCST90100575	European	EUR	af_assigned	ref_freqs.hg38.tsv.gz	50000	EUR	0.97532	0.963817	0.00531107	ok	passed	0.979501	false		0.00508343	0.00114269	0.00277471	0.97532	0	0.00417556	0.0115035
GCST90100577	GCST90100577	European	EUR	af_assigned	ref_freqs.hg38.tsv.gz	50000	EUR	0.97586	0.959489	0.00538764	ok	passed	0.980853	false		0.00574924	0.000733902	0.00123323	0.97586	0	5.26718e-05	0.0163711
GCST90100578	GCST90100578	European	EUR	af_assigned	ref_freqs.hg38.tsv.gz	50000	EUR	0.978304	0.968973	0.00594705	ok	passed	0.9808	false		0.00569081	0.00150578	0.00340382	0.978304	0	0.0017636	0.00933164
GCST90100579	GCST90100579	European	EUR	af_assigned	ref_freqs.hg38.tsv.gz	50000	EUR	0.97586	0.959489	0.00538764	ok	passed	0.980853	false		0.00574924	0.000733902	0.00123323	0.97586	0	5.26718e-05	0.0163711
GCST90100580	GCST90100580	European	EUR	af_assigned	ref_freqs.hg38.tsv.gz	50000	EUR	0.978304	0.968973	0.00594705	ok	passed	0.9808	false		0.00569081	0.00150578	0.00340382	0.978304	0	0.0017636	0.00933164
GCST90100581	GCST90100581	European	EUR	af_assigned	ref_freqs.hg38.tsv.gz	50000	EUR	0.975962	0.959826	0.00597432	ok	passed	0.980818	false		0.00567191	0.000938192	0.00129147	0.975962	0	0	0.0161364
GCST90100582	GCST90100582	European	EUR	af_assigned	ref_freqs.hg38.tsv.gz	50000	EUR	0.978304	0.968973	0.00594705	ok	passed	0.9808	false		0.00569081	0.00150578	0.00340382	0.978304	0	0.0017636	0.00933164
GCST90101798	GCST90101798	European	EUR	af_assigned	ref_freqs.hg38.tsv.gz	50000	EUR	1	1	0.00475568	ok	passed	0.978609	false		0	0	0	1	0	0	0
GCST90101799	GCST90101799	European	EUR	af_assigned	ref_freqs.hg38.tsv.gz	50000	EUR	1	1	0.00475568	ok	passed	0.978609	false		0	0	0	1	0	0	0
GCST90101800	GCST90101800	European	EUR	af_assigned	ref_freqs.hg38.tsv.gz	50000	EUR	1	1	0.00527328	ok	passed	0.978698	false		0	0	0	1	0	0	0
GCST90101801	GCST90101801	European	EUR	af_assigned	ref_freqs.hg38.tsv.gz	50000	EUR	1	1	0.00527328	ok	passed	0.978698	false		0	0	0	1	0	0	0
GCST90101802	GCST90101802	European	EUR	af_assigned	ref_freqs.hg38.tsv.gz	50000	EUR	1	1	0.00478364	ok	passed	0.978582	false		0	0	0	1	0	0	0
GCST90101803	GCST90101803	European	EUR	af_assigned	ref_freqs.hg38.tsv.gz	50000	EUR	1	1	0.00478364	ok	passed	0.978582	false		0	0	0	1	0	0	0
GCST90101808	GCST90101808	European	EUR	af_assigned	ref_freqs.hg38.tsv.gz	50000	EUR	1	1	0.00550469	ok	passed	0.978236	false		0	0	0	1	0	0	0
GCST90101825	GCST90101825	European		unassigned	ref_freqs.hg38.tsv.gz	0		0	0		overlap	unverified										
GCST90101826	GCST90101826	European		unassigned	ref_freqs.hg38.tsv.gz	0		0	0		overlap	unverified										
GCST90101827	GCST90101827	European		unassigned	ref_freqs.hg38.tsv.gz	0		0	0		overlap	unverified										
GCST90101828	GCST90101828	European		unassigned	ref_freqs.hg38.tsv.gz	0		0	0		overlap	unverified										
GCST90101829	GCST90101829	European		unassigned	ref_freqs.hg38.tsv.gz	0		0	0		overlap	unverified										
GCST90101831	GCST90101831	European	EUR	af_assigned	ref_freqs.hg38.tsv.gz	50000	EUR	1	1	0.00492773	ok	passed	0.978425	false		0	0	0	1	0	0	0
GCST90101887	GCST90101887	European		unassigned	ref_freqs.hg38.tsv.gz	0		0	0		overlap	unverified										
GCST90101888	GCST90101888	European		unassigned	ref_freqs.hg38.tsv.gz	0		0	0		overlap	unverified										
GCST90101889	GCST90101889	European		unassigned	ref_freqs.hg38.tsv.gz	0		0	0		overlap	unverified										
GCST90101890	GCST90101890	European		unassigned	ref_freqs.hg38.tsv.gz	0		0	0		overlap	unverified										
GCST90101891	GCST90101891	European		unassigned	ref_freqs.hg38.tsv.gz	0		0	0		overlap	unverified										
GCST90101892	GCST90101892	European		unassigned	ref_freqs.hg38.tsv.gz	0		0	0		overlap	unverified										
GCST90101914	GCST90101914	European		unassigned	ref_freqs.hg38.tsv.gz	50000	EUR	1	1	0.0838794	residual	passed	0.937202			0	0	0	1	0	0	0
GCST90101942	GCST90101942	European		unassigned	ref_freqs.hg38.tsv.gz	50000	EUR	0.987598	0.975197	0.086079	residual	passed	0.934515			0.0124017	0	0	0.987598	0	0	0
GCST90101963	GCST90101963	European		unassigned	ref_freqs.hg38.tsv.gz	50000	EUR	0.999786	0.999571	0.0829653	residual	passed	0.936149			0	0.000214328	0	0.999786	0	0	0
GCST90102063	GCST90102063	European		unassigned	ref_freqs.hg38.tsv.gz	50000	EUR	0.987515	0.97503	0.0821375	residual	passed	0.941042			0	0.012485	0	0.987515	0	0	0
GCST90102094	GCST90102094	European		unassigned	ref_freqs.hg38.tsv.gz	50000	EUR	1	1	0.0876437	residual	passed	0.931309			0	0	0	1	0	0	0
GCST90102102	GCST90102102	European		unassigned	ref_freqs.hg38.tsv.gz	50000	EUR	1	1	0.0854203	residual	passed	0.936771			0	0	0	1	0	0	0
GCST90102253	GCST90102253	European		unassigned	ref_freqs.hg38.tsv.gz	0		0	0		overlap	unverified										
GCST90102460	GCST90102460	European		unassigned	ref_freqs.hg38.tsv.gz	0		0	0		overlap	unverified										
GCST90102470	GCST90102470	European	EUR	af_assigned	ref_freqs.hg38.tsv.gz	50000	EUR	0.985798	0.979852	0.0286859	ok	passed	0.972645	false		0.0026969	0.00555976	0.00594574	0.985798	0	0	0
GCST90102513	GCST90102513	European	EUR	af_assigned	ref_freqs.hg38.tsv.gz	50000	EUR	1	1	0.0131877	ok	passed	0.975902	false		0	0	0	1	0	0	0
GCST90102615	GCST90102615	European	EUR	af_assigned	ref_freqs.hg38.tsv.gz	50000	EUR	0.994372	0.988745	0.0127866	ok	passed	0.975204	false		0	0.00562769	0	0.994372	0	0	0
GCST90102618	GCST90102618	European	EUR	af_assigned	ref_freqs.hg38.tsv.gz	50000	EUR	0.999169	0.998535	0.00531838	ok	passed	0.978436	false		0	0	0	0.999169	0	0.0006346	0.000196169
GCST90102619	GCST90102619	European	EUR	af_assigned	ref_freqs.hg38.tsv.gz	50000	EUR	0.999186	0.998647	0.00531554	ok	passed	0.978445	false		0	0	0	0.999186	0	0.000539329	0.000274196
GCST90102620	GCST90102620	European	EUR	af_assigned	ref_freqs.hg38.tsv.gz	50000	EUR	0.999127	0.998506	0.00531991	ok	passed	0.978437	false		0	0	0	0.999127	0	0.00062074	0.000252368
GCST90102621	GCST90102621	European	EUR	af_assigned	ref_freqs.hg38.tsv.gz	50000	EUR	0.999146	0.998542	0.00532012	ok	passed	0.978436	false		0	0	0	0.999146	0	0.000603976	0.000250067
GCST90102622	GCST90102622	European	EUR	af_assigned	ref_freqs.hg38.tsv.gz	50000	EUR	0.999178	0.998598	0.00531716	ok	passed	0.978442	false		0	0	0	0.999178	0	0.000580177	0.000241323
GCST90102623	GCST90102623	European	EUR	af_assigned	ref_freqs.hg38.tsv.gz	50000	EUR	1	1	0.0162595	ok	passed	0.971332	false		0	0	0	1	0	0	0
GCST90102624	GCST90102624	European	EUR	af_assigned	ref_freqs.hg38.tsv.gz	50000	EUR	1	1	0.0159458	ok	passed	0.971254	false		0	0	0	1	0	0	0
GCST90103632	GCST90103632	European	EUR	af_assigned	ref_freqs.hg38.tsv.gz	50000	EUR	0.79221	0.624975	0.0297021	ok	passed	0.987588	false		0.026732	0	0.167235	0.79221	0	0.0138231	0
GCST90103633	GCST90103633	European	EUR	af_assigned	ref_freqs.hg38.tsv.gz	50000	EUR	0.824713	0.677414	0.0282785	ok	passed	0.98609	false		0.0183948	0	0.1473	0.824713	0	0.00767689	0.00191575
GCST90103634	GCST90103634	European	EUR	af_assigned	ref_freqs.hg38.tsv.gz	50000	EUR	0.990386	0.984924	0.0049387	ok	passed	0.980569	false		0.00133428	0.00232576	0.000492569	0.990386	0.00546164	0	0
GCST90104003	GCST90104003	European	EUR	af_assigned	ref_freqs.hg38.tsv.gz	50000	EUR	1	1	0.0062227	ok	passed	0.978655	false		0	0	0	1	0	0	0
GCST90104004	GCST90104004	European	EUR	af_assigned	ref_freqs.hg38.tsv.gz	50000	EUR	1	1	0.0062227	ok	passed	0.978655	false		0	0	0	1	0	0	0
GCST90104005	GCST90104005	European	EUR	af_assigned	ref_freqs.hg38.tsv.gz	50000	EUR	1	1	0.0062227	ok	passed	0.978655	false		0	0	0	1	0	0	0
GCST90104006	GCST90104006	European	EUR	af_assigned	ref_freqs.hg38.tsv.gz	50000	EUR	1	1	0.0062227	ok	passed	0.978655	false		0	0	0	1	0	0	0
GCST90104007	GCST90104007	European	EUR	af_assigned	ref_freqs.hg38.tsv.gz	50000	EUR	1	1	0.0062227	ok	passed	0.978655	false		0	0	0	1	0	0	0
GCST90104085	GCST90104085	European		unassigned	ref_freqs.hg38.tsv.gz	0		0	0		overlap	unverified										
GCST90104086	GCST90104086	European		unassigned	ref_freqs.hg38.tsv.gz	0		0	0		overlap	unverified										
GCST90104087	GCST90104087	European		unassigned	ref_freqs.hg38.tsv.gz	0		0	0		overlap	unverified										
GCST90104113	GCST90104113	European	EUR	af_assigned	ref_freqs.hg38.tsv.gz	50000	EUR	0.981608	0.968862	0.0182511	ok	passed	0.973906	false		0	0.00564561	0.0127464	0.981608	0	0	0
GCST90104339	GCST90104339	European	EUR	af_assigned	ref_freqs.hg38.tsv.gz	50000	EUR	1	1	0.00770015	ok	passed	0.978965	false		0	0	0	1	0	0	0
GCST90104341	GCST90104341	European	EUR	af_assigned	ref_freqs.hg38.tsv.gz	50000	EUR	1	1	0.00920959	ok	passed	0.979029	false		0	0	0	1	0	0	0
GCST90104343	GCST90104343	European	EUR	af_assigned	ref_freqs.hg38.tsv.gz	50000	EUR	1	1	0.0077167	ok	passed	0.979032	false		0	0	0	1	0	0	0
GCST90104345	GCST90104345	European	EUR	af_assigned	ref_freqs.hg38.tsv.gz	50000	EUR	1	1	0.00962933	ok	passed	0.979084	false		0	0	0	1	0	0	0
GCST90104458	GCST90104458	European	EUR	af_assigned	ref_freqs.hg38.tsv.gz	50000	EUR	0.953651	0.933097	0.0100594	ok	passed	0.981742	false		0.0198027	0.020554	0	0.953651	0	0.00458741	0.0014049
GCST90104459	GCST90104459	European	EUR	af_assigned	ref_freqs.hg38.tsv.gz	50000	EUR	0.954517	0.933122	0.0102053	ok	passed	0.981688	false		0.0212339	0.0213945	0	0.954517	0	0.00161443	0.00124029
GCST90104460	GCST90104460	European	EUR	af_assigned	ref_freqs.hg38.tsv.gz	50000	EUR	0.953843	0.932247	0.0101771	ok	passed	0.981742	false		0.0215954	0.0215296	0	0.953843	0	0.00165212	0.00138011
GCST90104461	GCST90104461	European	EUR	af_assigned	ref_freqs.hg38.tsv.gz	50000	EUR	0.954517	0.933122	0.0102053	ok	passed	0.981688	false		0.0212339	0.0213945	0	0.954517	0	0.00161443	0.00124029
GCST90104462	GCST90104462	European	EUR	af_assigned	ref_freqs.hg38.tsv.gz	50000	EUR	0.866275	0.80138	0.0114207	ok	passed	0.985935	false		0.055731	0.0648948	0.0114242	0.866275	0	0.00167523	0
GCST90104463	GCST90104463	European	EUR	af_assigned	ref_freqs.hg38.tsv.gz	50000	EUR	0.99216	0.9868	0.00501375	ok	passed	0.978045	false		0	0.00248038	0	0.99216	0	0.00535978	0
GCST90104464	GCST90104464	European	EUR	af_assigned	ref_freqs.hg38.tsv.gz	50000	EUR	0.909251	0.85938	0.01271	ok	passed	0.982144	false		0.0377007	0.0498706	0.00317769	0.909251	0	0	0
GCST90104465	GCST90104465	European	EUR	af_assigned	ref_freqs.hg38.tsv.gz	50000	EUR	0.998488	0.996976	0.00506176	ok	passed	0.97749	false		0	0.00151214	0	0.998488	0	0	0
GCST90104466	GCST90104466	European	EUR	af_assigned	ref_freqs.hg38.tsv.gz	50000	EUR	0.90898	0.860299	0.0127514	ok	passed	0.982016	false		0.0379652	0.0486812	0.00437348	0.90898	0	0	0
GCST90104467	GCST90104467	European	EUR	af_assigned	ref_freqs.hg38.tsv.gz	50000	EUR	0.996313	0.994064	0.00523206	ok	passed	0.977447	false		0	0.00116187	0	0.996313	0	0.000276149	0.00224923
GCST90104468	GCST90104468	European	EUR	af_assigned	ref_freqs.hg38.tsv.gz	50000	EUR	0.888698	0.827572	0.0136022	ok	passed	0.983302	false		0.0463684	0.0611262	0.00380767	0.888698	0	0	0
GCST90104469	GCST90104469	European	EUR	af_assigned	ref_freqs.hg38.tsv.gz	50000	EUR	0.995106	0.992548	0.00547346	ok	passed	0.977706	false		0	0.00198102	0	0.995106	0	0.00255775	0.000355423
GCST90104470	GCST90104470	European	EUR	af_assigned	ref_freqs.hg38.tsv.gz	50000	EUR	0.946543	0.9285	0.00577947	ok	passed	0.981054	false		0.0160866	0.00461961	0.00627345	0.946543	0	0.0180435	0.00843338
GCST90104471	GCST90104471	European	EUR	af_assigned	ref_freqs.hg38.tsv.gz	50000	EUR	0.997706	0.996414	0.00551044	ok	passed	0.97747	false		0	0.00129221	0	0.997706	0	0.00100207	0
GCST90104472	GCST90104472	European	EUR	af_assigned	ref_freqs.hg38.tsv.gz	50000	EUR	0.994511	0.992263	0.00519974	ok	passed	0.977462	false		0	0.00224729	0	0.994511	0	0.00219058	0.00105139
GCST90104534	GCST90104534	European	EUR	af_assigned	ref_freqs.hg38.tsv.gz	50000	EUR	0.582931	0.260603	0.0427276	ok	passed	0.983434	false		0.064801	0.0223996	0.322328	0.582931	0	0	0.00754059
GCST90104535	GCST90104535	European	EUR	af_assigned	ref_freqs.hg38.tsv.gz	50000	EUR	0.636419	0.342701	0.0400611	ok	passed	0.983344	false		0.0370871	0.0230923	0.293717	0.636419	0	0	0.00968456
GCST90104536	GCST90104536	European	EUR	af_assigned	ref_freqs.hg38.tsv.gz	50000	EUR	0.823284	0.703933	0.0260987	ok	passed	0.98517	false		0.0178626	0.020168	0.119351	0.823284	0	0	0.0193337
GCST90104537	GCST90104537	European		unassigned	ref_freqs.hg38.tsv.gz	50000	EUR	0.467764	0.00906135	0.0464829	proportion	passed	0.967357			0.031917	0.0207046	0.458703	0.467764	0	0	0.0209112
GCST90104538	GCST90104538	European	EUR	af_assigned	ref_freqs.hg38.tsv.gz	50000	EUR	0.659554	0.402527	0.0369873	ok	passed	0.985022	false		0.0308241	0.0187702	0.257027	0.659554	0	0	0.0338247
GCST90104539	GCST90104539	European	EUR	af_assigned	ref_freqs.hg38.tsv.gz	50000	EUR	0.983036	0.975716	0.00733909	ok	passed	0.978296	false		0.00107213	0.00732028	0.00197731	0.983036	0	0.0047259	0.0018685
GCST90104540	GCST90104540	European	EUR	af_assigned	ref_freqs.hg38.tsv.gz	50000	EUR	0.982333	0.974939	0.00765727	ok	passed	0.978242	false		0.00161395	0.00739374	0.00220217	0.982333	0	0.00437322	0.00208384
GCST90104541	GCST90104541	European	EUR	af_assigned	ref_freqs.hg38.tsv.gz	50000	EUR	0.991837	0.986157	0.0070196	ok	passed	0.976566	false		0.000620114	0.00568034	0	0.991837	0	0.00186231	0
GCST90104542	GCST90104542	European	EUR	af_assigned	ref_freqs.hg38.tsv.gz	50000	EUR	0.990699	0.983766	0.00647767	ok	passed	0.973308	false		0.000160052	0.00220857	0	0.990699	0	0.00693282	0
GCST90104543	GCST90104543	European	EUR	af_assigned	ref_freqs.hg38.tsv.gz	50000	EUR	0.993796	0.990677	0.00644408	ok	passed	0.973314	false		0.000770218	0.00311853	0	0.993796	0	0.00231536	0
GCST90104564	GCST90104564	European		unassigned	ref_freqs.hg38.tsv.gz	0		0	0		overlap	unverified										
GCST90104596	GCST90104596	European	EUR	af_assigned	ref_freqs.hg38.tsv.gz	50000	EUR	0.998943	0.997887	0.00726128	ok	passed	0.976999	false		0	0	0	0.998943	0	0.00105653	0
GCST90104898	GCST90104898	European		unassigned	ref_freqs.hg38.tsv.gz	0		0	0		overlap	unverified										
GCST90104907	GCST90104907	European	EUR	af_assigned	ref_freqs.hg38.tsv.gz	50000	EUR	1	1	0.00453775	ok	passed	0.978776	false		0	0	0	1	0	0	0
GCST90104908	GCST90104908	European		unassigned	ref_freqs.hg38.tsv.gz	0		0	0		overlap	unverified										
GCST90104909	GCST90104909	European		unassigned	ref_freqs.hg38.tsv.gz	0		0	0		overlap	unverified										
GCST90104910	GCST90104910	European		unassigned	ref_freqs.hg38.tsv.gz	0		0	0		overlap	unverified										
GCST90104911	GCST90104911	European		unassigned	ref_freqs.hg38.tsv.gz	0		0	0		overlap	unverified										
GCST90104912	GCST90104912	European		unassigned	ref_freqs.hg38.tsv.gz	0		0	0		overlap	unverified										
GCST90104913	GCST90104913	European		unassigned	ref_freqs.hg38.tsv.gz	0		0	0		overlap	unverified										
GCST90104914	GCST90104914	European		unassigned	ref_freqs.hg38.tsv.gz	0		0	0		overlap	unverified										
GCST90104915	GCST90104915	European		unassigned	ref_freqs.hg38.tsv.gz	0		0	0		overlap	unverified										
GCST90104916	GCST90104916	European		unassigned	ref_freqs.hg38.tsv.gz	0		0	0		overlap	unverified										
GCST90104917	GCST90104917	European		unassigned	ref_freqs.hg38.tsv.gz	0		0	0		overlap	unverified										
GCST90104918	GCST90104918	European		unassigned	ref_freqs.hg38.tsv.gz	0		0	0		overlap	unverified										
GCST90104919	GCST90104919	European		unassigned	ref_freqs.hg38.tsv.gz	0		0	0		overlap	unverified										
GCST90104920	GCST90104920	European		unassigned	ref_freqs.hg38.tsv.gz	0		0	0		overlap	unverified										
GCST90104921	GCST90104921	European		unassigned	ref_freqs.hg38.tsv.gz	0		0	0		overlap	unverified										
GCST90104922	GCST90104922	European		unassigned	ref_freqs.hg38.tsv.gz	0		0	0		overlap	unverified										
GCST90104923	GCST90104923	European		unassigned	ref_freqs.hg38.tsv.gz	0		0	0		overlap	unverified										
GCST90104924	GCST90104924	European		unassigned	ref_freqs.hg38.tsv.gz	0		0	0		overlap	unverified										
GCST90104925	GCST90104925	European		unassigned	ref_freqs.hg38.tsv.gz	0		0	0		overlap	unverified										
GCST90104926	GCST90104926	European		unassigned	ref_freqs.hg38.tsv.gz	0		0	0		overlap	unverified										
GCST90104927	GCST90104927	European		unassigned	ref_freqs.hg38.tsv.gz	0		0	0		overlap	unverified										
GCST90104928	GCST90104928	European		unassigned	ref_freqs.hg38.tsv.gz	0		0	0		overlap	unverified										
GCST90104929	GCST90104929	European		unassigned	ref_freqs.hg38.tsv.gz	0		0	0		overlap	unverified										
GCST90104930	GCST90104930	European		unassigned	ref_freqs.hg38.tsv.gz	0		0	0		overlap	unverified										
GCST90104931	GCST90104931	European		unassigned	ref_freqs.hg38.tsv.gz	0		0	0		overlap	unverified										
GCST90104932	GCST90104932	European		unassigned	ref_freqs.hg38.tsv.gz	0		0	0		overlap	unverified										
GCST90104933	GCST90104933	European		unassigned	ref_freqs.hg38.tsv.gz	0		0	0		overlap	unverified										
GCST90104934	GCST90104934	European		unassigned	ref_freqs.hg38.tsv.gz	0		0	0		overlap	unverified										
GCST90104935	GCST90104935	European		unassigned	ref_freqs.hg38.tsv.gz	0		0	0		overlap	unverified										
GCST90104936	GCST90104936	European		unassigned	ref_freqs.hg38.tsv.gz	0		0	0		overlap	unverified										
GCST90104937	GCST90104937	European		unassigned	ref_freqs.hg38.tsv.gz	0		0	0		overlap	unverified										
GCST90104938	GCST90104938	European		unassigned	ref_freqs.hg38.tsv.gz	0		0	0		overlap	unverified										
GCST90104939	GCST90104939	European		unassigned	ref_freqs.hg38.tsv.gz	0		0	0		overlap	unverified										
GCST90104940	GCST90104940	European		unassigned	ref_freqs.hg38.tsv.gz	0		0	0		overlap	unverified										
GCST90104941	GCST90104941	European		unassigned	ref_freqs.hg38.tsv.gz	0		0	0		overlap	unverified										
GCST90104942	GCST90104942	European		unassigned	ref_freqs.hg38.tsv.gz	0		0	0		overlap	unverified										
GCST90104943	GCST90104943	European		unassigned	ref_freqs.hg38.tsv.gz	0		0	0		overlap	unverified										
GCST90104944	GCST90104944	European		unassigned	ref_freqs.hg38.tsv.gz	0		0	0		overlap	unverified										
GCST90104945	GCST90104945	European		unassigned	ref_freqs.hg38.tsv.gz	0		0	0		overlap	unverified										
GCST90104946	GCST90104946	European		unassigned	ref_freqs.hg38.tsv.gz	0		0	0		overlap	unverified										
GCST90104947	GCST90104947	European		unassigned	ref_freqs.hg38.tsv.gz	0		0	0		overlap	unverified										
GCST90104948	GCST90104948	European		unassigned	ref_freqs.hg38.tsv.gz	0		0	0		overlap	unverified										
GCST90104949	GCST90104949	European		unassigned	ref_freqs.hg38.tsv.gz	0		0	0		overlap	unverified										
GCST90104950	GCST90104950	European		unassigned	ref_freqs.hg38.tsv.gz	0		0	0		overlap	unverified										
GCST90104951	GCST90104951	European		unassigned	ref_freqs.hg38.tsv.gz	0		0	0		overlap	unverified										
GCST90105075	GCST90105075	European		unassigned	ref_freqs.hg38.tsv.gz	0		0	0		overlap	unverified										
GCST90105076	GCST90105076	European		unassigned	ref_freqs.hg38.tsv.gz	0		0	0		overlap	unverified										
GCST90105077	GCST90105077	European		unassigned	ref_freqs.hg38.tsv.gz	0		0	0		overlap	unverified										
GCST90128518	GCST90128518	European		unassigned	ref_freqs.hg38.tsv.gz	50000	EUR	0.413593	0.179219	0.244004	residual	passed	0.665899			0.179704	0	0.0119388	0.413593	0	0.16039	0.234374
GCST90129428	GCST90129428	European	EUR	af_assigned	ref_freqs.hg38.tsv.gz	50000	EUR	1	1	0.00463106	ok	passed	0.977497	false		0	0	0	1	0	0	0
GCST90129429	GCST90129429	European	EUR	af_assigned	ref_freqs.hg38.tsv.gz	50000	EUR	1	1	0.00462109	ok	passed	0.977515	false		0	0	0	1	0	0	0
GCST90129430	GCST90129430	European	EUR	af_assigned	ref_freqs.hg38.tsv.gz	50000	EUR	1	1	0.00460999	ok	passed	0.977505	false		0	0	0	1	0	0	0
GCST90129431	GCST90129431	European	EUR	af_assigned	ref_freqs.hg38.tsv.gz	50000	EUR	1	1	0.00456555	ok	passed	0.977531	false		0	0	0	1	0	0	0
GCST90129432	GCST90129432	European	EUR	af_assigned	ref_freqs.hg38.tsv.gz	50000	EUR	1	1	0.00484364	ok	passed	0.97762	false		0	0	0	1	0	0	0
GCST90129433	GCST90129433	European	EUR	af_assigned	ref_freqs.hg38.tsv.gz	50000	EUR	1	1	0.00463555	ok	passed	0.977497	false		0	0	0	1	0	0	0
GCST90129434	GCST90129434	European	EUR	af_assigned	ref_freqs.hg38.tsv.gz	50000	EUR	1	1	0.00456428	ok	passed	0.977532	false		0	0	0	1	0	0	0
GCST90129435	GCST90129435	European	EUR	af_assigned	ref_freqs.hg38.tsv.gz	50000	EUR	1	1	0.00463046	ok	passed	0.977491	false		0	0	0	1	0	0	0
GCST90129436	GCST90129436	European	EUR	af_assigned	ref_freqs.hg38.tsv.gz	50000	EUR	1	1	0.00456428	ok	passed	0.977532	false		0	0	0	1	0	0	0
GCST90129437	GCST90129437	European	EUR	af_assigned	ref_freqs.hg38.tsv.gz	50000	EUR	1	1	0.00463276	ok	passed	0.977496	false		0	0	0	1	0	0	0
GCST90129438	GCST90129438	European	EUR	af_assigned	ref_freqs.hg38.tsv.gz	50000	EUR	1	1	0.00463021	ok	passed	0.977497	false		0	0	0	1	0	0	0
GCST90129439	GCST90129439	European	EUR	af_assigned	ref_freqs.hg38.tsv.gz	50000	EUR	1	1	0.00456428	ok	passed	0.977532	false		0	0	0	1	0	0	0
GCST90129440	GCST90129440	European	EUR	af_assigned	ref_freqs.hg38.tsv.gz	50000	EUR	1	1	0.00460472	ok	passed	0.977514	false		0	0	0	1	0	0	0
GCST90129441	GCST90129441	European	EUR	af_assigned	ref_freqs.hg38.tsv.gz	50000	EUR	1	1	0.00456542	ok	passed	0.977532	false		0	0	0	1	0	0	0
GCST90129442	GCST90129442	European	EUR	af_assigned	ref_freqs.hg38.tsv.gz	50000	EUR	1	1	0.00462684	ok	passed	0.977498	false		0	0	0	1	0	0	0
GCST90129443	GCST90129443	European	EUR	af_assigned	ref_freqs.hg38.tsv.gz	50000	EUR	1	1	0.00456908	ok	passed	0.977524	false		0	0	0	1	0	0	0
GCST90129444	GCST90129444	European	EUR	af_assigned	ref_freqs.hg38.tsv.gz	50000	EUR	1	1	0.00462975	ok	passed	0.977501	false		0	0	0	1	0	0	0
GCST90129445	GCST90129445	European	EUR	af_assigned	ref_freqs.hg38.tsv.gz	50000	EUR	1	1	0.0045676	ok	passed	0.977535	false		0	0	0	1	0	0	0
GCST90129446	GCST90129446	European	EUR	af_assigned	ref_freqs.hg38.tsv.gz	50000	EUR	1	1	0.0046231	ok	passed	0.97751	false		0	0	0	1	0	0	0
GCST90129447	GCST90129447	European	EUR	af_assigned	ref_freqs.hg38.tsv.gz	50000	EUR	1	1	0.00461742	ok	passed	0.977502	false		0	0	0	1	0	0	0
GCST90129448	GCST90129448	European	EUR	af_assigned	ref_freqs.hg38.tsv.gz	50000	EUR	1	1	0.00456634	ok	passed	0.977534	false		0	0	0	1	0	0	0
GCST90129449	GCST90129449	European	EUR	af_assigned	ref_freqs.hg38.tsv.gz	50000	EUR	1	1	0.00462689	ok	passed	0.977541	false		0	0	0	1	0	0	0
GCST90129450	GCST90129450	European	EUR	af_assigned	ref_freqs.hg38.tsv.gz	50000	EUR	1	1	0.00462312	ok	passed	0.977505	false		0	0	0	1	0	0	0
GCST90129451	GCST90129451	European	EUR	af_assigned	ref_freqs.hg38.tsv.gz	50000	EUR	1	1	0.00457488	ok	passed	0.977528	false		0	0	0	1	0	0	0
GCST90129452	GCST90129452	European	EUR	af_assigned	ref_freqs.hg38.tsv.gz	50000	EUR	1	1	0.0046268	ok	passed	0.977491	false		0	0	0	1	0	0	0
GCST90129453	GCST90129453	European	EUR	af_assigned	ref_freqs.hg38.tsv.gz	50000	EUR	1	1	0.00462823	ok	passed	0.977494	false		0	0	0	1	0	0	0
GCST90129454	GCST90129454	European	EUR	af_assigned	ref_freqs.hg38.tsv.gz	50000	EUR	1	1	0.00456428	ok	passed	0.977532	false		0	0	0	1	0	0	0
GCST90129455	GCST90129455	European	EUR	af_assigned	ref_freqs.hg38.tsv.gz	50000	EUR	1	1	0.00456428	ok	passed	0.977532	false		0	0	0	1	0	0	0
GCST90129456	GCST90129456	European	EUR	af_assigned	ref_freqs.hg38.tsv.gz	50000	EUR	1	1	0.0046355	ok	passed	0.977491	false		0	0	0	1	0	0	0
GCST90129457	GCST90129457	European	EUR	af_assigned	ref_freqs.hg38.tsv.gz	50000	EUR	1	1	0.00463259	ok	passed	0.977497	false		0	0	0	1	0	0	0
GCST90129458	GCST90129458	European	EUR	af_assigned	ref_freqs.hg38.tsv.gz	50000	EUR	1	1	0.00456854	ok	passed	0.977529	false		0	0	0	1	0	0	0
GCST90129459	GCST90129459	European	EUR	af_assigned	ref_freqs.hg38.tsv.gz	50000	EUR	1	1	0.0046284	ok	passed	0.977493	false		0	0	0	1	0	0	0
GCST90129460	GCST90129460	European	EUR	af_assigned	ref_freqs.hg38.tsv.gz	50000	EUR	1	1	0.00463475	ok	passed	0.977502	false		0	0	0	1	0	0	0
GCST90129575	GCST90129575	European	EUR	af_assigned	ref_freqs.hg38.tsv.gz	50000	EUR	0.997154	0.994761	0.00796726	ok	passed	0.978345	false		0	0.0023931	0.000452478	0.997154	0	0	0
GCST90129599	GCST90129599	European	EUR	af_assigned	ref_freqs.hg38.tsv.gz	50000	EUR	0.990228	0.983379	0.0121248	ok	passed	0.978703	false		0	0.00292431	0	0.990228	0	0.00684812	0
GCST90129600	GCST90129600	European	EUR	af_assigned	ref_freqs.hg38.tsv.gz	50000	EUR	0.990486	0.983992	0.012186	ok	passed	0.978724	false		0	0.00302074	0	0.990486	0	0.00649374	0
GCST90129631	GCST90129631	European	EUR	af_assigned	ref_freqs.hg38.tsv.gz	50000	EUR	0.866766	0.776198	0.0173205	ok	passed	0.984676	false		0.0414804	0.0905678	0.00118563	0.866766	0	0	0
GCST90129632	GCST90129632	European	EUR	af_assigned	ref_freqs.hg38.tsv.gz	50000	EUR	0.994048	0.990826	0.00542544	ok	passed	0.978415	false		0	0.000193815	0	0.994048	0	0.00253557	0.00322243
GCST90129635	GCST90129635	European	EUR	af_assigned	ref_freqs.hg38.tsv.gz	50000	EUR	0.998933	0.997867	0.00556243	ok	passed	0.97774	false		0	0	0	0.998933	0	0.00106657	0
GCST90132223	GCST90132223	European		unassigned	ref_freqs.hg38.tsv.gz	0		0	0		overlap	unverified										
GCST90132226	GCST90132226	European		unassigned	ref_freqs.hg38.tsv.gz	0		0	0		overlap	unverified										
GCST90132313	GCST90132313	European		unassigned	ref_freqs.hg38.tsv.gz	0		0	0		overlap	unverified										
GCST90134254	GCST90134254	European		unassigned	ref_freqs.hg38.tsv.gz	0		0	0		overlap	unverified										
GCST90134279	GCST90134279	European	EUR	af_assigned	ref_freqs.hg38.tsv.gz	50000	EUR	0.998259	0.997306	0.00761358	ok	passed	0.979182	false		0	0	0	0.998259	0	0.000952172	0.000789172
GCST90134288	GCST90134288	European		unassigned	ref_freqs.hg38.tsv.gz	0		0	0		overlap	unverified										
GCST90134327	GCST90134327	European		unassigned	ref_freqs.hg38.tsv.gz	0		0	0		overlap	unverified										
GCST90134433	GCST90134433	European		unassigned	ref_freqs.hg38.tsv.gz	0		0	0		overlap	unverified										
GCST90134532	GCST90134532	European		unassigned	ref_freqs.hg38.tsv.gz	0		0	0		overlap	unverified										
GCST90134588	GCST90134588	European	EUR	af_assigned	ref_freqs.hg38.tsv.gz	50000	EUR	1	1	0.00550994	ok	passed	0.977406	false		0	0	0	1	0	0	0
GCST90134589	GCST90134589	European	EUR	af_assigned	ref_freqs.hg38.tsv.gz	50000	EUR	1	1	0.00551021	ok	passed	0.977406	false		0	0	0	1	0	0	0
GCST90134590	GCST90134590	European	EUR	af_assigned	ref_freqs.hg38.tsv.gz	50000	EUR	1	1	0.00550976	ok	passed	0.977404	false		0	0	0	1	0	0	0
GCST90134591	GCST90134591	European	EUR	af_assigned	ref_freqs.hg38.tsv.gz	50000	EUR	1	1	0.00550975	ok	passed	0.977407	false		0	0	0	1	0	0	0
GCST90134592	GCST90134592	European	EUR	af_assigned	ref_freqs.hg38.tsv.gz	50000	EUR	1	1	0.00482027	ok	passed	0.977141	false		0	0	0	1	0	0	0
GCST90134593	GCST90134593	European	EUR	af_assigned	ref_freqs.hg38.tsv.gz	50000	EUR	1	1	0.00482065	ok	passed	0.977147	false		0	0	0	1	0	0	0
GCST90134594	GCST90134594	European	EUR	af_assigned	ref_freqs.hg38.tsv.gz	50000	EUR	1	1	0.00482034	ok	passed	0.977141	false		0	0	0	1	0	0	0
GCST90134595	GCST90134595	European	EUR	af_assigned	ref_freqs.hg38.tsv.gz	50000	EUR	1	1	0.00481996	ok	passed	0.977148	false		0	0	0	1	0	0	0
GCST90134599	GCST90134599	European		unassigned	ref_freqs.hg38.tsv.gz	0		0	0		overlap	unverified										
GCST90134600	GCST90134600	European		unassigned	ref_freqs.hg38.tsv.gz	0		0	0		overlap	unverified										
GCST90134601	GCST90134601	European		unassigned	ref_freqs.hg38.tsv.gz	0		0	0		overlap	unverified										
GCST90134602	GCST90134602	European		unassigned	ref_freqs.hg38.tsv.gz	0		0	0		overlap	unverified										
GCST90134614	GCST90134614	European	EUR	af_assigned	ref_freqs.hg38.tsv.gz	50000	EUR	1	1	0.00572069	ok	passed	0.977789	false		0	0	0	1	0	0	0
GCST90134626	GCST90134626	European	EUR	af_assigned	ref_freqs.hg38.tsv.gz	50000	EUR	0.989243	0.979211	0.0116449	ok	passed	0.978264	false		0	0.000723714	0	0.989243	0	0.0100328	0
GCST90134627	GCST90134627	European	EUR	af_assigned	ref_freqs.hg38.tsv.gz	50000	EUR	0.995014	0.990029	0.0113496	ok	passed	0.978303	false		0	0	0	0.995014	0	0.00498552	0
GCST90134628	GCST90134628	European	EUR	af_assigned	ref_freqs.hg38.tsv.gz	50000	EUR	0.990245	0.983432	0.0118077	ok	passed	0.978232	false		0	0.00294165	0	0.990245	0	0.00681297	0
GCST90134629	GCST90134629	European	EUR	af_assigned	ref_freqs.hg38.tsv.gz	50000	EUR	0.996052	0.994023	0.0110327	ok	passed	0.978555	false		0	0.0012157	0.00070306	0.996052	0	0.00202902	0
GCST90134630	GCST90134630	European	EUR	af_assigned	ref_freqs.hg38.tsv.gz	50000	EUR	0.989533	0.979972	0.0118554	ok	passed	0.97826	false		0	0.000905574	0	0.989533	0	0.0095612	0
GCST90134631	GCST90134631	European	EUR	af_assigned	ref_freqs.hg38.tsv.gz	50000	EUR	0.995371	0.990743	0.011408	ok	passed	0.978328	false		0	0	0	0.995371	0	0.00462866	0
GCST90134632	GCST90134632	European	EUR	af_assigned	ref_freqs.hg38.tsv.gz	50000	EUR	0.990835	0.984188	0.0120686	ok	passed	0.978181	false		0	0.00251768	0	0.990835	0	0.00664715	0
GCST90134633	GCST90134633	European	EUR	af_assigned	ref_freqs.hg38.tsv.gz	50000	EUR	0.99633	0.99436	0.011045	ok	passed	0.978534	false		0	0.0010858	0.000615173	0.99633	0	0.00196928	0
GCST90134661	GCST90134661	European		unassigned	ref_freqs.hg38.tsv.gz	0		0	0		overlap	unverified										
GCST90137411	GCST90137411	European	EUR	af_assigned	ref_freqs.hg38.tsv.gz	50000	EUR	1	1	0.00462821	ok	passed	0.975562	false		0	0	0	1	0	0	0
GCST90137412	GCST90137412	European	EUR	af_assigned	ref_freqs.hg38.tsv.gz	50000	EUR	1	1	0.00463396	ok	passed	0.975565	false		0	0	0	1	0	0	0
GCST90137414	GCST90137414	European	EUR	af_assigned	ref_freqs.hg38.tsv.gz	50000	EUR	0.978962	0.96844	0.0177685	ok	passed	0.980063	false		0.0105218	0.000566845	0.000947548	0.978962	0	0.000185143	0.00881647
GCST90161173	GCST90161173	European	EUR	af_assigned	ref_freqs.hg38.tsv.gz	50000	EUR	1	1	0.00463397	ok	passed	0.978886	false		0	0	0	1	0	0	0
GCST90161240	GCST90161240	European	EUR	af_assigned	ref_freqs.hg38.tsv.gz	50000	EUR	0.985672	0.978618	0.00873389	ok	passed	0.978807	false		0.00128166	0.00705438	0.00599153	0.985672	0	0	0
GCST90162547	GCST90162547	European	EUR	af_assigned	ref_freqs.hg38.tsv.gz	50000	EUR	1	1	0.00460961	ok	passed	0.976161	false		0	0	0	1	0	0	0
GCST90162548	GCST90162548	European	EUR	af_assigned	ref_freqs.hg38.tsv.gz	50000	EUR	1	1	0.00475248	ok	passed	0.976211	false		0	0	0	1	0	0	0
GCST90162549	GCST90162549	European	EUR	af_assigned	ref_freqs.hg38.tsv.gz	50000	EUR	1	1	0.00459717	ok	passed	0.976151	false		0	0	0	1	0	0	0
GCST90162550	GCST90162550	European	EUR	af_assigned	ref_freqs.hg38.tsv.gz	50000	EUR	1	1	0.00787506	ok	passed	0.975775	false		0	0	0	1	0	0	0
GCST90162552	GCST90162552	European	EUR	af_assigned	ref_freqs.hg38.tsv.gz	50000	EUR	1	1	0.0226445	ok	passed	0.973875	false		0	0	0	1	0	0	0
GCST90162553	GCST90162553	European	EUR	af_assigned	ref_freqs.hg38.tsv.gz	50000	EUR	1	1	0.0223795	ok	passed	0.974362	false		0	0	0	1	0	0	0
GCST90162554	GCST90162554	European	EUR	af_assigned	ref_freqs.hg38.tsv.gz	50000	EUR	1	1	0.0226771	ok	passed	0.97414	false		0	0	0	1	0	0	0
GCST90162555	GCST90162555	European	EUR	af_assigned	ref_freqs.hg38.tsv.gz	50000	EUR	1	1	0.0228185	ok	passed	0.973942	false		0	0	0	1	0	0	0
GCST90162562	GCST90162562	European	EUR	af_assigned	ref_freqs.hg38.tsv.gz	50000	EUR	1	1	0.010569	ok	passed	0.977055	false		0	0	0	1	0	0	0
GCST90162563	GCST90162563	European	EUR	af_assigned	ref_freqs.hg38.tsv.gz	50000	EUR	1	1	0.0105966	ok	passed	0.977043	false		0	0	0	1	0	0	0
GCST90162564	GCST90162564	European	EUR	af_assigned	ref_freqs.hg38.tsv.gz	50000	EUR	1	1	0.0105966	ok	passed	0.977043	false		0	0	0	1	0	0	0
GCST90162626	GCST90162626	European	EUR	af_assigned	ref_freqs.hg38.tsv.gz	50000	EUR	0.731161	0.557072	0.0394344	ok	passed	0.98609	false		0.0666965	0.0258361	0.174088	0.731161	0	0.00221854	0
GCST90165257	GCST90165257	European	EUR	af_assigned	ref_freqs.hg38.tsv.gz	50000	EUR	0.987021	0.978165	0.00974276	ok	passed	0.97531	false		0.00205118	0	0.000890513	0.987021	0	0.00885614	0.00118078
GCST90165259	GCST90165259	European	EUR	af_assigned	ref_freqs.hg38.tsv.gz	50000	EUR	0.988945	0.980496	0.0102624	ok	passed	0.977747	false		0.00153985	0.000279597	0	0.988945	0	0.00844881	0.000786561
GCST90165261	GCST90165261	European	EUR	af_assigned	ref_freqs.hg38.tsv.gz	50000	EUR	0.988982	0.98064	0.010264	ok	passed	0.97775	false		0.00153803	0.000353466	0	0.988982	0	0.0083425	0.000783978
GCST90165267	GCST90165267	European	EUR	af_assigned	ref_freqs.hg38.tsv.gz	50000	EUR	0.988994	0.980685	0.0102662	ok	passed	0.977749	false		0.00153349	0.000371356	0	0.988994	0	0.00830894	0.000792124
GCST90165271	GCST90165271	European	EUR	af_assigned	ref_freqs.hg38.tsv.gz	50000	EUR	0.98893	0.980556	0.010264	ok	passed	0.97775	false		0.00152383	0.000345529	0	0.98893	0	0.00837403	0.000826207
GCST90165273	GCST90165273	European	EUR	af_assigned	ref_freqs.hg38.tsv.gz	50000	EUR	0.988929	0.980489	0.0102617	ok	passed	0.977753	false		0.00153733	0.000294046	0	0.988929	0	0.00844076	0.000798392
GCST90165275	GCST90165275	European	EUR	af_assigned	ref_freqs.hg38.tsv.gz	50000	EUR	0.988933	0.980483	0.010263	ok	passed	0.977752	false		0.00153396	0.000293664	0	0.988933	0	0.00844936	0.000790426
GCST90165277	GCST90165277	European	EUR	af_assigned	ref_freqs.hg38.tsv.gz	50000	EUR	0.988914	0.980459	0.0102616	ok	passed	0.977749	false		0.0015332	0.000297368	0	0.988914	0	0.00845545	0.000799527
GCST90165279	GCST90165279	European	EUR	af_assigned	ref_freqs.hg38.tsv.gz	50000	EUR	0.988914	0.980455	0.0102615	ok	passed	0.977749	false		0.00153093	0.00029323	0	0.988914	0	0.00845906	0.000802522
GCST90165281	GCST90165281	European	EUR	af_assigned	ref_freqs.hg38.tsv.gz	50000	EUR	0.988962	0.980545	0.0102633	ok	passed	0.977749	false		0.00155014	0.000305998	0	0.988962	0	0.00841628	0.000766026
GCST90165283	GCST90165283	European	EUR	af_assigned	ref_freqs.hg38.tsv.gz	50000	EUR	0.988933	0.980499	0.0102619	ok	passed	0.977757	false		0.00153625	0.000293709	0	0.988933	0	0.00843378	0.000803106
GCST90165285	GCST90165285	European	EUR	af_assigned	ref_freqs.hg38.tsv.gz	50000	EUR	0.989016	0.980712	0.0102627	ok	passed	0.977755	false		0.00155483	0.000309996	0	0.989016	0	0.00830364	0.000815824
GCST90165287	GCST90165287	European	EUR	af_assigned	ref_freqs.hg38.tsv.gz	50000	EUR	0.990339	0.98284	0.0102665	ok	passed	0.977693	false		0.00158719	0.000184216	0	0.990339	0	0.00749884	0.000390761
GCST90165289	GCST90165289	European	EUR	af_assigned	ref_freqs.hg38.tsv.gz	50000	EUR	0.988063	0.979198	0.0102962	ok	passed	0.977752	false		0.0015881	0.000440962	0	0.988063	0	0.00886498	0.00104315
GCST90165290	GCST90165290	European		unassigned	ref_freqs.hg38.tsv.gz	50000	AFR	0.715443	0.437141	0.578877	eaf_orientation	failed	-0.990267			0.715443	0	0.278302	0	0	0	0.00625507
GCST90165291	GCST90165291	European		unassigned	ref_freqs.hg38.tsv.gz	50000	AFR	0.686814	0.388396	0.57974	eaf_orientation	failed	-0.99188			0.686814	0	0.298419	0	0	0	0.0147673
GCST90179114	GCST90179114	European	EUR	af_assigned	ref_freqs.hg38.tsv.gz	50000	EUR	1	1	0.00463849	ok	passed	0.97617	false		0	0	0	1	0	0	0
GCST90179115	GCST90179115	European	EUR	af_assigned	ref_freqs.hg38.tsv.gz	50000	EUR	1	1	0.00460834	ok	passed	0.97616	false		0	0	0	1	0	0	0
GCST90179116	GCST90179116	European	EUR	af_assigned	ref_freqs.hg38.tsv.gz	50000	EUR	1	1	0.00466737	ok	passed	0.976153	false		0	0	0	1	0	0	0
GCST90179117	GCST90179117	European	EUR	af_assigned	ref_freqs.hg38.tsv.gz	50000	EUR	1	1	0.00461045	ok	passed	0.976162	false		0	0	0	1	0	0	0
GCST90179118	GCST90179118	European	EUR	af_assigned	ref_freqs.hg38.tsv.gz	50000	EUR	1	1	0.00475248	ok	passed	0.976211	false		0	0	0	1	0	0	0
GCST90179119	GCST90179119	European	EUR	af_assigned	ref_freqs.hg38.tsv.gz	50000	EUR	1	1	0.00470839	ok	passed	0.976201	false		0	0	0	1	0	0	0
GCST90179120	GCST90179120	European	EUR	af_assigned	ref_freqs.hg38.tsv.gz	50000	EUR	1	1	0.00473129	ok	passed	0.976134	false		0	0	0	1	0	0	0
GCST90179146	GCST90179146	European	EUR	af_assigned	ref_freqs.hg38.tsv.gz	50000	EUR	0.955532	0.935143	0.00425124	ok	passed	0.980219	false		0.0167191	0.00169848	0.00263668	0.955532	0	0.00302494	0.0203889
GCST90179147	GCST90179147	European	EUR	af_assigned	ref_freqs.hg38.tsv.gz	50000	EUR	1	1	0.00464352	ok	passed	0.976306	false		0	0	0	1	0	0	0
GCST90179148	GCST90179148	European	EUR	af_assigned	ref_freqs.hg38.tsv.gz	50000	EUR	1	1	0.00463821	ok	passed	0.976307	false		0	0	0	1	0	0	0
GCST90179149	GCST90179149	European	EUR	af_assigned	ref_freqs.hg38.tsv.gz	50000	EUR	1	1	0.00463782	ok	passed	0.976308	false		0	0	0	1	0	0	0
GCST90179150	GCST90179150	European	EUR	af_assigned	ref_freqs.hg38.tsv.gz	50000	EUR	0.956726	0.938983	0.0149818	ok	passed	0.979064	false		0.0177438	0.00112127	0.003976	0.956726	0	0.00296581	0.0174668
GCST90179151	GCST90179151	European	EUR	af_assigned	ref_freqs.hg38.tsv.gz	50000	EUR	0.92837	0.909163	0.00597571	ok	passed	0.983775	false		0.0192074	0.011107	0.0160421	0.92837	0	0.0104851	0.0147881
GCST90204144	GCST90204144	European	EUR	af_assigned	ref_freqs.hg38.tsv.gz	50000	EUR	0.992774	0.990603	0.00824997	ok	passed	0.978497	false		0.00215622	0.0021707	0.00184098	0.992774	0	0	0.0010583
GCST90204145	GCST90204145	European	EUR	af_assigned	ref_freqs.hg38.tsv.gz	50000	EUR	1	1	0.00733043	ok	passed	0.977119	false		0	0	0	1	0	0	0
GCST90204146	GCST90204146	European	EUR	af_assigned	ref_freqs.hg38.tsv.gz	50000	EUR	1	1	0.00853947	ok	passed	0.976822	false		0	0	0	1	0	0	0
GCST90204167	GCST90204167	European		unassigned	ref_freqs.hg38.tsv.gz	0		0	0		overlap	unverified										
GCST90204194	GCST90204194	European	EUR	af_assigned	ref_freqs.hg38.tsv.gz	50000	EUR	1	1	0.00816518	ok	passed	0.978664	false		0	0	0	1	0	0	0
GCST90204195	GCST90204195	European	EUR	af_assigned	ref_freqs.hg38.tsv.gz	50000	EUR	1	1	0.00816306	ok	passed	0.978684	false		0	0	0	1	0	0	0
GCST90204196	GCST90204196	European	EUR	af_assigned	ref_freqs.hg38.tsv.gz	50000	EUR	1	1	0.00817695	ok	passed	0.978658	false		0	0	0	1	0	0	0
GCST90204197	GCST90204197	European	EUR	af_assigned	ref_freqs.hg38.tsv.gz	50000	EUR	1	1	0.00817007	ok	passed	0.978667	false		0	0	0	1	0	0	0
GCST90204198	GCST90204198	European	EUR	af_assigned	ref_freqs.hg38.tsv.gz	50000	EUR	1	1	0.0072646	ok	passed	0.978728	false		0	0	0	1	0	0	0
GCST90204199	GCST90204199	European	EUR	af_assigned	ref_freqs.hg38.tsv.gz	50000	EUR	1	1	0.00816713	ok	passed	0.978667	false		0	0	0	1	0	0	0
GCST90204200	GCST90204200	European	EUR	af_assigned	ref_freqs.hg38.tsv.gz	50000	EUR	0.978839	0.958366	0.0111987	ok	passed	0.978567	false		0.000688528	0	0	0.978839	0	0.0204729	0
GCST90204201	GCST90204201	European	EUR	af_assigned	ref_freqs.hg38.tsv.gz	50000	EUR	0.768555	0.569292	0.0361294	ok	passed	0.981277	false		0.0152431	0.0169386	0.199263	0.768555	0	0	0
GCST90205183	GCST90205183	European	EUR	af_assigned	ref_freqs.hg38.tsv.gz	50000	EUR	0.934065	0.881119	0.0154075	ok	passed	0.981111	false		0.00442406	0.00856537	0.0529458	0.934065	0	0	0
GCST90225499	GCST90225499	European		unassigned	ref_freqs.hg38.tsv.gz	0		0	0		overlap	unverified										
GCST90225500	GCST90225500	European		unassigned	ref_freqs.hg38.tsv.gz	0		0	0		overlap	unverified										
GCST90225516	GCST90225516	European	EUR	af_assigned	ref_freqs.hg38.tsv.gz	50000	EUR	1	1	0.00468923	ok	passed	0.976414	false		0	0	0	1	0	0	0
GCST90225517	GCST90225517	European	EUR	af_assigned	ref_freqs.hg38.tsv.gz	50000	EUR	1	1	0.00468723	ok	passed	0.976417	false		0	0	0	1	0	0	0
GCST90225518	GCST90225518	European	EUR	af_assigned	ref_freqs.hg38.tsv.gz	50000	EUR	1	1	0.00468943	ok	passed	0.976417	false		0	0	0	1	0	0	0
GCST90225519	GCST90225519	European	EUR	af_assigned	ref_freqs.hg38.tsv.gz	50000	EUR	1	1	0.00468869	ok	passed	0.976416	false		0	0	0	1	0	0	0
GCST90225520	GCST90225520	European	EUR	af_assigned	ref_freqs.hg38.tsv.gz	50000	EUR	1	1	0.00468745	ok	passed	0.976415	false		0	0	0	1	0	0	0
GCST90225521	GCST90225521	European	EUR	af_assigned	ref_freqs.hg38.tsv.gz	50000	EUR	1	1	0.00468873	ok	passed	0.976417	false		0	0	0	1	0	0	0
GCST90225522	GCST90225522	European	EUR	af_assigned	ref_freqs.hg38.tsv.gz	50000	EUR	1	1	0.00468842	ok	passed	0.976417	false		0	0	0	1	0	0	0
GCST90225523	GCST90225523	European	EUR	af_assigned	ref_freqs.hg38.tsv.gz	50000	EUR	1	1	0.00468703	ok	passed	0.976415	false		0	0	0	1	0	0	0
GCST90225524	GCST90225524	European	EUR	af_assigned	ref_freqs.hg38.tsv.gz	50000	EUR	1	1	0.00459974	ok	passed	0.976404	false		0	0	0	1	0	0	0
GCST90225525	GCST90225525	European	EUR	af_assigned	ref_freqs.hg38.tsv.gz	50000	EUR	1	1	0.00459983	ok	passed	0.976404	false		0	0	0	1	0	0	0
GCST90225526	GCST90225526	European	EUR	af_assigned	ref_freqs.hg38.tsv.gz	50000	EUR	1	1	0.00459979	ok	passed	0.976404	false		0	0	0	1	0	0	0
GCST90225527	GCST90225527	European	EUR	af_assigned	ref_freqs.hg38.tsv.gz	50000	EUR	1	1	0.00459979	ok	passed	0.976404	false		0	0	0	1	0	0	0
GCST90225528	GCST90225528	European	EUR	af_assigned	ref_freqs.hg38.tsv.gz	50000	EUR	1	1	0.00459992	ok	passed	0.976404	false		0	0	0	1	0	0	0
GCST90225529	GCST90225529	European	EUR	af_assigned	ref_freqs.hg38.tsv.gz	50000	EUR	1	1	0.00459992	ok	passed	0.976404	false		0	0	0	1	0	0	0
GCST90225530	GCST90225530	European	EUR	af_assigned	ref_freqs.hg38.tsv.gz	50000	EUR	1	1	0.00459974	ok	passed	0.976404	false		0	0	0	1	0	0	0
GCST90225550	GCST90225550	European		unassigned	ref_freqs.hg38.tsv.gz	0		0	0		overlap	unverified										
GCST90239649	GCST90239649	European	EUR	af_assigned	ref_freqs.hg38.tsv.gz	50000	EUR	0.812795	0.741321	0.0109212	ok	passed	0.991351	false		0.0580545	0.0259605	0.0714743	0.812795	0	0.00629627	0.0254196
GCST90239652	GCST90239652	European		unassigned	ref_freqs.hg38.tsv.gz	50000	EUR	0.976773	0.962784	0.0770203	residual	passed	0.946956			0.0139892	0	0	0.976773	0	0	0.00923755
GCST90239655	GCST90239655	European	EUR	af_assigned	ref_freqs.hg38.tsv.gz	50000	EUR	0.832247	0.773605	0.0104454	ok	passed	0.990384	false		0.0586423	0.0239651	0.0528592	0.832247	0	0.00584604	0.0264402
GCST90239658	GCST90239658	European	EUR	af_assigned	ref_freqs.hg38.tsv.gz	50000	EUR	0.991778	0.987939	0.0120718	ok	passed	0.979914	false		0.00106828	0.00331397	0	0.991778	0	0.00383958	0
GCST90239661	GCST90239661	European	EUR	af_assigned	ref_freqs.hg38.tsv.gz	50000	EUR	0.830192	0.77203	0.0106515	ok	passed	0.990395	false		0.0581614	0.0265671	0.052486	0.830192	0	0.00606137	0.0265323
GCST90239664	GCST90239664	European	EUR	af_assigned	ref_freqs.hg38.tsv.gz	50000	EUR	0.991348	0.986957	0.0114886	ok	passed	0.980006	false		0.000842051	0.00341885	0	0.991348	0	0.00439096	0
GCST90239667	GCST90239667	European	EUR	af_assigned	ref_freqs.hg38.tsv.gz	50000	EUR	0.83364	0.742763	0.0116801	ok	passed	0.989653	false		0.025463	0.0170308	0.0908768	0.83364	0	0.00279203	0.0301975
GCST90239670	GCST90239670	European	EUR	af_assigned	ref_freqs.hg38.tsv.gz	50000	EUR	0.998969	0.997938	0.0127711	ok	passed	0.979161	false		0	0.0010309	0	0.998969	0	0	0
GCST90239673	GCST90239673	European	EUR	af_assigned	ref_freqs.hg38.tsv.gz	50000	EUR	0.809872	0.73015	0.0106764	ok	passed	0.99158	false		0.0561007	0.0245427	0.0797225	0.809872	0	0.00579368	0.0239681
GCST90239676	GCST90239676	European	EUR	af_assigned	ref_freqs.hg38.tsv.gz	50000	EUR	0.991859	0.987885	0.0122243	ok	passed	0.979882	false		0.000936171	0.00322978	0	0.991859	0	0.00397458	0
GCST90239748	GCST90239748	European		unassigned	ref_freqs.hg38.tsv.gz	0		0	0		overlap	unverified										
GCST90239749	GCST90239749	European		unassigned	ref_freqs.hg38.tsv.gz	0		0	0		overlap	unverified										
GCST90239750	GCST90239750	European		unassigned	ref_freqs.hg38.tsv.gz	0		0	0		overlap	unverified										
GCST90239819	GCST90239819	European	EUR	af_assigned	ref_freqs.hg38.tsv.gz	50000	EUR	1	1	0.00485098	ok	passed	0.977668	false		0	0	0	1	0	0	0
GCST90239820	GCST90239820	European	EUR	af_assigned	ref_freqs.hg38.tsv.gz	50000	EUR	1	1	0.00480591	ok	passed	0.977629	false		0	0	0	1	0	0	0
GCST90239821	GCST90239821	European	EUR	af_assigned	ref_freqs.hg38.tsv.gz	50000	EUR	1	1	0.00486835	ok	passed	0.977656	false		0	0	0	1	0	0	0
GCST90239822	GCST90239822	European	EUR	af_assigned	ref_freqs.hg38.tsv.gz	50000	EUR	1	1	0.00480886	ok	passed	0.977634	false		0	0	0	1	0	0	0
GCST90239823	GCST90239823	European	EUR	af_assigned	ref_freqs.hg38.tsv.gz	50000	EUR	1	1	0.00486681	ok	passed	0.977657	false		0	0	0	1	0	0	0
GCST90239824	GCST90239824	European	EUR	af_assigned	ref_freqs.hg38.tsv.gz	50000	EUR	1	1	0.00482688	ok	passed	0.977626	false		0	0	0	1	0	0	0
GCST90239825	GCST90239825	European	EUR	af_assigned	ref_freqs.hg38.tsv.gz	50000	EUR	1	1	0.00486671	ok	passed	0.977657	false		0	0	0	1	0	0	0
GCST90239826	GCST90239826	European	EUR	af_assigned	ref_freqs.hg38.tsv.gz	50000	EUR	1	1	0.00482771	ok	passed	0.977624	false		0	0	0	1	0	0	0
GCST90239836	GCST90239836	European	EUR	af_assigned	ref_freqs.hg38.tsv.gz	50000	EUR	0.847382	0.776955	0.00681458	ok	passed	0.986809	false		0.0704277	0.000609492	0.0107717	0.847382	0.0061671	0.00978098	0.0548607
GCST90239837	GCST90239837	European	EUR	af_assigned	ref_freqs.hg38.tsv.gz	50000	EUR	0.847382	0.776955	0.00681458	ok	passed	0.986809	false		0.0704277	0.000609492	0.0107717	0.847382	0.0061671	0.00978098	0.0548607
GCST90239838	GCST90239838	European	EUR	af_assigned	ref_freqs.hg38.tsv.gz	50000	EUR	0.847382	0.776955	0.00681458	ok	passed	0.986809	false		0.0704277	0.000609492	0.0107717	0.847382	0.0061671	0.00978098	0.0548607
GCST90239856	GCST90239856	European		unassigned	ref_freqs.hg38.tsv.gz	0		0	0		overlap	unverified										
GCST90243953	GCST90243953	European	EUR	af_assigned	ref_freqs.hg38.tsv.gz	50000	EUR	1	1	0.00483633	ok	passed	0.978295	false		0	0	0	1	0	0	0
GCST90243955	GCST90243955	European	EUR	af_assigned	ref_freqs.hg38.tsv.gz	50000	EUR	1	1	0.00552175	ok	passed	0.978342	false		0	0	0	1	0	0	0
GCST90243956	GCST90243956	European	EUR	af_assigned	ref_freqs.hg38.tsv.gz	50000	EUR	1	1	0.00533277	ok	passed	0.97739	false		0	0	0	1	0	0	0
GCST90243957	GCST90243957	European	EUR	af_assigned	ref_freqs.hg38.tsv.gz	50000	EUR	1	1	0.00564713	ok	passed	0.977313	false		0	0	0	1	0	0	0
GCST90243958	GCST90243958	European	EUR	af_assigned	ref_freqs.hg38.tsv.gz	50000	EUR	1	1	0.00479137	ok	passed	0.975212	false		0	0	0	1	0	0	0
GCST90243959	GCST90243959	European	EUR	af_assigned	ref_freqs.hg38.tsv.gz	50000	EUR	1	1	0.00472014	ok	passed	0.974761	false		0	0	0	1	0	0	0
GCST90243960	GCST90243960	European	EUR	af_assigned	ref_freqs.hg38.tsv.gz	50000	EUR	1	1	0.00478275	ok	passed	0.975156	false		0	0	0	1	0	0	0
GCST90243961	GCST90243961	European	EUR	af_assigned	ref_freqs.hg38.tsv.gz	50000	EUR	1	1	0.00489428	ok	passed	0.975175	false		0	0	0	1	0	0	0
GCST90243962	GCST90243962	European	EUR	af_assigned	ref_freqs.hg38.tsv.gz	50000	EUR	0.948937	0.926951	0.00566077	ok	passed	0.978072	false		0.00905132	0.00840983	0.00158955	0.948937	0.0100256	0	0.0219866
GCST90243963	GCST90243963	European		unassigned	ref_freqs.hg38.tsv.gz	50000	AFR	0.501875	0.213978	0.322057	residual	unverified				0.501875	0.031177	0.287898	0.0680181	0	0	0.111032
GCST90244092	GCST90244092	European	EUR	af_assigned	ref_freqs.hg38.tsv.gz	50000	EUR	0.808295	0.658117	0.00743464	ok	passed	0.991003	false		0.0160319	0.0147571	0.150178	0.808295	0	0.0042027	0.00653515
GCST90244093	GCST90244093	European	EUR	af_assigned	ref_freqs.hg38.tsv.gz	50000	EUR	0.808289	0.658109	0.00743458	ok	passed	0.991003	false		0.0160312	0.0147578	0.15018	0.808289	0	0.00420379	0.00653754
GCST90244094	GCST90244094	European	EUR	af_assigned	ref_freqs.hg38.tsv.gz	50000	EUR	0.808243	0.658023	0.00743379	ok	passed	0.991004	false		0.0160355	0.0147632	0.15022	0.808243	0	0.00419706	0.00654171
GCST90244095	GCST90244095	European	EUR	af_assigned	ref_freqs.hg38.tsv.gz	50000	EUR	0.970917	0.95541	0.00662931	ok	passed	0.981415	false		0.0155074	0.00109746	0.00138378	0.970917	0	0	0.0110944
GCST90244098	GCST90244098	European	EUR	af_assigned	ref_freqs.hg38.tsv.gz	50000	EUR	1	1	0.00463947	ok	passed	0.978346	false		0	0	0	1	0	0	0
GCST90244103	GCST90244103	European		unassigned	ref_freqs.hg38.tsv.gz	0		0	0		overlap	unverified										
GCST90244151	GCST90244151	European	EUR	af_assigned	ref_freqs.hg38.tsv.gz	50000	EUR	1	1	0.00553775	ok	passed	0.977886	false		0	0	0	1	0	0	0
GCST90244152	GCST90244152	European	EUR	af_assigned	ref_freqs.hg38.tsv.gz	50000	EUR	0.961239	0.948818	0.0188525	ok	passed	0.979009	false		0.0124209	0.0121993	0.00981373	0.961239	0	0.00432685	0
GCST90244153	GCST90244153	European	EUR	af_assigned	ref_freqs.hg38.tsv.gz	50000	EUR	1	1	0.00553968	ok	passed	0.977843	false		0	0	0	1	0	0	0
GCST90244154	GCST90244154	European	EUR	af_assigned	ref_freqs.hg38.tsv.gz	50000	EUR	0.964799	0.951788	0.0183499	ok	passed	0.978855	false		0.0130113	0.0121748	0.00702191	0.964799	0	0.00299277	0
GCST90244155	GCST90244155	European	EUR	af_assigned	ref_freqs.hg38.tsv.gz	50000	EUR	1	1	0.00486336	ok	passed	0.977894	false		0	0	0	1	0	0	0
GCST90244156	GCST90244156	European	EUR	af_assigned	ref_freqs.hg38.tsv.gz	50000	EUR	0.964037	0.952115	0.0198446	ok	passed	0.978533	false		0.0119222	0.0116286	0.0103863	0.964037	0	0.00202574	0
GCST90244167	GCST90244167	European	EUR	af_assigned	ref_freqs.hg38.tsv.gz	50000	EUR	0.978843	0.965722	0.0135425	ok	passed	0.978958	false		0.00458155	0.00182308	0	0.978843	0	0.0131216	0.0016305
GCST90244168	GCST90244168	European	EUR	af_assigned	ref_freqs.hg38.tsv.gz	50000	EUR	0.978893	0.965818	0.0135375	ok	passed	0.978954	false		0.0045751	0.00179765	0	0.978893	0	0.0130755	0.00165852
GCST90244169	GCST90244169	European	EUR	af_assigned	ref_freqs.hg38.tsv.gz	50000	EUR	0.97955	0.966653	0.013441	ok	passed	0.978881	false		0.00450187	0.00164679	0	0.97955	0	0.0128967	0.00140467
GCST90244170	GCST90244170	European	EUR	af_assigned	ref_freqs.hg38.tsv.gz	50000	EUR	0.979379	0.966554	0.0134627	ok	passed	0.978941	false		0.00456353	0.00171902	0	0.979379	0	0.0128246	0.00151418
GCST90244171	GCST90244171	European	EUR	af_assigned	ref_freqs.hg38.tsv.gz	50000	EUR	0.97892	0.965909	0.0135276	ok	passed	0.978957	false		0.00456668	0.0018022	0	0.97892	0	0.0130117	0.00169906
GCST90244172	GCST90244172	European	EUR	af_assigned	ref_freqs.hg38.tsv.gz	50000	EUR	0.978895	0.96588	0.0135431	ok	passed	0.978956	false		0.00457894	0.00180268	0	0.978895	0	0.0130145	0.001709
GCST90244553	GCST90244553	European	EUR	af_assigned	ref_freqs.hg38.tsv.gz	50000	EUR	0.99569	0.99138	0.0139469	ok	passed	0.973979	false		0	0	0	0.99569	0.00430995	0	0
GCST90244658	GCST90244658	European	EUR	af_assigned	ref_freqs.hg38.tsv.gz	50000	EUR	0.985616	0.978025	0.0117639	ok	passed	0.979083	false		0.000340789	0.00178954	0	0.985616	0	0.00759089	0.00466273
GCST90244669	GCST90244669	European	EUR	af_assigned	ref_freqs.hg38.tsv.gz	50000	EUR	1	1	0.00587024	ok	passed	0.969419	false		0	0	0	1	0	0	0
GCST90244710	GCST90244710	European	EUR	af_assigned	ref_freqs.hg38.tsv.gz	50000	EUR	0.977135	0.964509	0.00550517	ok	passed	0.980316	false		0.00594084	0.00126568	0.00235116	0.977135	0	0.000681953	0.0126255
GCST90244711	GCST90244711	European	EUR	af_assigned	ref_freqs.hg38.tsv.gz	50000	EUR	0.977136	0.964502	0.00550405	ok	passed	0.980316	false		0.00594162	0.00125683	0.00235274	0.977136	0	0.000678619	0.0126342
GCST90244755	GCST90244755	European	EUR	af_assigned	ref_freqs.hg38.tsv.gz	50000	EUR	0.983913	0.978094	0.00897141	ok	passed	0.977987	false		0.00318514	0.00309965	0.0007078	0.983913	0	0.00581834	0.00327653
GCST90244822	GCST90244822	European		unassigned	ref_freqs.hg38.tsv.gz	0		0	0		overlap	unverified										
GCST90244823	GCST90244823	European		unassigned	ref_freqs.hg38.tsv.gz	0		0	0		overlap	unverified										
GCST90244824	GCST90244824	European		unassigned	ref_freqs.hg38.tsv.gz	0		0	0		overlap	unverified										
GCST90244825	GCST90244825	European		unassigned	ref_freqs.hg38.tsv.gz	0		0	0		overlap	unverified										
GCST90244828	GCST90244828	European		unassigned	ref_freqs.hg38.tsv.gz	0		0	0		overlap	unverified										
GCST90244829	GCST90244829	European		unassigned	ref_freqs.hg38.tsv.gz	0		0	0		overlap	unverified										
GCST90244832	GCST90244832	European		unassigned	ref_freqs.hg38.tsv.gz	0		0	0		overlap	unverified										
GCST90244833	GCST90244833	European		unassigned	ref_freqs.hg38.tsv.gz	0		0	0		overlap	unverified										
GCST90244834	GCST90244834	European		unassigned	ref_freqs.hg38.tsv.gz	0		0	0		overlap	unverified										
GCST90244835	GCST90244835	European		unassigned	ref_freqs.hg38.tsv.gz	0		0	0		overlap	unverified										
GCST90244837	GCST90244837	European		unassigned	ref_freqs.hg38.tsv.gz	0		0	0		overlap	unverified										
GCST90244838	GCST90244838	European		unassigned	ref_freqs.hg38.tsv.gz	0		0	0		overlap	unverified										
GCST90244839	GCST90244839	European		unassigned	ref_freqs.hg38.tsv.gz	0		0	0		overlap	unverified										
GCST90244840	GCST90244840	European		unassigned	ref_freqs.hg38.tsv.gz	0		0	0		overlap	unverified										
GCST90244842	GCST90244842	European		unassigned	ref_freqs.hg38.tsv.gz	0		0	0		overlap	unverified										
GCST90244845	GCST90244845	European		unassigned	ref_freqs.hg38.tsv.gz	0		0	0		overlap	unverified										
GCST90244846	GCST90244846	European		unassigned	ref_freqs.hg38.tsv.gz	0		0	0		overlap	unverified										
GCST90245765	GCST90245765	European		unassigned	ref_freqs.hg38.tsv.gz	0		0	0		overlap	unverified										
GCST90245766	GCST90245766	European		unassigned	ref_freqs.hg38.tsv.gz	0		0	0		overlap	unverified										
GCST90245767	GCST90245767	European		unassigned	ref_freqs.hg38.tsv.gz	0		0	0		overlap	unverified										
GCST90245768	GCST90245768	European		unassigned	ref_freqs.hg38.tsv.gz	0		0	0		overlap	unverified										
GCST90245769	GCST90245769	European		unassigned	ref_freqs.hg38.tsv.gz	0		0	0		overlap	unverified										
GCST90245770	GCST90245770	European		unassigned	ref_freqs.hg38.tsv.gz	0		0	0		overlap	unverified										
GCST90245771	GCST90245771	European		unassigned	ref_freqs.hg38.tsv.gz	0		0	0		overlap	unverified										
GCST90245772	GCST90245772	European		unassigned	ref_freqs.hg38.tsv.gz	0		0	0		overlap	unverified										
GCST90245773	GCST90245773	European		unassigned	ref_freqs.hg38.tsv.gz	0		0	0		overlap	unverified										
GCST90245774	GCST90245774	European		unassigned	ref_freqs.hg38.tsv.gz	0		0	0		overlap	unverified										
GCST90245775	GCST90245775	European		unassigned	ref_freqs.hg38.tsv.gz	0		0	0		overlap	unverified										
GCST90245776	GCST90245776	European		unassigned	ref_freqs.hg38.tsv.gz	0		0	0		overlap	unverified										
GCST90245818	GCST90245818	European	EUR	af_assigned	ref_freqs.hg38.tsv.gz	50000	EUR	1	1	0.0153346	ok	passed	0.971931	false		0	0	0	1	0	0	0
GCST90245878	GCST90245878	European	EUR	af_assigned	ref_freqs.hg38.tsv.gz	50000	EUR	0.998952	0.997905	0.00561076	ok	passed	0.976917	false		0.00104756	0	0	0.998952	0	0	0
GCST90245992	GCST90245992	European	EUR	af_assigned	ref_freqs.hg38.tsv.gz	50000	EUR	0.994799	0.992358	0.00512816	ok	passed	0.972588	false		0.000986581	0.00244041	0	0.994799	0.00177424	0	0
GCST90246320	GCST90246320	European	EUR	af_assigned	ref_freqs.hg38.tsv.gz	50000	EUR	0.992109	0.9869	0.00535283	ok	passed	0.978299	false		0.000401674	0.0015096	0.000112391	0.992109	0	0.00520911	0.00065783
GCST90246321	GCST90246321	European	EUR	af_assigned	ref_freqs.hg38.tsv.gz	50000	EUR	0.992288	0.988866	0.0053567	ok	passed	0.977693	false		0.00104351	0.00171013	8.97812e-05	0.992288	0	0.00342287	0.00144523
GCST90255375	GCST90255375	European	EUR	af_assigned	ref_freqs.hg38.tsv.gz	50000	EUR	0.990521	0.984465	0.01019	ok	passed	0.977022	false		0.000466208	0.00605578	0.00295726	0.990521	0	0	0
GCST90255613	GCST90255613	European		unassigned	ref_freqs.hg38.tsv.gz	0		0	0		overlap	unverified										
GCST90255676	GCST90255676	European		unassigned	ref_freqs.hg38.tsv.gz	0		0	0		overlap	unverified										
GCST90255677	GCST90255677	European		unassigned	ref_freqs.hg38.tsv.gz	0		0	0		overlap	unverified										
GCST90256401	GCST90256401	European	EUR	af_assigned	ref_freqs.hg38.tsv.gz	23381	EUR	0.987171	0.982736	0.0111787	ok	passed	0.962487	false		0.00128152	0.00443453	0.00305939	0.987171	0.00405363	0	0
GCST90256402	GCST90256402	European	EUR	af_assigned	ref_freqs.hg38.tsv.gz	23413	EUR	0.962078	0.936301	0.0113321	ok	passed	0.967097	false		0.0257769	0.00516366	0.00330342	0.962078	0.00367839	0	0
GCST90256405	GCST90256405	European	EUR	af_assigned	ref_freqs.hg38.tsv.gz	23413	EUR	0.996361	0.99337	0.0123597	ok	passed	0.962457	false		0	0.00299107	0.000647712	0.996361	0	0	0
GCST90256408	GCST90256408	European	EUR	af_assigned	ref_freqs.hg38.tsv.gz	23458	EUR	0.891499	0.827037	0.0126728	ok	passed	0.976376	false		0.064462	0.0172097	0.00643683	0.891499	0.00356303	0	0.0168293
GCST90256411	GCST90256411	European	EUR	af_assigned	ref_freqs.hg38.tsv.gz	23402	EUR	0.997549	0.996009	0.0115104	ok	passed	0.962998	false		0	0.00154004	0.000910985	0.997549	0	0	0
GCST90256414	GCST90256414	European	EUR	af_assigned	ref_freqs.hg38.tsv.gz	23448	EUR	0.891667	0.823388	0.0120331	ok	passed	0.977151	false		0.0682784	0.0113247	0.00799623	0.891667	0.00269476	0	0.0180393
GCST90256417	GCST90256417	European	EUR	af_assigned	ref_freqs.hg38.tsv.gz	23364	EUR	1	1	0.00832791	ok	passed	0.962302	false		0	0	0	1	0	0	0
GCST90256420	GCST90256420	European	EUR	af_assigned	ref_freqs.hg38.tsv.gz	23447	EUR	0.857116	0.804929	0.0119779	ok	passed	0.978257	false		0.0521874	0.0115789	0.0236392	0.857116	0.00976348	0	0.0457151
GCST90256681	GCST90256681	European		unassigned	ref_freqs.hg38.tsv.gz	0		0	0		overlap	unverified										
GCST90256683	GCST90256683	European		unassigned	ref_freqs.hg38.tsv.gz	0		0	0		overlap	unverified										
GCST90256686	GCST90256686	European		unassigned	ref_freqs.hg38.tsv.gz	0		0	0		overlap	unverified										
GCST90256689	GCST90256689	European		unassigned	ref_freqs.hg38.tsv.gz	0		0	0		overlap	unverified										
GCST90256690	GCST90256690	European		unassigned	ref_freqs.hg38.tsv.gz	0		0	0		overlap	unverified										
GCST90256691	GCST90256691	European		unassigned	ref_freqs.hg38.tsv.gz	0		0	0		overlap	unverified										
GCST90256692	GCST90256692	European		unassigned	ref_freqs.hg38.tsv.gz	0		0	0		overlap	unverified										
GCST90256694	GCST90256694	European		unassigned	ref_freqs.hg38.tsv.gz	0		0	0		overlap	unverified										
GCST90256695	GCST90256695	European		unassigned	ref_freqs.hg38.tsv.gz	0		0	0		overlap	unverified										
GCST90256696	GCST90256696	European		unassigned	ref_freqs.hg38.tsv.gz	0		0	0		overlap	unverified										
GCST90257015	GCST90257015	European		unassigned	ref_freqs.hg38.tsv.gz	0		0	0		overlap	unverified										
GCST90257016	GCST90257016	European		unassigned	ref_freqs.hg38.tsv.gz	0		0	0		overlap	unverified										
GCST90257017	GCST90257017	European		unassigned	ref_freqs.hg38.tsv.gz	0		0	0		overlap	unverified										
GCST90257018	GCST90257018	European		unassigned	ref_freqs.hg38.tsv.gz	0		0	0		overlap	unverified										
GCST90257019	GCST90257019	European		unassigned	ref_freqs.hg38.tsv.gz	0		0	0		overlap	unverified										
GCST90257020	GCST90257020	European		unassigned	ref_freqs.hg38.tsv.gz	0		0	0		overlap	unverified										
GCST90257021	GCST90257021	European		unassigned	ref_freqs.hg38.tsv.gz	0		0	0		overlap	unverified										
GCST90257022	GCST90257022	European		unassigned	ref_freqs.hg38.tsv.gz	0		0	0		overlap	unverified										
GCST90257023	GCST90257023	European		unassigned	ref_freqs.hg38.tsv.gz	0		0	0		overlap	unverified										
GCST90257024	GCST90257024	European		unassigned	ref_freqs.hg38.tsv.gz	0		0	0		overlap	unverified										
GCST90257025	GCST90257025	European		unassigned	ref_freqs.hg38.tsv.gz	0		0	0		overlap	unverified										
GCST90257026	GCST90257026	European		unassigned	ref_freqs.hg38.tsv.gz	0		0	0		overlap	unverified										
GCST90257027	GCST90257027	European		unassigned	ref_freqs.hg38.tsv.gz	0		0	0		overlap	unverified										
GCST90257028	GCST90257028	European		unassigned	ref_freqs.hg38.tsv.gz	0		0	0		overlap	unverified										
GCST90257029	GCST90257029	European		unassigned	ref_freqs.hg38.tsv.gz	0		0	0		overlap	unverified										
GCST90257030	GCST90257030	European		unassigned	ref_freqs.hg38.tsv.gz	0		0	0		overlap	unverified										
GCST90257031	GCST90257031	European		unassigned	ref_freqs.hg38.tsv.gz	0		0	0		overlap	unverified										
GCST90257032	GCST90257032	European		unassigned	ref_freqs.hg38.tsv.gz	0		0	0		overlap	unverified										
GCST90257033	GCST90257033	European		unassigned	ref_freqs.hg38.tsv.gz	0		0	0		overlap	unverified										
GCST90257034	GCST90257034	European		unassigned	ref_freqs.hg38.tsv.gz	0		0	0		overlap	unverified										
GCST90257035	GCST90257035	European		unassigned	ref_freqs.hg38.tsv.gz	0		0	0		overlap	unverified										
GCST90257036	GCST90257036	European		unassigned	ref_freqs.hg38.tsv.gz	0		0	0		overlap	unverified										
GCST90257037	GCST90257037	European		unassigned	ref_freqs.hg38.tsv.gz	0		0	0		overlap	unverified										
GCST90257038	GCST90257038	European		unassigned	ref_freqs.hg38.tsv.gz	0		0	0		overlap	unverified										
GCST90257039	GCST90257039	European		unassigned	ref_freqs.hg38.tsv.gz	0		0	0		overlap	unverified										
GCST90257040	GCST90257040	European		unassigned	ref_freqs.hg38.tsv.gz	0		0	0		overlap	unverified										
GCST90257041	GCST90257041	European		unassigned	ref_freqs.hg38.tsv.gz	0		0	0		overlap	unverified										
GCST90257042	GCST90257042	European		unassigned	ref_freqs.hg38.tsv.gz	0		0	0		overlap	unverified										
GCST90257043	GCST90257043	European		unassigned	ref_freqs.hg38.tsv.gz	0		0	0		overlap	unverified										
GCST90257044	GCST90257044	European		unassigned	ref_freqs.hg38.tsv.gz	0		0	0		overlap	unverified										
GCST90257045	GCST90257045	European		unassigned	ref_freqs.hg38.tsv.gz	0		0	0		overlap	unverified										
GCST90257046	GCST90257046	European		unassigned	ref_freqs.hg38.tsv.gz	0		0	0		overlap	unverified										
GCST90257047	GCST90257047	European		unassigned	ref_freqs.hg38.tsv.gz	0		0	0		overlap	unverified										
GCST90257048	GCST90257048	European		unassigned	ref_freqs.hg38.tsv.gz	0		0	0		overlap	unverified										
GCST90257049	GCST90257049	European		unassigned	ref_freqs.hg38.tsv.gz	0		0	0		overlap	unverified										
GCST90257050	GCST90257050	European		unassigned	ref_freqs.hg38.tsv.gz	0		0	0		overlap	unverified										
GCST90257051	GCST90257051	European		unassigned	ref_freqs.hg38.tsv.gz	0		0	0		overlap	unverified										
GCST90257052	GCST90257052	European		unassigned	ref_freqs.hg38.tsv.gz	0		0	0		overlap	unverified										
GCST90257053	GCST90257053	European		unassigned	ref_freqs.hg38.tsv.gz	0		0	0		overlap	unverified										
GCST90257054	GCST90257054	European		unassigned	ref_freqs.hg38.tsv.gz	0		0	0		overlap	unverified										
GCST90257055	GCST90257055	European		unassigned	ref_freqs.hg38.tsv.gz	0		0	0		overlap	unverified										
GCST90257056	GCST90257056	European		unassigned	ref_freqs.hg38.tsv.gz	0		0	0		overlap	unverified										
GCST90257057	GCST90257057	European		unassigned	ref_freqs.hg38.tsv.gz	0		0	0		overlap	unverified										
GCST90257058	GCST90257058	European		unassigned	ref_freqs.hg38.tsv.gz	0		0	0		overlap	unverified										
GCST90257059	GCST90257059	European		unassigned	ref_freqs.hg38.tsv.gz	0		0	0		overlap	unverified										
GCST90257060	GCST90257060	European		unassigned	ref_freqs.hg38.tsv.gz	0		0	0		overlap	unverified										
GCST90257061	GCST90257061	European		unassigned	ref_freqs.hg38.tsv.gz	0		0	0		overlap	unverified										
GCST90257062	GCST90257062	European		unassigned	ref_freqs.hg38.tsv.gz	0		0	0		overlap	unverified										
GCST90257063	GCST90257063	European		unassigned	ref_freqs.hg38.tsv.gz	0		0	0		overlap	unverified										
GCST90257064	GCST90257064	European		unassigned	ref_freqs.hg38.tsv.gz	0		0	0		overlap	unverified										
GCST90257065	GCST90257065	European		unassigned	ref_freqs.hg38.tsv.gz	0		0	0		overlap	unverified										
GCST90257066	GCST90257066	European		unassigned	ref_freqs.hg38.tsv.gz	0		0	0		overlap	unverified										
GCST90257067	GCST90257067	European		unassigned	ref_freqs.hg38.tsv.gz	0		0	0		overlap	unverified										
GCST90257068	GCST90257068	European		unassigned	ref_freqs.hg38.tsv.gz	0		0	0		overlap	unverified										
GCST90257069	GCST90257069	European		unassigned	ref_freqs.hg38.tsv.gz	0		0	0		overlap	unverified										
GCST90257070	GCST90257070	European		unassigned	ref_freqs.hg38.tsv.gz	0		0	0		overlap	unverified										
GCST90257071	GCST90257071	European		unassigned	ref_freqs.hg38.tsv.gz	0		0	0		overlap	unverified										
GCST90257072	GCST90257072	European		unassigned	ref_freqs.hg38.tsv.gz	0		0	0		overlap	unverified										
GCST90257073	GCST90257073	European		unassigned	ref_freqs.hg38.tsv.gz	0		0	0		overlap	unverified										
GCST90257074	GCST90257074	European		unassigned	ref_freqs.hg38.tsv.gz	0		0	0		overlap	unverified										
GCST90257075	GCST90257075	European		unassigned	ref_freqs.hg38.tsv.gz	0		0	0		overlap	unverified										
GCST90257076	GCST90257076	European		unassigned	ref_freqs.hg38.tsv.gz	0		0	0		overlap	unverified										
GCST90257077	GCST90257077	European		unassigned	ref_freqs.hg38.tsv.gz	0		0	0		overlap	unverified										
GCST90257078	GCST90257078	European		unassigned	ref_freqs.hg38.tsv.gz	0		0	0		overlap	unverified										
GCST90257079	GCST90257079	European		unassigned	ref_freqs.hg38.tsv.gz	0		0	0		overlap	unverified										
GCST90257080	GCST90257080	European		unassigned	ref_freqs.hg38.tsv.gz	0		0	0		overlap	unverified										
GCST90257081	GCST90257081	European		unassigned	ref_freqs.hg38.tsv.gz	0		0	0		overlap	unverified										
GCST90257082	GCST90257082	European		unassigned	ref_freqs.hg38.tsv.gz	0		0	0		overlap	unverified										
GCST90257083	GCST90257083	European		unassigned	ref_freqs.hg38.tsv.gz	0		0	0		overlap	unverified										
GCST90257084	GCST90257084	European		unassigned	ref_freqs.hg38.tsv.gz	0		0	0		overlap	unverified										
GCST90257085	GCST90257085	European		unassigned	ref_freqs.hg38.tsv.gz	0		0	0		overlap	unverified										
GCST90257086	GCST90257086	European		unassigned	ref_freqs.hg38.tsv.gz	0		0	0		overlap	unverified										
GCST90257087	GCST90257087	European		unassigned	ref_freqs.hg38.tsv.gz	0		0	0		overlap	unverified										
GCST90257088	GCST90257088	European		unassigned	ref_freqs.hg38.tsv.gz	0		0	0		overlap	unverified										
GCST90257089	GCST90257089	European		unassigned	ref_freqs.hg38.tsv.gz	0		0	0		overlap	unverified										
GCST90257090	GCST90257090	European		unassigned	ref_freqs.hg38.tsv.gz	0		0	0		overlap	unverified										
GCST90257091	GCST90257091	European		unassigned	ref_freqs.hg38.tsv.gz	0		0	0		overlap	unverified										
GCST90257092	GCST90257092	European		unassigned	ref_freqs.hg38.tsv.gz	0		0	0		overlap	unverified										
GCST90257093	GCST90257093	European		unassigned	ref_freqs.hg38.tsv.gz	0		0	0		overlap	unverified										
GCST90257094	GCST90257094	European		unassigned	ref_freqs.hg38.tsv.gz	0		0	0		overlap	unverified										
GCST90257095	GCST90257095	European		unassigned	ref_freqs.hg38.tsv.gz	0		0	0		overlap	unverified										
GCST90257096	GCST90257096	European		unassigned	ref_freqs.hg38.tsv.gz	0		0	0		overlap	unverified										
GCST90257097	GCST90257097	European		unassigned	ref_freqs.hg38.tsv.gz	0		0	0		overlap	unverified										
GCST90257098	GCST90257098	European		unassigned	ref_freqs.hg38.tsv.gz	0		0	0		overlap	unverified										
GCST90257099	GCST90257099	European		unassigned	ref_freqs.hg38.tsv.gz	0		0	0		overlap	unverified										
GCST90257100	GCST90257100	European		unassigned	ref_freqs.hg38.tsv.gz	0		0	0		overlap	unverified										
GCST90257101	GCST90257101	European		unassigned	ref_freqs.hg38.tsv.gz	0		0	0		overlap	unverified										
GCST90257102	GCST90257102	European		unassigned	ref_freqs.hg38.tsv.gz	0		0	0		overlap	unverified										
GCST90257103	GCST90257103	European		unassigned	ref_freqs.hg38.tsv.gz	0		0	0		overlap	unverified										
GCST90257104	GCST90257104	European		unassigned	ref_freqs.hg38.tsv.gz	0		0	0		overlap	unverified										
GCST90257105	GCST90257105	European		unassigned	ref_freqs.hg38.tsv.gz	0		0	0		overlap	unverified										
GCST90264121	GCST90264121	European		unassigned	ref_freqs.hg38.tsv.gz	0		0	0		overlap	unverified										
GCST90264122	GCST90264122	European		unassigned	ref_freqs.hg38.tsv.gz	0		0	0		overlap	unverified										
GCST90264123	GCST90264123	European		unassigned	ref_freqs.hg38.tsv.gz	0		0	0		overlap	unverified										
GCST90264124	GCST90264124	European		unassigned	ref_freqs.hg38.tsv.gz	0		0	0		overlap	unverified										
GCST90264125	GCST90264125	European		unassigned	ref_freqs.hg38.tsv.gz	0		0	0		overlap	unverified										
GCST90264126	GCST90264126	European		unassigned	ref_freqs.hg38.tsv.gz	0		0	0		overlap	unverified										
GCST90264127	GCST90264127	European		unassigned	ref_freqs.hg38.tsv.gz	0		0	0		overlap	unverified										
GCST90264128	GCST90264128	European		unassigned	ref_freqs.hg38.tsv.gz	0		0	0		overlap	unverified										
GCST90264129	GCST90264129	European		unassigned	ref_freqs.hg38.tsv.gz	0		0	0		overlap	unverified										
GCST90264130	GCST90264130	European		unassigned	ref_freqs.hg38.tsv.gz	0		0	0		overlap	unverified										
GCST90264131	GCST90264131	European		unassigned	ref_freqs.hg38.tsv.gz	0		0	0		overlap	unverified										
GCST90264132	GCST90264132	European		unassigned	ref_freqs.hg38.tsv.gz	0		0	0		overlap	unverified										
GCST90264133	GCST90264133	European		unassigned	ref_freqs.hg38.tsv.gz	0		0	0		overlap	unverified										
GCST90264134	GCST90264134	European		unassigned	ref_freqs.hg38.tsv.gz	0		0	0		overlap	unverified										
GCST90264135	GCST90264135	European		unassigned	ref_freqs.hg38.tsv.gz	0		0	0		overlap	unverified										
GCST90264136	GCST90264136	European		unassigned	ref_freqs.hg38.tsv.gz	0		0	0		overlap	unverified										
GCST90264137	GCST90264137	European		unassigned	ref_freqs.hg38.tsv.gz	0		0	0		overlap	unverified										
GCST90264138	GCST90264138	European		unassigned	ref_freqs.hg38.tsv.gz	0		0	0		overlap	unverified										
GCST90264139	GCST90264139	European		unassigned	ref_freqs.hg38.tsv.gz	0		0	0		overlap	unverified										
GCST90264140	GCST90264140	European		unassigned	ref_freqs.hg38.tsv.gz	0		0	0		overlap	unverified										
GCST90264141	GCST90264141	European		unassigned	ref_freqs.hg38.tsv.gz	0		0	0		overlap	unverified										
GCST90264142	GCST90264142	European		unassigned	ref_freqs.hg38.tsv.gz	0		0	0		overlap	unverified										
GCST90264143	GCST90264143	European		unassigned	ref_freqs.hg38.tsv.gz	0		0	0		overlap	unverified										
GCST90264144	GCST90264144	European		unassigned	ref_freqs.hg38.tsv.gz	0		0	0		overlap	unverified										
GCST90264145	GCST90264145	European		unassigned	ref_freqs.hg38.tsv.gz	0		0	0		overlap	unverified										
GCST90264146	GCST90264146	European		unassigned	ref_freqs.hg38.tsv.gz	0		0	0		overlap	unverified										
GCST90264147	GCST90264147	European		unassigned	ref_freqs.hg38.tsv.gz	0		0	0		overlap	unverified										
GCST90264148	GCST90264148	European		unassigned	ref_freqs.hg38.tsv.gz	0		0	0		overlap	unverified										
GCST90264149	GCST90264149	European		unassigned	ref_freqs.hg38.tsv.gz	0		0	0		overlap	unverified										
GCST90264150	GCST90264150	European		unassigned	ref_freqs.hg38.tsv.gz	0		0	0		overlap	unverified										
GCST90267266	GCST90267266	European		unassigned	ref_freqs.hg38.tsv.gz	0		0	0		overlap	unverified										
GCST90267267	GCST90267267	European		unassigned	ref_freqs.hg38.tsv.gz	0		0	0		overlap	unverified										
GCST90267268	GCST90267268	European		unassigned	ref_freqs.hg38.tsv.gz	0		0	0		overlap	unverified										
GCST90267269	GCST90267269	European		unassigned	ref_freqs.hg38.tsv.gz	0		0	0		overlap	unverified										
GCST90267270	GCST90267270	European		unassigned	ref_freqs.hg38.tsv.gz	0		0	0		overlap	unverified										
GCST90267271	GCST90267271	European		unassigned	ref_freqs.hg38.tsv.gz	0		0	0		overlap	unverified										
GCST90267272	GCST90267272	European		unassigned	ref_freqs.hg38.tsv.gz	0		0	0		overlap	unverified										
GCST90267273	GCST90267273	European		unassigned	ref_freqs.hg38.tsv.gz	0		0	0		overlap	unverified										
GCST90267274	GCST90267274	European		unassigned	ref_freqs.hg38.tsv.gz	0		0	0		overlap	unverified										
GCST90267275	GCST90267275	European		unassigned	ref_freqs.hg38.tsv.gz	0		0	0		overlap	unverified										
GCST90267276	GCST90267276	European		unassigned	ref_freqs.hg38.tsv.gz	0		0	0		overlap	unverified										
GCST90267277	GCST90267277	European		unassigned	ref_freqs.hg38.tsv.gz	0		0	0		overlap	unverified										
GCST90267278	GCST90267278	European		unassigned	ref_freqs.hg38.tsv.gz	0		0	0		overlap	unverified										
GCST90267279	GCST90267279	European		unassigned	ref_freqs.hg38.tsv.gz	0		0	0		overlap	unverified										
GCST90267280	GCST90267280	European		unassigned	ref_freqs.hg38.tsv.gz	0		0	0		overlap	unverified										
GCST90267281	GCST90267281	European		unassigned	ref_freqs.hg38.tsv.gz	0		0	0		overlap	unverified										
GCST90267282	GCST90267282	European		unassigned	ref_freqs.hg38.tsv.gz	0		0	0		overlap	unverified										
GCST90267283	GCST90267283	European		unassigned	ref_freqs.hg38.tsv.gz	0		0	0		overlap	unverified										
GCST90267284	GCST90267284	European		unassigned	ref_freqs.hg38.tsv.gz	0		0	0		overlap	unverified										
GCST90267285	GCST90267285	European		unassigned	ref_freqs.hg38.tsv.gz	0		0	0		overlap	unverified										
GCST90267286	GCST90267286	European		unassigned	ref_freqs.hg38.tsv.gz	0		0	0		overlap	unverified										
GCST90267287	GCST90267287	European		unassigned	ref_freqs.hg38.tsv.gz	0		0	0		overlap	unverified										
GCST90267288	GCST90267288	European		unassigned	ref_freqs.hg38.tsv.gz	0		0	0		overlap	unverified										
GCST90267289	GCST90267289	European		unassigned	ref_freqs.hg38.tsv.gz	0		0	0		overlap	unverified										
GCST90267290	GCST90267290	European		unassigned	ref_freqs.hg38.tsv.gz	0		0	0		overlap	unverified										
GCST90267291	GCST90267291	European		unassigned	ref_freqs.hg38.tsv.gz	0		0	0		overlap	unverified										
GCST90267292	GCST90267292	European		unassigned	ref_freqs.hg38.tsv.gz	0		0	0		overlap	unverified										
GCST90267293	GCST90267293	European		unassigned	ref_freqs.hg38.tsv.gz	0		0	0		overlap	unverified										
GCST90267294	GCST90267294	European		unassigned	ref_freqs.hg38.tsv.gz	0		0	0		overlap	unverified										
GCST90267295	GCST90267295	European		unassigned	ref_freqs.hg38.tsv.gz	0		0	0		overlap	unverified										
GCST90267296	GCST90267296	European		unassigned	ref_freqs.hg38.tsv.gz	0		0	0		overlap	unverified										
GCST90267297	GCST90267297	European		unassigned	ref_freqs.hg38.tsv.gz	0		0	0		overlap	unverified										
GCST90267298	GCST90267298	European		unassigned	ref_freqs.hg38.tsv.gz	0		0	0		overlap	unverified										
GCST90267299	GCST90267299	European		unassigned	ref_freqs.hg38.tsv.gz	0		0	0		overlap	unverified										
GCST90267300	GCST90267300	European		unassigned	ref_freqs.hg38.tsv.gz	0		0	0		overlap	unverified										
GCST90267301	GCST90267301	European		unassigned	ref_freqs.hg38.tsv.gz	0		0	0		overlap	unverified										
GCST90267302	GCST90267302	European		unassigned	ref_freqs.hg38.tsv.gz	0		0	0		overlap	unverified										
GCST90267303	GCST90267303	European		unassigned	ref_freqs.hg38.tsv.gz	0		0	0		overlap	unverified										
GCST90267304	GCST90267304	European		unassigned	ref_freqs.hg38.tsv.gz	0		0	0		overlap	unverified										
GCST90267305	GCST90267305	European		unassigned	ref_freqs.hg38.tsv.gz	0		0	0		overlap	unverified										
GCST90267306	GCST90267306	European		unassigned	ref_freqs.hg38.tsv.gz	0		0	0		overlap	unverified										
GCST90267307	GCST90267307	European		unassigned	ref_freqs.hg38.tsv.gz	0		0	0		overlap	unverified										
GCST90267347	GCST90267347	European		unassigned	ref_freqs.hg38.tsv.gz	0		0	0		overlap	unverified										
GCST90267348	GCST90267348	European		unassigned	ref_freqs.hg38.tsv.gz	0		0	0		overlap	unverified										
GCST90267349	GCST90267349	European		unassigned	ref_freqs.hg38.tsv.gz	0		0	0		overlap	unverified										
GCST90267350	GCST90267350	European		unassigned	ref_freqs.hg38.tsv.gz	0		0	0		overlap	unverified										
GCST90267351	GCST90267351	European		unassigned	ref_freqs.hg38.tsv.gz	0		0	0		overlap	unverified										
GCST90267352	GCST90267352	European		unassigned	ref_freqs.hg38.tsv.gz	0		0	0		overlap	unverified										
GCST90267353	GCST90267353	European		unassigned	ref_freqs.hg38.tsv.gz	0		0	0		overlap	unverified										
GCST90267354	GCST90267354	European		unassigned	ref_freqs.hg38.tsv.gz	0		0	0		overlap	unverified										
GCST90267355	GCST90267355	European		unassigned	ref_freqs.hg38.tsv.gz	0		0	0		overlap	unverified										
GCST90267356	GCST90267356	European		unassigned	ref_freqs.hg38.tsv.gz	0		0	0		overlap	unverified										
GCST90267357	GCST90267357	European		unassigned	ref_freqs.hg38.tsv.gz	0		0	0		overlap	unverified										
GCST90267358	GCST90267358	European		unassigned	ref_freqs.hg38.tsv.gz	0		0	0		overlap	unverified										
GCST90267359	GCST90267359	European		unassigned	ref_freqs.hg38.tsv.gz	0		0	0		overlap	unverified										
GCST90267360	GCST90267360	European		unassigned	ref_freqs.hg38.tsv.gz	0		0	0		overlap	unverified										
GCST90267361	GCST90267361	European	EUR	af_assigned	ref_freqs.hg38.tsv.gz	50000	EUR	0.985376	0.980433	0.00720037	ok	passed	0.977948	false		0.00244361	0.00494351	0.00203384	0.985376	0	0.00157447	0.00362847
GCST90267362	GCST90267362	European	EUR	af_assigned	ref_freqs.hg38.tsv.gz	50000	EUR	0.986372	0.982635	0.00679274	ok	passed	0.977435	false		0.00321947	0.00373749	0.00178341	0.986372	0	0.0013439	0.00354343
GCST90267363	GCST90267363	European	EUR	af_assigned	ref_freqs.hg38.tsv.gz	50000	EUR	1	1	0.005274	ok	passed	0.976817	false		0	0	0	1	0	0	0
GCST90267364	GCST90267364	European	EUR	af_assigned	ref_freqs.hg38.tsv.gz	50000	EUR	0.986411	0.981433	0.006739	ok	passed	0.978496	false		0.00186128	0.00497852	0.00216217	0.986411	0	0.00126602	0.00332096
GCST90267372	GCST90267372	European		unassigned	ref_freqs.hg38.tsv.gz	0		0	0		overlap	unverified										
GCST90267408	GCST90267408	European	EUR	af_assigned	ref_freqs.hg38.tsv.gz	50000	EUR	1	1	0.00837612	ok	passed	0.967831	false		0	0	0	1	0	0	0
GCST90267409	GCST90267409	European	EUR	af_assigned	ref_freqs.hg38.tsv.gz	50000	EUR	1	1	0.00837598	ok	passed	0.967833	false		0	0	0	1	0	0	0
GCST90267410	GCST90267410	European	EUR	af_assigned	ref_freqs.hg38.tsv.gz	50000	EUR	1	1	0.00837647	ok	passed	0.967815	false		0	0	0	1	0	0	0
GCST90267411	GCST90267411	European	EUR	af_assigned	ref_freqs.hg38.tsv.gz	50000	EUR	1	1	0.00837647	ok	passed	0.967815	false		0	0	0	1	0	0	0
GCST90267567	GCST90267567	European	EUR	af_assigned	ref_freqs.hg38.tsv.gz	50000	EUR	0.981356	0.976156	0.00799862	ok	passed	0.979555	false		0.00228788	0.00515377	0.00207397	0.981356	0	0.00392903	0.00519964
GCST90267568	GCST90267568	European	EUR	af_assigned	ref_freqs.hg38.tsv.gz	50000	EUR	0.9814	0.976234	0.00799677	ok	passed	0.979554	false		0.00228591	0.00514574	0.00208096	0.9814	0	0.00392109	0.00516633
GCST90267571	GCST90267571	European	EUR	af_assigned	ref_freqs.hg38.tsv.gz	50000	EUR	0.940133	0.905196	0.0107013	ok	passed	0.981177	false		0.00554525	0.0349377	0.0131697	0.940133	0	0.00462548	0.00158834
GCST90267572	GCST90267572	European	EUR	af_assigned	ref_freqs.hg38.tsv.gz	50000	EUR	0.9402	0.905286	0.0106974	ok	passed	0.981175	false		0.00554284	0.0349147	0.0131551	0.9402	0	0.00462229	0.00156469
GCST90267573	GCST90267573	European	EUR	af_assigned	ref_freqs.hg38.tsv.gz	50000	EUR	0.9813	0.976084	0.00792972	ok	passed	0.979565	false		0.00230539	0.00502454	0.00206199	0.9813	0	0.00409137	0.00521652
GCST90267574	GCST90267574	European	EUR	af_assigned	ref_freqs.hg38.tsv.gz	50000	EUR	0.981345	0.976164	0.00795806	ok	passed	0.979557	false		0.00234705	0.00502736	0.00209355	0.981345	0	0.00400588	0.00518094
GCST90267577	GCST90267577	European	EUR	af_assigned	ref_freqs.hg38.tsv.gz	50000	EUR	0.940825	0.906477	0.0105964	ok	passed	0.981163	false		0.00552534	0.0343475	0.0130026	0.940825	0	0.00467792	0.00162195
GCST90267578	GCST90267578	European	EUR	af_assigned	ref_freqs.hg38.tsv.gz	50000	EUR	0.939665	0.904436	0.0106998	ok	passed	0.981197	false		0.00560898	0.0352291	0.013279	0.939665	0	0.00466277	0.00155468
GCST90267986	GCST90267986	European	EUR	af_assigned	ref_freqs.hg38.tsv.gz	50000	EUR	1	1	0.00456068	ok	passed	0.977126	false		0	0	0	1	0	0	0
GCST90268116	GCST90268116	European	EUR	af_assigned	ref_freqs.hg38.tsv.gz	50000	EUR	0.979476	0.967684	0.00531132	ok	passed	0.980146	false		0.00550242	0.00117121	0.00180729	0.979476	0	0.000250729	0.0117922
GCST90268117	GCST90268117	European	EUR	af_assigned	ref_freqs.hg38.tsv.gz	50000	EUR	0.979546	0.967757	0.00530935	ok	passed	0.980147	false		0.00550492	0.00114454	0.00179807	0.979546	0	0.000216271	0.0117898
GCST90268118	GCST90268118	European	EUR	af_assigned	ref_freqs.hg38.tsv.gz	50000	EUR	0.979516	0.96773	0.00531218	ok	passed	0.980145	false		0.00547271	0.00119607	0.00178565	0.979516	0	0.000243687	0.0117859
GCST90268119	GCST90268119	European	EUR	af_assigned	ref_freqs.hg38.tsv.gz	50000	EUR	0.979523	0.967751	0.00531046	ok	passed	0.980146	false		0.00550368	0.00118197	0.00181379	0.979523	0	0.000205022	0.0117721
GCST90268120	GCST90268120	European	EUR	af_assigned	ref_freqs.hg38.tsv.gz	50000	EUR	0.97946	0.967611	0.00531173	ok	passed	0.980148	false		0.00550474	0.00116807	0.00179643	0.97946	0	0.000222059	0.0118487
GCST90268121	GCST90268121	European	EUR	af_assigned	ref_freqs.hg38.tsv.gz	50000	EUR	0.979474	0.96769	0.00531016	ok	passed	0.980144	false		0.00546859	0.00118536	0.00181255	0.979474	0	0.000275506	0.0117838
GCST90268122	GCST90268122	European	EUR	af_assigned	ref_freqs.hg38.tsv.gz	50000	EUR	0.979444	0.967646	0.00531343	ok	passed	0.980146	false		0.00549568	0.00116421	0.00181027	0.979444	0	0.000286736	0.0117987
GCST90268123	GCST90268123	European	EUR	af_assigned	ref_freqs.hg38.tsv.gz	50000	EUR	0.979926	0.968054	0.00533707	ok	passed	0.980065	false		0.00530152	0.000925005	0.00174931	0.979926	0	0.000226699	0.0118719
GCST90268124	GCST90268124	European	EUR	af_assigned	ref_freqs.hg38.tsv.gz	50000	EUR	0.979901	0.967999	0.00533681	ok	passed	0.980065	false		0.0052952	0.000946342	0.00173937	0.979901	0	0.000215944	0.0119019
GCST90268125	GCST90268125	European	EUR	af_assigned	ref_freqs.hg38.tsv.gz	50000	EUR	0.979912	0.968021	0.00533726	ok	passed	0.980064	false		0.00529805	0.000934478	0.00174947	0.979912	0	0.000215186	0.0118907
GCST90268126	GCST90268126	European	EUR	af_assigned	ref_freqs.hg38.tsv.gz	50000	EUR	0.979917	0.968004	0.00533686	ok	passed	0.980062	false		0.0052987	0.000931354	0.00174239	0.979917	0	0.00019671	0.0119136
GCST90268127	GCST90268127	European	EUR	af_assigned	ref_freqs.hg38.tsv.gz	50000	EUR	0.979912	0.96803	0.00533805	ok	passed	0.980061	false		0.00529796	0.00093925	0.00175224	0.979912	0	0.000216554	0.0118822
GCST90268128	GCST90268128	European	EUR	af_assigned	ref_freqs.hg38.tsv.gz	50000	EUR	0.979902	0.968005	0.005338	ok	passed	0.980064	false		0.0052946	0.000939166	0.00174383	0.979902	0	0.00022404	0.0118966
GCST90268129	GCST90268129	European	EUR	af_assigned	ref_freqs.hg38.tsv.gz	50000	EUR	0.979903	0.96801	0.00533668	ok	passed	0.980065	false		0.00528701	0.000972065	0.00173955	0.979903	0	0.000205486	0.0118929
GCST90268130	GCST90268130	European	EUR	af_assigned	ref_freqs.hg38.tsv.gz	50000	EUR	0.9799	0.96798	0.00533601	ok	passed	0.980065	false		0.00530002	0.000947262	0.00173493	0.9799	0	0.000197437	0.0119202
GCST90268131	GCST90268131	European	EUR	af_assigned	ref_freqs.hg38.tsv.gz	50000	EUR	0.979869	0.967983	0.00533676	ok	passed	0.980066	false		0.00528589	0.000913763	0.00176053	0.979869	0	0.000284814	0.011886
GCST90268132	GCST90268132	European	EUR	af_assigned	ref_freqs.hg38.tsv.gz	50000	EUR	0.979926	0.968054	0.00533707	ok	passed	0.980065	false		0.00530152	0.000925005	0.00174931	0.979926	0	0.000226699	0.0118719
GCST90268133	GCST90268133	European	EUR	af_assigned	ref_freqs.hg38.tsv.gz	50000	EUR	0.979901	0.967999	0.00533681	ok	passed	0.980065	false		0.0052952	0.000946342	0.00173937	0.979901	0	0.000215944	0.0119019
GCST90268134	GCST90268134	European	EUR	af_assigned	ref_freqs.hg38.tsv.gz	50000	EUR	0.979912	0.968021	0.00533726	ok	passed	0.980064	false		0.00529805	0.000934478	0.00174947	0.979912	0	0.000215186	0.0118907
GCST90268135	GCST90268135	European	EUR	af_assigned	ref_freqs.hg38.tsv.gz	50000	EUR	0.979917	0.968004	0.00533686	ok	passed	0.980062	false		0.0052987	0.000931354	0.00174239	0.979917	0	0.00019671	0.0119136
GCST90268136	GCST90268136	European	EUR	af_assigned	ref_freqs.hg38.tsv.gz	50000	EUR	0.979912	0.96803	0.00533805	ok	passed	0.980061	false		0.00529796	0.00093925	0.00175224	0.979912	0	0.000216554	0.0118822
GCST90268137	GCST90268137	European	EUR	af_assigned	ref_freqs.hg38.tsv.gz	50000	EUR	0.979902	0.968005	0.005338	ok	passed	0.980064	false		0.0052946	0.000939166	0.00174383	0.979902	0	0.00022404	0.0118966
GCST90268138	GCST90268138	European	EUR	af_assigned	ref_freqs.hg38.tsv.gz	50000	EUR	0.979903	0.96801	0.00533668	ok	passed	0.980065	false		0.00528701	0.000972065	0.00173955	0.979903	0	0.000205486	0.0118929
GCST90268139	GCST90268139	European	EUR	af_assigned	ref_freqs.hg38.tsv.gz	50000	EUR	0.9799	0.96798	0.00533601	ok	passed	0.980065	false		0.00530002	0.000947262	0.00173493	0.9799	0	0.000197437	0.0119202
GCST90268140	GCST90268140	European	EUR	af_assigned	ref_freqs.hg38.tsv.gz	50000	EUR	0.979869	0.967983	0.00533676	ok	passed	0.980066	false		0.00528589	0.000913763	0.00176053	0.979869	0	0.000284814	0.011886
GCST90268141	GCST90268141	European	EUR	af_assigned	ref_freqs.hg38.tsv.gz	50000	EUR	0.979476	0.967684	0.00531132	ok	passed	0.980146	false		0.00550242	0.00117121	0.00180729	0.979476	0	0.000250729	0.0117922
GCST90268142	GCST90268142	European	EUR	af_assigned	ref_freqs.hg38.tsv.gz	50000	EUR	0.979546	0.967757	0.00530935	ok	passed	0.980147	false		0.00550492	0.00114454	0.00179807	0.979546	0	0.000216271	0.0117898
GCST90268143	GCST90268143	European	EUR	af_assigned	ref_freqs.hg38.tsv.gz	50000	EUR	0.979516	0.96773	0.00531218	ok	passed	0.980145	false		0.00547271	0.00119607	0.00178565	0.979516	0	0.000243687	0.0117859
GCST90268144	GCST90268144	European	EUR	af_assigned	ref_freqs.hg38.tsv.gz	50000	EUR	0.979523	0.967751	0.00531046	ok	passed	0.980146	false		0.00550368	0.00118197	0.00181379	0.979523	0	0.000205022	0.0117721
GCST90268145	GCST90268145	European	EUR	af_assigned	ref_freqs.hg38.tsv.gz	50000	EUR	0.97946	0.967611	0.00531173	ok	passed	0.980148	false		0.00550474	0.00116807	0.00179643	0.97946	0	0.000222059	0.0118487
GCST90268146	GCST90268146	European	EUR	af_assigned	ref_freqs.hg38.tsv.gz	50000	EUR	0.979474	0.96769	0.00531016	ok	passed	0.980144	false		0.00546859	0.00118536	0.00181255	0.979474	0	0.000275506	0.0117838
GCST90268147	GCST90268147	European	EUR	af_assigned	ref_freqs.hg38.tsv.gz	50000	EUR	0.979444	0.967646	0.00531343	ok	passed	0.980146	false		0.00549568	0.00116421	0.00181027	0.979444	0	0.000286736	0.0117987
GCST90268400	GCST90268400	European	EUR	af_assigned	ref_freqs.hg38.tsv.gz	50000	EUR	0.980266	0.966745	0.0183186	ok	passed	0.973613	false		0	0.00621397	0.0135203	0.980266	0	0	0
GCST90268401	GCST90268401	European	EUR	af_assigned	ref_freqs.hg38.tsv.gz	50000	EUR	1	1	0.0183166	ok	passed	0.974409	false		0	0	0	1	0	0	0
GCST90268402	GCST90268402	European	EUR	af_assigned	ref_freqs.hg38.tsv.gz	50000	EUR	0.95369	0.932219	0.00525974	ok	passed	0.981335	false		0.0166738	0.0017032	0.00272941	0.95369	0	0.0037327	0.021471
GCST90268419	GCST90268419	European		unassigned	ref_freqs.hg38.tsv.gz	50000	EUR	0.401418	0.167957	0.242842	residual	passed	0.663421			0.193386	0.00822065	0.0214592	0.401418	0	0.142055	0.233461
GCST90268420	GCST90268420	European		unassigned	ref_freqs.hg38.tsv.gz	50000	EUR	0.401418	0.167957	0.242842	residual	passed	0.663421			0.193386	0.00822065	0.0214592	0.401418	0	0.142055	0.233461
GCST90268421	GCST90268421	European		unassigned	ref_freqs.hg38.tsv.gz	50000	EUR	0.400372	0.167353	0.24281	residual	passed	0.66356			0.19381	0.00758983	0.022513	0.400372	0	0.142697	0.233019
GCST90268422	GCST90268422	European		unassigned	ref_freqs.hg38.tsv.gz	50000	EUR	0.400372	0.167353	0.24281	residual	passed	0.66356			0.19381	0.00758983	0.022513	0.400372	0	0.142697	0.233019
GCST90268462	GCST90268462	European	EUR	af_assigned	ref_freqs.hg38.tsv.gz	50000	EUR	1	1	0.0094461	ok	passed	0.976159	false		0	0	0	1	0	0	0
GCST90268463	GCST90268463	European	EUR	af_assigned	ref_freqs.hg38.tsv.gz	50000	EUR	0.996681	0.994373	0.0105497	ok	passed	0.976565	false		0	0	0	0.996681	0	0.00101148	0.00230752
GCST90268464	GCST90268464	European	EUR	af_assigned	ref_freqs.hg38.tsv.gz	50000	EUR	0.993148	0.98718	0.00961698	ok	passed	0.976482	false		0	0	0	0.993148	0	0.00596868	0.000882926
GCST90268465	GCST90268465	European	EUR	af_assigned	ref_freqs.hg38.tsv.gz	50000	EUR	0.988137	0.98016	0.0145547	ok	passed	0.974603	false		0	0.00388613	0	0.988137	0	0	0.00797705
GCST90268466	GCST90268466	European	EUR	af_assigned	ref_freqs.hg38.tsv.gz	50000	EUR	1	1	0.0135811	ok	passed	0.973747	false		0	0	0	1	0	0	0
GCST90268467	GCST90268467	European	EUR	af_assigned	ref_freqs.hg38.tsv.gz	50000	EUR	0.957339	0.936351	0.00455513	ok	passed	0.981214	false		0.012175	0.000631744	0.00344396	0.957339	0	0.00542249	0.020988
GCST90268468	GCST90268468	European	EUR	af_assigned	ref_freqs.hg38.tsv.gz	50000	EUR	0.995809	0.991619	0.0106944	ok	passed	0.976169	false		0	0	0	0.995809	0	0.00419061	0
GCST90268469	GCST90268469	European	EUR	af_assigned	ref_freqs.hg38.tsv.gz	50000	EUR	0.994688	0.989377	0.0110875	ok	passed	0.975901	false		0	0.00531172	0	0.994688	0	0	0
GCST90268470	GCST90268470	European	EUR	af_assigned	ref_freqs.hg38.tsv.gz	50000	EUR	0.994699	0.992171	0.0100688	ok	passed	0.976836	false		0	7.78176e-05	0.00240287	0.994699	0	0.000292019	0.00252818
GCST90268471	GCST90268471	European	EUR	af_assigned	ref_freqs.hg38.tsv.gz	50000	EUR	1	1	0.0111639	ok	passed	0.975132	false		0	0	0	1	0	0	0
GCST90268472	GCST90268472	European	EUR	af_assigned	ref_freqs.hg38.tsv.gz	50000	EUR	0.999622	0.999244	0.00813198	ok	passed	0.977534	false		0	0	0.000378073	0.999622	0	0	0
GCST90268473	GCST90268473	European	EUR	af_assigned	ref_freqs.hg38.tsv.gz	50000	EUR	0.94046	0.912109	0.00972185	ok	passed	0.983003	false		0.028351	0	0.0255678	0.94046	0	0.00371097	0.00190992
GCST90268474	GCST90268474	European	EUR	af_assigned	ref_freqs.hg38.tsv.gz	50000	EUR	0.998795	0.99759	0.0138476	ok	passed	0.974238	false		0	0.00120491	0	0.998795	0	0	0
GCST90268475	GCST90268475	European	EUR	af_assigned	ref_freqs.hg38.tsv.gz	50000	EUR	0.997358	0.995839	0.0106197	ok	passed	0.975947	false		0	0	0	0.997358	0	0.00112247	0.00151916
GCST90268476	GCST90268476	European	EUR	af_assigned	ref_freqs.hg38.tsv.gz	50000	EUR	0.958322	0.937895	0.00459805	ok	passed	0.981172	false		0.0112418	0.000824304	0.00452797	0.958322	0	0.00465681	0.0204269
GCST90268477	GCST90268477	European	EUR	af_assigned	ref_freqs.hg38.tsv.gz	50000	EUR	0.999713	0.999426	0.00803715	ok	passed	0.977203	false		0	0	0	0.999713	0	0.000286761	0
GCST90268478	GCST90268478	European	EUR	af_assigned	ref_freqs.hg38.tsv.gz	50000	EUR	1	1	0.00906762	ok	passed	0.976682	false		0	0	0	1	0	0	0
GCST90268479	GCST90268479	European	EUR	af_assigned	ref_freqs.hg38.tsv.gz	50000	EUR	0.996358	0.993229	0.0110259	ok	passed	0.975954	false		0	0.00312914	0.000513126	0.996358	0	0	0
GCST90268480	GCST90268480	European	EUR	af_assigned	ref_freqs.hg38.tsv.gz	50000	EUR	0.921579	0.889219	0.0113069	ok	passed	0.983855	false		0.0323603	0.00172393	0.0222203	0.921579	0	0	0.0221166
GCST90268481	GCST90268481	European	EUR	af_assigned	ref_freqs.hg38.tsv.gz	50000	EUR	0.999183	0.998366	0.00635944	ok	passed	0.977864	false		0	0	0	0.999183	0	0	0.000816846
GCST90268482	GCST90268482	European	EUR	af_assigned	ref_freqs.hg38.tsv.gz	50000	EUR	0.970533	0.951759	0.0075666	ok	passed	0.980386	false		0.0187749	0.0011582	0	0.970533	0	0	0.00953353
GCST90268483	GCST90268483	European	EUR	af_assigned	ref_freqs.hg38.tsv.gz	50000	EUR	0.988012	0.979105	0.0067654	ok	passed	0.978324	false		0	0.00308044	0	0.988012	0	0	0.00890715
GCST90268484	GCST90268484	European	EUR	af_assigned	ref_freqs.hg38.tsv.gz	50000	EUR	0.999404	0.998807	0.013659	ok	passed	0.974273	false		0	0	0.000596432	0.999404	0	0	0
GCST90268485	GCST90268485	European	EUR	af_assigned	ref_freqs.hg38.tsv.gz	50000	EUR	0.965943	0.950293	0.00493631	ok	passed	0.980476	false		0.00554701	0.0022999	0.00658201	0.965943	0	0.00397779	0.0156501
GCST90268486	GCST90268486	European	EUR	af_assigned	ref_freqs.hg38.tsv.gz	50000	EUR	1	1	0.0062747	ok	passed	0.977694	false		0	0	0	1	0	0	0
GCST90268487	GCST90268487	European	EUR	af_assigned	ref_freqs.hg38.tsv.gz	50000	EUR	0.89583	0.840813	0.0213408	ok	passed	0.98225	false		0.00649253	0.00320914	0.0550169	0.89583	0	0.00915154	0.0303003
GCST90268488	GCST90268488	European	EUR	af_assigned	ref_freqs.hg38.tsv.gz	50000	EUR	0.926753	0.893958	0.0146451	ok	passed	0.982694	false		0.0327951	0.0037474	0.015247	0.926753	0	0	0.0214573
GCST90268489	GCST90268489	European	EUR	af_assigned	ref_freqs.hg38.tsv.gz	50000	EUR	0.976955	0.958391	0.0101623	ok	passed	0.979652	false		0.0185649	0.00397621	0.000503387	0.976955	0	0	0
GCST90268490	GCST90268490	European	EUR	af_assigned	ref_freqs.hg38.tsv.gz	50000	EUR	0.995944	0.993015	0.00789308	ok	passed	0.977836	false		0	0.00112693	0.00292912	0.995944	0	0	0
GCST90268491	GCST90268491	European	EUR	af_assigned	ref_freqs.hg38.tsv.gz	50000	EUR	0.985526	0.971052	0.00676994	ok	passed	0.978722	false		0	0	0	0.985526	0	0	0.0144742
GCST90268492	GCST90268492	European	EUR	af_assigned	ref_freqs.hg38.tsv.gz	50000	EUR	0.900857	0.84762	0.021002	ok	passed	0.982129	false		0.00639448	0.00398303	0.0532372	0.900857	0	0.00556502	0.029963
GCST90268493	GCST90268493	European	EUR	af_assigned	ref_freqs.hg38.tsv.gz	50000	EUR	0.983645	0.967301	0.00677072	ok	passed	0.978759	false		1.12515e-05	0	0	0.983645	0	0	0.0163438
GCST90268494	GCST90268494	European	EUR	af_assigned	ref_freqs.hg38.tsv.gz	50000	EUR	0.899348	0.842695	0.0228276	ok	passed	0.981769	false		0.00731465	0.00417877	0.0566526	0.899348	0	0.00741224	0.0250941
GCST90268495	GCST90268495	European	EUR	af_assigned	ref_freqs.hg38.tsv.gz	50000	EUR	0.99874	0.99748	0.00652826	ok	passed	0.97774	false		0	0	0	0.99874	0	0	0.00126002
GCST90268496	GCST90268496	European	EUR	af_assigned	ref_freqs.hg38.tsv.gz	50000	EUR	1	1	0.00822505	ok	passed	0.977122	false		0	0	0	1	0	0	0
GCST90268497	GCST90268497	European	EUR	af_assigned	ref_freqs.hg38.tsv.gz	50000	EUR	0.962001	0.943202	0.00454877	ok	passed	0.980987	false		0.0117392	0.000721598	0.00289764	0.962001	0	0.00384207	0.0187986
GCST90268498	GCST90268498	European	EUR	af_assigned	ref_freqs.hg38.tsv.gz	50000	EUR	0.962001	0.943202	0.00454877	ok	passed	0.980987	false		0.0117392	0.000721598	0.00289764	0.962001	0	0.00384207	0.0187986
GCST90268499	GCST90268499	European	EUR	af_assigned	ref_freqs.hg38.tsv.gz	50000	EUR	0.960975	0.943423	0.0045388	ok	passed	0.98107	false		0.0129948	0.000891917	0.00278384	0.960975	0	0.00480163	0.0175523
GCST90268500	GCST90268500	European	EUR	af_assigned	ref_freqs.hg38.tsv.gz	50000	EUR	0.960975	0.943423	0.0045388	ok	passed	0.98107	false		0.0129948	0.000891917	0.00278384	0.960975	0	0.00480163	0.0175523
GCST90269769	GCST90269769	European		unassigned	ref_freqs.hg38.tsv.gz	43912	EUR	0.715953	0.554118	0.200914	residual	passed	0.768424			0.161835	0	0.031519	0.715953	0.0252724	0	0.0654206
GCST90269902	GCST90269902	European	EUR	af_assigned	ref_freqs.hg38.tsv.gz	50000	EUR	1	1	0.00596413	ok	passed	0.978862	false		0	0	0	1	0	0	0
GCST90269904	GCST90269904	European	EUR	af_assigned	ref_freqs.hg38.tsv.gz	50000	EUR	0.988101	0.981135	0.0163455	ok	passed	0.974912	false		0	0.00493384	0.00696549	0.988101	0	0	0
GCST90269905	GCST90269905	European	EUR	af_assigned	ref_freqs.hg38.tsv.gz	50000	EUR	0.987502	0.980079	0.0164396	ok	passed	0.974843	false		0	0.00507461	0.00742311	0.987502	0	0	0
GCST90269925	GCST90269925	European	EUR	af_assigned	ref_freqs.hg38.tsv.gz	50000	EUR	0.993649	0.989195	0.0156516	ok	passed	0.979639	false		0	0.00189585	0	0.993649	0	0	0.00445465
GCST90269926	GCST90269926	European	EUR	af_assigned	ref_freqs.hg38.tsv.gz	50000	EUR	0.993649	0.989195	0.0156516	ok	passed	0.979639	false		0	0.00189585	0	0.993649	0	0	0.00445465
GCST90269927	GCST90269927	European	EUR	af_assigned	ref_freqs.hg38.tsv.gz	50000	EUR	0.993649	0.989195	0.0156516	ok	passed	0.979639	false		0	0.00189585	0	0.993649	0	0	0.00445465
GCST90269928	GCST90269928	European	EUR	af_assigned	ref_freqs.hg38.tsv.gz	50000	EUR	0.992855	0.98571	0.021321	ok	passed	0.976162	false		0	0	0	0.992855	0	0	0.00714499
GCST90269929	GCST90269929	European	EUR	af_assigned	ref_freqs.hg38.tsv.gz	50000	EUR	0.992855	0.98571	0.021321	ok	passed	0.976162	false		0	0	0	0.992855	0	0	0.00714499
GCST90269930	GCST90269930	European	EUR	af_assigned	ref_freqs.hg38.tsv.gz	50000	EUR	0.992855	0.98571	0.021321	ok	passed	0.976162	false		0	0	0	0.992855	0	0	0.00714499
GCST90269931	GCST90269931	European	EUR	af_assigned	ref_freqs.hg38.tsv.gz	50000	EUR	0.992855	0.98571	0.021321	ok	passed	0.976162	false		0	0	0	0.992855	0	0	0.00714499
GCST90269957	GCST90269957	European	EUR	af_assigned	ref_freqs.hg38.tsv.gz	50000	EUR	0.565455	0.239164	0.00878717	ok	passed	0.992572	false		0.0603887	0.0265265	0.326291	0.565455	0	0.0111333	0.0102049
GCST90269970	GCST90269970	European	EUR	af_assigned	ref_freqs.hg38.tsv.gz	50000	EUR	0.996555	0.994932	0.00478366	ok	passed	0.977739	false		0.000911922	0.0016233	0	0.996555	0	0.000909559	0
GCST90270074	GCST90270074	European		unassigned	ref_freqs.hg38.tsv.gz	0		0	0		overlap	unverified										
GCST90270075	GCST90270075	European		unassigned	ref_freqs.hg38.tsv.gz	3137	EUR	0.972297	0.944595	0.198238	overlap	unverified				0	0	0.0277026	0.972297	0	0	0
GCST90270076	GCST90270076	European		unassigned	ref_freqs.hg38.tsv.gz	1728	EUR	0.89198	0.805089	0.272587	overlap	unverified				0.0211282	0	0.0868914	0.89198	0	0	0
GCST90270100	GCST90270100	European	EUR	af_assigned	ref_freqs.hg38.tsv.gz	50000	EUR	0.974161	0.954701	0.00919132	ok	passed	0.973394	false		0	0	0.00129072	0.974161	0.0194599	0	0.00508844
GCST90270101	GCST90270101	European	EUR	af_assigned	ref_freqs.hg38.tsv.gz	50000	EUR	0.974161	0.954701	0.00919132	ok	passed	0.973394	false		0	0	0.00129072	0.974161	0.0194599	0	0.00508844
GCST90270102	GCST90270102	European	EUR	af_assigned	ref_freqs.hg38.tsv.gz	50000	EUR	0.974161	0.954701	0.00919132	ok	passed	0.973394	false		0	0	0.00129072	0.974161	0.0194599	0	0.00508844
GCST90270103	GCST90270103	European	EUR	af_assigned	ref_freqs.hg38.tsv.gz	50000	EUR	0.974161	0.954701	0.00919132	ok	passed	0.973394	false		0	0	0.00129072	0.974161	0.0194599	0	0.00508844
GCST90270104	GCST90270104	European	EUR	af_assigned	ref_freqs.hg38.tsv.gz	50000	EUR	0.974161	0.954701	0.00919132	ok	passed	0.973394	false		0	0	0.00129072	0.974161	0.0194599	0	0.00508844
GCST90270105	GCST90270105	European	EUR	af_assigned	ref_freqs.hg38.tsv.gz	50000	EUR	0.974161	0.954701	0.00919132	ok	passed	0.973394	false		0	0	0.00129072	0.974161	0.0194599	0	0.00508844
GCST90270106	GCST90270106	European	EUR	af_assigned	ref_freqs.hg38.tsv.gz	50000	EUR	0.974161	0.954701	0.00919132	ok	passed	0.973394	false		0	0	0.00129072	0.974161	0.0194599	0	0.00508844
GCST90270107	GCST90270107	European	EUR	af_assigned	ref_freqs.hg38.tsv.gz	50000	EUR	0.974161	0.954701	0.00919132	ok	passed	0.973394	false		0	0	0.00129072	0.974161	0.0194599	0	0.00508844
GCST90270108	GCST90270108	European	EUR	af_assigned	ref_freqs.hg38.tsv.gz	50000	EUR	0.974161	0.954701	0.00919132	ok	passed	0.973394	false		0	0	0.00129072	0.974161	0.0194599	0	0.00508844
GCST90270109	GCST90270109	European	EUR	af_assigned	ref_freqs.hg38.tsv.gz	50000	EUR	0.974161	0.954701	0.00919132	ok	passed	0.973394	false		0	0	0.00129072	0.974161	0.0194599	0	0.00508844
GCST90270110	GCST90270110	European	EUR	af_assigned	ref_freqs.hg38.tsv.gz	50000	EUR	0.974161	0.954701	0.00919132	ok	passed	0.973394	false		0	0	0.00129072	0.974161	0.0194599	0	0.00508844
GCST90270111	GCST90270111	European	EUR	af_assigned	ref_freqs.hg38.tsv.gz	50000	EUR	0.974161	0.954701	0.00919132	ok	passed	0.973394	false		0	0	0.00129072	0.974161	0.0194599	0	0.00508844
GCST90270112	GCST90270112	European	EUR	af_assigned	ref_freqs.hg38.tsv.gz	50000	EUR	0.974161	0.954701	0.00919132	ok	passed	0.973394	false		0	0	0.00129072	0.974161	0.0194599	0	0.00508844
GCST90270113	GCST90270113	European	EUR	af_assigned	ref_freqs.hg38.tsv.gz	50000	EUR	0.974161	0.954701	0.00919132	ok	passed	0.973394	false		0	0	0.00129072	0.974161	0.0194599	0	0.00508844
GCST90270116	GCST90270116	European	EUR	af_assigned	ref_freqs.hg38.tsv.gz	50000	EUR	1	1	0.00520131	ok	passed	0.977384	false		0	0	0	1	0	0	0
GCST90270117	GCST90270117	European	EUR	af_assigned	ref_freqs.hg38.tsv.gz	50000	EUR	1	1	0.00520131	ok	passed	0.977384	false		0	0	0	1	0	0	0
GCST90270118	GCST90270118	European	EUR	af_assigned	ref_freqs.hg38.tsv.gz	50000	EUR	1	1	0.00523095	ok	passed	0.977419	false		0	0	0	1	0	0	0
GCST90270119	GCST90270119	European	EUR	af_assigned	ref_freqs.hg38.tsv.gz	50000	EUR	1	1	0.00523095	ok	passed	0.977419	false		0	0	0	1	0	0	0
GCST90270256	GCST90270256	European	EUR	af_assigned	ref_freqs.hg38.tsv.gz	50000	EUR	1	1	0.00504293	ok	passed	0.977442	false		0	0	0	1	0	0	0
GCST90270257	GCST90270257	European	EUR	af_assigned	ref_freqs.hg38.tsv.gz	50000	EUR	1	1	0.00504293	ok	passed	0.977442	false		0	0	0	1	0	0	0
GCST90270258	GCST90270258	European	EUR	af_assigned	ref_freqs.hg38.tsv.gz	50000	EUR	1	1	0.00504293	ok	passed	0.977442	false		0	0	0	1	0	0	0
GCST90270259	GCST90270259	European	EUR	af_assigned	ref_freqs.hg38.tsv.gz	50000	EUR	1	1	0.00504293	ok	passed	0.977442	false		0	0	0	1	0	0	0
GCST90270260	GCST90270260	European	EUR	af_assigned	ref_freqs.hg38.tsv.gz	50000	EUR	1	1	0.00504293	ok	passed	0.977442	false		0	0	0	1	0	0	0
GCST90270261	GCST90270261	European	EUR	af_assigned	ref_freqs.hg38.tsv.gz	50000	EUR	1	1	0.00504293	ok	passed	0.977442	false		0	0	0	1	0	0	0
GCST90270262	GCST90270262	European	EUR	af_assigned	ref_freqs.hg38.tsv.gz	50000	EUR	1	1	0.00504293	ok	passed	0.977442	false		0	0	0	1	0	0	0
GCST90270263	GCST90270263	European	EUR	af_assigned	ref_freqs.hg38.tsv.gz	50000	EUR	1	1	0.00504293	ok	passed	0.977442	false		0	0	0	1	0	0	0
GCST90270327	GCST90270327	European		unassigned	ref_freqs.hg38.tsv.gz	0		0	0		overlap	unverified										
GCST90270328	GCST90270328	European		unassigned	ref_freqs.hg38.tsv.gz	0		0	0		overlap	unverified										
GCST90270329	GCST90270329	European		unassigned	ref_freqs.hg38.tsv.gz	0		0	0		overlap	unverified										
GCST90270330	GCST90270330	European		unassigned	ref_freqs.hg38.tsv.gz	0		0	0		overlap	unverified										
GCST90270331	GCST90270331	European		unassigned	ref_freqs.hg38.tsv.gz	0		0	0		overlap	unverified										
GCST90270332	GCST90270332	European		unassigned	ref_freqs.hg38.tsv.gz	0		0	0		overlap	unverified										
GCST90270333	GCST90270333	European		unassigned	ref_freqs.hg38.tsv.gz	0		0	0		overlap	unverified										
GCST90270334	GCST90270334	European		unassigned	ref_freqs.hg38.tsv.gz	0		0	0		overlap	unverified										
GCST90270335	GCST90270335	European		unassigned	ref_freqs.hg38.tsv.gz	0		0	0		overlap	unverified										
GCST90270336	GCST90270336	European		unassigned	ref_freqs.hg38.tsv.gz	0		0	0		overlap	unverified										
GCST90270337	GCST90270337	European		unassigned	ref_freqs.hg38.tsv.gz	0		0	0		overlap	unverified										
GCST90270338	GCST90270338	European		unassigned	ref_freqs.hg38.tsv.gz	0		0	0		overlap	unverified										
GCST90270339	GCST90270339	European		unassigned	ref_freqs.hg38.tsv.gz	0		0	0		overlap	unverified										
GCST90270340	GCST90270340	European		unassigned	ref_freqs.hg38.tsv.gz	0		0	0		overlap	unverified										
GCST90270341	GCST90270341	European		unassigned	ref_freqs.hg38.tsv.gz	0		0	0		overlap	unverified										
GCST90270397	GCST90270397	European	EUR	af_assigned	ref_freqs.hg38.tsv.gz	50000	EUR	1	1	0.00610218	ok	passed	0.978747	false		0	0	0	1	0	0	0
GCST90270398	GCST90270398	European	EUR	af_assigned	ref_freqs.hg38.tsv.gz	50000	EUR	1	1	0.00830389	ok	passed	0.978591	false		0	0	0	1	0	0	0
GCST90270399	GCST90270399	European	EUR	af_assigned	ref_freqs.hg38.tsv.gz	50000	EUR	1	1	0.00746667	ok	passed	0.978648	false		0	0	0	1	0	0	0
GCST90270400	GCST90270400	European	EUR	af_assigned	ref_freqs.hg38.tsv.gz	50000	EUR	1	1	0.00830453	ok	passed	0.978591	false		0	0	0	1	0	0	0
GCST90270865	GCST90270865	European	EUR	af_assigned	ref_freqs.hg38.tsv.gz	50000	EUR	0.993775	0.98777	0.0229192	ok	passed	0.974655	false		0.000220314	0.00600479	0	0.993775	0	0	0
GCST90270866	GCST90270866	European	EUR	af_assigned	ref_freqs.hg38.tsv.gz	50000	EUR	0.987911	0.982581	0.0121461	ok	passed	0.979288	false		0.000946401	0.00261461	0.00532995	0.987911	0	0	0.0031984
GCST90270867	GCST90270867	European	EUR	af_assigned	ref_freqs.hg38.tsv.gz	50000	EUR	1	1	0.00557186	ok	passed	0.97876	false		0	0	0	1	0	0	0
GCST90270868	GCST90270868	European	EUR	af_assigned	ref_freqs.hg38.tsv.gz	50000	EUR	0.989245	0.98529	0.0103692	ok	passed	0.979573	false		0.00089356	0.00224574	0.00395516	0.989245	0	0	0.00366051
GCST90270869	GCST90270869	European	EUR	af_assigned	ref_freqs.hg38.tsv.gz	50000	EUR	0.987298	0.98096	0.0133176	ok	passed	0.979016	false		0.000832517	0.00294969	0.00633763	0.987298	0	0	0.00258239
GCST90270870	GCST90270870	European	EUR	af_assigned	ref_freqs.hg38.tsv.gz	50000	EUR	0.991137	0.98719	0.00973976	ok	passed	0.979616	false		0.000702256	0.00180468	0.00240895	0.991137	0	0	0.00394728
GCST90270871	GCST90270871	European	EUR	af_assigned	ref_freqs.hg38.tsv.gz	50000	EUR	0.989766	0.985935	0.0106825	ok	passed	0.979555	false		0.000882836	0.00210011	0.00342049	0.989766	0	0	0.00383101
GCST90270930	GCST90270930	European		unassigned	ref_freqs.hg38.tsv.gz	50000	EAS	0.568015	0.182908	0.049774	margin	passed	0.955648			0.0120707	0.0191898	0.568015	0.385107	0	0	0.0156182
GCST90270931	GCST90270931	European	EAS	af_assigned	ref_freqs.hg38.tsv.gz	50000	EAS	0.693107	0.437157	0.044936	ok	passed	0.938481	true		0.0103931	0.0210178	0.693107	0.25595	0	0	0.0195321
GCST90270932	GCST90270932	European	EAS	af_assigned	ref_freqs.hg38.tsv.gz	50000	EAS	0.678198	0.407765	0.045713	ok	passed	0.940658	true		0.0106486	0.0207054	0.678198	0.270433	0	0	0.0200157
GCST90271315	GCST90271315	European		unassigned	ref_freqs.hg38.tsv.gz	50000	EUR	0.389943	0.200093	0.239369	residual	passed	0.667385			0.165323	0.0249171	0.0175867	0.389943	0.0701299	0.142251	0.189849
GCST90271557	GCST90271557	European	EUR	af_assigned	ref_freqs.hg38.tsv.gz	50000	EUR	0.995621	0.993272	0.00600304	ok	passed	0.977595	false		0.00137035	0.000344156	0	0.995621	0	0.00234892	0.000315489
GCST90271558	GCST90271558	European	EUR	af_assigned	ref_freqs.hg38.tsv.gz	50000	EUR	0.950008	0.921972	0.0199317	ok	passed	0.979074	false		0.0280363	0.00438886	0.00792708	0.950008	0	0	0.0096396
GCST90271559	GCST90271559	European	EUR	af_assigned	ref_freqs.hg38.tsv.gz	50000	EUR	0.998958	0.998011	0.0052244	ok	passed	0.977916	false		0.00094731	9.42571e-05	0	0.998958	0	0	0
GCST90271641	GCST90271641	European		unassigned	ref_freqs.hg38.tsv.gz	50000	EUR	0.899441	0.858323	0.13364	residual	passed	0.885071			0.0411179	0	0.0179955	0.899441	0.0218858	0	0.0195597
GCST90271688	GCST90271688	European	EUR	af_assigned	ref_freqs.hg38.tsv.gz	50000	EUR	1	1	0.00468936	ok	passed	0.976418	false		0	0	0	1	0	0	0
GCST90271689	GCST90271689	European	EUR	af_assigned	ref_freqs.hg38.tsv.gz	50000	EUR	1	1	0.00468923	ok	passed	0.976418	false		0	0	0	1	0	0	0
GCST90271690	GCST90271690	European	EUR	af_assigned	ref_freqs.hg38.tsv.gz	50000	EUR	1	1	0.00468769	ok	passed	0.976418	false		0	0	0	1	0	0	0
GCST90271691	GCST90271691	European	EUR	af_assigned	ref_freqs.hg38.tsv.gz	50000	EUR	1	1	0.00468912	ok	passed	0.976417	false		0	0	0	1	0	0	0
GCST90271692	GCST90271692	European	EUR	af_assigned	ref_freqs.hg38.tsv.gz	50000	EUR	1	1	0.00468835	ok	passed	0.976417	false		0	0	0	1	0	0	0
GCST90271693	GCST90271693	European	EUR	af_assigned	ref_freqs.hg38.tsv.gz	50000	EUR	1	1	0.00468856	ok	passed	0.976419	false		0	0	0	1	0	0	0
GCST90271694	GCST90271694	European	EUR	af_assigned	ref_freqs.hg38.tsv.gz	50000	EUR	1	1	0.0046886	ok	passed	0.976417	false		0	0	0	1	0	0	0
GCST90271695	GCST90271695	European	EUR	af_assigned	ref_freqs.hg38.tsv.gz	50000	EUR	1	1	0.00468897	ok	passed	0.976419	false		0	0	0	1	0	0	0
GCST90271696	GCST90271696	European	EUR	af_assigned	ref_freqs.hg38.tsv.gz	50000	EUR	1	1	0.00468722	ok	passed	0.976419	false		0	0	0	1	0	0	0
GCST90271697	GCST90271697	European	EUR	af_assigned	ref_freqs.hg38.tsv.gz	50000	EUR	1	1	0.00468678	ok	passed	0.976418	false		0	0	0	1	0	0	0
GCST90271698	GCST90271698	European	EUR	af_assigned	ref_freqs.hg38.tsv.gz	50000	EUR	1	1	0.0046005	ok	passed	0.976407	false		0	0	0	1	0	0	0
GCST90271699	GCST90271699	European	EUR	af_assigned	ref_freqs.hg38.tsv.gz	50000	EUR	1	1	0.00460469	ok	passed	0.976407	false		0	0	0	1	0	0	0
GCST90271700	GCST90271700	European	EUR	af_assigned	ref_freqs.hg38.tsv.gz	50000	EUR	1	1	0.00459927	ok	passed	0.976407	false		0	0	0	1	0	0	0
GCST90271701	GCST90271701	European	EUR	af_assigned	ref_freqs.hg38.tsv.gz	50000	EUR	1	1	0.00459562	ok	passed	0.97641	false		0	0	0	1	0	0	0
GCST90271702	GCST90271702	European	EUR	af_assigned	ref_freqs.hg38.tsv.gz	50000	EUR	1	1	0.00459942	ok	passed	0.976408	false		0	0	0	1	0	0	0
GCST90271703	GCST90271703	European	EUR	af_assigned	ref_freqs.hg38.tsv.gz	50000	EUR	1	1	0.00460264	ok	passed	0.976407	false		0	0	0	1	0	0	0
GCST90271704	GCST90271704	European	EUR	af_assigned	ref_freqs.hg38.tsv.gz	50000	EUR	1	1	0.00459932	ok	passed	0.976405	false		0	0	0	1	0	0	0
GCST90271705	GCST90271705	European	EUR	af_assigned	ref_freqs.hg38.tsv.gz	50000	EUR	1	1	0.00460019	ok	passed	0.976407	false		0	0	0	1	0	0	0
GCST90271706	GCST90271706	European	EUR	af_assigned	ref_freqs.hg38.tsv.gz	50000	EUR	1	1	0.00460605	ok	passed	0.976406	false		0	0	0	1	0	0	0
GCST90271707	GCST90271707	European	EUR	af_assigned	ref_freqs.hg38.tsv.gz	50000	EUR	1	1	0.00460764	ok	passed	0.976405	false		0	0	0	1	0	0	0
GCST90271708	GCST90271708	European	EUR	af_assigned	ref_freqs.hg38.tsv.gz	50000	EUR	1	1	0.00460751	ok	passed	0.976407	false		0	0	0	1	0	0	0
GCST90271709	GCST90271709	European	EUR	af_assigned	ref_freqs.hg38.tsv.gz	50000	EUR	1	1	0.00460185	ok	passed	0.976407	false		0	0	0	1	0	0	0
GCST90271710	GCST90271710	European	EUR	af_assigned	ref_freqs.hg38.tsv.gz	50000	EUR	1	1	0.00459985	ok	passed	0.976407	false		0	0	0	1	0	0	0
GCST90271713	GCST90271713	European	EUR	af_assigned	ref_freqs.hg38.tsv.gz	50000	EUR	1	1	0.0046799	ok	passed	0.977893	false		0	0	0	1	0	0	0
GCST90271714	GCST90271714	European	EUR	af_assigned	ref_freqs.hg38.tsv.gz	50000	EUR	1	1	0.00467838	ok	passed	0.977887	false		0	0	0	1	0	0	0
GCST90271752	GCST90271752	European	EUR	af_assigned	ref_freqs.hg38.tsv.gz	50000	EUR	0.978985	0.967612	0.017858	ok	passed	0.973871	false		0	0.00964274	0.0113725	0.978985	0	0	0
GCST90271753	GCST90271753	European	EUR	af_assigned	ref_freqs.hg38.tsv.gz	50000	EUR	0.979422	0.967765	0.0177532	ok	passed	0.973906	false		0	0.00892088	0.0116572	0.979422	0	0	0
GCST90271754	GCST90271754	European	EUR	af_assigned	ref_freqs.hg38.tsv.gz	50000	EUR	0.969591	0.953407	0.0231277	ok	passed	0.970883	false		0.00223458	0.0161845	0.0119899	0.969591	0	0	0
GCST90271755	GCST90271755	European		unassigned	ref_freqs.hg38.tsv.gz	50000	AFR	0.712754	0.425509	0.563683	eaf_orientation	failed	-0.970946			0.712754	0	0.287246	0	0	0	0
GCST90271757	GCST90271757	European	EUR	af_assigned	ref_freqs.hg38.tsv.gz	5242	EUR	0.933665	0.908674	0.0228974	ok	passed	0.972419	false		0.00688884	0.0168904	0.0175643	0.933665	0	0	0.0249913
GCST90271789	GCST90271789	European		unassigned	ref_freqs.hg38.tsv.gz	0		0	0		overlap	unverified										
GCST90271795	GCST90271795	European	EUR	af_assigned	ref_freqs.hg38.tsv.gz	50000	EUR	1	1	0.00523601	ok	passed	0.976604	false		0	0	0	1	0	0	0
GCST90271801	GCST90271801	European	EUR	af_assigned	ref_freqs.hg38.tsv.gz	50000	EUR	1	1	0.00523601	ok	passed	0.976604	false		0	0	0	1	0	0	0
GCST90271802	GCST90271802	European	EUR	af_assigned	ref_freqs.hg38.tsv.gz	50000	EUR	1	1	0.00523601	ok	passed	0.976604	false		0	0	0	1	0	0	0
GCST90271807	GCST90271807	European	EUR	af_assigned	ref_freqs.hg38.tsv.gz	50000	EUR	1	1	0.00523601	ok	passed	0.976604	false		0	0	0	1	0	0	0
GCST90271813	GCST90271813	European	EUR	af_assigned	ref_freqs.hg38.tsv.gz	50000	EUR	1	1	0.00523601	ok	passed	0.976604	false		0	0	0	1	0	0	0
GCST90271814	GCST90271814	European	EUR	af_assigned	ref_freqs.hg38.tsv.gz	50000	EUR	1	1	0.00523601	ok	passed	0.976604	false		0	0	0	1	0	0	0
GCST90271928	GCST90271928	European	EUR	af_assigned	ref_freqs.hg38.tsv.gz	50000	EUR	0.968267	0.951508	0.00908361	ok	passed	0.981147	false		0.0124105	0.0167586	0	0.968267	0	0.00256377	0
GCST90272883	GCST90272883	European	EUR	af_assigned	ref_freqs.hg38.tsv.gz	50000	EUR	0.995682	0.993006	0.016088	ok	passed	0.975326	false		0	0.00267633	0.00164128	0.995682	0	0	0
GCST90274713	GCST90274713	European	EUR	af_assigned	ref_freqs.hg38.tsv.gz	50000	EUR	0.685904	0.533948	0.0341844	ok	passed	0.991484	false		0.151955	0.0370398	0.115523	0.685904	0	0	0.00957809
GCST90274714	GCST90274714	European	EUR	af_assigned	ref_freqs.hg38.tsv.gz	50000	EUR	0.970225	0.960632	0.00899997	ok	passed	0.982232	false		0.00569341	0.00655058	0.00527245	0.970225	0	0.00266607	0.00959281
GCST90274723	GCST90274723	European	EUR	af_assigned	ref_freqs.hg38.tsv.gz	50000	EUR	1	1	0.00471205	ok	passed	0.978112	false		0	0	0	1	0	0	0
GCST90274734	GCST90274734	European	EUR	af_assigned	ref_freqs.hg38.tsv.gz	50000	EUR	0.908636	0.854365	0.0136037	ok	passed	0.979979	false		0	0.0542711	0.00444546	0.908636	0.00143651	0	0.0312111
GCST90274735	GCST90274735	European	EUR	af_assigned	ref_freqs.hg38.tsv.gz	50000	EUR	0.908629	0.854317	0.0136008	ok	passed	0.980035	false		0	0.0543116	0.00439914	0.908629	0.00154729	0	0.031113
GCST90274736	GCST90274736	European	EUR	af_assigned	ref_freqs.hg38.tsv.gz	50000	EUR	0.908618	0.85436	0.0136027	ok	passed	0.979958	false		0	0.0542582	0.00443355	0.908618	0.0014317	0	0.0312581
GCST90274737	GCST90274737	European	EUR	af_assigned	ref_freqs.hg38.tsv.gz	50000	EUR	0.839671	0.764568	0.00728335	ok	passed	0.986976	false		0	0.0751035	0.0351927	0.839671	0	0.00333295	0.0466994
GCST90274738	GCST90274738	European	EUR	af_assigned	ref_freqs.hg38.tsv.gz	50000	EUR	0.839615	0.764607	0.00728168	ok	passed	0.986876	false		0	0.0750081	0.0352665	0.839615	0	0.00336879	0.0467419
GCST90274739	GCST90274739	European	EUR	af_assigned	ref_freqs.hg38.tsv.gz	50000	EUR	0.91688	0.884843	0.00882536	ok	passed	0.981765	false		0	0.0276839	0.00981925	0.91688	0.0134703	0.000110631	0.0320364
GCST90274740	GCST90274740	European	EUR	af_assigned	ref_freqs.hg38.tsv.gz	50000	EUR	0.916985	0.88488	0.00882512	ok	passed	0.981797	false		0	0.0275924	0.00981554	0.916985	0.0133759	0.000126027	0.0321053
GCST90274741	GCST90274741	European	EUR	af_assigned	ref_freqs.hg38.tsv.gz	50000	EUR	0.916952	0.884901	0.00882399	ok	passed	0.981785	false		0	0.0276211	0.00981213	0.916952	0.0134463	0.000116657	0.0320515
GCST90274742	GCST90274742	European	EUR	af_assigned	ref_freqs.hg38.tsv.gz	50000	EUR	0.916474	0.884598	0.00882701	ok	passed	0.981742	false		0	0.0277615	0.00981287	0.916474	0.013832	0.000243736	0.0318762
GCST90274743	GCST90274743	European	EUR	af_assigned	ref_freqs.hg38.tsv.gz	50000	EUR	0.916796	0.884795	0.00882523	ok	passed	0.981758	false		0	0.0277057	0.00981621	0.916796	0.0135507	0.000131516	0.0320003
GCST90274744	GCST90274744	European	EUR	af_assigned	ref_freqs.hg38.tsv.gz	50000	EUR	0.916582	0.884667	0.00882733	ok	passed	0.981745	false		0	0.0277633	0.00981165	0.916582	0.0137342	0.000193487	0.0319153
GCST90274745	GCST90274745	European	EUR	af_assigned	ref_freqs.hg38.tsv.gz	50000	EUR	0.804391	0.72743	0.00896077	ok	passed	0.987423	false		0	0.0769617	0.0376561	0.804391	0	0.0131812	0.0678096
GCST90274746	GCST90274746	European	EUR	af_assigned	ref_freqs.hg38.tsv.gz	50000	EUR	0.804229	0.727192	0.00897108	ok	passed	0.987389	false		0	0.0770374	0.0376109	0.804229	0	0.0133265	0.067796
GCST90274747	GCST90274747	European	EUR	af_assigned	ref_freqs.hg38.tsv.gz	50000	EUR	0.647728	0.459291	0.011828	ok	passed	0.991407	false		0.00364336	0.188437	0.129627	0.647728	0	0	0.0305647
GCST90274748	GCST90274748	European	EUR	af_assigned	ref_freqs.hg38.tsv.gz	50000	EUR	0.647871	0.459192	0.0118152	ok	passed	0.991436	false		0.00352709	0.188679	0.129766	0.647871	0	0	0.0301569
GCST90274749	GCST90274749	European	EUR	af_assigned	ref_freqs.hg38.tsv.gz	50000	EUR	0.647656	0.459213	0.0118295	ok	passed	0.991397	false		0.0035957	0.188444	0.129653	0.647656	0	0	0.0306511
GCST90274750	GCST90274750	European	EUR	af_assigned	ref_freqs.hg38.tsv.gz	50000	EUR	0.647886	0.459169	0.0118136	ok	passed	0.991445	false		0.00352421	0.188717	0.129759	0.647886	0	0	0.0301141
GCST90274751	GCST90274751	European	EUR	af_assigned	ref_freqs.hg38.tsv.gz	50000	EUR	0.647657	0.45918	0.0118265	ok	passed	0.991407	false		0.00359378	0.188477	0.129641	0.647657	0	0	0.0306318
GCST90274752	GCST90274752	European	EUR	af_assigned	ref_freqs.hg38.tsv.gz	50000	EUR	0.839646	0.764576	0.00728291	ok	passed	0.986897	false		0	0.0750695	0.0352143	0.839646	0	0.00329445	0.0467759
GCST90274758	GCST90274758	European	EUR	af_assigned	ref_freqs.hg38.tsv.gz	50000	EUR	0.954137	0.937741	0.00877163	ok	passed	0.982804	false		0.00729344	0.0163952	0.0148635	0.954137	0	0.0012249	0.00608631
GCST90274759	GCST90274759	European	EUR	af_assigned	ref_freqs.hg38.tsv.gz	50000	EUR	0.954386	0.937837	0.00867193	ok	passed	0.982828	false		0.00722465	0.0165485	0.0151149	0.954386	0	0.000717512	0.00600869
GCST90274760	GCST90274760	European	EUR	af_assigned	ref_freqs.hg38.tsv.gz	50000	EUR	0.979589	0.970416	0.00995469	ok	passed	0.980608	false		0.00298598	0.00917359	0.00490455	0.979589	0	0.00334656	0
GCST90274761	GCST90274761	European	EUR	af_assigned	ref_freqs.hg38.tsv.gz	50000	EUR	0.979668	0.970627	0.00995176	ok	passed	0.980584	false		0.00292763	0.0090412	0.00473104	0.979668	0	0.00363168	0
GCST90274762	GCST90274762	European	EUR	af_assigned	ref_freqs.hg38.tsv.gz	50000	EUR	0.954123	0.937413	0.00852824	ok	passed	0.982911	false		0.00722984	0.01671	0.0155359	0.954123	0	9.03808e-05	0.00631093
GCST90274763	GCST90274763	European	EUR	af_assigned	ref_freqs.hg38.tsv.gz	50000	EUR	0.953209	0.936561	0.00871297	ok	passed	0.98287	false		0.00736808	0.0166476	0.0152124	0.953209	0	0.00113423	0.00642907
GCST90274764	GCST90274764	European	EUR	af_assigned	ref_freqs.hg38.tsv.gz	50000	EUR	0.951968	0.934644	0.00900426	ok	passed	0.982934	false		0.00769794	0.0173245	0.0160306	0.951968	0	0.000882304	0.00609621
GCST90274765	GCST90274765	European	EUR	af_assigned	ref_freqs.hg38.tsv.gz	50000	EUR	0.954762	0.938509	0.00861706	ok	passed	0.982798	false		0.00721303	0.0162532	0.0147818	0.954762	0	0.000822115	0.00616731
GCST90274766	GCST90274766	European	EUR	af_assigned	ref_freqs.hg38.tsv.gz	50000	EUR	0.953449	0.936779	0.00872483	ok	passed	0.98287	false		0.00740571	0.01667	0.0153083	0.953449	0	0.000842586	0.00632464
GCST90274767	GCST90274767	European	EUR	af_assigned	ref_freqs.hg38.tsv.gz	50000	EUR	0.952996	0.936191	0.00866188	ok	passed	0.982918	false		0.0074148	0.016805	0.0155425	0.952996	0	0.0007206	0.00652132
GCST90274768	GCST90274768	European	EUR	af_assigned	ref_freqs.hg38.tsv.gz	50000	EUR	0.951285	0.93394	0.00888774	ok	passed	0.98299	false		0.00770017	0.0173446	0.0162069	0.951285	0	0.000907096	0.00655642
GCST90274769	GCST90274769	European	EUR	af_assigned	ref_freqs.hg38.tsv.gz	50000	EUR	0.948609	0.93019	0.00917451	ok	passed	0.983163	false		0.00825029	0.018419	0.0176649	0.948609	0	0.000402831	0.00665436
GCST90274770	GCST90274770	European	EUR	af_assigned	ref_freqs.hg38.tsv.gz	50000	EUR	0.954641	0.938345	0.00865886	ok	passed	0.982789	false		0.00715875	0.0162957	0.0148163	0.954641	0	0.00102037	0.00606828
GCST90274771	GCST90274771	European	EUR	af_assigned	ref_freqs.hg38.tsv.gz	50000	EUR	0.955005	0.93873	0.00850177	ok	passed	0.982821	false		0.00712353	0.0162752	0.0148979	0.955005	0	0.000500286	0.00619797
GCST90274772	GCST90274772	European	EUR	af_assigned	ref_freqs.hg38.tsv.gz	50000	EUR	0.952757	0.935747	0.00868018	ok	passed	0.982953	false		0.00748113	0.0170106	0.0158421	0.952757	0	0.000477983	0.00643107
GCST90274773	GCST90274773	European	EUR	af_assigned	ref_freqs.hg38.tsv.gz	50000	EUR	0.954142	0.937654	0.00852532	ok	passed	0.982873	false		0.00720114	0.0164885	0.0151389	0.954142	0	0.000584769	0.00644463
GCST90274774	GCST90274774	European	EUR	af_assigned	ref_freqs.hg38.tsv.gz	50000	EUR	0.953575	0.937009	0.00856024	ok	passed	0.98289	false		0.00729006	0.0165663	0.0152752	0.953575	0	0.000718445	0.00657525
GCST90274775	GCST90274775	European	EUR	af_assigned	ref_freqs.hg38.tsv.gz	50000	EUR	0.947787	0.928961	0.00957954	ok	passed	0.983147	false		0.00850258	0.018826	0.0178167	0.947787	0	0.000873021	0.00619524
GCST90274776	GCST90274776	European	EUR	af_assigned	ref_freqs.hg38.tsv.gz	50000	EUR	0.953843	0.937057	0.00864567	ok	passed	0.982896	false		0.00736783	0.0167854	0.0154987	0.953843	0	0.000336862	0.00616835
GCST90274777	GCST90274777	European	EUR	af_assigned	ref_freqs.hg38.tsv.gz	50000	EUR	0.95171	0.934595	0.00860123	ok	passed	0.983021	false		0.0075173	0.0171153	0.0161565	0.95171	0	0.000529455	0.00697111
GCST90274778	GCST90274778	European	EUR	af_assigned	ref_freqs.hg38.tsv.gz	50000	EUR	0.95265	0.935773	0.00854554	ok	passed	0.98297	false		0.00743825	0.0168772	0.0157427	0.95265	0	0.000479752	0.00681204
GCST90274779	GCST90274779	European	EUR	af_assigned	ref_freqs.hg38.tsv.gz	50000	EUR	0.954428	0.938075	0.00861966	ok	passed	0.982819	false		0.0072198	0.0163528	0.0148761	0.954428	0	0.00088853	0.0062349
GCST90274780	GCST90274780	European	EUR	af_assigned	ref_freqs.hg38.tsv.gz	50000	EUR	0.952494	0.935532	0.00879933	ok	passed	0.98292	false		0.00754522	0.0169624	0.0156198	0.952494	0	0.000955459	0.00642291
GCST90274781	GCST90274781	European	EUR	af_assigned	ref_freqs.hg38.tsv.gz	50000	EUR	0.953774	0.937287	0.00861432	ok	passed	0.982859	false		0.00729806	0.016487	0.0151171	0.953774	0	0.000873054	0.00645041
GCST90274782	GCST90274782	European	EUR	af_assigned	ref_freqs.hg38.tsv.gz	50000	EUR	0.954779	0.938652	0.00856408	ok	passed	0.982799	false		0.00716075	0.016127	0.0145848	0.954779	0	0.00102449	0.00632358
GCST90274783	GCST90274783	European	EUR	af_assigned	ref_freqs.hg38.tsv.gz	50000	EUR	0.954949	0.938763	0.00854936	ok	passed	0.982792	false		0.00711822	0.0161853	0.0146912	0.954949	0	0.000841576	0.006215
GCST90274784	GCST90274784	European	EUR	af_assigned	ref_freqs.hg38.tsv.gz	50000	EUR	0.947316	0.928861	0.00900956	ok	passed	0.983259	false		0.00831041	0.0184551	0.0177197	0.947316	0	0.000669039	0.00753014
GCST90274785	GCST90274785	European	EUR	af_assigned	ref_freqs.hg38.tsv.gz	50000	EUR	0.950671	0.933232	0.00857006	ok	passed	0.983109	false		0.00768802	0.0174384	0.0165957	0.950671	0	0.000295459	0.00731161
GCST90274786	GCST90274786	European	EUR	af_assigned	ref_freqs.hg38.tsv.gz	50000	EUR	0.953448	0.936779	0.00879551	ok	passed	0.982848	false		0.00739509	0.016669	0.0151996	0.953448	0	0.00110317	0.00618523
GCST90274787	GCST90274787	European	EUR	af_assigned	ref_freqs.hg38.tsv.gz	50000	EUR	0.953981	0.937484	0.00877223	ok	passed	0.982814	false		0.00732396	0.0164977	0.0150351	0.953981	0	0.00107817	0.00608363
GCST90274788	GCST90274788	European	EUR	af_assigned	ref_freqs.hg38.tsv.gz	50000	EUR	0.953519	0.936826	0.00885225	ok	passed	0.982833	false		0.0073887	0.016692	0.0152565	0.953519	0	0.00113238	0.00601184
GCST90274789	GCST90274789	European	EUR	af_assigned	ref_freqs.hg38.tsv.gz	50000	EUR	0.954252	0.937647	0.00856838	ok	passed	0.982885	false		0.00729152	0.0166049	0.0153911	0.954252	0	0.000235963	0.00622429
GCST90274790	GCST90274790	European	EUR	af_assigned	ref_freqs.hg38.tsv.gz	50000	EUR	0.978094	0.968133	0.0101542	ok	passed	0.980718	false		0.00318422	0.00996179	0.00558393	0.978094	0	0.00317567	0
GCST90274791	GCST90274791	European	EUR	af_assigned	ref_freqs.hg38.tsv.gz	50000	EUR	0.953181	0.936217	0.00888942	ok	passed	0.982872	false		0.00751417	0.0169637	0.0155564	0.953181	0	0.000813134	0.00597158
GCST90274792	GCST90274792	European	EUR	af_assigned	ref_freqs.hg38.tsv.gz	50000	EUR	0.95402	0.937401	0.00864753	ok	passed	0.982874	false		0.00733219	0.0166189	0.0153334	0.95402	0	0.00052399	0.00617134
GCST90274793	GCST90274793	European	EUR	af_assigned	ref_freqs.hg38.tsv.gz	50000	EUR	0.951267	0.933502	0.00938353	ok	passed	0.982922	false		0.00789168	0.0177653	0.0164092	0.951267	0	0.00113659	0.00553039
GCST90274794	GCST90274794	European	EUR	af_assigned	ref_freqs.hg38.tsv.gz	50000	EUR	0.979545	0.970166	0.00993657	ok	passed	0.980642	false		0.00295794	0.00937835	0.00504366	0.979545	0	0.00307526	0
GCST90274795	GCST90274795	European	EUR	af_assigned	ref_freqs.hg38.tsv.gz	50000	EUR	0.954612	0.938227	0.00869008	ok	passed	0.982806	false		0.00726516	0.0163846	0.0149527	0.954612	0	0.000779266	0.0060066
GCST90274796	GCST90274796	European	EUR	af_assigned	ref_freqs.hg38.tsv.gz	50000	EUR	0.979728	0.970665	0.00988612	ok	passed	0.980598	false		0.00284808	0.00906239	0.0047552	0.979728	0	0.00360648	0
GCST90274797	GCST90274797	European	EUR	af_assigned	ref_freqs.hg38.tsv.gz	50000	EUR	0.954605	0.938076	0.00854951	ok	passed	0.982866	false		0.00726522	0.0165288	0.0152238	0.954605	0	0.00023409	0.00614302
GCST90274798	GCST90274798	European	EUR	af_assigned	ref_freqs.hg38.tsv.gz	50000	EUR	0.953405	0.93687	0.00855758	ok	passed	0.982898	false		0.00732744	0.0165357	0.0152816	0.953405	0	0.000751538	0.00669855
GCST90274799	GCST90274799	European	EUR	af_assigned	ref_freqs.hg38.tsv.gz	50000	EUR	0.979514	0.970297	0.00999855	ok	passed	0.980612	false		0.00304434	0.0092175	0.00492425	0.979514	0	0.00329981	0
GCST90274800	GCST90274800	European	EUR	af_assigned	ref_freqs.hg38.tsv.gz	50000	EUR	0.979021	0.969386	0.00995355	ok	passed	0.980689	false		0.00292955	0.00963554	0.00522529	0.979021	0	0.00318856	0
GCST90274801	GCST90274801	European	EUR	af_assigned	ref_freqs.hg38.tsv.gz	50000	EUR	0.979369	0.970112	0.0100129	ok	passed	0.980614	false		0.003045	0.00925721	0.00497634	0.979369	0	0.00335198	0
GCST90274802	GCST90274802	European	EUR	af_assigned	ref_freqs.hg38.tsv.gz	50000	EUR	0.978894	0.969531	0.0100323	ok	passed	0.980633	false		0.00299621	0.00936295	0.00502979	0.978894	0	0.00371704	0
GCST90274803	GCST90274803	European	EUR	af_assigned	ref_freqs.hg38.tsv.gz	50000	EUR	0.954308	0.937935	0.00860387	ok	passed	0.982824	false		0.00718664	0.0163728	0.0148795	0.954308	0	0.000984188	0.00626901
GCST90274804	GCST90274804	European	EUR	af_assigned	ref_freqs.hg38.tsv.gz	50000	EUR	0.954337	0.937882	0.00861202	ok	passed	0.98283	false		0.0071824	0.0164549	0.0150368	0.954337	0	0.000804109	0.0061849
GCST90274805	GCST90274805	European	EUR	af_assigned	ref_freqs.hg38.tsv.gz	50000	EUR	0.979868	0.970761	0.00988101	ok	passed	0.980605	false		0.00284718	0.00910777	0.00479446	0.979868	0	0.00338216	0
GCST90274806	GCST90274806	European	EUR	af_assigned	ref_freqs.hg38.tsv.gz	50000	EUR	0.979794	0.970632	0.00988031	ok	passed	0.980612	false		0.00283564	0.0091614	0.00482741	0.979794	0	0.00338173	0
GCST90274807	GCST90274807	European	EUR	af_assigned	ref_freqs.hg38.tsv.gz	50000	EUR	0.980286	0.971168	0.00980062	ok	passed	0.980617	false		0.00285482	0.00911738	0.00477922	0.980286	0	0.00296276	0
GCST90274808	GCST90274808	European	EUR	af_assigned	ref_freqs.hg38.tsv.gz	50000	EUR	0.97997	0.970997	0.00987191	ok	passed	0.980581	false		0.0028061	0.00897208	0.0046645	0.97997	0	0.0035878	0
GCST90274809	GCST90274809	European	EUR	af_assigned	ref_freqs.hg38.tsv.gz	50000	EUR	0.97973	0.970868	0.00995994	ok	passed	0.980566	false		0.00288787	0.00886193	0.00465357	0.97973	0	0.00386624	0
GCST90274810	GCST90274810	European	EUR	af_assigned	ref_freqs.hg38.tsv.gz	50000	EUR	0.979936	0.971056	0.00992296	ok	passed	0.98056	false		0.00286202	0.00888012	0.0046064	0.979936	0	0.00371503	0
GCST90274811	GCST90274811	European	EUR	af_assigned	ref_freqs.hg38.tsv.gz	50000	EUR	0.980059	0.970994	0.00981305	ok	passed	0.980607	false		0.00280594	0.00906567	0.00471256	0.980059	0	0.0033566	0
GCST90274812	GCST90274812	European	EUR	af_assigned	ref_freqs.hg38.tsv.gz	50000	EUR	0.979035	0.969632	0.0100201	ok	passed	0.980646	false		0.00300872	0.00940327	0.00514549	0.979035	0	0.00340737	0
GCST90274813	GCST90274813	European	EUR	af_assigned	ref_freqs.hg38.tsv.gz	50000	EUR	0.979643	0.970642	0.00997689	ok	passed	0.980574	false		0.00291323	0.00900094	0.00471602	0.979643	0	0.0037265	0
GCST90274814	GCST90274814	European	EUR	af_assigned	ref_freqs.hg38.tsv.gz	50000	EUR	0.979369	0.970259	0.0100581	ok	passed	0.980584	false		0.0030072	0.00911007	0.00486658	0.979369	0	0.00364721	0
GCST90274815	GCST90274815	European	EUR	af_assigned	ref_freqs.hg38.tsv.gz	50000	EUR	0.952418	0.935258	0.00905151	ok	passed	0.982891	false		0.00769438	0.0171598	0.0157605	0.952418	0	0.00102945	0.00593786
GCST90274816	GCST90274816	European	EUR	af_assigned	ref_freqs.hg38.tsv.gz	50000	EUR	0.954539	0.938124	0.00868552	ok	passed	0.982809	false		0.00730193	0.0164148	0.0149483	0.954539	0	0.000758949	0.00603731
GCST90274817	GCST90274817	European	EUR	af_assigned	ref_freqs.hg38.tsv.gz	50000	EUR	0.952066	0.934859	0.00911201	ok	passed	0.982881	false		0.00769286	0.0172077	0.0157058	0.952066	0	0.00138583	0.0059413
GCST90274818	GCST90274818	European	EUR	af_assigned	ref_freqs.hg38.tsv.gz	50000	EUR	0.953991	0.937337	0.00875892	ok	passed	0.982836	false		0.00733685	0.0166543	0.015222	0.953991	0	0.000819537	0.00597649
GCST90274819	GCST90274819	European	EUR	af_assigned	ref_freqs.hg38.tsv.gz	50000	EUR	0.980412	0.971483	0.00977491	ok	passed	0.980588	false		0.00275883	0.00892876	0.00459896	0.980412	0	0.00330174	0
GCST90274820	GCST90274820	European	EUR	af_assigned	ref_freqs.hg38.tsv.gz	50000	EUR	0.980442	0.971088	0.0097053	ok	passed	0.98067	false		0.00265541	0.00935376	0.00488975	0.980442	0	0.00265957	0
GCST90274821	GCST90274821	European	EUR	af_assigned	ref_freqs.hg38.tsv.gz	50000	EUR	0.953182	0.936277	0.0088533	ok	passed	0.982872	false		0.00749987	0.0169054	0.0155222	0.953182	0	0.00085259	0.00603785
GCST90274822	GCST90274822	European	EUR	af_assigned	ref_freqs.hg38.tsv.gz	50000	EUR	0.95451	0.93815	0.00864477	ok	passed	0.982805	false		0.00719117	0.0163604	0.0148732	0.95451	0	0.000912021	0.0061528
GCST90274823	GCST90274823	European	EUR	af_assigned	ref_freqs.hg38.tsv.gz	50000	EUR	0.977252	0.967337	0.0105481	ok	passed	0.980639	false		0.00350815	0.00991508	0.00558543	0.977252	0	0.00373927	0
GCST90274824	GCST90274824	European	EUR	af_assigned	ref_freqs.hg38.tsv.gz	50000	EUR	0.953522	0.936816	0.00876913	ok	passed	0.982852	false		0.00733349	0.0167057	0.0152672	0.953522	0	0.00100906	0.00616245
GCST90274825	GCST90274825	European	EUR	af_assigned	ref_freqs.hg38.tsv.gz	50000	EUR	0.952159	0.935002	0.00893233	ok	passed	0.982921	false		0.00760943	0.0171569	0.0157919	0.952159	0	0.00105528	0.00622765
GCST90274826	GCST90274826	European	EUR	af_assigned	ref_freqs.hg38.tsv.gz	50000	EUR	0.954655	0.938361	0.00865192	ok	passed	0.982791	false		0.00717282	0.0162936	0.0147673	0.954655	0	0.000984668	0.00612658
GCST90274827	GCST90274827	European	EUR	af_assigned	ref_freqs.hg38.tsv.gz	50000	EUR	0.954404	0.938063	0.00861734	ok	passed	0.98282	false		0.00721495	0.0163419	0.0148642	0.954404	0	0.000932368	0.00624215
GCST90274828	GCST90274828	European	EUR	af_assigned	ref_freqs.hg38.tsv.gz	50000	EUR	0.979542	0.970288	0.00992768	ok	passed	0.980628	false		0.00292677	0.00925376	0.00496293	0.979542	0	0.00331468	0
GCST90274829	GCST90274829	European	EUR	af_assigned	ref_freqs.hg38.tsv.gz	50000	EUR	0.954872	0.93837	0.0087433	ok	passed	0.982805	false		0.00731896	0.016502	0.0151233	0.954872	0	0.000488592	0.00569548
GCST90274830	GCST90274830	European	EUR	af_assigned	ref_freqs.hg38.tsv.gz	50000	EUR	0.946406	0.927137	0.0097023	ok	passed	0.983217	false		0.00861997	0.0192696	0.0184111	0.946406	0	0.000928095	0.00636514
GCST90274831	GCST90274831	European	EUR	af_assigned	ref_freqs.hg38.tsv.gz	50000	EUR	0.954234	0.937841	0.00864174	ok	passed	0.982827	false		0.00728099	0.0163938	0.01497	0.954234	0	0.000862616	0.00625818
GCST90274832	GCST90274832	European	EUR	af_assigned	ref_freqs.hg38.tsv.gz	50000	EUR	0.953881	0.937323	0.0086443	ok	passed	0.982874	false		0.00728762	0.0165574	0.0152367	0.953881	0	0.000751723	0.00628568
GCST90274833	GCST90274833	European	EUR	af_assigned	ref_freqs.hg38.tsv.gz	50000	EUR	0.952595	0.935836	0.00853779	ok	passed	0.982962	false		0.00740325	0.0167595	0.0156999	0.952595	0	0.00062569	0.00691667
GCST90274834	GCST90274834	European	EUR	af_assigned	ref_freqs.hg38.tsv.gz	50000	EUR	0.954266	0.93786	0.00865767	ok	passed	0.982824	false		0.00725969	0.0164065	0.0150219	0.954266	0	0.000875883	0.00616972
GCST90274835	GCST90274835	European	EUR	af_assigned	ref_freqs.hg38.tsv.gz	50000	EUR	0.953875	0.937292	0.00873539	ok	passed	0.982843	false		0.00734295	0.0165833	0.015108	0.953875	0	0.00092157	0.00616911
GCST90274836	GCST90274836	European	EUR	af_assigned	ref_freqs.hg38.tsv.gz	50000	EUR	0.980566	0.972027	0.00980971	ok	passed	0.980516	false		0.00268902	0.00853877	0.00424169	0.980566	0	0.00396496	0
GCST90274837	GCST90274837	European	EUR	af_assigned	ref_freqs.hg38.tsv.gz	50000	EUR	0.954267	0.937742	0.00867175	ok	passed	0.98284	false		0.00730181	0.0165253	0.0151916	0.954267	0	0.000642221	0.00607169
GCST90274838	GCST90274838	European	EUR	af_assigned	ref_freqs.hg38.tsv.gz	50000	EUR	0.953335	0.936658	0.00870523	ok	passed	0.982878	false		0.00736502	0.0166771	0.0153313	0.953335	0	0.000955043	0.00633676
GCST90274839	GCST90274839	European	EUR	af_assigned	ref_freqs.hg38.tsv.gz	50000	EUR	0.979535	0.970384	0.00994726	ok	passed	0.980603	false		0.00292775	0.00915098	0.00484994	0.979535	0	0.00353591	0
GCST90274840	GCST90274840	European	EUR	af_assigned	ref_freqs.hg38.tsv.gz	50000	EUR	0.980017	0.971164	0.00985216	ok	passed	0.980571	false		0.00278633	0.00885241	0.00453701	0.980017	0	0.0038076	0
GCST90274841	GCST90274841	European	EUR	af_assigned	ref_freqs.hg38.tsv.gz	50000	EUR	0.979822	0.970815	0.00987319	ok	passed	0.980597	false		0.00288305	0.00900683	0.00466083	0.979822	0	0.00362718	0
GCST90274842	GCST90274842	European	EUR	af_assigned	ref_freqs.hg38.tsv.gz	50000	EUR	0.979991	0.971163	0.00985501	ok	passed	0.98056	false		0.00276987	0.00882825	0.00450049	0.979991	0	0.00391031	0
GCST90274843	GCST90274843	European	EUR	af_assigned	ref_freqs.hg38.tsv.gz	50000	EUR	0.954407	0.937975	0.00856182	ok	passed	0.982842	false		0.00716218	0.0164319	0.0150558	0.954407	0	0.000657685	0.0062855
GCST90274844	GCST90274844	European	EUR	af_assigned	ref_freqs.hg38.tsv.gz	50000	EUR	0.95264	0.935675	0.00882818	ok	passed	0.982901	false		0.0074677	0.016965	0.0156306	0.95264	0	0.000975843	0.00632059
GCST90274845	GCST90274845	European	EUR	af_assigned	ref_freqs.hg38.tsv.gz	50000	EUR	0.980048	0.971173	0.00988827	ok	passed	0.980564	false		0.00282528	0.00887496	0.00457714	0.980048	0	0.00367468	0
GCST90274846	GCST90274846	European	EUR	af_assigned	ref_freqs.hg38.tsv.gz	50000	EUR	0.95474	0.938383	0.00856998	ok	passed	0.982823	false		0.007151	0.0163576	0.0149145	0.95474	0	0.000680957	0.00615586
GCST90274847	GCST90274847	European	EUR	af_assigned	ref_freqs.hg38.tsv.gz	50000	EUR	0.9552	0.938923	0.00852783	ok	passed	0.982813	false		0.00715144	0.0162765	0.0148917	0.9552	0	0.000410005	0.00607049
GCST90274848	GCST90274848	European	EUR	af_assigned	ref_freqs.hg38.tsv.gz	50000	EUR	0.952173	0.935005	0.00893476	ok	passed	0.982918	false		0.00764078	0.017168	0.0158178	0.952173	0	0.00100003	0.00619997
GCST90275041	GCST90275041	European	EUR	af_assigned	ref_freqs.hg38.tsv.gz	50000	EUR	1	1	0.00497186	ok	passed	0.978214	false		0	0	0	1	0	0	0
GCST90275044	GCST90275044	European	EUR	af_assigned	ref_freqs.hg38.tsv.gz	50000	EUR	1	1	0.00531814	ok	passed	0.978155	false		0	0	0	1	0	0	0
GCST90275047	GCST90275047	European	EUR	af_assigned	ref_freqs.hg38.tsv.gz	50000	EUR	1	1	0.0053377	ok	passed	0.978117	false		0	0	0	1	0	0	0
GCST90275050	GCST90275050	European	EUR	af_assigned	ref_freqs.hg38.tsv.gz	50000	EUR	0.996689	0.994387	0.00608977	ok	passed	0.978336	false		0	0.00230127	0	0.996689	0	0	0.00101017
GCST90275127	GCST90275127	European	EUR	af_assigned	ref_freqs.hg38.tsv.gz	50000	EUR	0.946378	0.903744	0.0245097	ok	passed	0.980598	false		0.00039577	0.00941581	0.0426334	0.946378	0	0	0.00117723
GCST90275135	GCST90275135	European		unassigned	ref_freqs.hg38.tsv.gz	50000	AFR	0.459506	0.075057	0.537041	eaf_orientation	failed	-0.67244			0.459506	0	0.384449	0	0	0	0.156046
GCST90275136	GCST90275136	European		unassigned	ref_freqs.hg38.tsv.gz	50000	AFR	0.459506	0.075057	0.537041	eaf_orientation	failed	-0.67244			0.459506	0	0.384449	0	0	0	0.156046
GCST90275137	GCST90275137	European		unassigned	ref_freqs.hg38.tsv.gz	50000	AFR	0.459506	0.075057	0.537041	eaf_orientation	failed	-0.67244			0.459506	0	0.384449	0	0	0	0.156046
GCST90275138	GCST90275138	European		unassigned	ref_freqs.hg38.tsv.gz	50000	AFR	0.459689	0.0740866	0.537128	eaf_orientation	failed	-0.672462			0.459689	0	0.385602	0	0	0	0.154709
GCST90275139	GCST90275139	European		unassigned	ref_freqs.hg38.tsv.gz	50000	AFR	0.459689	0.0740866	0.537128	eaf_orientation	failed	-0.672462			0.459689	0	0.385602	0	0	0	0.154709
GCST90275140	GCST90275140	European		unassigned	ref_freqs.hg38.tsv.gz	50000	AFR	0.459689	0.0740866	0.537128	eaf_orientation	failed	-0.672462			0.459689	0	0.385602	0	0	0	0.154709
GCST90275141	GCST90275141	European		unassigned	ref_freqs.hg38.tsv.gz	50000	AFR	0.460114	0.0734903	0.537154	eaf_orientation	failed	-0.672459			0.460114	0	0.386623	0	0	0	0.153263
GCST90275142	GCST90275142	European		unassigned	ref_freqs.hg38.tsv.gz	50000	AFR	0.460114	0.0734903	0.537154	eaf_orientation	failed	-0.672459			0.460114	0	0.386623	0	0	0	0.153263
GCST90275143	GCST90275143	European		unassigned	ref_freqs.hg38.tsv.gz	50000	AFR	0.460114	0.0734903	0.537154	eaf_orientation	failed	-0.672459			0.460114	0	0.386623	0	0	0	0.153263
GCST90275144	GCST90275144	European		unassigned	ref_freqs.hg38.tsv.gz	50000	AFR	0.460263	0.0729743	0.537219	eaf_orientation	failed	-0.67259			0.460263	0	0.387289	0	0	0	0.152448
GCST90275145	GCST90275145	European		unassigned	ref_freqs.hg38.tsv.gz	50000	AFR	0.460263	0.0729743	0.537219	eaf_orientation	failed	-0.67259			0.460263	0	0.387289	0	0	0	0.152448
GCST90275146	GCST90275146	European		unassigned	ref_freqs.hg38.tsv.gz	50000	AFR	0.460263	0.0729743	0.537219	eaf_orientation	failed	-0.67259			0.460263	0	0.387289	0	0	0	0.152448
GCST90275147	GCST90275147	European		unassigned	ref_freqs.hg38.tsv.gz	50000	AFR	0.459506	0.075057	0.537041	eaf_orientation	failed	-0.67244			0.459506	0	0.384449	0	0	0	0.156046
GCST90275148	GCST90275148	European		unassigned	ref_freqs.hg38.tsv.gz	50000	AFR	0.459506	0.075057	0.537041	eaf_orientation	failed	-0.67244			0.459506	0	0.384449	0	0	0	0.156046
GCST90275149	GCST90275149	European		unassigned	ref_freqs.hg38.tsv.gz	50000	AFR	0.459506	0.075057	0.537041	eaf_orientation	failed	-0.67244			0.459506	0	0.384449	0	0	0	0.156046
GCST90275150	GCST90275150	European		unassigned	ref_freqs.hg38.tsv.gz	50000	AFR	0.459689	0.0740866	0.537128	eaf_orientation	failed	-0.672462			0.459689	0	0.385602	0	0	0	0.154709
GCST90275151	GCST90275151	European		unassigned	ref_freqs.hg38.tsv.gz	50000	AFR	0.459689	0.0740866	0.537128	eaf_orientation	failed	-0.672462			0.459689	0	0.385602	0	0	0	0.154709
GCST90275152	GCST90275152	European		unassigned	ref_freqs.hg38.tsv.gz	50000	AFR	0.459689	0.0740866	0.537128	eaf_orientation	failed	-0.672462			0.459689	0	0.385602	0	0	0	0.154709
GCST90275153	GCST90275153	European		unassigned	ref_freqs.hg38.tsv.gz	50000	AFR	0.460114	0.0734903	0.537154	eaf_orientation	failed	-0.672459			0.460114	0	0.386623	0	0	0	0.153263
GCST90275154	GCST90275154	European		unassigned	ref_freqs.hg38.tsv.gz	50000	AFR	0.460114	0.0734903	0.537154	eaf_orientation	failed	-0.672459			0.460114	0	0.386623	0	0	0	0.153263
GCST90275155	GCST90275155	European		unassigned	ref_freqs.hg38.tsv.gz	50000	AFR	0.460114	0.0734903	0.537154	eaf_orientation	failed	-0.672459			0.460114	0	0.386623	0	0	0	0.153263
GCST90275156	GCST90275156	European		unassigned	ref_freqs.hg38.tsv.gz	50000	AFR	0.460263	0.0729743	0.537219	eaf_orientation	failed	-0.67259			0.460263	0	0.387289	0	0	0	0.152448
GCST90275157	GCST90275157	European		unassigned	ref_freqs.hg38.tsv.gz	50000	AFR	0.460263	0.0729743	0.537219	eaf_orientation	failed	-0.67259			0.460263	0	0.387289	0	0	0	0.152448
GCST90275158	GCST90275158	European		unassigned	ref_freqs.hg38.tsv.gz	50000	AFR	0.460263	0.0729743	0.537219	eaf_orientation	failed	-0.67259			0.460263	0	0.387289	0	0	0	0.152448
GCST90275159	GCST90275159	European		unassigned	ref_freqs.hg38.tsv.gz	50000	AFR	0.459506	0.075057	0.537041	eaf_orientation	failed	-0.67244			0.459506	0	0.384449	0	0	0	0.156046
GCST90275160	GCST90275160	European		unassigned	ref_freqs.hg38.tsv.gz	50000	AFR	0.459506	0.075057	0.537041	eaf_orientation	failed	-0.67244			0.459506	0	0.384449	0	0	0	0.156046
GCST90275161	GCST90275161	European		unassigned	ref_freqs.hg38.tsv.gz	50000	AFR	0.459689	0.0740866	0.537128	eaf_orientation	failed	-0.672462			0.459689	0	0.385602	0	0	0	0.154709
GCST90275162	GCST90275162	European		unassigned	ref_freqs.hg38.tsv.gz	50000	AFR	0.459689	0.0740866	0.537128	eaf_orientation	failed	-0.672462			0.459689	0	0.385602	0	0	0	0.154709
GCST90275163	GCST90275163	European		unassigned	ref_freqs.hg38.tsv.gz	50000	AFR	0.460114	0.0734903	0.537154	eaf_orientation	failed	-0.672459			0.460114	0	0.386623	0	0	0	0.153263
GCST90275164	GCST90275164	European		unassigned	ref_freqs.hg38.tsv.gz	50000	AFR	0.460114	0.0734903	0.537154	eaf_orientation	failed	-0.672459			0.460114	0	0.386623	0	0	0	0.153263
GCST90275165	GCST90275165	European		unassigned	ref_freqs.hg38.tsv.gz	50000	AFR	0.460263	0.0729743	0.537219	eaf_orientation	failed	-0.67259			0.460263	0	0.387289	0	0	0	0.152448
GCST90275166	GCST90275166	European		unassigned	ref_freqs.hg38.tsv.gz	50000	AFR	0.460263	0.0729743	0.537219	eaf_orientation	failed	-0.67259			0.460263	0	0.387289	0	0	0	0.152448
GCST90275189	GCST90275189	European		unassigned	ref_freqs.hg38.tsv.gz	50000	AFR	0.638515	0.461048	0.499193	residual	passed	0.193542			0.638515	0	0.109442	0.0745755	0	0	0.177467
GCST90275190	GCST90275190	European		unassigned	ref_freqs.hg38.tsv.gz	50000	AFR	0.650795	0.507419	0.50564	residual	passed	0.18123			0.650795	0	0.107988	0.0978412	0	0	0.143376
GCST90275191	GCST90275191	European		unassigned	ref_freqs.hg38.tsv.gz	50000	AFR	0.636673	0.468574	0.507713	residual	passed	0.177138			0.636673	0	0.0932996	0.101929	0	0	0.168099
GCST90275192	GCST90275192	European	EUR	af_assigned	ref_freqs.hg38.tsv.gz	50000	EUR	0.984937	0.977201	0.00891295	ok	passed	0.978838	false		0.00205442	0.00773629	0.0052721	0.984937	0	0	0
GCST90275193	GCST90275193	European	EUR	af_assigned	ref_freqs.hg38.tsv.gz	50000	EUR	0.984937	0.977201	0.00891295	ok	passed	0.978838	false		0.00205442	0.00773629	0.0052721	0.984937	0	0	0
GCST90275194	GCST90275194	European	EUR	af_assigned	ref_freqs.hg38.tsv.gz	50000	EUR	0.984937	0.977201	0.00891295	ok	passed	0.978838	false		0.00205442	0.00773629	0.0052721	0.984937	0	0	0
GCST90275195	GCST90275195	European	EUR	af_assigned	ref_freqs.hg38.tsv.gz	50000	EUR	0.984937	0.977201	0.00891295	ok	passed	0.978838	false		0.00205442	0.00773629	0.0052721	0.984937	0	0	0
GCST90275196	GCST90275196	European	EUR	af_assigned	ref_freqs.hg38.tsv.gz	50000	EUR	0.984937	0.977201	0.00891295	ok	passed	0.978838	false		0.00205442	0.00773629	0.0052721	0.984937	0	0	0
GCST90275197	GCST90275197	European		unassigned	ref_freqs.hg38.tsv.gz	50000	AFR	0.639096	0.463069	0.499414	residual	passed	0.192932			0.639096	0	0.109816	0.0750621	0	0	0.176026
GCST90275198	GCST90275198	European		unassigned	ref_freqs.hg38.tsv.gz	50000	AFR	0.650532	0.507761	0.50557	residual	passed	0.181556			0.650532	0	0.10868	0.0980171	0	0	0.142771
GCST90275199	GCST90275199	European		unassigned	ref_freqs.hg38.tsv.gz	50000	AFR	0.637514	0.467779	0.507375	residual	passed	0.178052			0.637514	0	0.0909149	0.101836	0	0	0.169735
GCST90275731	GCST90275731	European	EUR	af_assigned	ref_freqs.hg38.tsv.gz	50000	EUR	0.988161	0.976322	0.0143338	ok	passed	0.976026	false		0	0	0	0.988161	0	0.0118389	0
GCST90275732	GCST90275732	European	EUR	af_assigned	ref_freqs.hg38.tsv.gz	50000	EUR	0.988161	0.976322	0.0143338	ok	passed	0.976026	false		0	0	0	0.988161	0	0.0118389	0
GCST90275733	GCST90275733	European	EUR	af_assigned	ref_freqs.hg38.tsv.gz	50000	EUR	0.988161	0.976322	0.0143338	ok	passed	0.976026	false		0	0	0	0.988161	0	0.0118389	0
GCST90275734	GCST90275734	European	EUR	af_assigned	ref_freqs.hg38.tsv.gz	50000	EUR	0.988161	0.976322	0.0143338	ok	passed	0.976026	false		0	0	0	0.988161	0	0.0118389	0
GCST90275735	GCST90275735	European	EUR	af_assigned	ref_freqs.hg38.tsv.gz	50000	EUR	0.988161	0.976322	0.0143338	ok	passed	0.976026	false		0	0	0	0.988161	0	0.0118389	0
GCST90275736	GCST90275736	European	EUR	af_assigned	ref_freqs.hg38.tsv.gz	50000	EUR	0.988161	0.976322	0.0143338	ok	passed	0.976026	false		0	0	0	0.988161	0	0.0118389	0
GCST90275737	GCST90275737	European	EUR	af_assigned	ref_freqs.hg38.tsv.gz	50000	EUR	0.988161	0.976322	0.0143338	ok	passed	0.976026	false		0	0	0	0.988161	0	0.0118389	0
GCST90275738	GCST90275738	European	EUR	af_assigned	ref_freqs.hg38.tsv.gz	50000	EUR	0.988161	0.976322	0.0143338	ok	passed	0.976026	false		0	0	0	0.988161	0	0.0118389	0
GCST90275739	GCST90275739	European	EUR	af_assigned	ref_freqs.hg38.tsv.gz	50000	EUR	0.988161	0.976322	0.0143338	ok	passed	0.976026	false		0	0	0	0.988161	0	0.0118389	0
GCST90275740	GCST90275740	European	EUR	af_assigned	ref_freqs.hg38.tsv.gz	50000	EUR	0.988161	0.976322	0.0143338	ok	passed	0.976026	false		0	0	0	0.988161	0	0.0118389	0
GCST90275741	GCST90275741	European	EUR	af_assigned	ref_freqs.hg38.tsv.gz	50000	EUR	0.988161	0.976322	0.0143338	ok	passed	0.976026	false		0	0	0	0.988161	0	0.0118389	0
GCST90275742	GCST90275742	European	EUR	af_assigned	ref_freqs.hg38.tsv.gz	50000	EUR	0.988161	0.976322	0.0143338	ok	passed	0.976026	false		0	0	0	0.988161	0	0.0118389	0
GCST90275743	GCST90275743	European	EUR	af_assigned	ref_freqs.hg38.tsv.gz	50000	EUR	0.988161	0.976322	0.0143338	ok	passed	0.976026	false		0	0	0	0.988161	0	0.0118389	0
GCST90275744	GCST90275744	European	EUR	af_assigned	ref_freqs.hg38.tsv.gz	50000	EUR	0.988161	0.976322	0.0143338	ok	passed	0.976026	false		0	0	0	0.988161	0	0.0118389	0
GCST90275745	GCST90275745	European	EUR	af_assigned	ref_freqs.hg38.tsv.gz	50000	EUR	0.988161	0.976322	0.0143338	ok	passed	0.976026	false		0	0	0	0.988161	0	0.0118389	0
GCST90275746	GCST90275746	European	EUR	af_assigned	ref_freqs.hg38.tsv.gz	50000	EUR	0.988161	0.976322	0.0143338	ok	passed	0.976026	false		0	0	0	0.988161	0	0.0118389	0
GCST90275747	GCST90275747	European	EUR	af_assigned	ref_freqs.hg38.tsv.gz	50000	EUR	0.988161	0.976322	0.0143338	ok	passed	0.976026	false		0	0	0	0.988161	0	0.0118389	0
GCST90275748	GCST90275748	European	EUR	af_assigned	ref_freqs.hg38.tsv.gz	50000	EUR	0.988161	0.976322	0.0143338	ok	passed	0.976026	false		0	0	0	0.988161	0	0.0118389	0
GCST90275749	GCST90275749	European	EUR	af_assigned	ref_freqs.hg38.tsv.gz	50000	EUR	0.988161	0.976322	0.0143338	ok	passed	0.976026	false		0	0	0	0.988161	0	0.0118389	0
GCST90275750	GCST90275750	European	EUR	af_assigned	ref_freqs.hg38.tsv.gz	50000	EUR	0.988161	0.976322	0.0143338	ok	passed	0.976026	false		0	0	0	0.988161	0	0.0118389	0
GCST90275751	GCST90275751	European	EUR	af_assigned	ref_freqs.hg38.tsv.gz	50000	EUR	0.988161	0.976322	0.0143338	ok	passed	0.976026	false		0	0	0	0.988161	0	0.0118389	0
GCST90275752	GCST90275752	European	EUR	af_assigned	ref_freqs.hg38.tsv.gz	50000	EUR	0.988161	0.976322	0.0143338	ok	passed	0.976026	false		0	0	0	0.988161	0	0.0118389	0
GCST90275753	GCST90275753	European	EUR	af_assigned	ref_freqs.hg38.tsv.gz	50000	EUR	0.988161	0.976322	0.0143338	ok	passed	0.976026	false		0	0	0	0.988161	0	0.0118389	0
GCST90275754	GCST90275754	European	EUR	af_assigned	ref_freqs.hg38.tsv.gz	50000	EUR	0.988161	0.976322	0.0143338	ok	passed	0.976026	false		0	0	0	0.988161	0	0.0118389	0
GCST90275755	GCST90275755	European	EUR	af_assigned	ref_freqs.hg38.tsv.gz	50000	EUR	0.988161	0.976322	0.0143338	ok	passed	0.976026	false		0	0	0	0.988161	0	0.0118389	0
GCST90275756	GCST90275756	European	EUR	af_assigned	ref_freqs.hg38.tsv.gz	50000	EUR	0.988161	0.976322	0.0143338	ok	passed	0.976026	false		0	0	0	0.988161	0	0.0118389	0
GCST90275757	GCST90275757	European	EUR	af_assigned	ref_freqs.hg38.tsv.gz	50000	EUR	0.988161	0.976322	0.0143338	ok	passed	0.976026	false		0	0	0	0.988161	0	0.0118389	0
GCST90275758	GCST90275758	European	EUR	af_assigned	ref_freqs.hg38.tsv.gz	50000	EUR	0.988161	0.976322	0.0143338	ok	passed	0.976026	false		0	0	0	0.988161	0	0.0118389	0
GCST90275759	GCST90275759	European	EUR	af_assigned	ref_freqs.hg38.tsv.gz	50000	EUR	0.988161	0.976322	0.0143338	ok	passed	0.976026	false		0	0	0	0.988161	0	0.0118389	0
GCST90275760	GCST90275760	European	EUR	af_assigned	ref_freqs.hg38.tsv.gz	50000	EUR	0.988161	0.976322	0.0143338	ok	passed	0.976026	false		0	0	0	0.988161	0	0.0118389	0
GCST90275761	GCST90275761	European	EUR	af_assigned	ref_freqs.hg38.tsv.gz	50000	EUR	0.988161	0.976322	0.0143338	ok	passed	0.976026	false		0	0	0	0.988161	0	0.0118389	0
GCST90275762	GCST90275762	European	EUR	af_assigned	ref_freqs.hg38.tsv.gz	50000	EUR	0.988161	0.976322	0.0143338	ok	passed	0.976026	false		0	0	0	0.988161	0	0.0118389	0
GCST90275763	GCST90275763	European	EUR	af_assigned	ref_freqs.hg38.tsv.gz	50000	EUR	0.988161	0.976322	0.0143338	ok	passed	0.976026	false		0	0	0	0.988161	0	0.0118389	0
GCST90275764	GCST90275764	European	EUR	af_assigned	ref_freqs.hg38.tsv.gz	50000	EUR	0.988161	0.976322	0.0143338	ok	passed	0.976026	false		0	0	0	0.988161	0	0.0118389	0
GCST90275765	GCST90275765	European	EUR	af_assigned	ref_freqs.hg38.tsv.gz	50000	EUR	0.988161	0.976322	0.0143338	ok	passed	0.976026	false		0	0	0	0.988161	0	0.0118389	0
GCST90275766	GCST90275766	European	EUR	af_assigned	ref_freqs.hg38.tsv.gz	50000	EUR	0.988161	0.976322	0.0143338	ok	passed	0.976026	false		0	0	0	0.988161	0	0.0118389	0
GCST90275767	GCST90275767	European	EUR	af_assigned	ref_freqs.hg38.tsv.gz	50000	EUR	0.988161	0.976322	0.0143338	ok	passed	0.976026	false		0	0	0	0.988161	0	0.0118389	0
GCST90275768	GCST90275768	European	EUR	af_assigned	ref_freqs.hg38.tsv.gz	50000	EUR	0.988161	0.976322	0.0143338	ok	passed	0.976026	false		0	0	0	0.988161	0	0.0118389	0
GCST90275769	GCST90275769	European	EUR	af_assigned	ref_freqs.hg38.tsv.gz	50000	EUR	0.988161	0.976322	0.0143338	ok	passed	0.976026	false		0	0	0	0.988161	0	0.0118389	0
GCST90275770	GCST90275770	European	EUR	af_assigned	ref_freqs.hg38.tsv.gz	50000	EUR	0.988161	0.976322	0.0143338	ok	passed	0.976026	false		0	0	0	0.988161	0	0.0118389	0
GCST90275771	GCST90275771	European	EUR	af_assigned	ref_freqs.hg38.tsv.gz	50000	EUR	0.988161	0.976322	0.0143338	ok	passed	0.976026	false		0	0	0	0.988161	0	0.0118389	0
GCST90275772	GCST90275772	European	EUR	af_assigned	ref_freqs.hg38.tsv.gz	50000	EUR	0.988161	0.976322	0.0143338	ok	passed	0.976026	false		0	0	0	0.988161	0	0.0118389	0
GCST90275773	GCST90275773	European	EUR	af_assigned	ref_freqs.hg38.tsv.gz	50000	EUR	0.988161	0.976322	0.0143338	ok	passed	0.976026	false		0	0	0	0.988161	0	0.0118389	0
GCST90275774	GCST90275774	European	EUR	af_assigned	ref_freqs.hg38.tsv.gz	50000	EUR	0.988161	0.976322	0.0143338	ok	passed	0.976026	false		0	0	0	0.988161	0	0.0118389	0
GCST90275775	GCST90275775	European	EUR	af_assigned	ref_freqs.hg38.tsv.gz	50000	EUR	0.988161	0.976322	0.0143338	ok	passed	0.976026	false		0	0	0	0.988161	0	0.0118389	0
GCST90275776	GCST90275776	European	EUR	af_assigned	ref_freqs.hg38.tsv.gz	50000	EUR	0.988161	0.976322	0.0143338	ok	passed	0.976026	false		0	0	0	0.988161	0	0.0118389	0
GCST90275777	GCST90275777	European	EUR	af_assigned	ref_freqs.hg38.tsv.gz	50000	EUR	0.988161	0.976322	0.0143338	ok	passed	0.976026	false		0	0	0	0.988161	0	0.0118389	0
GCST90275778	GCST90275778	European	EUR	af_assigned	ref_freqs.hg38.tsv.gz	50000	EUR	0.988161	0.976322	0.0143338	ok	passed	0.976026	false		0	0	0	0.988161	0	0.0118389	0
GCST90275779	GCST90275779	European	EUR	af_assigned	ref_freqs.hg38.tsv.gz	50000	EUR	0.988161	0.976322	0.0143338	ok	passed	0.976026	false		0	0	0	0.988161	0	0.0118389	0
GCST90275780	GCST90275780	European	EUR	af_assigned	ref_freqs.hg38.tsv.gz	50000	EUR	0.988161	0.976322	0.0143338	ok	passed	0.976026	false		0	0	0	0.988161	0	0.0118389	0
GCST90275781	GCST90275781	European	EUR	af_assigned	ref_freqs.hg38.tsv.gz	50000	EUR	0.988161	0.976322	0.0143338	ok	passed	0.976026	false		0	0	0	0.988161	0	0.0118389	0
GCST90275782	GCST90275782	European	EUR	af_assigned	ref_freqs.hg38.tsv.gz	50000	EUR	0.988161	0.976322	0.0143338	ok	passed	0.976026	false		0	0	0	0.988161	0	0.0118389	0
GCST90275783	GCST90275783	European	EUR	af_assigned	ref_freqs.hg38.tsv.gz	50000	EUR	0.988161	0.976322	0.0143338	ok	passed	0.976026	false		0	0	0	0.988161	0	0.0118389	0
GCST90275784	GCST90275784	European	EUR	af_assigned	ref_freqs.hg38.tsv.gz	50000	EUR	0.988161	0.976322	0.0143338	ok	passed	0.976026	false		0	0	0	0.988161	0	0.0118389	0
GCST90275785	GCST90275785	European	EUR	af_assigned	ref_freqs.hg38.tsv.gz	50000	EUR	0.988161	0.976322	0.0143338	ok	passed	0.976026	false		0	0	0	0.988161	0	0.0118389	0
GCST90275786	GCST90275786	European	EUR	af_assigned	ref_freqs.hg38.tsv.gz	50000	EUR	0.988161	0.976322	0.0143338	ok	passed	0.976026	false		0	0	0	0.988161	0	0.0118389	0
GCST90275787	GCST90275787	European	EUR	af_assigned	ref_freqs.hg38.tsv.gz	50000	EUR	0.988161	0.976322	0.0143338	ok	passed	0.976026	false		0	0	0	0.988161	0	0.0118389	0
GCST90275788	GCST90275788	European	EUR	af_assigned	ref_freqs.hg38.tsv.gz	50000	EUR	0.988161	0.976322	0.0143338	ok	passed	0.976026	false		0	0	0	0.988161	0	0.0118389	0
GCST90275789	GCST90275789	European	EUR	af_assigned	ref_freqs.hg38.tsv.gz	50000	EUR	0.988161	0.976322	0.0143338	ok	passed	0.976026	false		0	0	0	0.988161	0	0.0118389	0
GCST90275790	GCST90275790	European	EUR	af_assigned	ref_freqs.hg38.tsv.gz	50000	EUR	0.988161	0.976322	0.0143338	ok	passed	0.976026	false		0	0	0	0.988161	0	0.0118389	0
GCST90276157	GCST90276157	European		unassigned	ref_freqs.hg38.tsv.gz	50000	SAS	0.511634	0.22243	0.613143	residual	failed	-0.191905			0	0	0.199162	0.289204	0	0	0.511634
GCST90276158	GCST90276158	European		unassigned	ref_freqs.hg38.tsv.gz	50000	SAS	0.511634	0.22243	0.613143	residual	failed	-0.191905			0	0	0.199162	0.289204	0	0	0.511634
GCST90276159	GCST90276159	European		unassigned	ref_freqs.hg38.tsv.gz	50000	SAS	0.511634	0.22243	0.613143	residual	failed	-0.191905			0	0	0.199162	0.289204	0	0	0.511634
GCST90276160	GCST90276160	European		unassigned	ref_freqs.hg38.tsv.gz	50000	SAS	0.511634	0.22243	0.613143	residual	failed	-0.191905			0	0	0.199162	0.289204	0	0	0.511634
GCST90277450	GCST90277450	European		unassigned	ref_freqs.hg38.tsv.gz	43686	AFR	0.600318	0.200636	0.594606	eaf_orientation	failed	-0.711209			0.600318	0	0.399682	0	0	0	0
GCST90277451	GCST90277451	European		unassigned	ref_freqs.hg38.tsv.gz	43686	AFR	0.600318	0.200636	0.594606	eaf_orientation	failed	-0.711209			0.600318	0	0.399682	0	0	0	0
GCST90277452	GCST90277452	European		unassigned	ref_freqs.hg38.tsv.gz	43686	AFR	0.600318	0.200636	0.594606	eaf_orientation	failed	-0.711209			0.600318	0	0.399682	0	0	0	0
GCST90278455	GCST90278455	European		unassigned	ref_freqs.hg38.tsv.gz	50000	EUR	0.674158	0.402412	0.105062	residual	passed	0.925621			0.271746	0.00787002	0.0235685	0.674158	0	0	0.0226576
GCST90278456	GCST90278456	European		unassigned	ref_freqs.hg38.tsv.gz	50000	EUR	0.935242	0.907438	0.101747	residual	passed	0.925802			0.0272548	0.000255406	0.00944464	0.935242	0	0	0.0278036
GCST90278508	GCST90278508	European	EUR	af_assigned	ref_freqs.hg38.tsv.gz	50000	EUR	0.980217	0.971985	0.00499821	ok	passed	0.980743	false		0.0043067	0.00155093	0.00289039	0.980217	0	0.00280413	0.00823127
GCST90278509	GCST90278509	European	EUR	af_assigned	ref_freqs.hg38.tsv.gz	50000	EUR	0.979789	0.971596	0.00500721	ok	passed	0.980833	false		0.00448952	0.00171426	0.00286669	0.979789	0	0.002947	0.00819342
GCST90278510	GCST90278510	European	EUR	af_assigned	ref_freqs.hg38.tsv.gz	50000	EUR	0.979721	0.971659	0.00499725	ok	passed	0.980998	false		0.00460707	0.00168089	0.00293104	0.979721	0	0.00299868	0.00806155
GCST90278511	GCST90278511	European	EUR	af_assigned	ref_freqs.hg38.tsv.gz	50000	EUR	0.979868	0.971878	0.0049982	ok	passed	0.980819	false		0.00448447	0.00160255	0.0029824	0.979868	0	0.00307234	0.00799015
GCST90278512	GCST90278512	European	EUR	af_assigned	ref_freqs.hg38.tsv.gz	50000	EUR	0.980052	0.972081	0.00500853	ok	passed	0.980855	false		0.00454734	0.00169959	0.00288498	0.980052	0	0.00284608	0.00797036
GCST90278513	GCST90278513	European	EUR	af_assigned	ref_freqs.hg38.tsv.gz	50000	EUR	0.980341	0.972236	0.00499867	ok	passed	0.980777	false		0.00446851	0.00171645	0.00288663	0.980341	0	0.00248277	0.00810466
GCST90278514	GCST90278514	European	EUR	af_assigned	ref_freqs.hg38.tsv.gz	50000	EUR	0.979964	0.971841	0.00500442	ok	passed	0.980827	false		0.00460616	0.00166364	0.00290769	0.979964	0	0.00273568	0.00812277
GCST90278515	GCST90278515	European	EUR	af_assigned	ref_freqs.hg38.tsv.gz	50000	EUR	0.979706	0.971432	0.00500268	ok	passed	0.980871	false		0.00459711	0.00163786	0.00285959	0.979706	0	0.00292654	0.00827337
GCST90278516	GCST90278516	European	EUR	af_assigned	ref_freqs.hg38.tsv.gz	50000	EUR	0.979959	0.971657	0.00499915	ok	passed	0.98078	false		0.00444641	0.00178561	0.00286747	0.979959	0	0.00264074	0.00830115
GCST90278517	GCST90278517	European	EUR	af_assigned	ref_freqs.hg38.tsv.gz	50000	EUR	0.980028	0.971968	0.00499913	ok	passed	0.980863	false		0.00460169	0.00161023	0.0028379	0.980028	0	0.00286129	0.00806047
GCST90278518	GCST90278518	European	EUR	af_assigned	ref_freqs.hg38.tsv.gz	50000	EUR	0.980249	0.971921	0.00500398	ok	passed	0.980734	false		0.00452061	0.00147031	0.00285156	0.980249	0	0.00258131	0.00832755
GCST90278519	GCST90278519	European	EUR	af_assigned	ref_freqs.hg38.tsv.gz	50000	EUR	0.980088	0.971693	0.00499641	ok	passed	0.980819	false		0.00458777	0.00155462	0.00292941	0.980088	0	0.00244564	0.00839478
GCST90281037	GCST90281037	European		unassigned	ref_freqs.hg38.tsv.gz	50000	AFR	0.421085	0.176569	0.356156	residual	passed	0.143821			0.421085	0.00444957	0.109718	0.220232	0	0	0.244516
GCST90281038	GCST90281038	European		unassigned	ref_freqs.hg38.tsv.gz	42108	AFR	0.336248	0.0628449	0.377627	residual	passed	0.0623549			0.336248	0.100944	0.120383	0.273403	0	0	0.169022
GCST90281041	GCST90281041	European	EUR	af_assigned	ref_freqs.hg38.tsv.gz	50000	EUR	1	1	0.0101119	ok	passed	0.97548	false		0	0	0	1	0	0	0
GCST90281042	GCST90281042	European	EUR	af_assigned	ref_freqs.hg38.tsv.gz	50000	EUR	1	1	0.0101119	ok	passed	0.97548	false		0	0	0	1	0	0	0
GCST90281046	GCST90281046	European	EUR	af_assigned	ref_freqs.hg38.tsv.gz	50000	EUR	1	1	0.0131001	ok	passed	0.985289	false		0	0	0	1	0	0	0
GCST90281047	GCST90281047	European	EUR	af_assigned	ref_freqs.hg38.tsv.gz	50000	EUR	1	1	0.0126144	ok	passed	0.985241	false		0	0	0	1	0	0	0
GCST90281048	GCST90281048	European	EUR	af_assigned	ref_freqs.hg38.tsv.gz	50000	EUR	1	1	0.0139081	ok	passed	0.985085	false		0	0	0	1	0	0	0
GCST90281049	GCST90281049	European	EUR	af_assigned	ref_freqs.hg38.tsv.gz	50000	EUR	1	1	0.0131145	ok	passed	0.985193	false		0	0	0	1	0	0	0
GCST90281050	GCST90281050	European	EUR	af_assigned	ref_freqs.hg38.tsv.gz	50000	EUR	0.996347	0.992694	0.0201818	ok	passed	0.98452	false		0	0	0.00365292	0.996347	0	0	0
GCST90281051	GCST90281051	European	EUR	af_assigned	ref_freqs.hg38.tsv.gz	50000	EUR	1	1	0.0180624	ok	passed	0.984479	false		0	0	0	1	0	0	0
GCST90281155	GCST90281155	European	EUR	af_assigned	ref_freqs.hg38.tsv.gz	50000	EUR	0.999118	0.998559	0.00518211	ok	passed	0.979166	false		0	0	0	0.999118	0	0.000559016	0.000323207
GCST90281156	GCST90281156	European	EUR	af_assigned	ref_freqs.hg38.tsv.gz	50000	EUR	0.999118	0.998559	0.00518211	ok	passed	0.979166	false		0	0	0	0.999118	0	0.000559016	0.000323207
GCST90281157	GCST90281157	European	EUR	af_assigned	ref_freqs.hg38.tsv.gz	50000	EUR	0.999118	0.998559	0.00518211	ok	passed	0.979166	false		0	0	0	0.999118	0	0.000559016	0.000323207
GCST90281158	GCST90281158	European	EUR	af_assigned	ref_freqs.hg38.tsv.gz	50000	EUR	0.999118	0.998559	0.00518211	ok	passed	0.979166	false		0	0	0	0.999118	0	0.000559016	0.000323207
GCST90281159	GCST90281159	European	EUR	af_assigned	ref_freqs.hg38.tsv.gz	50000	EUR	0.999118	0.998559	0.00518211	ok	passed	0.979166	false		0	0	0	0.999118	0	0.000559016	0.000323207
GCST90281160	GCST90281160	European	EUR	af_assigned	ref_freqs.hg38.tsv.gz	50000	EUR	0.999557	0.999115	0.0052379	ok	passed	0.979182	false		0	0	0	0.999557	0	0.000442612	0
GCST90281161	GCST90281161	European	EUR	af_assigned	ref_freqs.hg38.tsv.gz	50000	EUR	0.999557	0.999115	0.0052379	ok	passed	0.979182	false		0	0	0	0.999557	0	0.000442612	0
GCST90281162	GCST90281162	European	EUR	af_assigned	ref_freqs.hg38.tsv.gz	50000	EUR	0.989146	0.981058	0.0123534	ok	passed	0.978713	false		0.00228146	0.000485294	0	0.989146	0	0.00808741	0
GCST90281163	GCST90281163	European	EUR	af_assigned	ref_freqs.hg38.tsv.gz	50000	EUR	0.999692	0.999484	0.00570951	ok	passed	0.978989	false		0	0	0	0.999692	0	0.000207805	0.000100085
GCST90281164	GCST90281164	European	EUR	af_assigned	ref_freqs.hg38.tsv.gz	50000	EUR	0.999118	0.998559	0.00518211	ok	passed	0.979166	false		0	0	0	0.999118	0	0.000559016	0.000323207
GCST90281165	GCST90281165	European	EUR	af_assigned	ref_freqs.hg38.tsv.gz	50000	EUR	0.999682	0.999363	0.00570808	ok	passed	0.978974	false		0	0	0	0.999682	0	0.000318417	0
GCST90281166	GCST90281166	European	EUR	af_assigned	ref_freqs.hg38.tsv.gz	50000	EUR	0.999118	0.998559	0.00518211	ok	passed	0.979166	false		0	0	0	0.999118	0	0.000559016	0.000323207
GCST90281167	GCST90281167	European	EUR	af_assigned	ref_freqs.hg38.tsv.gz	50000	EUR	0.999118	0.998559	0.00518211	ok	passed	0.979166	false		0	0	0	0.999118	0	0.000559016	0.000323207
GCST90281168	GCST90281168	European	EUR	af_assigned	ref_freqs.hg38.tsv.gz	50000	EUR	0.999557	0.999115	0.0052379	ok	passed	0.979182	false		0	0	0	0.999557	0	0.000442612	0
GCST90281169	GCST90281169	European	EUR	af_assigned	ref_freqs.hg38.tsv.gz	50000	EUR	0.999557	0.999115	0.0052379	ok	passed	0.979182	false		0	0	0	0.999557	0	0.000442612	0
GCST90281170	GCST90281170	European	EUR	af_assigned	ref_freqs.hg38.tsv.gz	50000	EUR	0.994723	0.989446	0.00747468	ok	passed	0.97886	false		0	0	0	0.994723	0	0.00527714	0
GCST90281171	GCST90281171	European	EUR	af_assigned	ref_freqs.hg38.tsv.gz	50000	EUR	0.999293	0.998586	0.00550792	ok	passed	0.97902	false		0	0	0	0.999293	0	0.000707107	0
GCST90281172	GCST90281172	European	EUR	af_assigned	ref_freqs.hg38.tsv.gz	50000	EUR	0.999118	0.998559	0.00518211	ok	passed	0.979166	false		0	0	0	0.999118	0	0.000559016	0.000323207
GCST90281173	GCST90281173	European	EUR	af_assigned	ref_freqs.hg38.tsv.gz	50000	EUR	0.99921	0.998419	0.00550599	ok	passed	0.979023	false		0	0	0	0.99921	0	0.000790275	0
GCST90281174	GCST90281174	European	EUR	af_assigned	ref_freqs.hg38.tsv.gz	50000	EUR	0.999118	0.998559	0.00518211	ok	passed	0.979166	false		0	0	0	0.999118	0	0.000559016	0.000323207
GCST90281175	GCST90281175	European	EUR	af_assigned	ref_freqs.hg38.tsv.gz	50000	EUR	0.999557	0.999115	0.0052379	ok	passed	0.979182	false		0	0	0	0.999557	0	0.000442612	0
GCST90281176	GCST90281176	European	EUR	af_assigned	ref_freqs.hg38.tsv.gz	50000	EUR	0.999557	0.999115	0.0052379	ok	passed	0.979182	false		0	0	0	0.999557	0	0.000442612	0
GCST90281177	GCST90281177	European	EUR	af_assigned	ref_freqs.hg38.tsv.gz	50000	EUR	0.991227	0.982455	0.00928945	ok	passed	0.97862	false		0	0	0	0.991227	0	0.00877258	0
GCST90281178	GCST90281178	European	EUR	af_assigned	ref_freqs.hg38.tsv.gz	50000	EUR	0.999251	0.998502	0.00580708	ok	passed	0.978981	false		0	0	0	0.999251	0	0	0.000749129
GCST90281179	GCST90281179	European	EUR	af_assigned	ref_freqs.hg38.tsv.gz	50000	EUR	0.999118	0.998559	0.00518211	ok	passed	0.979166	false		0	0	0	0.999118	0	0.000559016	0.000323207
GCST90281180	GCST90281180	European	EUR	af_assigned	ref_freqs.hg38.tsv.gz	50000	EUR	0.999271	0.998543	0.00577485	ok	passed	0.978995	false		0	0	0	0.999271	0	0	0.000728674
GCST90281181	GCST90281181	European	EUR	af_assigned	ref_freqs.hg38.tsv.gz	50000	EUR	0.999118	0.998559	0.00518211	ok	passed	0.979166	false		0	0	0	0.999118	0	0.000559016	0.000323207
GCST90281182	GCST90281182	European	EUR	af_assigned	ref_freqs.hg38.tsv.gz	50000	EUR	0.999118	0.998559	0.00518211	ok	passed	0.979166	false		0	0	0	0.999118	0	0.000559016	0.000323207
GCST90281183	GCST90281183	European	EUR	af_assigned	ref_freqs.hg38.tsv.gz	50000	EUR	0.999119	0.998559	0.00518213	ok	passed	0.979166	false		0	0	0	0.999119	0	0.00055989	0.000321544
GCST90281192	GCST90281192	European	EUR	af_assigned	ref_freqs.hg38.tsv.gz	50000	EUR	0.998553	0.997413	0.00680291	ok	passed	0.979085	false		0	0	0	0.998553	0	0.00114049	0.000306218
GCST90281195	GCST90281195	European	EUR	af_assigned	ref_freqs.hg38.tsv.gz	50000	EUR	0.998636	0.997534	0.00680483	ok	passed	0.979079	false		0	0	0	0.998636	0	0.00110266	0.000261112
GCST90281198	GCST90281198	European	EUR	af_assigned	ref_freqs.hg38.tsv.gz	50000	EUR	0.998094	0.996214	0.00679943	ok	passed	0.979033	false		0	0	0	0.998094	0	0.00188012	2.54285e-05
GCST90281200	GCST90281200	European	EUR	af_assigned	ref_freqs.hg38.tsv.gz	50000	EUR	0.998098	0.996196	0.0068005	ok	passed	0.979031	false		0	0	0	0.998098	0	0.00190212	0
GCST90281215	GCST90281215	European	EUR	af_assigned	ref_freqs.hg38.tsv.gz	50000	EUR	0.997993	0.996264	0.00678698	ok	passed	0.979067	false		0	0	0	0.997993	0	0.0017297	0.000277084
GCST90281217	GCST90281217	European	EUR	af_assigned	ref_freqs.hg38.tsv.gz	50000	EUR	0.998071	0.996269	0.00678193	ok	passed	0.979065	false		0	0	0	0.998071	0	0.00180175	0.000127257
GCST90281224	GCST90281224	European	EUR	af_assigned	ref_freqs.hg38.tsv.gz	50000	EUR	0.997921	0.996056	0.00679373	ok	passed	0.979073	false		0	0	0	0.997921	0	0.00186542	0.00021343
GCST90281226	GCST90281226	European	EUR	af_assigned	ref_freqs.hg38.tsv.gz	50000	EUR	0.997981	0.996178	0.0067825	ok	passed	0.979056	false		0	0	0	0.997981	0	0.00180268	0.000216691
GCST90281227	GCST90281227	European	EUR	af_assigned	ref_freqs.hg38.tsv.gz	50000	EUR	0.997963	0.996175	0.0067812	ok	passed	0.979072	false		0	0	0	0.997963	0	0.00178735	0.000250135
GCST90281230	GCST90281230	European	EUR	af_assigned	ref_freqs.hg38.tsv.gz	50000	EUR	0.998919	0.998184	0.00679467	ok	passed	0.979085	false		0	0	0	0.998919	0	0.000735051	0.000346396
GCST90281231	GCST90281231	European	EUR	af_assigned	ref_freqs.hg38.tsv.gz	50000	EUR	0.99876	0.997795	0.00679144	ok	passed	0.979086	false		0	0	0	0.99876	0	0.000964329	0.000276063
GCST90281240	GCST90281240	European	EUR	af_assigned	ref_freqs.hg38.tsv.gz	50000	EUR	0.997927	0.996106	0.00678191	ok	passed	0.979072	false		0	0	0	0.997927	0	0.00182144	0.00025132
GCST90281242	GCST90281242	European	EUR	af_assigned	ref_freqs.hg38.tsv.gz	50000	EUR	0.997908	0.996092	0.00678832	ok	passed	0.979068	false		0	0	0	0.997908	0	0.00181642	0.000275253
GCST90281245	GCST90281245	European	EUR	af_assigned	ref_freqs.hg38.tsv.gz	50000	EUR	0.997967	0.996175	0.00678248	ok	passed	0.979071	false		0	0	0	0.997967	0	0.00179139	0.000241849
GCST90281250	GCST90281250	European	EUR	af_assigned	ref_freqs.hg38.tsv.gz	50000	EUR	0.997956	0.996161	0.00678143	ok	passed	0.979072	false		0	0	0	0.997956	0	0.0017948	0.000249692
GCST90281252	GCST90281252	European	EUR	af_assigned	ref_freqs.hg38.tsv.gz	50000	EUR	0.998747	0.997802	0.006789	ok	passed	0.979081	false		0	0	0	0.998747	0	0.000945333	0.000307296
GCST90281254	GCST90281254	European	EUR	af_assigned	ref_freqs.hg38.tsv.gz	50000	EUR	0.998696	0.997715	0.00678777	ok	passed	0.979083	false		0	0	0	0.998696	0	0.000981376	0.000322606
GCST90281263	GCST90281263	European	EUR	af_assigned	ref_freqs.hg38.tsv.gz	50000	EUR	0.930528	0.898302	0.0057285	ok	passed	0.984365	false		0.0288668	0.00190072	0.00439997	0.930528	0	0.00207752	0.0322267
GCST90281264	GCST90281264	European	EUR	af_assigned	ref_freqs.hg38.tsv.gz	50000	EUR	0.930528	0.898302	0.0057285	ok	passed	0.984365	false		0.0288668	0.00190072	0.00439997	0.930528	0	0.00207752	0.0322267
GCST90281265	GCST90281265	European	EUR	af_assigned	ref_freqs.hg38.tsv.gz	50000	EUR	0.930528	0.898302	0.0057285	ok	passed	0.984365	false		0.0288668	0.00190072	0.00439997	0.930528	0	0.00207752	0.0322267
GCST90281266	GCST90281266	European	EUR	af_assigned	ref_freqs.hg38.tsv.gz	50000	EUR	0.930205	0.897768	0.00510842	ok	passed	0.9844	false		0.0288898	0.00169435	0.00434406	0.930205	0	0.00243029	0.0324368
GCST90281273	GCST90281273	European	EUR	af_assigned	ref_freqs.hg38.tsv.gz	50000	EUR	0.988865	0.983588	0.00922392	ok	passed	0.977748	false		0.00112295	0.00527688	0.00473501	0.988865	0	0	0
GCST90281274	GCST90281274	European	EUR	af_assigned	ref_freqs.hg38.tsv.gz	50000	EUR	1	1	0.011771	ok	passed	0.975917	false		0	0	0	1	0	0	0
GCST90281365	GCST90281365	European	EUR	af_assigned	ref_freqs.hg38.tsv.gz	50000	EUR	0.998101	0.996203	0.00683478	ok	passed	0.978437	false		0	0	0	0.998101	0	0.0018986	0
GCST90292488	GCST90292488	European		unassigned	ref_freqs.hg38.tsv.gz	24393	AFR	0.638627	0.438226	0.404923	residual	passed	0.0832187			0.638627	0	0.200401	0	0	0	0.160972
GCST90292521	GCST90292521	European	EUR	af_assigned	ref_freqs.hg38.tsv.gz	50000	EUR	0.987881	0.976735	0.00668224	ok	passed	0.97863	false		0.000372851	0.0111462	0	0.987881	1.37562e-06	0.000598207	0
GCST90292522	GCST90292522	European	EUR	af_assigned	ref_freqs.hg38.tsv.gz	50000	EUR	0.98535	0.974576	0.00653649	ok	passed	0.978656	false		0.000214154	0.0107742	0	0.98535	0.002165	0.00149648	0
GCST90292523	GCST90292523	European	EUR	af_assigned	ref_freqs.hg38.tsv.gz	50000	EUR	0.993111	0.986222	0.00836574	ok	passed	0.978114	false		0	0.00688905	0	0.993111	0	0	0
GCST90292524	GCST90292524	European	EUR	af_assigned	ref_freqs.hg38.tsv.gz	50000	EUR	0.992499	0.984999	0.00816618	ok	passed	0.978191	false		0	0.00750071	0	0.992499	0	0	0
GCST90292525	GCST90292525	European	EUR	af_assigned	ref_freqs.hg38.tsv.gz	50000	EUR	0.989014	0.978651	0.00691556	ok	passed	0.978543	false		0.000622146	0.0103635	0	0.989014	0	0	0
GCST90292526	GCST90292526	European	EUR	af_assigned	ref_freqs.hg38.tsv.gz	50000	EUR	0.988927	0.978621	0.00678334	ok	passed	0.978558	false		0.000698913	0.0103063	0	0.988927	0	6.76726e-05	0
GCST90292538	GCST90292538	European	EUR	af_assigned	ref_freqs.hg38.tsv.gz	50000	EUR	0.700854	0.46484	0.0463281	ok	passed	0.979655	false		0.00745297	0.0361389	0.236014	0.700854	0	0.0195396	0
GCST90292553	GCST90292553	European	EUR	af_assigned	ref_freqs.hg38.tsv.gz	50000	EUR	1	1	0.00479888	ok	passed	0.978139	false		0	0	0	1	0	0	0
GCST90292604	GCST90292604	European	EUR	af_assigned	ref_freqs.hg38.tsv.gz	50000	EUR	0.980263	0.96672	0.018321	ok	passed	0.973646	false		0	0.00619456	0.0135427	0.980263	0	0	0
GCST90293085	GCST90293085	European		unassigned	ref_freqs.hg38.tsv.gz	50000	AFR	0.334837	0.061312	0.278684	residual	passed	0.450221			0.334837	0.0803998	0.123219	0.273525	0	0	0.188019
GCST90293086	GCST90293086	European		unassigned	ref_freqs.hg38.tsv.gz	50000	EUR	0.52341	0.214754	0.263615	residual	passed	0.555191			0.308656	0.0466096	0	0.52341	0	0	0.121325
GCST90295917	GCST90295917	European	EUR	af_assigned	ref_freqs.hg38.tsv.gz	50000	EUR	0.619631	0.253688	0.00846536	ok	passed	0.987408	false		0	0.00394896	0.365943	0.619631	0	0.0104773	0
GCST90295922	GCST90295922	European	EUR	af_assigned	ref_freqs.hg38.tsv.gz	50000	EUR	0.982545	0.975654	0.00860211	ok	passed	0.977897	false		0.00527075	0.00689003	0	0.982545	0	0.00529468	0
GCST90295945	GCST90295945	European	EUR	af_assigned	ref_freqs.hg38.tsv.gz	50000	EUR	0.995337	0.990673	0.00495276	ok	passed	0.980914	false		0	0	0	0.995337	0	0	0.0046634
GCST90295946	GCST90295946	European	EUR	af_assigned	ref_freqs.hg38.tsv.gz	50000	EUR	0.997328	0.994657	0.00496756	ok	passed	0.980865	false		0	0	0	0.997328	0	0	0.00267172
GCST90295949	GCST90295949	European	EUR	af_assigned	ref_freqs.hg38.tsv.gz	50000	EUR	0.9996	0.999398	0.00450864	ok	passed	0.977575	false		0	0	0	0.9996	0	0.000197255	0.000202373
GCST90295950	GCST90295950	European	EUR	af_assigned	ref_freqs.hg38.tsv.gz	50000	EUR	0.999282	0.998761	0.00456478	ok	passed	0.977569	false		0	0	0	0.999282	0	0.000197764	0.000520584
GCST90295951	GCST90295951	European	EUR	af_assigned	ref_freqs.hg38.tsv.gz	50000	EUR	0.999853	0.999707	0.00450668	ok	passed	0.977577	false		0	0	0	0.999853	0	0.000146561	0
GCST90295971	GCST90295971	European	EUR	af_assigned	ref_freqs.hg38.tsv.gz	50000	EUR	0.997816	0.995631	0.008228	ok	passed	0.977549	false		0	0	0	0.997816	0	0.00218426	0
GCST90296096	GCST90296096	European	EUR	af_assigned	ref_freqs.hg38.tsv.gz	50000	EUR	0.979553	0.970959	0.00498057	ok	passed	0.981006	false		0.00469211	0.00183997	0.00280358	0.979553	0	0.00251708	0.00859406
GCST90296097	GCST90296097	European	EUR	af_assigned	ref_freqs.hg38.tsv.gz	50000	EUR	0.981732	0.973514	0.00493997	ok	passed	0.980617	false		0.00494026	0.00113404	0.00319851	0.981732	0	0.000776363	0.00821845
GCST90296098	GCST90296098	European	EUR	af_assigned	ref_freqs.hg38.tsv.gz	50000	EUR	0.979857	0.971618	0.00499182	ok	passed	0.980935	false		0.00463408	0.00182545	0.00283857	0.979857	0	0.00260561	0.00823911
GCST90296333	GCST90296333	European	EUR	af_assigned	ref_freqs.hg38.tsv.gz	50000	EUR	0.992487	0.986783	0.00836621	ok	passed	0.979651	false		0.000673756	0.00570397	0.00113512	0.992487	0	0	0
GCST90296484	GCST90296484	European	EUR	af_assigned	ref_freqs.hg38.tsv.gz	50000	EUR	0.883321	0.812476	0.00708114	ok	passed	0.98607	false		0.017118	0.0708451	0.00330031	0.883321	0.00682989	0.00687452	0.0117109
GCST90296499	GCST90296499	European	EUR	af_assigned	ref_freqs.hg38.tsv.gz	50000	EUR	0.894647	0.815641	0.0515762	ok	passed	0.971658	false		0	0.0158159	0.0790063	0.894647	0	0.0105307	0
GCST90296636	GCST90296636	European	EUR	af_assigned	ref_freqs.hg38.tsv.gz	50000	EUR	0.991273	0.986043	0.0147497	ok	passed	0.977457	false		0	0	0.00349687	0.991273	0	0.0052301	0
GCST90296637	GCST90296637	European	EUR	af_assigned	ref_freqs.hg38.tsv.gz	50000	EUR	0.991273	0.986043	0.0147497	ok	passed	0.977457	false		0	0	0.00349687	0.991273	0	0.0052301	0
GCST90296638	GCST90296638	European	EUR	af_assigned	ref_freqs.hg38.tsv.gz	50000	EUR	0.991273	0.986043	0.0147497	ok	passed	0.977457	false		0	0	0.00349687	0.991273	0	0.0052301	0
GCST90296639	GCST90296639	European	EUR	af_assigned	ref_freqs.hg38.tsv.gz	50000	EUR	0.991273	0.986043	0.0147497	ok	passed	0.977457	false		0	0	0.00349687	0.991273	0	0.0052301	0
GCST90296640	GCST90296640	European	EUR	af_assigned	ref_freqs.hg38.tsv.gz	50000	EUR	0.991273	0.986043	0.0147497	ok	passed	0.977457	false		0	0	0.00349687	0.991273	0	0.0052301	0
GCST90296641	GCST90296641	European	EUR	af_assigned	ref_freqs.hg38.tsv.gz	50000	EUR	0.991273	0.986043	0.0147497	ok	passed	0.977457	false		0	0	0.00349687	0.991273	0	0.0052301	0
GCST90296642	GCST90296642	European	EUR	af_assigned	ref_freqs.hg38.tsv.gz	50000	EUR	0.991273	0.986043	0.0147497	ok	passed	0.977457	false		0	0	0.00349687	0.991273	0	0.0052301	0
GCST90296643	GCST90296643	European	EUR	af_assigned	ref_freqs.hg38.tsv.gz	50000	EUR	0.991273	0.986043	0.0147497	ok	passed	0.977457	false		0	0	0.00349687	0.991273	0	0.0052301	0
GCST90296644	GCST90296644	European	EUR	af_assigned	ref_freqs.hg38.tsv.gz	50000	EUR	0.991273	0.986043	0.0147497	ok	passed	0.977457	false		0	0	0.00349687	0.991273	0	0.0052301	0
GCST90296645	GCST90296645	European	EUR	af_assigned	ref_freqs.hg38.tsv.gz	50000	EUR	0.991273	0.986043	0.0147497	ok	passed	0.977457	false		0	0	0.00349687	0.991273	0	0.0052301	0
GCST90296646	GCST90296646	European	EUR	af_assigned	ref_freqs.hg38.tsv.gz	50000	EUR	0.991273	0.986043	0.0147497	ok	passed	0.977457	false		0	0	0.00349687	0.991273	0	0.0052301	0
GCST90296647	GCST90296647	European	EUR	af_assigned	ref_freqs.hg38.tsv.gz	50000	EUR	0.991273	0.986043	0.0147497	ok	passed	0.977457	false		0	0	0.00349687	0.991273	0	0.0052301	0
GCST90296648	GCST90296648	European	EUR	af_assigned	ref_freqs.hg38.tsv.gz	50000	EUR	0.991273	0.986043	0.0147497	ok	passed	0.977457	false		0	0	0.00349687	0.991273	0	0.0052301	0
GCST90296649	GCST90296649	European	EUR	af_assigned	ref_freqs.hg38.tsv.gz	50000	EUR	0.991273	0.986043	0.0147497	ok	passed	0.977457	false		0	0	0.00349687	0.991273	0	0.0052301	0
GCST90296650	GCST90296650	European	EUR	af_assigned	ref_freqs.hg38.tsv.gz	50000	EUR	0.991273	0.986043	0.0147497	ok	passed	0.977457	false		0	0	0.00349687	0.991273	0	0.0052301	0
GCST90296651	GCST90296651	European	EUR	af_assigned	ref_freqs.hg38.tsv.gz	50000	EUR	0.991273	0.986043	0.0147497	ok	passed	0.977457	false		0	0	0.00349687	0.991273	0	0.0052301	0
GCST90296652	GCST90296652	European	EUR	af_assigned	ref_freqs.hg38.tsv.gz	50000	EUR	0.991273	0.986043	0.0147497	ok	passed	0.977457	false		0	0	0.00349687	0.991273	0	0.0052301	0
GCST90296653	GCST90296653	European	EUR	af_assigned	ref_freqs.hg38.tsv.gz	50000	EUR	0.991273	0.986043	0.0147497	ok	passed	0.977457	false		0	0	0.00349687	0.991273	0	0.0052301	0
GCST90296654	GCST90296654	European	EUR	af_assigned	ref_freqs.hg38.tsv.gz	50000	EUR	0.991273	0.986043	0.0147497	ok	passed	0.977457	false		0	0	0.00349687	0.991273	0	0.0052301	0
GCST90296655	GCST90296655	European	EUR	af_assigned	ref_freqs.hg38.tsv.gz	50000	EUR	0.991273	0.986043	0.0147497	ok	passed	0.977457	false		0	0	0.00349687	0.991273	0	0.0052301	0
GCST90296656	GCST90296656	European	EUR	af_assigned	ref_freqs.hg38.tsv.gz	50000	EUR	0.991273	0.986043	0.0147497	ok	passed	0.977457	false		0	0	0.00349687	0.991273	0	0.0052301	0
GCST90296657	GCST90296657	European	EUR	af_assigned	ref_freqs.hg38.tsv.gz	50000	EUR	0.991273	0.986043	0.0147497	ok	passed	0.977457	false		0	0	0.00349687	0.991273	0	0.0052301	0
GCST90296658	GCST90296658	European	EUR	af_assigned	ref_freqs.hg38.tsv.gz	50000	EUR	0.991273	0.986043	0.0147497	ok	passed	0.977457	false		0	0	0.00349687	0.991273	0	0.0052301	0
GCST90296659	GCST90296659	European	EUR	af_assigned	ref_freqs.hg38.tsv.gz	50000	EUR	0.991273	0.986043	0.0147497	ok	passed	0.977457	false		0	0	0.00349687	0.991273	0	0.0052301	0
GCST90296666	GCST90296666	European	EUR	af_assigned	ref_freqs.hg38.tsv.gz	50000	EUR	0.997673	0.995594	0.0200942	ok	passed	0.975086	false		0	0.00207949	0.000247197	0.997673	0	0	0
GCST90296696	GCST90296696	European	EUR	af_assigned	ref_freqs.hg38.tsv.gz	50000	EUR	0.980487	0.966925	0.0183977	ok	passed	0.973605	false		0	0.00595029	0.0135624	0.980487	0	0	0
GCST90296697	GCST90296697	European		unassigned	ref_freqs.hg38.tsv.gz	50000	AFR	0.720783	0.441565	0.576697	eaf_orientation	failed	-0.973727			0.720783	0	0.279217	0	0	0	0
GCST90296698	GCST90296698	European		unassigned	ref_freqs.hg38.tsv.gz	50000	AFR	0.720849	0.441697	0.576672	eaf_orientation	failed	-0.973602			0.720849	0	0.279151	0	0	0	0
GCST90296699	GCST90296699	European		unassigned	ref_freqs.hg38.tsv.gz	50000	AFR	0.720683	0.441366	0.576673	eaf_orientation	failed	-0.9736			0.720683	0	0.279317	0	0	0	0
GCST90296700	GCST90296700	European		unassigned	ref_freqs.hg38.tsv.gz	50000	AFR	0.721289	0.442577	0.576644	eaf_orientation	failed	-0.973592			0.721289	0	0.278711	0	0	0	0
GCST90297560	GCST90297560	European		unassigned	ref_freqs.hg38.tsv.gz	0		0	0		overlap	unverified										
GCST90297561	GCST90297561	European		unassigned	ref_freqs.hg38.tsv.gz	0		0	0		overlap	unverified										
GCST90297793	GCST90297793	European		unassigned	ref_freqs.hg38.tsv.gz	16675	AFR	0.600896	0.387709	0.388882	residual	failed	-0.0237088			0.600896	0	0.185916	0	0	0	0.213188
GCST90297795	GCST90297795	European	EUR	af_assigned	ref_freqs.hg38.tsv.gz	50000	EUR	0.883235	0.786916	0.031534	ok	passed	0.981166	false		0.0114081	0.00903903	0.0963183	0.883235	0	0	0
GCST90301252	GCST90301252	European	EUR	af_assigned	ref_freqs.hg38.tsv.gz	50000	EUR	0.966664	0.951145	0.017322	ok	passed	0.975885	false		0.00517552	0	0	0.966664	0	0.0155187	0.0126418
GCST90301368	GCST90301368	European	EUR	af_assigned	ref_freqs.hg38.tsv.gz	50000	EUR	0.996038	0.993194	0.0222349	ok	passed	0.970188	false		0	0.00111788	0	0.996038	0	0.00284391	0
GCST90301369	GCST90301369	European	EUR	af_assigned	ref_freqs.hg38.tsv.gz	50000	EUR	0.99468	0.990864	0.0223832	ok	passed	0.970174	false		0	0.00150399	0	0.99468	0	0.00381607	0
GCST90301370	GCST90301370	European	EUR	af_assigned	ref_freqs.hg38.tsv.gz	50000	EUR	0.997772	0.996168	0.0223695	ok	passed	0.970117	false		0	0.000623549	0	0.997772	0	0.00160429	0
GCST90301695	GCST90301695	European	EUR	af_assigned	ref_freqs.hg38.tsv.gz	50000	EUR	1	1	0.00507786	ok	passed	0.97806	false		0	0	0	1	0	0	0
GCST90301696	GCST90301696	European	EUR	af_assigned	ref_freqs.hg38.tsv.gz	50000	EUR	1	1	0.00552796	ok	passed	0.978013	false		0	0	0	1	0	0	0
GCST90301697	GCST90301697	European	EUR	af_assigned	ref_freqs.hg38.tsv.gz	50000	EUR	1	1	0.00554706	ok	passed	0.978039	false		0	0	0	1	0	0	0
GCST90301698	GCST90301698	European	EUR	af_assigned	ref_freqs.hg38.tsv.gz	50000	EUR	1	1	0.00482696	ok	passed	0.97807	false		0	0	0	1	0	0	0
GCST90301699	GCST90301699	European	EUR	af_assigned	ref_freqs.hg38.tsv.gz	50000	EUR	1	1	0.00573693	ok	passed	0.978004	false		0	0	0	1	0	0	0
GCST90301700	GCST90301700	European	EUR	af_assigned	ref_freqs.hg38.tsv.gz	50000	EUR	1	1	0.00510866	ok	passed	0.978073	false		0	0	0	1	0	0	0
GCST90301701	GCST90301701	European	EUR	af_assigned	ref_freqs.hg38.tsv.gz	50000	EUR	1	1	0.00573248	ok	passed	0.978018	false		0	0	0	1	0	0	0
GCST90301702	GCST90301702	European	EUR	af_assigned	ref_freqs.hg38.tsv.gz	50000	EUR	1	1	0.00552796	ok	passed	0.978013	false		0	0	0	1	0	0	0
GCST90301703	GCST90301703	European	EUR	af_assigned	ref_freqs.hg38.tsv.gz	50000	EUR	1	1	0.00576115	ok	passed	0.97803	false		0	0	0	1	0	0	0
GCST90301704	GCST90301704	European	EUR	af_assigned	ref_freqs.hg38.tsv.gz	50000	EUR	1	1	0.00472167	ok	passed	0.976884	false		0	0	0	1	0	0	0
GCST90302879	GCST90302879	European		unassigned	ref_freqs.hg38.tsv.gz	50000	AFR	0.447473	0.0989048	0.535217	eaf_orientation	failed	-0.673824			0.447473	0	0.348568	0	0	0	0.203959
GCST90302880	GCST90302880	European	EUR	af_assigned	ref_freqs.hg38.tsv.gz	50000	EUR	1	1	0.00786757	ok	passed	0.978748	false		0	0	0	1	0	0	0
GCST90302881	GCST90302881	European	EUR	af_assigned	ref_freqs.hg38.tsv.gz	50000	EUR	1	1	0.00625881	ok	passed	0.978855	false		0	0	0	1	0	0	0
GCST90302882	GCST90302882	European	EUR	af_assigned	ref_freqs.hg38.tsv.gz	50000	EUR	1	1	0.00777092	ok	passed	0.978749	false		0	0	0	1	0	0	0
GCST90302883	GCST90302883	European	EUR	af_assigned	ref_freqs.hg38.tsv.gz	50000	EUR	1	1	0.005966	ok	passed	0.978883	false		0	0	0	1	0	0	0
GCST90302884	GCST90302884	European	EUR	af_assigned	ref_freqs.hg38.tsv.gz	50000	EUR	1	1	0.00774339	ok	passed	0.978756	false		0	0	0	1	0	0	0
GCST90302885	GCST90302885	European	EUR	af_assigned	ref_freqs.hg38.tsv.gz	50000	EUR	1	1	0.00772197	ok	passed	0.978747	false		0	0	0	1	0	0	0
GCST90302886	GCST90302886	European	EUR	af_assigned	ref_freqs.hg38.tsv.gz	50000	EUR	1	1	0.00479583	ok	passed	0.9782	false		0	0	0	1	0	0	0
GCST90302887	GCST90302887	European	EUR	af_assigned	ref_freqs.hg38.tsv.gz	50000	EUR	1	1	0.00479662	ok	passed	0.978205	false		0	0	0	1	0	0	0
GCST90302888	GCST90302888	European	EUR	af_assigned	ref_freqs.hg38.tsv.gz	50000	EUR	1	1	0.00479015	ok	passed	0.978195	false		0	0	0	1	0	0	0
GCST90302889	GCST90302889	European	EUR	af_assigned	ref_freqs.hg38.tsv.gz	50000	EUR	1	1	0.00478997	ok	passed	0.978194	false		0	0	0	1	0	0	0
GCST90302890	GCST90302890	European	EUR	af_assigned	ref_freqs.hg38.tsv.gz	50000	EUR	1	1	0.00479017	ok	passed	0.978195	false		0	0	0	1	0	0	0
GCST90302891	GCST90302891	European	EUR	af_assigned	ref_freqs.hg38.tsv.gz	50000	EUR	1	1	0.00479018	ok	passed	0.978194	false		0	0	0	1	0	0	0
GCST90302892	GCST90302892	European	EUR	af_assigned	ref_freqs.hg38.tsv.gz	50000	EUR	1	1	0.00479009	ok	passed	0.978194	false		0	0	0	1	0	0	0
GCST90305767	GCST90305767	European	EUR	af_assigned	ref_freqs.hg38.tsv.gz	50000	EUR	0.851861	0.73473	0.0148641	ok	passed	0.977107	false		0	0	0	0.851861	0.117131	0.0310082	0
GCST90308598	GCST90308598	European	EUR	af_assigned	ref_freqs.hg38.tsv.gz	50000	EUR	1	1	0.00474535	ok	passed	0.978008	false		0	0	0	1	0	0	0
GCST90308599	GCST90308599	European	EUR	af_assigned	ref_freqs.hg38.tsv.gz	50000	EUR	1	1	0.00474535	ok	passed	0.978008	false		0	0	0	1	0	0	0
GCST90308600	GCST90308600	European	EUR	af_assigned	ref_freqs.hg38.tsv.gz	50000	EUR	1	1	0.00473379	ok	passed	0.978001	false		0	0	0	1	0	0	0
GCST90308601	GCST90308601	European	EUR	af_assigned	ref_freqs.hg38.tsv.gz	50000	EUR	1	1	0.00478501	ok	passed	0.978009	false		0	0	0	1	0	0	0
GCST90308602	GCST90308602	European	EUR	af_assigned	ref_freqs.hg38.tsv.gz	50000	EUR	1	1	0.00478501	ok	passed	0.978009	false		0	0	0	1	0	0	0
GCST90308603	GCST90308603	European	EUR	af_assigned	ref_freqs.hg38.tsv.gz	50000	EUR	1	1	0.00477502	ok	passed	0.977993	false		0	0	0	1	0	0	0
GCST90308604	GCST90308604	European	EUR	af_assigned	ref_freqs.hg38.tsv.gz	50000	EUR	1	1	0.00526819	ok	passed	0.977989	false		0	0	0	1	0	0	0
GCST90308682	GCST90308682	European	EUR	af_assigned	ref_freqs.hg38.tsv.gz	50000	EUR	1	1	0.00556051	ok	passed	0.978569	false		0	0	0	1	0	0	0
GCST90308719	GCST90308719	European	EUR	af_assigned	ref_freqs.hg38.tsv.gz	50000	EUR	1	1	0.0279035	ok	passed	0.972218	false		0	0	0	1	0	0	0
GCST90308774	GCST90308774	European	EUR	af_assigned	ref_freqs.hg38.tsv.gz	50000	EUR	1	1	0.00563509	ok	passed	0.977979	false		0	0	0	1	0	0	0
GCST90309336	GCST90309336	European	EUR	af_assigned	ref_freqs.hg38.tsv.gz	50000	EUR	1	1	0.00491228	ok	passed	0.978198	false		0	0	0	1	0	0	0
GCST90309337	GCST90309337	European	EUR	af_assigned	ref_freqs.hg38.tsv.gz	50000	EUR	1	1	0.00491228	ok	passed	0.978198	false		0	0	0	1	0	0	0
GCST90309338	GCST90309338	European	EUR	af_assigned	ref_freqs.hg38.tsv.gz	50000	EUR	1	1	0.00491228	ok	passed	0.978198	false		0	0	0	1	0	0	0
GCST90309339	GCST90309339	European	EUR	af_assigned	ref_freqs.hg38.tsv.gz	50000	EUR	1	1	0.00491228	ok	passed	0.978198	false		0	0	0	1	0	0	0
GCST90309340	GCST90309340	European	EUR	af_assigned	ref_freqs.hg38.tsv.gz	50000	EUR	1	1	0.00491228	ok	passed	0.978198	false		0	0	0	1	0	0	0
GCST90309341	GCST90309341	European	EUR	af_assigned	ref_freqs.hg38.tsv.gz	50000	EUR	1	1	0.00491228	ok	passed	0.978198	false		0	0	0	1	0	0	0
GCST90309342	GCST90309342	European	EUR	af_assigned	ref_freqs.hg38.tsv.gz	50000	EUR	1	1	0.00491228	ok	passed	0.978198	false		0	0	0	1	0	0	0
GCST90309343	GCST90309343	European	EUR	af_assigned	ref_freqs.hg38.tsv.gz	50000	EUR	1	1	0.00491228	ok	passed	0.978198	false		0	0	0	1	0	0	0
GCST90309344	GCST90309344	European	EUR	af_assigned	ref_freqs.hg38.tsv.gz	50000	EUR	1	1	0.00491228	ok	passed	0.978198	false		0	0	0	1	0	0	0
GCST90309345	GCST90309345	European	EUR	af_assigned	ref_freqs.hg38.tsv.gz	50000	EUR	1	1	0.00491228	ok	passed	0.978198	false		0	0	0	1	0	0	0
GCST90309346	GCST90309346	European	EUR	af_assigned	ref_freqs.hg38.tsv.gz	50000	EUR	1	1	0.00491228	ok	passed	0.978198	false		0	0	0	1	0	0	0
GCST90309347	GCST90309347	European	EUR	af_assigned	ref_freqs.hg38.tsv.gz	50000	EUR	1	1	0.00491228	ok	passed	0.978198	false		0	0	0	1	0	0	0
GCST90309348	GCST90309348	European	EUR	af_assigned	ref_freqs.hg38.tsv.gz	50000	EUR	1	1	0.00491228	ok	passed	0.978198	false		0	0	0	1	0	0	0
GCST90309349	GCST90309349	European	EUR	af_assigned	ref_freqs.hg38.tsv.gz	50000	EUR	1	1	0.00491228	ok	passed	0.978198	false		0	0	0	1	0	0	0
GCST90309350	GCST90309350	European	EUR	af_assigned	ref_freqs.hg38.tsv.gz	50000	EUR	1	1	0.00491228	ok	passed	0.978198	false		0	0	0	1	0	0	0
GCST90309351	GCST90309351	European	EUR	af_assigned	ref_freqs.hg38.tsv.gz	50000	EUR	1	1	0.00491228	ok	passed	0.978198	false		0	0	0	1	0	0	0
GCST90309352	GCST90309352	European	EUR	af_assigned	ref_freqs.hg38.tsv.gz	50000	EUR	1	1	0.00491228	ok	passed	0.978198	false		0	0	0	1	0	0	0
GCST90309353	GCST90309353	European	EUR	af_assigned	ref_freqs.hg38.tsv.gz	50000	EUR	1	1	0.00491228	ok	passed	0.978198	false		0	0	0	1	0	0	0
GCST90309354	GCST90309354	European	EUR	af_assigned	ref_freqs.hg38.tsv.gz	50000	EUR	1	1	0.00491228	ok	passed	0.978198	false		0	0	0	1	0	0	0
GCST90309355	GCST90309355	European	EUR	af_assigned	ref_freqs.hg38.tsv.gz	50000	EUR	1	1	0.00491228	ok	passed	0.978198	false		0	0	0	1	0	0	0
GCST90309356	GCST90309356	European	EUR	af_assigned	ref_freqs.hg38.tsv.gz	50000	EUR	1	1	0.00491228	ok	passed	0.978198	false		0	0	0	1	0	0	0
GCST90309357	GCST90309357	European	EUR	af_assigned	ref_freqs.hg38.tsv.gz	50000	EUR	1	1	0.00491228	ok	passed	0.978198	false		0	0	0	1	0	0	0
GCST90309358	GCST90309358	European	EUR	af_assigned	ref_freqs.hg38.tsv.gz	50000	EUR	1	1	0.00491228	ok	passed	0.978198	false		0	0	0	1	0	0	0
GCST90309359	GCST90309359	European	EUR	af_assigned	ref_freqs.hg38.tsv.gz	50000	EUR	1	1	0.00491228	ok	passed	0.978198	false		0	0	0	1	0	0	0
GCST90309360	GCST90309360	European	EUR	af_assigned	ref_freqs.hg38.tsv.gz	50000	EUR	1	1	0.00491228	ok	passed	0.978198	false		0	0	0	1	0	0	0
GCST90309361	GCST90309361	European	EUR	af_assigned	ref_freqs.hg38.tsv.gz	50000	EUR	1	1	0.00491228	ok	passed	0.978198	false		0	0	0	1	0	0	0
GCST90309362	GCST90309362	European	EUR	af_assigned	ref_freqs.hg38.tsv.gz	50000	EUR	1	1	0.00491228	ok	passed	0.978198	false		0	0	0	1	0	0	0
GCST90309363	GCST90309363	European	EUR	af_assigned	ref_freqs.hg38.tsv.gz	50000	EUR	1	1	0.00491228	ok	passed	0.978198	false		0	0	0	1	0	0	0
GCST90309364	GCST90309364	European	EUR	af_assigned	ref_freqs.hg38.tsv.gz	50000	EUR	1	1	0.00491228	ok	passed	0.978198	false		0	0	0	1	0	0	0
GCST90309365	GCST90309365	European	EUR	af_assigned	ref_freqs.hg38.tsv.gz	50000	EUR	1	1	0.00491228	ok	passed	0.978198	false		0	0	0	1	0	0	0
GCST90309366	GCST90309366	European	EUR	af_assigned	ref_freqs.hg38.tsv.gz	50000	EUR	1	1	0.00491228	ok	passed	0.978198	false		0	0	0	1	0	0	0
GCST90309367	GCST90309367	European	EUR	af_assigned	ref_freqs.hg38.tsv.gz	50000	EUR	1	1	0.00491228	ok	passed	0.978198	false		0	0	0	1	0	0	0
GCST90309368	GCST90309368	European	EUR	af_assigned	ref_freqs.hg38.tsv.gz	50000	EUR	1	1	0.00491228	ok	passed	0.978198	false		0	0	0	1	0	0	0
GCST90309369	GCST90309369	European	EUR	af_assigned	ref_freqs.hg38.tsv.gz	50000	EUR	1	1	0.00491228	ok	passed	0.978198	false		0	0	0	1	0	0	0
GCST90309370	GCST90309370	European	EUR	af_assigned	ref_freqs.hg38.tsv.gz	50000	EUR	1	1	0.00491228	ok	passed	0.978198	false		0	0	0	1	0	0	0
GCST90310293	GCST90310293	European	EUR	af_assigned	ref_freqs.hg38.tsv.gz	50000	EUR	0.985398	0.980986	0.013334	ok	passed	0.97957	false		0.00274864	0.00419047	0.00441227	0.985398	0	0	0.00325058
GCST90310294	GCST90310294	European	EUR	af_assigned	ref_freqs.hg38.tsv.gz	50000	EUR	0.985873	0.981113	0.00506332	ok	passed	0.97858	false		0.00475974	0.00447602	0.00103281	0.985873	0	0.00162201	0.00223682
GCST90310295	GCST90310295	European	EUR	af_assigned	ref_freqs.hg38.tsv.gz	50000	EUR	0.988538	0.984891	0.00479215	ok	passed	0.978144	false		0.00334847	0.00364695	0.000666124	0.988538	0	0.00204895	0.00175139
GCST90310296	GCST90310296	European	EUR	af_assigned	ref_freqs.hg38.tsv.gz	50000	EUR	0.987646	0.983608	0.00494011	ok	passed	0.978413	false		0.00403736	0.00392013	0.000872076	0.987646	0	0.00172143	0.00180338
GCST90315948	GCST90315948	European	EUR	af_assigned	ref_freqs.hg38.tsv.gz	50000	EUR	0.97969	0.965216	0.0131399	ok	passed	0.976109	false		0.00313674	0	0	0.97969	0	0.0144737	0.00269964
GCST90319314	GCST90319314	European	EUR	af_assigned	ref_freqs.hg38.tsv.gz	50000	EUR	1	1	0.0236359	ok	passed	0.972936	false		0	0	0	1	0	0	0
GCST90319315	GCST90319315	European	EUR	af_assigned	ref_freqs.hg38.tsv.gz	50000	EUR	1	1	0.0132729	ok	passed	0.975731	false		0	0	0	1	0	0	0
GCST90319316	GCST90319316	European	EUR	af_assigned	ref_freqs.hg38.tsv.gz	50000	EUR	1	1	0.0236362	ok	passed	0.972934	false		0	0	0	1	0	0	0
GCST90319317	GCST90319317	European	EUR	af_assigned	ref_freqs.hg38.tsv.gz	50000	EUR	1	1	0.0236406	ok	passed	0.972943	false		0	0	0	1	0	0	0
GCST90319318	GCST90319318	European	EUR	af_assigned	ref_freqs.hg38.tsv.gz	50000	EUR	1	1	0.0236378	ok	passed	0.972943	false		0	0	0	1	0	0	0
GCST90319319	GCST90319319	European	EUR	af_assigned	ref_freqs.hg38.tsv.gz	50000	EUR	0.993859	0.990838	0.0150612	ok	passed	0.978086	false		0.00200962	0.00302175	0.00110917	0.993859	0	0	0
GCST90319320	GCST90319320	European	EUR	af_assigned	ref_freqs.hg38.tsv.gz	50000	EUR	0.997095	0.995206	0.0148549	ok	passed	0.977918	false		0.00188893	0.00101601	0	0.997095	0	0	0
GCST90319321	GCST90319321	European	EUR	af_assigned	ref_freqs.hg38.tsv.gz	50000	EUR	0.978615	0.966583	0.0193435	ok	passed	0.978362	false		0.00424357	0.0120318	0.00510955	0.978615	0	0	0
GCST90319473	GCST90319473	European	EUR	af_assigned	ref_freqs.hg38.tsv.gz	50000	EUR	1	1	0.0279035	ok	passed	0.972218	false		0	0	0	1	0	0	0
GCST90319474	GCST90319474	European	EUR	af_assigned	ref_freqs.hg38.tsv.gz	50000	EUR	1	1	0.0279035	ok	passed	0.972218	false		0	0	0	1	0	0	0
GCST90319475	GCST90319475	European	EUR	af_assigned	ref_freqs.hg38.tsv.gz	50000	EUR	1	1	0.0279035	ok	passed	0.972218	false		0	0	0	1	0	0	0
GCST90319476	GCST90319476	European	EUR	af_assigned	ref_freqs.hg38.tsv.gz	50000	EUR	1	1	0.0279035	ok	passed	0.972218	false		0	0	0	1	0	0	0
GCST90319477	GCST90319477	European	EUR	af_assigned	ref_freqs.hg38.tsv.gz	50000	EUR	1	1	0.0279035	ok	passed	0.972218	false		0	0	0	1	0	0	0
GCST90319478	GCST90319478	European	EUR	af_assigned	ref_freqs.hg38.tsv.gz	50000	EUR	1	1	0.0279035	ok	passed	0.972218	false		0	0	0	1	0	0	0
GCST90319479	GCST90319479	European	EUR	af_assigned	ref_freqs.hg38.tsv.gz	50000	EUR	1	1	0.0279035	ok	passed	0.972218	false		0	0	0	1	0	0	0
GCST90319480	GCST90319480	European	EUR	af_assigned	ref_freqs.hg38.tsv.gz	50000	EUR	1	1	0.0279035	ok	passed	0.972218	false		0	0	0	1	0	0	0
GCST90319481	GCST90319481	European	EUR	af_assigned	ref_freqs.hg38.tsv.gz	50000	EUR	1	1	0.0279035	ok	passed	0.972218	false		0	0	0	1	0	0	0
GCST90319482	GCST90319482	European	EUR	af_assigned	ref_freqs.hg38.tsv.gz	50000	EUR	1	1	0.0279035	ok	passed	0.972218	false		0	0	0	1	0	0	0
GCST90319483	GCST90319483	European	EUR	af_assigned	ref_freqs.hg38.tsv.gz	50000	EUR	1	1	0.0279035	ok	passed	0.972218	false		0	0	0	1	0	0	0
GCST90319484	GCST90319484	European	EUR	af_assigned	ref_freqs.hg38.tsv.gz	50000	EUR	1	1	0.0279035	ok	passed	0.972218	false		0	0	0	1	0	0	0
GCST90319485	GCST90319485	European	EUR	af_assigned	ref_freqs.hg38.tsv.gz	50000	EUR	1	1	0.0279035	ok	passed	0.972218	false		0	0	0	1	0	0	0
GCST90319486	GCST90319486	European	EUR	af_assigned	ref_freqs.hg38.tsv.gz	50000	EUR	1	1	0.0279035	ok	passed	0.972218	false		0	0	0	1	0	0	0
GCST90319487	GCST90319487	European		unassigned	ref_freqs.hg38.tsv.gz	0		0	0		overlap	unverified										
GCST90319488	GCST90319488	European		unassigned	ref_freqs.hg38.tsv.gz	0		0	0		overlap	unverified										
GCST90319489	GCST90319489	European		unassigned	ref_freqs.hg38.tsv.gz	0		0	0		overlap	unverified										
GCST90319599	GCST90319599	European	EUR	af_assigned	ref_freqs.hg38.tsv.gz	50000	EUR	1	1	0.00484508	ok	passed	0.977872	false		0	0	0	1	0	0	0
GCST90319600	GCST90319600	European	EUR	af_assigned	ref_freqs.hg38.tsv.gz	50000	EUR	1	1	0.00484045	ok	passed	0.977872	false		0	0	0	1	0	0	0
GCST90319601	GCST90319601	European	EUR	af_assigned	ref_freqs.hg38.tsv.gz	50000	EUR	1	1	0.00484029	ok	passed	0.977872	false		0	0	0	1	0	0	0
GCST90319602	GCST90319602	European	EUR	af_assigned	ref_freqs.hg38.tsv.gz	50000	EUR	1	1	0.00484534	ok	passed	0.977872	false		0	0	0	1	0	0	0
GCST90319603	GCST90319603	European	EUR	af_assigned	ref_freqs.hg38.tsv.gz	50000	EUR	1	1	0.00484334	ok	passed	0.977873	false		0	0	0	1	0	0	0
GCST90319604	GCST90319604	European	EUR	af_assigned	ref_freqs.hg38.tsv.gz	50000	EUR	1	1	0.00484054	ok	passed	0.97787	false		0	0	0	1	0	0	0
GCST90319605	GCST90319605	European	EUR	af_assigned	ref_freqs.hg38.tsv.gz	50000	EUR	1	1	0.00484402	ok	passed	0.977873	false		0	0	0	1	0	0	0
GCST90319606	GCST90319606	European	EUR	af_assigned	ref_freqs.hg38.tsv.gz	50000	EUR	1	1	0.00484002	ok	passed	0.977872	false		0	0	0	1	0	0	0
GCST90319607	GCST90319607	European	EUR	af_assigned	ref_freqs.hg38.tsv.gz	50000	EUR	1	1	0.00483958	ok	passed	0.977872	false		0	0	0	1	0	0	0
GCST90319608	GCST90319608	European	EUR	af_assigned	ref_freqs.hg38.tsv.gz	50000	EUR	1	1	0.00484054	ok	passed	0.977871	false		0	0	0	1	0	0	0
GCST90319609	GCST90319609	European	EUR	af_assigned	ref_freqs.hg38.tsv.gz	50000	EUR	1	1	0.00484073	ok	passed	0.977871	false		0	0	0	1	0	0	0
GCST90319610	GCST90319610	European	EUR	af_assigned	ref_freqs.hg38.tsv.gz	50000	EUR	1	1	0.00484708	ok	passed	0.977897	false		0	0	0	1	0	0	0
GCST90319611	GCST90319611	European	EUR	af_assigned	ref_freqs.hg38.tsv.gz	50000	EUR	1	1	0.00484085	ok	passed	0.977871	false		0	0	0	1	0	0	0
GCST90319612	GCST90319612	European	EUR	af_assigned	ref_freqs.hg38.tsv.gz	50000	EUR	1	1	0.00484576	ok	passed	0.977873	false		0	0	0	1	0	0	0
GCST90319613	GCST90319613	European	EUR	af_assigned	ref_freqs.hg38.tsv.gz	50000	EUR	1	1	0.00484037	ok	passed	0.977862	false		0	0	0	1	0	0	0
GCST90319614	GCST90319614	European	EUR	af_assigned	ref_freqs.hg38.tsv.gz	50000	EUR	1	1	0.00484545	ok	passed	0.977872	false		0	0	0	1	0	0	0
GCST90319615	GCST90319615	European	EUR	af_assigned	ref_freqs.hg38.tsv.gz	50000	EUR	1	1	0.00484157	ok	passed	0.977874	false		0	0	0	1	0	0	0
GCST90319616	GCST90319616	European	EUR	af_assigned	ref_freqs.hg38.tsv.gz	50000	EUR	1	1	0.00484058	ok	passed	0.977874	false		0	0	0	1	0	0	0
GCST90319617	GCST90319617	European	EUR	af_assigned	ref_freqs.hg38.tsv.gz	50000	EUR	1	1	0.00483923	ok	passed	0.977871	false		0	0	0	1	0	0	0
GCST90319618	GCST90319618	European	EUR	af_assigned	ref_freqs.hg38.tsv.gz	50000	EUR	1	1	0.00484497	ok	passed	0.977873	false		0	0	0	1	0	0	0
GCST90319619	GCST90319619	European	EUR	af_assigned	ref_freqs.hg38.tsv.gz	50000	EUR	1	1	0.0048467	ok	passed	0.977873	false		0	0	0	1	0	0	0
GCST90319620	GCST90319620	European	EUR	af_assigned	ref_freqs.hg38.tsv.gz	50000	EUR	1	1	0.00485415	ok	passed	0.977865	false		0	0	0	1	0	0	0
GCST90319621	GCST90319621	European	EUR	af_assigned	ref_freqs.hg38.tsv.gz	50000	EUR	1	1	0.00483962	ok	passed	0.97787	false		0	0	0	1	0	0	0
GCST90319622	GCST90319622	European	EUR	af_assigned	ref_freqs.hg38.tsv.gz	50000	EUR	1	1	0.00484394	ok	passed	0.977873	false		0	0	0	1	0	0	0
GCST90319623	GCST90319623	European	EUR	af_assigned	ref_freqs.hg38.tsv.gz	50000	EUR	1	1	0.00484077	ok	passed	0.977871	false		0	0	0	1	0	0	0
GCST90319624	GCST90319624	European	EUR	af_assigned	ref_freqs.hg38.tsv.gz	50000	EUR	1	1	0.00484046	ok	passed	0.97787	false		0	0	0	1	0	0	0
GCST90319625	GCST90319625	European	EUR	af_assigned	ref_freqs.hg38.tsv.gz	50000	EUR	1	1	0.00484033	ok	passed	0.977871	false		0	0	0	1	0	0	0
GCST90319626	GCST90319626	European	EUR	af_assigned	ref_freqs.hg38.tsv.gz	50000	EUR	1	1	0.00483897	ok	passed	0.977856	false		0	0	0	1	0	0	0
GCST90319627	GCST90319627	European	EUR	af_assigned	ref_freqs.hg38.tsv.gz	50000	EUR	1	1	0.0049036	ok	passed	0.97787	false		0	0	0	1	0	0	0
GCST90319628	GCST90319628	European	EUR	af_assigned	ref_freqs.hg38.tsv.gz	50000	EUR	1	1	0.00488942	ok	passed	0.977876	false		0	0	0	1	0	0	0
GCST90319629	GCST90319629	European	EUR	af_assigned	ref_freqs.hg38.tsv.gz	50000	EUR	1	1	0.00488881	ok	passed	0.977877	false		0	0	0	1	0	0	0
GCST90319630	GCST90319630	European	EUR	af_assigned	ref_freqs.hg38.tsv.gz	50000	EUR	1	1	0.00490399	ok	passed	0.977868	false		0	0	0	1	0	0	0
GCST90319631	GCST90319631	European	EUR	af_assigned	ref_freqs.hg38.tsv.gz	50000	EUR	1	1	0.00488854	ok	passed	0.977873	false		0	0	0	1	0	0	0
GCST90319632	GCST90319632	European	EUR	af_assigned	ref_freqs.hg38.tsv.gz	50000	EUR	1	1	0.0048867	ok	passed	0.977877	false		0	0	0	1	0	0	0
GCST90319633	GCST90319633	European	EUR	af_assigned	ref_freqs.hg38.tsv.gz	50000	EUR	1	1	0.00490296	ok	passed	0.977871	false		0	0	0	1	0	0	0
GCST90319634	GCST90319634	European	EUR	af_assigned	ref_freqs.hg38.tsv.gz	50000	EUR	1	1	0.00488958	ok	passed	0.977876	false		0	0	0	1	0	0	0
GCST90319635	GCST90319635	European	EUR	af_assigned	ref_freqs.hg38.tsv.gz	50000	EUR	1	1	0.00488805	ok	passed	0.977876	false		0	0	0	1	0	0	0
GCST90319636	GCST90319636	European	EUR	af_assigned	ref_freqs.hg38.tsv.gz	50000	EUR	1	1	0.00488966	ok	passed	0.977877	false		0	0	0	1	0	0	0
GCST90319637	GCST90319637	European	EUR	af_assigned	ref_freqs.hg38.tsv.gz	50000	EUR	1	1	0.00488884	ok	passed	0.977878	false		0	0	0	1	0	0	0
GCST90319638	GCST90319638	European	EUR	af_assigned	ref_freqs.hg38.tsv.gz	50000	EUR	1	1	0.00489155	ok	passed	0.977881	false		0	0	0	1	0	0	0
GCST90319639	GCST90319639	European	EUR	af_assigned	ref_freqs.hg38.tsv.gz	50000	EUR	1	1	0.00489102	ok	passed	0.977877	false		0	0	0	1	0	0	0
GCST90319640	GCST90319640	European	EUR	af_assigned	ref_freqs.hg38.tsv.gz	50000	EUR	1	1	0.00490511	ok	passed	0.97787	false		0	0	0	1	0	0	0
GCST90319641	GCST90319641	European	EUR	af_assigned	ref_freqs.hg38.tsv.gz	50000	EUR	1	1	0.00489669	ok	passed	0.977882	false		0	0	0	1	0	0	0
GCST90319642	GCST90319642	European	EUR	af_assigned	ref_freqs.hg38.tsv.gz	50000	EUR	1	1	0.00490314	ok	passed	0.977872	false		0	0	0	1	0	0	0
GCST90319643	GCST90319643	European	EUR	af_assigned	ref_freqs.hg38.tsv.gz	50000	EUR	1	1	0.00488828	ok	passed	0.977875	false		0	0	0	1	0	0	0
GCST90319644	GCST90319644	European	EUR	af_assigned	ref_freqs.hg38.tsv.gz	50000	EUR	1	1	0.00488928	ok	passed	0.977875	false		0	0	0	1	0	0	0
GCST90319645	GCST90319645	European	EUR	af_assigned	ref_freqs.hg38.tsv.gz	50000	EUR	1	1	0.00488637	ok	passed	0.977882	false		0	0	0	1	0	0	0
GCST90319646	GCST90319646	European	EUR	af_assigned	ref_freqs.hg38.tsv.gz	50000	EUR	1	1	0.00490376	ok	passed	0.977871	false		0	0	0	1	0	0	0
GCST90319647	GCST90319647	European	EUR	af_assigned	ref_freqs.hg38.tsv.gz	50000	EUR	1	1	0.00490433	ok	passed	0.977871	false		0	0	0	1	0	0	0
GCST90319648	GCST90319648	European	EUR	af_assigned	ref_freqs.hg38.tsv.gz	50000	EUR	1	1	0.00488742	ok	passed	0.977877	false		0	0	0	1	0	0	0
GCST90319649	GCST90319649	European	EUR	af_assigned	ref_freqs.hg38.tsv.gz	50000	EUR	1	1	0.004886	ok	passed	0.977877	false		0	0	0	1	0	0	0
GCST90319650	GCST90319650	European	EUR	af_assigned	ref_freqs.hg38.tsv.gz	50000	EUR	1	1	0.00490571	ok	passed	0.97787	false		0	0	0	1	0	0	0
GCST90319651	GCST90319651	European	EUR	af_assigned	ref_freqs.hg38.tsv.gz	50000	EUR	1	1	0.00488898	ok	passed	0.977878	false		0	0	0	1	0	0	0
GCST90319652	GCST90319652	European	EUR	af_assigned	ref_freqs.hg38.tsv.gz	50000	EUR	1	1	0.00489008	ok	passed	0.977878	false		0	0	0	1	0	0	0
GCST90319653	GCST90319653	European	EUR	af_assigned	ref_freqs.hg38.tsv.gz	50000	EUR	1	1	0.00488957	ok	passed	0.977877	false		0	0	0	1	0	0	0
GCST90319654	GCST90319654	European	EUR	af_assigned	ref_freqs.hg38.tsv.gz	50000	EUR	1	1	0.00488996	ok	passed	0.977879	false		0	0	0	1	0	0	0
GCST90319877	GCST90319877	European	EUR	af_assigned	ref_freqs.hg38.tsv.gz	50000	EUR	0.985836	0.980072	0.0141188	ok	passed	0.978561	false		0.00576404	0.00512964	0.00259282	0.985836	0	0.000139556	0.000537691
GCST90319878	GCST90319878	European	EUR	af_assigned	ref_freqs.hg38.tsv.gz	50000	EUR	0.770255	0.605652	0.0425324	ok	passed	0.981684	false		0.0375891	0.027554	0.164602	0.770255	0	0	0
GCST90319903	GCST90319903	European	EUR	af_assigned	ref_freqs.hg38.tsv.gz	50000	EUR	1	1	0.00506347	ok	passed	0.978361	false		0	0	0	1	0	0	0
GCST90319904	GCST90319904	European	EUR	af_assigned	ref_freqs.hg38.tsv.gz	50000	EUR	0.697828	0.455359	0.0222258	ok	passed	0.990942	false		0.0376891	0.0141465	0.242469	0.697828	0	0	0.007867
GCST90319906	GCST90319906	European	EUR	af_assigned	ref_freqs.hg38.tsv.gz	50000	EUR	0.996491	0.994428	0.00457691	ok	passed	0.978713	false		0.000404596	0.00104184	0	0.996491	0	0.00206254	0
GCST90320054	GCST90320054	European	EUR	af_assigned	ref_freqs.hg38.tsv.gz	50000	EUR	0.879262	0.828729	0.0279187	ok	passed	0.984323	false		0.0505324	0.0192103	0.0469056	0.879262	0	0.0040899	0
GCST90320055	GCST90320055	European	EUR	af_assigned	ref_freqs.hg38.tsv.gz	50000	EUR	0.920831	0.872253	0.0249164	ok	passed	0.982389	false		0.048578	0.0217215	0.00372517	0.920831	0	0.00514463	0
GCST90320056	GCST90320056	European	EUR	af_assigned	ref_freqs.hg38.tsv.gz	50000	EUR	0.856696	0.740861	0.033108	ok	passed	0.983522	false		0.115835	0.0186055	0.00567931	0.856696	0	0.00318418	0
GCST90320057	GCST90320057	European	EUR	af_assigned	ref_freqs.hg38.tsv.gz	50000	EUR	0.985319	0.979487	0.0193548	ok	passed	0.97957	false		0.00583199	0.00417149	0	0.985319	0	0.003054	0.00162352
GCST90320058	GCST90320058	European	EUR	af_assigned	ref_freqs.hg38.tsv.gz	50000	EUR	0.985532	0.978899	0.0208963	ok	passed	0.979211	false		0.00663286	0.00326539	0	0.985532	0	0.00358814	0.000981476
GCST90320059	GCST90320059	European	EUR	af_assigned	ref_freqs.hg38.tsv.gz	50000	EUR	0.983396	0.975507	0.0230835	ok	passed	0.978819	false		0.00788828	0.00353211	0.0003745	0.983396	0	0.00461725	0.000192278
GCST90320263	GCST90320263	European	EUR	af_assigned	ref_freqs.hg38.tsv.gz	50000	EUR	0.793521	0.662381	0.0127838	ok	passed	0.988838	false		0.0165189	0.0209769	0.131141	0.793521	0	0.0199084	0.0179338
GCST90320264	GCST90320264	European	EUR	af_assigned	ref_freqs.hg38.tsv.gz	50000	EUR	0.793521	0.662381	0.0127838	ok	passed	0.988838	false		0.0165189	0.0209769	0.131141	0.793521	0	0.0199084	0.0179338
GCST90320265	GCST90320265	European	EUR	af_assigned	ref_freqs.hg38.tsv.gz	50000	EUR	0.793521	0.662381	0.0127838	ok	passed	0.988838	false		0.0165189	0.0209769	0.131141	0.793521	0	0.0199084	0.0179338
GCST90320266	GCST90320266	European	EUR	af_assigned	ref_freqs.hg38.tsv.gz	50000	EUR	0.793521	0.662381	0.0127838	ok	passed	0.988838	false		0.0165189	0.0209769	0.131141	0.793521	0	0.0199084	0.0179338
GCST90320267	GCST90320267	European	EUR	af_assigned	ref_freqs.hg38.tsv.gz	50000	EUR	0.793521	0.662381	0.0127838	ok	passed	0.988838	false		0.0165189	0.0209769	0.131141	0.793521	0	0.0199084	0.0179338
GCST90320268	GCST90320268	European	EUR	af_assigned	ref_freqs.hg38.tsv.gz	50000	EUR	0.793521	0.662381	0.0127838	ok	passed	0.988838	false		0.0165189	0.0209769	0.131141	0.793521	0	0.0199084	0.0179338
GCST90320269	GCST90320269	European	EUR	af_assigned	ref_freqs.hg38.tsv.gz	50000	EUR	0.793521	0.662381	0.0127838	ok	passed	0.988838	false		0.0165189	0.0209769	0.131141	0.793521	0	0.0199084	0.0179338
GCST90320270	GCST90320270	European	EUR	af_assigned	ref_freqs.hg38.tsv.gz	50000	EUR	0.793521	0.662381	0.0127838	ok	passed	0.988838	false		0.0165189	0.0209769	0.131141	0.793521	0	0.0199084	0.0179338
GCST90320271	GCST90320271	European	EUR	af_assigned	ref_freqs.hg38.tsv.gz	50000	EUR	0.793521	0.662381	0.0127838	ok	passed	0.988838	false		0.0165189	0.0209769	0.131141	0.793521	0	0.0199084	0.0179338
GCST90320272	GCST90320272	European	EUR	af_assigned	ref_freqs.hg38.tsv.gz	50000	EUR	0.793521	0.662381	0.0127838	ok	passed	0.988838	false		0.0165189	0.0209769	0.131141	0.793521	0	0.0199084	0.0179338
GCST90320273	GCST90320273	European	EUR	af_assigned	ref_freqs.hg38.tsv.gz	50000	EUR	0.793521	0.662381	0.0127838	ok	passed	0.988838	false		0.0165189	0.0209769	0.131141	0.793521	0	0.0199084	0.0179338
GCST90320274	GCST90320274	European	EUR	af_assigned	ref_freqs.hg38.tsv.gz	50000	EUR	0.793521	0.662381	0.0127838	ok	passed	0.988838	false		0.0165189	0.0209769	0.131141	0.793521	0	0.0199084	0.0179338
GCST90320275	GCST90320275	European	EUR	af_assigned	ref_freqs.hg38.tsv.gz	50000	EUR	0.793521	0.662381	0.0127838	ok	passed	0.988838	false		0.0165189	0.0209769	0.131141	0.793521	0	0.0199084	0.0179338
GCST90320276	GCST90320276	European	EUR	af_assigned	ref_freqs.hg38.tsv.gz	50000	EUR	0.793521	0.662381	0.0127838	ok	passed	0.988838	false		0.0165189	0.0209769	0.131141	0.793521	0	0.0199084	0.0179338
GCST90320277	GCST90320277	European	EUR	af_assigned	ref_freqs.hg38.tsv.gz	50000	EUR	0.793521	0.662381	0.0127838	ok	passed	0.988838	false		0.0165189	0.0209769	0.131141	0.793521	0	0.0199084	0.0179338
GCST90320278	GCST90320278	European	EUR	af_assigned	ref_freqs.hg38.tsv.gz	50000	EUR	0.793521	0.662381	0.0127838	ok	passed	0.988838	false		0.0165189	0.0209769	0.131141	0.793521	0	0.0199084	0.0179338
GCST90320279	GCST90320279	European	EUR	af_assigned	ref_freqs.hg38.tsv.gz	50000	EUR	0.793521	0.662381	0.0127838	ok	passed	0.988838	false		0.0165189	0.0209769	0.131141	0.793521	0	0.0199084	0.0179338
GCST90320280	GCST90320280	European	EUR	af_assigned	ref_freqs.hg38.tsv.gz	50000	EUR	0.793521	0.662381	0.0127838	ok	passed	0.988838	false		0.0165189	0.0209769	0.131141	0.793521	0	0.0199084	0.0179338
GCST90320281	GCST90320281	European	EUR	af_assigned	ref_freqs.hg38.tsv.gz	50000	EUR	0.793521	0.662381	0.0127838	ok	passed	0.988838	false		0.0165189	0.0209769	0.131141	0.793521	0	0.0199084	0.0179338
GCST90320282	GCST90320282	European	EUR	af_assigned	ref_freqs.hg38.tsv.gz	50000	EUR	0.793521	0.662381	0.0127838	ok	passed	0.988838	false		0.0165189	0.0209769	0.131141	0.793521	0	0.0199084	0.0179338
GCST90320283	GCST90320283	European	EUR	af_assigned	ref_freqs.hg38.tsv.gz	50000	EUR	0.793521	0.662381	0.0127838	ok	passed	0.988838	false		0.0165189	0.0209769	0.131141	0.793521	0	0.0199084	0.0179338
GCST90320284	GCST90320284	European	EUR	af_assigned	ref_freqs.hg38.tsv.gz	50000	EUR	0.793521	0.662381	0.0127838	ok	passed	0.988838	false		0.0165189	0.0209769	0.131141	0.793521	0	0.0199084	0.0179338
GCST90320285	GCST90320285	European	EUR	af_assigned	ref_freqs.hg38.tsv.gz	50000	EUR	0.793521	0.662381	0.0127838	ok	passed	0.988838	false		0.0165189	0.0209769	0.131141	0.793521	0	0.0199084	0.0179338
GCST90328149	GCST90328149	European	EUR	af_assigned	ref_freqs.hg38.tsv.gz	50000	EUR	0.974103	0.964873	0.0285406	ok	passed	0.977666	false		0.00922986	0.00577664	0.00363583	0.974103	0	0	0.00725476
GCST90328150	GCST90328150	European	EUR	af_assigned	ref_freqs.hg38.tsv.gz	50000	EUR	0.91349	0.850645	0.0321364	ok	passed	0.980634	false		0.00796912	0.0107382	0.0628446	0.91349	0	0.00174786	0.00321021
GCST90335170	GCST90335170	European	EUR	af_assigned	ref_freqs.hg38.tsv.gz	50000	EUR	1	1	0.0161101	ok	passed	0.971356	false		0	0	0	1	0	0	0
GCST90335171	GCST90335171	European	EUR	af_assigned	ref_freqs.hg38.tsv.gz	50000	EUR	1	1	0.0162094	ok	passed	0.971314	false		0	0	0	1	0	0	0
GCST90335172	GCST90335172	European	EUR	af_assigned	ref_freqs.hg38.tsv.gz	50000	EUR	1	1	0.0160799	ok	passed	0.97123	false		0	0	0	1	0	0	0
GCST90335173	GCST90335173	European	EUR	af_assigned	ref_freqs.hg38.tsv.gz	50000	EUR	1	1	0.0168952	ok	passed	0.971082	false		0	0	0	1	0	0	0
GCST90335174	GCST90335174	European	EUR	af_assigned	ref_freqs.hg38.tsv.gz	50000	EUR	1	1	0.00522981	ok	passed	0.977503	false		0	0	0	1	0	0	0
GCST90335175	GCST90335175	European	EUR	af_assigned	ref_freqs.hg38.tsv.gz	50000	EUR	1	1	0.00522981	ok	passed	0.977503	false		0	0	0	1	0	0	0
GCST90335176	GCST90335176	European	EUR	af_assigned	ref_freqs.hg38.tsv.gz	50000	EUR	1	1	0.00522981	ok	passed	0.977503	false		0	0	0	1	0	0	0
GCST90399568	GCST90399568	European	EUR	af_assigned	ref_freqs.hg38.tsv.gz	50000	EUR	0.987742	0.983263	0.00699228	ok	passed	0.980136	false		0.00286756	0.00339257	0.00151806	0.987742	0	0	0.00447961
GCST90399569	GCST90399569	European	EUR	af_assigned	ref_freqs.hg38.tsv.gz	50000	EUR	0.987434	0.982193	0.00715925	ok	passed	0.98013	false		0.00249415	0.00410528	0.000726644	0.987434	0	0	0.00524027
GCST90399570	GCST90399570	European	EUR	af_assigned	ref_freqs.hg38.tsv.gz	50000	EUR	0.986615	0.982005	0.00730758	ok	passed	0.98014	false		0.00321087	0.00252068	0.00211415	0.986615	0	0.000928639	0.00461052
GCST90399571	GCST90399571	European	EUR	af_assigned	ref_freqs.hg38.tsv.gz	50000	EUR	0.99945	0.998899	0.00681329	ok	passed	0.97773	false		0	0	0	0.99945	0	0.000550351	0
GCST90399572	GCST90399572	European	EUR	af_assigned	ref_freqs.hg38.tsv.gz	50000	EUR	0.999821	0.999642	0.00702307	ok	passed	0.977645	false		0	0	0	0.999821	0	0.000178858	0
GCST90399573	GCST90399573	European	EUR	af_assigned	ref_freqs.hg38.tsv.gz	50000	EUR	0.999253	0.998912	0.00697159	ok	passed	0.977788	false		0.000341146	0	0	0.999253	0	0.000119344	0.000286457
GCST90399672	GCST90399672	European	EUR	af_assigned	ref_freqs.hg38.tsv.gz	50000	EUR	0.99352	0.988782	0.0127819	ok	passed	0.978682	false		0.00174229	0.00473785	0	0.99352	0	0	0
GCST90399673	GCST90399673	European	EUR	af_assigned	ref_freqs.hg38.tsv.gz	50000	EUR	0.876187	0.761338	0.0150404	ok	passed	0.986245	false		0.00246417	0.00650068	0.114849	0.876187	0	0	0
GCST90399674	GCST90399674	European	EUR	af_assigned	ref_freqs.hg38.tsv.gz	50000	EUR	0.838779	0.684813	0.0136316	ok	passed	0.987745	false		0.000119234	0.00553299	0.153966	0.838779	0	0.00160291	0
GCST90399675	GCST90399675	European	EUR	af_assigned	ref_freqs.hg38.tsv.gz	50000	EUR	0.798762	0.604992	0.0156335	ok	passed	0.988662	false		4.98005e-05	0.00741791	0.19377	0.798762	0	0	0
GCST90399676	GCST90399676	European	EUR	af_assigned	ref_freqs.hg38.tsv.gz	50000	EUR	0.993926	0.989889	0.00828355	ok	passed	0.979278	false		0.00129254	0.00403669	0.000622334	0.993926	0	0	0.0001228
GCST90399677	GCST90399677	European	EUR	af_assigned	ref_freqs.hg38.tsv.gz	50000	EUR	0.896777	0.814854	0.0138434	ok	passed	0.985792	false		0.00257644	0.00431803	0.0819222	0.896777	0	0	0.0144068
GCST90399678	GCST90399678	European	EUR	af_assigned	ref_freqs.hg38.tsv.gz	50000	EUR	0.877687	0.77807	0.013195	ok	passed	0.986815	false		0.00218574	0.00521877	0.0996179	0.877687	0	0	0.0152902
GCST90399679	GCST90399679	European	EUR	af_assigned	ref_freqs.hg38.tsv.gz	50000	EUR	0.893164	0.809565	0.0133421	ok	passed	0.985966	false		0.00204046	0.00553019	0.0835995	0.893164	0	0	0.0156657
GCST90399686	GCST90399686	European	EUR	af_assigned	ref_freqs.hg38.tsv.gz	50000	EUR	0.993671	0.989626	0.0130149	ok	passed	0.97857	false		0.00198955	0.00404539	0	0.993671	0	0	0.000293769
GCST90399687	GCST90399687	European	EUR	af_assigned	ref_freqs.hg38.tsv.gz	50000	EUR	0.770162	0.576262	0.019011	ok	passed	0.989772	false		0.0135033	0.00942689	0.1939	0.770162	0	0.0018988	0.0111095
GCST90399689	GCST90399689	European	EUR	af_assigned	ref_freqs.hg38.tsv.gz	50000	EUR	0.754296	0.553769	0.0149259	ok	passed	0.991242	false		0.017428	0.00945413	0.200527	0.754296	0	0.00149965	0.0167948
GCST90399690	GCST90399690	European	EUR	af_assigned	ref_freqs.hg38.tsv.gz	50000	EUR	0.735316	0.511038	0.0170109	ok	passed	0.990755	false		0.0133773	0.00847851	0.224278	0.735316	0	0.00161236	0.0169381
GCST90399694	GCST90399694	European	EUR	af_assigned	ref_freqs.hg38.tsv.gz	50000	EUR	0.994109	0.990117	0.00868599	ok	passed	0.979302	false		0.00147302	0.00399192	0.000277112	0.994109	0	0	0.000149214
GCST90399695	GCST90399695	European	EUR	af_assigned	ref_freqs.hg38.tsv.gz	50000	EUR	0.71757	0.470626	0.0172288	ok	passed	0.990703	false		0.0140687	0.00945888	0.246943	0.71757	0	0.00487436	0.00708493
GCST90399696	GCST90399696	European	EUR	af_assigned	ref_freqs.hg38.tsv.gz	50000	EUR	0.76536	0.566526	0.0151486	ok	passed	0.990825	false		0.0160724	0.00849364	0.198834	0.76536	0	0.00112408	0.0101161
GCST90399697	GCST90399697	European	EUR	af_assigned	ref_freqs.hg38.tsv.gz	50000	EUR	0.728053	0.478149	0.0216678	ok	passed	0.989323	false		0.0154316	0	0.249904	0.728053	0	0	0.00661112
GCST90399701	GCST90399701	European	EUR	af_assigned	ref_freqs.hg38.tsv.gz	50000	EUR	0.993443	0.989114	0.0087709	ok	passed	0.979363	false		0.00154096	0.00432873	0.000318863	0.993443	0	0	0.000368257
GCST90399702	GCST90399702	European	EUR	af_assigned	ref_freqs.hg38.tsv.gz	50000	EUR	0.710964	0.465179	0.0169643	ok	passed	0.990984	false		0.0153203	0.00997506	0.245785	0.710964	0	0.00480904	0.0131461
GCST90399703	GCST90399703	European	EUR	af_assigned	ref_freqs.hg38.tsv.gz	50000	EUR	0.756344	0.533696	0.0180398	ok	passed	0.989911	false		0.00910152	0	0.222648	0.756344	0	0	0.0119062
GCST90399704	GCST90399704	European	EUR	af_assigned	ref_freqs.hg38.tsv.gz	50000	EUR	0.745541	0.512542	0.017204	ok	passed	0.990004	false		0.00825589	0.00808785	0.232999	0.745541	0	0.000729546	0.00438706
GCST90399706	GCST90399706	European	EUR	af_assigned	ref_freqs.hg38.tsv.gz	50000	EUR	0.995222	0.99155	0.00778644	ok	passed	0.979236	false		0.00110533	0.00367242	0	0.995222	0	0	0
GCST90399707	GCST90399707	European	EUR	af_assigned	ref_freqs.hg38.tsv.gz	50000	EUR	0.77173	0.55263	0.0241549	ok	passed	0.987574	false		0.00189893	0.00533128	0.2191	0.77173	0	0.00193947	0
GCST90399708	GCST90399708	European	EUR	af_assigned	ref_freqs.hg38.tsv.gz	50000	EUR	0.830122	0.66481	0.0126827	ok	passed	0.988148	false		0	0.00456702	0.165311	0.830122	0	0	0
GCST90399709	GCST90399709	European	EUR	af_assigned	ref_freqs.hg38.tsv.gz	50000	EUR	0.788915	0.584329	0.0157849	ok	passed	0.988777	false		0	0.00649915	0.204586	0.788915	0	0	0
GCST90399713	GCST90399713	European	EUR	af_assigned	ref_freqs.hg38.tsv.gz	50000	EUR	0.994135	0.990304	0.00860103	ok	passed	0.979265	false		0.00137881	0.0038308	0.000655526	0.994135	0	0	0
GCST90399714	GCST90399714	European	EUR	af_assigned	ref_freqs.hg38.tsv.gz	50000	EUR	0.762208	0.563435	0.0157485	ok	passed	0.990662	false		0.0140135	0.00824949	0.198774	0.762208	0	0.00132982	0.015425
GCST90399715	GCST90399715	European	EUR	af_assigned	ref_freqs.hg38.tsv.gz	50000	EUR	0.73829	0.521641	0.0176703	ok	passed	0.99022	false		0.00780858	0.00811014	0.216649	0.73829	0	0	0.0291425
GCST90399716	GCST90399716	European	EUR	af_assigned	ref_freqs.hg38.tsv.gz	50000	EUR	0.728385	0.493006	0.0171746	ok	passed	0.990447	false		0.0107289	0.00758591	0.235379	0.728385	0	0.000493517	0.0174275
GCST90399720	GCST90399720	European	EUR	af_assigned	ref_freqs.hg38.tsv.gz	50000	EUR	0.993876	0.98967	0.00889437	ok	passed	0.979321	false		0.00137034	0.00420596	0.000522319	0.993876	0	0	2.56963e-05
GCST90399721	GCST90399721	European	EUR	af_assigned	ref_freqs.hg38.tsv.gz	50000	EUR	0.768324	0.559213	0.0161602	ok	passed	0.989858	false		0.00449899	0.00876299	0.209111	0.768324	0	0.000687315	0.00861573
GCST90399722	GCST90399722	European	EUR	af_assigned	ref_freqs.hg38.tsv.gz	50000	EUR	0.825718	0.671927	0.0149228	ok	passed	0.988161	false		0.00305637	0.00871662	0.153791	0.825718	0	0.0080917	0.000625834
GCST90399723	GCST90399723	European	EUR	af_assigned	ref_freqs.hg38.tsv.gz	50000	EUR	0.784362	0.577196	0.0183462	ok	passed	0.988242	false		0	0.00847125	0.207166	0.784362	0	0	0
GCST90399725	GCST90399725	European	EUR	af_assigned	ref_freqs.hg38.tsv.gz	50000	EUR	0.993133	0.988707	0.0109107	ok	passed	0.979033	false		0.00177875	0.00442566	0.000196008	0.993133	0	0	0.000466695
GCST90399726	GCST90399726	European	EUR	af_assigned	ref_freqs.hg38.tsv.gz	50000	EUR	0.798497	0.620694	0.022418	ok	passed	0.988174	false		0.0116348	0.00656405	0.177803	0.798497	0	0.00247044	0.00302983
GCST90399727	GCST90399727	European	EUR	af_assigned	ref_freqs.hg38.tsv.gz	50000	EUR	0.838425	0.691787	0.0156396	ok	passed	0.987974	false		0.00733037	0.00746658	0.146637	0.838425	0	0	0.000140898
GCST90399728	GCST90399728	European	EUR	af_assigned	ref_freqs.hg38.tsv.gz	50000	EUR	0.802907	0.617746	0.0152838	ok	passed	0.988885	false		0.00397924	0.00757027	0.185162	0.802907	0	0.000381354	0
GCST90399732	GCST90399732	European	EUR	af_assigned	ref_freqs.hg38.tsv.gz	50000	EUR	0.994308	0.990282	0.00846604	ok	passed	0.979322	false		0.00148107	0.0040259	0	0.994308	0	0	0.000185372
GCST90399733	GCST90399733	European	EUR	af_assigned	ref_freqs.hg38.tsv.gz	50000	EUR	0.768928	0.57112	0.0238855	ok	passed	0.98845	false		0.00920449	0.00863549	0.197808	0.768928	0	0.00515527	0.0102685
GCST90399734	GCST90399734	European	EUR	af_assigned	ref_freqs.hg38.tsv.gz	50000	EUR	0.825366	0.680848	0.0148456	ok	passed	0.988811	false		0.00894699	0.003912	0.144518	0.825366	0	0	0.0172579
GCST90399735	GCST90399735	European	EUR	af_assigned	ref_freqs.hg38.tsv.gz	50000	EUR	0.787415	0.600908	0.0151391	ok	passed	0.989501	false		0.00462614	0.0081185	0.186508	0.787415	0	0.000835357	0.0124969
GCST90399736	GCST90399736	European	EUR	af_assigned	ref_freqs.hg38.tsv.gz	50000	EUR	0.993117	0.988227	0.0126317	ok	passed	0.978746	false		0.00195682	0.00489027	0	0.993117	0	0	3.58113e-05
GCST90399737	GCST90399737	European	EUR	af_assigned	ref_freqs.hg38.tsv.gz	50000	EUR	0.829192	0.669779	0.018054	ok	passed	0.987894	false		0.00529983	0.00609557	0.159413	0.829192	0	0	0
GCST90399738	GCST90399738	European	EUR	af_assigned	ref_freqs.hg38.tsv.gz	50000	EUR	0.77446	0.55816	0.0162971	ok	passed	0.989311	false		0.00142348	0.00658635	0.216299	0.77446	0	0.0012309	0
GCST90399739	GCST90399739	European	EUR	af_assigned	ref_freqs.hg38.tsv.gz	50000	EUR	0.803805	0.61447	0.0154419	ok	passed	0.988565	false		0	0.00685875	0.189336	0.803805	0	0	0
GCST90399740	GCST90399740	European	EUR	af_assigned	ref_freqs.hg38.tsv.gz	50000	EUR	0.837788	0.684398	0.0165269	ok	passed	0.987807	false		0.00306155	0.00576076	0.15339	0.837788	0	0	0
GCST90399744	GCST90399744	European	EUR	af_assigned	ref_freqs.hg38.tsv.gz	50000	EUR	0.993997	0.990522	0.00846644	ok	passed	0.979081	false		0.00161526	0.00347561	0.000849016	0.993997	0	0	6.27535e-05
GCST90399745	GCST90399745	European	EUR	af_assigned	ref_freqs.hg38.tsv.gz	50000	EUR	0.870458	0.785675	0.0134595	ok	passed	0.987676	false		0.018326	0.00711833	0.084783	0.870458	0	0	0.0193149
GCST90399746	GCST90399746	European	EUR	af_assigned	ref_freqs.hg38.tsv.gz	50000	EUR	0.9488	0.925032	0.00853463	ok	passed	0.982426	false		0.0237673	0.00452221	0.00450546	0.9488	0	0.000534865	0.0178706
GCST90399837	GCST90399837	European	EUR	af_assigned	ref_freqs.hg38.tsv.gz	50000	EUR	1	1	0.0104225	ok	passed	0.977935	false		0	0	0	1	0	0	0
GCST90399838	GCST90399838	European	EUR	af_assigned	ref_freqs.hg38.tsv.gz	50000	EUR	1	1	0.0104389	ok	passed	0.977907	false		0	0	0	1	0	0	0
GCST90399850	GCST90399850	European	EUR	af_assigned	ref_freqs.hg38.tsv.gz	50000	EUR	1	1	0.0046404	ok	passed	0.978347	false		0	0	0	1	0	0	0
GCST90399851	GCST90399851	European	EUR	af_assigned	ref_freqs.hg38.tsv.gz	50000	EUR	1	1	0.0046404	ok	passed	0.978347	false		0	0	0	1	0	0	0
GCST90399852	GCST90399852	European	EUR	af_assigned	ref_freqs.hg38.tsv.gz	50000	EUR	1	1	0.0046404	ok	passed	0.978347	false		0	0	0	1	0	0	0
GCST90399853	GCST90399853	European	EUR	af_assigned	ref_freqs.hg38.tsv.gz	50000	EUR	1	1	0.0046404	ok	passed	0.978347	false		0	0	0	1	0	0	0
GCST90399854	GCST90399854	European	EUR	af_assigned	ref_freqs.hg38.tsv.gz	50000	EUR	1	1	0.0046404	ok	passed	0.978347	false		0	0	0	1	0	0	0
GCST90399855	GCST90399855	European	EUR	af_assigned	ref_freqs.hg38.tsv.gz	50000	EUR	1	1	0.0046404	ok	passed	0.978347	false		0	0	0	1	0	0	0
GCST90399856	GCST90399856	European	EUR	af_assigned	ref_freqs.hg38.tsv.gz	50000	EUR	1	1	0.0046404	ok	passed	0.978347	false		0	0	0	1	0	0	0
GCST90399857	GCST90399857	European	EUR	af_assigned	ref_freqs.hg38.tsv.gz	50000	EUR	1	1	0.0046404	ok	passed	0.978347	false		0	0	0	1	0	0	0
GCST90399858	GCST90399858	European	EUR	af_assigned	ref_freqs.hg38.tsv.gz	50000	EUR	1	1	0.0046404	ok	passed	0.978347	false		0	0	0	1	0	0	0
GCST90399859	GCST90399859	European	EUR	af_assigned	ref_freqs.hg38.tsv.gz	50000	EUR	1	1	0.0046404	ok	passed	0.978347	false		0	0	0	1	0	0	0
GCST90399860	GCST90399860	European	EUR	af_assigned	ref_freqs.hg38.tsv.gz	50000	EUR	1	1	0.0046404	ok	passed	0.978347	false		0	0	0	1	0	0	0
GCST90399861	GCST90399861	European	EUR	af_assigned	ref_freqs.hg38.tsv.gz	50000	EUR	1	1	0.0046404	ok	passed	0.978347	false		0	0	0	1	0	0	0
GCST90399862	GCST90399862	European	EUR	af_assigned	ref_freqs.hg38.tsv.gz	50000	EUR	1	1	0.00469659	ok	passed	0.978365	false		0	0	0	1	0	0	0
GCST90399863	GCST90399863	European	EUR	af_assigned	ref_freqs.hg38.tsv.gz	50000	EUR	1	1	0.00469659	ok	passed	0.978365	false		0	0	0	1	0	0	0
GCST90399864	GCST90399864	European	EUR	af_assigned	ref_freqs.hg38.tsv.gz	50000	EUR	1	1	0.00469659	ok	passed	0.978365	false		0	0	0	1	0	0	0
GCST90399865	GCST90399865	European	EUR	af_assigned	ref_freqs.hg38.tsv.gz	50000	EUR	1	1	0.00469659	ok	passed	0.978365	false		0	0	0	1	0	0	0
GCST90399866	GCST90399866	European	EUR	af_assigned	ref_freqs.hg38.tsv.gz	50000	EUR	1	1	0.00469659	ok	passed	0.978365	false		0	0	0	1	0	0	0
GCST90399867	GCST90399867	European	EUR	af_assigned	ref_freqs.hg38.tsv.gz	50000	EUR	1	1	0.00469659	ok	passed	0.978365	false		0	0	0	1	0	0	0
GCST90399868	GCST90399868	European	EUR	af_assigned	ref_freqs.hg38.tsv.gz	50000	EUR	1	1	0.00469659	ok	passed	0.978365	false		0	0	0	1	0	0	0
GCST90399869	GCST90399869	European	EUR	af_assigned	ref_freqs.hg38.tsv.gz	50000	EUR	1	1	0.00469659	ok	passed	0.978365	false		0	0	0	1	0	0	0
GCST90399870	GCST90399870	European	EUR	af_assigned	ref_freqs.hg38.tsv.gz	50000	EUR	1	1	0.00469659	ok	passed	0.978365	false		0	0	0	1	0	0	0
GCST90399871	GCST90399871	European	EUR	af_assigned	ref_freqs.hg38.tsv.gz	50000	EUR	1	1	0.00469659	ok	passed	0.978365	false		0	0	0	1	0	0	0
GCST90399872	GCST90399872	European	EUR	af_assigned	ref_freqs.hg38.tsv.gz	50000	EUR	1	1	0.00469659	ok	passed	0.978365	false		0	0	0	1	0	0	0
GCST90399873	GCST90399873	European	EUR	af_assigned	ref_freqs.hg38.tsv.gz	50000	EUR	1	1	0.00469582	ok	passed	0.978365	false		0	0	0	1	0	0	0
GCST90399874	GCST90399874	European		unassigned	ref_freqs.hg38.tsv.gz	0		0	0		overlap	unverified										
GCST90399875	GCST90399875	European		unassigned	ref_freqs.hg38.tsv.gz	0		0	0		overlap	unverified										
GCST90399876	GCST90399876	European		unassigned	ref_freqs.hg38.tsv.gz	0		0	0		overlap	unverified										
GCST90399877	GCST90399877	European		unassigned	ref_freqs.hg38.tsv.gz	0		0	0		overlap	unverified										
GCST90399878	GCST90399878	European		unassigned	ref_freqs.hg38.tsv.gz	0		0	0		overlap	unverified										
GCST90399879	GCST90399879	European		unassigned	ref_freqs.hg38.tsv.gz	0		0	0		overlap	unverified										
GCST90399880	GCST90399880	European		unassigned	ref_freqs.hg38.tsv.gz	0		0	0		overlap	unverified										
GCST90399881	GCST90399881	European		unassigned	ref_freqs.hg38.tsv.gz	0		0	0		overlap	unverified										
GCST90399882	GCST90399882	European		unassigned	ref_freqs.hg38.tsv.gz	0		0	0		overlap	unverified										
GCST90399883	GCST90399883	European		unassigned	ref_freqs.hg38.tsv.gz	0		0	0		overlap	unverified										
GCST90399884	GCST90399884	European		unassigned	ref_freqs.hg38.tsv.gz	0		0	0		overlap	unverified										
GCST90399885	GCST90399885	European		unassigned	ref_freqs.hg38.tsv.gz	0		0	0		overlap	unverified										
GCST90399886	GCST90399886	European		unassigned	ref_freqs.hg38.tsv.gz	0		0	0		overlap	unverified										
GCST90399887	GCST90399887	European		unassigned	ref_freqs.hg38.tsv.gz	0		0	0		overlap	unverified										
GCST90399888	GCST90399888	European		unassigned	ref_freqs.hg38.tsv.gz	0		0	0		overlap	unverified										
GCST90399889	GCST90399889	European		unassigned	ref_freqs.hg38.tsv.gz	0		0	0		overlap	unverified										
GCST90399890	GCST90399890	European		unassigned	ref_freqs.hg38.tsv.gz	0		0	0		overlap	unverified										
GCST90399891	GCST90399891	European		unassigned	ref_freqs.hg38.tsv.gz	0		0	0		overlap	unverified										
GCST90399892	GCST90399892	European		unassigned	ref_freqs.hg38.tsv.gz	0		0	0		overlap	unverified										
GCST90399893	GCST90399893	European		unassigned	ref_freqs.hg38.tsv.gz	0		0	0		overlap	unverified										
GCST90399894	GCST90399894	European		unassigned	ref_freqs.hg38.tsv.gz	0		0	0		overlap	unverified										
GCST90399895	GCST90399895	European		unassigned	ref_freqs.hg38.tsv.gz	0		0	0		overlap	unverified										
GCST90399896	GCST90399896	European		unassigned	ref_freqs.hg38.tsv.gz	0		0	0		overlap	unverified										
GCST90399897	GCST90399897	European		unassigned	ref_freqs.hg38.tsv.gz	0		0	0		overlap	unverified										
GCST90399898	GCST90399898	European		unassigned	ref_freqs.hg38.tsv.gz	0		0	0		overlap	unverified										
GCST90399899	GCST90399899	European		unassigned	ref_freqs.hg38.tsv.gz	0		0	0		overlap	unverified										
GCST90399900	GCST90399900	European		unassigned	ref_freqs.hg38.tsv.gz	0		0	0		overlap	unverified										
GCST90399901	GCST90399901	European		unassigned	ref_freqs.hg38.tsv.gz	0		0	0		overlap	unverified										
GCST90399902	GCST90399902	European		unassigned	ref_freqs.hg38.tsv.gz	0		0	0		overlap	unverified										
GCST90399903	GCST90399903	European		unassigned	ref_freqs.hg38.tsv.gz	0		0	0		overlap	unverified										
GCST90399904	GCST90399904	European		unassigned	ref_freqs.hg38.tsv.gz	0		0	0		overlap	unverified										
GCST90399905	GCST90399905	European		unassigned	ref_freqs.hg38.tsv.gz	0		0	0		overlap	unverified										
GCST90399906	GCST90399906	European		unassigned	ref_freqs.hg38.tsv.gz	0		0	0		overlap	unverified										
GCST90399907	GCST90399907	European		unassigned	ref_freqs.hg38.tsv.gz	0		0	0		overlap	unverified										
GCST90399908	GCST90399908	European		unassigned	ref_freqs.hg38.tsv.gz	0		0	0		overlap	unverified										
GCST90399909	GCST90399909	European		unassigned	ref_freqs.hg38.tsv.gz	0		0	0		overlap	unverified										
GCST90399910	GCST90399910	European		unassigned	ref_freqs.hg38.tsv.gz	0		0	0		overlap	unverified										
GCST90399911	GCST90399911	European		unassigned	ref_freqs.hg38.tsv.gz	0		0	0		overlap	unverified										
GCST90406924	GCST90406924	European	EUR	af_assigned	ref_freqs.hg38.tsv.gz	50000	EUR	0.995692	0.99155	0.00589056	ok	passed	0.977973	false		0	0	0	0.995692	0.00414117	0.000167178	0
GCST90406925	GCST90406925	European	EUR	af_assigned	ref_freqs.hg38.tsv.gz	50000	EUR	0.995834	0.992034	0.00590749	ok	passed	0.977842	false		0	0	0	0.995834	0.00380034	0.00036525	0
GCST90421022	GCST90421022	European		unassigned	ref_freqs.hg38.tsv.gz	50000	EUR	0.344152	0.0973697	0.23507	residual	passed	0.678392			0.193208	0.00477959	0.0462251	0.344152	0	0.164853	0.246782
GCST90421023	GCST90421023	European		unassigned	ref_freqs.hg38.tsv.gz	50000	EUR	0.344152	0.0973697	0.23507	residual	passed	0.678392			0.193208	0.00477959	0.0462251	0.344152	0	0.164853	0.246782
GCST90421024	GCST90421024	European		unassigned	ref_freqs.hg38.tsv.gz	50000	EUR	0.344152	0.0973697	0.23507	residual	passed	0.678392			0.193208	0.00477959	0.0462251	0.344152	0	0.164853	0.246782
GCST90421025	GCST90421025	European		unassigned	ref_freqs.hg38.tsv.gz	50000	AFR	0.617889	0.38697	0.578891	eaf_orientation	failed	-0.996681			0.617889	0	0.230918	0	0	0	0.151193
GCST90421026	GCST90421026	European		unassigned	ref_freqs.hg38.tsv.gz	50000	EUR	0.344152	0.0973697	0.23507	residual	passed	0.678392			0.193208	0.00477959	0.0462251	0.344152	0	0.164853	0.246782
GCST90421027	GCST90421027	European		unassigned	ref_freqs.hg38.tsv.gz	50000	EUR	0.344152	0.0973697	0.23507	residual	passed	0.678392			0.193208	0.00477959	0.0462251	0.344152	0	0.164853	0.246782
GCST90421028	GCST90421028	European		unassigned	ref_freqs.hg38.tsv.gz	50000	EUR	0.344152	0.0973697	0.23507	residual	passed	0.678392			0.193208	0.00477959	0.0462251	0.344152	0	0.164853	0.246782
GCST90421029	GCST90421029	European		unassigned	ref_freqs.hg38.tsv.gz	50000	EUR	0.344152	0.0973697	0.23507	residual	passed	0.678392			0.193208	0.00477959	0.0462251	0.344152	0	0.164853	0.246782
GCST90421030	GCST90421030	European		unassigned	ref_freqs.hg38.tsv.gz	50000	EUR	0.276879	0.0124826	0.234512	residual	passed	0.682422			0.209165	0.0251342	0.0557253	0.276879	0	0.1687	0.264397
GCST90421031	GCST90421031	European		unassigned	ref_freqs.hg38.tsv.gz	50000	EUR	0.344152	0.0973697	0.23507	residual	passed	0.678392			0.193208	0.00477959	0.0462251	0.344152	0	0.164853	0.246782
GCST90421032	GCST90421032	European		unassigned	ref_freqs.hg38.tsv.gz	50000	EUR	0.344152	0.0973697	0.23507	residual	passed	0.678392			0.193208	0.00477959	0.0462251	0.344152	0	0.164853	0.246782
GCST90428068	GCST90428068	European	EUR	af_assigned	ref_freqs.hg38.tsv.gz	50000	EUR	0.95496	0.919937	0.0354423	ok	passed	0.962076	false		0.0100174	0	0	0.95496	0	0.0350229	0
GCST90428069	GCST90428069	European	EUR	af_assigned	ref_freqs.hg38.tsv.gz	50000	EUR	0.945678	0.905217	0.035812	ok	passed	0.962748	false		0.0138614	0	0	0.945678	0	0.0404608	0
GCST90428086	GCST90428086	European	EUR	af_assigned	ref_freqs.hg38.tsv.gz	50000	EUR	0.984114	0.975847	0.012939	ok	passed	0.973759	false		0	7.39033e-05	0	0.984114	0.00826659	0.00754569	0
GCST90428087	GCST90428087	European	EUR	af_assigned	ref_freqs.hg38.tsv.gz	50000	EUR	0.987696	0.97831	0.0123888	ok	passed	0.979529	false		0	0	0	0.987696	0.00291683	0.00938677	0
GCST90428088	GCST90428088	European	EUR	af_assigned	ref_freqs.hg38.tsv.gz	50000	EUR	0.987835	0.978506	0.0123877	ok	passed	0.979536	false		0	0	0	0.987835	0.00283666	0.00932861	0
GCST90428110	GCST90428110	European	EUR	af_assigned	ref_freqs.hg38.tsv.gz	50000	EUR	1	1	0.00785793	ok	passed	0.977424	false		0	0	0	1	0	0	0
GCST90428116	GCST90428116	European	EUR	af_assigned	ref_freqs.hg38.tsv.gz	50000	EUR	0.998444	0.996889	0.00429393	ok	passed	0.98189	false		0	0	0	0.998444	0	0.00155568	0
GCST90428399	GCST90428399	European		unassigned	ref_freqs.hg38.tsv.gz	50000	EUR	0.51433	0.301837	0.220453	residual	passed	0.714155			0.18155	0.0134669	0.0146474	0.51433	0	0.0635126	0.212493
GCST90428400	GCST90428400	European		unassigned	ref_freqs.hg38.tsv.gz	50000	AFR	0.470949	0.23332	0.364549	residual	passed	0.230168			0.470949	0	0.0965413	0.194881	0	0	0.237629
GCST90428401	GCST90428401	European		unassigned	ref_freqs.hg38.tsv.gz	50000	AFR	0.473121	0.247067	0.360235	residual	passed	0.233578			0.473121	0	0.0982525	0.202572	0	0	0.226054
GCST90428402	GCST90428402	European		unassigned	ref_freqs.hg38.tsv.gz	50000	AFR	0.472868	0.246379	0.360158	residual	passed	0.233661			0.472868	0	0.0974992	0.203144	0	0	0.226489
GCST90428403	GCST90428403	European		unassigned	ref_freqs.hg38.tsv.gz	50000	AFR	0.473379	0.247589	0.360281	residual	passed	0.233233			0.473379	0	0.09794	0.202891	0	0	0.22579
GCST90428404	GCST90428404	European		unassigned	ref_freqs.hg38.tsv.gz	50000	AFR	0.471256	0.23377	0.364803	residual	passed	0.230154			0.471256	0	0.0961039	0.195154	0	0	0.237486
GCST90428405	GCST90428405	European		unassigned	ref_freqs.hg38.tsv.gz	50000	AFR	0.471735	0.234374	0.364868	residual	passed	0.230289			0.471735	0	0.0955883	0.195315	0	0	0.237361
GCST90428406	GCST90428406	European		unassigned	ref_freqs.hg38.tsv.gz	50000	AFR	0.473024	0.247293	0.360176	residual	passed	0.233636			0.473024	0	0.0975935	0.20365	0	0	0.225732
GCST90428407	GCST90428407	European		unassigned	ref_freqs.hg38.tsv.gz	50000	AFR	0.471868	0.244675	0.360251	residual	passed	0.23362			0.471868	0	0.0970473	0.203892	0	0	0.227193
GCST90428408	GCST90428408	European		unassigned	ref_freqs.hg38.tsv.gz	50000	EUR	0.515036	0.298848	0.219703	residual	passed	0.716042			0.176087	0.0177184	0.00990926	0.515036	0	0.0650621	0.216188
GCST90428409	GCST90428409	European		unassigned	ref_freqs.hg38.tsv.gz	50000	AFR	0.471349	0.233945	0.364825	residual	passed	0.230053			0.471349	0	0.0961672	0.19508	0	0	0.237404
GCST90428410	GCST90428410	European		unassigned	ref_freqs.hg38.tsv.gz	50000	AFR	0.472061	0.245399	0.360223	residual	passed	0.233476			0.472061	0	0.0973595	0.203917	0	0	0.226662
GCST90428411	GCST90428411	European		unassigned	ref_freqs.hg38.tsv.gz	50000	EUR	0.676133	0.527582	0.154798	residual	passed	0.853169			0.12048	0	0.0197537	0.676133	0	0.0350817	0.148551
GCST90428412	GCST90428412	European		unassigned	ref_freqs.hg38.tsv.gz	50000	AFR	0.463301	0.230349	0.361336	residual	passed	0.229798			0.463301	0	0.092096	0.211652	0	0	0.232952
GCST90428413	GCST90428413	European		unassigned	ref_freqs.hg38.tsv.gz	50000	AFR	0.471191	0.233724	0.364783	residual	passed	0.230239			0.471191	0	0.0961465	0.195196	0	0	0.237467
GCST90428414	GCST90428414	European		unassigned	ref_freqs.hg38.tsv.gz	50000	AFR	0.462049	0.229312	0.361149	residual	passed	0.230795			0.462049	0	0.0910391	0.214175	0	0	0.232737
GCST90428415	GCST90428415	European		unassigned	ref_freqs.hg38.tsv.gz	50000	AFR	0.466173	0.236651	0.361584	residual	passed	0.229774			0.466173	0	0.0935846	0.21072	0	0	0.229522
GCST90428416	GCST90428416	European		unassigned	ref_freqs.hg38.tsv.gz	50000	AFR	0.472923	0.246395	0.360236	residual	passed	0.233469			0.472923	0	0.0974032	0.203146	0	0	0.226528
GCST90428417	GCST90428417	European		unassigned	ref_freqs.hg38.tsv.gz	50000	EUR	0.513229	0.298898	0.221684	residual	passed	0.710958			0.184656	0.015109	0.0128494	0.513229	0	0.0598256	0.214331
GCST90428418	GCST90428418	European		unassigned	ref_freqs.hg38.tsv.gz	50000	AFR	0.470665	0.231615	0.364637	residual	passed	0.230575			0.470665	0	0.0953751	0.19491	0	0	0.23905
GCST90428419	GCST90428419	European		unassigned	ref_freqs.hg38.tsv.gz	50000	AFR	0.465153	0.234898	0.361553	residual	passed	0.229753			0.465153	0	0.093086	0.211505	0	0	0.230256
GCST90428420	GCST90428420	European		unassigned	ref_freqs.hg38.tsv.gz	50000	AFR	0.471193	0.233682	0.364743	residual	passed	0.230338			0.471193	0	0.0961821	0.195115	0	0	0.23751
GCST90428421	GCST90428421	European		unassigned	ref_freqs.hg38.tsv.gz	50000	AFR	0.462101	0.230271	0.361315	residual	passed	0.230518			0.462101	0	0.0917336	0.214336	0	0	0.23183
GCST90428422	GCST90428422	European		unassigned	ref_freqs.hg38.tsv.gz	50000	AFR	0.464921	0.233684	0.361485	residual	passed	0.229745			0.464921	0	0.0929364	0.210906	0	0	0.231237
GCST90428423	GCST90428423	European		unassigned	ref_freqs.hg38.tsv.gz	50000	AFR	0.47077	0.232992	0.364758	residual	passed	0.23023			0.47077	0	0.0962664	0.195185	0	0	0.237778
GCST90428424	GCST90428424	European		unassigned	ref_freqs.hg38.tsv.gz	50000	AFR	0.471722	0.234451	0.364888	residual	passed	0.230231			0.471722	0	0.0956015	0.195405	0	0	0.237271
GCST90428425	GCST90428425	European		unassigned	ref_freqs.hg38.tsv.gz	50000	AFR	0.44003	0.191278	0.353252	residual	passed	0.225855			0.44003	0	0.0900601	0.248752	0	0	0.221157
GCST90428426	GCST90428426	European		unassigned	ref_freqs.hg38.tsv.gz	50000	AFR	0.466195	0.235439	0.361582	residual	passed	0.230275			0.466195	0	0.0932879	0.209761	0	0	0.230756
GCST90428427	GCST90428427	European		unassigned	ref_freqs.hg38.tsv.gz	50000	AFR	0.464921	0.234999	0.361356	residual	passed	0.230429			0.464921	0	0.0937245	0.211433	0	0	0.229922
GCST90428428	GCST90428428	European		unassigned	ref_freqs.hg38.tsv.gz	50000	AFR	0.47114	0.233603	0.364755	residual	passed	0.230251			0.47114	0	0.0964892	0.194834	0	0	0.237537
GCST90428429	GCST90428429	European	EUR	af_assigned	ref_freqs.hg38.tsv.gz	50000	EUR	0.953313	0.935728	0.0103426	ok	passed	0.98114	false		0.00624936	0.0145141	0.0175848	0.953313	0	0.00500013	0.00333874
GCST90428430	GCST90428430	European		unassigned	ref_freqs.hg38.tsv.gz	50000	AFR	0.471722	0.234451	0.364888	residual	passed	0.230231			0.471722	0	0.0956015	0.195405	0	0	0.237271
GCST90428431	GCST90428431	European		unassigned	ref_freqs.hg38.tsv.gz	50000	AFR	0.467343	0.237912	0.361601	residual	passed	0.230096			0.467343	0	0.0927419	0.210483	0	0	0.229431
GCST90428432	GCST90428432	European		unassigned	ref_freqs.hg38.tsv.gz	50000	AFR	0.471718	0.234411	0.364888	residual	passed	0.230151			0.471718	0	0.0955719	0.195403	0	0	0.237307
GCST90428433	GCST90428433	European		unassigned	ref_freqs.hg38.tsv.gz	50000	AFR	0.464782	0.23449	0.361571	residual	passed	0.230109			0.464782	0	0.0940361	0.21089	0	0	0.230292
GCST90428434	GCST90428434	European		unassigned	ref_freqs.hg38.tsv.gz	50000	AFR	0.47289	0.246715	0.360202	residual	passed	0.233564			0.47289	0	0.0975734	0.203362	0	0	0.226175
GCST90428435	GCST90428435	European		unassigned	ref_freqs.hg38.tsv.gz	50000	AFR	0.462999	0.232143	0.361371	residual	passed	0.2305			0.462999	0	0.0930375	0.213107	0	0	0.230856
GCST90428436	GCST90428436	European		unassigned	ref_freqs.hg38.tsv.gz	50000	AFR	0.4474	0.18362	0.344366	residual	passed	0.207327			0.4474	0	0.1097	0.26378	0	0	0.17912
GCST90428437	GCST90428437	European		unassigned	ref_freqs.hg38.tsv.gz	50000	AFR	0.471723	0.234404	0.36487	residual	passed	0.230237			0.471723	0	0.095489	0.195468	0	0	0.237319
GCST90428438	GCST90428438	European		unassigned	ref_freqs.hg38.tsv.gz	50000	AFR	0.471562	0.234117	0.364866	residual	passed	0.230289			0.471562	0	0.0955073	0.195485	0	0	0.237445
GCST90428446	GCST90428446	European	EUR	af_assigned	ref_freqs.hg38.tsv.gz	50000	EUR	1	1	0.00746855	ok	passed	0.97867	false		0	0	0	1	0	0	0
GCST90428447	GCST90428447	European	EUR	af_assigned	ref_freqs.hg38.tsv.gz	50000	EUR	1	1	0.00790732	ok	passed	0.978634	false		0	0	0	1	0	0	0
GCST90428448	GCST90428448	European	EUR	af_assigned	ref_freqs.hg38.tsv.gz	50000	EUR	1	1	0.00790241	ok	passed	0.978636	false		0	0	0	1	0	0	0
GCST90428462	GCST90428462	European		unassigned	ref_freqs.hg38.tsv.gz	0		0	0		overlap	unverified										
GCST90428463	GCST90428463	European		unassigned	ref_freqs.hg38.tsv.gz	0		0	0		overlap	unverified										
GCST90428600	GCST90428600	European	EUR	af_assigned	ref_freqs.hg38.tsv.gz	50000	EUR	0.977624	0.970887	0.0129725	ok	passed	0.979479	false		0.00392153	0.00673657	0.00392394	0.977624	0	0.00662791	0.0011664
GCST90428601	GCST90428601	European	EUR	af_assigned	ref_freqs.hg38.tsv.gz	50000	EUR	0.983611	0.978117	0.0125158	ok	passed	0.978951	false		0.00340543	0.00549458	0.00246378	0.983611	0	0.00502508	0
GCST90428602	GCST90428602	European	EUR	af_assigned	ref_freqs.hg38.tsv.gz	50000	EUR	0.97129	0.96302	0.0143274	ok	passed	0.979723	false		0.00629596	0.00650699	0.00650543	0.97129	0	0.00826983	0.0011317
GCST90428625	GCST90428625	European		unassigned	ref_freqs.hg38.tsv.gz	50000	EUR	0.709155	0.592189	0.12117	residual	passed	0.902528			0.0824916	0.0157765	0.00186781	0.709155	0	0.0737427	0.116966
GCST90428785	GCST90428785	European	EUR	af_assigned	ref_freqs.hg38.tsv.gz	50000	EUR	1	1	0.00479837	ok	passed	0.978051	false		0	0	0	1	0	0	0
GCST90428786	GCST90428786	European	EUR	af_assigned	ref_freqs.hg38.tsv.gz	50000	EUR	1	1	0.00501105	ok	passed	0.978089	false		0	0	0	1	0	0	0
GCST90428787	GCST90428787	European	EUR	af_assigned	ref_freqs.hg38.tsv.gz	50000	EUR	1	1	0.00479139	ok	passed	0.978055	false		0	0	0	1	0	0	0
GCST90428788	GCST90428788	European	EUR	af_assigned	ref_freqs.hg38.tsv.gz	50000	EUR	1	1	0.00501448	ok	passed	0.978082	false		0	0	0	1	0	0	0
GCST90428789	GCST90428789	European	EUR	af_assigned	ref_freqs.hg38.tsv.gz	50000	EUR	1	1	0.00503882	ok	passed	0.977753	false		0	0	0	1	0	0	0
GCST90428838	GCST90428838	European	EUR	af_assigned	ref_freqs.hg38.tsv.gz	50000	EUR	0.997297	0.994594	0.00493922	ok	passed	0.978544	false		0	0	0	0.997297	0	0	0.00270318
GCST90429062	GCST90429062	European	EUR	af_assigned	ref_freqs.hg38.tsv.gz	50000	EUR	0.995279	0.99083	0.00521729	ok	passed	0.989967	false		0.000234218	0	3.76849e-05	0.995279	0	0	0.00444924
GCST90429699	GCST90429699	European	EUR	af_assigned	ref_freqs.hg38.tsv.gz	50000	EUR	1	1	0.00556601	ok	passed	0.977701	false		0	0	0	1	0	0	0
GCST90429765	GCST90429765	European	EUR	af_assigned	ref_freqs.hg38.tsv.gz	50000	EUR	1	1	0.00489696	ok	passed	0.977431	false		0	0	0	1	0	0	0
GCST90429766	GCST90429766	European	EUR	af_assigned	ref_freqs.hg38.tsv.gz	50000	EUR	1	1	0.00489696	ok	passed	0.977431	false		0	0	0	1	0	0	0
GCST90429767	GCST90429767	European	EUR	af_assigned	ref_freqs.hg38.tsv.gz	50000	EUR	1	1	0.00489696	ok	passed	0.977431	false		0	0	0	1	0	0	0
GCST90429768	GCST90429768	European	EUR	af_assigned	ref_freqs.hg38.tsv.gz	50000	EUR	1	1	0.00489696	ok	passed	0.977431	false		0	0	0	1	0	0	0
GCST90429769	GCST90429769	European	EUR	af_assigned	ref_freqs.hg38.tsv.gz	50000	EUR	1	1	0.00489696	ok	passed	0.977431	false		0	0	0	1	0	0	0
GCST90429770	GCST90429770	European	EUR	af_assigned	ref_freqs.hg38.tsv.gz	50000	EUR	1	1	0.00491798	ok	passed	0.977509	false		0	0	0	1	0	0	0
GCST90429771	GCST90429771	European	EUR	af_assigned	ref_freqs.hg38.tsv.gz	50000	EUR	1	1	0.00491798	ok	passed	0.977509	false		0	0	0	1	0	0	0
GCST90429772	GCST90429772	European	EUR	af_assigned	ref_freqs.hg38.tsv.gz	50000	EUR	1	1	0.00491798	ok	passed	0.977509	false		0	0	0	1	0	0	0
GCST90429773	GCST90429773	European	EUR	af_assigned	ref_freqs.hg38.tsv.gz	50000	EUR	1	1	0.00491798	ok	passed	0.977509	false		0	0	0	1	0	0	0
GCST90429774	GCST90429774	European	EUR	af_assigned	ref_freqs.hg38.tsv.gz	50000	EUR	1	1	0.00491798	ok	passed	0.977509	false		0	0	0	1	0	0	0
GCST90429775	GCST90429775	European	EUR	af_assigned	ref_freqs.hg38.tsv.gz	50000	EUR	1	1	0.00485895	ok	passed	0.977475	false		0	0	0	1	0	0	0
GCST90429776	GCST90429776	European	EUR	af_assigned	ref_freqs.hg38.tsv.gz	50000	EUR	1	1	0.00485895	ok	passed	0.977475	false		0	0	0	1	0	0	0
GCST90429777	GCST90429777	European	EUR	af_assigned	ref_freqs.hg38.tsv.gz	50000	EUR	1	1	0.00485895	ok	passed	0.977475	false		0	0	0	1	0	0	0
GCST90429778	GCST90429778	European	EUR	af_assigned	ref_freqs.hg38.tsv.gz	50000	EUR	1	1	0.00485895	ok	passed	0.977475	false		0	0	0	1	0	0	0
GCST90429779	GCST90429779	European	EUR	af_assigned	ref_freqs.hg38.tsv.gz	50000	EUR	1	1	0.00485895	ok	passed	0.977475	false		0	0	0	1	0	0	0
GCST90429780	GCST90429780	European	EUR	af_assigned	ref_freqs.hg38.tsv.gz	50000	EUR	1	1	0.00483259	ok	passed	0.977427	false		0	0	0	1	0	0	0
GCST90429781	GCST90429781	European	EUR	af_assigned	ref_freqs.hg38.tsv.gz	50000	EUR	1	1	0.00483259	ok	passed	0.977427	false		0	0	0	1	0	0	0
GCST90429782	GCST90429782	European	EUR	af_assigned	ref_freqs.hg38.tsv.gz	50000	EUR	1	1	0.00483259	ok	passed	0.977427	false		0	0	0	1	0	0	0
GCST90429783	GCST90429783	European	EUR	af_assigned	ref_freqs.hg38.tsv.gz	50000	EUR	1	1	0.00483259	ok	passed	0.977427	false		0	0	0	1	0	0	0
GCST90429784	GCST90429784	European	EUR	af_assigned	ref_freqs.hg38.tsv.gz	50000	EUR	1	1	0.00483259	ok	passed	0.977427	false		0	0	0	1	0	0	0
GCST90429785	GCST90429785	European	EUR	af_assigned	ref_freqs.hg38.tsv.gz	50000	EUR	1	1	0.00484532	ok	passed	0.977504	false		0	0	0	1	0	0	0
GCST90429786	GCST90429786	European	EUR	af_assigned	ref_freqs.hg38.tsv.gz	50000	EUR	1	1	0.00484532	ok	passed	0.977504	false		0	0	0	1	0	0	0
GCST90429787	GCST90429787	European	EUR	af_assigned	ref_freqs.hg38.tsv.gz	50000	EUR	1	1	0.00484532	ok	passed	0.977504	false		0	0	0	1	0	0	0
GCST90429788	GCST90429788	European	EUR	af_assigned	ref_freqs.hg38.tsv.gz	50000	EUR	1	1	0.00484532	ok	passed	0.977504	false		0	0	0	1	0	0	0
GCST90429789	GCST90429789	European	EUR	af_assigned	ref_freqs.hg38.tsv.gz	50000	EUR	1	1	0.00484532	ok	passed	0.977504	false		0	0	0	1	0	0	0
GCST90429790	GCST90429790	European	EUR	af_assigned	ref_freqs.hg38.tsv.gz	50000	EUR	1	1	0.00479355	ok	passed	0.977461	false		0	0	0	1	0	0	0
GCST90429791	GCST90429791	European	EUR	af_assigned	ref_freqs.hg38.tsv.gz	50000	EUR	1	1	0.00479355	ok	passed	0.977461	false		0	0	0	1	0	0	0
GCST90429792	GCST90429792	European	EUR	af_assigned	ref_freqs.hg38.tsv.gz	50000	EUR	1	1	0.00479355	ok	passed	0.977461	false		0	0	0	1	0	0	0
GCST90429793	GCST90429793	European	EUR	af_assigned	ref_freqs.hg38.tsv.gz	50000	EUR	1	1	0.00479355	ok	passed	0.977461	false		0	0	0	1	0	0	0
GCST90429794	GCST90429794	European	EUR	af_assigned	ref_freqs.hg38.tsv.gz	50000	EUR	1	1	0.00479355	ok	passed	0.977461	false		0	0	0	1	0	0	0
GCST90429795	GCST90429795	European	EUR	af_assigned	ref_freqs.hg38.tsv.gz	50000	EUR	1	1	0.0138766	ok	passed	0.975353	false		0	0	0	1	0	0	0
GCST90429796	GCST90429796	European	EUR	af_assigned	ref_freqs.hg38.tsv.gz	50000	EUR	1	1	0.0138773	ok	passed	0.975353	false		0	0	0	1	0	0	0
GCST90429797	GCST90429797	European	EUR	af_assigned	ref_freqs.hg38.tsv.gz	50000	EUR	1	1	0.0139397	ok	passed	0.975183	false		0	0	0	1	0	0	0
GCST90429798	GCST90429798	European	EUR	af_assigned	ref_freqs.hg38.tsv.gz	50000	EUR	1	1	0.0138811	ok	passed	0.975351	false		0	0	0	1	0	0	0
GCST90429799	GCST90429799	European	EUR	af_assigned	ref_freqs.hg38.tsv.gz	50000	EUR	1	1	0.0162612	ok	passed	0.966106	false		0	0	0	1	0	0	0
GCST90429800	GCST90429800	European	EUR	af_assigned	ref_freqs.hg38.tsv.gz	50000	EUR	1	1	0.0162612	ok	passed	0.966106	false		0	0	0	1	0	0	0
GCST90429801	GCST90429801	European	EUR	af_assigned	ref_freqs.hg38.tsv.gz	50000	EUR	1	1	0.0162975	ok	passed	0.966034	false		0	0	0	1	0	0	0
GCST90429802	GCST90429802	European	EUR	af_assigned	ref_freqs.hg38.tsv.gz	50000	EUR	1	1	0.0162612	ok	passed	0.966106	false		0	0	0	1	0	0	0
GCST90429803	GCST90429803	European	EUR	af_assigned	ref_freqs.hg38.tsv.gz	50000	EUR	1	1	0.0162567	ok	passed	0.96611	false		0	0	0	1	0	0	0
GCST90429804	GCST90429804	European	EUR	af_assigned	ref_freqs.hg38.tsv.gz	50000	EUR	1	1	0.0162994	ok	passed	0.9661	false		0	0	0	1	0	0	0
GCST90429805	GCST90429805	European	EUR	af_assigned	ref_freqs.hg38.tsv.gz	50000	EUR	1	1	0.0162567	ok	passed	0.96611	false		0	0	0	1	0	0	0
GCST90429806	GCST90429806	European	EUR	af_assigned	ref_freqs.hg38.tsv.gz	50000	EUR	1	1	0.0162612	ok	passed	0.966106	false		0	0	0	1	0	0	0
GCST90429807	GCST90429807	European	EUR	af_assigned	ref_freqs.hg38.tsv.gz	50000	EUR	1	1	0.0162794	ok	passed	0.966103	false		0	0	0	1	0	0	0
GCST90429808	GCST90429808	European	EUR	af_assigned	ref_freqs.hg38.tsv.gz	50000	EUR	1	1	0.0162612	ok	passed	0.966106	false		0	0	0	1	0	0	0
GCST90429809	GCST90429809	European	EUR	af_assigned	ref_freqs.hg38.tsv.gz	50000	EUR	1	1	0.0162567	ok	passed	0.96611	false		0	0	0	1	0	0	0
GCST90429810	GCST90429810	European	EUR	af_assigned	ref_freqs.hg38.tsv.gz	50000	EUR	1	1	0.0163009	ok	passed	0.966082	false		0	0	0	1	0	0	0
GCST90429811	GCST90429811	European	EUR	af_assigned	ref_freqs.hg38.tsv.gz	50000	EUR	1	1	0.0162612	ok	passed	0.966106	false		0	0	0	1	0	0	0
GCST90429812	GCST90429812	European	EUR	af_assigned	ref_freqs.hg38.tsv.gz	50000	EUR	1	1	0.0163227	ok	passed	0.966093	false		0	0	0	1	0	0	0
GCST90429813	GCST90429813	European	EUR	af_assigned	ref_freqs.hg38.tsv.gz	50000	EUR	1	1	0.0162702	ok	passed	0.966078	false		0	0	0	1	0	0	0
GCST90429814	GCST90429814	European	EUR	af_assigned	ref_freqs.hg38.tsv.gz	50000	EUR	1	1	0.0163409	ok	passed	0.966086	false		0	0	0	1	0	0	0
GCST90429815	GCST90429815	European	EUR	af_assigned	ref_freqs.hg38.tsv.gz	50000	EUR	1	1	0.0162612	ok	passed	0.966106	false		0	0	0	1	0	0	0
GCST90429816	GCST90429816	European	EUR	af_assigned	ref_freqs.hg38.tsv.gz	50000	EUR	1	1	0.0163584	ok	passed	0.966042	false		0	0	0	1	0	0	0
GCST90429817	GCST90429817	European	EUR	af_assigned	ref_freqs.hg38.tsv.gz	50000	EUR	1	1	0.0162828	ok	passed	0.966089	false		0	0	0	1	0	0	0
GCST90429818	GCST90429818	European	EUR	af_assigned	ref_freqs.hg38.tsv.gz	50000	EUR	1	1	0.0162994	ok	passed	0.9661	false		0	0	0	1	0	0	0
GCST90429819	GCST90429819	European	EUR	af_assigned	ref_freqs.hg38.tsv.gz	50000	EUR	1	1	0.0162596	ok	passed	0.966116	false		0	0	0	1	0	0	0
GCST90429820	GCST90429820	European	EUR	af_assigned	ref_freqs.hg38.tsv.gz	50000	EUR	1	1	0.0163316	ok	passed	0.966051	false		0	0	0	1	0	0	0
GCST90429821	GCST90429821	European	EUR	af_assigned	ref_freqs.hg38.tsv.gz	50000	EUR	1	1	0.0162573	ok	passed	0.966065	false		0	0	0	1	0	0	0
GCST90429822	GCST90429822	European	EUR	af_assigned	ref_freqs.hg38.tsv.gz	50000	EUR	1	1	0.0164611	ok	passed	0.965993	false		0	0	0	1	0	0	0
GCST90429823	GCST90429823	European	EUR	af_assigned	ref_freqs.hg38.tsv.gz	50000	EUR	1	1	0.0162775	ok	passed	0.966088	false		0	0	0	1	0	0	0
GCST90429824	GCST90429824	European	EUR	af_assigned	ref_freqs.hg38.tsv.gz	50000	EUR	1	1	0.0163186	ok	passed	0.966097	false		0	0	0	1	0	0	0
GCST90429825	GCST90429825	European	EUR	af_assigned	ref_freqs.hg38.tsv.gz	50000	EUR	1	1	0.0162612	ok	passed	0.966106	false		0	0	0	1	0	0	0
GCST90429826	GCST90429826	European	EUR	af_assigned	ref_freqs.hg38.tsv.gz	50000	EUR	1	1	0.0166639	ok	passed	0.965999	false		0	0	0	1	0	0	0
GCST90429827	GCST90429827	European	EUR	af_assigned	ref_freqs.hg38.tsv.gz	50000	EUR	1	1	0.0164188	ok	passed	0.965946	false		0	0	0	1	0	0	0
GCST90429828	GCST90429828	European	EUR	af_assigned	ref_freqs.hg38.tsv.gz	50000	EUR	1	1	0.0163324	ok	passed	0.966049	false		0	0	0	1	0	0	0
GCST90429829	GCST90429829	European	EUR	af_assigned	ref_freqs.hg38.tsv.gz	50000	EUR	1	1	0.0163909	ok	passed	0.966057	false		0	0	0	1	0	0	0
GCST90429830	GCST90429830	European	EUR	af_assigned	ref_freqs.hg38.tsv.gz	50000	EUR	1	1	0.016564	ok	passed	0.965944	false		0	0	0	1	0	0	0
GCST90429831	GCST90429831	European	EUR	af_assigned	ref_freqs.hg38.tsv.gz	50000	EUR	1	1	0.0162853	ok	passed	0.966075	false		0	0	0	1	0	0	0
GCST90429832	GCST90429832	European	EUR	af_assigned	ref_freqs.hg38.tsv.gz	50000	EUR	1	1	0.0166283	ok	passed	0.965995	false		0	0	0	1	0	0	0
GCST90429833	GCST90429833	European	EUR	af_assigned	ref_freqs.hg38.tsv.gz	50000	EUR	1	1	0.0163749	ok	passed	0.965945	false		0	0	0	1	0	0	0
GCST90429834	GCST90429834	European	EUR	af_assigned	ref_freqs.hg38.tsv.gz	50000	EUR	1	1	0.0181408	ok	passed	0.965637	false		0	0	0	1	0	0	0
GCST90429835	GCST90429835	European	EUR	af_assigned	ref_freqs.hg38.tsv.gz	50000	EUR	1	1	0.0162778	ok	passed	0.966086	false		0	0	0	1	0	0	0
GCST90429836	GCST90429836	European	EUR	af_assigned	ref_freqs.hg38.tsv.gz	50000	EUR	1	1	0.0175206	ok	passed	0.965726	false		0	0	0	1	0	0	0
GCST90429837	GCST90429837	European	EUR	af_assigned	ref_freqs.hg38.tsv.gz	50000	EUR	1	1	0.0196079	ok	passed	0.965512	false		0	0	0	1	0	0	0
GCST90429838	GCST90429838	European	EUR	af_assigned	ref_freqs.hg38.tsv.gz	50000	EUR	1	1	0.0181832	ok	passed	0.965654	false		0	0	0	1	0	0	0
GCST90429839	GCST90429839	European	EUR	af_assigned	ref_freqs.hg38.tsv.gz	50000	EUR	1	1	0.0162968	ok	passed	0.966108	false		0	0	0	1	0	0	0
GCST90429840	GCST90429840	European	EUR	af_assigned	ref_freqs.hg38.tsv.gz	50000	EUR	1	1	0.0167244	ok	passed	0.965956	false		0	0	0	1	0	0	0
GCST90429841	GCST90429841	European	EUR	af_assigned	ref_freqs.hg38.tsv.gz	50000	EUR	1	1	0.0163358	ok	passed	0.966064	false		0	0	0	1	0	0	0
GCST90432066	GCST90432066	European	EUR	af_assigned	ref_freqs.hg38.tsv.gz	50000	EUR	0.866127	0.830106	0.0146186	ok	passed	0.985265	false		0.0313183	0.0360205	0.020583	0.866127	0.00469237	0.016491	0.0247682
GCST90432068	GCST90432068	European	EUR	af_assigned	ref_freqs.hg38.tsv.gz	50000	EUR	0.770155	0.66025	0.0107374	ok	passed	0.991273	false		0.109905	0.0628279	0.0188666	0.770155	0.0125229	0.00903295	0.0166901
GCST90432071	GCST90432071	European	EUR	af_assigned	ref_freqs.hg38.tsv.gz	50000	EUR	0.865909	0.83017	0.0146235	ok	passed	0.985272	false		0.0314963	0.0357389	0.0205715	0.865909	0.00574839	0.016012	0.0245241
GCST90432073	GCST90432073	European	EUR	af_assigned	ref_freqs.hg38.tsv.gz	50000	EUR	0.770044	0.6599	0.010742	ok	passed	0.991273	false		0.110144	0.0623382	0.0188683	0.770044	0.0134485	0.00871028	0.0164462
GCST90432107	GCST90432107	European	EUR	af_assigned	ref_freqs.hg38.tsv.gz	50000	EUR	0.951101	0.931175	0.00518891	ok	passed	0.981865	false		0.0138786	0.019926	0.000376705	0.951101	0	0.00530181	0.00941599
GCST90432156	GCST90432156	European	EUR	af_assigned	ref_freqs.hg38.tsv.gz	50000	EUR	0.985748	0.978016	0.0168572	ok	passed	0.977812	false		0.00259442	0.00773108	0	0.985748	0	0	0.00392699
GCST90432157	GCST90432157	European	EUR	af_assigned	ref_freqs.hg38.tsv.gz	50000	EUR	0.982653	0.974541	0.0147674	ok	passed	0.97539	false		0.000402859	0.0081121	0.0075284	0.982653	0	0	0.00130358
GCST90432158	GCST90432158	European	EUR	af_assigned	ref_freqs.hg38.tsv.gz	50000	EUR	0.985332	0.979577	0.0168894	ok	passed	0.981366	false		0.00192201	0.00417851	0.00575537	0.985332	0	0	0.00281194
GCST90432179	GCST90432179	European	EUR	af_assigned	ref_freqs.hg38.tsv.gz	50000	EUR	1	1	0.00545222	ok	passed	0.978717	false		0	0	0	1	0	0	0
GCST90432180	GCST90432180	European	EUR	af_assigned	ref_freqs.hg38.tsv.gz	50000	EUR	1	1	0.0070965	ok	passed	0.978583	false		0	0	0	1	0	0	0
GCST90432181	GCST90432181	European	EUR	af_assigned	ref_freqs.hg38.tsv.gz	50000	EUR	1	1	0.00660933	ok	passed	0.978633	false		0	0	0	1	0	0	0
GCST90435134	GCST90435134	European	EUR	af_assigned	ref_freqs.hg38.tsv.gz	50000	EUR	0.995007	0.992041	0.0126881	ok	passed	0.979096	false		0	0.00296583	0	0.995007	0	0.00202728	0
GCST90435135	GCST90435135	European	EUR	af_assigned	ref_freqs.hg38.tsv.gz	50000	EUR	0.993745	0.989855	0.0196957	ok	passed	0.977265	false		0	0	0.00388948	0.993745	0	0.00236589	0
GCST90435136	GCST90435136	European	EUR	af_assigned	ref_freqs.hg38.tsv.gz	50000	EUR	0.998395	0.99679	0.0196548	ok	passed	0.977104	false		0	0.00160493	0	0.998395	0	0	0
GCST90435137	GCST90435137	European	EUR	af_assigned	ref_freqs.hg38.tsv.gz	50000	EUR	0.991413	0.984638	0.0169556	ok	passed	0.978344	false		0	0.00139738	0.00041495	0.991413	0	0.00677461	0
GCST90435138	GCST90435138	European	EUR	af_assigned	ref_freqs.hg38.tsv.gz	50000	EUR	0.99712	0.99424	0.0169295	ok	passed	0.978173	false		0	0.00288002	0	0.99712	0	0	0
GCST90435139	GCST90435139	European	EUR	af_assigned	ref_freqs.hg38.tsv.gz	50000	EUR	0.997216	0.994726	0.0143999	ok	passed	0.97869	false		0	0.00248958	0	0.997216	0	0.000294918	0
GCST90435144	GCST90435144	European	EUR	af_assigned	ref_freqs.hg38.tsv.gz	50000	EUR	1	1	0.00453027	ok	passed	0.978783	false		0	0	0	1	0	0	0
GCST90435145	GCST90435145	European	EUR	af_assigned	ref_freqs.hg38.tsv.gz	50000	EUR	1	1	0.00453027	ok	passed	0.978783	false		0	0	0	1	0	0	0
GCST90435146	GCST90435146	European	EUR	af_assigned	ref_freqs.hg38.tsv.gz	50000	EUR	0.987447	0.977601	0.0122571	ok	passed	0.976302	false		0	0.00984551	0.00270781	0.987447	0	0	0
GCST90435147	GCST90435147	European	EUR	af_assigned	ref_freqs.hg38.tsv.gz	50000	EUR	0.988321	0.980119	0.0121958	ok	passed	0.976279	false		0	0.00820231	0.00347648	0.988321	0	0	0
GCST90435148	GCST90435148	European	EUR	af_assigned	ref_freqs.hg38.tsv.gz	50000	EUR	0.986773	0.976755	0.0121639	ok	passed	0.976381	false		0	0.0100174	0.00320986	0.986773	0	0	0
GCST90435150	GCST90435150	European	EUR	af_assigned	ref_freqs.hg38.tsv.gz	50000	EUR	0.969592	0.939184	0.0126206	ok	passed	0.977782	false		0	0	0	0.969592	0.0304078	0	0
GCST90435254	GCST90435254	European	EUR	af_assigned	ref_freqs.hg38.tsv.gz	50000	EUR	0.925642	0.893831	0.0136615	ok	passed	0.982307	false		0.0150322	0.00287012	0.00206951	0.925642	0.00600606	0.0165693	0.0318107
GCST90435353	GCST90435353	European	EUR	af_assigned	ref_freqs.hg38.tsv.gz	50000	EUR	1	1	0.00531403	ok	passed	0.977854	false		0	0	0	1	0	0	0
GCST90435354	GCST90435354	European	EUR	af_assigned	ref_freqs.hg38.tsv.gz	50000	EUR	1	1	0.00531073	ok	passed	0.97791	false		0	0	0	1	0	0	0
GCST90435355	GCST90435355	European	EUR	af_assigned	ref_freqs.hg38.tsv.gz	50000	EUR	1	1	0.00530968	ok	passed	0.977952	false		0	0	0	1	0	0	0
GCST90435356	GCST90435356	European	EUR	af_assigned	ref_freqs.hg38.tsv.gz	50000	EUR	1	1	0.00530954	ok	passed	0.977944	false		0	0	0	1	0	0	0
GCST90435357	GCST90435357	European	EUR	af_assigned	ref_freqs.hg38.tsv.gz	50000	EUR	1	1	0.00530981	ok	passed	0.977953	false		0	0	0	1	0	0	0
GCST90435358	GCST90435358	European	EUR	af_assigned	ref_freqs.hg38.tsv.gz	50000	EUR	1	1	0.00531031	ok	passed	0.977881	false		0	0	0	1	0	0	0
GCST90435359	GCST90435359	European	EUR	af_assigned	ref_freqs.hg38.tsv.gz	50000	EUR	1	1	0.00534104	ok	passed	0.977451	false		0	0	0	1	0	0	0
GCST90435360	GCST90435360	European	EUR	af_assigned	ref_freqs.hg38.tsv.gz	50000	EUR	1	1	0.00531452	ok	passed	0.977808	false		0	0	0	1	0	0	0
GCST90435361	GCST90435361	European	EUR	af_assigned	ref_freqs.hg38.tsv.gz	50000	EUR	1	1	0.00533806	ok	passed	0.977503	false		0	0	0	1	0	0	0
GCST90435362	GCST90435362	European	EUR	af_assigned	ref_freqs.hg38.tsv.gz	50000	EUR	1	1	0.00542057	ok	passed	0.974038	false		0	0	0	1	0	0	0
GCST90435363	GCST90435363	European	EUR	af_assigned	ref_freqs.hg38.tsv.gz	50000	EUR	1	1	0.00534474	ok	passed	0.977424	false		0	0	0	1	0	0	0
GCST90435364	GCST90435364	European	EUR	af_assigned	ref_freqs.hg38.tsv.gz	50000	EUR	1	1	0.00530772	ok	passed	0.977952	false		0	0	0	1	0	0	0
GCST90435365	GCST90435365	European	EUR	af_assigned	ref_freqs.hg38.tsv.gz	50000	EUR	0.692935	0.385884	0.0198635	ok	passed	0.983306	false		0	0.307051	1.44278e-05	0.692935	0	0	0
GCST90435366	GCST90435366	European	EUR	af_assigned	ref_freqs.hg38.tsv.gz	50000	EUR	0.689392	0.378785	0.0204669	ok	passed	0.983155	false		0	0.310608	0	0.689392	0	0	0
GCST90435367	GCST90435367	European	EUR	af_assigned	ref_freqs.hg38.tsv.gz	50000	EUR	0.687685	0.375643	0.0202556	ok	passed	0.98328	false		0	0.312042	0.000272825	0.687685	0	0	0
GCST90435368	GCST90435368	European	EUR	af_assigned	ref_freqs.hg38.tsv.gz	50000	EUR	0.68787	0.37574	0.0201912	ok	passed	0.983192	false		0	0.31213	0	0.68787	0	0	0
GCST90435369	GCST90435369	European	EUR	af_assigned	ref_freqs.hg38.tsv.gz	50000	EUR	0.687325	0.375815	0.0200603	ok	passed	0.983261	false		0	0.31151	0.000178436	0.687325	0	0	0.000986541
GCST90435370	GCST90435370	European	EUR	af_assigned	ref_freqs.hg38.tsv.gz	50000	EUR	0.687574	0.375345	0.0201901	ok	passed	0.983134	false		0	0.312229	0.000196943	0.687574	0	0	0
GCST90435371	GCST90435371	European	EUR	af_assigned	ref_freqs.hg38.tsv.gz	50000	EUR	0.686528	0.373057	0.0204381	ok	passed	0.982903	false		0	0.313472	0	0.686528	0	0	0
GCST90435372	GCST90435372	European	EUR	af_assigned	ref_freqs.hg38.tsv.gz	50000	EUR	0.687198	0.375025	0.0202121	ok	passed	0.983052	false		0	0.312172	0.000629757	0.687198	0	0	0
GCST90435373	GCST90435373	European	EUR	af_assigned	ref_freqs.hg38.tsv.gz	50000	EUR	0.685943	0.371887	0.0205326	ok	passed	0.982835	false		0	0.314057	0	0.685943	0	0	0
GCST90435374	GCST90435374	European	EUR	af_assigned	ref_freqs.hg38.tsv.gz	50000	EUR	0.679676	0.360698	0.0223643	ok	passed	0.980897	false		0	0.318978	0.001346	0.679676	0	0	0
GCST90435375	GCST90435375	European	EUR	af_assigned	ref_freqs.hg38.tsv.gz	50000	EUR	0.688666	0.377331	0.0198847	ok	passed	0.982576	false		0	0.311334	0	0.688666	0	0	0
GCST90435376	GCST90435376	European	EUR	af_assigned	ref_freqs.hg38.tsv.gz	50000	EUR	0.686692	0.373384	0.020464	ok	passed	0.983117	false		0	0.313308	0	0.686692	0	0	0
GCST90435377	GCST90435377	European		unassigned	ref_freqs.hg38.tsv.gz	50000	EUR	0.334631	0.117206	0.240065	residual	passed	0.679291			0.199493	0.0296773	0.0161192	0.334631	0	0.217425	0.202655
GCST90435378	GCST90435378	European		unassigned	ref_freqs.hg38.tsv.gz	50000	EUR	0.334631	0.117206	0.240065	residual	passed	0.679291			0.199493	0.0296773	0.0161192	0.334631	0	0.217425	0.202655
GCST90435387	GCST90435387	European	EUR	af_assigned	ref_freqs.hg38.tsv.gz	50000	EUR	0.984702	0.979219	0.00709335	ok	passed	0.986123	false		0.00315256	0.00428817	0.00548311	0.984702	0	0.000530858	0.00184289
GCST90435416	GCST90435416	European	EUR	af_assigned	ref_freqs.hg38.tsv.gz	50000	EUR	0.979872	0.968162	0.00803618	ok	passed	0.977663	false		0	0.00487108	0.0011782	0.979872	0	0.01171	0.00236846
GCST90435417	GCST90435417	European	EUR	af_assigned	ref_freqs.hg38.tsv.gz	50000	EUR	0.980641	0.968115	0.0080604	ok	passed	0.977698	false		0	0.00449896	0.000556329	0.980641	0	0.0125263	0.0017771
GCST90435503	GCST90435503	European		unassigned	ref_freqs.hg38.tsv.gz	50000	MID	0.482397	0.114018	0.592613	eaf_orientation	failed	-0.990906			0	0	0.149225	0	0.482397	0	0.368379
GCST90435504	GCST90435504	European		unassigned	ref_freqs.hg38.tsv.gz	50000	MID	0.482397	0.114018	0.592613	eaf_orientation	failed	-0.990906			0	0	0.149225	0	0.482397	0	0.368379
GCST90435505	GCST90435505	European		unassigned	ref_freqs.hg38.tsv.gz	50000	MID	0.482397	0.114018	0.592613	eaf_orientation	failed	-0.990906			0	0	0.149225	0	0.482397	0	0.368379
GCST90435506	GCST90435506	European		unassigned	ref_freqs.hg38.tsv.gz	50000	MID	0.482397	0.114018	0.592613	eaf_orientation	failed	-0.990906			0	0	0.149225	0	0.482397	0	0.368379
GCST90435507	GCST90435507	European		unassigned	ref_freqs.hg38.tsv.gz	50000	MID	0.482397	0.114018	0.592613	eaf_orientation	failed	-0.990906			0	0	0.149225	0	0.482397	0	0.368379
GCST90435508	GCST90435508	European		unassigned	ref_freqs.hg38.tsv.gz	50000	MID	0.482397	0.114018	0.592613	eaf_orientation	failed	-0.990906			0	0	0.149225	0	0.482397	0	0.368379
GCST90444373	GCST90444373	European		unassigned	ref_freqs.hg38.tsv.gz	0		0	0		overlap	unverified										
GCST90444374	GCST90444374	European		unassigned	ref_freqs.hg38.tsv.gz	0		0	0		overlap	unverified										
GCST90444375	GCST90444375	European		unassigned	ref_freqs.hg38.tsv.gz	0		0	0		overlap	unverified										
GCST90444376	GCST90444376	European		unassigned	ref_freqs.hg38.tsv.gz	0		0	0		overlap	unverified										
GCST90444391	GCST90444391	European	EUR	af_assigned	ref_freqs.hg38.tsv.gz	50000	EUR	1	1	0.00519771	ok	passed	0.969019	false		0	0	0	1	0	0	0
GCST90444392	GCST90444392	European	EUR	af_assigned	ref_freqs.hg38.tsv.gz	50000	EUR	0.999445	0.998891	0.00633416	ok	passed	0.97172	false		0	0	0	0.999445	0.0005547	0	0
GCST90444393	GCST90444393	European	EUR	af_assigned	ref_freqs.hg38.tsv.gz	50000	EUR	0.998423	0.996845	0.00521539	ok	passed	0.96919	false		0	0	0	0.998423	0	0	0.00157733
GCST90444394	GCST90444394	European	EUR	af_assigned	ref_freqs.hg38.tsv.gz	50000	EUR	1	1	0.00518375	ok	passed	0.971566	false		0	0	0	1	0	0	0
GCST90444395	GCST90444395	European	EUR	af_assigned	ref_freqs.hg38.tsv.gz	50000	EUR	1	1	0.00519061	ok	passed	0.970152	false		0	0	0	1	0	0	0
GCST90444397	GCST90444397	European	EUR	af_assigned	ref_freqs.hg38.tsv.gz	50000	EUR	0.962161	0.945924	0.0134891	ok	passed	0.98018	false		0	0.0148433	0.0162373	0.962161	0	0	0.00675831
GCST90444478	GCST90444478	European	EUR	af_assigned	ref_freqs.hg38.tsv.gz	50000	EUR	1	1	0.00681893	ok	passed	0.97812	false		0	0	0	1	0	0	0
GCST90444480	GCST90444480	European	EUR	af_assigned	ref_freqs.hg38.tsv.gz	50000	EUR	0.947941	0.901779	0.00604608	ok	passed	0.978995	false		0.0461627	0	0	0.947941	0	0.00487425	0.00102168
GCST90444487	GCST90444487	European	EUR	af_assigned	ref_freqs.hg38.tsv.gz	50000	EUR	0.998263	0.996526	0.0132957	ok	passed	0.974702	false		0	0	0	0.998263	0	0.00173711	0
GCST90444488	GCST90444488	European	EUR	af_assigned	ref_freqs.hg38.tsv.gz	50000	EUR	0.995541	0.991081	0.0132997	ok	passed	0.974587	false		0	0	0	0.995541	0	0.0044594	0
GCST90446160	GCST90446160	European		unassigned	ref_freqs.hg38.tsv.gz	50000	EUR	0.849564	0.775162	0.199917	residual	passed	0.775431			0.0744017	0	0.00621601	0.849564	0.0309076	0	0.0389108
GCST90446162	GCST90446162	European		unassigned	ref_freqs.hg38.tsv.gz	50000	EUR	0.849535	0.775115	0.199917	residual	passed	0.775432			0.0744194	0	0.00623489	0.849535	0.0309015	0	0.0389094
GCST90446163	GCST90446163	European		unassigned	ref_freqs.hg38.tsv.gz	50000	EUR	0.849564	0.775162	0.199917	residual	passed	0.775431			0.0744017	0	0.00621601	0.849564	0.0309076	0	0.0389108
GCST90446168	GCST90446168	European		unassigned	ref_freqs.hg38.tsv.gz	50000	AFR	0.447278	0.125725	0.534518	eaf_orientation	failed	-0.662394			0.447278	0	0.321553	0	0	0	0.231169
GCST90446169	GCST90446169	European		unassigned	ref_freqs.hg38.tsv.gz	50000	AFR	0.447278	0.125725	0.534518	eaf_orientation	failed	-0.662394			0.447278	0	0.321553	0	0	0	0.231169
GCST90446466	GCST90446466	European		unassigned	ref_freqs.hg38.tsv.gz	50000	EUR	0.493979	0.321245	0.218522	residual	passed	0.71161			0.126932	0.0233673	0.0117168	0.493979	0.0867624	0.0845087	0.172734
GCST90446475	GCST90446475	European	EUR	af_assigned	ref_freqs.hg38.tsv.gz	50000	EUR	0.996907	0.994358	0.0370484	ok	passed	0.972396	false		0.00254945	0	0	0.996907	0	0.00054357	0
GCST90446627	GCST90446627	European	EUR	af_assigned	ref_freqs.hg38.tsv.gz	50000	EUR	1	1	0.0202485	ok	passed	0.975954	false		0	0	0	1	0	0	0
GCST90446628	GCST90446628	European	EUR	af_assigned	ref_freqs.hg38.tsv.gz	50000	EUR	1	1	0.0202484	ok	passed	0.97595	false		0	0	0	1	0	0	0
GCST90446629	GCST90446629	European	EUR	af_assigned	ref_freqs.hg38.tsv.gz	50000	EUR	1	1	0.0202487	ok	passed	0.975955	false		0	0	0	1	0	0	0
GCST90446630	GCST90446630	European	EUR	af_assigned	ref_freqs.hg38.tsv.gz	50000	EUR	1	1	0.0202487	ok	passed	0.975955	false		0	0	0	1	0	0	0
GCST90446631	GCST90446631	European	EUR	af_assigned	ref_freqs.hg38.tsv.gz	50000	EUR	1	1	0.0202484	ok	passed	0.97595	false		0	0	0	1	0	0	0
GCST90446632	GCST90446632	European	EUR	af_assigned	ref_freqs.hg38.tsv.gz	50000	EUR	1	1	0.0202484	ok	passed	0.97595	false		0	0	0	1	0	0	0
GCST90446633	GCST90446633	European	EUR	af_assigned	ref_freqs.hg38.tsv.gz	50000	EUR	1	1	0.0202485	ok	passed	0.975954	false		0	0	0	1	0	0	0
GCST90446634	GCST90446634	European	EUR	af_assigned	ref_freqs.hg38.tsv.gz	50000	EUR	1	1	0.0202483	ok	passed	0.97594	false		0	0	0	1	0	0	0
GCST90446635	GCST90446635	European	EUR	af_assigned	ref_freqs.hg38.tsv.gz	50000	EUR	1	1	0.0202485	ok	passed	0.975954	false		0	0	0	1	0	0	0
GCST90446636	GCST90446636	European	EUR	af_assigned	ref_freqs.hg38.tsv.gz	50000	EUR	1	1	0.0202485	ok	passed	0.975954	false		0	0	0	1	0	0	0
GCST90446637	GCST90446637	European	EUR	af_assigned	ref_freqs.hg38.tsv.gz	50000	EUR	1	1	0.0202485	ok	passed	0.975954	false		0	0	0	1	0	0	0
GCST90446638	GCST90446638	European	EUR	af_assigned	ref_freqs.hg38.tsv.gz	50000	EUR	1	1	0.0202485	ok	passed	0.975954	false		0	0	0	1	0	0	0
GCST90446639	GCST90446639	European	EUR	af_assigned	ref_freqs.hg38.tsv.gz	50000	EUR	1	1	0.0202485	ok	passed	0.975954	false		0	0	0	1	0	0	0
GCST90446640	GCST90446640	European	EUR	af_assigned	ref_freqs.hg38.tsv.gz	50000	EUR	1	1	0.0202485	ok	passed	0.975954	false		0	0	0	1	0	0	0
GCST90446641	GCST90446641	European	EUR	af_assigned	ref_freqs.hg38.tsv.gz	50000	EUR	0.794063	0.726632	0.0181772	ok	passed	0.989698	false		0.0674313	0.0288033	0.045578	0.794063	0	0.00631107	0.0578136
GCST90446642	GCST90446642	European	EUR	af_assigned	ref_freqs.hg38.tsv.gz	50000	EUR	0.79211	0.723863	0.0179363	ok	passed	0.98986	false		0.0682467	0.0291569	0.0460937	0.79211	0	0.00591659	0.058476
GCST90446643	GCST90446643	European		unassigned	ref_freqs.hg38.tsv.gz	50000	EUR	0.889782	0.816309	0.060489	residual	passed	0.964711			0.0734729	0.00349388	0.0131884	0.889782	0	0	0.0200627
GCST90446644	GCST90446644	European	EUR	af_assigned	ref_freqs.hg38.tsv.gz	50000	EUR	0.877194	0.801869	0.0375486	ok	passed	0.979304	false		0.0753259	0.0166766	0.0199993	0.877194	0	0.00200869	0.00879498
GCST90446645	GCST90446645	European	EUR	af_assigned	ref_freqs.hg38.tsv.gz	50000	EUR	0.999739	0.999515	0.0147938	ok	passed	0.969904	false		3.75849e-05	0	0	0.999739	0	0	0.000223878
GCST90446758	GCST90446758	European		unassigned	ref_freqs.hg38.tsv.gz	50000	AFR	0.69027	0.380539	0.577715	eaf_orientation	failed	-0.982825			0.69027	0	0.30973	0	0	0	0
GCST90446759	GCST90446759	European		unassigned	ref_freqs.hg38.tsv.gz	50000	AFR	0.69027	0.380539	0.577715	eaf_orientation	failed	-0.982825			0.69027	0	0.30973	0	0	0	0
GCST90446760	GCST90446760	European		unassigned	ref_freqs.hg38.tsv.gz	50000	AFR	0.69027	0.380539	0.577715	eaf_orientation	failed	-0.982825			0.69027	0	0.30973	0	0	0	0
GCST90446761	GCST90446761	European		unassigned	ref_freqs.hg38.tsv.gz	50000	AFR	0.69027	0.380539	0.577715	eaf_orientation	failed	-0.982825			0.69027	0	0.30973	0	0	0	0
GCST90446762	GCST90446762	European		unassigned	ref_freqs.hg38.tsv.gz	50000	AFR	0.69027	0.380539	0.577715	eaf_orientation	failed	-0.982825			0.69027	0	0.30973	0	0	0	0
GCST90446763	GCST90446763	European		unassigned	ref_freqs.hg38.tsv.gz	50000	AFR	0.69027	0.380539	0.577715	eaf_orientation	failed	-0.982825			0.69027	0	0.30973	0	0	0	0
GCST90446764	GCST90446764	European		unassigned	ref_freqs.hg38.tsv.gz	50000	AFR	0.69027	0.380539	0.577715	eaf_orientation	failed	-0.982825			0.69027	0	0.30973	0	0	0	0
GCST90446765	GCST90446765	European		unassigned	ref_freqs.hg38.tsv.gz	50000	AFR	0.69027	0.380539	0.577715	eaf_orientation	failed	-0.982825			0.69027	0	0.30973	0	0	0	0
GCST90446766	GCST90446766	European		unassigned	ref_freqs.hg38.tsv.gz	50000	AFR	0.69027	0.380539	0.577715	eaf_orientation	failed	-0.982825			0.69027	0	0.30973	0	0	0	0
GCST90446767	GCST90446767	European		unassigned	ref_freqs.hg38.tsv.gz	50000	AFR	0.69027	0.380539	0.577715	eaf_orientation	failed	-0.982825			0.69027	0	0.30973	0	0	0	0
GCST90446768	GCST90446768	European		unassigned	ref_freqs.hg38.tsv.gz	50000	AFR	0.69027	0.380539	0.577715	eaf_orientation	failed	-0.982825			0.69027	0	0.30973	0	0	0	0
GCST90446769	GCST90446769	European		unassigned	ref_freqs.hg38.tsv.gz	50000	AFR	0.69027	0.380539	0.577715	eaf_orientation	failed	-0.982825			0.69027	0	0.30973	0	0	0	0
GCST90446770	GCST90446770	European		unassigned	ref_freqs.hg38.tsv.gz	50000	AFR	0.69027	0.380539	0.577715	eaf_orientation	failed	-0.982825			0.69027	0	0.30973	0	0	0	0
GCST90446771	GCST90446771	European		unassigned	ref_freqs.hg38.tsv.gz	50000	AFR	0.69027	0.380539	0.577715	eaf_orientation	failed	-0.982825			0.69027	0	0.30973	0	0	0	0
GCST90446772	GCST90446772	European		unassigned	ref_freqs.hg38.tsv.gz	50000	AFR	0.69027	0.380539	0.577715	eaf_orientation	failed	-0.982825			0.69027	0	0.30973	0	0	0	0
GCST90446773	GCST90446773	European		unassigned	ref_freqs.hg38.tsv.gz	50000	AFR	0.69027	0.380539	0.577715	eaf_orientation	failed	-0.982825			0.69027	0	0.30973	0	0	0	0
GCST90446774	GCST90446774	European		unassigned	ref_freqs.hg38.tsv.gz	50000	AFR	0.69027	0.380539	0.577715	eaf_orientation	failed	-0.982825			0.69027	0	0.30973	0	0	0	0
GCST90446775	GCST90446775	European		unassigned	ref_freqs.hg38.tsv.gz	50000	AFR	0.714033	0.428067	0.578088	eaf_orientation	failed	-0.98023			0.714033	0	0.285967	0	0	0	0
GCST90446776	GCST90446776	European		unassigned	ref_freqs.hg38.tsv.gz	50000	AFR	0.713874	0.427748	0.578078	eaf_orientation	failed	-0.980247			0.713874	0	0.286126	0	0	0	0
GCST90446777	GCST90446777	European		unassigned	ref_freqs.hg38.tsv.gz	50000	AFR	0.713687	0.427373	0.578071	eaf_orientation	failed	-0.980264			0.713687	0	0.286313	0	0	0	0
GCST90446778	GCST90446778	European		unassigned	ref_freqs.hg38.tsv.gz	50000	AFR	0.713925	0.427849	0.578089	eaf_orientation	failed	-0.9802			0.713925	0	0.286075	0	0	0	0
GCST90446779	GCST90446779	European		unassigned	ref_freqs.hg38.tsv.gz	50000	AFR	0.713804	0.427607	0.57808	eaf_orientation	failed	-0.980232			0.713804	0	0.286196	0	0	0	0
GCST90446780	GCST90446780	European		unassigned	ref_freqs.hg38.tsv.gz	50000	AFR	0.711024	0.422048	0.577869	eaf_orientation	failed	-0.981037			0.711024	0	0.288976	0	0	0	0
GCST90446781	GCST90446781	European		unassigned	ref_freqs.hg38.tsv.gz	50000	AFR	0.710978	0.421956	0.577865	eaf_orientation	failed	-0.981053			0.710978	0	0.289022	0	0	0	0
GCST90446782	GCST90446782	European		unassigned	ref_freqs.hg38.tsv.gz	50000	AFR	0.713848	0.427697	0.578082	eaf_orientation	failed	-0.980235			0.713848	0	0.286152	0	0	0	0
GCST90446783	GCST90446783	European		unassigned	ref_freqs.hg38.tsv.gz	50000	AFR	0.711068	0.422136	0.577869	eaf_orientation	failed	-0.981016			0.711068	0	0.288932	0	0	0	0
GCST90446784	GCST90446784	European		unassigned	ref_freqs.hg38.tsv.gz	50000	AFR	0.710254	0.420509	0.577812	eaf_orientation	failed	-0.981252			0.710254	0	0.289746	0	0	0	0
GCST90446785	GCST90446785	European		unassigned	ref_freqs.hg38.tsv.gz	50000	AFR	0.713143	0.426286	0.578029	eaf_orientation	failed	-0.980419			0.713143	0	0.286857	0	0	0	0
GCST90446786	GCST90446786	European		unassigned	ref_freqs.hg38.tsv.gz	50000	AFR	0.712859	0.425717	0.578008	eaf_orientation	failed	-0.980497			0.712859	0	0.287141	0	0	0	0
GCST90446787	GCST90446787	European		unassigned	ref_freqs.hg38.tsv.gz	50000	AFR	0.713598	0.427196	0.578063	eaf_orientation	failed	-0.980288			0.713598	0	0.286402	0	0	0	0
GCST90446788	GCST90446788	European		unassigned	ref_freqs.hg38.tsv.gz	50000	AFR	0.711903	0.423807	0.577933	eaf_orientation	failed	-0.980771			0.711903	0	0.288097	0	0	0	0
GCST90446789	GCST90446789	European		unassigned	ref_freqs.hg38.tsv.gz	50000	AFR	0.711302	0.422604	0.577889	eaf_orientation	failed	-0.980945			0.711302	0	0.288698	0	0	0	0
GCST90446790	GCST90446790	European		unassigned	ref_freqs.hg38.tsv.gz	50000	AFR	0.713913	0.427826	0.578088	eaf_orientation	failed	-0.9802			0.713913	0	0.286087	0	0	0	0
GCST90446791	GCST90446791	European		unassigned	ref_freqs.hg38.tsv.gz	50000	AFR	0.712572	0.425144	0.577986	eaf_orientation	failed	-0.980571			0.712572	0	0.287428	0	0	0	0
GCST90446792	GCST90446792	European	EUR	af_assigned	ref_freqs.hg38.tsv.gz	50000	EUR	0.634733	0.347061	0.0499847	ok	passed	0.977887	false		0.00667258	0.0395988	0.287672	0.634733	0	0.031324	0
GCST90446794	GCST90446794	European	EUR	af_assigned	ref_freqs.hg38.tsv.gz	50000	EUR	0.706765	0.475071	0.0457668	ok	passed	0.979794	false		0.00758783	0.0357188	0.231694	0.706765	0	0.018234	0
GCST90448187	GCST90448187	European	EUR	af_assigned	ref_freqs.hg38.tsv.gz	50000	EUR	0.969973	0.955914	0.00652513	ok	passed	0.980843	false		0.0140591	0.0085591	0.00437177	0.969973	0	0	0.00303659
GCST90448242	GCST90448242	European	EUR	af_assigned	ref_freqs.hg38.tsv.gz	50000	EUR	1	1	0.00482251	ok	passed	0.978558	false		0	0	0	1	0	0	0
GCST90448480	GCST90448480	European		unassigned	ref_freqs.hg38.tsv.gz	50000	AFR	0.415153	0.0535823	0.534016	eaf_orientation	failed	-0.659749			0.415153	0	0.36157	0	0	0	0.223277
GCST90448481	GCST90448481	European		unassigned	ref_freqs.hg38.tsv.gz	50000	AFR	0.415153	0.0535823	0.534016	eaf_orientation	failed	-0.659749			0.415153	0	0.36157	0	0	0	0.223277
GCST90448482	GCST90448482	European		unassigned	ref_freqs.hg38.tsv.gz	50000	AFR	0.415153	0.0535823	0.534016	eaf_orientation	failed	-0.659749			0.415153	0	0.36157	0	0	0	0.223277
GCST90448483	GCST90448483	European		unassigned	ref_freqs.hg38.tsv.gz	50000	AFR	0.415153	0.0535823	0.534016	eaf_orientation	failed	-0.659749			0.415153	0	0.36157	0	0	0	0.223277
GCST90448484	GCST90448484	European		unassigned	ref_freqs.hg38.tsv.gz	50000	AFR	0.415153	0.0535823	0.534016	eaf_orientation	failed	-0.659749			0.415153	0	0.36157	0	0	0	0.223277
GCST90448485	GCST90448485	European		unassigned	ref_freqs.hg38.tsv.gz	50000	AFR	0.415153	0.0535823	0.534016	eaf_orientation	failed	-0.659749			0.415153	0	0.36157	0	0	0	0.223277
GCST90448486	GCST90448486	European		unassigned	ref_freqs.hg38.tsv.gz	50000	AFR	0.415153	0.0535823	0.534016	eaf_orientation	failed	-0.659749			0.415153	0	0.36157	0	0	0	0.223277
GCST90448487	GCST90448487	European		unassigned	ref_freqs.hg38.tsv.gz	50000	AFR	0.415153	0.0535823	0.534016	eaf_orientation	failed	-0.659749			0.415153	0	0.36157	0	0	0	0.223277
GCST90448488	GCST90448488	European		unassigned	ref_freqs.hg38.tsv.gz	50000	AFR	0.415153	0.0535823	0.534016	eaf_orientation	failed	-0.659749			0.415153	0	0.36157	0	0	0	0.223277
GCST90448489	GCST90448489	European		unassigned	ref_freqs.hg38.tsv.gz	50000	AFR	0.415153	0.0535823	0.534016	eaf_orientation	failed	-0.659749			0.415153	0	0.36157	0	0	0	0.223277
GCST90448490	GCST90448490	European		unassigned	ref_freqs.hg38.tsv.gz	50000	EAS	0.471294	0.121357	0.519364	eaf_orientation	failed	-0.554833			0.349937	0	0.471294	0	0	0	0.178769
GCST90448693	GCST90448693	European	EUR	af_assigned	ref_freqs.hg38.tsv.gz	50000	EUR	1	1	0.00575874	ok	passed	0.977312	false		0	0	0	1	0	0	0
GCST90448694	GCST90448694	European	EUR	af_assigned	ref_freqs.hg38.tsv.gz	50000	EUR	1	1	0.00585515	ok	passed	0.977452	false		0	0	0	1	0	0	0
GCST90448695	GCST90448695	European	EUR	af_assigned	ref_freqs.hg38.tsv.gz	50000	EUR	1	1	0.00572335	ok	passed	0.977331	false		0	0	0	1	0	0	0
GCST90448696	GCST90448696	European	EUR	af_assigned	ref_freqs.hg38.tsv.gz	50000	EUR	1	1	0.00576682	ok	passed	0.977468	false		0	0	0	1	0	0	0
GCST90448775	GCST90448775	European	EUR	af_assigned	ref_freqs.hg38.tsv.gz	50000	EUR	0.995489	0.99154	0.0176981	ok	passed	0.976303	false		0	0.00394868	0.000234912	0.995489	0	0	0.00032766
GCST90448776	GCST90448776	European	EUR	af_assigned	ref_freqs.hg38.tsv.gz	50000	EUR	0.9955	0.991543	0.0177079	ok	passed	0.9763	false		0	0.00395742	0.000231751	0.9955	0	0	0.000310375
GCST90448777	GCST90448777	European	EUR	af_assigned	ref_freqs.hg38.tsv.gz	50000	EUR	0.995518	0.991563	0.0176279	ok	passed	0.976313	false		0	0.00395477	0.000217439	0.995518	0	0	0.000310154
GCST90448778	GCST90448778	European	EUR	af_assigned	ref_freqs.hg38.tsv.gz	50000	EUR	0.995489	0.99154	0.0176981	ok	passed	0.976303	false		0	0.00394868	0.000234912	0.995489	0	0	0.00032766
GCST90448779	GCST90448779	European	EUR	af_assigned	ref_freqs.hg38.tsv.gz	50000	EUR	0.995489	0.99154	0.0176981	ok	passed	0.976303	false		0	0.00394868	0.000234912	0.995489	0	0	0.00032766
GCST90448780	GCST90448780	European	EUR	af_assigned	ref_freqs.hg38.tsv.gz	50000	EUR	0.995489	0.99154	0.0176981	ok	passed	0.976303	false		0	0.00394868	0.000234912	0.995489	0	0	0.00032766
GCST90448781	GCST90448781	European	EUR	af_assigned	ref_freqs.hg38.tsv.gz	50000	EUR	0.9955	0.991543	0.0177079	ok	passed	0.9763	false		0	0.00395742	0.000231751	0.9955	0	0	0.000310375
GCST90448782	GCST90448782	European	EUR	af_assigned	ref_freqs.hg38.tsv.gz	50000	EUR	0.995506	0.99156	0.0176179	ok	passed	0.976315	false		0	0.00394603	0.0002206	0.995506	0	0	0.000327439
GCST90448783	GCST90448783	European	EUR	af_assigned	ref_freqs.hg38.tsv.gz	50000	EUR	0.995506	0.99156	0.0176179	ok	passed	0.976315	false		0	0.00394603	0.0002206	0.995506	0	0	0.000327439
GCST90448784	GCST90448784	European	EUR	af_assigned	ref_freqs.hg38.tsv.gz	50000	EUR	0.995623	0.991777	0.0173867	ok	passed	0.976363	false		0	0.00384644	0.000331058	0.995623	0	0	0.000199382
GCST90448785	GCST90448785	European	EUR	af_assigned	ref_freqs.hg38.tsv.gz	50000	EUR	0.995606	0.991757	0.0174679	ok	passed	0.976351	false		0	0.00384909	0.000345369	0.995606	0	0	0.000199604
GCST90448786	GCST90448786	European	EUR	af_assigned	ref_freqs.hg38.tsv.gz	50000	EUR	0.995623	0.991777	0.0173867	ok	passed	0.976363	false		0	0.00384644	0.000331058	0.995623	0	0	0.000199382
GCST90448787	GCST90448787	European	EUR	af_assigned	ref_freqs.hg38.tsv.gz	50000	EUR	0.995489	0.99154	0.0176981	ok	passed	0.976303	false		0	0.00394868	0.000234912	0.995489	0	0	0.00032766
GCST90448788	GCST90448788	European	EUR	af_assigned	ref_freqs.hg38.tsv.gz	50000	EUR	0.995489	0.99154	0.0176981	ok	passed	0.976303	false		0	0.00394868	0.000234912	0.995489	0	0	0.00032766
GCST90448789	GCST90448789	European	EUR	af_assigned	ref_freqs.hg38.tsv.gz	50000	EUR	0.9955	0.991543	0.0177079	ok	passed	0.9763	false		0	0.00395742	0.000231751	0.9955	0	0	0.000310375
GCST90448790	GCST90448790	European	EUR	af_assigned	ref_freqs.hg38.tsv.gz	50000	EUR	0.995518	0.991563	0.0176279	ok	passed	0.976313	false		0	0.00395477	0.000217439	0.995518	0	0	0.000310154
GCST90448791	GCST90448791	European	EUR	af_assigned	ref_freqs.hg38.tsv.gz	50000	EUR	0.9955	0.991543	0.0177079	ok	passed	0.9763	false		0	0.00395742	0.000231751	0.9955	0	0	0.000310375
GCST90448792	GCST90448792	European	EUR	af_assigned	ref_freqs.hg38.tsv.gz	50000	EUR	0.995489	0.99154	0.0176981	ok	passed	0.976303	false		0	0.00394868	0.000234912	0.995489	0	0	0.00032766
GCST90448793	GCST90448793	European	EUR	af_assigned	ref_freqs.hg38.tsv.gz	50000	EUR	0.9955	0.991543	0.0177079	ok	passed	0.9763	false		0	0.00395742	0.000231751	0.9955	0	0	0.000310375
GCST90448794	GCST90448794	European	EUR	af_assigned	ref_freqs.hg38.tsv.gz	50000	EUR	0.995606	0.991757	0.0174679	ok	passed	0.976351	false		0	0.00384909	0.000345369	0.995606	0	0	0.000199604
GCST90448795	GCST90448795	European	EUR	af_assigned	ref_freqs.hg38.tsv.gz	50000	EUR	0.995489	0.99154	0.0176981	ok	passed	0.976303	false		0	0.00394868	0.000234912	0.995489	0	0	0.00032766
GCST90448796	GCST90448796	European	EUR	af_assigned	ref_freqs.hg38.tsv.gz	50000	EUR	0.995489	0.99154	0.0176981	ok	passed	0.976303	false		0	0.00394868	0.000234912	0.995489	0	0	0.00032766
GCST90448797	GCST90448797	European	EUR	af_assigned	ref_freqs.hg38.tsv.gz	50000	EUR	0.995489	0.99154	0.0176981	ok	passed	0.976303	false		0	0.00394868	0.000234912	0.995489	0	0	0.00032766
GCST90448798	GCST90448798	European	EUR	af_assigned	ref_freqs.hg38.tsv.gz	50000	EUR	0.9955	0.991543	0.0177079	ok	passed	0.9763	false		0	0.00395742	0.000231751	0.9955	0	0	0.000310375
GCST90448906	GCST90448906	European	EUR	af_assigned	ref_freqs.hg38.tsv.gz	50000	EUR	1	1	0.00504374	ok	passed	0.977246	false		0	0	0	1	0	0	0
GCST90448907	GCST90448907	European	EUR	af_assigned	ref_freqs.hg38.tsv.gz	50000	EUR	1	1	0.00504374	ok	passed	0.977246	false		0	0	0	1	0	0	0
GCST90448908	GCST90448908	European	EUR	af_assigned	ref_freqs.hg38.tsv.gz	50000	EUR	1	1	0.00504374	ok	passed	0.977246	false		0	0	0	1	0	0	0
GCST90448909	GCST90448909	European	EUR	af_assigned	ref_freqs.hg38.tsv.gz	50000	EUR	1	1	0.00504374	ok	passed	0.977246	false		0	0	0	1	0	0	0
GCST90448910	GCST90448910	European	EUR	af_assigned	ref_freqs.hg38.tsv.gz	50000	EUR	1	1	0.00504374	ok	passed	0.977246	false		0	0	0	1	0	0	0
GCST90448911	GCST90448911	European	EUR	af_assigned	ref_freqs.hg38.tsv.gz	50000	EUR	1	1	0.00504374	ok	passed	0.977246	false		0	0	0	1	0	0	0
GCST90448912	GCST90448912	European	EUR	af_assigned	ref_freqs.hg38.tsv.gz	50000	EUR	1	1	0.00504374	ok	passed	0.977246	false		0	0	0	1	0	0	0
GCST90448913	GCST90448913	European	EUR	af_assigned	ref_freqs.hg38.tsv.gz	50000	EUR	1	1	0.00525111	ok	passed	0.977229	false		0	0	0	1	0	0	0
GCST90448914	GCST90448914	European	EUR	af_assigned	ref_freqs.hg38.tsv.gz	50000	EUR	1	1	0.00525111	ok	passed	0.977229	false		0	0	0	1	0	0	0
GCST90448915	GCST90448915	European	EUR	af_assigned	ref_freqs.hg38.tsv.gz	50000	EUR	1	1	0.00525111	ok	passed	0.977229	false		0	0	0	1	0	0	0
GCST90448916	GCST90448916	European	EUR	af_assigned	ref_freqs.hg38.tsv.gz	50000	EUR	1	1	0.00525111	ok	passed	0.977229	false		0	0	0	1	0	0	0
GCST90448917	GCST90448917	European	EUR	af_assigned	ref_freqs.hg38.tsv.gz	50000	EUR	1	1	0.00525111	ok	passed	0.977229	false		0	0	0	1	0	0	0
GCST90448918	GCST90448918	European	EUR	af_assigned	ref_freqs.hg38.tsv.gz	50000	EUR	1	1	0.00525111	ok	passed	0.977229	false		0	0	0	1	0	0	0
GCST90448919	GCST90448919	European	EUR	af_assigned	ref_freqs.hg38.tsv.gz	50000	EUR	1	1	0.00525111	ok	passed	0.977229	false		0	0	0	1	0	0	0
GCST90448920	GCST90448920	European	EUR	af_assigned	ref_freqs.hg38.tsv.gz	50000	EUR	1	1	0.00529274	ok	passed	0.977242	false		0	0	0	1	0	0	0
GCST90448921	GCST90448921	European	EUR	af_assigned	ref_freqs.hg38.tsv.gz	50000	EUR	1	1	0.00529274	ok	passed	0.977242	false		0	0	0	1	0	0	0
GCST90448922	GCST90448922	European	EUR	af_assigned	ref_freqs.hg38.tsv.gz	50000	EUR	1	1	0.00529274	ok	passed	0.977242	false		0	0	0	1	0	0	0
GCST90448923	GCST90448923	European	EUR	af_assigned	ref_freqs.hg38.tsv.gz	50000	EUR	1	1	0.00529274	ok	passed	0.977242	false		0	0	0	1	0	0	0
GCST90448924	GCST90448924	European	EUR	af_assigned	ref_freqs.hg38.tsv.gz	50000	EUR	1	1	0.00529274	ok	passed	0.977242	false		0	0	0	1	0	0	0
GCST90448925	GCST90448925	European	EUR	af_assigned	ref_freqs.hg38.tsv.gz	50000	EUR	1	1	0.00529274	ok	passed	0.977242	false		0	0	0	1	0	0	0
GCST90448926	GCST90448926	European	EUR	af_assigned	ref_freqs.hg38.tsv.gz	50000	EUR	1	1	0.00529274	ok	passed	0.977242	false		0	0	0	1	0	0	0
GCST90448958	GCST90448958	European	EUR	af_assigned	ref_freqs.hg38.tsv.gz	50000	EUR	0.980404	0.967134	0.0182061	ok	passed	0.973709	false		0	0.00632692	0.0132695	0.980404	0	0	0
GCST90448959	GCST90448959	European	EUR	af_assigned	ref_freqs.hg38.tsv.gz	50000	EUR	0.98064	0.967103	0.0207152	ok	passed	0.973282	false		0	0.00582302	0.0135372	0.98064	0	0	0
GCST90448960	GCST90448960	European	EUR	af_assigned	ref_freqs.hg38.tsv.gz	50000	EUR	1	1	0.018311	ok	passed	0.974455	false		0	0	0	1	0	0	0
GCST90448966	GCST90448966	European	EUR	af_assigned	ref_freqs.hg38.tsv.gz	50000	EUR	1	1	0.00582497	ok	passed	0.978041	false		0	0	0	1	0	0	0
GCST90448998	GCST90448998	European	EUR	af_assigned	ref_freqs.hg38.tsv.gz	50000	EUR	0.980442	0.967151	0.0182095	ok	passed	0.973714	false		0	0.00626672	0.0132911	0.980442	0	0	0
GCST90449045	GCST90449045	European		unassigned	ref_freqs.hg38.tsv.gz	0		0	0		overlap	unverified										
GCST90449046	GCST90449046	European		unassigned	ref_freqs.hg38.tsv.gz	0		0	0		overlap	unverified										
GCST90449047	GCST90449047	European		unassigned	ref_freqs.hg38.tsv.gz	0		0	0		overlap	unverified										
GCST90449048	GCST90449048	European		unassigned	ref_freqs.hg38.tsv.gz	0		0	0		overlap	unverified										
GCST90449049	GCST90449049	European		unassigned	ref_freqs.hg38.tsv.gz	0		0	0		overlap	unverified										
GCST90449050	GCST90449050	European		unassigned	ref_freqs.hg38.tsv.gz	0		0	0		overlap	unverified										
GCST90449051	GCST90449051	European		unassigned	ref_freqs.hg38.tsv.gz	0		0	0		overlap	unverified										
GCST90449052	GCST90449052	European		unassigned	ref_freqs.hg38.tsv.gz	0		0	0		overlap	unverified										
GCST90449053	GCST90449053	European	EUR	af_assigned	ref_freqs.hg38.tsv.gz	50000	EUR	0.930231	0.911572	0.00742875	ok	passed	0.984361	false		0.0186589	0.0112308	0.0160129	0.930231	0	0.0103356	0.0135306
GCST90449054	GCST90449054	European	EUR	af_assigned	ref_freqs.hg38.tsv.gz	50000	EUR	0.97402	0.965636	0.010267	ok	passed	0.978365	false		0.00457075	0.00490343	0	0.97402	0.00397113	0.00838415	0.00415037
GCST90449055	GCST90449055	European	EUR	af_assigned	ref_freqs.hg38.tsv.gz	50000	EUR	0.930448	0.911128	0.0069938	ok	passed	0.983444	false		0.0193197	0.0111059	0.0158886	0.930448	0	0.0096387	0.0135993
GCST90449056	GCST90449056	European	EUR	af_assigned	ref_freqs.hg38.tsv.gz	50000	EUR	0.995991	0.994384	0.00468687	ok	passed	0.977357	false		0.000822095	0.00160728	0.00035967	0.995991	0	0.000765768	0.000454308
GCST90449057	GCST90449057	European	EUR	af_assigned	ref_freqs.hg38.tsv.gz	50000	EUR	0.996075	0.9945	0.00459582	ok	passed	0.977258	false		0.000628173	0.00157501	0.000177541	0.996075	0	0.00090631	0.000638071
GCST90449058	GCST90449058	European	EUR	af_assigned	ref_freqs.hg38.tsv.gz	50000	EUR	0.930214	0.911484	0.00700413	ok	passed	0.984536	false		0.0187292	0.0110386	0.0158983	0.930214	0	0.010326	0.0137944
GCST90449060	GCST90449060	European	EUR	af_assigned	ref_freqs.hg38.tsv.gz	50000	EUR	0.929897	0.911188	0.00703405	ok	passed	0.984116	false		0.01871	0.0111081	0.0156055	0.929897	0	0.0107617	0.0139172
GCST90449061	GCST90449061	European	EUR	af_assigned	ref_freqs.hg38.tsv.gz	50000	EUR	0.990588	0.986498	0.00666234	ok	passed	0.978926	false		0.00211868	0.00409027	0.00107602	0.990588	0	0.000893828	0.00123326
GCST90449062	GCST90449062	European	EUR	af_assigned	ref_freqs.hg38.tsv.gz	50000	EUR	0.930555	0.911788	0.00700363	ok	passed	0.98444	false		0.018767	0.010868	0.0160174	0.930555	0	0.00991979	0.0138729
GCST90449063	GCST90449063	European	EUR	af_assigned	ref_freqs.hg38.tsv.gz	50000	EUR	0.987342	0.980048	0.00691081	ok	passed	0.979244	false		0.000687064	0.00358034	7.74828e-05	0.987342	0.00101941	0.00729388	0
GCST90449116	GCST90449116	European	EUR	af_assigned	ref_freqs.hg38.tsv.gz	50000	EUR	0.995928	0.992977	0.00508912	ok	passed	0.989952	false		0	0.000586498	0.000535433	0.995928	0	0	0.0029504
GCST90449117	GCST90449117	European	EUR	af_assigned	ref_freqs.hg38.tsv.gz	50000	EUR	0.995928	0.992977	0.00508912	ok	passed	0.989952	false		0	0.000586498	0.000535433	0.995928	0	0	0.0029504
GCST90449118	GCST90449118	European	EUR	af_assigned	ref_freqs.hg38.tsv.gz	50000	EUR	0.995928	0.992977	0.00508912	ok	passed	0.989952	false		0	0.000586498	0.000535433	0.995928	0	0	0.0029504
GCST90449119	GCST90449119	European	EUR	af_assigned	ref_freqs.hg38.tsv.gz	50000	EUR	0.995928	0.992977	0.00508912	ok	passed	0.989952	false		0	0.000586498	0.000535433	0.995928	0	0	0.0029504
GCST90449120	GCST90449120	European	EUR	af_assigned	ref_freqs.hg38.tsv.gz	50000	EUR	0.995928	0.992977	0.00508912	ok	passed	0.989952	false		0	0.000586498	0.000535433	0.995928	0	0	0.0029504
GCST90449121	GCST90449121	European	EUR	af_assigned	ref_freqs.hg38.tsv.gz	50000	EUR	0.995928	0.992977	0.00508912	ok	passed	0.989952	false		0	0.000586498	0.000535433	0.995928	0	0	0.0029504
GCST90449122	GCST90449122	European	EUR	af_assigned	ref_freqs.hg38.tsv.gz	50000	EUR	0.995928	0.992977	0.00508912	ok	passed	0.989952	false		0	0.000586498	0.000535433	0.995928	0	0	0.0029504
GCST90449123	GCST90449123	European	EUR	af_assigned	ref_freqs.hg38.tsv.gz	50000	EUR	0.995928	0.992977	0.00508912	ok	passed	0.989952	false		0	0.000586498	0.000535433	0.995928	0	0	0.0029504
GCST90449124	GCST90449124	European	EUR	af_assigned	ref_freqs.hg38.tsv.gz	50000	EUR	0.995928	0.992977	0.00508912	ok	passed	0.989952	false		0	0.000586498	0.000535433	0.995928	0	0	0.0029504
GCST90449125	GCST90449125	European	EUR	af_assigned	ref_freqs.hg38.tsv.gz	50000	EUR	0.995928	0.992977	0.00508912	ok	passed	0.989952	false		0	0.000586498	0.000535433	0.995928	0	0	0.0029504
GCST90449126	GCST90449126	European	EUR	af_assigned	ref_freqs.hg38.tsv.gz	50000	EUR	0.995928	0.992977	0.00508912	ok	passed	0.989952	false		0	0.000586498	0.000535433	0.995928	0	0	0.0029504
GCST90449127	GCST90449127	European	EUR	af_assigned	ref_freqs.hg38.tsv.gz	50000	EUR	0.995928	0.992977	0.00508912	ok	passed	0.989952	false		0	0.000586498	0.000535433	0.995928	0	0	0.0029504
GCST90449128	GCST90449128	European	EUR	af_assigned	ref_freqs.hg38.tsv.gz	50000	EUR	0.995928	0.992977	0.00508912	ok	passed	0.989952	false		0	0.000586498	0.000535433	0.995928	0	0	0.0029504
GCST90449129	GCST90449129	European	EUR	af_assigned	ref_freqs.hg38.tsv.gz	50000	EUR	0.995928	0.992977	0.00508912	ok	passed	0.989952	false		0	0.000586498	0.000535433	0.995928	0	0	0.0029504
GCST90449130	GCST90449130	European	EUR	af_assigned	ref_freqs.hg38.tsv.gz	50000	EUR	0.995928	0.992977	0.00508912	ok	passed	0.989952	false		0	0.000586498	0.000535433	0.995928	0	0	0.0029504
GCST90449131	GCST90449131	European	EUR	af_assigned	ref_freqs.hg38.tsv.gz	50000	EUR	0.995928	0.992977	0.00508912	ok	passed	0.989952	false		0	0.000586498	0.000535433	0.995928	0	0	0.0029504
GCST90449132	GCST90449132	European	EUR	af_assigned	ref_freqs.hg38.tsv.gz	50000	EUR	0.995928	0.992977	0.00508912	ok	passed	0.989952	false		0	0.000586498	0.000535433	0.995928	0	0	0.0029504
GCST90449133	GCST90449133	European	EUR	af_assigned	ref_freqs.hg38.tsv.gz	50000	EUR	0.995928	0.992977	0.00508912	ok	passed	0.989952	false		0	0.000586498	0.000535433	0.995928	0	0	0.0029504
GCST90449134	GCST90449134	European	EUR	af_assigned	ref_freqs.hg38.tsv.gz	50000	EUR	0.995928	0.992977	0.00508912	ok	passed	0.989952	false		0	0.000586498	0.000535433	0.995928	0	0	0.0029504
GCST90449135	GCST90449135	European	EUR	af_assigned	ref_freqs.hg38.tsv.gz	50000	EUR	0.995928	0.992977	0.00508912	ok	passed	0.989952	false		0	0.000586498	0.000535433	0.995928	0	0	0.0029504
GCST90449136	GCST90449136	European	EUR	af_assigned	ref_freqs.hg38.tsv.gz	50000	EUR	0.995928	0.992977	0.00508912	ok	passed	0.989952	false		0	0.000586498	0.000535433	0.995928	0	0	0.0029504
GCST90449137	GCST90449137	European	EUR	af_assigned	ref_freqs.hg38.tsv.gz	50000	EUR	0.995928	0.992977	0.00508912	ok	passed	0.989952	false		0	0.000586498	0.000535433	0.995928	0	0	0.0029504
GCST90449138	GCST90449138	European	EUR	af_assigned	ref_freqs.hg38.tsv.gz	50000	EUR	0.995928	0.992977	0.00508912	ok	passed	0.989952	false		0	0.000586498	0.000535433	0.995928	0	0	0.0029504
GCST90449139	GCST90449139	European	EUR	af_assigned	ref_freqs.hg38.tsv.gz	50000	EUR	0.995928	0.992977	0.00508912	ok	passed	0.989952	false		0	0.000586498	0.000535433	0.995928	0	0	0.0029504
GCST90449140	GCST90449140	European	EUR	af_assigned	ref_freqs.hg38.tsv.gz	50000	EUR	0.995928	0.992977	0.00508912	ok	passed	0.989952	false		0	0.000586498	0.000535433	0.995928	0	0	0.0029504
GCST90451676	GCST90451676	European	EUR	af_assigned	ref_freqs.hg38.tsv.gz	50000	EUR	0.989513	0.984428	0.0132596	ok	passed	0.978515	false		0.00508536	0.00233056	0	0.989513	0	0.00307081	0
GCST90451677	GCST90451677	European	EUR	af_assigned	ref_freqs.hg38.tsv.gz	50000	EUR	0.989513	0.984428	0.0132596	ok	passed	0.978515	false		0.00508536	0.00233056	0	0.989513	0	0.00307081	0
GCST90451678	GCST90451678	European	EUR	af_assigned	ref_freqs.hg38.tsv.gz	50000	EUR	0.989513	0.984428	0.0132596	ok	passed	0.978515	false		0.00508536	0.00233056	0	0.989513	0	0.00307081	0
GCST90451683	GCST90451683	European	EUR	af_assigned	ref_freqs.hg38.tsv.gz	50000	EUR	0.994832	0.990366	0.0126149	ok	passed	0.978496	false		0.000701473	0	0	0.994832	0	0.0044661	0
GCST90451684	GCST90451684	European	EUR	af_assigned	ref_freqs.hg38.tsv.gz	50000	EUR	0.994631	0.990367	0.00692702	ok	passed	0.979113	false		4.63121e-06	0	0	0.994631	0	0.0042638	0.00110069
GCST90451702	GCST90451702	European	EUR	af_assigned	ref_freqs.hg38.tsv.gz	50000	EUR	0.969276	0.954604	0.0109661	ok	passed	0.978206	false		0.00150448	0.00640254	0.008145	0.969276	0	0	0.0146719
GCST90451703	GCST90451703	European	EUR	af_assigned	ref_freqs.hg38.tsv.gz	50000	EUR	0.967307	0.953369	0.0110991	ok	passed	0.978374	false		0.00216927	0.00711765	0.00946817	0.967307	0	0	0.0139381
GCST90451704	GCST90451704	European	EUR	af_assigned	ref_freqs.hg38.tsv.gz	50000	EUR	0.97159	0.956503	0.0109834	ok	passed	0.977905	false		0.000679311	0.00579172	0.00685202	0.97159	0	0	0.0150872
GCST90451705	GCST90451705	European	EUR	af_assigned	ref_freqs.hg38.tsv.gz	50000	EUR	0.967321	0.953057	0.0109491	ok	passed	0.978379	false		0.00217824	0.0071659	0.00907065	0.967321	0	0	0.014264
GCST90451706	GCST90451706	European	EUR	af_assigned	ref_freqs.hg38.tsv.gz	50000	EUR	0.968565	0.953945	0.0110819	ok	passed	0.978245	false		0.00141605	0.00678038	0.00861787	0.968565	0	0	0.0146203
GCST90451707	GCST90451707	European	EUR	af_assigned	ref_freqs.hg38.tsv.gz	50000	EUR	0.97127	0.956294	0.0105865	ok	passed	0.978027	false		0.00108882	0.00572757	0.00693791	0.97127	0	0	0.0149759
GCST90451708	GCST90451708	European	EUR	af_assigned	ref_freqs.hg38.tsv.gz	50000	EUR	0.966815	0.953107	0.0110055	ok	passed	0.978416	false		0.00242712	0.00760212	0.00944882	0.966815	0	0	0.0137073
GCST90451709	GCST90451709	European	EUR	af_assigned	ref_freqs.hg38.tsv.gz	50000	EUR	0.967168	0.953328	0.0109357	ok	passed	0.978414	false		0.00236195	0.00719588	0.00943467	0.967168	0	0	0.0138399
GCST90451710	GCST90451710	European	EUR	af_assigned	ref_freqs.hg38.tsv.gz	50000	EUR	0.968249	0.954158	0.0110333	ok	passed	0.978275	false		0.00168711	0.00771733	0.00825557	0.968249	0	0	0.0140912
GCST90451711	GCST90451711	European	EUR	af_assigned	ref_freqs.hg38.tsv.gz	50000	EUR	0.968505	0.953675	0.0110224	ok	passed	0.97826	false		0.00171233	0.0065702	0.00838168	0.968505	0	0	0.0148305
GCST90451712	GCST90451712	European	EUR	af_assigned	ref_freqs.hg38.tsv.gz	50000	EUR	0.960353	0.946677	0.0155217	ok	passed	0.976395	false		0.00502229	0.0109881	0.0136756	0.960353	0	0	0.00996131
GCST90451713	GCST90451713	European	EUR	af_assigned	ref_freqs.hg38.tsv.gz	50000	EUR	0.968396	0.953883	0.0110446	ok	passed	0.978284	false		0.00174222	0.00672191	0.00862633	0.968396	0	0	0.0145132
GCST90451714	GCST90451714	European	EUR	af_assigned	ref_freqs.hg38.tsv.gz	50000	EUR	0.967504	0.95333	0.011019	ok	passed	0.978371	false		0.00213616	0.00695884	0.00922641	0.967504	0	0	0.0141742
GCST90451715	GCST90451715	European	EUR	af_assigned	ref_freqs.hg38.tsv.gz	50000	EUR	0.967439	0.953814	0.0110177	ok	passed	0.978422	false		0.00231943	0.00715814	0.00945841	0.967439	0	0	0.0136251
GCST90451716	GCST90451716	European	EUR	af_assigned	ref_freqs.hg38.tsv.gz	50000	EUR	0.968776	0.954679	0.0108447	ok	passed	0.978297	false		0.00188772	0.0060796	0.00916033	0.968776	0	0	0.0140966
GCST90451717	GCST90451717	European	EUR	af_assigned	ref_freqs.hg38.tsv.gz	50000	EUR	0.969812	0.955383	0.0107995	ok	passed	0.978101	false		0.00176426	0.00649858	0.00749513	0.969812	0	0	0.0144298
GCST90451718	GCST90451718	European	EUR	af_assigned	ref_freqs.hg38.tsv.gz	50000	EUR	0.969822	0.954924	0.0108844	ok	passed	0.978178	false		0.00145986	0.00602625	0.00779429	0.969822	0	0	0.0148978
GCST90451719	GCST90451719	European	EUR	af_assigned	ref_freqs.hg38.tsv.gz	50000	EUR	0.96746	0.953595	0.011079	ok	passed	0.978382	false		0.00218546	0.00705811	0.00943212	0.96746	0	0	0.0138646
GCST90451720	GCST90451720	European	EUR	af_assigned	ref_freqs.hg38.tsv.gz	50000	EUR	0.966902	0.952685	0.0110995	ok	passed	0.978376	false		0.00239101	0.00730703	0.00918203	0.966902	0	0	0.0142175
GCST90451721	GCST90451721	European	EUR	af_assigned	ref_freqs.hg38.tsv.gz	50000	EUR	0.965648	0.95187	0.0113718	ok	passed	0.978479	false		0.00273322	0.00747737	0.0103626	0.965648	0	0	0.0137784
GCST90451722	GCST90451722	European	EUR	af_assigned	ref_freqs.hg38.tsv.gz	50000	EUR	0.967628	0.952857	0.0108509	ok	passed	0.978363	false		0.00209635	0.00673607	0.0087691	0.967628	0	0	0.0147705
GCST90451723	GCST90451723	European	EUR	af_assigned	ref_freqs.hg38.tsv.gz	50000	EUR	0.969691	0.954297	0.0107508	ok	passed	0.978158	false		0.00147122	0.00610727	0.00733673	0.969691	0	0	0.0153939
GCST90451724	GCST90451724	European	EUR	af_assigned	ref_freqs.hg38.tsv.gz	50000	EUR	0.967463	0.953292	0.0110807	ok	passed	0.978362	false		0.0020752	0.00707606	0.00921547	0.967463	0	0	0.0141704
GCST90451725	GCST90451725	European	EUR	af_assigned	ref_freqs.hg38.tsv.gz	50000	EUR	0.968032	0.955256	0.0113381	ok	passed	0.978275	false		0.00192503	0.00784811	0.00941851	0.968032	0	0	0.0127762
GCST90451726	GCST90451726	European	EUR	af_assigned	ref_freqs.hg38.tsv.gz	50000	EUR	0.96842	0.95472	0.0111953	ok	passed	0.978312	false		0.00205214	0.00630582	0.00952247	0.96842	0	0	0.0137
GCST90451727	GCST90451727	European	EUR	af_assigned	ref_freqs.hg38.tsv.gz	50000	EUR	0.968037	0.954701	0.0109451	ok	passed	0.978358	false		0.00212149	0.00688307	0.00962192	0.968037	0	0	0.0133361
GCST90451728	GCST90451728	European	EUR	af_assigned	ref_freqs.hg38.tsv.gz	50000	EUR	0.967416	0.956243	0.0120625	ok	passed	0.978323	false		0.00360253	0.00783681	0.00997139	0.967416	0	0	0.0111729
GCST90451729	GCST90451729	European	EUR	af_assigned	ref_freqs.hg38.tsv.gz	50000	EUR	0.968222	0.953787	0.0109049	ok	passed	0.978333	false		0.00193235	0.006526	0.00888466	0.968222	0	0	0.0144349
GCST90451730	GCST90451730	European	EUR	af_assigned	ref_freqs.hg38.tsv.gz	50000	EUR	0.968235	0.95334	0.0107637	ok	passed	0.978301	false		0.00191381	0.00662051	0.0083356	0.968235	0	0	0.014895
GCST90451731	GCST90451731	European	EUR	af_assigned	ref_freqs.hg38.tsv.gz	50000	EUR	0.967574	0.953379	0.0110819	ok	passed	0.97837	false		0.00219662	0.0067719	0.00926203	0.967574	0	0	0.0141955
GCST90451732	GCST90451732	European	EUR	af_assigned	ref_freqs.hg38.tsv.gz	50000	EUR	0.977	0.959656	0.0112973	ok	passed	0.976946	false		0	0.00265673	0.0029994	0.977	0	0	0.0173442
GCST90451733	GCST90451733	European	EUR	af_assigned	ref_freqs.hg38.tsv.gz	50000	EUR	0.965891	0.951653	0.0111897	ok	passed	0.978494	false		0.00287523	0.00722412	0.00977267	0.965891	0	0	0.0142375
GCST90451734	GCST90451734	European	EUR	af_assigned	ref_freqs.hg38.tsv.gz	50000	EUR	0.968232	0.953895	0.0108472	ok	passed	0.978323	false		0.00195977	0.00675678	0.00871341	0.968232	0	0	0.0143375
GCST90451735	GCST90451735	European	EUR	af_assigned	ref_freqs.hg38.tsv.gz	50000	EUR	0.967178	0.952695	0.0110864	ok	passed	0.978382	false		0.00200189	0.00725527	0.00908275	0.967178	0	0	0.0144824
GCST90451736	GCST90451736	European	EUR	af_assigned	ref_freqs.hg38.tsv.gz	50000	EUR	0.968025	0.953773	0.0108941	ok	passed	0.978311	false		0.00207587	0.00699125	0.0086564	0.968025	0	0	0.0142519
GCST90451737	GCST90451737	European	EUR	af_assigned	ref_freqs.hg38.tsv.gz	50000	EUR	0.970426	0.956338	0.0106969	ok	passed	0.978044	false		0.00178328	0.00645395	0.00724887	0.970426	0	0	0.014088
GCST90451738	GCST90451738	European	EUR	af_assigned	ref_freqs.hg38.tsv.gz	50000	EUR	0.966233	0.949639	0.0113389	ok	passed	0.978355	false		0.00169594	0.00577573	0.00970099	0.966233	0	0	0.016594
GCST90451739	GCST90451739	European	EUR	af_assigned	ref_freqs.hg38.tsv.gz	50000	EUR	0.969192	0.954577	0.0108414	ok	passed	0.978187	false		0.00157881	0.00665511	0.0079604	0.969192	0	0	0.0146141
GCST90451740	GCST90451740	European	EUR	af_assigned	ref_freqs.hg38.tsv.gz	50000	EUR	0.967222	0.953167	0.0112291	ok	passed	0.978371	false		0.00225357	0.00702274	0.00944665	0.967222	0	0	0.014055
GCST90451741	GCST90451741	European	EUR	af_assigned	ref_freqs.hg38.tsv.gz	50000	EUR	0.96756	0.953809	0.0110211	ok	passed	0.978391	false		0.00217995	0.00715417	0.00935468	0.96756	0	0	0.0137512
GCST90451742	GCST90451742	European	EUR	af_assigned	ref_freqs.hg38.tsv.gz	50000	EUR	0.966812	0.952679	0.0110312	ok	passed	0.978449	false		0.00235179	0.00727122	0.00943196	0.966812	0	0	0.0141329
GCST90451743	GCST90451743	European	EUR	af_assigned	ref_freqs.hg38.tsv.gz	50000	EUR	0.973253	0.957536	0.0113637	ok	passed	0.977149	false		0	0.0040303	0.00365743	0.973253	0	0.00334276	0.0157167
GCST90451744	GCST90451744	European	EUR	af_assigned	ref_freqs.hg38.tsv.gz	50000	EUR	0.967181	0.953537	0.0109781	ok	passed	0.978427	false		0.00235329	0.00730428	0.00951804	0.967181	0	0	0.0136438
GCST90451745	GCST90451745	European	EUR	af_assigned	ref_freqs.hg38.tsv.gz	50000	EUR	0.968032	0.953959	0.0109917	ok	passed	0.97834	false		0.00205359	0.00682232	0.00901862	0.968032	0	0	0.0140735
GCST90451746	GCST90451746	European	EUR	af_assigned	ref_freqs.hg38.tsv.gz	50000	EUR	0.967488	0.955042	0.0115487	ok	passed	0.978281	false		0.00270555	0.00846476	0.00889619	0.967488	0	0	0.0124455
GCST90451747	GCST90451747	European	EUR	af_assigned	ref_freqs.hg38.tsv.gz	50000	EUR	0.968539	0.954089	0.0108252	ok	passed	0.978297	false		0.00182706	0.00671547	0.00846859	0.968539	0	0	0.0144498
GCST90451748	GCST90451748	European	EUR	af_assigned	ref_freqs.hg38.tsv.gz	50000	EUR	0.967462	0.953449	0.010914	ok	passed	0.978403	false		0.00218317	0.00686218	0.00947939	0.967462	0	0	0.0140132
GCST90451749	GCST90451749	European	EUR	af_assigned	ref_freqs.hg38.tsv.gz	50000	EUR	0.96707	0.953202	0.0111181	ok	passed	0.978382	false		0.00229823	0.00734749	0.00941624	0.96707	0	0	0.0138679
GCST90451750	GCST90451750	European	EUR	af_assigned	ref_freqs.hg38.tsv.gz	50000	EUR	0.967717	0.95349	0.0109364	ok	passed	0.97836	false		0.00211573	0.00690409	0.00903632	0.967717	0	0	0.0142268
GCST90451751	GCST90451751	European	EUR	af_assigned	ref_freqs.hg38.tsv.gz	50000	EUR	0.968006	0.953739	0.0109542	ok	passed	0.978335	false		0.0019653	0.00689309	0.00886831	0.968006	0	0	0.0142669
GCST90451752	GCST90451752	European	EUR	af_assigned	ref_freqs.hg38.tsv.gz	50000	EUR	0.967114	0.953529	0.0109455	ok	passed	0.978432	false		0.00240059	0.00730648	0.00959414	0.967114	0	0	0.0135848
GCST90451753	GCST90451753	European	EUR	af_assigned	ref_freqs.hg38.tsv.gz	50000	EUR	0.968496	0.953932	0.0109497	ok	passed	0.978282	false		0.00174775	0.00672986	0.00846302	0.968496	0	0	0.0145636
GCST90451754	GCST90451754	European	EUR	af_assigned	ref_freqs.hg38.tsv.gz	50000	EUR	0.968347	0.95296	0.0109793	ok	passed	0.978279	false		0.00180146	0.00571251	0.00875222	0.968347	0	0	0.0153871
GCST90451757	GCST90451757	European	EUR	af_assigned	ref_freqs.hg38.tsv.gz	50000	EUR	0.992184	0.986861	0.00887819	ok	passed	0.977463	false		0.000644936	0.00532312	0.00184829	0.992184	0	0	0
GCST90454186	GCST90454186	European	EUR	af_assigned	ref_freqs.hg38.tsv.gz	50000	EUR	0.876699	0.778157	0.0252396	ok	passed	0.983451	false		0.00871966	0.0160382	0.0985428	0.876699	0	0	0
GCST90454190	GCST90454190	European	EUR	af_assigned	ref_freqs.hg38.tsv.gz	50000	EUR	0.98042	0.966685	0.0253888	ok	passed	0.972264	false		0.000594177	0.00525159	0.0137346	0.98042	0	0	0
GCST90454191	GCST90454191	European	EUR	af_assigned	ref_freqs.hg38.tsv.gz	50000	EUR	0.981615	0.967721	0.0262976	ok	passed	0.971449	false		0.00255966	0.00193186	0.0138938	0.981615	0	0	0
GCST90454200	GCST90454200	European	EUR	af_assigned	ref_freqs.hg38.tsv.gz	50000	EUR	0.98327	0.976035	0.0100992	ok	passed	0.978304	false		0.000781097	0.00367782	0	0.98327	0.00723452	0.00503694	0
GCST90454201	GCST90454201	European	EUR	af_assigned	ref_freqs.hg38.tsv.gz	50000	EUR	0.983252	0.975993	0.0100984	ok	passed	0.978298	false		0.0007816	0.00367605	0	0.983252	0.00725911	0.00503163	0
GCST90454202	GCST90454202	European	EUR	af_assigned	ref_freqs.hg38.tsv.gz	50000	EUR	0.995575	0.992772	0.0160821	ok	passed	0.975334	false		0	0.00280225	0.00162324	0.995575	0	0	0
GCST90454203	GCST90454203	European	EUR	af_assigned	ref_freqs.hg38.tsv.gz	50000	EUR	0.995575	0.992772	0.0160821	ok	passed	0.975334	false		0	0.00280225	0.00162324	0.995575	0	0	0
GCST90454204	GCST90454204	European	EUR	af_assigned	ref_freqs.hg38.tsv.gz	50000	EUR	0.995575	0.992772	0.0160821	ok	passed	0.975334	false		0	0.00280225	0.00162324	0.995575	0	0	0
GCST90454205	GCST90454205	European	EUR	af_assigned	ref_freqs.hg38.tsv.gz	50000	EUR	0.995572	0.992764	0.0160838	ok	passed	0.975334	false		0	0.00280728	0.00162107	0.995572	0	0	0
GCST90454206	GCST90454206	European	EUR	af_assigned	ref_freqs.hg38.tsv.gz	50000	EUR	0.995564	0.992736	0.016085	ok	passed	0.975332	false		0	0.00282821	0.0016077	0.995564	0	0	0
GCST90454207	GCST90454207	European	EUR	af_assigned	ref_freqs.hg38.tsv.gz	50000	EUR	0.995618	0.992792	0.0161004	ok	passed	0.975322	false		0	0.002826	0.00155647	0.995618	0	0	0
GCST90454208	GCST90454208	European	EUR	af_assigned	ref_freqs.hg38.tsv.gz	50000	EUR	0.995591	0.992723	0.0161036	ok	passed	0.975321	false		0	0.0028674	0.00154188	0.995591	0	0	0
GCST90454209	GCST90454209	European	EUR	af_assigned	ref_freqs.hg38.tsv.gz	50000	EUR	0.995596	0.992749	0.0160954	ok	passed	0.975326	false		0	0.00284721	0.00155646	0.995596	0	0	0
GCST90454210	GCST90454210	European	EUR	af_assigned	ref_freqs.hg38.tsv.gz	50000	EUR	0.995611	0.99279	0.0160988	ok	passed	0.975325	false		0	0.0028205	0.00156857	0.995611	0	0	0
GCST90454211	GCST90454211	European	EUR	af_assigned	ref_freqs.hg38.tsv.gz	50000	EUR	0.995597	0.992746	0.0160972	ok	passed	0.975324	false		0	0.00285166	0.00155103	0.995597	0	0	0
GCST90454212	GCST90454212	European	EUR	af_assigned	ref_freqs.hg38.tsv.gz	50000	EUR	0.995597	0.992736	0.0160977	ok	passed	0.975324	false		0	0.0028608	0.00154237	0.995597	0	0	0
GCST90454213	GCST90454213	European	EUR	af_assigned	ref_freqs.hg38.tsv.gz	50000	EUR	0.995403	0.992443	0.0161213	ok	passed	0.975326	false		0	0.00295964	0.00163735	0.995403	0	0	0
GCST90454214	GCST90454214	European	EUR	af_assigned	ref_freqs.hg38.tsv.gz	50000	EUR	0.995567	0.992698	0.0161384	ok	passed	0.975311	false		0	0.00286902	0.00156438	0.995567	0	0	0
GCST90454215	GCST90454215	European	EUR	af_assigned	ref_freqs.hg38.tsv.gz	50000	EUR	0.995473	0.992611	0.0161194	ok	passed	0.975327	false		0	0.00286237	0.00166423	0.995473	0	0	0
GCST90454216	GCST90454216	European	EUR	af_assigned	ref_freqs.hg38.tsv.gz	50000	EUR	0.995539	0.992704	0.0161223	ok	passed	0.975328	false		0	0.00283419	0.00162724	0.995539	0	0	0
GCST90454217	GCST90454217	European	EUR	af_assigned	ref_freqs.hg38.tsv.gz	50000	EUR	0.995477	0.992583	0.0161336	ok	passed	0.97532	false		0	0.00289407	0.00162897	0.995477	0	0	0
GCST90454218	GCST90454218	European	EUR	af_assigned	ref_freqs.hg38.tsv.gz	50000	EUR	0.995423	0.992459	0.016141	ok	passed	0.975319	false		0	0.00296419	0.0016129	0.995423	0	0	0
GCST90454219	GCST90454219	European	EUR	af_assigned	ref_freqs.hg38.tsv.gz	50000	EUR	0.995475	0.992573	0.0161388	ok	passed	0.975318	false		0	0.00290179	0.00162367	0.995475	0	0	0
GCST90454220	GCST90454220	European	EUR	af_assigned	ref_freqs.hg38.tsv.gz	50000	EUR	0.995505	0.992642	0.0161377	ok	passed	0.975318	false		0	0.00286262	0.00163253	0.995505	0	0	0
GCST90454221	GCST90454221	European	EUR	af_assigned	ref_freqs.hg38.tsv.gz	50000	EUR	0.995598	0.992734	0.0161162	ok	passed	0.975321	false		0	0.00286325	0.00153901	0.995598	0	0	0
GCST90454222	GCST90454222	European	EUR	af_assigned	ref_freqs.hg38.tsv.gz	50000	EUR	0.995499	0.992612	0.0161366	ok	passed	0.975317	false		0	0.00288759	0.00161291	0.995499	0	0	0
GCST90454223	GCST90454223	European	EUR	af_assigned	ref_freqs.hg38.tsv.gz	50000	EUR	0.995531	0.992674	0.0161388	ok	passed	0.975316	false		0	0.00285733	0.00161174	0.995531	0	0	0
GCST90454224	GCST90454224	European	EUR	af_assigned	ref_freqs.hg38.tsv.gz	50000	EUR	0.995483	0.992591	0.0161375	ok	passed	0.975319	false		0	0.00289188	0.00162494	0.995483	0	0	0
GCST90454225	GCST90454225	European	EUR	af_assigned	ref_freqs.hg38.tsv.gz	50000	EUR	0.995529	0.992652	0.0161325	ok	passed	0.975317	false		0	0.00287792	0.00159261	0.995529	0	0	0
GCST90454226	GCST90454226	European	EUR	af_assigned	ref_freqs.hg38.tsv.gz	50000	EUR	0.995582	0.99276	0.0160977	ok	passed	0.975326	false		0	0.00282173	0.00159651	0.995582	0	0	0
GCST90454227	GCST90454227	European	EUR	af_assigned	ref_freqs.hg38.tsv.gz	50000	EUR	0.995682	0.993006	0.016088	ok	passed	0.975326	false		0	0.00267633	0.00164128	0.995682	0	0	0
GCST90454228	GCST90454228	European	EUR	af_assigned	ref_freqs.hg38.tsv.gz	50000	EUR	0.995691	0.993013	0.0160797	ok	passed	0.975327	false		0	0.00267751	0.00163169	0.995691	0	0	0
GCST90454229	GCST90454229	European	EUR	af_assigned	ref_freqs.hg38.tsv.gz	50000	EUR	0.995694	0.993004	0.0160782	ok	passed	0.975326	false		0	0.00268912	0.00161735	0.995694	0	0	0
GCST90454230	GCST90454230	European	EUR	af_assigned	ref_freqs.hg38.tsv.gz	50000	EUR	0.995647	0.992889	0.016081	ok	passed	0.97533	false		0	0.00275859	0.00159402	0.995647	0	0	0
GCST90454231	GCST90454231	European	EUR	af_assigned	ref_freqs.hg38.tsv.gz	50000	EUR	0.995633	0.992861	0.0160917	ok	passed	0.975331	false		0	0.00277171	0.0015953	0.995633	0	0	0
GCST90454232	GCST90454232	European	EUR	af_assigned	ref_freqs.hg38.tsv.gz	50000	EUR	0.995619	0.992801	0.0160984	ok	passed	0.975325	false		0	0.00281819	0.00156274	0.995619	0	0	0
GCST90454233	GCST90454233	European	EUR	af_assigned	ref_freqs.hg38.tsv.gz	50000	EUR	0.995668	0.992906	0.016092	ok	passed	0.975327	false		0	0.00276218	0.00156935	0.995668	0	0	0
GCST90454234	GCST90454234	European	EUR	af_assigned	ref_freqs.hg38.tsv.gz	50000	EUR	0.995663	0.992898	0.0160915	ok	passed	0.975329	false		0	0.00276512	0.00157209	0.995663	0	0	0
GCST90454235	GCST90454235	European	EUR	af_assigned	ref_freqs.hg38.tsv.gz	50000	EUR	0.995621	0.992819	0.0160921	ok	passed	0.975323	false		0	0.00280172	0.00157764	0.995621	0	0	0
GCST90454236	GCST90454236	European	EUR	af_assigned	ref_freqs.hg38.tsv.gz	50000	EUR	0.995606	0.992785	0.0160972	ok	passed	0.975325	false		0	0.00282183	0.00157171	0.995606	0	0	0
GCST90454237	GCST90454237	European	EUR	af_assigned	ref_freqs.hg38.tsv.gz	50000	EUR	0.995606	0.992785	0.0160972	ok	passed	0.975325	false		0	0.00282183	0.00157171	0.995606	0	0	0
GCST90454238	GCST90454238	European	EUR	af_assigned	ref_freqs.hg38.tsv.gz	50000	EUR	0.995615	0.992833	0.0160781	ok	passed	0.975334	false		0	0.00278199	0.00160325	0.995615	0	0	0
GCST90454239	GCST90454239	European	EUR	af_assigned	ref_freqs.hg38.tsv.gz	50000	EUR	0.995624	0.992857	0.0160793	ok	passed	0.975333	false		0	0.00276772	0.00160783	0.995624	0	0	0
GCST90454240	GCST90454240	European	EUR	af_assigned	ref_freqs.hg38.tsv.gz	50000	EUR	0.995632	0.992862	0.0160795	ok	passed	0.975331	false		0	0.00276924	0.00159918	0.995632	0	0	0
GCST90454241	GCST90454241	European	EUR	af_assigned	ref_freqs.hg38.tsv.gz	50000	EUR	0.995672	0.992943	0.0160845	ok	passed	0.975328	false		0	0.00272919	0.0015984	0.995672	0	0	0
GCST90454242	GCST90454242	European	EUR	af_assigned	ref_freqs.hg38.tsv.gz	50000	EUR	0.995658	0.992875	0.0160904	ok	passed	0.975327	false		0	0.00278256	0.00155957	0.995658	0	0	0
GCST90454243	GCST90454243	European	EUR	af_assigned	ref_freqs.hg38.tsv.gz	50000	EUR	0.995614	0.992785	0.0160876	ok	passed	0.975333	false		0	0.00282842	0.00155783	0.995614	0	0	0
GCST90454293	GCST90454293	European	EUR	af_assigned	ref_freqs.hg38.tsv.gz	50000	EUR	1	1	0.00530598	ok	passed	0.978949	false		0	0	0	1	0	0	0
GCST90454294	GCST90454294	European	EUR	af_assigned	ref_freqs.hg38.tsv.gz	50000	EUR	1	1	0.00530598	ok	passed	0.978949	false		0	0	0	1	0	0	0
GCST90454295	GCST90454295	European	EUR	af_assigned	ref_freqs.hg38.tsv.gz	50000	EUR	1	1	0.00530598	ok	passed	0.978949	false		0	0	0	1	0	0	0
GCST90454344	GCST90454344	European	EUR	af_assigned	ref_freqs.hg38.tsv.gz	50000	EUR	0.995683	0.992779	0.00745503	ok	passed	0.979593	false		0.000539784	0.00290395	0	0.995683	0	0	0.000873392
GCST90454345	GCST90454345	European	EUR	af_assigned	ref_freqs.hg38.tsv.gz	50000	EUR	0.995683	0.992779	0.00745503	ok	passed	0.979593	false		0.000539784	0.00290395	0	0.995683	0	0	0.000873392
GCST90454346	GCST90454346	European	EUR	af_assigned	ref_freqs.hg38.tsv.gz	50000	EUR	0.995683	0.992779	0.00745503	ok	passed	0.979593	false		0.000539784	0.00290395	0	0.995683	0	0	0.000873392
GCST90454347	GCST90454347	European	EUR	af_assigned	ref_freqs.hg38.tsv.gz	50000	EUR	0.995683	0.992779	0.00745503	ok	passed	0.979593	false		0.000539784	0.00290395	0	0.995683	0	0	0.000873392
GCST90454348	GCST90454348	European	EUR	af_assigned	ref_freqs.hg38.tsv.gz	50000	EUR	0.995683	0.992779	0.00745503	ok	passed	0.979593	false		0.000539784	0.00290395	0	0.995683	0	0	0.000873392
GCST90454483	GCST90454483	European		unassigned	ref_freqs.hg38.tsv.gz	50000	EUR	0.908525	0.868207	0.136187	residual	passed	0.890949			0.0403179	0	0.0161588	0.908525	0.0164638	0	0.0185341
GCST90454484	GCST90454484	European		unassigned	ref_freqs.hg38.tsv.gz	50000	EUR	0.908525	0.868207	0.136187	residual	passed	0.890949			0.0403179	0	0.0161588	0.908525	0.0164638	0	0.0185341
GCST90454485	GCST90454485	European		unassigned	ref_freqs.hg38.tsv.gz	50000	EUR	0.908525	0.868207	0.136187	residual	passed	0.890949			0.0403179	0	0.0161588	0.908525	0.0164638	0	0.0185341
GCST90454486	GCST90454486	European		unassigned	ref_freqs.hg38.tsv.gz	50000	EUR	0.908525	0.868207	0.136187	residual	passed	0.890949			0.0403179	0	0.0161588	0.908525	0.0164638	0	0.0185341
GCST90454487	GCST90454487	European		unassigned	ref_freqs.hg38.tsv.gz	50000	EUR	0.908525	0.868207	0.136187	residual	passed	0.890949			0.0403179	0	0.0161588	0.908525	0.0164638	0	0.0185341
GCST90454488	GCST90454488	European		unassigned	ref_freqs.hg38.tsv.gz	50000	EUR	0.908525	0.868207	0.136187	residual	passed	0.890949			0.0403179	0	0.0161588	0.908525	0.0164638	0	0.0185341
GCST90454489	GCST90454489	European		unassigned	ref_freqs.hg38.tsv.gz	50000	EUR	0.908525	0.868207	0.136187	residual	passed	0.890949			0.0403179	0	0.0161588	0.908525	0.0164638	0	0.0185341
GCST90454490	GCST90454490	European		unassigned	ref_freqs.hg38.tsv.gz	50000	EUR	0.908525	0.868207	0.136187	residual	passed	0.890949			0.0403179	0	0.0161588	0.908525	0.0164638	0	0.0185341
GCST90454540	GCST90454540	European	EUR	af_assigned	ref_freqs.hg38.tsv.gz	50000	EUR	0.98089	0.971083	0.0114681	ok	passed	0.97866	false		0.000338578	0.00980662	0.00896478	0.98089	0	0	0
GCST90454541	GCST90454541	European	EUR	af_assigned	ref_freqs.hg38.tsv.gz	50000	EUR	0.980234	0.970822	0.00951012	ok	passed	0.979671	false		0.00139932	0.0094121	0.00808402	0.980234	0	0	0.000870969
GCST90454542	GCST90454542	European	EUR	af_assigned	ref_freqs.hg38.tsv.gz	50000	EUR	0.974295	0.956937	0.00774101	ok	passed	0.979946	false		0.000578003	0.0173584	0.00749603	0.974295	0	0	0.000272093
GCST90454543	GCST90454543	European	EUR	af_assigned	ref_freqs.hg38.tsv.gz	50000	EUR	0.970711	0.955748	0.00689892	ok	passed	0.980618	false		0	0.0149628	0.00833578	0.970711	0	0.00103274	0.00495791
GCST90455543	GCST90455543	European	EUR	af_assigned	ref_freqs.hg38.tsv.gz	50000	EUR	1	1	0.00553184	ok	passed	0.978226	false		0	0	0	1	0	0	0
GCST90455544	GCST90455544	European	EUR	af_assigned	ref_freqs.hg38.tsv.gz	50000	EUR	1	1	0.00553184	ok	passed	0.978226	false		0	0	0	1	0	0	0
GCST90455545	GCST90455545	European	EUR	af_assigned	ref_freqs.hg38.tsv.gz	50000	EUR	1	1	0.00553184	ok	passed	0.978226	false		0	0	0	1	0	0	0
GCST90455546	GCST90455546	European	EUR	af_assigned	ref_freqs.hg38.tsv.gz	50000	EUR	1	1	0.00553184	ok	passed	0.978226	false		0	0	0	1	0	0	0
GCST90455589	GCST90455589	European	EUR	af_assigned	ref_freqs.hg38.tsv.gz	50000	EUR	1	1	0.00659041	ok	passed	0.968523	false		0	0	0	1	0	0	0
GCST90455590	GCST90455590	European	EUR	af_assigned	ref_freqs.hg38.tsv.gz	50000	EUR	1	1	0.00659041	ok	passed	0.968523	false		0	0	0	1	0	0	0
GCST90455591	GCST90455591	European	EUR	af_assigned	ref_freqs.hg38.tsv.gz	50000	EUR	0.997618	0.996479	0.010536	ok	passed	0.96815	false		0.00103325	0	0.000209358	0.997618	0	0	0.00113919
GCST90455592	GCST90455592	European	EUR	af_assigned	ref_freqs.hg38.tsv.gz	50000	EUR	0.997618	0.996479	0.010536	ok	passed	0.96815	false		0.00103325	0	0.000209358	0.997618	0	0	0.00113919
GCST90455593	GCST90455593	European	EUR	af_assigned	ref_freqs.hg38.tsv.gz	50000	EUR	1	1	0.00592623	ok	passed	0.968438	false		0	0	0	1	0	0	0
GCST90455594	GCST90455594	European	EUR	af_assigned	ref_freqs.hg38.tsv.gz	50000	EUR	1	1	0.00592623	ok	passed	0.968438	false		0	0	0	1	0	0	0
GCST90455595	GCST90455595	European	EUR	af_assigned	ref_freqs.hg38.tsv.gz	50000	EUR	1	1	0.00879412	ok	passed	0.96818	false		0	0	0	1	0	0	0
GCST90455596	GCST90455596	European	EUR	af_assigned	ref_freqs.hg38.tsv.gz	50000	EUR	1	1	0.00879412	ok	passed	0.96818	false		0	0	0	1	0	0	0
GCST90455597	GCST90455597	European	EUR	af_assigned	ref_freqs.hg38.tsv.gz	50000	EUR	1	1	0.00818568	ok	passed	0.968225	false		0	0	0	1	0	0	0
GCST90455598	GCST90455598	European	EUR	af_assigned	ref_freqs.hg38.tsv.gz	50000	EUR	1	1	0.00818568	ok	passed	0.968225	false		0	0	0	1	0	0	0
GCST90455599	GCST90455599	European	EUR	af_assigned	ref_freqs.hg38.tsv.gz	50000	EUR	0.99935	0.998699	0.00838551	ok	passed	0.968369	false		0	0	0	0.99935	0	0.000650387	0
GCST90455600	GCST90455600	European	EUR	af_assigned	ref_freqs.hg38.tsv.gz	50000	EUR	0.99935	0.998699	0.00838551	ok	passed	0.968369	false		0	0	0	0.99935	0	0.000650387	0
GCST90455601	GCST90455601	European	EUR	af_assigned	ref_freqs.hg38.tsv.gz	50000	EUR	1	1	0.00685278	ok	passed	0.968526	false		0	0	0	1	0	0	0
GCST90455602	GCST90455602	European	EUR	af_assigned	ref_freqs.hg38.tsv.gz	50000	EUR	1	1	0.00685278	ok	passed	0.968526	false		0	0	0	1	0	0	0
GCST90455603	GCST90455603	European	EUR	af_assigned	ref_freqs.hg38.tsv.gz	50000	EUR	1	1	0.00532086	ok	passed	0.968629	false		0	0	0	1	0	0	0
GCST90455604	GCST90455604	European	EUR	af_assigned	ref_freqs.hg38.tsv.gz	50000	EUR	1	1	0.00532086	ok	passed	0.968629	false		0	0	0	1	0	0	0
GCST90455605	GCST90455605	European	EUR	af_assigned	ref_freqs.hg38.tsv.gz	50000	EUR	1	1	0.00537741	ok	passed	0.968579	false		0	0	0	1	0	0	0
GCST90455606	GCST90455606	European	EUR	af_assigned	ref_freqs.hg38.tsv.gz	50000	EUR	1	1	0.00537741	ok	passed	0.968579	false		0	0	0	1	0	0	0
GCST90455607	GCST90455607	European	EUR	af_assigned	ref_freqs.hg38.tsv.gz	50000	EUR	1	1	0.00531647	ok	passed	0.968681	false		0	0	0	1	0	0	0
GCST90455608	GCST90455608	European	EUR	af_assigned	ref_freqs.hg38.tsv.gz	50000	EUR	1	1	0.00531647	ok	passed	0.968681	false		0	0	0	1	0	0	0
GCST90455657	GCST90455657	European	EUR	af_assigned	ref_freqs.hg38.tsv.gz	50000	EUR	0.73793	0.605485	0.0349237	ok	passed	0.989244	false		0.132445	0.0312484	0.0976149	0.73793	0	0	0.000761257
GCST90455658	GCST90455658	European	EUR	af_assigned	ref_freqs.hg38.tsv.gz	50000	EUR	0.975702	0.965925	0.0166639	ok	passed	0.979252	false		0.00977658	0.00286392	9.6631e-05	0.975702	0	0.00955576	0.00200542
GCST90455659	GCST90455659	European	EUR	af_assigned	ref_freqs.hg38.tsv.gz	50000	EUR	0.973409	0.955947	0.0153577	ok	passed	0.980757	false		0.00656342	0.000213231	0.000991407	0.973409	0	0.0174614	0.00136199
GCST90455660	GCST90455660	European	EUR	af_assigned	ref_freqs.hg38.tsv.gz	50000	EUR	0.97238	0.953025	0.0144331	ok	passed	0.980491	false		0.00479722	0.00193606	0	0.97238	0	0.019355	0.00153176
GCST90455661	GCST90455661	European	EUR	af_assigned	ref_freqs.hg38.tsv.gz	50000	EUR	0.98965	0.983135	0.00787343	ok	passed	0.97904	false		0.00290316	0.000487273	0	0.98965	0	0.00651494	0.000444943
GCST90455721	GCST90455721	European	EUR	af_assigned	ref_freqs.hg38.tsv.gz	50000	EUR	1	1	0.0047489	ok	passed	0.981461	false		0	0	0	1	0	0	0
GCST90455722	GCST90455722	European	EUR	af_assigned	ref_freqs.hg38.tsv.gz	50000	EUR	1	1	0.0047489	ok	passed	0.981461	false		0	0	0	1	0	0	0
GCST90455723	GCST90455723	European	EUR	af_assigned	ref_freqs.hg38.tsv.gz	50000	EUR	1	1	0.0047489	ok	passed	0.981461	false		0	0	0	1	0	0	0
GCST90455724	GCST90455724	European	EUR	af_assigned	ref_freqs.hg38.tsv.gz	50000	EUR	1	1	0.0047489	ok	passed	0.981461	false		0	0	0	1	0	0	0
GCST90455725	GCST90455725	European	EUR	af_assigned	ref_freqs.hg38.tsv.gz	50000	EUR	1	1	0.0047489	ok	passed	0.981461	false		0	0	0	1	0	0	0
GCST90455726	GCST90455726	European	EUR	af_assigned	ref_freqs.hg38.tsv.gz	50000	EUR	1	1	0.0047489	ok	passed	0.981461	false		0	0	0	1	0	0	0
GCST90461907	GCST90461907	European	EUR	af_assigned	ref_freqs.hg38.tsv.gz	50000	EUR	0.706091	0.511117	0.032805	ok	passed	0.988631	false		0.194975	0.059718	0.0277714	0.706091	0	0.000182183	0.0112624
GCST90461957	GCST90461957	European	EUR	af_assigned	ref_freqs.hg38.tsv.gz	50000	EUR	0.70045	0.506339	0.0381918	ok	passed	0.987201	false		0.0823173	0.0165722	0.194111	0.70045	0	0	0.00654945
GCST90461958	GCST90461958	European	EUR	af_assigned	ref_freqs.hg38.tsv.gz	50000	EUR	0.982662	0.976132	0.0134599	ok	passed	0.979362	false		0.00356178	0.00370435	0.00653003	0.982662	0	0	0.00354191
GCST90472771	GCST90472771	European		unassigned	ref_freqs.hg38.tsv.gz	0		0	0		overlap	unverified										
GCST90472777	GCST90472777	European		unassigned	ref_freqs.hg38.tsv.gz	50000	EUR	0.390593	0.148001	0.246974	residual	passed	0.663415			0.17869	0	0.0215946	0.390593	0	0.16653	0.242592
GCST90472778	GCST90472778	European		unassigned	ref_freqs.hg38.tsv.gz	50000	EUR	0.390655	0.148052	0.246974	residual	passed	0.663412			0.17874	0	0.021597	0.390655	0	0.166403	0.242604
GCST90472779	GCST90472779	European		unassigned	ref_freqs.hg38.tsv.gz	50000	EUR	0.390531	0.147975	0.24698	residual	passed	0.663407			0.178729	0	0.0216299	0.390531	0	0.166554	0.242556
GCST90472780	GCST90472780	European		unassigned	ref_freqs.hg38.tsv.gz	50000	EUR	0.390384	0.147752	0.246991	residual	passed	0.663384			0.178634	0	0.0215908	0.390384	0	0.166759	0.242632
GCST90472781	GCST90472781	European		unassigned	ref_freqs.hg38.tsv.gz	50000	EUR	0.390382	0.147736	0.246991	residual	passed	0.663382			0.178634	0	0.0215884	0.390382	0	0.166751	0.242645
GCST90472782	GCST90472782	European		unassigned	ref_freqs.hg38.tsv.gz	50000	EUR	0.390448	0.147779	0.246986	residual	passed	0.663391			0.178596	0	0.021554	0.390448	0	0.166734	0.242668
GCST90472783	GCST90472783	European		unassigned	ref_freqs.hg38.tsv.gz	50000	EUR	0.390386	0.147753	0.246991	residual	passed	0.663384			0.178635	0	0.0215893	0.390386	0	0.166757	0.242633
GCST90472784	GCST90472784	European		unassigned	ref_freqs.hg38.tsv.gz	50000	EUR	0.390382	0.147736	0.246991	residual	passed	0.663382			0.178634	0	0.0215884	0.390382	0	0.166751	0.242645
GCST90472785	GCST90472785	European		unassigned	ref_freqs.hg38.tsv.gz	50000	EUR	0.390448	0.147779	0.246986	residual	passed	0.663391			0.178596	0	0.021554	0.390448	0	0.166734	0.242668
GCST90472808	GCST90472808	European	EUR	af_assigned	ref_freqs.hg38.tsv.gz	50000	EUR	1	1	0.00494902	ok	passed	0.977614	false		0	0	0	1	0	0	0
GCST90472809	GCST90472809	European	EUR	af_assigned	ref_freqs.hg38.tsv.gz	50000	EUR	1	1	0.00496159	ok	passed	0.977605	false		0	0	0	1	0	0	0
GCST90472810	GCST90472810	European	EUR	af_assigned	ref_freqs.hg38.tsv.gz	50000	EUR	1	1	0.00494811	ok	passed	0.977611	false		0	0	0	1	0	0	0
GCST90473003	GCST90473003	European	EUR	af_assigned	ref_freqs.hg38.tsv.gz	50000	EUR	0.998463	0.996925	0.00531974	ok	passed	0.977818	false		0	0	0	0.998463	0	0	0.00153741
GCST90473004	GCST90473004	European	EUR	af_assigned	ref_freqs.hg38.tsv.gz	50000	EUR	0.998301	0.996601	0.00533011	ok	passed	0.977852	false		0	0	0	0.998301	0	0	0.00169949
GCST90473005	GCST90473005	European	EUR	af_assigned	ref_freqs.hg38.tsv.gz	50000	EUR	0.998915	0.99783	0.00540558	ok	passed	0.977833	false		0	0	0	0.998915	0	0	0.00108497
GCST90474667	GCST90474667	European	EUR	af_assigned	ref_freqs.hg38.tsv.gz	50000	EUR	0.980455	0.973273	0.0117204	ok	passed	0.979895	false		0.00399919	0.00718269	0.00270301	0.980455	0	0.000978622	0.0046812
GCST90482691	GCST90482691	European		unassigned	ref_freqs.hg38.tsv.gz	50000	EUR	0.489917	0.0237311	0.0489101	proportion	passed	0.969196			0.0145054	0.0290033	0.466186	0.489917	0	0	0.00038896
GCST90482704	GCST90482704	European	EUR	af_assigned	ref_freqs.hg38.tsv.gz	50000	EUR	0.830829	0.681045	0.0295707	ok	passed	0.982396	false		0.0108353	0.00855219	0.149784	0.830829	0	0	0
GCST90482705	GCST90482705	European	EUR	af_assigned	ref_freqs.hg38.tsv.gz	50000	EUR	0.84889	0.716228	0.0279127	ok	passed	0.982024	false		0.00991018	0.00853832	0.132662	0.84889	0	0	0
GCST90482706	GCST90482706	European	EUR	af_assigned	ref_freqs.hg38.tsv.gz	50000	EUR	0.832092	0.683499	0.0294548	ok	passed	0.982376	false		0.0107794	0.00853528	0.148593	0.832092	0	0	0
GCST90482707	GCST90482707	European	EUR	af_assigned	ref_freqs.hg38.tsv.gz	50000	EUR	0.824431	0.668549	0.0301469	ok	passed	0.982496	false		0.0110946	0.00859119	0.155883	0.824431	0	0	0
GCST90482708	GCST90482708	European	EUR	af_assigned	ref_freqs.hg38.tsv.gz	50000	EUR	0.80488	0.630331	0.0319034	ok	passed	0.982701	false		0.0118157	0.00875479	0.174549	0.80488	0	0	0
GCST90482709	GCST90482709	European	EUR	af_assigned	ref_freqs.hg38.tsv.gz	50000	EUR	0.811713	0.643662	0.0312556	ok	passed	0.982666	false		0.0116186	0.00861742	0.168051	0.811713	0	0	0
GCST90482710	GCST90482710	European	EUR	af_assigned	ref_freqs.hg38.tsv.gz	50000	EUR	0.80725	0.634971	0.0317052	ok	passed	0.982678	false		0.0117091	0.00876215	0.172279	0.80725	0	0	0
GCST90482711	GCST90482711	European	EUR	af_assigned	ref_freqs.hg38.tsv.gz	50000	EUR	0.83732	0.693721	0.029053	ok	passed	0.982251	false		0.0104516	0.00862848	0.143599	0.83732	0	0	0
GCST90482712	GCST90482712	European	EUR	af_assigned	ref_freqs.hg38.tsv.gz	50000	EUR	0.831638	0.682655	0.0295872	ok	passed	0.982345	false		0.0107079	0.00867212	0.148982	0.831638	0	0	0
GCST90482713	GCST90482713	European	EUR	af_assigned	ref_freqs.hg38.tsv.gz	50000	EUR	0.829021	0.677494	0.0297316	ok	passed	0.982426	false		0.0108966	0.00855421	0.151528	0.829021	0	0	0
GCST90483368	GCST90483368	European	EUR	af_assigned	ref_freqs.hg38.tsv.gz	50000	EUR	0.988928	0.982626	0.0138144	ok	passed	0.978704	false		0.000216079	0.00455462	0.00630148	0.988928	0	0	0
GCST90483373	GCST90483373	European	EUR	af_assigned	ref_freqs.hg38.tsv.gz	50000	EUR	1	1	0.00549936	ok	passed	0.977685	false		0	0	0	1	0	0	0
GCST90483374	GCST90483374	European	EUR	af_assigned	ref_freqs.hg38.tsv.gz	50000	EUR	1	1	0.00549936	ok	passed	0.977685	false		0	0	0	1	0	0	0
GCST90483375	GCST90483375	European	EUR	af_assigned	ref_freqs.hg38.tsv.gz	50000	EUR	1	1	0.00549936	ok	passed	0.977685	false		0	0	0	1	0	0	0
GCST90483376	GCST90483376	European	EUR	af_assigned	ref_freqs.hg38.tsv.gz	50000	EUR	1	1	0.00549936	ok	passed	0.977685	false		0	0	0	1	0	0	0
GCST90483463	GCST90483463	European	EUR	af_assigned	ref_freqs.hg38.tsv.gz	50000	EUR	0.994216	0.99076	0.0236031	ok	passed	0.975647	false		0.000440898	0.00188773	0.00345563	0.994216	0	0	0
GCST90483464	GCST90483464	European	EUR	af_assigned	ref_freqs.hg38.tsv.gz	50000	EUR	0.996236	0.993649	0.026114	ok	passed	0.974665	false		0.00047642	0.00258753	0.000699668	0.996236	0	0	0
GCST90483465	GCST90483465	European	EUR	af_assigned	ref_freqs.hg38.tsv.gz	50000	EUR	0.996307	0.99399	0.0237652	ok	passed	0.974313	false		0	0.00137651	0.00231671	0.996307	0	0	0
GCST90483466	GCST90483466	European	EUR	af_assigned	ref_freqs.hg38.tsv.gz	50000	EUR	0.992536	0.987629	0.0235977	ok	passed	0.975699	false		0.000562842	0.001994	0.00490723	0.992536	0	0	0
GCST90483467	GCST90483467	European	EUR	af_assigned	ref_freqs.hg38.tsv.gz	50000	EUR	1	1	0.0229142	ok	passed	0.974965	false		0	0	0	1	0	0	0
GCST90483468	GCST90483468	European	EUR	af_assigned	ref_freqs.hg38.tsv.gz	50000	EUR	0.999396	0.998792	0.0206375	ok	passed	0.976428	false		0	0	0.000604059	0.999396	0	0	0
GCST90483475	GCST90483475	European	EUR	af_assigned	ref_freqs.hg38.tsv.gz	50000	EUR	0.996734	0.994542	0.0206053	ok	passed	0.976134	false		0.00107494	0.00219138	0	0.996734	0	0	0
GCST90483476	GCST90483476	European	EUR	af_assigned	ref_freqs.hg38.tsv.gz	50000	EUR	0.997063	0.994819	0.0232956	ok	passed	0.974522	false		0.000692557	0.00224416	0	0.997063	0	0	0
GCST90483477	GCST90483477	European	EUR	af_assigned	ref_freqs.hg38.tsv.gz	50000	EUR	0.996604	0.994123	0.0211151	ok	passed	0.975959	false		0.000914536	0.00248134	0	0.996604	0	0	0
GCST90483478	GCST90483478	European	EUR	af_assigned	ref_freqs.hg38.tsv.gz	50000	EUR	0.996831	0.994939	0.0208105	ok	passed	0.976078	false		0.00127628	0.00189252	0	0.996831	0	0	0
GCST90483479	GCST90483479	European	EUR	af_assigned	ref_freqs.hg38.tsv.gz	50000	EUR	0.996947	0.994456	0.0241169	ok	passed	0.974284	false		0.000561304	0.00249133	0	0.996947	0	0	0
GCST90483480	GCST90483480	European	EUR	af_assigned	ref_freqs.hg38.tsv.gz	50000	EUR	0.996619	0.994432	0.021334	ok	passed	0.975897	false		0.00119341	0.00218748	0	0.996619	0	0	0
GCST90483481	GCST90483481	European	EUR	af_assigned	ref_freqs.hg38.tsv.gz	50000	EUR	0.995149	0.992224	0.0196944	ok	passed	0.976249	false		0.00076795	0.00115859	0	0.995149	0	0.00292468	0
GCST90483482	GCST90483482	European	EUR	af_assigned	ref_freqs.hg38.tsv.gz	50000	EUR	0.996179	0.994095	0.0201868	ok	passed	0.976001	false		0.000267014	0.00208406	0	0.996179	0	0.00147014	0
GCST90483483	GCST90483483	European	EUR	af_assigned	ref_freqs.hg38.tsv.gz	50000	EUR	0.994436	0.990755	0.0195587	ok	passed	0.976328	false		0.000519877	0.00136287	0	0.994436	0	0.00368118	0
GCST90483484	GCST90483484	European	EUR	af_assigned	ref_freqs.hg38.tsv.gz	50000	EUR	0.996267	0.992727	0.0228983	ok	passed	0.975626	false		0.000193794	0.00353958	0	0.996267	0	0	0
GCST90483485	GCST90483485	European	EUR	af_assigned	ref_freqs.hg38.tsv.gz	50000	EUR	0.995817	0.992234	0.0212334	ok	passed	0.97635	false		0.000600029	0.00358289	0	0.995817	0	0	0
GCST90483486	GCST90483486	European	EUR	af_assigned	ref_freqs.hg38.tsv.gz	50000	EUR	0.997865	0.995874	0.018496	ok	passed	0.976448	false		0.000144227	0	0	0.997865	0	0.00199108	0
GCST90483487	GCST90483487	European	EUR	af_assigned	ref_freqs.hg38.tsv.gz	50000	EUR	0.996995	0.994752	0.0180399	ok	passed	0.976735	false		0.000214269	0.000548877	0	0.996995	0	0.00224224	0
GCST90483488	GCST90483488	European	EUR	af_assigned	ref_freqs.hg38.tsv.gz	50000	EUR	0.997509	0.995604	0.0185057	ok	passed	0.976425	false		0.000242227	0.000344561	0	0.997509	0	0.00190441	0
GCST90483500	GCST90483500	European	EUR	af_assigned	ref_freqs.hg38.tsv.gz	50000	EUR	0.99843	0.996859	0.00981182	ok	passed	0.977784	false		0	0	0	0.99843	0	0.00157031	0
GCST90483501	GCST90483501	European	EUR	af_assigned	ref_freqs.hg38.tsv.gz	50000	EUR	0.983198	0.973207	0.0138838	ok	passed	0.976981	false		0.00139984	0.00384512	0.00999116	0.983198	0	0	0.00156608
GCST90483502	GCST90483502	European	EUR	af_assigned	ref_freqs.hg38.tsv.gz	50000	EUR	0.983016	0.972163	0.0169647	ok	passed	0.975777	false		0.0003149	0.00558043	0.0108532	0.983016	0	0	0.000235093
GCST90487900	GCST90487900	European		unassigned	ref_freqs.hg38.tsv.gz	7738	EUR	0.634995	0.445394	0.208083	residual	passed	0.735943			0.0362289	0	0.00663709	0.634995	0.189601	0.0706369	0.061901
GCST90501352	GCST90501352	European	EUR	af_assigned	ref_freqs.hg38.tsv.gz	50000	EUR	1	1	0.00981722	ok	passed	0.976081	false		0	0	0	1	0	0	0
GCST90501353	GCST90501353	European	EUR	af_assigned	ref_freqs.hg38.tsv.gz	50000	EUR	1	1	0.0098217	ok	passed	0.976078	false		0	0	0	1	0	0	0
GCST90501670	GCST90501670	European	EUR	af_assigned	ref_freqs.hg38.tsv.gz	50000	EUR	1	1	0.00576503	ok	passed	0.978159	false		0	0	0	1	0	0	0
GCST90501671	GCST90501671	European	EUR	af_assigned	ref_freqs.hg38.tsv.gz	50000	EUR	1	1	0.00572825	ok	passed	0.978138	false		0	0	0	1	0	0	0
GCST90501672	GCST90501672	European	EUR	af_assigned	ref_freqs.hg38.tsv.gz	50000	EUR	1	1	0.00573149	ok	passed	0.978098	false		0	0	0	1	0	0	0
GCST90502754	GCST90502754	European	EUR	af_assigned	ref_freqs.hg38.tsv.gz	50000	EUR	1	1	0.00790893	ok	passed	0.978051	false		0	0	0	1	0	0	0
GCST90502755	GCST90502755	European	EUR	af_assigned	ref_freqs.hg38.tsv.gz	50000	EUR	1	1	0.00762977	ok	passed	0.978145	false		0	0	0	1	0	0	0
GCST90502757	GCST90502757	European	EUR	af_assigned	ref_freqs.hg38.tsv.gz	50000	EUR	0.795364	0.699493	0.0210026	ok	passed	0.986835	false		0.0764389	0.0958715	0.0143629	0.795364	0	0.0179625	0
GCST90502821	GCST90502821	European		unassigned	ref_freqs.hg38.tsv.gz	0		0	0		overlap	unverified										
GCST90502822	GCST90502822	European		unassigned	ref_freqs.hg38.tsv.gz	0		0	0		overlap	unverified										
GCST90502823	GCST90502823	European		unassigned	ref_freqs.hg38.tsv.gz	0		0	0		overlap	unverified										
GCST90502911	GCST90502911	European	EUR	af_assigned	ref_freqs.hg38.tsv.gz	50000	EUR	0.58878	0.351406	0.0107735	ok	passed	0.994569	false		0.237374	0.0887874	0.0690304	0.58878	0.00750928	0.00851921	0
GCST90502912	GCST90502912	European	EUR	af_assigned	ref_freqs.hg38.tsv.gz	50000	EUR	0.978075	0.966634	0.0100551	ok	passed	0.980268	false		2.46754e-05	0.00220216	0	0.978075	0.00825763	0.011441	0
GCST90502916	GCST90502916	European	EUR	af_assigned	ref_freqs.hg38.tsv.gz	50000	EUR	0.986475	0.97295	0.0159607	ok	passed	0.973401	false		0	0	0	0.986475	0.0135251	0	0
GCST90503074	GCST90503074	European	EUR	af_assigned	ref_freqs.hg38.tsv.gz	50000	EUR	1	1	0.0104902	ok	passed	0.976133	false		0	0	0	1	0	0	0
GCST90503075	GCST90503075	European	EUR	af_assigned	ref_freqs.hg38.tsv.gz	50000	EUR	1	1	0.0105381	ok	passed	0.976116	false		0	0	0	1	0	0	0
GCST90503076	GCST90503076	European	EUR	af_assigned	ref_freqs.hg38.tsv.gz	50000	EUR	1	1	0.0104721	ok	passed	0.976125	false		0	0	0	1	0	0	0
GCST90503108	GCST90503108	European	EUR	af_assigned	ref_freqs.hg38.tsv.gz	50000	EUR	0.737444	0.519872	0.030066	ok	passed	0.988281	false		0.0316552	0.00936563	0.217572	0.737444	0	0.00146038	0.00250301
GCST90503109	GCST90503109	European	EUR	af_assigned	ref_freqs.hg38.tsv.gz	50000	EUR	0.987768	0.983086	0.0234938	ok	passed	0.978137	false		0.00468245	0.00207007	0.0043769	0.987768	0	0.000863722	0.000238536
GCST90503115	GCST90503115	European		unassigned	ref_freqs.hg38.tsv.gz	50000	SAS	0.291319	0.0359503	0.452678	eaf_orientation	failed	-0.502369			0.255368	0.248149	0.205164	0	0	0	0.291319
GCST90503116	GCST90503116	European		unassigned	ref_freqs.hg38.tsv.gz	50000	SAS	0.291319	0.0359503	0.452678	eaf_orientation	failed	-0.502369			0.255368	0.248149	0.205164	0	0	0	0.291319
GCST90503117	GCST90503117	European		unassigned	ref_freqs.hg38.tsv.gz	50000	SAS	0.291319	0.0359503	0.452678	eaf_orientation	failed	-0.502369			0.255368	0.248149	0.205164	0	0	0	0.291319
GCST90503313	GCST90503313	European		unassigned	ref_freqs.hg38.tsv.gz	50000	EUR	0.48826	0.263155	0.238682	residual	passed	0.683682			0.171623	0	0.0234768	0.48826	0	0.0915344	0.225106
GCST90503314	GCST90503314	European		unassigned	ref_freqs.hg38.tsv.gz	50000	EUR	0.48826	0.263155	0.238682	residual	passed	0.683682			0.171623	0	0.0234768	0.48826	0	0.0915344	0.225106
GCST90503315	GCST90503315	European		unassigned	ref_freqs.hg38.tsv.gz	50000	EUR	0.48826	0.263155	0.238682	residual	passed	0.683682			0.171623	0	0.0234768	0.48826	0	0.0915344	0.225106
GCST90503316	GCST90503316	European		unassigned	ref_freqs.hg38.tsv.gz	50000	EUR	0.48826	0.263155	0.238682	residual	passed	0.683682			0.171623	0	0.0234768	0.48826	0	0.0915344	0.225106
GCST90503482	GCST90503482	European	EUR	af_assigned	ref_freqs.hg38.tsv.gz	50000	EUR	0.743851	0.512557	0.0407286	ok	passed	0.981307	false		0.231294	0.0110315	0.0138241	0.743851	0	0	0
GCST90503483	GCST90503483	European	EUR	af_assigned	ref_freqs.hg38.tsv.gz	50000	EUR	0.977406	0.969386	0.0216776	ok	passed	0.978075	false		0.00619092	0.00408889	0.00802007	0.977406	0	0	0.00429388
GCST90551832	GCST90551832	European	EUR	af_assigned	ref_freqs.hg38.tsv.gz	50000	EUR	1	1	0.00488666	ok	passed	0.976611	false		0	0	0	1	0	0	0
GCST90551833	GCST90551833	European	EUR	af_assigned	ref_freqs.hg38.tsv.gz	50000	EUR	1	1	0.00488666	ok	passed	0.976611	false		0	0	0	1	0	0	0
GCST90551834	GCST90551834	European	EUR	af_assigned	ref_freqs.hg38.tsv.gz	50000	EUR	1	1	0.00488666	ok	passed	0.976611	false		0	0	0	1	0	0	0
GCST90551835	GCST90551835	European	EUR	af_assigned	ref_freqs.hg38.tsv.gz	50000	EUR	1	1	0.00488666	ok	passed	0.976611	false		0	0	0	1	0	0	0
GCST90551836	GCST90551836	European	EUR	af_assigned	ref_freqs.hg38.tsv.gz	50000	EUR	1	1	0.00488666	ok	passed	0.976611	false		0	0	0	1	0	0	0
GCST90551837	GCST90551837	European	EUR	af_assigned	ref_freqs.hg38.tsv.gz	50000	EUR	1	1	0.00488666	ok	passed	0.976611	false		0	0	0	1	0	0	0
GCST90551838	GCST90551838	European	EUR	af_assigned	ref_freqs.hg38.tsv.gz	50000	EUR	1	1	0.00494059	ok	passed	0.976667	false		0	0	0	1	0	0	0
GCST90551839	GCST90551839	European	EUR	af_assigned	ref_freqs.hg38.tsv.gz	50000	EUR	1	1	0.00494059	ok	passed	0.976667	false		0	0	0	1	0	0	0
GCST90551840	GCST90551840	European	EUR	af_assigned	ref_freqs.hg38.tsv.gz	50000	EUR	1	1	0.00494059	ok	passed	0.976667	false		0	0	0	1	0	0	0
GCST90551841	GCST90551841	European	EUR	af_assigned	ref_freqs.hg38.tsv.gz	50000	EUR	1	1	0.00494059	ok	passed	0.976667	false		0	0	0	1	0	0	0
GCST90551842	GCST90551842	European	EUR	af_assigned	ref_freqs.hg38.tsv.gz	50000	EUR	1	1	0.00494059	ok	passed	0.976667	false		0	0	0	1	0	0	0
GCST90551843	GCST90551843	European	EUR	af_assigned	ref_freqs.hg38.tsv.gz	50000	EUR	1	1	0.00494059	ok	passed	0.976667	false		0	0	0	1	0	0	0
GCST90551844	GCST90551844	European	EUR	af_assigned	ref_freqs.hg38.tsv.gz	50000	EUR	1	1	0.00497439	ok	passed	0.976549	false		0	0	0	1	0	0	0
GCST90551845	GCST90551845	European	EUR	af_assigned	ref_freqs.hg38.tsv.gz	50000	EUR	1	1	0.00497439	ok	passed	0.976549	false		0	0	0	1	0	0	0
GCST90551846	GCST90551846	European	EUR	af_assigned	ref_freqs.hg38.tsv.gz	50000	EUR	1	1	0.00497439	ok	passed	0.976549	false		0	0	0	1	0	0	0
GCST90551847	GCST90551847	European	EUR	af_assigned	ref_freqs.hg38.tsv.gz	50000	EUR	1	1	0.00497439	ok	passed	0.976549	false		0	0	0	1	0	0	0
GCST90551848	GCST90551848	European	EUR	af_assigned	ref_freqs.hg38.tsv.gz	50000	EUR	1	1	0.00497439	ok	passed	0.976549	false		0	0	0	1	0	0	0
GCST90551849	GCST90551849	European	EUR	af_assigned	ref_freqs.hg38.tsv.gz	50000	EUR	1	1	0.00497439	ok	passed	0.976549	false		0	0	0	1	0	0	0
GCST90551884	GCST90551884	European		unassigned	ref_freqs.hg38.tsv.gz	50000	AFR	0.734989	0.469978	0.579792	eaf_orientation	failed	-0.978587			0.734989	0	0.265011	0	0	0	0
GCST90551885	GCST90551885	European		unassigned	ref_freqs.hg38.tsv.gz	50000	AFR	0.734864	0.469728	0.579797	eaf_orientation	failed	-0.97858			0.734864	0	0.265136	0	0	0	0
GCST90551886	GCST90551886	European		unassigned	ref_freqs.hg38.tsv.gz	50000	AFR	0.735495	0.470989	0.579772	eaf_orientation	failed	-0.978527			0.735495	0	0.264505	0	0	0	0
GCST90558034	GCST90558034	European	EUR	af_assigned	ref_freqs.hg38.tsv.gz	50000	EUR	0.981975	0.972347	0.0055113	ok	passed	0.979634	false		0.00454232	0.000982202	0.0026811	0.981975	0	0.000192608	0.00962726
GCST90558035	GCST90558035	European		unassigned	ref_freqs.hg38.tsv.gz	0		0	0		overlap	unverified										
GCST90558036	GCST90558036	European		unassigned	ref_freqs.hg38.tsv.gz	0		0	0		overlap	unverified										
GCST90558037	GCST90558037	European		unassigned	ref_freqs.hg38.tsv.gz	0		0	0		overlap	unverified										
GCST90558086	GCST90558086	European		unassigned	ref_freqs.hg38.tsv.gz	40298	AFR	0.599169	0.384643	0.415949	residual	passed	0.0172852			0.599169	0	0.186304	0	0	0	0.214527
GCST90558087	GCST90558087	European		unassigned	ref_freqs.hg38.tsv.gz	40298	AFR	0.598011	0.381762	0.415925	residual	passed	0.0172088			0.598011	0	0.18574	0	0	0	0.216249
GCST90558088	GCST90558088	European		unassigned	ref_freqs.hg38.tsv.gz	40293	AFR	0.599191	0.384316	0.415857	residual	passed	0.0175154			0.599191	0	0.185933	0	0	0	0.214876
GCST90558089	GCST90558089	European		unassigned	ref_freqs.hg38.tsv.gz	40297	AFR	0.598076	0.381853	0.415935	residual	passed	0.0170757			0.598076	0	0.185701	0	0	0	0.216223
GCST90558090	GCST90558090	European		unassigned	ref_freqs.hg38.tsv.gz	40295	AFR	0.599458	0.385326	0.415895	residual	passed	0.0173887			0.599458	0	0.186411	0	0	0	0.214132
GCST90558091	GCST90558091	European		unassigned	ref_freqs.hg38.tsv.gz	40295	AFR	0.597933	0.382195	0.415911	residual	passed	0.0170374			0.597933	0	0.186328	0	0	0	0.215739
GCST90558092	GCST90558092	European		unassigned	ref_freqs.hg38.tsv.gz	40295	AFR	0.598848	0.383911	0.415898	residual	passed	0.0173899			0.598848	0	0.186215	0	0	0	0.214937
GCST90558093	GCST90558093	European		unassigned	ref_freqs.hg38.tsv.gz	40296	AFR	0.597702	0.381437	0.415904	residual	passed	0.0171436			0.597702	0	0.186033	0	0	0	0.216265
GCST90558094	GCST90558094	European		unassigned	ref_freqs.hg38.tsv.gz	40291	AFR	0.598831	0.384147	0.415907	residual	passed	0.0173561			0.598831	0	0.186485	0	0	0	0.214684
GCST90558095	GCST90558095	European		unassigned	ref_freqs.hg38.tsv.gz	40294	AFR	0.598666	0.383787	0.415999	residual	passed	0.0169313			0.598666	0	0.186454	0	0	0	0.21488
GCST90558096	GCST90558096	European		unassigned	ref_freqs.hg38.tsv.gz	40295	AFR	0.599539	0.385079	0.415871	residual	passed	0.0175315			0.599539	0	0.186	0	0	0	0.21446
GCST90558097	GCST90558097	European		unassigned	ref_freqs.hg38.tsv.gz	40297	AFR	0.598044	0.382156	0.415887	residual	passed	0.0173301			0.598044	0	0.186069	0	0	0	0.215888
GCST90558098	GCST90558098	European		unassigned	ref_freqs.hg38.tsv.gz	40299	SAS	0.244859	0.00666051	0.459587	residual	failed	-0.0173421			0.238198	0.0363089	0.21846	0.212355	0	0.0498201	0.244859
GCST90558099	GCST90558099	European		unassigned	ref_freqs.hg38.tsv.gz	40294	SAS	0.241343	0.00335997	0.459553	residual	failed	-0.0172745			0.237983	0.0365505	0.218874	0.215405	0	0.0498438	0.241343
GCST90558100	GCST90558100	European		unassigned	ref_freqs.hg38.tsv.gz	40295	AFR	0.598966	0.384166	0.415873	residual	passed	0.0174784			0.598966	0	0.186234	0	0	0	0.2148
GCST90558101	GCST90558101	European		unassigned	ref_freqs.hg38.tsv.gz	40298	AFR	0.597731	0.381004	0.415927	residual	passed	0.0171932			0.597731	0	0.185543	0	0	0	0.216726
GCST90558258	GCST90558258	European	EUR	af_assigned	ref_freqs.hg38.tsv.gz	50000	EUR	1	1	0.00476548	ok	passed	0.977535	false		0	0	0	1	0	0	0
GCST90558311	GCST90558311	European	EUR	af_assigned	ref_freqs.hg38.tsv.gz	50000	EUR	0.999747	0.999495	0.00892519	ok	passed	0.977313	false		0.000252586	0	0	0.999747	0	0	0
GCST90558312	GCST90558312	European	EUR	af_assigned	ref_freqs.hg38.tsv.gz	50000	EUR	1	1	0.00909952	ok	passed	0.97738	false		0	0	0	1	0	0	0
GCST90558313	GCST90558313	European	EUR	af_assigned	ref_freqs.hg38.tsv.gz	50000	EUR	1	1	0.00911342	ok	passed	0.977296	false		0	0	0	1	0	0	0
GCST90558314	GCST90558314	European	EUR	af_assigned	ref_freqs.hg38.tsv.gz	50000	EUR	0.99948	0.998961	0.00897221	ok	passed	0.97744	false		0.000519517	0	0	0.99948	0	0	0
GCST90559107	GCST90559107	European		unassigned	ref_freqs.hg38.tsv.gz	668	EUR	0.666119	0.39814	0.233677	overlap	unverified				0.0205451	0	0.0453563	0.666119	0	0	0.267979
GCST90559108	GCST90559108	European		unassigned	ref_freqs.hg38.tsv.gz	516	EUR	0.823919	0.68786	0.24755	overlap	unverified				0.136059	0	0.0400213	0.823919	0	0	0
GCST90559109	GCST90559109	European		unassigned	ref_freqs.hg38.tsv.gz	650	EUR	0.834402	0.744035	0.222749	overlap	unverified				0.0718481	0.0033838	0.0903665	0.834402	0	0	0
GCST90559110	GCST90559110	European		unassigned	ref_freqs.hg38.tsv.gz	608	EUR	0.570561	0.358325	0.229832	overlap	unverified				0.11892	0.0751269	0.0231568	0.570561	0.212236	0	0
GCST90559111	GCST90559111	European		unassigned	ref_freqs.hg38.tsv.gz	808	EUR	0.58911	0.334398	0.204754	overlap	unverified				0	0.254712	0	0.58911	0	0.152302	0.00387711
GCST90559112	GCST90559112	European		unassigned	ref_freqs.hg38.tsv.gz	706	EUR	0.773764	0.653292	0.232287	overlap	unverified				0.105764	0	0	0.773764	0	0	0.120472
GCST90559113	GCST90559113	European		unassigned	ref_freqs.hg38.tsv.gz	746	EUR	0.821152	0.671965	0.244041	overlap	unverified				0.149187	0	0.0296607	0.821152	0	0	0
GCST90559114	GCST90559114	European		unassigned	ref_freqs.hg38.tsv.gz	739	EUR	0.562555	0.340679	0.268841	overlap	unverified				0.106733	0.0747273	0	0.562555	0.221876	0	0.034109
GCST90559115	GCST90559115	European		unassigned	ref_freqs.hg38.tsv.gz	805	EUR	0.806947	0.666831	0.211014	overlap	unverified				0.0470965	0	0	0.806947	0.0058398	0	0.140116
GCST90559116	GCST90559116	European		unassigned	ref_freqs.hg38.tsv.gz	808	EUR	0.8055	0.67534	0.21942	overlap	unverified				0.0643393	0	0	0.8055	0	0	0.130161
GCST90559117	GCST90559117	European		unassigned	ref_freqs.hg38.tsv.gz	713	EUR	0.897395	0.834343	0.248455	overlap	unverified				0.0630526	0.0178044	0.0122254	0.897395	0	0	0.00952227
GCST90559118	GCST90559118	European		unassigned	ref_freqs.hg38.tsv.gz	922	EUR	0.742038	0.653751	0.215464	overlap	unverified				0.088286	0.0736272	0.0829303	0.742038	0	0.0131189	0
GCST90559119	GCST90559119	European		unassigned	ref_freqs.hg38.tsv.gz	538	EUR	0.748047	0.599632	0.268844	overlap	unverified				0.0722177	0	0.03132	0.748047	0	0	0.148415
GCST90559120	GCST90559120	European		unassigned	ref_freqs.hg38.tsv.gz	783	EUR	0.901156	0.83797	0.216808	overlap	unverified				0.0631853	0	0.035659	0.901156	0	0	0
GCST90559121	GCST90559121	European		unassigned	ref_freqs.hg38.tsv.gz	731	EUR	0.774671	0.549342	0.197456	overlap	unverified				0.225329	0	0	0.774671	0	0	0
GCST90559122	GCST90559122	European		unassigned	ref_freqs.hg38.tsv.gz	703	EUR	0.932313	0.88425	0.228692	overlap	unverified				0.0480633	0	0	0.932313	0	0	0.0196237
GCST90559123	GCST90559123	European		unassigned	ref_freqs.hg38.tsv.gz	872	EUR	0.905987	0.811975	0.204308	overlap	unverified				0.0940126	0	0	0.905987	0	0	0
GCST90559124	GCST90559124	European		unassigned	ref_freqs.hg38.tsv.gz	735	EUR	0.722915	0.575451	0.230978	overlap	unverified				0.061	0	0.0686218	0.722915	0.147463	0	0
GCST90559125	GCST90559125	European		unassigned	ref_freqs.hg38.tsv.gz	686	EUR	0.620937	0.386851	0.253335	overlap	unverified				0.234087	0.0923378	0	0.620937	0	0	0.0526384
GCST90559126	GCST90559126	European		unassigned	ref_freqs.hg38.tsv.gz	698	EUR	0.796525	0.685296	0.221934	overlap	unverified				0.0922465	0	0	0.796525	0	0	0.111228
GCST90559127	GCST90559127	European		unassigned	ref_freqs.hg38.tsv.gz	691	SAS	0.252701	0.00186335	0.245958	overlap	unverified				0.083262	0	0.0329277	0.23571	0.144561	0.250838	0.252701
GCST90559128	GCST90559128	European		unassigned	ref_freqs.hg38.tsv.gz	784	EUR	0.932172	0.864344	0.215012	overlap	unverified				0	0	0.0678282	0.932172	0	0	0
GCST90559129	GCST90559129	European		unassigned	ref_freqs.hg38.tsv.gz	1226	EUR	0.723907	0.520592	0.182676	overlap	unverified				0.0264179	0.0463611	0	0.723907	0	0	0.203314
GCST90559130	GCST90559130	European		unassigned	ref_freqs.hg38.tsv.gz	812	EUR	0.65188	0.315611	0.234541	overlap	unverified				0.0118515	0	0	0.65188	0	0	0.336269
GCST90559131	GCST90559131	European		unassigned	ref_freqs.hg38.tsv.gz	713	EUR	0.762361	0.524722	0.25894	overlap	unverified				0.237639	0	0	0.762361	0	0	0
GCST90559132	GCST90559132	European		unassigned	ref_freqs.hg38.tsv.gz	427	EUR	0.577774	0.362298	0.278382	overlap	unverified				0.059603	0	0.215476	0.577774	0	0	0.147146
GCST90559133	GCST90559133	European		unassigned	ref_freqs.hg38.tsv.gz	994	EUR	0.91724	0.861042	0.178609	overlap	unverified				0.0561982	0	0.0265616	0.91724	0	0	0
GCST90559134	GCST90559134	European		unassigned	ref_freqs.hg38.tsv.gz	709	EUR	0.574716	0.232661	0.220545	overlap	unverified				0.0832285	0	0	0.574716	0.342055	0	0
GCST90559135	GCST90559135	European		unassigned	ref_freqs.hg38.tsv.gz	747	EUR	0.775131	0.622044	0.236264	overlap	unverified				0.0316693	0	0	0.775131	0	0.153087	0.0401126
GCST90559136	GCST90559136	European		unassigned	ref_freqs.hg38.tsv.gz	621	EUR	0.816446	0.717821	0.25481	overlap	unverified				0.0503044	0	0.034625	0.816446	0.0986249	0	0
GCST90559137	GCST90559137	European		unassigned	ref_freqs.hg38.tsv.gz	500	EUR	0.660865	0.321729	0.299022	overlap	unverified				0.339135	0	0	0.660865	0	0	0
GCST90559138	GCST90559138	European		unassigned	ref_freqs.hg38.tsv.gz	857	EUR	1	1	0.198267	overlap	unverified				0	0	0	1	0	0	0
GCST90559139	GCST90559139	European		unassigned	ref_freqs.hg38.tsv.gz	417	EUR	0.703379	0.406759	0.31244	overlap	unverified				0.296621	0	0	0.703379	0	0	0
GCST90559140	GCST90559140	European		unassigned	ref_freqs.hg38.tsv.gz	506	EUR	0.635005	0.27001	0.259451	overlap	unverified				0.364995	0	0	0.635005	0	0	0
GCST90559141	GCST90559141	European		unassigned	ref_freqs.hg38.tsv.gz	548	EUR	0.672848	0.499577	0.270133	overlap	unverified				0.128355	0	0.0255268	0.672848	0	0	0.17327
GCST90559142	GCST90559142	European		unassigned	ref_freqs.hg38.tsv.gz	613	EUR	0.802809	0.694412	0.26032	overlap	unverified				0.0887936	0	0.108397	0.802809	0	0	0
GCST90559143	GCST90559143	European		unassigned	ref_freqs.hg38.tsv.gz	635	EUR	0.39015	0.150981	0.265038	overlap	unverified				0.157325	0	0	0.39015	0	0.239169	0.213356
GCST90559144	GCST90559144	European		unassigned	ref_freqs.hg38.tsv.gz	577	EUR	0.764209	0.5411	0.256693	overlap	unverified				0.22311	0	0.0126811	0.764209	0	0	0
GCST90559145	GCST90559145	European		unassigned	ref_freqs.hg38.tsv.gz	538	EUR	0.765235	0.666621	0.261859	overlap	unverified				0.0543811	0.0817708	0.0986135	0.765235	0	0	0
GCST90559146	GCST90559146	European		unassigned	ref_freqs.hg38.tsv.gz	729	EUR	0.95057	0.925525	0.212215	overlap	unverified				0	0	0.0250441	0.95057	0.0243864	0	0
GCST90559147	GCST90559147	European		unassigned	ref_freqs.hg38.tsv.gz	1105	EUR	0.776434	0.552867	0.202499	overlap	unverified				0	0	0	0.776434	0	0	0.223566
GCST90559148	GCST90559148	European		unassigned	ref_freqs.hg38.tsv.gz	654	EUR	0.852962	0.705924	0.249145	overlap	unverified				0	0	0	0.852962	0	0	0.147038
GCST90559149	GCST90559149	European		unassigned	ref_freqs.hg38.tsv.gz	653	EUR	0.840495	0.680989	0.260889	overlap	unverified				0.159505	0	0	0.840495	0	0	0
GCST90559150	GCST90559150	European		unassigned	ref_freqs.hg38.tsv.gz	504	EUR	0.763305	0.586657	0.272218	overlap	unverified				0.176648	0	0.0235987	0.763305	0	0.0244503	0.0119971
GCST90559151	GCST90559151	European		unassigned	ref_freqs.hg38.tsv.gz	770	EUR	0.919571	0.839141	0.236585	overlap	unverified				0.0804293	0	0	0.919571	0	0	0
GCST90559152	GCST90559152	European		unassigned	ref_freqs.hg38.tsv.gz	522	EUR	0.853497	0.706994	0.284097	overlap	unverified				0.146503	0	0	0.853497	0	0	0
GCST90559153	GCST90559153	European		unassigned	ref_freqs.hg38.tsv.gz	865	EUR	0.952624	0.913902	0.213355	overlap	unverified				0.00865421	0.0387218	0	0.952624	0	0	0
GCST90559154	GCST90559154	European		unassigned	ref_freqs.hg38.tsv.gz	506	EUR	0.839702	0.733757	0.235666	overlap	unverified				0.0543532	0.105945	0	0.839702	0	0	0
GCST90559155	GCST90559155	European	EUR	af_assigned	ref_freqs.hg38.tsv.gz	11650	EUR	0.992771	0.987746	0.05025	ok	passed	0.962253	false		0.00164525	0	0.000558917	0.992771	0	0	0.0050247
GCST90559156	GCST90559156	European	EUR	af_assigned	ref_freqs.hg38.tsv.gz	11377	EUR	0.992254	0.985256	0.048934	ok	passed	0.96339	false		0.00699756	0	0.000748677	0.992254	0	0	0
GCST90559157	GCST90559157	European	EUR	af_assigned	ref_freqs.hg38.tsv.gz	11293	EUR	0.990517	0.981035	0.049378	ok	passed	0.963299	false		0.00948251	0	0	0.990517	0	0	0
GCST90559158	GCST90559158	European	EUR	af_assigned	ref_freqs.hg38.tsv.gz	11248	EUR	0.991213	0.982425	0.0461343	ok	passed	0.96503	false		0.00878738	0	0	0.991213	0	0	0
GCST90559159	GCST90559159	European	EUR	af_assigned	ref_freqs.hg38.tsv.gz	12113	EUR	0.988419	0.977502	0.0464302	ok	passed	0.964521	false		0.0109164	0	0.000664975	0.988419	0	0	0
GCST90559160	GCST90559160	European	EUR	af_assigned	ref_freqs.hg38.tsv.gz	11724	EUR	0.977232	0.959929	0.0487274	ok	passed	0.964571	false		0.001769	0	0	0.977232	0	0.0173029	0.00369663
GCST90559161	GCST90559161	European	EUR	af_assigned	ref_freqs.hg38.tsv.gz	12441	EUR	0.993298	0.986596	0.0545024	ok	passed	0.961377	false		0.00670212	0	0	0.993298	0	0	0
GCST90559162	GCST90559162	European	EUR	af_assigned	ref_freqs.hg38.tsv.gz	12367	EUR	0.993416	0.988578	0.0479234	ok	passed	0.965579	false		0.00483732	0	0	0.993416	0	0	0.00174689
GCST90559163	GCST90559163	European	EUR	af_assigned	ref_freqs.hg38.tsv.gz	12594	EUR	0.991443	0.987093	0.0490392	ok	passed	0.964366	false		0.00434993	0	0	0.991443	0	0	0.00420729
GCST90559164	GCST90559164	European	EUR	af_assigned	ref_freqs.hg38.tsv.gz	12428	EUR	0.992606	0.986829	0.0505802	ok	passed	0.963028	false		0.00161592	0	0	0.992606	0	0	0.00577773
GCST90559165	GCST90559165	European	EUR	af_assigned	ref_freqs.hg38.tsv.gz	12360	EUR	0.987619	0.982372	0.0495777	ok	passed	0.964916	false		0.00246683	0.000491435	0	0.987619	0	0.00417659	0.00524658
GCST90559166	GCST90559166	European	EUR	af_assigned	ref_freqs.hg38.tsv.gz	12409	EUR	0.993073	0.990521	0.0504099	ok	passed	0.965061	false		0.00255169	0.000149819	0	0.993073	0	0.00236077	0.0018646
GCST90559167	GCST90559167	European	EUR	af_assigned	ref_freqs.hg38.tsv.gz	11045	EUR	0.991972	0.983945	0.0516318	ok	passed	0.962804	false		0.0080276	0	0	0.991972	0	0	0
GCST90559168	GCST90559168	European	EUR	af_assigned	ref_freqs.hg38.tsv.gz	11503	EUR	0.997929	0.996224	0.0533428	ok	passed	0.96306	false		0.00170467	0	0	0.997929	0	0	0.000366474
GCST90559169	GCST90559169	European	EUR	af_assigned	ref_freqs.hg38.tsv.gz	11102	EUR	0.98998	0.981944	0.0557461	ok	passed	0.961667	false		0.00803619	0	9.79557e-05	0.98998	0	0.0018858	0
GCST90559170	GCST90559170	European	EUR	af_assigned	ref_freqs.hg38.tsv.gz	11341	EUR	0.993216	0.987612	0.0493166	ok	passed	0.966559	false		0.00560383	0	0.000482312	0.993216	0	0	0.000698232
GCST90559171	GCST90559171	European	EUR	af_assigned	ref_freqs.hg38.tsv.gz	11147	EUR	0.993559	0.988038	0.0488876	ok	passed	0.96498	false		0.00552111	0	0	0.993559	0	0	0.000919396
GCST90559172	GCST90559172	European	EUR	af_assigned	ref_freqs.hg38.tsv.gz	11724	EUR	0.994227	0.988454	0.0491774	ok	passed	0.962939	false		0.00577287	0	0	0.994227	0	0	0
GCST90559173	GCST90559173	European	EUR	af_assigned	ref_freqs.hg38.tsv.gz	11092	EUR	0.999592	0.999233	0.0480956	ok	passed	0.965431	false		4.85924e-05	0	0.000359318	0.999592	0	0	0
GCST90559174	GCST90559174	European	EUR	af_assigned	ref_freqs.hg38.tsv.gz	10344	EUR	0.994616	0.989901	0.0523452	ok	passed	0.963081	false		0.00471497	0	0	0.994616	0	0.000668563	0
GCST90559175	GCST90559175	European	EUR	af_assigned	ref_freqs.hg38.tsv.gz	10658	EUR	0.993177	0.987128	0.047174	ok	passed	0.965752	false		0.000289308	0.00604867	0.000485373	0.993177	0	0	0
GCST90559176	GCST90559176	European	EUR	af_assigned	ref_freqs.hg38.tsv.gz	11121	EUR	0.99252	0.98504	0.0504707	ok	passed	0.964045	false		0.00747987	0	0	0.99252	0	0	0
GCST90559177	GCST90559177	European	EUR	af_assigned	ref_freqs.hg38.tsv.gz	11307	EUR	0.994022	0.988044	0.0438224	ok	passed	0.965645	false		0.00597811	0	0	0.994022	0	0	0
GCST90559178	GCST90559178	European	EUR	af_assigned	ref_freqs.hg38.tsv.gz	11366	EUR	0.999078	0.998155	0.0477801	ok	passed	0.96348	false		0.000922355	0	0	0.999078	0	0	0
GCST90559179	GCST90559179	European	EUR	af_assigned	ref_freqs.hg38.tsv.gz	11833	EUR	0.992364	0.985386	0.0472745	ok	passed	0.964255	false		0.000657256	0	0	0.992364	0	0.00697842	0
GCST90559180	GCST90559180	European	EUR	af_assigned	ref_freqs.hg38.tsv.gz	10730	EUR	0.993944	0.989472	0.0496872	ok	passed	0.965726	false		0.00447216	0	0.0015838	0.993944	0	0	0
GCST90559181	GCST90559181	European	EUR	af_assigned	ref_freqs.hg38.tsv.gz	10914	EUR	0.990137	0.982198	0.0489274	ok	passed	0.963751	false		0.00793914	0	0	0.990137	0	0	0.00192419
GCST90559182	GCST90559182	European	EUR	af_assigned	ref_freqs.hg38.tsv.gz	10663	EUR	0.995903	0.992696	0.047959	ok	passed	0.965885	false		0.00320789	0	0	0.995903	0	0.000888687	0
GCST90559183	GCST90559183	European	EUR	af_assigned	ref_freqs.hg38.tsv.gz	11756	EUR	0.993016	0.986031	0.0477402	ok	passed	0.964127	false		0.00698439	0	0	0.993016	0	0	0
GCST90559184	GCST90559184	European	EUR	af_assigned	ref_freqs.hg38.tsv.gz	11488	EUR	0.989568	0.98247	0.0496566	ok	passed	0.964315	false		0.00709793	0	0	0.989568	0	0	0.00333446
GCST90559185	GCST90559185	European	EUR	af_assigned	ref_freqs.hg38.tsv.gz	11597	EUR	0.990704	0.986569	0.0481079	ok	passed	0.966474	false		0.00222861	0	0	0.990704	0	0.0029325	0.0041349
GCST90559186	GCST90559186	European	EUR	af_assigned	ref_freqs.hg38.tsv.gz	11310	EUR	0.997101	0.994224	0.0486754	ok	passed	0.964021	false		0.00287668	0	2.25551e-05	0.997101	0	0	0
GCST90559187	GCST90559187	European	EUR	af_assigned	ref_freqs.hg38.tsv.gz	11033	EUR	0.992664	0.98675	0.0456761	ok	passed	0.966008	false		0	0	0	0.992664	0	0.00591381	0.00142245
GCST90559188	GCST90559188	European	EUR	af_assigned	ref_freqs.hg38.tsv.gz	10703	EUR	0.996006	0.992013	0.0485551	ok	passed	0.96577	false		0	0	0	0.996006	0	0.00399355	0
GCST90559189	GCST90559189	European	EUR	af_assigned	ref_freqs.hg38.tsv.gz	11215	EUR	0.991229	0.982458	0.0504364	ok	passed	0.963317	false		0.00877117	0	0	0.991229	0	0	0
GCST90559190	GCST90559190	European	EUR	af_assigned	ref_freqs.hg38.tsv.gz	11492	EUR	0.993714	0.990142	0.0503218	ok	passed	0.962433	false		0.00271405	0	0.00357219	0.993714	0	0	0
GCST90559191	GCST90559191	European	EUR	af_assigned	ref_freqs.hg38.tsv.gz	11309	EUR	0.997622	0.996175	0.0503	ok	passed	0.963265	false		0.00144677	0	0.000931159	0.997622	0	0	0
GCST90559192	GCST90559192	European	EUR	af_assigned	ref_freqs.hg38.tsv.gz	11397	EUR	0.985888	0.975622	0.0479947	ok	passed	0.965336	false		0.00138527	0.000288617	0.00217199	0.985888	0	0.0102661	0
GCST90559193	GCST90559193	European	EUR	af_assigned	ref_freqs.hg38.tsv.gz	11607	EUR	0.995842	0.99291	0.0466601	ok	passed	0.96592	false		0	0	0.00122614	0.995842	0	0.00293206	0
GCST90559194	GCST90559194	European	EUR	af_assigned	ref_freqs.hg38.tsv.gz	11238	EUR	1	1	0.0482951	ok	passed	0.964378	false		0	0	0	1	0	0	0
GCST90559195	GCST90559195	European	EUR	af_assigned	ref_freqs.hg38.tsv.gz	11257	EUR	0.995045	0.990426	0.047617	ok	passed	0.96663	false		0.00461959	0	0.000335256	0.995045	0	0	0
GCST90559196	GCST90559196	European	EUR	af_assigned	ref_freqs.hg38.tsv.gz	11211	EUR	0.994862	0.99032	0.0467364	ok	passed	0.96427	false		0.00454188	0	0.000596575	0.994862	0	0	0
GCST90559197	GCST90559197	European	EUR	af_assigned	ref_freqs.hg38.tsv.gz	11127	EUR	0.995815	0.992378	0.0492499	ok	passed	0.965358	false		0.003437	0	0.000748092	0.995815	0	0	0
GCST90559198	GCST90559198	European	EUR	af_assigned	ref_freqs.hg38.tsv.gz	11243	EUR	0.984915	0.97792	0.0455913	ok	passed	0.968046	false		0.00530361	0	0.000725392	0.984915	0	0.00699545	0.00206013
GCST90559199	GCST90559199	European	EUR	af_assigned	ref_freqs.hg38.tsv.gz	11649	EUR	0.994492	0.990976	0.0485874	ok	passed	0.965541	false		0.00199113	0	0	0.994492	0	0	0.00351666
GCST90559200	GCST90559200	European	EUR	af_assigned	ref_freqs.hg38.tsv.gz	11224	EUR	0.991936	0.986568	0.0464778	ok	passed	0.966403	false		0.00269642	0	0.00536799	0.991936	0	0	0
GCST90559201	GCST90559201	European	EUR	af_assigned	ref_freqs.hg38.tsv.gz	11786	EUR	0.991065	0.982129	0.0534101	ok	passed	0.961815	false		0.00893538	0	0	0.991065	0	0	0
GCST90559202	GCST90559202	European	EUR	af_assigned	ref_freqs.hg38.tsv.gz	11275	EUR	0.996036	0.992073	0.0469065	ok	passed	0.966003	false		0.00396355	0	0	0.996036	0	0	0
GCST90559203	GCST90559203	European	EUR	af_assigned	ref_freqs.hg38.tsv.gz	12931	EUR	0.98739	0.982117	0.0470537	ok	passed	0.964568	false		0.00446932	0	0.000395638	0.98739	0	0.00247207	0.00527295
GCST90559204	GCST90559204	European	EUR	af_assigned	ref_freqs.hg38.tsv.gz	12412	EUR	0.993057	0.986115	0.0460064	ok	passed	0.964285	false		0.00694261	0	0	0.993057	0	0	0
GCST90559205	GCST90559205	European	EUR	af_assigned	ref_freqs.hg38.tsv.gz	12107	EUR	0.992368	0.984736	0.0466693	ok	passed	0.964496	false		0.00763193	0	0	0.992368	0	0	0
GCST90559206	GCST90559206	European		unassigned	ref_freqs.hg38.tsv.gz	50000	EUR	0.365836	0.128045	0.246108	residual	passed	0.663013			0.181362	0	0.0244798	0.365836	0	0.190531	0.237791
GCST90559207	GCST90559207	European		unassigned	ref_freqs.hg38.tsv.gz	50000	EUR	0.365836	0.128045	0.246108	residual	passed	0.663013			0.181362	0	0.0244798	0.365836	0	0.190531	0.237791
GCST90559208	GCST90559208	European		unassigned	ref_freqs.hg38.tsv.gz	50000	EUR	0.365836	0.128045	0.246108	residual	passed	0.663013			0.181362	0	0.0244798	0.365836	0	0.190531	0.237791
GCST90559209	GCST90559209	European		unassigned	ref_freqs.hg38.tsv.gz	50000	EUR	0.365836	0.128045	0.246108	residual	passed	0.663013			0.181362	0	0.0244798	0.365836	0	0.190531	0.237791
GCST90559210	GCST90559210	European		unassigned	ref_freqs.hg38.tsv.gz	50000	EUR	0.365836	0.128045	0.246108	residual	passed	0.663013			0.181362	0	0.0244798	0.365836	0	0.190531	0.237791
GCST90559211	GCST90559211	European		unassigned	ref_freqs.hg38.tsv.gz	50000	EUR	0.365836	0.128045	0.246108	residual	passed	0.663013			0.181362	0	0.0244798	0.365836	0	0.190531	0.237791
GCST90559212	GCST90559212	European		unassigned	ref_freqs.hg38.tsv.gz	50000	EUR	0.365836	0.128045	0.246108	residual	passed	0.663013			0.181362	0	0.0244798	0.365836	0	0.190531	0.237791
GCST90559213	GCST90559213	European		unassigned	ref_freqs.hg38.tsv.gz	50000	EUR	0.365836	0.128045	0.246108	residual	passed	0.663013			0.181362	0	0.0244798	0.365836	0	0.190531	0.237791
GCST90559214	GCST90559214	European		unassigned	ref_freqs.hg38.tsv.gz	50000	EUR	0.365836	0.128045	0.246108	residual	passed	0.663013			0.181362	0	0.0244798	0.365836	0	0.190531	0.237791
GCST90559215	GCST90559215	European		unassigned	ref_freqs.hg38.tsv.gz	50000	EUR	0.365836	0.128045	0.246108	residual	passed	0.663013			0.181362	0	0.0244798	0.365836	0	0.190531	0.237791
GCST90559216	GCST90559216	European		unassigned	ref_freqs.hg38.tsv.gz	50000	EUR	0.365836	0.128045	0.246108	residual	passed	0.663013			0.181362	0	0.0244798	0.365836	0	0.190531	0.237791
GCST90559217	GCST90559217	European		unassigned	ref_freqs.hg38.tsv.gz	50000	EUR	0.365836	0.128045	0.246108	residual	passed	0.663013			0.181362	0	0.0244798	0.365836	0	0.190531	0.237791
GCST90559218	GCST90559218	European		unassigned	ref_freqs.hg38.tsv.gz	50000	EUR	0.365836	0.128045	0.246108	residual	passed	0.663013			0.181362	0	0.0244798	0.365836	0	0.190531	0.237791
GCST90559219	GCST90559219	European		unassigned	ref_freqs.hg38.tsv.gz	50000	EUR	0.365836	0.128045	0.246108	residual	passed	0.663013			0.181362	0	0.0244798	0.365836	0	0.190531	0.237791
GCST90559220	GCST90559220	European		unassigned	ref_freqs.hg38.tsv.gz	50000	EUR	0.365836	0.128045	0.246108	residual	passed	0.663013			0.181362	0	0.0244798	0.365836	0	0.190531	0.237791
GCST90559221	GCST90559221	European		unassigned	ref_freqs.hg38.tsv.gz	50000	EUR	0.365836	0.128045	0.246108	residual	passed	0.663013			0.181362	0	0.0244798	0.365836	0	0.190531	0.237791
GCST90559222	GCST90559222	European		unassigned	ref_freqs.hg38.tsv.gz	50000	EUR	0.365836	0.128045	0.246108	residual	passed	0.663013			0.181362	0	0.0244798	0.365836	0	0.190531	0.237791
GCST90559223	GCST90559223	European		unassigned	ref_freqs.hg38.tsv.gz	50000	EUR	0.365836	0.128045	0.246108	residual	passed	0.663013			0.181362	0	0.0244798	0.365836	0	0.190531	0.237791
GCST90559224	GCST90559224	European		unassigned	ref_freqs.hg38.tsv.gz	50000	EUR	0.365836	0.128045	0.246108	residual	passed	0.663013			0.181362	0	0.0244798	0.365836	0	0.190531	0.237791
GCST90559225	GCST90559225	European		unassigned	ref_freqs.hg38.tsv.gz	50000	EUR	0.365836	0.128045	0.246108	residual	passed	0.663013			0.181362	0	0.0244798	0.365836	0	0.190531	0.237791
GCST90559226	GCST90559226	European		unassigned	ref_freqs.hg38.tsv.gz	50000	EUR	0.365836	0.128045	0.246108	residual	passed	0.663013			0.181362	0	0.0244798	0.365836	0	0.190531	0.237791
GCST90559227	GCST90559227	European		unassigned	ref_freqs.hg38.tsv.gz	50000	EUR	0.365836	0.128045	0.246108	residual	passed	0.663013			0.181362	0	0.0244798	0.365836	0	0.190531	0.237791
GCST90559243	GCST90559243	European	EUR	af_assigned	ref_freqs.hg38.tsv.gz	50000	EUR	0.997587	0.995719	0.00687606	ok	passed	0.979014	false		0.00029716	0	0	0.997587	0	0.00186841	0.000247089
GCST90559244	GCST90559244	European	EUR	af_assigned	ref_freqs.hg38.tsv.gz	50000	EUR	0.997582	0.995708	0.00687623	ok	passed	0.979014	false		0.000296437	0	0	0.997582	0	0.00187384	0.000247758
GCST90559245	GCST90559245	European	EUR	af_assigned	ref_freqs.hg38.tsv.gz	50000	EUR	0.997588	0.995721	0.00687592	ok	passed	0.979014	false		0.000297404	0	0	0.997588	0	0.00186668	0.000247755
GCST90559246	GCST90559246	European	EUR	af_assigned	ref_freqs.hg38.tsv.gz	50000	EUR	0.997588	0.995721	0.00687592	ok	passed	0.979014	false		0.000297404	0	0	0.997588	0	0.00186668	0.000247755
GCST90559247	GCST90559247	European	EUR	af_assigned	ref_freqs.hg38.tsv.gz	50000	EUR	0.997587	0.995718	0.00687613	ok	passed	0.979014	false		0.000296566	0	0	0.997587	0	0.00186893	0.000247481
GCST90559248	GCST90559248	European	EUR	af_assigned	ref_freqs.hg38.tsv.gz	50000	EUR	0.997582	0.995709	0.00687616	ok	passed	0.979014	false		0.00029703	0	0	0.997582	0	0.00187332	0.000247366
GCST90559249	GCST90559249	European	EUR	af_assigned	ref_freqs.hg38.tsv.gz	50000	EUR	0.997588	0.99572	0.00687607	ok	passed	0.979014	false		0.000297223	0	0	0.997588	0	0.00186797	0.000246988
GCST90559250	GCST90559250	European	EUR	af_assigned	ref_freqs.hg38.tsv.gz	50000	EUR	0.997583	0.995711	0.00687602	ok	passed	0.979014	false		0.000297211	0	0	0.997583	0	0.00187203	0.000248133
GCST90559251	GCST90559251	European	EUR	af_assigned	ref_freqs.hg38.tsv.gz	50000	EUR	0.997588	0.995721	0.00687592	ok	passed	0.979014	false		0.00029734	0	0	0.997588	0	0.00186713	0.000247856
GCST90559252	GCST90559252	European	EUR	af_assigned	ref_freqs.hg38.tsv.gz	50000	EUR	0.997588	0.99572	0.00687607	ok	passed	0.979014	false		0.000297223	0	0	0.997588	0	0.00186797	0.000246988
GCST90559253	GCST90559253	European	EUR	af_assigned	ref_freqs.hg38.tsv.gz	50000	EUR	0.997588	0.995721	0.00687592	ok	passed	0.979014	false		0.00029734	0	0	0.997588	0	0.00186713	0.000247856
GCST90559254	GCST90559254	European	EUR	af_assigned	ref_freqs.hg38.tsv.gz	50000	EUR	0.997583	0.995711	0.00687602	ok	passed	0.979014	false		0.000297211	0	0	0.997583	0	0.00187203	0.000248133
GCST90559255	GCST90559255	European	EUR	af_assigned	ref_freqs.hg38.tsv.gz	50000	EUR	0.997581	0.995706	0.00687638	ok	passed	0.979014	false		0.000296192	0	0	0.997581	0	0.00187557	0.000247092
GCST90559256	GCST90559256	European	EUR	af_assigned	ref_freqs.hg38.tsv.gz	50000	EUR	0.997588	0.995721	0.00687592	ok	passed	0.979014	false		0.00029734	0	0	0.997588	0	0.00186713	0.000247856
GCST90559257	GCST90559257	European	EUR	af_assigned	ref_freqs.hg38.tsv.gz	50000	EUR	0.997582	0.995709	0.00687616	ok	passed	0.979014	false		0.00029703	0	0	0.997582	0	0.00187332	0.000247366
GCST90559258	GCST90559258	European	EUR	af_assigned	ref_freqs.hg38.tsv.gz	50000	EUR	0.997586	0.995716	0.00687628	ok	passed	0.979014	false		0.000296322	0	0	0.997586	0	0.00187067	0.000246814
GCST90559259	GCST90559259	European	EUR	af_assigned	ref_freqs.hg38.tsv.gz	50000	EUR	0.997587	0.995718	0.00687613	ok	passed	0.979014	false		0.000296566	0	0	0.997587	0	0.00186893	0.000247481
GCST90559260	GCST90559260	European	EUR	af_assigned	ref_freqs.hg38.tsv.gz	50000	EUR	0.997587	0.995719	0.00687606	ok	passed	0.979014	false		0.00029716	0	0	0.997587	0	0.00186841	0.000247089
GCST90559261	GCST90559261	European	EUR	af_assigned	ref_freqs.hg38.tsv.gz	50000	EUR	0.997583	0.995712	0.00687602	ok	passed	0.979014	false		0.000297275	0	0	0.997583	0	0.00187159	0.000248032
GCST90559262	GCST90559262	European	EUR	af_assigned	ref_freqs.hg38.tsv.gz	50000	EUR	0.997587	0.995719	0.00687606	ok	passed	0.979014	false		0.00029716	0	0	0.997587	0	0.00186841	0.000247089
GCST90559263	GCST90559263	European	EUR	af_assigned	ref_freqs.hg38.tsv.gz	50000	EUR	0.997583	0.99571	0.00687616	ok	passed	0.979014	false		0.000297094	0	0	0.997583	0	0.00187288	0.000247265
GCST90559264	GCST90559264	European	EUR	af_assigned	ref_freqs.hg38.tsv.gz	50000	EUR	0.997586	0.995716	0.00687628	ok	passed	0.979014	false		0.000296322	0	0	0.997586	0	0.00187067	0.000246814
GCST90559265	GCST90559265	European	EUR	af_assigned	ref_freqs.hg38.tsv.gz	50000	EUR	0.997581	0.995707	0.00687623	ok	passed	0.979014	false		0.000296373	0	0	0.997581	0	0.00187429	0.000247858
GCST90559266	GCST90559266	European	EUR	af_assigned	ref_freqs.hg38.tsv.gz	50000	EUR	0.997586	0.995716	0.00687628	ok	passed	0.979014	false		0.000296322	0	0	0.997586	0	0.00187067	0.000246814
GCST90559267	GCST90559267	European	EUR	af_assigned	ref_freqs.hg38.tsv.gz	50000	EUR	0.997583	0.995711	0.00687602	ok	passed	0.979014	false		0.000297211	0	0	0.997583	0	0.00187203	0.000248133
GCST90565360	GCST90565360	European		unassigned	ref_freqs.hg38.tsv.gz	0		0	0		overlap	unverified										
GCST90565439	GCST90565439	European	EUR	af_assigned	ref_freqs.hg38.tsv.gz	50000	EUR	0.983275	0.969573	0.0110344	ok	passed	0.979793	false		0.00128936	0.00173422	0	0.983275	0	0.0137017	0
GCST90565469	GCST90565469	European	EUR	af_assigned	ref_freqs.hg38.tsv.gz	50000	EUR	0.997805	0.99561	0.0122471	ok	passed	0.979447	false		0.00219522	0	0	0.997805	0	0	0
GCST90565470	GCST90565470	European	EUR	af_assigned	ref_freqs.hg38.tsv.gz	50000	EUR	0.99699	0.993979	0.0135106	ok	passed	0.979263	false		0.00301034	0	0	0.99699	0	0	0
GCST90565471	GCST90565471	European	EUR	af_assigned	ref_freqs.hg38.tsv.gz	50000	EUR	1	1	0.0115195	ok	passed	0.979094	false		0	0	0	1	0	0	0
GCST90565472	GCST90565472	European	EUR	af_assigned	ref_freqs.hg38.tsv.gz	50000	EUR	0.998189	0.996378	0.0124725	ok	passed	0.979507	false		0.0018111	0	0	0.998189	0	0	0
GCST90565473	GCST90565473	European	EUR	af_assigned	ref_freqs.hg38.tsv.gz	50000	EUR	0.999394	0.998788	0.0104907	ok	passed	0.979835	false		0.000606226	0	0	0.999394	0	0	0
GCST90565474	GCST90565474	European	EUR	af_assigned	ref_freqs.hg38.tsv.gz	50000	EUR	0.998646	0.997575	0.0120237	ok	passed	0.979606	false		0.00107059	0.000283542	0	0.998646	0	0	0
GCST90565475	GCST90565475	European	EUR	af_assigned	ref_freqs.hg38.tsv.gz	50000	EUR	0.998712	0.997424	0.0101975	ok	passed	0.979534	false		0	0	0	0.998712	0	0	0.00128808
GCST90565476	GCST90565476	European	EUR	af_assigned	ref_freqs.hg38.tsv.gz	50000	EUR	0.999517	0.999034	0.00978902	ok	passed	0.97966	false		0	0	0	0.999517	0	0	0.000483052
GCST90565484	GCST90565484	European	EUR	af_assigned	ref_freqs.hg38.tsv.gz	50000	EUR	1	1	0.00475166	ok	passed	0.976347	false		0	0	0	1	0	0	0
GCST90565570	GCST90565570	European	EUR	af_assigned	ref_freqs.hg38.tsv.gz	50000	EUR	1	1	0.0046375	ok	passed	0.977475	false		0	0	0	1	0	0	0
GCST90565571	GCST90565571	European	EUR	af_assigned	ref_freqs.hg38.tsv.gz	50000	EUR	1	1	0.0046375	ok	passed	0.977475	false		0	0	0	1	0	0	0
GCST90565572	GCST90565572	European	EUR	af_assigned	ref_freqs.hg38.tsv.gz	50000	EUR	1	1	0.0046375	ok	passed	0.977475	false		0	0	0	1	0	0	0
GCST90565573	GCST90565573	European	EUR	af_assigned	ref_freqs.hg38.tsv.gz	50000	EUR	1	1	0.0046375	ok	passed	0.977475	false		0	0	0	1	0	0	0
GCST90565574	GCST90565574	European	EUR	af_assigned	ref_freqs.hg38.tsv.gz	50000	EUR	1	1	0.0046375	ok	passed	0.977475	false		0	0	0	1	0	0	0
GCST90565575	GCST90565575	European	EUR	af_assigned	ref_freqs.hg38.tsv.gz	50000	EUR	1	1	0.0046375	ok	passed	0.977475	false		0	0	0	1	0	0	0
GCST90565576	GCST90565576	European	EUR	af_assigned	ref_freqs.hg38.tsv.gz	50000	EUR	1	1	0.0046375	ok	passed	0.977475	false		0	0	0	1	0	0	0
GCST90565577	GCST90565577	European	EUR	af_assigned	ref_freqs.hg38.tsv.gz	50000	EUR	1	1	0.0046375	ok	passed	0.977475	false		0	0	0	1	0	0	0
GCST90565578	GCST90565578	European	EUR	af_assigned	ref_freqs.hg38.tsv.gz	50000	EUR	1	1	0.0046375	ok	passed	0.977475	false		0	0	0	1	0	0	0
GCST90565579	GCST90565579	European	EUR	af_assigned	ref_freqs.hg38.tsv.gz	50000	EUR	1	1	0.0046375	ok	passed	0.977475	false		0	0	0	1	0	0	0
GCST90565580	GCST90565580	European	EUR	af_assigned	ref_freqs.hg38.tsv.gz	50000	EUR	1	1	0.0046375	ok	passed	0.977475	false		0	0	0	1	0	0	0
GCST90565581	GCST90565581	European	EUR	af_assigned	ref_freqs.hg38.tsv.gz	50000	EUR	1	1	0.0046375	ok	passed	0.977475	false		0	0	0	1	0	0	0
GCST90565582	GCST90565582	European	EUR	af_assigned	ref_freqs.hg38.tsv.gz	50000	EUR	1	1	0.0046375	ok	passed	0.977475	false		0	0	0	1	0	0	0
GCST90565583	GCST90565583	European	EUR	af_assigned	ref_freqs.hg38.tsv.gz	50000	EUR	1	1	0.0046375	ok	passed	0.977475	false		0	0	0	1	0	0	0
GCST90565679	GCST90565679	European	EUR	af_assigned	ref_freqs.hg38.tsv.gz	50000	EUR	0.995444	0.993477	0.00959307	ok	passed	0.991398	false		0.000928235	0.000874116	0.000786503	0.995444	0	0	0.00196732
GCST90565680	GCST90565680	European	EUR	af_assigned	ref_freqs.hg38.tsv.gz	50000	EUR	0.995375	0.993501	0.009175	ok	passed	0.991445	false		0.00116958	0.000757648	0.000823625	0.995375	0	0	0.00187401
GCST90565681	GCST90565681	European	EUR	af_assigned	ref_freqs.hg38.tsv.gz	50000	EUR	0.995442	0.993473	0.00959335	ok	passed	0.991398	false		0.000928727	0.000876602	0.000783485	0.995442	0	0	0.00196887
GCST90565682	GCST90565682	European	EUR	af_assigned	ref_freqs.hg38.tsv.gz	50000	EUR	0.995452	0.993608	0.00916492	ok	passed	0.991444	false		0.00110958	0.000773163	0.000821046	0.995452	0	0	0.00184424
GCST90565683	GCST90565683	European	EUR	af_assigned	ref_freqs.hg38.tsv.gz	50000	EUR	0.995444	0.993477	0.00959307	ok	passed	0.991398	false		0.000928235	0.000874116	0.000786503	0.995444	0	0	0.00196732
GCST90565684	GCST90565684	European	EUR	af_assigned	ref_freqs.hg38.tsv.gz	50000	EUR	0.995518	0.993577	0.00958395	ok	passed	0.991397	false		0.000869221	0.000894605	0.000777888	0.995518	0	0	0.00194066
GCST90565685	GCST90565685	European	EUR	af_assigned	ref_freqs.hg38.tsv.gz	50000	EUR	0.99545	0.993605	0.00916521	ok	passed	0.991444	false		0.00111007	0.00077565	0.000818028	0.99545	0	0	0.00184579
GCST90565686	GCST90565686	European	EUR	af_assigned	ref_freqs.hg38.tsv.gz	50000	EUR	0.995444	0.993477	0.00959307	ok	passed	0.991398	false		0.000928235	0.000874116	0.000786503	0.995444	0	0	0.00196732
GCST90565687	GCST90565687	European	EUR	af_assigned	ref_freqs.hg38.tsv.gz	50000	EUR	0.995375	0.993501	0.009175	ok	passed	0.991445	false		0.00116958	0.000757648	0.000823625	0.995375	0	0	0.00187401
GCST90565688	GCST90565688	European	EUR	af_assigned	ref_freqs.hg38.tsv.gz	50000	EUR	0.995519	0.99358	0.00958366	ok	passed	0.991397	false		0.00086873	0.000892118	0.000780907	0.995519	0	0	0.00193911
GCST90565689	GCST90565689	European	EUR	af_assigned	ref_freqs.hg38.tsv.gz	50000	EUR	0.995377	0.993504	0.00917471	ok	passed	0.991445	false		0.00116908	0.000755161	0.000826643	0.995377	0	0	0.00187246
GCST90565690	GCST90565690	European	EUR	af_assigned	ref_freqs.hg38.tsv.gz	50000	EUR	0.995377	0.993504	0.00917471	ok	passed	0.991445	false		0.00116908	0.000755161	0.000826643	0.995377	0	0	0.00187246
GCST90565691	GCST90565691	European	EUR	af_assigned	ref_freqs.hg38.tsv.gz	50000	EUR	0.99545	0.993605	0.00916521	ok	passed	0.991444	false		0.00111007	0.00077565	0.000818028	0.99545	0	0	0.00184579
GCST90565692	GCST90565692	European	EUR	af_assigned	ref_freqs.hg38.tsv.gz	50000	EUR	0.995442	0.993473	0.00959335	ok	passed	0.991398	false		0.000928727	0.000876602	0.000783485	0.995442	0	0	0.00196887
GCST90565693	GCST90565693	European	EUR	af_assigned	ref_freqs.hg38.tsv.gz	50000	EUR	0.995442	0.993473	0.00959335	ok	passed	0.991398	false		0.000928727	0.000876602	0.000783485	0.995442	0	0	0.00196887
GCST90565694	GCST90565694	European	EUR	af_assigned	ref_freqs.hg38.tsv.gz	50000	EUR	0.995377	0.993504	0.00917471	ok	passed	0.991445	false		0.00116908	0.000755161	0.000826643	0.995377	0	0	0.00187246
GCST90565695	GCST90565695	European	EUR	af_assigned	ref_freqs.hg38.tsv.gz	50000	EUR	0.995375	0.993501	0.009175	ok	passed	0.991445	false		0.00116958	0.000757648	0.000823625	0.995375	0	0	0.00187401
GCST90565696	GCST90565696	European	EUR	af_assigned	ref_freqs.hg38.tsv.gz	50000	EUR	0.995444	0.993477	0.00959307	ok	passed	0.991398	false		0.000928235	0.000874116	0.000786503	0.995444	0	0	0.00196732
GCST90565697	GCST90565697	European	EUR	af_assigned	ref_freqs.hg38.tsv.gz	50000	EUR	0.995444	0.993477	0.00959307	ok	passed	0.991398	false		0.000928235	0.000874116	0.000786503	0.995444	0	0	0.00196732
GCST90565698	GCST90565698	European	EUR	af_assigned	ref_freqs.hg38.tsv.gz	50000	EUR	0.995452	0.993608	0.00916492	ok	passed	0.991444	false		0.00110958	0.000773163	0.000821046	0.995452	0	0	0.00184424
GCST90565699	GCST90565699	European	EUR	af_assigned	ref_freqs.hg38.tsv.gz	50000	EUR	0.995375	0.993501	0.009175	ok	passed	0.991445	false		0.00116958	0.000757648	0.000823625	0.995375	0	0	0.00187401
GCST90565700	GCST90565700	European	EUR	af_assigned	ref_freqs.hg38.tsv.gz	50000	EUR	0.995377	0.993504	0.00917471	ok	passed	0.991445	false		0.00116908	0.000755161	0.000826643	0.995377	0	0	0.00187246
GCST90565701	GCST90565701	European	EUR	af_assigned	ref_freqs.hg38.tsv.gz	50000	EUR	0.99545	0.993605	0.00916521	ok	passed	0.991444	false		0.00111007	0.00077565	0.000818028	0.99545	0	0	0.00184579
GCST90565702	GCST90565702	European	EUR	af_assigned	ref_freqs.hg38.tsv.gz	50000	EUR	0.995518	0.993577	0.00958395	ok	passed	0.991397	false		0.000869221	0.000894605	0.000777888	0.995518	0	0	0.00194066
GCST90565703	GCST90565703	European	EUR	af_assigned	ref_freqs.hg38.tsv.gz	50000	EUR	0.995444	0.993477	0.00959307	ok	passed	0.991398	false		0.000928235	0.000874116	0.000786503	0.995444	0	0	0.00196732
GCST90565704	GCST90565704	European	EUR	af_assigned	ref_freqs.hg38.tsv.gz	50000	EUR	0.995377	0.993504	0.00917471	ok	passed	0.991445	false		0.00116908	0.000755161	0.000826643	0.995377	0	0	0.00187246
GCST90565705	GCST90565705	European	EUR	af_assigned	ref_freqs.hg38.tsv.gz	50000	EUR	0.995444	0.993477	0.00959307	ok	passed	0.991398	false		0.000928235	0.000874116	0.000786503	0.995444	0	0	0.00196732
GCST90565706	GCST90565706	European	EUR	af_assigned	ref_freqs.hg38.tsv.gz	50000	EUR	0.995452	0.993608	0.00916492	ok	passed	0.991444	false		0.00110958	0.000773163	0.000821046	0.995452	0	0	0.00184424
GCST90565707	GCST90565707	European	EUR	af_assigned	ref_freqs.hg38.tsv.gz	50000	EUR	0.995452	0.993608	0.00916492	ok	passed	0.991444	false		0.00110958	0.000773163	0.000821046	0.995452	0	0	0.00184424
GCST90565775	GCST90565775	European	EUR	af_assigned	ref_freqs.hg38.tsv.gz	50000	EUR	0.978843	0.95885	0.0126621	ok	passed	0.979178	false		0.000549051	0.000615167	0	0.978843	0	0.019993	0
GCST90565836	GCST90565836	European	EUR	af_assigned	ref_freqs.hg38.tsv.gz	50000	EUR	1	1	0.00477981	ok	passed	0.97811	false		0	0	0	1	0	0	0
GCST90565837	GCST90565837	European	EUR	af_assigned	ref_freqs.hg38.tsv.gz	50000	EUR	1	1	0.00477236	ok	passed	0.978111	false		0	0	0	1	0	0	0
GCST90565838	GCST90565838	European	EUR	af_assigned	ref_freqs.hg38.tsv.gz	50000	EUR	1	1	0.00547256	ok	passed	0.978067	false		0	0	0	1	0	0	0
GCST90565839	GCST90565839	European	EUR	af_assigned	ref_freqs.hg38.tsv.gz	50000	EUR	1	1	0.00571351	ok	passed	0.978086	false		0	0	0	1	0	0	0
GCST90565840	GCST90565840	European	EUR	af_assigned	ref_freqs.hg38.tsv.gz	50000	EUR	1	1	0.00506337	ok	passed	0.978096	false		0	0	0	1	0	0	0
GCST90565841	GCST90565841	European	EUR	af_assigned	ref_freqs.hg38.tsv.gz	50000	EUR	1	1	0.00570798	ok	passed	0.978082	false		0	0	0	1	0	0	0
GCST90565842	GCST90565842	European	EUR	af_assigned	ref_freqs.hg38.tsv.gz	50000	EUR	1	1	0.00481922	ok	passed	0.978094	false		0	0	0	1	0	0	0
GCST90565843	GCST90565843	European	EUR	af_assigned	ref_freqs.hg38.tsv.gz	50000	EUR	1	1	0.00550812	ok	passed	0.978068	false		0	0	0	1	0	0	0
GCST90565844	GCST90565844	European	EUR	af_assigned	ref_freqs.hg38.tsv.gz	50000	EUR	1	1	0.0047782	ok	passed	0.978091	false		0	0	0	1	0	0	0
GCST90565845	GCST90565845	European	EUR	af_assigned	ref_freqs.hg38.tsv.gz	50000	EUR	1	1	0.00572554	ok	passed	0.978053	false		0	0	0	1	0	0	0
GCST90565846	GCST90565846	European	EUR	af_assigned	ref_freqs.hg38.tsv.gz	50000	EUR	1	1	0.00577671	ok	passed	0.978085	false		0	0	0	1	0	0	0
GCST90565847	GCST90565847	European	EUR	af_assigned	ref_freqs.hg38.tsv.gz	50000	EUR	1	1	0.00489024	ok	passed	0.978107	false		0	0	0	1	0	0	0
GCST90565848	GCST90565848	European	EUR	af_assigned	ref_freqs.hg38.tsv.gz	50000	EUR	1	1	0.00561546	ok	passed	0.978058	false		0	0	0	1	0	0	0
GCST90565849	GCST90565849	European	EUR	af_assigned	ref_freqs.hg38.tsv.gz	50000	EUR	1	1	0.00584814	ok	passed	0.978103	false		0	0	0	1	0	0	0
GCST90565850	GCST90565850	European	EUR	af_assigned	ref_freqs.hg38.tsv.gz	50000	EUR	1	1	0.0056908	ok	passed	0.978064	false		0	0	0	1	0	0	0
GCST90565851	GCST90565851	European	EUR	af_assigned	ref_freqs.hg38.tsv.gz	50000	EUR	1	1	0.00510325	ok	passed	0.978133	false		0	0	0	1	0	0	0
GCST90565852	GCST90565852	European	EUR	af_assigned	ref_freqs.hg38.tsv.gz	50000	EUR	1	1	0.00553533	ok	passed	0.978091	false		0	0	0	1	0	0	0
GCST90565853	GCST90565853	European	EUR	af_assigned	ref_freqs.hg38.tsv.gz	50000	EUR	1	1	0.00488659	ok	passed	0.978107	false		0	0	0	1	0	0	0
GCST90565854	GCST90565854	European	EUR	af_assigned	ref_freqs.hg38.tsv.gz	50000	EUR	1	1	0.00589968	ok	passed	0.97805	false		0	0	0	1	0	0	0
GCST90565855	GCST90565855	European	EUR	af_assigned	ref_freqs.hg38.tsv.gz	50000	EUR	1	1	0.00582541	ok	passed	0.978062	false		0	0	0	1	0	0	0
GCST90565856	GCST90565856	European	EUR	af_assigned	ref_freqs.hg38.tsv.gz	50000	EUR	1	1	0.00556363	ok	passed	0.978094	false		0	0	0	1	0	0	0
GCST90565857	GCST90565857	European	EUR	af_assigned	ref_freqs.hg38.tsv.gz	50000	EUR	1	1	0.00556854	ok	passed	0.978064	false		0	0	0	1	0	0	0
GCST90565858	GCST90565858	European	EUR	af_assigned	ref_freqs.hg38.tsv.gz	50000	EUR	1	1	0.00561638	ok	passed	0.978058	false		0	0	0	1	0	0	0
GCST90565859	GCST90565859	European	EUR	af_assigned	ref_freqs.hg38.tsv.gz	50000	EUR	1	1	0.00560229	ok	passed	0.978113	false		0	0	0	1	0	0	0
GCST90565860	GCST90565860	European	EUR	af_assigned	ref_freqs.hg38.tsv.gz	50000	EUR	1	1	0.00593794	ok	passed	0.978053	false		0	0	0	1	0	0	0
GCST90565861	GCST90565861	European	EUR	af_assigned	ref_freqs.hg38.tsv.gz	50000	EUR	1	1	0.00510325	ok	passed	0.978133	false		0	0	0	1	0	0	0
GCST90565862	GCST90565862	European	EUR	af_assigned	ref_freqs.hg38.tsv.gz	50000	EUR	1	1	0.00553533	ok	passed	0.978091	false		0	0	0	1	0	0	0
GCST90565863	GCST90565863	European	EUR	af_assigned	ref_freqs.hg38.tsv.gz	50000	EUR	1	1	0.00488659	ok	passed	0.978107	false		0	0	0	1	0	0	0
GCST90565864	GCST90565864	European	EUR	af_assigned	ref_freqs.hg38.tsv.gz	50000	EUR	1	1	0.00525921	ok	passed	0.978093	false		0	0	0	1	0	0	0
GCST90565865	GCST90565865	European	EUR	af_assigned	ref_freqs.hg38.tsv.gz	50000	EUR	1	1	0.00561517	ok	passed	0.978071	false		0	0	0	1	0	0	0
GCST90565869	GCST90565869	European		unassigned	ref_freqs.hg38.tsv.gz	50000	EUR	0.877135	0.817678	0.0646153	residual	passed	0.965769			0.0594572	0	0.0168683	0.877135	0	0	0.0465392
GCST90565870	GCST90565870	European	EUR	af_assigned	ref_freqs.hg38.tsv.gz	50000	EUR	0.897421	0.847084	0.0545388	ok	passed	0.969078	false		0.0503363	0	0.0137481	0.897421	0	0	0.0384949
GCST90565871	GCST90565871	European	EUR	af_assigned	ref_freqs.hg38.tsv.gz	50000	EUR	0.995052	0.99215	0.00546448	ok	passed	0.977786	false		0	0.000727308	0	0.995052	0	0.00131875	0.00290192
GCST90565872	GCST90565872	European	EUR	af_assigned	ref_freqs.hg38.tsv.gz	50000	EUR	0.995052	0.99215	0.00546448	ok	passed	0.977786	false		0	0.000727308	0	0.995052	0	0.00131875	0.00290192
GCST90566392	GCST90566392	European		unassigned	ref_freqs.hg38.tsv.gz	50000	AFR	0.663347	0.326693	0.535636	eaf_orientation	failed	-0.686567			0.663347	0	0.336653	0	0	0	0
GCST90566393	GCST90566393	European		unassigned	ref_freqs.hg38.tsv.gz	50000	AFR	0.664574	0.329147	0.535533	eaf_orientation	failed	-0.686089			0.664574	0	0.335426	0	0	0	0
GCST90566440	GCST90566440	European	EUR	af_assigned	ref_freqs.hg38.tsv.gz	50000	EUR	0.959224	0.941672	0.00533299	ok	passed	0.980876	false		0.0146631	0.00176948	0.00293779	0.959224	0	0.00385337	0.0175523
GCST90566441	GCST90566441	European	EUR	af_assigned	ref_freqs.hg38.tsv.gz	50000	EUR	0.956155	0.937059	0.00508801	ok	passed	0.981221	false		0.0163718	0.00181593	0.00360962	0.956155	0	0.00295109	0.0190963
GCST90566442	GCST90566442	European	EUR	af_assigned	ref_freqs.hg38.tsv.gz	50000	EUR	0.957265	0.938873	0.00537016	ok	passed	0.981027	false		0.0154614	0.0017595	0.00316645	0.957265	0	0.00395603	0.0183916
GCST90566682	GCST90566682	European	EUR	af_assigned	ref_freqs.hg38.tsv.gz	50000	EUR	1	1	0.00637417	ok	passed	0.978118	false		0	0	0	1	0	0	0
GCST90566683	GCST90566683	European	EUR	af_assigned	ref_freqs.hg38.tsv.gz	50000	EUR	1	1	0.00637801	ok	passed	0.978118	false		0	0	0	1	0	0	0
GCST90566684	GCST90566684	European	EUR	af_assigned	ref_freqs.hg38.tsv.gz	50000	EUR	1	1	0.00638512	ok	passed	0.978135	false		0	0	0	1	0	0	0
GCST90566685	GCST90566685	European	EUR	af_assigned	ref_freqs.hg38.tsv.gz	50000	EUR	1	1	0.00741018	ok	passed	0.978066	false		0	0	0	1	0	0	0
GCST90566686	GCST90566686	European	EUR	af_assigned	ref_freqs.hg38.tsv.gz	50000	EUR	1	1	0.00739544	ok	passed	0.978069	false		0	0	0	1	0	0	0
GCST90566687	GCST90566687	European	EUR	af_assigned	ref_freqs.hg38.tsv.gz	50000	EUR	1	1	0.007396	ok	passed	0.978041	false		0	0	0	1	0	0	0
GCST90566688	GCST90566688	European	EUR	af_assigned	ref_freqs.hg38.tsv.gz	50000	EUR	1	1	0.0073955	ok	passed	0.978041	false		0	0	0	1	0	0	0
GCST90566689	GCST90566689	European	EUR	af_assigned	ref_freqs.hg38.tsv.gz	50000	EUR	1	1	0.00739648	ok	passed	0.978042	false		0	0	0	1	0	0	0
GCST90566690	GCST90566690	European	EUR	af_assigned	ref_freqs.hg38.tsv.gz	50000	EUR	1	1	0.00637521	ok	passed	0.978104	false		0	0	0	1	0	0	0
GCST90566691	GCST90566691	European	EUR	af_assigned	ref_freqs.hg38.tsv.gz	50000	EUR	1	1	0.00739412	ok	passed	0.978054	false		0	0	0	1	0	0	0
GCST90566692	GCST90566692	European	EUR	af_assigned	ref_freqs.hg38.tsv.gz	50000	EUR	1	1	0.00637255	ok	passed	0.978118	false		0	0	0	1	0	0	0
GCST90566693	GCST90566693	European	EUR	af_assigned	ref_freqs.hg38.tsv.gz	50000	EUR	1	1	0.00739297	ok	passed	0.978056	false		0	0	0	1	0	0	0
GCST90566694	GCST90566694	European	EUR	af_assigned	ref_freqs.hg38.tsv.gz	50000	EUR	1	1	0.00637458	ok	passed	0.978104	false		0	0	0	1	0	0	0
GCST90566695	GCST90566695	European	EUR	af_assigned	ref_freqs.hg38.tsv.gz	50000	EUR	1	1	0.0072761	ok	passed	0.977975	false		0	0	0	1	0	0	0
GCST90566696	GCST90566696	European		unassigned	ref_freqs.hg38.tsv.gz	50000	EUR	0.683565	0.522766	0.181971	residual	passed	0.787229			0.160799	0	0.028101	0.683565	0	0	0.127534
GCST90566697	GCST90566697	European		unassigned	ref_freqs.hg38.tsv.gz	50000	EUR	0.681828	0.523226	0.180432	residual	passed	0.788236			0.158602	0	0.0271879	0.681828	0	0	0.132383
GCST90566698	GCST90566698	European	EUR	af_assigned	ref_freqs.hg38.tsv.gz	50000	EUR	1	1	0.00727033	ok	passed	0.978006	false		0	0	0	1	0	0	0
GCST90566699	GCST90566699	European		unassigned	ref_freqs.hg38.tsv.gz	50000	EUR	0.961875	0.934561	0.0711914	residual	passed	0.952624			0.0273138	0.00517633	0	0.961875	0	0	0.00563491
GCST90566700	GCST90566700	European	EUR	af_assigned	ref_freqs.hg38.tsv.gz	50000	EUR	1	1	0.00504914	ok	passed	0.977424	false		0	0	0	1	0	0	0
GCST90566701	GCST90566701	European	EUR	af_assigned	ref_freqs.hg38.tsv.gz	50000	EUR	1	1	0.00726004	ok	passed	0.977999	false		0	0	0	1	0	0	0
GCST90566702	GCST90566702	European	EUR	af_assigned	ref_freqs.hg38.tsv.gz	50000	EUR	1	1	0.00725521	ok	passed	0.978008	false		0	0	0	1	0	0	0
GCST90566703	GCST90566703	European	EUR	af_assigned	ref_freqs.hg38.tsv.gz	50000	EUR	1	1	0.00458765	ok	passed	0.977103	false		0	0	0	1	0	0	0
GCST90566704	GCST90566704	European	EUR	af_assigned	ref_freqs.hg38.tsv.gz	50000	EUR	1	1	0.00727591	ok	passed	0.977996	false		0	0	0	1	0	0	0
GCST90566705	GCST90566705	European	EUR	af_assigned	ref_freqs.hg38.tsv.gz	50000	EUR	1	1	0.00730231	ok	passed	0.977825	false		0	0	0	1	0	0	0
GCST90566706	GCST90566706	European	EUR	af_assigned	ref_freqs.hg38.tsv.gz	50000	EUR	1	1	0.00457754	ok	passed	0.977193	false		0	0	0	1	0	0	0
GCST90566707	GCST90566707	European	EUR	af_assigned	ref_freqs.hg38.tsv.gz	50000	EUR	0.989065	0.98047	0.012603	ok	passed	0.978368	false		0	0	0	0.989065	0.00233984	0.0085952	0
GCST90566708	GCST90566708	European	EUR	af_assigned	ref_freqs.hg38.tsv.gz	50000	EUR	0.989128	0.980534	0.0126038	ok	passed	0.978368	false		0	0	0	0.989128	0.00227686	0.00859477	0
GCST90566709	GCST90566709	European	EUR	af_assigned	ref_freqs.hg38.tsv.gz	50000	EUR	0.996666	0.99346	0.00457737	ok	passed	0.990455	false		0	5.15555e-05	7.69775e-05	0.996666	0	0	0.00320559
GCST90566710	GCST90566710	European	EUR	af_assigned	ref_freqs.hg38.tsv.gz	50000	EUR	0.996666	0.99346	0.00457737	ok	passed	0.990455	false		0	5.15555e-05	7.69775e-05	0.996666	0	0	0.00320559
GCST90566711	GCST90566711	European	EUR	af_assigned	ref_freqs.hg38.tsv.gz	50000	EUR	0.996666	0.99346	0.00457737	ok	passed	0.990455	false		0	5.15555e-05	7.69775e-05	0.996666	0	0	0.00320559
GCST90566712	GCST90566712	European	EUR	af_assigned	ref_freqs.hg38.tsv.gz	50000	EUR	0.996666	0.99346	0.00457737	ok	passed	0.990455	false		0	5.15555e-05	7.69775e-05	0.996666	0	0	0.00320559
GCST90566713	GCST90566713	European	EUR	af_assigned	ref_freqs.hg38.tsv.gz	50000	EUR	0.996666	0.99346	0.00457737	ok	passed	0.990455	false		0	5.15555e-05	7.69775e-05	0.996666	0	0	0.00320559
GCST90566714	GCST90566714	European	EUR	af_assigned	ref_freqs.hg38.tsv.gz	50000	EUR	0.996666	0.99346	0.00457737	ok	passed	0.990455	false		0	5.15555e-05	7.69775e-05	0.996666	0	0	0.00320559
GCST90566715	GCST90566715	European	EUR	af_assigned	ref_freqs.hg38.tsv.gz	50000	EUR	0.996666	0.99346	0.00457737	ok	passed	0.990455	false		0	5.15555e-05	7.69775e-05	0.996666	0	0	0.00320559
GCST90566716	GCST90566716	European	EUR	af_assigned	ref_freqs.hg38.tsv.gz	50000	EUR	0.996666	0.99346	0.00457737	ok	passed	0.990455	false		0	5.15555e-05	7.69775e-05	0.996666	0	0	0.00320559
GCST90566717	GCST90566717	European	EUR	af_assigned	ref_freqs.hg38.tsv.gz	50000	EUR	0.996666	0.99346	0.00457737	ok	passed	0.990455	false		0	5.15555e-05	7.69775e-05	0.996666	0	0	0.00320559
GCST90566718	GCST90566718	European	EUR	af_assigned	ref_freqs.hg38.tsv.gz	50000	EUR	0.996666	0.99346	0.00457737	ok	passed	0.990455	false		0	5.15555e-05	7.69775e-05	0.996666	0	0	0.00320559
GCST90566719	GCST90566719	European	EUR	af_assigned	ref_freqs.hg38.tsv.gz	50000	EUR	0.996666	0.99346	0.00457737	ok	passed	0.990455	false		0	5.15555e-05	7.69775e-05	0.996666	0	0	0.00320559
GCST90566720	GCST90566720	European	EUR	af_assigned	ref_freqs.hg38.tsv.gz	50000	EUR	0.996666	0.99346	0.00457737	ok	passed	0.990455	false		0	5.15555e-05	7.69775e-05	0.996666	0	0	0.00320559
GCST90566721	GCST90566721	European	EUR	af_assigned	ref_freqs.hg38.tsv.gz	50000	EUR	0.996666	0.99346	0.00457737	ok	passed	0.990455	false		0	5.15555e-05	7.69775e-05	0.996666	0	0	0.00320559
GCST90566722	GCST90566722	European	EUR	af_assigned	ref_freqs.hg38.tsv.gz	50000	EUR	0.996666	0.99346	0.00457737	ok	passed	0.990455	false		0	5.15555e-05	7.69775e-05	0.996666	0	0	0.00320559
GCST90566723	GCST90566723	European	EUR	af_assigned	ref_freqs.hg38.tsv.gz	50000	EUR	0.996666	0.99346	0.00457737	ok	passed	0.990455	false		0	5.15555e-05	7.69775e-05	0.996666	0	0	0.00320559
GCST90566724	GCST90566724	European	EUR	af_assigned	ref_freqs.hg38.tsv.gz	50000	EUR	0.996666	0.99346	0.00457737	ok	passed	0.990455	false		0	5.15555e-05	7.69775e-05	0.996666	0	0	0.00320559
GCST90566725	GCST90566725	European	EUR	af_assigned	ref_freqs.hg38.tsv.gz	50000	EUR	0.996666	0.99346	0.00457737	ok	passed	0.990455	false		0	5.15555e-05	7.69775e-05	0.996666	0	0	0.00320559
GCST90566726	GCST90566726	European	EUR	af_assigned	ref_freqs.hg38.tsv.gz	50000	EUR	0.996666	0.99346	0.00457737	ok	passed	0.990455	false		0	5.15555e-05	7.69775e-05	0.996666	0	0	0.00320559
GCST90566727	GCST90566727	European	EUR	af_assigned	ref_freqs.hg38.tsv.gz	50000	EUR	0.996666	0.99346	0.00457737	ok	passed	0.990455	false		0	5.15555e-05	7.69775e-05	0.996666	0	0	0.00320559
GCST90566728	GCST90566728	European	EUR	af_assigned	ref_freqs.hg38.tsv.gz	50000	EUR	0.996666	0.99346	0.00457737	ok	passed	0.990455	false		0	5.15555e-05	7.69775e-05	0.996666	0	0	0.00320559
GCST90566729	GCST90566729	European	EUR	af_assigned	ref_freqs.hg38.tsv.gz	50000	EUR	0.996666	0.99346	0.00457737	ok	passed	0.990455	false		0	5.15555e-05	7.69775e-05	0.996666	0	0	0.00320559
GCST90566730	GCST90566730	European	EUR	af_assigned	ref_freqs.hg38.tsv.gz	50000	EUR	0.996666	0.99346	0.00457737	ok	passed	0.990455	false		0	5.15555e-05	7.69775e-05	0.996666	0	0	0.00320559
GCST90566731	GCST90566731	European	EUR	af_assigned	ref_freqs.hg38.tsv.gz	50000	EUR	0.996666	0.99346	0.00457737	ok	passed	0.990455	false		0	5.15555e-05	7.69775e-05	0.996666	0	0	0.00320559
GCST90566732	GCST90566732	European	EUR	af_assigned	ref_freqs.hg38.tsv.gz	50000	EUR	0.996666	0.99346	0.00457737	ok	passed	0.990455	false		0	5.15555e-05	7.69775e-05	0.996666	0	0	0.00320559
GCST90566733	GCST90566733	European	EUR	af_assigned	ref_freqs.hg38.tsv.gz	50000	EUR	0.996666	0.99346	0.00457737	ok	passed	0.990455	false		0	5.15555e-05	7.69775e-05	0.996666	0	0	0.00320559
GCST90566734	GCST90566734	European	EUR	af_assigned	ref_freqs.hg38.tsv.gz	50000	EUR	0.996666	0.99346	0.00457737	ok	passed	0.990455	false		0	5.15555e-05	7.69775e-05	0.996666	0	0	0.00320559
GCST90566735	GCST90566735	European	EUR	af_assigned	ref_freqs.hg38.tsv.gz	50000	EUR	0.996666	0.99346	0.00457737	ok	passed	0.990455	false		0	5.15555e-05	7.69775e-05	0.996666	0	0	0.00320559
GCST90566736	GCST90566736	European	EUR	af_assigned	ref_freqs.hg38.tsv.gz	50000	EUR	0.996666	0.99346	0.00457737	ok	passed	0.990455	false		0	5.15555e-05	7.69775e-05	0.996666	0	0	0.00320559
GCST90566737	GCST90566737	European	EUR	af_assigned	ref_freqs.hg38.tsv.gz	50000	EUR	0.996666	0.99346	0.00457737	ok	passed	0.990455	false		0	5.15555e-05	7.69775e-05	0.996666	0	0	0.00320559
GCST90566738	GCST90566738	European	EUR	af_assigned	ref_freqs.hg38.tsv.gz	50000	EUR	0.996666	0.99346	0.00457737	ok	passed	0.990455	false		0	5.15555e-05	7.69775e-05	0.996666	0	0	0.00320559
GCST90566739	GCST90566739	European	EUR	af_assigned	ref_freqs.hg38.tsv.gz	50000	EUR	0.996666	0.99346	0.00457737	ok	passed	0.990455	false		0	5.15555e-05	7.69775e-05	0.996666	0	0	0.00320559
GCST90566740	GCST90566740	European	EUR	af_assigned	ref_freqs.hg38.tsv.gz	50000	EUR	0.996666	0.99346	0.00457737	ok	passed	0.990455	false		0	5.15555e-05	7.69775e-05	0.996666	0	0	0.00320559
GCST90566741	GCST90566741	European	EUR	af_assigned	ref_freqs.hg38.tsv.gz	50000	EUR	0.996666	0.99346	0.00457737	ok	passed	0.990455	false		0	5.15555e-05	7.69775e-05	0.996666	0	0	0.00320559
GCST90566742	GCST90566742	European	EUR	af_assigned	ref_freqs.hg38.tsv.gz	50000	EUR	0.996666	0.99346	0.00457737	ok	passed	0.990455	false		0	5.15555e-05	7.69775e-05	0.996666	0	0	0.00320559
GCST90566743	GCST90566743	European	EUR	af_assigned	ref_freqs.hg38.tsv.gz	50000	EUR	0.996666	0.99346	0.00457737	ok	passed	0.990455	false		0	5.15555e-05	7.69775e-05	0.996666	0	0	0.00320559
GCST90566744	GCST90566744	European	EUR	af_assigned	ref_freqs.hg38.tsv.gz	50000	EUR	0.996666	0.99346	0.00457737	ok	passed	0.990455	false		0	5.15555e-05	7.69775e-05	0.996666	0	0	0.00320559
GCST90566745	GCST90566745	European	EUR	af_assigned	ref_freqs.hg38.tsv.gz	50000	EUR	0.996666	0.99346	0.00457737	ok	passed	0.990455	false		0	5.15555e-05	7.69775e-05	0.996666	0	0	0.00320559
GCST90566746	GCST90566746	European	EUR	af_assigned	ref_freqs.hg38.tsv.gz	50000	EUR	0.996666	0.99346	0.00457737	ok	passed	0.990455	false		0	5.15555e-05	7.69775e-05	0.996666	0	0	0.00320559
GCST90566747	GCST90566747	European	EUR	af_assigned	ref_freqs.hg38.tsv.gz	50000	EUR	0.996666	0.99346	0.00457737	ok	passed	0.990455	false		0	5.15555e-05	7.69775e-05	0.996666	0	0	0.00320559
GCST90566748	GCST90566748	European	EUR	af_assigned	ref_freqs.hg38.tsv.gz	50000	EUR	0.996666	0.99346	0.00457737	ok	passed	0.990455	false		0	5.15555e-05	7.69775e-05	0.996666	0	0	0.00320559
GCST90566749	GCST90566749	European	EUR	af_assigned	ref_freqs.hg38.tsv.gz	50000	EUR	0.996666	0.99346	0.00457737	ok	passed	0.990455	false		0	5.15555e-05	7.69775e-05	0.996666	0	0	0.00320559
GCST90566750	GCST90566750	European	EUR	af_assigned	ref_freqs.hg38.tsv.gz	50000	EUR	0.996666	0.99346	0.00457737	ok	passed	0.990455	false		0	5.15555e-05	7.69775e-05	0.996666	0	0	0.00320559
GCST90566751	GCST90566751	European	EUR	af_assigned	ref_freqs.hg38.tsv.gz	50000	EUR	0.996666	0.99346	0.00457737	ok	passed	0.990455	false		0	5.15555e-05	7.69775e-05	0.996666	0	0	0.00320559
GCST90566752	GCST90566752	European	EUR	af_assigned	ref_freqs.hg38.tsv.gz	50000	EUR	0.996666	0.99346	0.00457737	ok	passed	0.990455	false		0	5.15555e-05	7.69775e-05	0.996666	0	0	0.00320559
GCST90566753	GCST90566753	European	EUR	af_assigned	ref_freqs.hg38.tsv.gz	50000	EUR	0.996666	0.99346	0.00457737	ok	passed	0.990455	false		0	5.15555e-05	7.69775e-05	0.996666	0	0	0.00320559
GCST90566754	GCST90566754	European	EUR	af_assigned	ref_freqs.hg38.tsv.gz	50000	EUR	0.996666	0.99346	0.00457737	ok	passed	0.990455	false		0	5.15555e-05	7.69775e-05	0.996666	0	0	0.00320559
GCST90566755	GCST90566755	European	EUR	af_assigned	ref_freqs.hg38.tsv.gz	50000	EUR	0.996666	0.99346	0.00457737	ok	passed	0.990455	false		0	5.15555e-05	7.69775e-05	0.996666	0	0	0.00320559
GCST90566756	GCST90566756	European	EUR	af_assigned	ref_freqs.hg38.tsv.gz	50000	EUR	0.996666	0.99346	0.00457737	ok	passed	0.990455	false		0	5.15555e-05	7.69775e-05	0.996666	0	0	0.00320559
GCST90566757	GCST90566757	European	EUR	af_assigned	ref_freqs.hg38.tsv.gz	50000	EUR	0.996666	0.99346	0.00457737	ok	passed	0.990455	false		0	5.15555e-05	7.69775e-05	0.996666	0	0	0.00320559
GCST90566758	GCST90566758	European	EUR	af_assigned	ref_freqs.hg38.tsv.gz	50000	EUR	0.996666	0.99346	0.00457737	ok	passed	0.990455	false		0	5.15555e-05	7.69775e-05	0.996666	0	0	0.00320559
GCST90566759	GCST90566759	European	EUR	af_assigned	ref_freqs.hg38.tsv.gz	50000	EUR	0.996666	0.99346	0.00457737	ok	passed	0.990455	false		0	5.15555e-05	7.69775e-05	0.996666	0	0	0.00320559
GCST90566760	GCST90566760	European	EUR	af_assigned	ref_freqs.hg38.tsv.gz	50000	EUR	0.996666	0.99346	0.00457737	ok	passed	0.990455	false		0	5.15555e-05	7.69775e-05	0.996666	0	0	0.00320559
GCST90566761	GCST90566761	European	EUR	af_assigned	ref_freqs.hg38.tsv.gz	50000	EUR	0.996666	0.99346	0.00457737	ok	passed	0.990455	false		0	5.15555e-05	7.69775e-05	0.996666	0	0	0.00320559
GCST90566762	GCST90566762	European	EUR	af_assigned	ref_freqs.hg38.tsv.gz	50000	EUR	0.996666	0.99346	0.00457737	ok	passed	0.990455	false		0	5.15555e-05	7.69775e-05	0.996666	0	0	0.00320559
GCST90566763	GCST90566763	European	EUR	af_assigned	ref_freqs.hg38.tsv.gz	50000	EUR	0.996666	0.99346	0.00457737	ok	passed	0.990455	false		0	5.15555e-05	7.69775e-05	0.996666	0	0	0.00320559
GCST90566764	GCST90566764	European	EUR	af_assigned	ref_freqs.hg38.tsv.gz	50000	EUR	0.996666	0.99346	0.00457737	ok	passed	0.990455	false		0	5.15555e-05	7.69775e-05	0.996666	0	0	0.00320559
GCST90566765	GCST90566765	European	EUR	af_assigned	ref_freqs.hg38.tsv.gz	50000	EUR	0.996666	0.99346	0.00457737	ok	passed	0.990455	false		0	5.15555e-05	7.69775e-05	0.996666	0	0	0.00320559
GCST90566766	GCST90566766	European	EUR	af_assigned	ref_freqs.hg38.tsv.gz	50000	EUR	0.996666	0.99346	0.00457737	ok	passed	0.990455	false		0	5.15555e-05	7.69775e-05	0.996666	0	0	0.00320559
GCST90566767	GCST90566767	European	EUR	af_assigned	ref_freqs.hg38.tsv.gz	50000	EUR	0.996666	0.99346	0.00457737	ok	passed	0.990455	false		0	5.15555e-05	7.69775e-05	0.996666	0	0	0.00320559
GCST90566768	GCST90566768	European	EUR	af_assigned	ref_freqs.hg38.tsv.gz	50000	EUR	0.996666	0.99346	0.00457737	ok	passed	0.990455	false		0	5.15555e-05	7.69775e-05	0.996666	0	0	0.00320559
GCST90566795	GCST90566795	European	EUR	af_assigned	ref_freqs.hg38.tsv.gz	50000	EUR	0.848636	0.783134	0.0341697	ok	passed	0.983785	false		0.0641897	0.0216719	0.065502	0.848636	0	0	0
GCST90566796	GCST90566796	European	EUR	af_assigned	ref_freqs.hg38.tsv.gz	50000	EUR	0.972701	0.953541	0.0289081	ok	passed	0.976376	false		0.0191603	0.00813832	0	0.972701	0	0	0
GCST90566797	GCST90566797	European	EUR	af_assigned	ref_freqs.hg38.tsv.gz	50000	EUR	0.963225	0.936387	0.023432	ok	passed	0.97948	false		0.0268377	0.00919499	0.000742245	0.963225	0	0	0
GCST90566798	GCST90566798	European	EUR	af_assigned	ref_freqs.hg38.tsv.gz	50000	EUR	0.971379	0.95222	0.0186735	ok	passed	0.980153	false		0.0191588	0.0060333	0.00342855	0.971379	0	0	0
GCST90566799	GCST90566799	European	EUR	af_assigned	ref_freqs.hg38.tsv.gz	50000	EUR	0.894052	0.828818	0.0333735	ok	passed	0.981068	false		0.0277153	0.012999	0.0652338	0.894052	0	0	0
GCST90566800	GCST90566800	European	EUR	af_assigned	ref_freqs.hg38.tsv.gz	50000	EUR	0.885445	0.813198	0.0334014	ok	passed	0.981506	false		0.0283803	0.0139279	0.0722468	0.885445	0	0	0
GCST90566801	GCST90566801	European	EUR	af_assigned	ref_freqs.hg38.tsv.gz	50000	EUR	0.854844	0.763996	0.0301171	ok	passed	0.984508	false		0.0369467	0.0173614	0.0908482	0.854844	0	0	0
GCST90566802	GCST90566802	European	EUR	af_assigned	ref_freqs.hg38.tsv.gz	50000	EUR	0.986649	0.981247	0.0166459	ok	passed	0.979111	false		0.00540168	0.00343097	0.00411522	0.986649	0	0	0.000402973
GCST90566803	GCST90566803	European	EUR	af_assigned	ref_freqs.hg38.tsv.gz	50000	EUR	0.987973	0.979472	0.0235828	ok	passed	0.976677	false		0.00850133	0.00352566	0	0.987973	0	0	0
GCST90566804	GCST90566804	European	EUR	af_assigned	ref_freqs.hg38.tsv.gz	50000	EUR	0.985421	0.977719	0.0159702	ok	passed	0.979475	false		0.00770219	0.00262451	0.0034476	0.985421	0	0	0.000804673
GCST90566805	GCST90566805	European	EUR	af_assigned	ref_freqs.hg38.tsv.gz	50000	EUR	0.97774	0.968552	0.0167466	ok	passed	0.979822	false		0.00918783	0.0031799	0.00626637	0.97774	0	0	0.00362612
GCST90566817	GCST90566817	European	EUR	af_assigned	ref_freqs.hg38.tsv.gz	50000	EUR	1	1	0.00496814	ok	passed	0.978072	false		0	0	0	1	0	0	0
GCST90566818	GCST90566818	European	EUR	af_assigned	ref_freqs.hg38.tsv.gz	50000	EUR	1	1	0.00497419	ok	passed	0.978066	false		0	0	0	1	0	0	0
GCST90566819	GCST90566819	European	EUR	af_assigned	ref_freqs.hg38.tsv.gz	50000	EUR	1	1	0.00497419	ok	passed	0.978066	false		0	0	0	1	0	0	0
GCST90568440	GCST90568440	European	EUR	af_assigned	ref_freqs.hg38.tsv.gz	50000	EUR	0.961383	0.950361	0.00813745	ok	passed	0.979338	false		0.00873962	0.00847187	0.00795867	0.961383	0	0.0110216	0.00242538
GCST90568441	GCST90568441	European	EUR	af_assigned	ref_freqs.hg38.tsv.gz	50000	EUR	0.98854	0.982789	0.00649068	ok	passed	0.976712	false		0.00342134	0.00228747	0	0.98854	0	0.00575113	0
GCST90568442	GCST90568442	European	EUR	af_assigned	ref_freqs.hg38.tsv.gz	50000	EUR	1	1	0.00566042	ok	passed	0.978042	false		0	0	0	1	0	0	0
GCST90568443	GCST90568443	European	EUR	af_assigned	ref_freqs.hg38.tsv.gz	50000	EUR	1	1	0.0056336	ok	passed	0.978055	false		0	0	0	1	0	0	0
GCST90568444	GCST90568444	European	EUR	af_assigned	ref_freqs.hg38.tsv.gz	50000	EUR	1	1	0.00496291	ok	passed	0.978101	false		0	0	0	1	0	0	0
GCST90568445	GCST90568445	European	EUR	af_assigned	ref_freqs.hg38.tsv.gz	50000	EUR	1	1	0.005638	ok	passed	0.978058	false		0	0	0	1	0	0	0
GCST90568446	GCST90568446	European	EUR	af_assigned	ref_freqs.hg38.tsv.gz	50000	EUR	1	1	0.00567371	ok	passed	0.97802	false		0	0	0	1	0	0	0
GCST90568447	GCST90568447	European	EUR	af_assigned	ref_freqs.hg38.tsv.gz	50000	EUR	1	1	0.00495495	ok	passed	0.978088	false		0	0	0	1	0	0	0
GCST90568448	GCST90568448	European	EUR	af_assigned	ref_freqs.hg38.tsv.gz	50000	EUR	0.954461	0.933969	0.00477931	ok	passed	0.992618	false		0.0176076	0.00184864	0.00513649	0.954461	7.32916e-05	0.000380569	0.0204921
GCST90568449	GCST90568449	European	EUR	af_assigned	ref_freqs.hg38.tsv.gz	50000	EUR	0.954461	0.933969	0.00477931	ok	passed	0.992618	false		0.0176076	0.00184864	0.00513649	0.954461	7.32916e-05	0.000380569	0.0204921
GCST90568450	GCST90568450	European	EUR	af_assigned	ref_freqs.hg38.tsv.gz	50000	EUR	0.954461	0.933969	0.00477931	ok	passed	0.992618	false		0.0176076	0.00184864	0.00513649	0.954461	7.32916e-05	0.000380569	0.0204921
GCST90568451	GCST90568451	European	EUR	af_assigned	ref_freqs.hg38.tsv.gz	50000	EUR	0.954461	0.933969	0.00477931	ok	passed	0.992618	false		0.0176076	0.00184864	0.00513649	0.954461	7.32916e-05	0.000380569	0.0204921
GCST90568452	GCST90568452	European	EUR	af_assigned	ref_freqs.hg38.tsv.gz	50000	EUR	0.954461	0.933969	0.00477931	ok	passed	0.992618	false		0.0176076	0.00184864	0.00513649	0.954461	7.32916e-05	0.000380569	0.0204921
GCST90568453	GCST90568453	European	EUR	af_assigned	ref_freqs.hg38.tsv.gz	50000	EUR	0.954461	0.933969	0.00477931	ok	passed	0.992618	false		0.0176076	0.00184864	0.00513649	0.954461	7.32916e-05	0.000380569	0.0204921
GCST90568454	GCST90568454	European	EUR	af_assigned	ref_freqs.hg38.tsv.gz	50000	EUR	0.954461	0.933969	0.00477931	ok	passed	0.992618	false		0.0176076	0.00184864	0.00513649	0.954461	7.32916e-05	0.000380569	0.0204921
GCST90568455	GCST90568455	European	EUR	af_assigned	ref_freqs.hg38.tsv.gz	50000	EUR	0.954461	0.933969	0.00477931	ok	passed	0.992618	false		0.0176076	0.00184864	0.00513649	0.954461	7.32916e-05	0.000380569	0.0204921
GCST90568456	GCST90568456	European	EUR	af_assigned	ref_freqs.hg38.tsv.gz	50000	EUR	0.954461	0.933969	0.00477931	ok	passed	0.992618	false		0.0176076	0.00184864	0.00513649	0.954461	7.32916e-05	0.000380569	0.0204921
GCST90568457	GCST90568457	European	EUR	af_assigned	ref_freqs.hg38.tsv.gz	50000	EUR	0.954461	0.933969	0.00477931	ok	passed	0.992618	false		0.0176076	0.00184864	0.00513649	0.954461	7.32916e-05	0.000380569	0.0204921
GCST90568458	GCST90568458	European	EUR	af_assigned	ref_freqs.hg38.tsv.gz	50000	EUR	0.954461	0.933969	0.00477931	ok	passed	0.992618	false		0.0176076	0.00184864	0.00513649	0.954461	7.32916e-05	0.000380569	0.0204921
GCST90568459	GCST90568459	European	EUR	af_assigned	ref_freqs.hg38.tsv.gz	50000	EUR	0.954465	0.933974	0.00477936	ok	passed	0.992618	false		0.017608	0.00184922	0.00513651	0.954465	7.21868e-05	0.000377478	0.0204913
GCST90568460	GCST90568460	European	EUR	af_assigned	ref_freqs.hg38.tsv.gz	50000	EUR	0.954463	0.933972	0.00477935	ok	passed	0.992618	false		0.017608	0.00184908	0.00513658	0.954463	7.32734e-05	0.000377964	0.0204916
GCST90568461	GCST90568461	European	EUR	af_assigned	ref_freqs.hg38.tsv.gz	50000	EUR	0.988618	0.981241	0.0130673	ok	passed	0.971967	false		0	5.62729e-05	0	0.988618	0.00394792	0.0073774	0
GCST90568462	GCST90568462	European	EUR	af_assigned	ref_freqs.hg38.tsv.gz	50000	EUR	0.973803	0.947606	0.0119011	ok	passed	0.980088	false		0	0	0	0.973803	0.026197	0	0
GCST90568463	GCST90568463	European	EUR	af_assigned	ref_freqs.hg38.tsv.gz	50000	EUR	0.963612	0.93284	0.0119171	ok	passed	0.98014	false		0	0	0	0.963612	0.0307722	0.0056161	0
GCST90568464	GCST90568464	European	EUR	af_assigned	ref_freqs.hg38.tsv.gz	50000	EUR	0.968991	0.940009	0.0114578	ok	passed	0.980198	false		0	0	0	0.968991	0.0289817	0.00202754	0
GCST90568465	GCST90568465	European	EUR	af_assigned	ref_freqs.hg38.tsv.gz	50000	EUR	0.970405	0.940811	0.0126138	ok	passed	0.980082	false		0	0	0	0.970405	0.0295946	0	0
GCST90568466	GCST90568466	European	EUR	af_assigned	ref_freqs.hg38.tsv.gz	50000	EUR	0.979014	0.958029	0.0136612	ok	passed	0.979377	false		0	0	0	0.979014	0.0209856	0	0
GCST90568467	GCST90568467	European	EUR	af_assigned	ref_freqs.hg38.tsv.gz	50000	EUR	0.975473	0.950945	0.0120042	ok	passed	0.979982	false		0	0	0	0.975473	0.0245274	0	0
GCST90570047	GCST90570047	European	EUR	af_assigned	ref_freqs.hg38.tsv.gz	50000	EUR	1	1	0.00567968	ok	passed	0.977054	false		0	0	0	1	0	0	0
GCST90570048	GCST90570048	European	EUR	af_assigned	ref_freqs.hg38.tsv.gz	50000	EUR	1	1	0.00567968	ok	passed	0.977054	false		0	0	0	1	0	0	0
GCST90570521	GCST90570521	European		unassigned	ref_freqs.hg38.tsv.gz	0		0	0		overlap	unverified										
GCST90570522	GCST90570522	European		unassigned	ref_freqs.hg38.tsv.gz	0		0	0		overlap	unverified										
GCST90570524	GCST90570524	European		unassigned	ref_freqs.hg38.tsv.gz	0		0	0		overlap	unverified										
GCST90570525	GCST90570525	European		unassigned	ref_freqs.hg38.tsv.gz	0		0	0		overlap	unverified										
GCST90570526	GCST90570526	European		unassigned	ref_freqs.hg38.tsv.gz	0		0	0		overlap	unverified										
GCST90570665	GCST90570665	European	EUR	af_assigned	ref_freqs.hg38.tsv.gz	50000	EUR	0.988842	0.984562	0.0175112	ok	passed	0.974547	false		0.00105796	0.00168947	0.0041315	0.988842	0	0.00427933	0
GCST90570666	GCST90570666	European	EUR	af_assigned	ref_freqs.hg38.tsv.gz	50000	EUR	0.992526	0.988236	0.0297823	ok	passed	0.971231	false		0.00318436	0	0.00429003	0.992526	0	0	0
GCST90570667	GCST90570667	European	EUR	af_assigned	ref_freqs.hg38.tsv.gz	50000	EUR	0.973521	0.962467	0.0173139	ok	passed	0.977049	false		0.00524001	0.00451963	0.00566539	0.973521	0	0.0110541	0
GCST90570668	GCST90570668	European	EUR	af_assigned	ref_freqs.hg38.tsv.gz	50000	EUR	0.98	0.972785	0.0203651	ok	passed	0.976226	false		0.00620109	0.00167047	0.00721512	0.98	0	0.00411486	0.000798287
GCST90570669	GCST90570669	European	EUR	af_assigned	ref_freqs.hg38.tsv.gz	50000	EUR	0.98075	0.973338	0.01711	ok	passed	0.978315	false		0.00234575	0.00662023	0.00287137	0.98075	0	0.00741227	0
GCST90570670	GCST90570670	European	EUR	af_assigned	ref_freqs.hg38.tsv.gz	50000	EUR	0.977529	0.969226	0.016448	ok	passed	0.978609	false		0.00416789	0.00623581	0.00306713	0.977529	0	0.00830265	0.000697416
GCST90570671	GCST90570671	European	EUR	af_assigned	ref_freqs.hg38.tsv.gz	50000	EUR	0.989173	0.983969	0.0179006	ok	passed	0.974443	false		0.000447743	0.00136202	0.00381302	0.989173	0	0.00520388	0
GCST90570672	GCST90570672	European	EUR	af_assigned	ref_freqs.hg38.tsv.gz	50000	EUR	0.987408	0.982488	0.0191119	ok	passed	0.973904	false		0.0014096	0.00143096	0.00483168	0.987408	0	0.00492011	0
GCST90570673	GCST90570673	European	EUR	af_assigned	ref_freqs.hg38.tsv.gz	50000	EUR	0.973036	0.962095	0.0172908	ok	passed	0.977043	false		0.00544421	0.00496279	0.00561513	0.973036	0	0.0109414	0
GCST90570674	GCST90570674	European	EUR	af_assigned	ref_freqs.hg38.tsv.gz	50000	EUR	0.972943	0.960766	0.0169778	ok	passed	0.977079	false		0.00460686	0.00416945	0.00610375	0.972943	0	0.0121771	0
GCST90570675	GCST90570675	European	EUR	af_assigned	ref_freqs.hg38.tsv.gz	50000	EUR	0.980422	0.972501	0.0171052	ok	passed	0.978369	false		0.00236123	0.00645494	0.00284165	0.980422	0	0.00792034	0
GCST90570676	GCST90570676	European	EUR	af_assigned	ref_freqs.hg38.tsv.gz	50000	EUR	0.977261	0.968627	0.0163052	ok	passed	0.978758	false		0.00398209	0.00599079	0.00301677	0.977261	0	0.00863387	0.00111558
GCST90570677	GCST90570677	European	EUR	af_assigned	ref_freqs.hg38.tsv.gz	50000	EUR	0.989421	0.984587	0.017865	ok	passed	0.97437	false		0.00049469	0.00142916	0.00382058	0.989421	0	0.0048342	0
GCST90570678	GCST90570678	European	EUR	af_assigned	ref_freqs.hg38.tsv.gz	50000	EUR	0.993029	0.988821	0.028677	ok	passed	0.97145	false		0.00276343	0	0.00420754	0.993029	0	0	0
GCST90570679	GCST90570679	European	EUR	af_assigned	ref_freqs.hg38.tsv.gz	50000	EUR	0.97343	0.962832	0.0171504	ok	passed	0.977078	false		0.00542805	0.00498575	0.00555911	0.97343	0	0.0105975	0
GCST90570680	GCST90570680	European	EUR	af_assigned	ref_freqs.hg38.tsv.gz	50000	EUR	0.977418	0.970433	0.0191467	ok	passed	0.976482	false		0.00592867	0.00296552	0.00698509	0.977418	0	0.00660101	0.000101538
GCST90570681	GCST90570681	European	EUR	af_assigned	ref_freqs.hg38.tsv.gz	50000	EUR	0.980759	0.973238	0.0171034	ok	passed	0.978358	false		0.00234148	0.00652068	0.00285806	0.980759	0	0.00752109	0
GCST90570682	GCST90570682	European	EUR	af_assigned	ref_freqs.hg38.tsv.gz	50000	EUR	0.97827	0.970091	0.0163567	ok	passed	0.97865	false		0.0042369	0.00601461	0.00317252	0.97827	0	0.00817908	0.000127094
GCST90570695	GCST90570695	European	EUR	af_assigned	ref_freqs.hg38.tsv.gz	50000	EUR	0.78474	0.677557	0.0229582	ok	passed	0.98823	false		0.107183	0.0711837	0.0299335	0.78474	0	0.00695979	0
GCST90570696	GCST90570696	European	EUR	af_assigned	ref_freqs.hg38.tsv.gz	50000	EUR	0.826466	0.740827	0.0368576	ok	passed	0.981251	false		0.0856387	0.0575926	0.0303031	0.826466	0	0	0
GCST90570697	GCST90570697	European	EUR	af_assigned	ref_freqs.hg38.tsv.gz	50000	EUR	0.670467	0.513618	0.0225786	ok	passed	0.991456	false		0.156849	0.133391	0.028247	0.670467	0	0.0110463	0
GCST90570698	GCST90570698	European	EUR	af_assigned	ref_freqs.hg38.tsv.gz	50000	EUR	0.601028	0.38415	0.0289541	ok	passed	0.990125	false		0.145319	0.216878	0.0216369	0.601028	0	0.0100763	0.00506158
GCST90570699	GCST90570699	European	EUR	af_assigned	ref_freqs.hg38.tsv.gz	50000	EUR	0.585602	0.359296	0.0202298	ok	passed	0.991629	false		0.226306	0.157061	0.019775	0.585602	0	0.0112558	0
GCST90570700	GCST90570700	European	EUR	af_assigned	ref_freqs.hg38.tsv.gz	50000	EUR	0.528989	0.297867	0.0313752	ok	passed	0.989175	false		0.231121	0.20883	0.0251811	0.528989	0	0.00311397	0.00276501
GCST90570701	GCST90570701	European	EUR	af_assigned	ref_freqs.hg38.tsv.gz	50000	EUR	0.779593	0.668943	0.0229944	ok	passed	0.988448	false		0.110651	0.0724568	0.0299655	0.779593	0	0.00733361	0
GCST90570702	GCST90570702	European	EUR	af_assigned	ref_freqs.hg38.tsv.gz	50000	EUR	0.78325	0.671332	0.0310204	ok	passed	0.985551	false		0.111919	0.0649535	0.0324371	0.78325	0	0.00744042	0
GCST90570703	GCST90570703	European	EUR	af_assigned	ref_freqs.hg38.tsv.gz	50000	EUR	0.676628	0.522155	0.0227086	ok	passed	0.991285	false		0.154474	0.130251	0.0277442	0.676628	0	0.0109027	0
GCST90570704	GCST90570704	European	EUR	af_assigned	ref_freqs.hg38.tsv.gz	50000	EUR	0.567081	0.333901	0.0268925	ok	passed	0.991149	false		0.161154	0.233179	0.0221323	0.567081	0	0.0141668	0.002287
GCST90570705	GCST90570705	European	EUR	af_assigned	ref_freqs.hg38.tsv.gz	50000	EUR	0.591953	0.368071	0.0202369	ok	passed	0.991652	false		0.223883	0.153529	0.0193776	0.591953	0	0.0112569	0
GCST90570706	GCST90570706	European	EUR	af_assigned	ref_freqs.hg38.tsv.gz	50000	EUR	0.536687	0.325498	0.0306771	ok	passed	0.99013	false		0.211189	0.210854	0.0296035	0.536687	0	0.00821965	0.00344683
GCST90570707	GCST90570707	European	EUR	af_assigned	ref_freqs.hg38.tsv.gz	50000	EUR	0.787748	0.675925	0.0281154	ok	passed	0.986618	false		0.111823	0.0630602	0.0364816	0.787748	0	0.000886463	0
GCST90570708	GCST90570708	European	EUR	af_assigned	ref_freqs.hg38.tsv.gz	50000	EUR	0.823748	0.727853	0.0413699	ok	passed	0.979081	false		0.0958957	0.0461194	0.0342365	0.823748	0	0	0
GCST90570709	GCST90570709	European	EUR	af_assigned	ref_freqs.hg38.tsv.gz	50000	EUR	0.673451	0.517447	0.0236761	ok	passed	0.991077	false		0.156003	0.131574	0.0293769	0.673451	0	0.00959489	0
GCST90570710	GCST90570710	European	EUR	af_assigned	ref_freqs.hg38.tsv.gz	50000	EUR	0.598682	0.391522	0.0316322	ok	passed	0.989143	false		0.158948	0.207159	0.0194436	0.598682	0	0.0106905	0.00507662
GCST90570711	GCST90570711	European	EUR	af_assigned	ref_freqs.hg38.tsv.gz	50000	EUR	0.590855	0.367528	0.0202121	ok	passed	0.991692	false		0.223327	0.155177	0.019529	0.590855	0	0.0111123	0
GCST90570712	GCST90570712	European	EUR	af_assigned	ref_freqs.hg38.tsv.gz	50000	EUR	0.517384	0.264803	0.0318761	ok	passed	0.988006	false		0.252581	0.20217	0.0218922	0.517384	0	0.00405663	0.00191559
GCST90572694	GCST90572694	European	EUR	af_assigned	ref_freqs.hg38.tsv.gz	50000	EUR	1	1	0.00523601	ok	passed	0.976604	false		0	0	0	1	0	0	0
GCST90572695	GCST90572695	European	EUR	af_assigned	ref_freqs.hg38.tsv.gz	50000	EUR	1	1	0.00523601	ok	passed	0.976604	false		0	0	0	1	0	0	0
GCST90572696	GCST90572696	European	EUR	af_assigned	ref_freqs.hg38.tsv.gz	50000	EUR	1	1	0.00523601	ok	passed	0.976604	false		0	0	0	1	0	0	0
GCST90572697	GCST90572697	European	EUR	af_assigned	ref_freqs.hg38.tsv.gz	50000	EUR	1	1	0.00523601	ok	passed	0.976604	false		0	0	0	1	0	0	0
GCST90572698	GCST90572698	European	EUR	af_assigned	ref_freqs.hg38.tsv.gz	50000	EUR	1	1	0.00523601	ok	passed	0.976604	false		0	0	0	1	0	0	0
GCST90572699	GCST90572699	European	EUR	af_assigned	ref_freqs.hg38.tsv.gz	50000	EUR	1	1	0.00523601	ok	passed	0.976604	false		0	0	0	1	0	0	0
GCST90572700	GCST90572700	European	EUR	af_assigned	ref_freqs.hg38.tsv.gz	50000	EUR	1	1	0.00523601	ok	passed	0.976604	false		0	0	0	1	0	0	0
GCST90572701	GCST90572701	European	EUR	af_assigned	ref_freqs.hg38.tsv.gz	50000	EUR	1	1	0.00523601	ok	passed	0.976604	false		0	0	0	1	0	0	0
GCST90572702	GCST90572702	European	EUR	af_assigned	ref_freqs.hg38.tsv.gz	50000	EUR	1	1	0.00523601	ok	passed	0.976604	false		0	0	0	1	0	0	0
GCST90572703	GCST90572703	European	EUR	af_assigned	ref_freqs.hg38.tsv.gz	50000	EUR	1	1	0.00523601	ok	passed	0.976604	false		0	0	0	1	0	0	0
GCST90572704	GCST90572704	European	EUR	af_assigned	ref_freqs.hg38.tsv.gz	50000	EUR	1	1	0.00523601	ok	passed	0.976604	false		0	0	0	1	0	0	0
GCST90572705	GCST90572705	European	EUR	af_assigned	ref_freqs.hg38.tsv.gz	50000	EUR	1	1	0.00523601	ok	passed	0.976604	false		0	0	0	1	0	0	0
GCST90572706	GCST90572706	European	EUR	af_assigned	ref_freqs.hg38.tsv.gz	50000	EUR	1	1	0.00523601	ok	passed	0.976604	false		0	0	0	1	0	0	0
GCST90572707	GCST90572707	European	EUR	af_assigned	ref_freqs.hg38.tsv.gz	50000	EUR	1	1	0.00523601	ok	passed	0.976604	false		0	0	0	1	0	0	0
GCST90572708	GCST90572708	European	EUR	af_assigned	ref_freqs.hg38.tsv.gz	50000	EUR	1	1	0.00523601	ok	passed	0.976604	false		0	0	0	1	0	0	0
GCST90572709	GCST90572709	European	EUR	af_assigned	ref_freqs.hg38.tsv.gz	50000	EUR	1	1	0.00523601	ok	passed	0.976604	false		0	0	0	1	0	0	0
GCST90572710	GCST90572710	European	EUR	af_assigned	ref_freqs.hg38.tsv.gz	50000	EUR	1	1	0.00523601	ok	passed	0.976604	false		0	0	0	1	0	0	0
GCST90572711	GCST90572711	European	EUR	af_assigned	ref_freqs.hg38.tsv.gz	50000	EUR	1	1	0.00523601	ok	passed	0.976604	false		0	0	0	1	0	0	0
GCST90572712	GCST90572712	European	EUR	af_assigned	ref_freqs.hg38.tsv.gz	50000	EUR	1	1	0.00523601	ok	passed	0.976604	false		0	0	0	1	0	0	0
GCST90572713	GCST90572713	European	EUR	af_assigned	ref_freqs.hg38.tsv.gz	50000	EUR	1	1	0.00523601	ok	passed	0.976604	false		0	0	0	1	0	0	0
GCST90572714	GCST90572714	European	EUR	af_assigned	ref_freqs.hg38.tsv.gz	50000	EUR	1	1	0.00523601	ok	passed	0.976604	false		0	0	0	1	0	0	0
GCST90572735	GCST90572735	European	EUR	af_assigned	ref_freqs.hg38.tsv.gz	50000	EUR	0.989239	0.985453	0.0150314	ok	passed	0.979526	false		0.00132746	0.0032948	0.00235297	0.989239	0	0	0.00378593
GCST90572736	GCST90572736	European	EUR	af_assigned	ref_freqs.hg38.tsv.gz	50000	EUR	0.981272	0.971724	0.0187589	ok	passed	0.978502	false		0.00274528	0.00571859	0.000716411	0.981272	0	0	0.00954794
GCST90572737	GCST90572737	European	EUR	af_assigned	ref_freqs.hg38.tsv.gz	50000	EUR	0.980986	0.97514	0.0159076	ok	passed	0.977343	false		0.00293139	0.00584687	0.00448384	0.980986	0	0	0.00575148
GCST90572740	GCST90572740	European	EUR	af_assigned	ref_freqs.hg38.tsv.gz	50000	EUR	0.871148	0.828093	0.0110584	ok	passed	0.984231	false		0.0430551	0.040009	0.0405995	0.871148	0	0	0.00518858
GCST90572741	GCST90572741	European	EUR	af_assigned	ref_freqs.hg38.tsv.gz	50000	EUR	0.999507	0.999014	0.0121981	ok	passed	0.970209	false		0.000493168	0	0	0.999507	0	0	0
GCST90572746	GCST90572746	European	EUR	af_assigned	ref_freqs.hg38.tsv.gz	50000	EUR	0.998013	0.996026	0.0114155	ok	passed	0.978548	false		0.00198698	0	0	0.998013	0	0	0
GCST90572747	GCST90572747	European	EUR	af_assigned	ref_freqs.hg38.tsv.gz	50000	EUR	0.970936	0.960005	0.011609	ok	passed	0.97819	false		0.00574293	0.00415388	0	0.970936	0.00560632	0.010931	0.00263023
GCST90572755	GCST90572755	European		unassigned	ref_freqs.hg38.tsv.gz	27233	EAS	0.414746	0.018914	0.598103	eaf_orientation	failed	-0.715892			0.172202	0	0.414746	0.0172203	0	0	0.395832
GCST90572789	GCST90572789	European		unassigned	ref_freqs.hg38.tsv.gz	50000	EUR	0.912206	0.870386	0.147334	residual	passed	0.869115			0.0418202	0	0.0160746	0.912206	0	0	0.0298988
GCST90572790	GCST90572790	European		unassigned	ref_freqs.hg38.tsv.gz	50000	EUR	0.915659	0.87563	0.144174	residual	passed	0.872841			0.0400289	0	0.0135227	0.915659	0.00137881	0	0.0294104
GCST90572791	GCST90572791	European		unassigned	ref_freqs.hg38.tsv.gz	50000	EUR	0.905541	0.860835	0.156368	residual	passed	0.857786			0.0447055	0	0.0204964	0.905541	0	0	0.0292573
GCST90573175	GCST90573175	European	EUR	af_assigned	ref_freqs.hg38.tsv.gz	50000	EUR	0.991889	0.983777	0.00869331	ok	passed	0.979323	false		0	0	0	0.991889	0	0	0.0081113
GCST90573176	GCST90573176	European	EUR	af_assigned	ref_freqs.hg38.tsv.gz	50000	EUR	0.913043	0.842251	0.0272825	ok	passed	0.980041	false		0.0113439	0	0.00482081	0.913043	0	0	0.0707922
GCST90573177	GCST90573177	European	EUR	af_assigned	ref_freqs.hg38.tsv.gz	50000	EUR	0.941757	0.892847	0.0199124	ok	passed	0.980473	false		0.00693757	0	0.00239505	0.941757	0	0	0.0489104
GCST90590312	GCST90590312	European	EUR	af_assigned	ref_freqs.hg38.tsv.gz	50000	EUR	1	1	0.00560246	ok	passed	0.977803	false		0	0	0	1	0	0	0
GCST90590313	GCST90590313	European	EUR	af_assigned	ref_freqs.hg38.tsv.gz	50000	EUR	1	1	0.00560246	ok	passed	0.977803	false		0	0	0	1	0	0	0
GCST90590314	GCST90590314	European	EUR	af_assigned	ref_freqs.hg38.tsv.gz	50000	EUR	1	1	0.00560246	ok	passed	0.977803	false		0	0	0	1	0	0	0
GCST90590315	GCST90590315	European	EUR	af_assigned	ref_freqs.hg38.tsv.gz	50000	EUR	1	1	0.00560164	ok	passed	0.977804	false		0	0	0	1	0	0	0
GCST90590316	GCST90590316	European	EUR	af_assigned	ref_freqs.hg38.tsv.gz	50000	EUR	1	1	0.00560246	ok	passed	0.977803	false		0	0	0	1	0	0	0
GCST90590317	GCST90590317	European	EUR	af_assigned	ref_freqs.hg38.tsv.gz	50000	EUR	1	1	0.00567984	ok	passed	0.977876	false		0	0	0	1	0	0	0
GCST90590319	GCST90590319	European	EUR	af_assigned	ref_freqs.hg38.tsv.gz	50000	EUR	1	1	0.00567933	ok	passed	0.977828	false		0	0	0	1	0	0	0
GCST90590320	GCST90590320	European	EUR	af_assigned	ref_freqs.hg38.tsv.gz	50000	EUR	1	1	0.00576567	ok	passed	0.977898	false		0	0	0	1	0	0	0
GCST90590321	GCST90590321	European	EUR	af_assigned	ref_freqs.hg38.tsv.gz	50000	EUR	1	1	0.00560164	ok	passed	0.977804	false		0	0	0	1	0	0	0
GCST90590336	GCST90590336	European		unassigned	ref_freqs.hg38.tsv.gz	50000	AFR	0.739238	0.478476	0.572626	eaf_orientation	failed	-0.97739			0.739238	0	0.260762	0	0	0	0
GCST90590337	GCST90590337	European		unassigned	ref_freqs.hg38.tsv.gz	50000	AFR	0.739226	0.478452	0.572624	eaf_orientation	failed	-0.977389			0.739226	0	0.260774	0	0	0	0
GCST90590338	GCST90590338	European		unassigned	ref_freqs.hg38.tsv.gz	50000	AFR	0.739236	0.478473	0.572622	eaf_orientation	failed	-0.977388			0.739236	0	0.260764	0	0	0	0
GCST90590339	GCST90590339	European		unassigned	ref_freqs.hg38.tsv.gz	50000	AFR	0.739238	0.478476	0.572626	eaf_orientation	failed	-0.97739			0.739238	0	0.260762	0	0	0	0
GCST90624046	GCST90624046	European	EUR	af_assigned	ref_freqs.hg38.tsv.gz	50000	EUR	0.676313	0.595549	0.0517132	ok	passed	0.980538	false		0.0615789	0.031223	0.0431415	0.676313	0.0807644	0.0334443	0.0735344
GCST90624047	GCST90624047	European	EUR	af_assigned	ref_freqs.hg38.tsv.gz	50000	EUR	0.716866	0.629624	0.0587425	ok	passed	0.976165	false		0.0673839	0.0254031	0.0404018	0.716866	0.0121185	0.0505849	0.0872418
GCST90624048	GCST90624048	European	EUR	af_assigned	ref_freqs.hg38.tsv.gz	50000	EUR	0.716866	0.629624	0.0587425	ok	passed	0.976165	false		0.0673839	0.0254031	0.0404018	0.716866	0.0121185	0.0505849	0.0872418
GCST90624049	GCST90624049	European	EUR	af_assigned	ref_freqs.hg38.tsv.gz	50000	EUR	0.707727	0.625688	0.0599844	ok	passed	0.975826	false		0.0768378	0.000559946	0.0592921	0.707727	0	0.0735448	0.0820387
GCST90624050	GCST90624050	European	EUR	af_assigned	ref_freqs.hg38.tsv.gz	50000	EUR	0.718909	0.617161	0.0520733	ok	passed	0.979947	false		0.0925382	0.0236059	0.0415577	0.718909	0	0.0216418	0.101748
GCST90624051	GCST90624051	European	EUR	af_assigned	ref_freqs.hg38.tsv.gz	50000	EUR	0.716866	0.629624	0.0587425	ok	passed	0.976165	false		0.0673839	0.0254031	0.0404018	0.716866	0.0121185	0.0505849	0.0872418
GCST90624052	GCST90624052	European	EUR	af_assigned	ref_freqs.hg38.tsv.gz	50000	EUR	0.716866	0.629624	0.0587425	ok	passed	0.976165	false		0.0673839	0.0254031	0.0404018	0.716866	0.0121185	0.0505849	0.0872418
GCST90624053	GCST90624053	European		unassigned	ref_freqs.hg38.tsv.gz	50000	EUR	0.455867	0.196628	0.245105	residual	passed	0.667287			0.195907	0	0.00883718	0.455867	0	0.0801489	0.259239
GCST90624101	GCST90624101	European	EUR	af_assigned	ref_freqs.hg38.tsv.gz	50000	EUR	0.989147	0.98441	0.0137521	ok	passed	0.985324	false		0.00282125	0.00237448	0	0.989147	0.000920381	0.00473698	0
GCST90624167	GCST90624167	European	EUR	af_assigned	ref_freqs.hg38.tsv.gz	50000	EUR	0.769555	0.673388	0.0307084	ok	passed	0.988536	false		0.0768304	0.0509459	0.0961664	0.769555	0	0	0.00650271
GCST90624168	GCST90624168	European	EUR	af_assigned	ref_freqs.hg38.tsv.gz	50000	EUR	0.768201	0.673476	0.0307799	ok	passed	0.988607	false		0.0795058	0.050724	0.0947247	0.768201	0	0	0.0068449
GCST90624169	GCST90624169	European	EUR	af_assigned	ref_freqs.hg38.tsv.gz	50000	EUR	0.717217	0.608907	0.0335778	ok	passed	0.989858	false		0.0993604	0.0609204	0.108309	0.717217	0	0	0.014193
GCST90624170	GCST90624170	European	EUR	af_assigned	ref_freqs.hg38.tsv.gz	50000	EUR	0.715678	0.609248	0.0336253	ok	passed	0.989924	false		0.102224	0.0609074	0.10643	0.715678	0	0	0.0147616
GCST90624171	GCST90624171	European	EUR	af_assigned	ref_freqs.hg38.tsv.gz	50000	EUR	0.742432	0.618563	0.0330215	ok	passed	0.98877	false		0.0738222	0.0523339	0.123868	0.742432	0	0	0.0075442
GCST90624172	GCST90624172	European	EUR	af_assigned	ref_freqs.hg38.tsv.gz	50000	EUR	0.743134	0.62269	0.0329373	ok	passed	0.988836	false		0.0766361	0.052164	0.120444	0.743134	0	0	0.00762183
GCST90624173	GCST90624173	European	EUR	af_assigned	ref_freqs.hg38.tsv.gz	50000	EUR	0.78563	0.69899	0.0294011	ok	passed	0.988135	false		0.0726102	0.0493062	0.0866399	0.78563	0	0	0.00581375
GCST90624174	GCST90624174	European	EUR	af_assigned	ref_freqs.hg38.tsv.gz	50000	EUR	0.794264	0.706654	0.029162	ok	passed	0.987806	false		0.0674163	0.0462159	0.0876095	0.794264	0	0	0.00449457
GCST90624175	GCST90624175	European	EUR	af_assigned	ref_freqs.hg38.tsv.gz	50000	EUR	0.723067	0.621457	0.0328254	ok	passed	0.989917	false		0.100393	0.060555	0.101611	0.723067	0	0	0.0143737
GCST90624176	GCST90624176	European	EUR	af_assigned	ref_freqs.hg38.tsv.gz	50000	EUR	0.735753	0.634721	0.0322979	ok	passed	0.989561	false		0.0928114	0.0580628	0.101032	0.735753	0	0	0.0123403
GCST90624177	GCST90624177	European	EUR	af_assigned	ref_freqs.hg38.tsv.gz	50000	EUR	0.76169	0.652705	0.0315096	ok	passed	0.988459	false		0.0712914	0.0513889	0.108985	0.76169	0	0	0.00664501
GCST90624178	GCST90624178	European	EUR	af_assigned	ref_freqs.hg38.tsv.gz	50000	EUR	0.764756	0.648332	0.0318265	ok	passed	0.988176	false		0.0653323	0.0478764	0.116424	0.764756	0	0	0.00561051
GCST90624179	GCST90624179	European	EUR	af_assigned	ref_freqs.hg38.tsv.gz	50000	EUR	0.78563	0.69899	0.0294011	ok	passed	0.988135	false		0.0726102	0.0493062	0.0866399	0.78563	0	0	0.00581375
GCST90624180	GCST90624180	European	EUR	af_assigned	ref_freqs.hg38.tsv.gz	50000	EUR	0.794264	0.706654	0.029162	ok	passed	0.987806	false		0.0674163	0.0462159	0.0876095	0.794264	0	0	0.00449457
GCST90624181	GCST90624181	European	EUR	af_assigned	ref_freqs.hg38.tsv.gz	50000	EUR	0.723067	0.621457	0.0328254	ok	passed	0.989917	false		0.100393	0.060555	0.101611	0.723067	0	0	0.0143737
GCST90624182	GCST90624182	European	EUR	af_assigned	ref_freqs.hg38.tsv.gz	50000	EUR	0.735753	0.634721	0.0322979	ok	passed	0.989561	false		0.0928114	0.0580628	0.101032	0.735753	0	0	0.0123403
GCST90624183	GCST90624183	European	EUR	af_assigned	ref_freqs.hg38.tsv.gz	50000	EUR	0.76169	0.652705	0.0315096	ok	passed	0.988459	false		0.0712914	0.0513889	0.108985	0.76169	0	0	0.00664501
GCST90624184	GCST90624184	European	EUR	af_assigned	ref_freqs.hg38.tsv.gz	50000	EUR	0.764756	0.648332	0.0318265	ok	passed	0.988176	false		0.0653323	0.0478764	0.116424	0.764756	0	0	0.00561051
GCST90624222	GCST90624222	European	EUR	af_assigned	ref_freqs.hg38.tsv.gz	50000	EUR	0.998421	0.996842	0.0194614	ok	passed	0.976021	false		0.00157892	0	0	0.998421	0	0	0
GCST90624411	GCST90624411	European	EUR	af_assigned	ref_freqs.hg38.tsv.gz	50000	EUR	0.822539	0.74632	0.0288615	ok	passed	0.987021	false		0.071638	0.024412	0.0762183	0.822539	0	0	0.00519311
GCST90624412	GCST90624412	European	EUR	af_assigned	ref_freqs.hg38.tsv.gz	50000	EUR	0.976724	0.969865	0.0152771	ok	passed	0.980179	false		0.00609454	0.00312095	0.0027283	0.976724	0	0.00685873	0.00447357
GCST90624413	GCST90624413	European	EUR	af_assigned	ref_freqs.hg38.tsv.gz	50000	EUR	0.969378	0.958559	0.0173757	ok	passed	0.980155	false		0.00734541	0.00298647	0.00434688	0.969378	0	0.0108185	0.0051249
GCST90624414	GCST90624414	European	EUR	af_assigned	ref_freqs.hg38.tsv.gz	50000	EUR	1	1	0.00540033	ok	passed	0.978016	false		0	0	0	1	0	0	0
GCST90624455	GCST90624455	European	EUR	af_assigned	ref_freqs.hg38.tsv.gz	50000	EUR	0.969538	0.957334	0.0131	ok	passed	0.976935	false		0.00344176	0.0122045	0.0117403	0.969538	0	0	0.00307506
GCST90624635	GCST90624635	European	EUR	af_assigned	ref_freqs.hg38.tsv.gz	50000	EUR	1	1	0.00584219	ok	passed	0.978013	false		0	0	0	1	0	0	0
GCST90624636	GCST90624636	European	EUR	af_assigned	ref_freqs.hg38.tsv.gz	50000	EUR	1	1	0.00584219	ok	passed	0.978013	false		0	0	0	1	0	0	0
GCST90624699	GCST90624699	European	EUR	af_assigned	ref_freqs.hg38.tsv.gz	50000	EUR	1	1	0.0195154	ok	passed	0.974176	false		0	0	0	1	0	0	0
GCST90624700	GCST90624700	European	EUR	af_assigned	ref_freqs.hg38.tsv.gz	50000	EUR	1	1	0.0195154	ok	passed	0.974176	false		0	0	0	1	0	0	0
GCST90624701	GCST90624701	European	EUR	af_assigned	ref_freqs.hg38.tsv.gz	50000	EUR	1	1	0.0193748	ok	passed	0.974293	false		0	0	0	1	0	0	0
GCST90624702	GCST90624702	European	EUR	af_assigned	ref_freqs.hg38.tsv.gz	50000	EUR	1	1	0.0195156	ok	passed	0.974175	false		0	0	0	1	0	0	0
GCST90624703	GCST90624703	European	EUR	af_assigned	ref_freqs.hg38.tsv.gz	50000	EUR	1	1	0.0198143	ok	passed	0.973984	false		0	0	0	1	0	0	0
GCST90624704	GCST90624704	European	EUR	af_assigned	ref_freqs.hg38.tsv.gz	50000	EUR	1	1	0.0194815	ok	passed	0.97419	false		0	0	0	1	0	0	0
GCST90624705	GCST90624705	European	EUR	af_assigned	ref_freqs.hg38.tsv.gz	50000	EUR	1	1	0.0194815	ok	passed	0.97419	false		0	0	0	1	0	0	0
GCST90624736	GCST90624736	European	EUR	af_assigned	ref_freqs.hg38.tsv.gz	50000	EUR	0.973377	0.964812	0.00909476	ok	passed	0.980762	false		0.00814099	0.00310823	0.00332083	0.973377	0	0.00856569	0.00348688
GCST90624737	GCST90624737	European	EUR	af_assigned	ref_freqs.hg38.tsv.gz	50000	EUR	0.972596	0.963102	0.00909454	ok	passed	0.980252	false		0.0081908	0.00285477	0.00346298	0.972596	0	0.00949407	0.00340101
GCST90624738	GCST90624738	European	EUR	af_assigned	ref_freqs.hg38.tsv.gz	50000	EUR	0.971855	0.962552	0.0090197	ok	passed	0.980622	false		0.00829268	0.00300481	0.00297095	0.971855	0	0.00930326	0.00457338
GCST90624739	GCST90624739	European	EUR	af_assigned	ref_freqs.hg38.tsv.gz	50000	EUR	0.974155	0.965685	0.010427	ok	passed	0.980388	false		0.00847052	0.00165292	0.00322531	0.974155	0	0.00795284	0.0045432
GCST90624740	GCST90624740	European	EUR	af_assigned	ref_freqs.hg38.tsv.gz	50000	EUR	0.972661	0.963546	0.0091085	ok	passed	0.980768	false		0.00797469	0.00320183	0.00314055	0.972661	0	0.00911522	0.00390665
GCST90624741	GCST90624741	European	EUR	af_assigned	ref_freqs.hg38.tsv.gz	50000	EUR	0.971823	0.962563	0.0105008	ok	passed	0.980365	false		0.00844804	0.00306511	0.00287569	0.971823	0	0.00925997	0.00452859
GCST90624742	GCST90624742	European	EUR	af_assigned	ref_freqs.hg38.tsv.gz	50000	EUR	0.971983	0.962097	0.0090256	ok	passed	0.980322	false		0.00826231	0.0026995	0.00287107	0.971983	0	0.00988625	0.00429746
GCST90624743	GCST90624743	European	EUR	af_assigned	ref_freqs.hg38.tsv.gz	50000	EUR	0.970879	0.959827	0.00908048	ok	passed	0.980515	false		0.00806578	0.00289911	0.00321742	0.970879	0	0.0110522	0.00388614
GCST90624744	GCST90624744	European	EUR	af_assigned	ref_freqs.hg38.tsv.gz	50000	EUR	0.973703	0.965161	0.0103799	ok	passed	0.980403	false		0.00854247	0.00237574	0.00301587	0.973703	0	0.00736286	0.00499976
GCST90624745	GCST90624745	European	EUR	af_assigned	ref_freqs.hg38.tsv.gz	50000	EUR	0.972076	0.962749	0.00902689	ok	passed	0.980453	false		0.00837166	0.00301219	0.0027992	0.972076	0	0.00932763	0.00441283
GCST90624746	GCST90624746	European	EUR	af_assigned	ref_freqs.hg38.tsv.gz	50000	EUR	0.97231	0.963084	0.00906053	ok	passed	0.980369	false		0.00820186	0.0032312	0.00299684	0.97231	0	0.00922647	0.00403326
GCST90624747	GCST90624747	European	EUR	af_assigned	ref_freqs.hg38.tsv.gz	50000	EUR	0.971991	0.962353	0.00904216	ok	passed	0.980371	false		0.00834371	0.00294389	0.00294602	0.971991	0	0.00963878	0.00413615
GCST90624748	GCST90624748	European	EUR	af_assigned	ref_freqs.hg38.tsv.gz	50000	EUR	0.973747	0.965006	0.0104726	ok	passed	0.98033	false		0.00874131	0.00223947	0.00308695	0.973747	0	0.00724155	0.00494384
GCST90624749	GCST90624749	European	EUR	af_assigned	ref_freqs.hg38.tsv.gz	50000	EUR	0.971343	0.961162	0.010547	ok	passed	0.980595	false		0.00825753	0.00302779	0.00333349	0.971343	0	0.0101813	0.00385653
GCST90624750	GCST90624750	European	EUR	af_assigned	ref_freqs.hg38.tsv.gz	50000	EUR	0.973641	0.965675	0.00907243	ok	passed	0.980186	false		0.00796584	0.00324659	0.0030403	0.973641	0	0.00786167	0.00424455
GCST90624774	GCST90624774	European	EUR	af_assigned	ref_freqs.hg38.tsv.gz	50000	EUR	0.955883	0.942252	0.0100724	ok	passed	0.982405	false		0.00895021	0.0084391	0.00795956	0.955883	0	0.00513845	0.0136301
GCST90624775	GCST90624775	European	EUR	af_assigned	ref_freqs.hg38.tsv.gz	50000	EUR	0.957063	0.943341	0.0103576	ok	passed	0.982734	false		0.0104541	0.00887497	0.00848728	0.957063	0	0.00139849	0.0137223
GCST90624776	GCST90624776	European	EUR	af_assigned	ref_freqs.hg38.tsv.gz	50000	EUR	0.974241	0.965972	0.00906622	ok	passed	0.981798	false		0.00752046	0.00467124	0.00529859	0.974241	0	0	0.00826888
GCST90624777	GCST90624777	European	EUR	af_assigned	ref_freqs.hg38.tsv.gz	50000	EUR	0.973675	0.966118	0.00951839	ok	passed	0.981805	false		0.0075572	0.00539654	0.00583144	0.973675	0	0	0.0075399
GCST90624778	GCST90624778	European	EUR	af_assigned	ref_freqs.hg38.tsv.gz	50000	EUR	0.986542	0.980829	0.00801579	ok	passed	0.980664	false		0.00252671	0.00304181	0.00217656	0.986542	0	0	0.00571279
GCST90624779	GCST90624779	European	EUR	af_assigned	ref_freqs.hg38.tsv.gz	50000	EUR	0.955213	0.942296	0.0100192	ok	passed	0.982253	false		0.00903261	0.00727279	0.00796037	0.955213	0	0.00760477	0.0129167
GCST90624780	GCST90624780	European	EUR	af_assigned	ref_freqs.hg38.tsv.gz	50000	EUR	0.958607	0.946129	0.0103758	ok	passed	0.982728	false		0.0101778	0.00995462	0.0087821	0.958607	0	0	0.012478
GCST90624781	GCST90624781	European	EUR	af_assigned	ref_freqs.hg38.tsv.gz	50000	EUR	0.968731	0.959062	0.00977743	ok	passed	0.982145	false		0.00782306	0.00646061	0.00663366	0.968731	0	0.000682135	0.00966928
GCST90624782	GCST90624782	European	EUR	af_assigned	ref_freqs.hg38.tsv.gz	50000	EUR	0.969202	0.959279	0.00959282	ok	passed	0.982086	false		0.00766661	0.00567318	0.00609519	0.969202	0	0.00143936	0.00992358
GCST90624783	GCST90624783	European	EUR	af_assigned	ref_freqs.hg38.tsv.gz	50000	EUR	0.981973	0.97489	0.00910655	ok	passed	0.981064	false		0.00373739	0.00388925	0.00299006	0.981973	0	0.000327247	0.00708309
GCST90624784	GCST90624784	European	EUR	af_assigned	ref_freqs.hg38.tsv.gz	50000	EUR	0.943871	0.926145	0.0117879	ok	passed	0.982392	false		0.0108035	0.00954279	0.0103121	0.943871	0	0.0077449	0.0177259
GCST90624785	GCST90624785	European	EUR	af_assigned	ref_freqs.hg38.tsv.gz	50000	EUR	0.945663	0.927552	0.0116868	ok	passed	0.982441	false		0.0104759	0.0107381	0.00989847	0.945663	0	0.00511434	0.0181106
GCST90624786	GCST90624786	European	EUR	af_assigned	ref_freqs.hg38.tsv.gz	50000	EUR	0.98291	0.975774	0.0091303	ok	passed	0.980954	false		0.00340835	0.00337677	0.00255541	0.98291	0	0.000613467	0.00713589
GCST90624787	GCST90624787	European	EUR	af_assigned	ref_freqs.hg38.tsv.gz	50000	EUR	0.957274	0.944072	0.010442	ok	passed	0.982729	false		0.0104365	0.00972441	0.00891199	0.957274	0	0.000450573	0.0132023
GCST90624788	GCST90624788	European	EUR	af_assigned	ref_freqs.hg38.tsv.gz	50000	EUR	0.9596	0.946871	0.0102037	ok	passed	0.982722	false		0.0101226	0.0092191	0.00832861	0.9596	0	0	0.0127296
GCST90624789	GCST90624789	European	EUR	af_assigned	ref_freqs.hg38.tsv.gz	50000	EUR	0.982576	0.975453	0.00732185	ok	passed	0.981054	false		0.00348407	0.00299592	0.00275952	0.982576	0	0.00106179	0.00712302
GCST90624790	GCST90624790	European	EUR	af_assigned	ref_freqs.hg38.tsv.gz	50000	EUR	0.981749	0.974668	0.00830536	ok	passed	0.981081	false		0.00359235	0.00381231	0.00318626	0.981749	0	0.000579538	0.00708073
GCST90624791	GCST90624791	European	EUR	af_assigned	ref_freqs.hg38.tsv.gz	50000	EUR	0.952418	0.937536	0.0104912	ok	passed	0.982487	false		0.00966203	0.00960993	0.00828755	0.952418	0	0.00514117	0.0148816
GCST90624792	GCST90624792	European	EUR	af_assigned	ref_freqs.hg38.tsv.gz	50000	EUR	0.961135	0.949062	0.0100967	ok	passed	0.982535	false		0.0104517	0.00861674	0.00772387	0.961135	0	0	0.0120726
GCST90624793	GCST90624793	European	EUR	af_assigned	ref_freqs.hg38.tsv.gz	50000	EUR	0.987111	0.981035	0.00796061	ok	passed	0.980601	false		0.00234819	0.00270321	0.0017626	0.987111	0	0	0.00607542
GCST90624794	GCST90624794	European	EUR	af_assigned	ref_freqs.hg38.tsv.gz	50000	EUR	0.960964	0.950075	0.010149	ok	passed	0.982534	false		0.0104255	0.00927823	0.00844268	0.960964	0	0	0.0108894
GCST90624795	GCST90624795	European	EUR	af_assigned	ref_freqs.hg38.tsv.gz	50000	EUR	0.951867	0.937691	0.0104371	ok	passed	0.982355	false		0.00979279	0.00842127	0.00827496	0.951867	0	0.0074683	0.014176
GCST90624797	GCST90624797	European	EUR	af_assigned	ref_freqs.hg38.tsv.gz	50000	EUR	0.981129	0.967692	0.0206257	ok	passed	0.973336	false		0	0.00543479	0.0134367	0.981129	0	0	0
GCST90624804	GCST90624804	European	EUR	af_assigned	ref_freqs.hg38.tsv.gz	50000	EUR	0.941704	0.902633	0.0218761	ok	passed	0.9808	false		0.0390708	0.00452335	0	0.941704	0	0.0147019	0
GCST90627740	GCST90627740	European	EUR	af_assigned	ref_freqs.hg38.tsv.gz	50000	EUR	0.976063	0.964539	0.00933254	ok	passed	0.980775	false		0.0045027	0.00332289	0.00123596	0.976063	0	0.0115237	0.00335205
GCST90627744	GCST90627744	European	EUR	af_assigned	ref_freqs.hg38.tsv.gz	50000	EUR	0.972714	0.960444	0.011758	ok	passed	0.980434	false		0.00393607	0.00455155	0.00213781	0.972714	0	0.0122691	0.00439188
GCST90627749	GCST90627749	European	EUR	af_assigned	ref_freqs.hg38.tsv.gz	50000	EUR	0.975911	0.965013	0.0103302	ok	passed	0.980375	false		0.00430217	0.00358987	0.00172886	0.975911	0	0.0108975	0.00357096
GCST90627754	GCST90627754	European	EUR	af_assigned	ref_freqs.hg38.tsv.gz	50000	EUR	0.976111	0.964661	0.0076046	ok	passed	0.980856	false		0.00245196	0.00191404	0	0.976111	0.00594785	0.0114503	0.00212477
GCST90627758	GCST90627758	European	EUR	af_assigned	ref_freqs.hg38.tsv.gz	50000	EUR	0.980624	0.972593	0.00770072	ok	passed	0.980273	false		0.00250866	0.000589156	0	0.980624	0.00803107	0.00784122	0.000406139
GCST90627763	GCST90627763	European	EUR	af_assigned	ref_freqs.hg38.tsv.gz	50000	EUR	0.975091	0.962607	0.00986113	ok	passed	0.980508	false		0.00423258	0.0036032	0.000747692	0.975091	0	0.0124838	0.00384214
GCST90627765	GCST90627765	European	EUR	af_assigned	ref_freqs.hg38.tsv.gz	50000	EUR	0.974586	0.962546	0.00968418	ok	passed	0.980833	false		0.00481701	0.00350594	0.00128193	0.974586	0	0.0120395	0.00376958
GCST90627767	GCST90627767	European	EUR	af_assigned	ref_freqs.hg38.tsv.gz	50000	EUR	0.971691	0.959069	0.012239	ok	passed	0.980407	false		0.00407228	0.00480925	0.00218827	0.971691	0	0.012622	0.00461698
GCST90627769	GCST90627769	European	EUR	af_assigned	ref_freqs.hg38.tsv.gz	50000	EUR	0.975086	0.963951	0.0106727	ok	passed	0.980365	false		0.00449111	0.00373659	0.00177808	0.975086	0	0.0111349	0.00377325
GCST90627771	GCST90627771	European	EUR	af_assigned	ref_freqs.hg38.tsv.gz	50000	EUR	0.971517	0.958671	0.00791031	ok	passed	0.981117	false		0.00293683	0.00186706	0	0.971517	0.00787212	0.0128462	0.0029605
GCST90627773	GCST90627773	European	EUR	af_assigned	ref_freqs.hg38.tsv.gz	50000	EUR	0.978379	0.968613	0.00749202	ok	passed	0.980408	false		0.00237071	0.000728924	0	0.978379	0.00976556	0.00838618	0.000369847
GCST90627775	GCST90627775	European	EUR	af_assigned	ref_freqs.hg38.tsv.gz	50000	EUR	0.97381	0.960793	0.0101863	ok	passed	0.980522	false		0.00440048	0.00382232	0.000789282	0.97381	0	0.013017	0.00416063
GCST90627781	GCST90627781	European	EUR	af_assigned	ref_freqs.hg38.tsv.gz	50000	EUR	0.999366	0.998732	0.0076415	ok	passed	0.969095	false		0	0	0	0.999366	0	0.000633798	0
GCST90627994	GCST90627994	European	EUR	af_assigned	ref_freqs.hg38.tsv.gz	50000	EUR	1	1	0.0135642	ok	passed	0.978236	false		0	0	0	1	0	0	0
GCST90627995	GCST90627995	European	EUR	af_assigned	ref_freqs.hg38.tsv.gz	50000	EUR	1	1	0.0134694	ok	passed	0.978286	false		0	0	0	1	0	0	0
GCST90627996	GCST90627996	European	EUR	af_assigned	ref_freqs.hg38.tsv.gz	50000	EUR	1	1	0.0137463	ok	passed	0.978197	false		0	0	0	1	0	0	0
GCST90627997	GCST90627997	European	EUR	af_assigned	ref_freqs.hg38.tsv.gz	50000	EUR	1	1	0.0135538	ok	passed	0.978257	false		0	0	0	1	0	0	0
GCST90627998	GCST90627998	European	EUR	af_assigned	ref_freqs.hg38.tsv.gz	50000	EUR	1	1	0.0134677	ok	passed	0.978311	false		0	0	0	1	0	0	0
GCST90627999	GCST90627999	European	EUR	af_assigned	ref_freqs.hg38.tsv.gz	50000	EUR	1	1	0.0137303	ok	passed	0.978201	false		0	0	0	1	0	0	0
GCST90628000	GCST90628000	European	EUR	af_assigned	ref_freqs.hg38.tsv.gz	50000	EUR	1	1	0.0135281	ok	passed	0.978252	false		0	0	0	1	0	0	0
GCST90628001	GCST90628001	European	EUR	af_assigned	ref_freqs.hg38.tsv.gz	50000	EUR	1	1	0.0134471	ok	passed	0.978306	false		0	0	0	1	0	0	0
GCST90628002	GCST90628002	European	EUR	af_assigned	ref_freqs.hg38.tsv.gz	50000	EUR	1	1	0.0136638	ok	passed	0.978219	false		0	0	0	1	0	0	0
GCST90628003	GCST90628003	European	EUR	af_assigned	ref_freqs.hg38.tsv.gz	50000	EUR	1	1	0.0135373	ok	passed	0.978252	false		0	0	0	1	0	0	0
GCST90628004	GCST90628004	European	EUR	af_assigned	ref_freqs.hg38.tsv.gz	50000	EUR	1	1	0.0134836	ok	passed	0.978256	false		0	0	0	1	0	0	0
GCST90628005	GCST90628005	European	EUR	af_assigned	ref_freqs.hg38.tsv.gz	50000	EUR	1	1	0.0136329	ok	passed	0.978209	false		0	0	0	1	0	0	0
GCST90628006	GCST90628006	European	EUR	af_assigned	ref_freqs.hg38.tsv.gz	50000	EUR	1	1	0.0137013	ok	passed	0.978224	false		0	0	0	1	0	0	0
GCST90628007	GCST90628007	European	EUR	af_assigned	ref_freqs.hg38.tsv.gz	50000	EUR	1	1	0.0136553	ok	passed	0.978277	false		0	0	0	1	0	0	0
GCST90628008	GCST90628008	European	EUR	af_assigned	ref_freqs.hg38.tsv.gz	50000	EUR	1	1	0.013866	ok	passed	0.978194	false		0	0	0	1	0	0	0
GCST90628009	GCST90628009	European	EUR	af_assigned	ref_freqs.hg38.tsv.gz	50000	EUR	1	1	0.0135272	ok	passed	0.978265	false		0	0	0	1	0	0	0
GCST90628010	GCST90628010	European	EUR	af_assigned	ref_freqs.hg38.tsv.gz	50000	EUR	1	1	0.013449	ok	passed	0.978322	false		0	0	0	1	0	0	0
GCST90628011	GCST90628011	European	EUR	af_assigned	ref_freqs.hg38.tsv.gz	50000	EUR	1	1	0.0137169	ok	passed	0.978202	false		0	0	0	1	0	0	0
GCST90628012	GCST90628012	European	EUR	af_assigned	ref_freqs.hg38.tsv.gz	50000	EUR	1	1	0.0135991	ok	passed	0.978246	false		0	0	0	1	0	0	0
GCST90628013	GCST90628013	European	EUR	af_assigned	ref_freqs.hg38.tsv.gz	50000	EUR	1	1	0.0135194	ok	passed	0.978306	false		0	0	0	1	0	0	0
GCST90628014	GCST90628014	European	EUR	af_assigned	ref_freqs.hg38.tsv.gz	50000	EUR	1	1	0.013768	ok	passed	0.978195	false		0	0	0	1	0	0	0
GCST90628015	GCST90628015	European	EUR	af_assigned	ref_freqs.hg38.tsv.gz	50000	EUR	1	1	0.0135581	ok	passed	0.978254	false		0	0	0	1	0	0	0
GCST90628016	GCST90628016	European	EUR	af_assigned	ref_freqs.hg38.tsv.gz	50000	EUR	1	1	0.0134852	ok	passed	0.978305	false		0	0	0	1	0	0	0
GCST90628017	GCST90628017	European	EUR	af_assigned	ref_freqs.hg38.tsv.gz	50000	EUR	1	1	0.0137502	ok	passed	0.978188	false		0	0	0	1	0	0	0
GCST90628018	GCST90628018	European	EUR	af_assigned	ref_freqs.hg38.tsv.gz	50000	EUR	1	1	0.0136031	ok	passed	0.978247	false		0	0	0	1	0	0	0
GCST90628019	GCST90628019	European	EUR	af_assigned	ref_freqs.hg38.tsv.gz	50000	EUR	1	1	0.0135413	ok	passed	0.978299	false		0	0	0	1	0	0	0
GCST90628020	GCST90628020	European	EUR	af_assigned	ref_freqs.hg38.tsv.gz	50000	EUR	1	1	0.0137934	ok	passed	0.978188	false		0	0	0	1	0	0	0
GCST90628021	GCST90628021	European	EUR	af_assigned	ref_freqs.hg38.tsv.gz	50000	EUR	1	1	0.013557	ok	passed	0.978261	false		0	0	0	1	0	0	0
GCST90628022	GCST90628022	European	EUR	af_assigned	ref_freqs.hg38.tsv.gz	50000	EUR	1	1	0.0134685	ok	passed	0.978323	false		0	0	0	1	0	0	0
GCST90628023	GCST90628023	European	EUR	af_assigned	ref_freqs.hg38.tsv.gz	50000	EUR	1	1	0.0137278	ok	passed	0.978204	false		0	0	0	1	0	0	0
GCST90628024	GCST90628024	European	EUR	af_assigned	ref_freqs.hg38.tsv.gz	50000	EUR	1	1	0.0138358	ok	passed	0.978211	false		0	0	0	1	0	0	0
GCST90628025	GCST90628025	European	EUR	af_assigned	ref_freqs.hg38.tsv.gz	50000	EUR	1	1	0.0144096	ok	passed	0.978178	false		0	0	0	1	0	0	0
GCST90628026	GCST90628026	European	EUR	af_assigned	ref_freqs.hg38.tsv.gz	50000	EUR	1	1	0.0138116	ok	passed	0.978179	false		0	0	0	1	0	0	0
GCST90628027	GCST90628027	European	EUR	af_assigned	ref_freqs.hg38.tsv.gz	50000	EUR	1	1	0.0140994	ok	passed	0.978223	false		0	0	0	1	0	0	0
GCST90628028	GCST90628028	European	EUR	af_assigned	ref_freqs.hg38.tsv.gz	50000	EUR	1	1	0.0140202	ok	passed	0.97827	false		0	0	0	1	0	0	0
GCST90628029	GCST90628029	European	EUR	af_assigned	ref_freqs.hg38.tsv.gz	50000	EUR	1	1	0.014277	ok	passed	0.978161	false		0	0	0	1	0	0	0
GCST90628030	GCST90628030	European	EUR	af_assigned	ref_freqs.hg38.tsv.gz	50000	EUR	1	1	0.014106	ok	passed	0.978374	false		0	0	0	1	0	0	0
GCST90628031	GCST90628031	European	EUR	af_assigned	ref_freqs.hg38.tsv.gz	50000	EUR	1	1	0.0140559	ok	passed	0.9784	false		0	0	0	1	0	0	0
GCST90628032	GCST90628032	European	EUR	af_assigned	ref_freqs.hg38.tsv.gz	50000	EUR	1	1	0.0143486	ok	passed	0.978298	false		0	0	0	1	0	0	0
GCST90633788	GCST90633788	European	EUR	af_assigned	ref_freqs.hg38.tsv.gz	50000	EUR	0.958415	0.933274	0.00906438	ok	passed	0.974175	false		0.00326292	0.00800033	0	0.958415	0.025141	0.00445062	0.000729626
GCST90633789	GCST90633789	European	EUR	af_assigned	ref_freqs.hg38.tsv.gz	50000	EUR	0.965533	0.950257	0.009249	ok	passed	0.979078	false		0.00378308	0.00630925	0.00141879	0.965533	0.015276	0.00676206	0.000917962
GCST90633790	GCST90633790	European	EUR	af_assigned	ref_freqs.hg38.tsv.gz	50000	EUR	0.953354	0.921948	0.00796313	ok	passed	0.978725	false		0.00465468	0.00712466	0.000483991	0.953354	0.0314059	0.00278177	0.000195347
GCST90651070	GCST90651070	European		unassigned	ref_freqs.hg38.tsv.gz	50000	EUR	0.688488	0.521995	0.21892	residual	passed	0.701337			0.166494	0	0.035111	0.688488	0.010875	0.0189505	0.0800813
GCST90651071	GCST90651071	European		unassigned	ref_freqs.hg38.tsv.gz	50000	EUR	0.804836	0.710276	0.218296	residual	passed	0.739232			0.0945605	0	0.0139762	0.804836	0.0295609	0.00138569	0.0556807
GCST90651072	GCST90651072	European		unassigned	ref_freqs.hg38.tsv.gz	50000	EUR	0.804836	0.710276	0.218296	residual	passed	0.739232			0.0945605	0	0.0139762	0.804836	0.0295609	0.00138569	0.0556807
GCST90651073	GCST90651073	European		unassigned	ref_freqs.hg38.tsv.gz	50000	EUR	0.804834	0.710274	0.218296	residual	passed	0.739232			0.0945602	0	0.013975	0.804834	0.0295621	0.00138632	0.0556823
GCST90651074	GCST90651074	European		unassigned	ref_freqs.hg38.tsv.gz	50000	EUR	0.693509	0.544875	0.222707	residual	passed	0.699887			0.148634	0	0.0405162	0.693509	0.00315816	0.0371984	0.0769846
GCST90651075	GCST90651075	European		unassigned	ref_freqs.hg38.tsv.gz	50000	EUR	0.816117	0.724708	0.215216	residual	passed	0.748049			0.0914088	0	0.0146794	0.816117	0.0255737	0	0.0522209
GCST90651076	GCST90651076	European		unassigned	ref_freqs.hg38.tsv.gz	50000	EUR	0.816117	0.724708	0.215216	residual	passed	0.748049			0.0914088	0	0.0146794	0.816117	0.0255737	0	0.0522209
GCST90651077	GCST90651077	European		unassigned	ref_freqs.hg38.tsv.gz	50000	EUR	0.816117	0.724708	0.215216	residual	passed	0.748049			0.0914087	0	0.0146777	0.816117	0.0255744	0	0.0522224
GCST90651078	GCST90651078	European	EUR	af_assigned	ref_freqs.hg38.tsv.gz	50000	EUR	0.990758	0.984453	0.0122304	ok	passed	0.978441	false		0	0	0	0.990758	0.00293661	0.00630534	0
GCST90651079	GCST90651079	European	EUR	af_assigned	ref_freqs.hg38.tsv.gz	50000	EUR	0.99183	0.986918	0.0121379	ok	passed	0.978652	false		0	0	0	0.99183	0.00325871	0.00491164	0
GCST90651080	GCST90651080	European	EUR	af_assigned	ref_freqs.hg38.tsv.gz	50000	EUR	0.991833	0.986918	0.0121381	ok	passed	0.978652	false		0	0	0	0.991833	0.00325124	0.0049153	0
GCST90652244	GCST90652244	European		unassigned	ref_freqs.hg38.tsv.gz	50000	AFR	0.465813	0.0801199	0.543377	eaf_orientation	failed	-0.678142			0.465813	0	0.385693	0	0	0	0.148494
GCST90652380	GCST90652380	European	EUR	af_assigned	ref_freqs.hg38.tsv.gz	50000	EUR	1	1	0.00528685	ok	passed	0.979388	false		0	0	0	1	0	0	0
GCST90652381	GCST90652381	European	EUR	af_assigned	ref_freqs.hg38.tsv.gz	50000	EUR	1	1	0.00530147	ok	passed	0.979411	false		0	0	0	1	0	0	0
GCST90652382	GCST90652382	European	EUR	af_assigned	ref_freqs.hg38.tsv.gz	50000	EUR	1	1	0.00530683	ok	passed	0.979397	false		0	0	0	1	0	0	0
GCST90652383	GCST90652383	European	EUR	af_assigned	ref_freqs.hg38.tsv.gz	50000	EUR	1	1	0.00529908	ok	passed	0.979425	false		0	0	0	1	0	0	0
GCST90652384	GCST90652384	European	EUR	af_assigned	ref_freqs.hg38.tsv.gz	50000	EUR	1	1	0.00530766	ok	passed	0.979457	false		0	0	0	1	0	0	0
GCST90652385	GCST90652385	European	EUR	af_assigned	ref_freqs.hg38.tsv.gz	50000	EUR	1	1	0.00529226	ok	passed	0.979392	false		0	0	0	1	0	0	0
GCST90652386	GCST90652386	European	EUR	af_assigned	ref_freqs.hg38.tsv.gz	50000	EUR	1	1	0.00530216	ok	passed	0.979415	false		0	0	0	1	0	0	0
GCST90652387	GCST90652387	European	EUR	af_assigned	ref_freqs.hg38.tsv.gz	50000	EUR	1	1	0.00530548	ok	passed	0.979399	false		0	0	0	1	0	0	0
GCST90652388	GCST90652388	European	EUR	af_assigned	ref_freqs.hg38.tsv.gz	50000	EUR	1	1	0.0052959	ok	passed	0.979426	false		0	0	0	1	0	0	0
GCST90652389	GCST90652389	European	EUR	af_assigned	ref_freqs.hg38.tsv.gz	50000	EUR	1	1	0.00529277	ok	passed	0.979388	false		0	0	0	1	0	0	0
GCST90652390	GCST90652390	European	EUR	af_assigned	ref_freqs.hg38.tsv.gz	50000	EUR	1	1	0.00530308	ok	passed	0.979389	false		0	0	0	1	0	0	0
GCST90652391	GCST90652391	European	EUR	af_assigned	ref_freqs.hg38.tsv.gz	50000	EUR	1	1	0.00530386	ok	passed	0.979403	false		0	0	0	1	0	0	0
GCST90652392	GCST90652392	European	EUR	af_assigned	ref_freqs.hg38.tsv.gz	50000	EUR	1	1	0.00530226	ok	passed	0.979385	false		0	0	0	1	0	0	0
GCST90652393	GCST90652393	European	EUR	af_assigned	ref_freqs.hg38.tsv.gz	50000	EUR	1	1	0.00530137	ok	passed	0.979387	false		0	0	0	1	0	0	0
GCST90652394	GCST90652394	European	EUR	af_assigned	ref_freqs.hg38.tsv.gz	50000	EUR	1	1	0.0053029	ok	passed	0.9794	false		0	0	0	1	0	0	0
GCST90652471	GCST90652471	European	EUR	af_assigned	ref_freqs.hg38.tsv.gz	50000	EUR	1	1	0.00496645	ok	passed	0.977276	false		0	0	0	1	0	0	0
GCST90652472	GCST90652472	European	EUR	af_assigned	ref_freqs.hg38.tsv.gz	50000	EUR	1	1	0.00496645	ok	passed	0.977276	false		0	0	0	1	0	0	0
GCST90652487	GCST90652487	European	EUR	af_assigned	ref_freqs.hg38.tsv.gz	50000	EUR	0.532148	0.231121	0.0446903	ok	passed	0.983336	false		0.301026	0.012085	0.145669	0.532148	0	0	0.00907179
GCST90652488	GCST90652488	European	EUR	af_assigned	ref_freqs.hg38.tsv.gz	50000	EUR	0.968683	0.960881	0.0132231	ok	passed	0.980753	false		0.00780239	0.00453605	0.00435556	0.968683	0	0.00716826	0.0074547
GCST90652505	GCST90652505	European		unassigned	ref_freqs.hg38.tsv.gz	0		0	0		overlap	unverified										
GCST90652517	GCST90652517	European	EUR	af_assigned	ref_freqs.hg38.tsv.gz	50000	EUR	0.998418	0.997411	0.0113325	ok	passed	0.991431	false		5.41661e-05	0	0.00100709	0.998418	0	0	0.000520924
GCST90652529	GCST90652529	European		unassigned	ref_freqs.hg38.tsv.gz	50000	AFR	0.437899	0.172768	0.377458	residual	passed	0.175421			0.437899	0.0131365	0.126104	0.15773	0	0	0.26513
GCST90652530	GCST90652530	European		unassigned	ref_freqs.hg38.tsv.gz	50000	AFR	0.441526	0.170144	0.37955	residual	passed	0.17502			0.441526	0.0172529	0.12398	0.145859	0	0	0.271382
GCST90652531	GCST90652531	European		unassigned	ref_freqs.hg38.tsv.gz	50000	AFR	0.438018	0.172151	0.377446	residual	passed	0.175434			0.438018	0.0135163	0.125808	0.156789	0	0	0.265868
GCST90652532	GCST90652532	European		unassigned	ref_freqs.hg38.tsv.gz	50000	AFR	0.442138	0.170371	0.379508	residual	passed	0.175114			0.442138	0.0165386	0.124245	0.145312	0	0	0.271767
GCST90652548	GCST90652548	European	EUR	af_assigned	ref_freqs.hg38.tsv.gz	50000	EUR	1	1	0.00464682	ok	passed	0.978712	false		0	0	0	1	0	0	0
GCST90652549	GCST90652549	European	EUR	af_assigned	ref_freqs.hg38.tsv.gz	50000	EUR	1	1	0.00464682	ok	passed	0.978712	false		0	0	0	1	0	0	0
GCST90652550	GCST90652550	European		unassigned	ref_freqs.hg38.tsv.gz	0		0	0		overlap	unverified										
GCST90652551	GCST90652551	European	EUR	af_assigned	ref_freqs.hg38.tsv.gz	50000	EUR	1	1	0.00473813	ok	passed	0.978634	false		0	0	0	1	0	0	0
GCST90652552	GCST90652552	European	EUR	af_assigned	ref_freqs.hg38.tsv.gz	50000	EUR	1	1	0.00473467	ok	passed	0.97873	false		0	0	0	1	0	0	0
GCST90652553	GCST90652553	European	EUR	af_assigned	ref_freqs.hg38.tsv.gz	50000	EUR	1	1	0.00472789	ok	passed	0.978771	false		0	0	0	1	0	0	0
GCST90652554	GCST90652554	European	EUR	af_assigned	ref_freqs.hg38.tsv.gz	50000	EUR	1	1	0.00467275	ok	passed	0.978685	false		0	0	0	1	0	0	0
GCST90652555	GCST90652555	European	EUR	af_assigned	ref_freqs.hg38.tsv.gz	50000	EUR	1	1	0.00469698	ok	passed	0.978719	false		0	0	0	1	0	0	0
GCST90652556	GCST90652556	European	EUR	af_assigned	ref_freqs.hg38.tsv.gz	50000	EUR	1	1	0.00479503	ok	passed	0.97871	false		0	0	0	1	0	0	0
GCST90652557	GCST90652557	European	EUR	af_assigned	ref_freqs.hg38.tsv.gz	50000	EUR	1	1	0.00478719	ok	passed	0.978714	false		0	0	0	1	0	0	0
GCST90652558	GCST90652558	European	EUR	af_assigned	ref_freqs.hg38.tsv.gz	50000	EUR	1	1	0.00468803	ok	passed	0.978714	false		0	0	0	1	0	0	0
GCST90652559	GCST90652559	European	EUR	af_assigned	ref_freqs.hg38.tsv.gz	50000	EUR	1	1	0.00475546	ok	passed	0.978675	false		0	0	0	1	0	0	0
GCST90654627	GCST90654627	European	EUR	af_assigned	ref_freqs.hg38.tsv.gz	50000	EUR	0.698699	0.497442	0.0394662	ok	passed	0.986904	false		0.0704111	0.0208818	0.201257	0.698699	0	0.00533534	0.00341664
GCST90654628	GCST90654628	European	EUR	af_assigned	ref_freqs.hg38.tsv.gz	50000	EUR	0.685795	0.42227	0.0452896	ok	passed	0.98198	false		0.0231965	0.027484	0.263525	0.685795	0	0	0
GCST90654629	GCST90654629	European	EUR	af_assigned	ref_freqs.hg38.tsv.gz	50000	EUR	0.596218	0.245309	0.0480632	ok	passed	0.978278	false		0.0255139	0.0273601	0.350908	0.596218	0	0	0
GCST90654630	GCST90654630	European		unassigned	ref_freqs.hg38.tsv.gz	50000	EUR	0.502854	0.0338188	0.0414191	margin	passed	0.963836			0.0154603	0.0126513	0.469035	0.502854	0	0	0
GCST90664487	GCST90664487	European	EUR	af_assigned	ref_freqs.hg38.tsv.gz	50000	EUR	0.998132	0.996396	0.00804753	ok	passed	0.978155	false		0	0.00173544	0.000132887	0.998132	0	0	0
GCST90667997	GCST90667997	European	EUR	af_assigned	ref_freqs.hg38.tsv.gz	50000	EUR	1	1	0.00485354	ok	passed	0.978186	false		0	0	0	1	0	0	0
GCST90667998	GCST90667998	European	EUR	af_assigned	ref_freqs.hg38.tsv.gz	50000	EUR	1	1	0.00509689	ok	passed	0.978176	false		0	0	0	1	0	0	0
GCST90667999	GCST90667999	European	EUR	af_assigned	ref_freqs.hg38.tsv.gz	50000	EUR	1	1	0.0048615	ok	passed	0.978185	false		0	0	0	1	0	0	0
GCST90668000	GCST90668000	European	EUR	af_assigned	ref_freqs.hg38.tsv.gz	50000	EUR	1	1	0.00514302	ok	passed	0.978175	false		0	0	0	1	0	0	0
GCST90668013	GCST90668013	European	EUR	af_assigned	ref_freqs.hg38.tsv.gz	50000	EUR	0.97865	0.973172	0.013032	ok	passed	0.978553	false		0.00517622	0.00547834	0.00210224	0.97865	0	0.00505961	0.0035335
GCST90668014	GCST90668014	European	EUR	af_assigned	ref_freqs.hg38.tsv.gz	50000	EUR	0.974217	0.963953	0.0104969	ok	passed	0.981928	false		0.00652227	0.00422749	0	0.974217	0	0.0102635	0.00476997
GCST90668015	GCST90668015	European	EUR	af_assigned	ref_freqs.hg38.tsv.gz	50000	EUR	0.973991	0.963601	0.0104883	ok	passed	0.981972	false		0.00650773	0.00426756	0	0.973991	0	0.0103901	0.00484344
GCST90668016	GCST90668016	European	EUR	af_assigned	ref_freqs.hg38.tsv.gz	50000	EUR	0.980697	0.971617	0.0140946	ok	passed	0.975145	false		0.000710149	0.00714893	0.0090801	0.980697	0	0	0.00236344
GCST90671996	GCST90671996	European		unassigned	ref_freqs.hg38.tsv.gz	50000	AFR	0.264368	0.0456905	0.0078527	proportion	passed	0.98848			0.264368	0.113457	0.190538	0.218678	0	0.00543722	0.207521
GCST90672009	GCST90672009	European	EUR	af_assigned	ref_freqs.hg38.tsv.gz	50000	EUR	0.998322	0.99748	0.0051426	ok	passed	0.981902	false		0	0.00083552	0	0.998322	0	0	0.000842336
GCST90672010	GCST90672010	European	EUR	af_assigned	ref_freqs.hg38.tsv.gz	50000	EUR	0.998236	0.997325	0.00515544	ok	passed	0.981916	false		0	0.000911464	0	0.998236	0	0	0.000852263
GCST90672011	GCST90672011	European	EUR	af_assigned	ref_freqs.hg38.tsv.gz	50000	EUR	0.998468	0.99765	0.0051231	ok	passed	0.981876	false		0	0.000714078	0	0.998468	0	0	0.000817719
GCST90672012	GCST90672012	European	EUR	af_assigned	ref_freqs.hg38.tsv.gz	50000	EUR	0.998452	0.997626	0.00512507	ok	passed	0.981879	false		0	0.000721575	0	0.998452	0	0	0.000826141
GCST90672013	GCST90672013	European	EUR	af_assigned	ref_freqs.hg38.tsv.gz	50000	EUR	0.99837	0.99754	0.00513555	ok	passed	0.981893	false		0	0.000798746	0	0.99837	0	0	0.000830866
GCST90672014	GCST90672014	European	EUR	af_assigned	ref_freqs.hg38.tsv.gz	50000	EUR	0.998589	0.997786	0.00510953	ok	passed	0.981855	false		0	0.000608175	0	0.998589	0	0	0.000802672
GCST90672015	GCST90672015	European	EUR	af_assigned	ref_freqs.hg38.tsv.gz	50000	EUR	0.998192	0.997241	0.005163	ok	passed	0.981924	false		0	0.000950621	0	0.998192	0	0	0.000857373
GCST90672016	GCST90672016	European	EUR	af_assigned	ref_freqs.hg38.tsv.gz	50000	EUR	0.998354	0.997516	0.0051383	ok	passed	0.981896	false		0	0.00080784	0	0.998354	0	0	0.000838323
GCST90672017	GCST90672017	European	EUR	af_assigned	ref_freqs.hg38.tsv.gz	50000	EUR	0.997979	0.996847	0.00520339	ok	passed	0.98196	false		0	0.00113202	0	0.997979	0	0	0.000888493
GCST90672018	GCST90672018	European	EUR	af_assigned	ref_freqs.hg38.tsv.gz	50000	EUR	0.998278	0.997404	0.00514869	ok	passed	0.981908	false		0	0.000873974	0	0.998278	0	0	0.000848326
GCST90672019	GCST90672019	European	EUR	af_assigned	ref_freqs.hg38.tsv.gz	50000	EUR	0.998231	0.997314	0.00515653	ok	passed	0.981917	false		0	0.000916283	0	0.998231	0	0	0.000853118
GCST90672020	GCST90672020	European	EUR	af_assigned	ref_freqs.hg38.tsv.gz	50000	EUR	0.99824	0.997335	0.00515528	ok	passed	0.981915	false		0	0.000905498	0	0.99824	0	0	0.000854185
GCST90672032	GCST90672032	European	EUR	af_assigned	ref_freqs.hg38.tsv.gz	50000	EUR	1	1	0.00613901	ok	passed	0.969751	false		0	0	0	1	0	0	0
GCST90672033	GCST90672033	European	EUR	af_assigned	ref_freqs.hg38.tsv.gz	50000	EUR	1	1	0.00617658	ok	passed	0.969797	false		0	0	0	1	0	0	0
GCST90672034	GCST90672034	European	EUR	af_assigned	ref_freqs.hg38.tsv.gz	50000	EUR	1	1	0.00677419	ok	passed	0.969805	false		0	0	0	1	0	0	0
GCST90672035	GCST90672035	European	EUR	af_assigned	ref_freqs.hg38.tsv.gz	50000	EUR	1	1	0.00675561	ok	passed	0.969777	false		0	0	0	1	0	0	0
GCST90672036	GCST90672036	European	EUR	af_assigned	ref_freqs.hg38.tsv.gz	50000	EUR	1	1	0.00672107	ok	passed	0.969737	false		0	0	0	1	0	0	0
GCST90672037	GCST90672037	European	EUR	af_assigned	ref_freqs.hg38.tsv.gz	50000	EUR	1	1	0.00675288	ok	passed	0.969784	false		0	0	0	1	0	0	0
GCST90672038	GCST90672038	European	EUR	af_assigned	ref_freqs.hg38.tsv.gz	50000	EUR	1	1	0.00674708	ok	passed	0.969781	false		0	0	0	1	0	0	0
GCST90672039	GCST90672039	European	EUR	af_assigned	ref_freqs.hg38.tsv.gz	50000	EUR	1	1	0.00669709	ok	passed	0.969733	false		0	0	0	1	0	0	0
GCST90672040	GCST90672040	European	EUR	af_assigned	ref_freqs.hg38.tsv.gz	50000	EUR	1	1	0.0063236	ok	passed	0.969737	false		0	0	0	1	0	0	0
GCST90672045	GCST90672045	European		unassigned	ref_freqs.hg38.tsv.gz	50000	AFR	0.66659	0.333181	0.569521	eaf_orientation	failed	-0.976114			0.66659	0	0.33341	0	0	0	0
GCST90672046	GCST90672046	European	EUR	af_assigned	ref_freqs.hg38.tsv.gz	50000	EUR	1	1	0.00828561	ok	passed	0.978906	false		0	0	0	1	0	0	0
GCST90702447	GCST90702447	European	EUR	af_assigned	ref_freqs.hg38.tsv.gz	50000	EUR	1	1	0.00471156	ok	passed	0.97825	false		0	0	0	1	0	0	0
GCST90702448	GCST90702448	European	EUR	af_assigned	ref_freqs.hg38.tsv.gz	50000	EUR	1	1	0.00471156	ok	passed	0.97825	false		0	0	0	1	0	0	0
GCST90702449	GCST90702449	European	EUR	af_assigned	ref_freqs.hg38.tsv.gz	50000	EUR	1	1	0.00471156	ok	passed	0.97825	false		0	0	0	1	0	0	0
GCST90702450	GCST90702450	European	EUR	af_assigned	ref_freqs.hg38.tsv.gz	50000	EUR	1	1	0.00471156	ok	passed	0.97825	false		0	0	0	1	0	0	0
GCST90702451	GCST90702451	European	EUR	af_assigned	ref_freqs.hg38.tsv.gz	50000	EUR	1	1	0.00471156	ok	passed	0.97825	false		0	0	0	1	0	0	0
GCST90702452	GCST90702452	European	EUR	af_assigned	ref_freqs.hg38.tsv.gz	50000	EUR	1	1	0.00471156	ok	passed	0.97825	false		0	0	0	1	0	0	0
GCST90702453	GCST90702453	European	EUR	af_assigned	ref_freqs.hg38.tsv.gz	50000	EUR	1	1	0.00471156	ok	passed	0.97825	false		0	0	0	1	0	0	0
GCST90702454	GCST90702454	European	EUR	af_assigned	ref_freqs.hg38.tsv.gz	50000	EUR	1	1	0.00471156	ok	passed	0.97825	false		0	0	0	1	0	0	0
GCST90702455	GCST90702455	European	EUR	af_assigned	ref_freqs.hg38.tsv.gz	50000	EUR	1	1	0.00471156	ok	passed	0.97825	false		0	0	0	1	0	0	0
GCST90702456	GCST90702456	European	EUR	af_assigned	ref_freqs.hg38.tsv.gz	50000	EUR	1	1	0.00471156	ok	passed	0.97825	false		0	0	0	1	0	0	0
GCST90702485	GCST90702485	European	EUR	af_assigned	ref_freqs.hg38.tsv.gz	50000	EUR	0.989851	0.982509	0.0102425	ok	passed	0.977195	false		0.00242157	0.000384737	0	0.989851	0	0.0073425	0
GCST90704615	GCST90704615	European	EUR	af_assigned	ref_freqs.hg38.tsv.gz	50000	EUR	0.992252	0.985626	0.0103088	ok	passed	0.977351	false		0.000924491	0	0	0.992252	0	0.00662617	0.000197219
GCST90704616	GCST90704616	European	EUR	af_assigned	ref_freqs.hg38.tsv.gz	50000	EUR	0.99381	0.988897	0.00834747	ok	passed	0.977304	false		0.00119834	0	0	0.99381	0	0.00491366	7.77073e-05
GCST90704617	GCST90704617	European	EUR	af_assigned	ref_freqs.hg38.tsv.gz	50000	EUR	0.991928	0.985826	0.0101679	ok	passed	0.977457	false		0.00123609	8.80527e-05	0	0.991928	0	0.0061024	0.000645376
GCST90704618	GCST90704618	European	EUR	af_assigned	ref_freqs.hg38.tsv.gz	50000	EUR	0.992243	0.986232	0.0102554	ok	passed	0.977449	false		0.00108784	0.000173673	0	0.992243	0	0.00601119	0.000483986
GCST90704619	GCST90704619	European	EUR	af_assigned	ref_freqs.hg38.tsv.gz	50000	EUR	0.984626	0.974894	0.00735246	ok	passed	0.979707	false		0.00214814	0	0	0.984626	0.00973232	0.00349371	0
GCST90704620	GCST90704620	European	EUR	af_assigned	ref_freqs.hg38.tsv.gz	50000	EUR	0.993099	0.98972	0.0092343	ok	passed	0.978549	false		0.00177734	0.000949463	0	0.993099	0	0.00337829	0.000796232
GCST90704621	GCST90704621	European	EUR	af_assigned	ref_freqs.hg38.tsv.gz	50000	EUR	0.991949	0.985963	0.0101968	ok	passed	0.977431	false		0.00117467	0.000136093	0	0.991949	0	0.00598685	0.000753003
GCST90704622	GCST90704622	European	EUR	af_assigned	ref_freqs.hg38.tsv.gz	50000	EUR	0.984495	0.9768	0.00715669	ok	passed	0.979934	false		0.00176905	0	0	0.984495	0.00769549	0.00604002	0
GCST90704625	GCST90704625	European	EUR	af_assigned	ref_freqs.hg38.tsv.gz	50000	EUR	0.98771	0.978408	0.00973982	ok	passed	0.978725	false		0.000978586	8.1106e-05	0	0.98771	0	0.00930234	0.00192795
GCST90704626	GCST90704626	European	EUR	af_assigned	ref_freqs.hg38.tsv.gz	50000	EUR	0.99211	0.986266	0.0100618	ok	passed	0.977194	false		0.0012753	7.18465e-05	0	0.99211	0	0.00584373	0.000698909
GCST90704627	GCST90704627	European	EUR	af_assigned	ref_freqs.hg38.tsv.gz	50000	EUR	0.99211	0.986266	0.0100618	ok	passed	0.977194	false		0.0012753	7.18465e-05	0	0.99211	0	0.00584373	0.000698909
GCST90704628	GCST90704628	European	EUR	af_assigned	ref_freqs.hg38.tsv.gz	50000	EUR	0.99211	0.986266	0.0100618	ok	passed	0.977194	false		0.0012753	7.18465e-05	0	0.99211	0	0.00584373	0.000698909
GCST90704629	GCST90704629	European	EUR	af_assigned	ref_freqs.hg38.tsv.gz	50000	EUR	0.99211	0.986266	0.0100618	ok	passed	0.977194	false		0.0012753	7.18465e-05	0	0.99211	0	0.00584373	0.000698909
GCST90704630	GCST90704630	European	EUR	af_assigned	ref_freqs.hg38.tsv.gz	50000	EUR	0.99211	0.986266	0.0100618	ok	passed	0.977194	false		0.0012753	7.18465e-05	0	0.99211	0	0.00584373	0.000698909
GCST90704631	GCST90704631	European	EUR	af_assigned	ref_freqs.hg38.tsv.gz	50000	EUR	0.99211	0.986266	0.0100618	ok	passed	0.977194	false		0.0012753	7.18465e-05	0	0.99211	0	0.00584373	0.000698909
GCST90704632	GCST90704632	European	EUR	af_assigned	ref_freqs.hg38.tsv.gz	50000	EUR	0.99211	0.986266	0.0100618	ok	passed	0.977194	false		0.0012753	7.18465e-05	0	0.99211	0	0.00584373	0.000698909
GCST90704633	GCST90704633	European	EUR	af_assigned	ref_freqs.hg38.tsv.gz	50000	EUR	0.99211	0.986266	0.0100618	ok	passed	0.977194	false		0.0012753	7.18465e-05	0	0.99211	0	0.00584373	0.000698909
GCST90704634	GCST90704634	European	EUR	af_assigned	ref_freqs.hg38.tsv.gz	50000	EUR	0.99211	0.986266	0.0100618	ok	passed	0.977194	false		0.0012753	7.18465e-05	0	0.99211	0	0.00584373	0.000698909
GCST90704635	GCST90704635	European	EUR	af_assigned	ref_freqs.hg38.tsv.gz	50000	EUR	0.99211	0.986266	0.0100618	ok	passed	0.977194	false		0.0012753	7.18465e-05	0	0.99211	0	0.00584373	0.000698909
GCST90704636	GCST90704636	European	EUR	af_assigned	ref_freqs.hg38.tsv.gz	50000	EUR	0.99211	0.986266	0.0100618	ok	passed	0.977194	false		0.0012753	7.18465e-05	0	0.99211	0	0.00584373	0.000698909
GCST90704637	GCST90704637	European	EUR	af_assigned	ref_freqs.hg38.tsv.gz	50000	EUR	0.99211	0.986266	0.0100618	ok	passed	0.977194	false		0.0012753	7.18465e-05	0	0.99211	0	0.00584373	0.000698909
GCST90704638	GCST90704638	European	EUR	af_assigned	ref_freqs.hg38.tsv.gz	50000	EUR	0.99211	0.986266	0.0100618	ok	passed	0.977194	false		0.0012753	7.18465e-05	0	0.99211	0	0.00584373	0.000698909
GCST90704639	GCST90704639	European	EUR	af_assigned	ref_freqs.hg38.tsv.gz	50000	EUR	0.99211	0.986266	0.0100618	ok	passed	0.977194	false		0.0012753	7.18465e-05	0	0.99211	0	0.00584373	0.000698909
GCST90704640	GCST90704640	European	EUR	af_assigned	ref_freqs.hg38.tsv.gz	50000	EUR	0.99211	0.986266	0.0100618	ok	passed	0.977194	false		0.0012753	7.18465e-05	0	0.99211	0	0.00584373	0.000698909
GCST90704641	GCST90704641	European	EUR	af_assigned	ref_freqs.hg38.tsv.gz	50000	EUR	0.99211	0.986266	0.0100618	ok	passed	0.977194	false		0.0012753	7.18465e-05	0	0.99211	0	0.00584373	0.000698909
GCST90704642	GCST90704642	European	EUR	af_assigned	ref_freqs.hg38.tsv.gz	50000	EUR	0.99211	0.986266	0.0100618	ok	passed	0.977194	false		0.0012753	7.18465e-05	0	0.99211	0	0.00584373	0.000698909
GCST90704646	GCST90704646	European	EUR	af_assigned	ref_freqs.hg38.tsv.gz	50000	EUR	0.980732	0.970825	0.00905535	ok	passed	0.979898	false		0.00236149	0.00529795	0.000630241	0.980732	0	0.00990721	0.00107105
GCST90704647	GCST90704647	European	EUR	af_assigned	ref_freqs.hg38.tsv.gz	50000	EUR	0.978061	0.966657	0.00977979	ok	passed	0.979918	false		0.00267762	0.00613876	0.000584761	0.978061	0	0.0114035	0.00113474
GCST90704648	GCST90704648	European	EUR	af_assigned	ref_freqs.hg38.tsv.gz	50000	EUR	0.983232	0.970258	0.0106207	ok	passed	0.979906	false		0.00215153	0.00164366	0	0.983232	0	0.0129733	0
GCST90705038	GCST90705038	European	EUR	af_assigned	ref_freqs.hg38.tsv.gz	50000	EUR	0.992332	0.984663	0.0127095	ok	passed	0.978497	false		0	0	0	0.992332	0	0.00766848	0
GCST90705042	GCST90705042	European	EUR	af_assigned	ref_freqs.hg38.tsv.gz	50000	EUR	0.992093	0.984364	0.0129783	ok	passed	0.978378	false		0	0.000178696	0	0.992093	0	0.00772868	0
GCST90705066	GCST90705066	European	EUR	af_assigned	ref_freqs.hg38.tsv.gz	50000	EUR	0.976897	0.962899	0.00968085	ok	passed	0.974253	false		0	0.000461261	0.00414113	0.976897	0	0.00450206	0.0139984
GCST90707263	GCST90707263	European	EUR	af_assigned	ref_freqs.hg38.tsv.gz	50000	EUR	0.91983	0.884803	0.0311027	ok	passed	0.9779	false		0.0206692	0.00154043	0.00193793	0.91983	0	0.0350266	0.020996
GCST90707271	GCST90707271	European		unassigned	ref_freqs.hg38.tsv.gz	50000	AFR	0.368305	0.0106464	0.561966	eaf_orientation	failed	-0.798954			0.368305	0	0.357658	0	0	0	0.274037
GCST90707272	GCST90707272	European		unassigned	ref_freqs.hg38.tsv.gz	50000	EAS	0.348116	0.0015724	0.554324	eaf_orientation	failed	-0.792058			0.346544	0	0.348116	0	0	0	0.30534
GCST90707273	GCST90707273	European		unassigned	ref_freqs.hg38.tsv.gz	50000	AFR	0.388442	0.0365025	0.554776	eaf_orientation	failed	-0.793093			0.388442	0	0.35194	0	0	0	0.259618
GCST90707274	GCST90707274	European		unassigned	ref_freqs.hg38.tsv.gz	50000	AFR	0.35482	0.000963802	0.560434	eaf_orientation	failed	-0.796902			0.35482	0	0.353856	0	0	0	0.291324
GCST90707291	GCST90707291	European	EUR	af_assigned	ref_freqs.hg38.tsv.gz	50000	EUR	0.981012	0.967565	0.0206254	ok	passed	0.973348	false		0	0.00553974	0.0134478	0.981012	0	0	0
GCST90709864	GCST90709864	European	EUR	af_assigned	ref_freqs.hg38.tsv.gz	50000	EUR	0.874969	0.785045	0.008617	ok	passed	0.980772	false		0.0277229	0.000412583	0	0.874969	0.00634563	0.000626329	0.089924
GCST90709865	GCST90709865	European	EUR	af_assigned	ref_freqs.hg38.tsv.gz	50000	EUR	0.873932	0.782334	0.00865963	ok	passed	0.980826	false		0.0272529	0.000286972	0	0.873932	0.00507296	0.00185654	0.0915986
GCST90709866	GCST90709866	European	EUR	af_assigned	ref_freqs.hg38.tsv.gz	50000	EUR	0.872442	0.779285	0.00866734	ok	passed	0.980857	false		0.027204	0.000384563	0.000124278	0.872442	0.00436069	0.00232758	0.0931569
GCST90709867	GCST90709867	European	EUR	af_assigned	ref_freqs.hg38.tsv.gz	50000	EUR	0.872325	0.779164	0.00871957	ok	passed	0.980845	false		0.0268742	0	0	0.872325	0.00645743	0.00118229	0.0931612
GCST90709868	GCST90709868	European	EUR	af_assigned	ref_freqs.hg38.tsv.gz	50000	EUR	0.87115	0.77606	0.00866096	ok	passed	0.980949	false		0.0273705	0.000107977	0	0.87115	0.00494095	0.00134065	0.0950897
GCST90709869	GCST90709869	European	EUR	af_assigned	ref_freqs.hg38.tsv.gz	50000	EUR	0.869791	0.774986	0.00868318	ok	passed	0.980902	false		0.0272991	0.000650358	0	0.869791	0.00745418	0	0.094805
GCST90709870	GCST90709870	European	EUR	af_assigned	ref_freqs.hg38.tsv.gz	50000	EUR	0.870904	0.775873	0.00868899	ok	passed	0.980908	false		0.0274565	0.000514739	0	0.870904	0.00575364	0.000339605	0.0950312
GCST90709871	GCST90709871	European	EUR	af_assigned	ref_freqs.hg38.tsv.gz	50000	EUR	0.868143	0.772368	0.00872219	ok	passed	0.980959	false		0.026881	0.000536646	0	0.868143	0.00790792	0.000757134	0.0957745
GCST90711138	GCST90711138	European	EUR	af_assigned	ref_freqs.hg38.tsv.gz	50000	EUR	0.99838	0.997269	0.00693867	ok	passed	0.978197	false		0	0	0	0.99838	0	0.00111075	0.000509698
GCST90726344	GCST90726344	European	EUR	af_assigned	ref_freqs.hg38.tsv.gz	50000	EUR	0.98322	0.971174	0.0153457	ok	passed	0.977858	false		0	0	0	0.98322	0.00473447	0.012046	0
GCST90726345	GCST90726345	European	EUR	af_assigned	ref_freqs.hg38.tsv.gz	50000	EUR	0.983149	0.97099	0.0153447	ok	passed	0.977861	false		0	0	0	0.983149	0.00469265	0.0121585	0
GCST90726346	GCST90726346	European	EUR	af_assigned	ref_freqs.hg38.tsv.gz	50000	EUR	0.983303	0.972708	0.0153591	ok	passed	0.977913	false		0	0	0	0.983303	0.006102	0.0105952	0
GCST90726356	GCST90726356	European	EUR	af_assigned	ref_freqs.hg38.tsv.gz	50000	EUR	0.995328	0.992258	0.00874543	ok	passed	0.977976	false		0	0.00160304	0	0.995328	0	0.00306936	0
GCST90726357	GCST90726357	European	EUR	af_assigned	ref_freqs.hg38.tsv.gz	50000	EUR	0.995328	0.992258	0.00874543	ok	passed	0.977976	false		0	0.00160304	0	0.995328	0	0.00306936	0
GCST90726358	GCST90726358	European	EUR	af_assigned	ref_freqs.hg38.tsv.gz	50000	EUR	0.995328	0.992258	0.00874543	ok	passed	0.977976	false		0	0.00160304	0	0.995328	0	0.00306936	0
GCST90726359	GCST90726359	European	EUR	af_assigned	ref_freqs.hg38.tsv.gz	50000	EUR	0.995328	0.992258	0.00874543	ok	passed	0.977976	false		0	0.00160304	0	0.995328	0	0.00306936	0
GCST90726360	GCST90726360	European	EUR	af_assigned	ref_freqs.hg38.tsv.gz	50000	EUR	0.995328	0.992258	0.00874543	ok	passed	0.977976	false		0	0.00160304	0	0.995328	0	0.00306936	0
GCST90726361	GCST90726361	European	EUR	af_assigned	ref_freqs.hg38.tsv.gz	50000	EUR	0.995328	0.992258	0.00874543	ok	passed	0.977976	false		0	0.00160304	0	0.995328	0	0.00306936	0
GCST90726362	GCST90726362	European	EUR	af_assigned	ref_freqs.hg38.tsv.gz	50000	EUR	0.995328	0.992258	0.00874543	ok	passed	0.977976	false		0	0.00160304	0	0.995328	0	0.00306936	0
GCST90726363	GCST90726363	European	EUR	af_assigned	ref_freqs.hg38.tsv.gz	50000	EUR	0.995328	0.992258	0.00874543	ok	passed	0.977976	false		0	0.00160304	0	0.995328	0	0.00306936	0
GCST90726364	GCST90726364	European	EUR	af_assigned	ref_freqs.hg38.tsv.gz	50000	EUR	0.995328	0.992258	0.00874543	ok	passed	0.977976	false		0	0.00160304	0	0.995328	0	0.00306936	0
GCST90726396	GCST90726396	European		unassigned	ref_freqs.hg38.tsv.gz	0		0	0		overlap	unverified										
GCST90726397	GCST90726397	European		unassigned	ref_freqs.hg38.tsv.gz	0		0	0		overlap	unverified										
GCST90726398	GCST90726398	European		unassigned	ref_freqs.hg38.tsv.gz	0		0	0		overlap	unverified										
GCST90726498	GCST90726498	European	EUR	af_assigned	ref_freqs.hg38.tsv.gz	50000	EUR	1	1	0.00470652	ok	passed	0.979103	false		0	0	0	1	0	0	0
GCST90726499	GCST90726499	European	EUR	af_assigned	ref_freqs.hg38.tsv.gz	50000	EUR	1	1	0.00490302	ok	passed	0.979124	false		0	0	0	1	0	0	0
GCST90726500	GCST90726500	European	EUR	af_assigned	ref_freqs.hg38.tsv.gz	50000	EUR	0.999977	0.999954	0.00511375	ok	passed	0.979139	false		0	0	0	0.999977	0	0	2.2855e-05
GCST90726609	GCST90726609	European	EUR	af_assigned	ref_freqs.hg38.tsv.gz	50000	EUR	0.991479	0.986767	0.0195432	ok	passed	0.977313	false		0.00471123	0	0	0.991479	0	0.00381011	0
GCST90727422	GCST90727422	European		unassigned	ref_freqs.hg38.tsv.gz	50000	EUR	0.491469	0.25232	0.235931	residual	passed	0.693447			0.239148	0.0172486	0.0285729	0.491469	0.035987	0.00953714	0.178037
GCST90728570	GCST90728570	European	EUR	af_assigned	ref_freqs.hg38.tsv.gz	50000	EUR	1	1	0.00562949	ok	passed	0.977579	false		0	0	0	1	0	0	0
GCST90728584	GCST90728584	European	EUR	af_assigned	ref_freqs.hg38.tsv.gz	50000	EUR	1	1	0.00584456	ok	passed	0.978816	false		0	0	0	1	0	0	0
GCST90728585	GCST90728585	European	EUR	af_assigned	ref_freqs.hg38.tsv.gz	50000	EUR	1	1	0.00584242	ok	passed	0.978814	false		0	0	0	1	0	0	0
GCST90728586	GCST90728586	European	EUR	af_assigned	ref_freqs.hg38.tsv.gz	50000	EUR	1	1	0.00524317	ok	passed	0.97885	false		0	0	0	1	0	0	0
GCST90728587	GCST90728587	European	EUR	af_assigned	ref_freqs.hg38.tsv.gz	50000	EUR	1	1	0.00584485	ok	passed	0.978816	false		0	0	0	1	0	0	0
GCST90728588	GCST90728588	European		unassigned	ref_freqs.hg38.tsv.gz	50000	SAS	0.418151	0.0244133	0.284683	residual	unverified				0.393738	0	0.181777	0.00633434	0	0	0.418151
GCST90797570	GCST90797570	European	EUR	af_assigned	ref_freqs.hg38.tsv.gz	50000	EUR	0.991898	0.98559	0.0102157	ok	passed	0.977469	false		0.000788751	0.000484293	0	0.991898	0	0.0063079	0.000520748
GCST90797571	GCST90797571	European	EUR	af_assigned	ref_freqs.hg38.tsv.gz	50000	EUR	0.991898	0.98559	0.0102157	ok	passed	0.977469	false		0.000788751	0.000484293	0	0.991898	0	0.0063079	0.000520748
GCST90797572	GCST90797572	European	EUR	af_assigned	ref_freqs.hg38.tsv.gz	50000	EUR	0.991887	0.985577	0.0102159	ok	passed	0.977469	false		0.000790166	0.000488096	0	0.991887	0	0.0063096	0.000525476
GCST90797573	GCST90797573	European	EUR	af_assigned	ref_freqs.hg38.tsv.gz	50000	EUR	0.99189	0.985587	0.0102157	ok	passed	0.977469	false		0.000791404	0.000493904	0	0.99189	0	0.00630264	0.00052238
GCST90797574	GCST90797574	European	EUR	af_assigned	ref_freqs.hg38.tsv.gz	50000	EUR	0.99189	0.985587	0.0102157	ok	passed	0.977469	false		0.000791404	0.000493904	0	0.99189	0	0.00630264	0.00052238
GCST90797575	GCST90797575	European	EUR	af_assigned	ref_freqs.hg38.tsv.gz	50000	EUR	0.991887	0.985577	0.0102159	ok	passed	0.977469	false		0.000790166	0.000488096	0	0.991887	0	0.0063096	0.000525476
GCST90797576	GCST90797576	European	EUR	af_assigned	ref_freqs.hg38.tsv.gz	50000	EUR	0.991898	0.98559	0.0102157	ok	passed	0.977469	false		0.000788751	0.000484293	0	0.991898	0	0.0063079	0.000520748
GCST90797577	GCST90797577	European	EUR	af_assigned	ref_freqs.hg38.tsv.gz	50000	EUR	0.991887	0.985577	0.0102159	ok	passed	0.977469	false		0.000790166	0.000488096	0	0.991887	0	0.0063096	0.000525476
GCST90797578	GCST90797578	European	EUR	af_assigned	ref_freqs.hg38.tsv.gz	50000	EUR	0.991898	0.98559	0.0102157	ok	passed	0.977469	false		0.000788751	0.000484293	0	0.991898	0	0.0063079	0.000520748
GCST90797579	GCST90797579	European	EUR	af_assigned	ref_freqs.hg38.tsv.gz	50000	EUR	0.991898	0.98559	0.0102157	ok	passed	0.977469	false		0.000788751	0.000484293	0	0.991898	0	0.0063079	0.000520748
GCST90797580	GCST90797580	European	EUR	af_assigned	ref_freqs.hg38.tsv.gz	50000	EUR	0.991887	0.985577	0.0102159	ok	passed	0.977469	false		0.000790166	0.000488096	0	0.991887	0	0.0063096	0.000525476
GCST90797581	GCST90797581	European	EUR	af_assigned	ref_freqs.hg38.tsv.gz	50000	EUR	0.991887	0.985577	0.0102159	ok	passed	0.977469	false		0.000790166	0.000488096	0	0.991887	0	0.0063096	0.000525476
GCST90797582	GCST90797582	European	EUR	af_assigned	ref_freqs.hg38.tsv.gz	50000	EUR	0.991908	0.985617	0.0102152	ok	passed	0.977469	false		0.000789636	0.000496245	0	0.991908	0	0.00629049	0.000515716
GCST90797583	GCST90797583	European	EUR	af_assigned	ref_freqs.hg38.tsv.gz	50000	EUR	0.991908	0.985617	0.0102152	ok	passed	0.977469	false		0.000789636	0.000496245	0	0.991908	0	0.00629049	0.000515716
GCST90797584	GCST90797584	European	EUR	af_assigned	ref_freqs.hg38.tsv.gz	50000	EUR	0.991902	0.985611	0.010215	ok	passed	0.97747	false		0.000794068	0.000501886	0	0.991902	0	0.00629145	0.00051031
GCST90797585	GCST90797585	European	EUR	af_assigned	ref_freqs.hg38.tsv.gz	50000	EUR	0.991904	0.985616	0.0102149	ok	passed	0.97747	false		0.000795929	0.00050428	0	0.991904	0	0.00628795	0.000507418
GCST90797586	GCST90797586	European	EUR	af_assigned	ref_freqs.hg38.tsv.gz	50000	EUR	0.991904	0.985616	0.0102149	ok	passed	0.97747	false		0.000795929	0.00050428	0	0.991904	0	0.00628795	0.000507418
GCST90797587	GCST90797587	European	EUR	af_assigned	ref_freqs.hg38.tsv.gz	50000	EUR	0.991892	0.985586	0.0102157	ok	passed	0.977469	false		0.000789808	0.000486925	0	0.991892	0	0.00630547	0.00052596
GCST90797588	GCST90797588	European	EUR	af_assigned	ref_freqs.hg38.tsv.gz	50000	EUR	0.991902	0.985611	0.010215	ok	passed	0.97747	false		0.000794068	0.000501886	0	0.991902	0	0.00629145	0.00051031
GCST90797589	GCST90797589	European	EUR	af_assigned	ref_freqs.hg38.tsv.gz	50000	EUR	0.991902	0.985611	0.010215	ok	passed	0.97747	false		0.000794068	0.000501886	0	0.991902	0	0.00629145	0.00051031
GCST90797590	GCST90797590	European		unassigned	ref_freqs.hg38.tsv.gz	50000	AFR	0.707866	0.415732	0.571256	eaf_orientation	failed	-0.976808			0.707866	0	0.292134	0	0	0	0
GCST90797591	GCST90797591	European		unassigned	ref_freqs.hg38.tsv.gz	50000	AFR	0.707866	0.415732	0.571256	eaf_orientation	failed	-0.976808			0.707866	0	0.292134	0	0	0	0
GCST90797592	GCST90797592	European		unassigned	ref_freqs.hg38.tsv.gz	50000	AFR	0.707866	0.415732	0.571256	eaf_orientation	failed	-0.976808			0.707866	0	0.292134	0	0	0	0
GCST90797593	GCST90797593	European		unassigned	ref_freqs.hg38.tsv.gz	50000	AFR	0.707866	0.415732	0.571256	eaf_orientation	failed	-0.976808			0.707866	0	0.292134	0	0	0	0
GCST90797594	GCST90797594	European		unassigned	ref_freqs.hg38.tsv.gz	50000	AFR	0.707865	0.415729	0.571256	eaf_orientation	failed	-0.976808			0.707865	0	0.292135	0	0	0	0
GCST90797595	GCST90797595	European		unassigned	ref_freqs.hg38.tsv.gz	50000	AFR	0.707866	0.415732	0.571256	eaf_orientation	failed	-0.976808			0.707866	0	0.292134	0	0	0	0
GCST90797596	GCST90797596	European		unassigned	ref_freqs.hg38.tsv.gz	50000	AFR	0.707866	0.415732	0.571256	eaf_orientation	failed	-0.976808			0.707866	0	0.292134	0	0	0	0
GCST90797597	GCST90797597	European		unassigned	ref_freqs.hg38.tsv.gz	50000	AFR	0.707865	0.415729	0.571256	eaf_orientation	failed	-0.976808			0.707865	0	0.292135	0	0	0	0
GCST90797598	GCST90797598	European		unassigned	ref_freqs.hg38.tsv.gz	50000	AFR	0.707865	0.415729	0.571256	eaf_orientation	failed	-0.976808			0.707865	0	0.292135	0	0	0	0
GCST90797599	GCST90797599	European		unassigned	ref_freqs.hg38.tsv.gz	50000	AFR	0.707866	0.415732	0.571256	eaf_orientation	failed	-0.976808			0.707866	0	0.292134	0	0	0	0
GCST90797600	GCST90797600	European		unassigned	ref_freqs.hg38.tsv.gz	50000	AFR	0.707865	0.415729	0.571256	eaf_orientation	failed	-0.976808			0.707865	0	0.292135	0	0	0	0
GCST90797601	GCST90797601	European		unassigned	ref_freqs.hg38.tsv.gz	50000	AFR	0.707865	0.415729	0.571256	eaf_orientation	failed	-0.976808			0.707865	0	0.292135	0	0	0	0
GCST90797602	GCST90797602	European		unassigned	ref_freqs.hg38.tsv.gz	50000	AFR	0.707866	0.415731	0.571256	eaf_orientation	failed	-0.976809			0.707866	0	0.292134	0	0	0	0
GCST90797603	GCST90797603	European		unassigned	ref_freqs.hg38.tsv.gz	50000	AFR	0.707857	0.415713	0.571245	eaf_orientation	failed	-0.976806			0.707857	0	0.292143	0	0	0	0
GCST90797604	GCST90797604	European		unassigned	ref_freqs.hg38.tsv.gz	50000	AFR	0.707857	0.415713	0.571245	eaf_orientation	failed	-0.976806			0.707857	0	0.292143	0	0	0	0
GCST90797605	GCST90797605	European		unassigned	ref_freqs.hg38.tsv.gz	50000	AFR	0.707857	0.415713	0.571245	eaf_orientation	failed	-0.976806			0.707857	0	0.292143	0	0	0	0
GCST90797606	GCST90797606	European		unassigned	ref_freqs.hg38.tsv.gz	50000	AFR	0.707857	0.415713	0.571245	eaf_orientation	failed	-0.976806			0.707857	0	0.292143	0	0	0	0
GCST90797607	GCST90797607	European		unassigned	ref_freqs.hg38.tsv.gz	50000	AFR	0.707867	0.415734	0.571257	eaf_orientation	failed	-0.976809			0.707867	0	0.292133	0	0	0	0
GCST90797608	GCST90797608	European		unassigned	ref_freqs.hg38.tsv.gz	50000	AFR	0.707867	0.415734	0.571257	eaf_orientation	failed	-0.976809			0.707867	0	0.292133	0	0	0	0
GCST90797609	GCST90797609	European		unassigned	ref_freqs.hg38.tsv.gz	50000	AFR	0.70785	0.4157	0.571245	eaf_orientation	failed	-0.976806			0.70785	0	0.29215	0	0	0	0
GCST90797610	GCST90797610	European		unassigned	ref_freqs.hg38.tsv.gz	50000	AFR	0.70785	0.4157	0.571245	eaf_orientation	failed	-0.976806			0.70785	0	0.29215	0	0	0	0
GCST90797611	GCST90797611	European		unassigned	ref_freqs.hg38.tsv.gz	50000	AFR	0.707866	0.415731	0.571256	eaf_orientation	failed	-0.976809			0.707866	0	0.292134	0	0	0	0
GCST90797612	GCST90797612	European		unassigned	ref_freqs.hg38.tsv.gz	50000	AFR	0.707851	0.415703	0.571245	eaf_orientation	failed	-0.976806			0.707851	0	0.292149	0	0	0	0
GCST90797613	GCST90797613	European		unassigned	ref_freqs.hg38.tsv.gz	50000	AFR	0.707851	0.415703	0.571245	eaf_orientation	failed	-0.976806			0.707851	0	0.292149	0	0	0	0
GCST90797639	GCST90797639	European	EUR	af_assigned	ref_freqs.hg38.tsv.gz	50000	EUR	0.963221	0.950419	0.0118361	ok	passed	0.979759	false		0.00886938	0.00422789	0.00655957	0.963221	0	0.0128019	0.00432044
GCST90797640	GCST90797640	European	EUR	af_assigned	ref_freqs.hg38.tsv.gz	50000	EUR	0.963337	0.95074	0.0118451	ok	passed	0.979776	false		0.00896912	0.00419829	0.00666931	0.963337	0	0.0125969	0.00422948
GCST90797641	GCST90797641	European	EUR	af_assigned	ref_freqs.hg38.tsv.gz	50000	EUR	0.963466	0.950924	0.0118541	ok	passed	0.979753	false		0.00893657	0.0041475	0.00664582	0.963466	0	0.0125416	0.00426276
GCST90797642	GCST90797642	European	EUR	af_assigned	ref_freqs.hg38.tsv.gz	50000	EUR	0.963252	0.950642	0.0118462	ok	passed	0.979777	false		0.00898544	0.00422681	0.00668766	0.963252	0	0.0126097	0.00423822
GCST90797643	GCST90797643	European	EUR	af_assigned	ref_freqs.hg38.tsv.gz	50000	EUR	0.955448	0.942818	0.0134913	ok	passed	0.979996	false		0.0125252	0.0049439	0.00925056	0.955448	0	0.0126295	0.00520289
GCST90809294	GCST90809294	European		unassigned	ref_freqs.hg38.tsv.gz	50000	EUR	0.45885	0.0163688	0.081386	residual	passed	0.95512			0.0717764	0.00113527	0.442482	0.45885	0	0	0.0257564
GCST90809296	GCST90809296	European		unassigned	ref_freqs.hg38.tsv.gz	50000	EUR	0.828275	0.736115	0.0814121	residual	passed	0.96108			0.0921594	0	0.0294414	0.828275	0	0	0.0501246
GCST90809305	GCST90809305	European	EUR	af_assigned	ref_freqs.hg38.tsv.gz	50000	EUR	1	1	0.00474808	ok	passed	0.978625	false		0	0	0	1	0	0	0
GCST90809368	GCST90809368	European	EUR	af_assigned	ref_freqs.hg38.tsv.gz	50000	EUR	0.819576	0.730232	0.0354744	ok	passed	0.984029	false		0.0485816	0.0263356	0.0893445	0.819576	0	0.00257651	0.0135854
GCST90809369	GCST90809369	European	EUR	af_assigned	ref_freqs.hg38.tsv.gz	50000	EUR	0.819578	0.730232	0.0354743	ok	passed	0.984029	false		0.0485809	0.0263353	0.0893454	0.819578	0	0.00257371	0.013587
GCST90809370	GCST90809370	European	EUR	af_assigned	ref_freqs.hg38.tsv.gz	50000	EUR	0.819637	0.730345	0.0354216	ok	passed	0.984047	false		0.0485756	0.0263478	0.0892921	0.819637	0	0.00257385	0.0135732
GCST90809377	GCST90809377	European	EUR	af_assigned	ref_freqs.hg38.tsv.gz	50000	EUR	0.997045	0.99409	0.00690454	ok	passed	0.976954	false		0	0	0	0.997045	0	0.00295492	0
GCST90809378	GCST90809378	European	EUR	af_assigned	ref_freqs.hg38.tsv.gz	50000	EUR	0.997047	0.994093	0.00690454	ok	passed	0.976954	false		0	0	0	0.997047	0	0.00295326	0
GCST90809379	GCST90809379	European	EUR	af_assigned	ref_freqs.hg38.tsv.gz	50000	EUR	0.997118	0.994236	0.00689815	ok	passed	0.976966	false		0	0	0	0.997118	0	0.00288178	0
GCST90809389	GCST90809389	European	EUR	af_assigned	ref_freqs.hg38.tsv.gz	50000	EUR	0.997895	0.995791	0.0070071	ok	passed	0.976836	false		0	0	0	0.997895	0	0.00210462	0
GCST90809390	GCST90809390	European	EUR	af_assigned	ref_freqs.hg38.tsv.gz	50000	EUR	0.997718	0.995436	0.00702481	ok	passed	0.976853	false		0	0	0	0.997718	0	0.00228188	0
GCST90809391	GCST90809391	European	EUR	af_assigned	ref_freqs.hg38.tsv.gz	50000	EUR	0.99759	0.99518	0.00701918	ok	passed	0.976902	false		0	0	0	0.99759	0	0.00240977	0
GCST90809395	GCST90809395	European	EUR	af_assigned	ref_freqs.hg38.tsv.gz	50000	EUR	0.784126	0.699296	0.0391637	ok	passed	0.983179	false		0.0643412	0.0554775	0.08483	0.784126	0	0.00150268	0.00972268
GCST90809396	GCST90809396	European	EUR	af_assigned	ref_freqs.hg38.tsv.gz	50000	EUR	0.766216	0.668875	0.0405967	ok	passed	0.983317	false		0.0657873	0.0583459	0.0973414	0.766216	0	0.00229875	0.0100103
GCST90809397	GCST90809397	European	EUR	af_assigned	ref_freqs.hg38.tsv.gz	50000	EUR	0.775167	0.685223	0.0397283	ok	passed	0.983331	false		0.0657173	0.0580203	0.0899441	0.775167	0	0.0021583	0.00899267
GCST90809398	GCST90809398	European	EUR	af_assigned	ref_freqs.hg38.tsv.gz	50000	EUR	0.826595	0.760415	0.0112503	ok	passed	0.990073	false		0.0632303	0.0384232	0.0661799	0.826595	0	0.00542264	0.000148988
GCST90809399	GCST90809399	European	EUR	af_assigned	ref_freqs.hg38.tsv.gz	50000	EUR	0.826542	0.760338	0.0112512	ok	passed	0.990075	false		0.06326	0.0384383	0.0662034	0.826542	0	0.00539425	0.00016246
GCST90809400	GCST90809400	European	EUR	af_assigned	ref_freqs.hg38.tsv.gz	50000	EUR	0.826578	0.760401	0.0112503	ok	passed	0.990073	false		0.0632221	0.0384424	0.0661766	0.826578	0	0.00542907	0.000151966
GCST90809401	GCST90809401	European	EUR	af_assigned	ref_freqs.hg38.tsv.gz	50000	EUR	0.99456	0.98912	0.00840778	ok	passed	0.977211	false		0	0	0	0.99456	0	0.00544	0
GCST90809402	GCST90809402	European	EUR	af_assigned	ref_freqs.hg38.tsv.gz	50000	EUR	0.994552	0.989103	0.0084088	ok	passed	0.977205	false		0	0	0	0.994552	0	0.00544849	0
GCST90809403	GCST90809403	European	EUR	af_assigned	ref_freqs.hg38.tsv.gz	50000	EUR	0.994554	0.989107	0.0084078	ok	passed	0.977211	false		0	0	0	0.994554	0	0.00544637	0
GCST90809413	GCST90809413	European	EUR	af_assigned	ref_freqs.hg38.tsv.gz	50000	EUR	0.788099	0.709696	0.0299038	ok	passed	0.987107	false		0.0784029	0.0577381	0.07576	0.788099	0	0	0
GCST90809414	GCST90809414	European	EUR	af_assigned	ref_freqs.hg38.tsv.gz	50000	EUR	0.7711	0.678254	0.0307627	ok	passed	0.987607	false		0.073441	0.0626127	0.092846	0.7711	0	0	0
GCST90809415	GCST90809415	European	EUR	af_assigned	ref_freqs.hg38.tsv.gz	50000	EUR	0.787504	0.708436	0.029836	ok	passed	0.987083	false		0.0739634	0.0594657	0.0790673	0.787504	0	0	0
GCST90809425	GCST90809425	European	EUR	af_assigned	ref_freqs.hg38.tsv.gz	50000	EUR	0.99323	0.986459	0.00875382	ok	passed	0.977221	false		0	0	0	0.99323	0	0.0067704	0
GCST90809426	GCST90809426	European	EUR	af_assigned	ref_freqs.hg38.tsv.gz	50000	EUR	0.993448	0.986895	0.00873734	ok	passed	0.977259	false		0	0	0	0.993448	0	0.0065523	0
GCST90809427	GCST90809427	European	EUR	af_assigned	ref_freqs.hg38.tsv.gz	50000	EUR	0.993099	0.986197	0.00880235	ok	passed	0.977242	false		0	0	0	0.993099	0	0.00690138	0
GCST90809464	GCST90809464	European	EUR	af_assigned	ref_freqs.hg38.tsv.gz	50000	EUR	0.98444	0.973706	0.0116085	ok	passed	0.978486	false		0	0.00482693	0	0.98444	0	0.0107334	0
GCST90809802	GCST90809802	European	EUR	af_assigned	ref_freqs.hg38.tsv.gz	50000	EUR	0.985254	0.977803	0.00746662	ok	passed	0.979954	false		0.00151097	0	0	0.985254	0.00745129	0.00578373	0
GCST90809803	GCST90809803	European	EUR	af_assigned	ref_freqs.hg38.tsv.gz	50000	EUR	0.99139	0.985908	0.00897002	ok	passed	0.97856	false		0.0017513	0.000534022	0	0.99139	0	0.00548132	0.000843722
GCST90809804	GCST90809804	European	EUR	af_assigned	ref_freqs.hg38.tsv.gz	50000	EUR	0.991968	0.985859	0.0101662	ok	passed	0.977366	false		0.00123317	6.57007e-05	0	0.991968	0	0.00610866	0.00062483
GCST90809805	GCST90809805	European	EUR	af_assigned	ref_freqs.hg38.tsv.gz	50000	EUR	0.984309	0.976095	0.00718915	ok	passed	0.979146	false		0.000510396	0	0	0.984309	0.00821416	0.00696639	0
GCST90809806	GCST90809806	European	EUR	af_assigned	ref_freqs.hg38.tsv.gz	50000	EUR	0.984286	0.976561	0.00736767	ok	passed	0.979061	false		0.000743222	0	0	0.984286	0.0053848	0.00772526	0.00186028
GCST90809807	GCST90809807	European	EUR	af_assigned	ref_freqs.hg38.tsv.gz	50000	EUR	0.99581	0.992924	0.0105142	ok	passed	0.97678	false		0.00110981	0	0	0.99581	0	0.00288684	0.000193011
GCST90809808	GCST90809808	European	EUR	af_assigned	ref_freqs.hg38.tsv.gz	50000	EUR	0.992412	0.986946	0.0100633	ok	passed	0.976904	false		0.00141166	8.26537e-05	0	0.992412	0	0.0054663	0.000627303
GCST90809809	GCST90809809	European	EUR	af_assigned	ref_freqs.hg38.tsv.gz	50000	EUR	0.992412	0.986946	0.0100633	ok	passed	0.976904	false		0.00141166	8.26537e-05	0	0.992412	0	0.0054663	0.000627303
GCST90809810	GCST90809810	European	EUR	af_assigned	ref_freqs.hg38.tsv.gz	50000	EUR	0.985383	0.978096	0.00720698	ok	passed	0.979411	false		0.0016073	0	0	0.985383	0.00728689	0.00572284	0
GCST90809811	GCST90809811	European	EUR	af_assigned	ref_freqs.hg38.tsv.gz	50000	EUR	0.992527	0.987089	0.00786629	ok	passed	0.977762	false		0.00147531	0	0	0.992527	0	0.00543843	0.000559301
GCST90809812	GCST90809812	European	EUR	af_assigned	ref_freqs.hg38.tsv.gz	50000	EUR	0.992397	0.986872	0.0100669	ok	passed	0.976892	false		0.00142588	3.52369e-05	0	0.992397	0	0.00552557	0.000616027
GCST90809813	GCST90809813	European	EUR	af_assigned	ref_freqs.hg38.tsv.gz	50000	EUR	0.983979	0.975519	0.00719924	ok	passed	0.979151	false		0.000463019	0	0	0.983979	0.00846047	0.00709723	0
GCST90809815	GCST90809815	European	EUR	af_assigned	ref_freqs.hg38.tsv.gz	50000	EUR	0.985098	0.977564	0.00746742	ok	passed	0.979954	false		0.00150574	0	0	0.985098	0.00753391	0.00586199	0
GCST90809816	GCST90809816	European	EUR	af_assigned	ref_freqs.hg38.tsv.gz	50000	EUR	0.991202	0.98433	0.00841918	ok	passed	0.978342	false		0.00110251	0	0	0.991202	0	0.00687141	0.00082435
GCST90809817	GCST90809817	European	EUR	af_assigned	ref_freqs.hg38.tsv.gz	50000	EUR	0.991968	0.985859	0.0101663	ok	passed	0.977366	false		0.00123318	6.56208e-05	0	0.991968	0	0.00610842	0.000625258
GCST90809818	GCST90809818	European	EUR	af_assigned	ref_freqs.hg38.tsv.gz	50000	EUR	0.984265	0.975947	0.00719302	ok	passed	0.979152	false		0.000517892	0	0	0.984265	0.00831787	0.00689931	0
GCST90809819	GCST90809819	European	EUR	af_assigned	ref_freqs.hg38.tsv.gz	50000	EUR	0.984765	0.976168	0.00721746	ok	passed	0.979115	false		0.000552701	0	0	0.984765	0.00859641	0.00608611	0
GCST90809820	GCST90809820	European	EUR	af_assigned	ref_freqs.hg38.tsv.gz	50000	EUR	0.984265	0.975947	0.00719302	ok	passed	0.979152	false		0.000517892	0	0	0.984265	0.00831787	0.00689931	0
GCST90809821	GCST90809821	European	EUR	af_assigned	ref_freqs.hg38.tsv.gz	50000	EUR	0.985333	0.978022	0.00720579	ok	passed	0.979401	false		0.00156785	0	0	0.985333	0.00731084	0.00578846	0
GCST90809822	GCST90809822	European	EUR	af_assigned	ref_freqs.hg38.tsv.gz	50000	EUR	0.99257	0.98713	0.00793606	ok	passed	0.977808	false		0.00149901	0	0	0.99257	0	0.00543967	0.000491168
GCST90809823	GCST90809823	European	EUR	af_assigned	ref_freqs.hg38.tsv.gz	50000	EUR	0.992308	0.986709	0.0100655	ok	passed	0.976893	false		0.00139292	5.68905e-05	0	0.992308	0	0.00559866	0.000643612
GCST90809824	GCST90809824	European	EUR	af_assigned	ref_freqs.hg38.tsv.gz	50000	EUR	0.985333	0.978022	0.00720579	ok	passed	0.979401	false		0.00156785	0	0	0.985333	0.00731084	0.00578846	0
GCST90809825	GCST90809825	European	EUR	af_assigned	ref_freqs.hg38.tsv.gz	50000	EUR	0.992574	0.987256	0.00792258	ok	passed	0.977681	false		0.00140784	0	0	0.992574	0	0.00531831	0.000699619
GCST90809826	GCST90809826	European	EUR	af_assigned	ref_freqs.hg38.tsv.gz	50000	EUR	0.992308	0.986709	0.0100655	ok	passed	0.976893	false		0.00139292	5.68905e-05	0	0.992308	0	0.00559866	0.000643612
GCST90809827	GCST90809827	European	EUR	af_assigned	ref_freqs.hg38.tsv.gz	50000	EUR	0.985333	0.978022	0.00720579	ok	passed	0.979401	false		0.00156785	0	0	0.985333	0.00731084	0.00578846	0
GCST90809828	GCST90809828	European	EUR	af_assigned	ref_freqs.hg38.tsv.gz	50000	EUR	0.99268	0.987287	0.00794425	ok	passed	0.977553	false		0.00131161	0	0	0.99268	0	0.00539298	0.000615737
GCST90809829	GCST90809829	European	EUR	af_assigned	ref_freqs.hg38.tsv.gz	50000	EUR	0.992308	0.986709	0.0100655	ok	passed	0.976893	false		0.00139292	5.68905e-05	0	0.992308	0	0.00559866	0.000643612
GCST90809869	GCST90809869	European	EUR	af_assigned	ref_freqs.hg38.tsv.gz	50000	EUR	0.999172	0.998344	0.0194797	ok	passed	0.974995	false		0	0.000827871	0	0.999172	0	0	0
GCST90809871	GCST90809871	European	EUR	af_assigned	ref_freqs.hg38.tsv.gz	50000	EUR	1	1	0.0190819	ok	passed	0.975147	false		0	0	0	1	0	0	0
GCST90809875	GCST90809875	European	EUR	af_assigned	ref_freqs.hg38.tsv.gz	50000	EUR	0.990436	0.985154	0.017685	ok	passed	0.975919	false		0.00119115	0.00528201	0.00309107	0.990436	0	0	0
GCST90809876	GCST90809876	European	EUR	af_assigned	ref_freqs.hg38.tsv.gz	50000	EUR	0.993105	0.990205	0.0135891	ok	passed	0.977754	false		0.00290018	0.00104064	0	0.993105	0	0.00284709	0.000106872
GCST90809877	GCST90809877	European	EUR	af_assigned	ref_freqs.hg38.tsv.gz	50000	EUR	0.980736	0.968495	0.0203104	ok	passed	0.974034	false		0.000738473	0.00628422	0.0122412	0.980736	0	0	0
GCST90824100	GCST90824100	European	EUR	af_assigned	ref_freqs.hg38.tsv.gz	50000	EUR	0.985443	0.977519	0.0160015	ok	passed	0.978653	false		0.0020248	0.00460887	0.00792374	0.985443	0	0	0
GCST90824101	GCST90824101	European	EUR	af_assigned	ref_freqs.hg38.tsv.gz	50000	EUR	0.983615	0.975369	0.016741	ok	passed	0.978514	false		0.00158024	0.00655944	0.00824555	0.983615	0	0	0
GCST90824102	GCST90824102	European	EUR	af_assigned	ref_freqs.hg38.tsv.gz	50000	EUR	0.984418	0.976154	0.0169243	ok	passed	0.978556	false		0.00243938	0.00487896	0.00826384	0.984418	0	0	0
GCST90824104	GCST90824104	European	EUR	af_assigned	ref_freqs.hg38.tsv.gz	50000	EUR	1	1	0.00528966	ok	passed	0.978268	false		0	0	0	1	0	0	0
GCST90824105	GCST90824105	European	EUR	af_assigned	ref_freqs.hg38.tsv.gz	50000	EUR	1	1	0.00528966	ok	passed	0.978268	false		0	0	0	1	0	0	0
GCST90824106	GCST90824106	European	EUR	af_assigned	ref_freqs.hg38.tsv.gz	50000	EUR	1	1	0.00528966	ok	passed	0.978268	false		0	0	0	1	0	0	0
GCST90824107	GCST90824107	European	EUR	af_assigned	ref_freqs.hg38.tsv.gz	50000	EUR	1	1	0.00528966	ok	passed	0.978268	false		0	0	0	1	0	0	0
GCST90824163	GCST90824163	European		unassigned	ref_freqs.hg38.tsv.gz	50000	AFR	0.741286	0.482572	0.579899	eaf_orientation	failed	-0.978143			0.741286	0	0.258714	0	0	0	0
GCST90824165	GCST90824165	European	EUR	af_assigned	ref_freqs.hg38.tsv.gz	50000	EUR	0.605551	0.361662	0.0388034	ok	passed	0.986076	false		0.144906	0.243889	0.00441305	0.605551	0	0.0012408	0
GCST90827692	GCST90827692	European	EUR	af_assigned	ref_freqs.hg38.tsv.gz	50000	EUR	1	1	0.00635906	ok	passed	0.980316	false		0	0	0	1	0	0	0
GCST90827693	GCST90827693	European	EUR	af_assigned	ref_freqs.hg38.tsv.gz	50000	EUR	1	1	0.00709021	ok	passed	0.980268	false		0	0	0	1	0	0	0
GCST90832109	GCST90832109	European		unassigned	ref_freqs.hg38.tsv.gz	50000	AFR	0.727642	0.455285	0.579881	eaf_orientation	failed	-0.976623			0.727642	0	0.272358	0	0	0	0
GCST90832110	GCST90832110	European		unassigned	ref_freqs.hg38.tsv.gz	50000	AFR	0.755681	0.511363	0.518626	eaf_orientation	failed	-0.964285			0.755681	0	0	0	0	0	0.244319
GCST90832113	GCST90832113	European	EUR	af_assigned	ref_freqs.hg38.tsv.gz	50000	EUR	0.979957	0.965333	0.0292025	ok	passed	0.971246	false		0.000333443	0.00508577	0.014624	0.979957	0	0	0
GCST90832981	GCST90832981	European	EUR	af_assigned	ref_freqs.hg38.tsv.gz	50000	EUR	0.980802	0.967427	0.0175608	ok	passed	0.973853	false		0	0.00582287	0.0133751	0.980802	0	0	0
GCST90832988	GCST90832988	European	EUR	af_assigned	ref_freqs.hg38.tsv.gz	50000	EUR	0.994781	0.989797	0.0158037	ok	passed	0.976745	false		0	0.00498376	0.000235696	0.994781	0	0	0
GCST90832989	GCST90832989	European	EUR	af_assigned	ref_freqs.hg38.tsv.gz	50000	EUR	1	1	0.00447726	ok	passed	0.97796	false		0	0	0	1	0	0	0
GCST90832990	GCST90832990	European	EUR	af_assigned	ref_freqs.hg38.tsv.gz	50000	EUR	1	1	0.00447726	ok	passed	0.97796	false		0	0	0	1	0	0	0
GCST90832991	GCST90832991	European	EUR	af_assigned	ref_freqs.hg38.tsv.gz	50000	EUR	1	1	0.00447726	ok	passed	0.97796	false		0	0	0	1	0	0	0
GCST90832992	GCST90832992	European	EUR	af_assigned	ref_freqs.hg38.tsv.gz	50000	EUR	1	1	0.00447726	ok	passed	0.97796	false		0	0	0	1	0	0	0
GCST90832993	GCST90832993	European	EUR	af_assigned	ref_freqs.hg38.tsv.gz	50000	EUR	1	1	0.00482865	ok	passed	0.977297	false		0	0	0	1	0	0	0
GCST90832994	GCST90832994	European	EUR	af_assigned	ref_freqs.hg38.tsv.gz	50000	EUR	1	1	0.00494029	ok	passed	0.977348	false		0	0	0	1	0	0	0
GCST90833020	GCST90833020	European	EUR	af_assigned	ref_freqs.hg38.tsv.gz	50000	EUR	0.589186	0.238508	0.0213356	ok	passed	0.991617	false		0.0390441	0.0162089	0.350679	0.589186	0	0	0.00488223
GCST90833021	GCST90833021	European	EUR	af_assigned	ref_freqs.hg38.tsv.gz	50000	EUR	0.602983	0.256809	0.00618636	ok	passed	0.993834	false		0.0275209	0.0157242	0.346174	0.602983	0	0.00690249	0.000695485
GCST90833023	GCST90833023	European	EUR	af_assigned	ref_freqs.hg38.tsv.gz	50000	EUR	0.993821	0.987643	0.0126958	ok	passed	0.978546	false		0.00617864	0	0	0.993821	0	0	0
GCST90833024	GCST90833024	European	EUR	af_assigned	ref_freqs.hg38.tsv.gz	50000	EUR	0.988749	0.98177	0.0166419	ok	passed	0.977908	false		0	0.00315705	0.00111533	0.988749	0	0.00697866	0
GCST90833026	GCST90833026	European	EUR	af_assigned	ref_freqs.hg38.tsv.gz	50000	EUR	0.994603	0.990148	0.0181836	ok	passed	0.978075	false		0.00445497	0.000942165	0	0.994603	0	0	0
GCST90833057	GCST90833057	European	EUR	af_assigned	ref_freqs.hg38.tsv.gz	50000	EUR	0.990701	0.984182	0.0125035	ok	passed	0.977553	false		0.0017557	0.00102324	0	0.990701	0	0.00651964	0
GCST90835923	GCST90835923	European	EUR	af_assigned	ref_freqs.hg38.tsv.gz	50000	EUR	0.936106	0.873135	0.0410142	ok	passed	0.972189	false		0.000418746	0.000503603	0.0629713	0.936106	0	0	0
GCST90836767	GCST90836767	European	EUR	af_assigned	ref_freqs.hg38.tsv.gz	50000	EUR	1	1	0.0174303	ok	passed	0.977491	false		0	0	0	1	0	0	0
GCST90836768	GCST90836768	European	EUR	af_assigned	ref_freqs.hg38.tsv.gz	50000	EUR	1	1	0.0174303	ok	passed	0.977491	false		0	0	0	1	0	0	0
GCST90836769	GCST90836769	European	EUR	af_assigned	ref_freqs.hg38.tsv.gz	50000	EUR	1	1	0.0174303	ok	passed	0.977491	false		0	0	0	1	0	0	0
GCST90836770	GCST90836770	European	EUR	af_assigned	ref_freqs.hg38.tsv.gz	50000	EUR	0.998119	0.997128	0.0178588	ok	passed	0.977706	false		0	0	7.94164e-05	0.998119	0	0.000991713	0.00080962
GCST90836771	GCST90836771	European	EUR	af_assigned	ref_freqs.hg38.tsv.gz	50000	EUR	0.995277	0.992235	0.0222407	ok	passed	0.974685	false		0	0.00149021	0.000190818	0.995277	0	0.00304218	0
GCST90836772	GCST90836772	European	EUR	af_assigned	ref_freqs.hg38.tsv.gz	50000	EUR	0.995277	0.992235	0.0222407	ok	passed	0.974685	false		0	0.00149021	0.000190818	0.995277	0	0.00304218	0
GCST90836773	GCST90836773	European	EUR	af_assigned	ref_freqs.hg38.tsv.gz	50000	EUR	0.995277	0.992235	0.0222407	ok	passed	0.974685	false		0	0.00149021	0.000190818	0.995277	0	0.00304218	0
GCST90836774	GCST90836774	European	EUR	af_assigned	ref_freqs.hg38.tsv.gz	50000	EUR	0.995329	0.992308	0.0222406	ok	passed	0.974684	false		0	0.00143551	0.000215344	0.995329	0	0.00302044	0
GCST90836775	GCST90836775	European	EUR	af_assigned	ref_freqs.hg38.tsv.gz	50000	EUR	0.995277	0.992235	0.0222407	ok	passed	0.974685	false		0	0.00149021	0.000190818	0.995277	0	0.00304218	0
GCST90836776	GCST90836776	European	EUR	af_assigned	ref_freqs.hg38.tsv.gz	50000	EUR	0.989115	0.982585	0.0213752	ok	passed	0.977069	false		0	0.00144537	0.00291038	0.989115	0	0.00652966	0
GCST90836777	GCST90836777	European	EUR	af_assigned	ref_freqs.hg38.tsv.gz	50000	EUR	0.993559	0.989681	0.0211195	ok	passed	0.976694	false		0	0.000677212	0.00188569	0.993559	0	0.00387809	0
GCST90836778	GCST90836778	European	EUR	af_assigned	ref_freqs.hg38.tsv.gz	50000	EUR	0.989115	0.982585	0.0213752	ok	passed	0.977069	false		0	0.00144537	0.00291038	0.989115	0	0.00652966	0
GCST90836779	GCST90836779	European	EUR	af_assigned	ref_freqs.hg38.tsv.gz	50000	EUR	0.999379	0.998758	0.0171264	ok	passed	0.977571	false		0	0	0	0.999379	0	0.000621181	0
GCST90836780	GCST90836780	European	EUR	af_assigned	ref_freqs.hg38.tsv.gz	50000	EUR	0.999379	0.998758	0.0171264	ok	passed	0.977571	false		0	0	0	0.999379	0	0.000621181	0
GCST90837174	GCST90837174	European	EUR	af_assigned	ref_freqs.hg38.tsv.gz	50000	EUR	1	1	0.00765746	ok	passed	0.97884	false		0	0	0	1	0	0	0
GCST90837175	GCST90837175	European	EUR	af_assigned	ref_freqs.hg38.tsv.gz	50000	EUR	1	1	0.0073533	ok	passed	0.978855	false		0	0	0	1	0	0	0
GCST90837176	GCST90837176	European	EUR	af_assigned	ref_freqs.hg38.tsv.gz	50000	EUR	1	1	0.00685848	ok	passed	0.978894	false		0	0	0	1	0	0	0
GCST90837177	GCST90837177	European	EUR	af_assigned	ref_freqs.hg38.tsv.gz	50000	EUR	1	1	0.00734531	ok	passed	0.978859	false		0	0	0	1	0	0	0
GCST90837178	GCST90837178	European	EUR	af_assigned	ref_freqs.hg38.tsv.gz	50000	EUR	1	1	0.0082514	ok	passed	0.978771	false		0	0	0	1	0	0	0
GCST90837179	GCST90837179	European	EUR	af_assigned	ref_freqs.hg38.tsv.gz	50000	EUR	1	1	0.00734981	ok	passed	0.978857	false		0	0	0	1	0	0	0
GCST90837180	GCST90837180	European	EUR	af_assigned	ref_freqs.hg38.tsv.gz	50000	EUR	1	1	0.00738241	ok	passed	0.978857	false		0	0	0	1	0	0	0
GCST90837181	GCST90837181	European	EUR	af_assigned	ref_freqs.hg38.tsv.gz	50000	EUR	1	1	0.00813022	ok	passed	0.9788	false		0	0	0	1	0	0	0
GCST90837182	GCST90837182	European	EUR	af_assigned	ref_freqs.hg38.tsv.gz	50000	EUR	1	1	0.0082436	ok	passed	0.978794	false		0	0	0	1	0	0	0
GCST90837183	GCST90837183	European	EUR	af_assigned	ref_freqs.hg38.tsv.gz	50000	EUR	1	1	0.00824274	ok	passed	0.978794	false		0	0	0	1	0	0	0
GCST90837184	GCST90837184	European	EUR	af_assigned	ref_freqs.hg38.tsv.gz	50000	EUR	1	1	0.00718375	ok	passed	0.978867	false		0	0	0	1	0	0	0
GCST90837185	GCST90837185	European	EUR	af_assigned	ref_freqs.hg38.tsv.gz	50000	EUR	1	1	0.00811055	ok	passed	0.978808	false		0	0	0	1	0	0	0
GCST90837186	GCST90837186	European	EUR	af_assigned	ref_freqs.hg38.tsv.gz	50000	EUR	1	1	0.00769342	ok	passed	0.978847	false		0	0	0	1	0	0	0
GCST90837187	GCST90837187	European	EUR	af_assigned	ref_freqs.hg38.tsv.gz	50000	EUR	1	1	0.00668754	ok	passed	0.978913	false		0	0	0	1	0	0	0
GCST90837188	GCST90837188	European	EUR	af_assigned	ref_freqs.hg38.tsv.gz	50000	EUR	1	1	0.00824672	ok	passed	0.978793	false		0	0	0	1	0	0	0
GCST90837189	GCST90837189	European	EUR	af_assigned	ref_freqs.hg38.tsv.gz	50000	EUR	1	1	0.00718353	ok	passed	0.978872	false		0	0	0	1	0	0	0
GCST90837190	GCST90837190	European	EUR	af_assigned	ref_freqs.hg38.tsv.gz	50000	EUR	1	1	0.00738843	ok	passed	0.978873	false		0	0	0	1	0	0	0
GCST90837191	GCST90837191	European	EUR	af_assigned	ref_freqs.hg38.tsv.gz	50000	EUR	1	1	0.00717925	ok	passed	0.978867	false		0	0	0	1	0	0	0
GCST90837192	GCST90837192	European	EUR	af_assigned	ref_freqs.hg38.tsv.gz	50000	EUR	1	1	0.00809662	ok	passed	0.978803	false		0	0	0	1	0	0	0
GCST90837193	GCST90837193	European	EUR	af_assigned	ref_freqs.hg38.tsv.gz	50000	EUR	1	1	0.00809665	ok	passed	0.978803	false		0	0	0	1	0	0	0
GCST90837194	GCST90837194	European	EUR	af_assigned	ref_freqs.hg38.tsv.gz	50000	EUR	1	1	0.0082759	ok	passed	0.978793	false		0	0	0	1	0	0	0
GCST90837195	GCST90837195	European	EUR	af_assigned	ref_freqs.hg38.tsv.gz	50000	EUR	1	1	0.00718595	ok	passed	0.978873	false		0	0	0	1	0	0	0
GCST90837196	GCST90837196	European	EUR	af_assigned	ref_freqs.hg38.tsv.gz	50000	EUR	1	1	0.00827287	ok	passed	0.978799	false		0	0	0	1	0	0	0
GCST90837197	GCST90837197	European	EUR	af_assigned	ref_freqs.hg38.tsv.gz	50000	EUR	1	1	0.0071821	ok	passed	0.978873	false		0	0	0	1	0	0	0
GCST90837198	GCST90837198	European	EUR	af_assigned	ref_freqs.hg38.tsv.gz	50000	EUR	1	1	0.00824924	ok	passed	0.9788	false		0	0	0	1	0	0	0
GCST90837199	GCST90837199	European	EUR	af_assigned	ref_freqs.hg38.tsv.gz	50000	EUR	1	1	0.00824521	ok	passed	0.9788	false		0	0	0	1	0	0	0
GCST90837200	GCST90837200	European	EUR	af_assigned	ref_freqs.hg38.tsv.gz	50000	EUR	1	1	0.00765104	ok	passed	0.97885	false		0	0	0	1	0	0	0
GCST90837201	GCST90837201	European	EUR	af_assigned	ref_freqs.hg38.tsv.gz	50000	EUR	1	1	0.0071821	ok	passed	0.978873	false		0	0	0	1	0	0	0
GCST90837202	GCST90837202	European	EUR	af_assigned	ref_freqs.hg38.tsv.gz	50000	EUR	1	1	0.00721923	ok	passed	0.978871	false		0	0	0	1	0	0	0
GCST90837203	GCST90837203	European	EUR	af_assigned	ref_freqs.hg38.tsv.gz	50000	EUR	1	1	0.00824521	ok	passed	0.9788	false		0	0	0	1	0	0	0
GCST90838601	GCST90838601	European	EUR	af_assigned	ref_freqs.hg38.tsv.gz	50000	EUR	1	1	0.00484891	ok	passed	0.978174	false		0	0	0	1	0	0	0
GCST90838602	GCST90838602	European	EUR	af_assigned	ref_freqs.hg38.tsv.gz	50000	EUR	1	1	0.00478725	ok	passed	0.978221	false		0	0	0	1	0	0	0
GCST90838647	GCST90838647	European	EUR	af_assigned	ref_freqs.hg38.tsv.gz	50000	EUR	1	1	0.00448303	ok	passed	0.97755	false		0	0	0	1	0	0	0
GCST90838648	GCST90838648	European	EUR	af_assigned	ref_freqs.hg38.tsv.gz	50000	EUR	1	1	0.00448286	ok	passed	0.977521	false		0	0	0	1	0	0	0
GCST90838655	GCST90838655	European	EUR	af_assigned	ref_freqs.hg38.tsv.gz	50000	EUR	1	1	0.0137359	ok	passed	0.974801	false		0	0	0	1	0	0	0
GCST90838656	GCST90838656	European	EUR	af_assigned	ref_freqs.hg38.tsv.gz	50000	EUR	1	1	0.013799	ok	passed	0.974845	false		0	0	0	1	0	0	0
GCST90838657	GCST90838657	European	EUR	af_assigned	ref_freqs.hg38.tsv.gz	50000	EUR	1	1	0.013766	ok	passed	0.974733	false		0	0	0	1	0	0	0
GCST90838658	GCST90838658	European	EUR	af_assigned	ref_freqs.hg38.tsv.gz	50000	EUR	1	1	0.0137414	ok	passed	0.974808	false		0	0	0	1	0	0	0
GCST90838659	GCST90838659	European	EUR	af_assigned	ref_freqs.hg38.tsv.gz	50000	EUR	1	1	0.0138035	ok	passed	0.974852	false		0	0	0	1	0	0	0
GCST90838660	GCST90838660	European	EUR	af_assigned	ref_freqs.hg38.tsv.gz	50000	EUR	1	1	0.0137613	ok	passed	0.974736	false		0	0	0	1	0	0	0
GCST90838733	GCST90838733	European	EUR	af_assigned	ref_freqs.hg38.tsv.gz	50000	EUR	0.907411	0.81508	0.021244	ok	passed	0.97738	false		0.000256598	0	0	0.907411	0	0.0923319	0
GCST90840657	GCST90840657	European	EUR	af_assigned	ref_freqs.hg38.tsv.gz	50000	EUR	1	1	0.0105414	ok	passed	0.977099	false		0	0	0	1	0	0	0
GCST90841074	GCST90841074	European		unassigned	ref_freqs.hg38.tsv.gz	50000	AFR	0.435171	0.114637	0.532164	eaf_orientation	failed	-0.666872			0.435171	0	0.320535	0	0	0	0.244294
GCST90841457	GCST90841457	European	EUR	af_assigned	ref_freqs.hg38.tsv.gz	50000	EUR	0.984436	0.975401	0.016309	ok	passed	0.976271	false		0.00137739	0.00515088	0.00903538	0.984436	0	0	0
GCST90841459	GCST90841459	European	EUR	af_assigned	ref_freqs.hg38.tsv.gz	50000	EUR	0.994817	0.991836	0.00874135	ok	passed	0.978765	false		0.00220167	0.00298116	0	0.994817	0	0	0
GCST90841461	GCST90841461	European	EUR	af_assigned	ref_freqs.hg38.tsv.gz	50000	EUR	0.994295	0.988598	0.00888921	ok	passed	0.979196	false		0	7.87336e-06	0	0.994295	0	0.00569731	0
GCST90841463	GCST90841463	European	EUR	af_assigned	ref_freqs.hg38.tsv.gz	50000	EUR	0.992164	0.987039	0.00768896	ok	passed	0.978754	false		0.000250614	0.00242793	0	0.992164	0	0.00512531	3.18903e-05
GCST90841465	GCST90841465	European	EUR	af_assigned	ref_freqs.hg38.tsv.gz	50000	EUR	0.991555	0.985772	0.0136349	ok	passed	0.978332	false		0.00180142	0.00578354	0.000460782	0.991555	0	0.000398958	0
GCST90841466	GCST90841466	European	EUR	af_assigned	ref_freqs.hg38.tsv.gz	50000	EUR	0.982345	0.975235	0.00813914	ok	passed	0.978432	false		0.00407497	0.00710922	0.00548351	0.982345	0	0	0.000987752
GCST90841467	GCST90841467	European	EUR	af_assigned	ref_freqs.hg38.tsv.gz	50000	EUR	0.985406	0.979538	0.00804274	ok	passed	0.978879	false		0.00145582	0.00349335	0.0025231	0.985406	0	0.00125364	0.00586819
GCST90841468	GCST90841468	European	EUR	af_assigned	ref_freqs.hg38.tsv.gz	50000	EUR	0.990068	0.985702	0.00840705	ok	passed	0.979544	false		0	0.00135392	0.00436569	0.990068	0	0.00195756	0.00225532
GCST90841469	GCST90841469	European	EUR	af_assigned	ref_freqs.hg38.tsv.gz	50000	EUR	0.988592	0.98481	0.00810726	ok	passed	0.978625	false		0.000756436	0.0017158	0.00291751	0.988592	0	0.00223618	0.00378193
GCST90859373	GCST90859373	European	EUR	af_assigned	ref_freqs.hg38.tsv.gz	50000	EUR	0.994111	0.989894	0.00549756	ok	passed	0.979682	false		0.000488722	0.000125251	0	0.994111	0	0.00105849	0.0042169
GCST90859374	GCST90859374	European	EUR	af_assigned	ref_freqs.hg38.tsv.gz	50000	EUR	0.993232	0.988286	0.0055086	ok	passed	0.979688	false		0.000477031	0.000112898	0	0.993232	0	0.00123267	0.00494579
GCST90859375	GCST90859375	European	EUR	af_assigned	ref_freqs.hg38.tsv.gz	50000	EUR	0.994293	0.990918	0.00580533	ok	passed	0.979733	false		0.00152221	0.000437608	0	0.994293	0	0.000371971	0.00337527
GCST90859376	GCST90859376	European	EUR	af_assigned	ref_freqs.hg38.tsv.gz	50000	EUR	0.993917	0.989433	0.00550212	ok	passed	0.979678	false		0.000518398	0.000175778	0	0.993917	0	0.000905836	0.00448345
GCST90859377	GCST90859377	European	EUR	af_assigned	ref_freqs.hg38.tsv.gz	50000	EUR	0.996728	0.994422	0.00581819	ok	passed	0.9796	false		0.000523656	0	0	0.996728	0	0.000440982	0.00230688
GCST90859379	GCST90859379	European	EUR	af_assigned	ref_freqs.hg38.tsv.gz	50000	EUR	0.994056	0.989818	0.00549704	ok	passed	0.979685	false		0.000506931	0.000121195	0	0.994056	0	0.00107723	0.00423846
