analysis_id	source_analysis_id	status	skip_reason	af_source	ancestry_reference_id	original_sd	original_sd_method	n_variants_considered	n_variants_overlapping	n_variants_excluded_ambiguous	n_variants_excluded_mismatch	n_variants_excluded_missing_af	n_variants_excluded_maf	n_variants_retained	maf_min	maf_max	implied_sd_median	sd_dispersion	estimator_version	sd_notes
GCST000028	GCST000028	skipped	non_quantitative_effect_scale				binary_trait								0.01	0.5			opengwasdb@a0656c0d073875c17088972b24cbb9568c0467a2	case-control effect scale; phenotype-SD estimation not applicable
GCST000392	GCST000392	skipped	non_quantitative_effect_scale				binary_trait								0.01	0.5			opengwasdb@a0656c0d073875c17088972b24cbb9568c0467a2	case-control effect scale; phenotype-SD estimation not applicable
GCST000553	GCST000553	failed	no_qualifying_evidence	source			estimated_from_source_maf	0						0	0.01	0.5			opengwasdb@a0656c0d073875c17088972b24cbb9568c0467a2	unavailable: no_qualifying_evidence
GCST000568	GCST000568	passed		source		0.562256	estimated_from_source_maf	2464292						20000	0.01	0.5	0.562256	0.0265433	opengwasdb@a0656c0d073875c17088972b24cbb9568c0467a2	
GCST000571	GCST000571	passed		source		0.535518	estimated_from_source_maf	2455415						20000	0.01	0.5	0.535518	0.0255643	opengwasdb@a0656c0d073875c17088972b24cbb9568c0467a2	
GCST000612	GCST000612	skipped	non_quantitative_effect_scale				binary_trait								0.01	0.5			opengwasdb@a0656c0d073875c17088972b24cbb9568c0467a2	case-control effect scale; phenotype-SD estimation not applicable
GCST000679	GCST000679	skipped	non_quantitative_effect_scale				binary_trait								0.01	0.5			opengwasdb@a0656c0d073875c17088972b24cbb9568c0467a2	case-control effect scale; phenotype-SD estimation not applicable
GCST000755	GCST000755	failed	no_qualifying_evidence	source			estimated_from_source_maf	0						0	0.01	0.5			opengwasdb@a0656c0d073875c17088972b24cbb9568c0467a2	unavailable: no_qualifying_evidence
GCST000758	GCST000758	failed	no_qualifying_evidence	source			estimated_from_source_maf	0						0	0.01	0.5			opengwasdb@a0656c0d073875c17088972b24cbb9568c0467a2	unavailable: no_qualifying_evidence
GCST000759	GCST000759	failed	no_qualifying_evidence	source			estimated_from_source_maf	0						0	0.01	0.5			opengwasdb@a0656c0d073875c17088972b24cbb9568c0467a2	unavailable: no_qualifying_evidence
GCST000760	GCST000760	failed	no_qualifying_evidence	source			estimated_from_source_maf	0						0	0.01	0.5			opengwasdb@a0656c0d073875c17088972b24cbb9568c0467a2	unavailable: no_qualifying_evidence
GCST000879	GCST000879	skipped	non_quantitative_effect_scale				binary_trait								0.01	0.5			opengwasdb@a0656c0d073875c17088972b24cbb9568c0467a2	case-control effect scale; phenotype-SD estimation not applicable
GCST000922	GCST000922	passed		source		6.58278	estimated_from_source_maf	2290250						20000	0.01	0.5	6.58278	0.2689	opengwasdb@a0656c0d073875c17088972b24cbb9568c0467a2	
GCST000998	GCST000998	skipped	non_quantitative_effect_scale				binary_trait								0.01	0.5			opengwasdb@a0656c0d073875c17088972b24cbb9568c0467a2	case-control effect scale; phenotype-SD estimation not applicable
GCST001198	GCST001198	skipped	non_quantitative_effect_scale				binary_trait								0.01	0.5			opengwasdb@a0656c0d073875c17088972b24cbb9568c0467a2	case-control effect scale; phenotype-SD estimation not applicable
GCST001212	GCST001212	passed		source		0.519874	estimated_from_source_maf	2487011						20000	0.01	0.5	0.519874	0.0243595	opengwasdb@a0656c0d073875c17088972b24cbb9568c0467a2	
GCST001255	GCST001255	skipped	non_quantitative_effect_scale				binary_trait								0.01	0.5			opengwasdb@a0656c0d073875c17088972b24cbb9568c0467a2	case-control effect scale; phenotype-SD estimation not applicable
GCST001475	GCST001475	skipped	non_quantitative_effect_scale				binary_trait								0.01	0.5			opengwasdb@a0656c0d073875c17088972b24cbb9568c0467a2	case-control effect scale; phenotype-SD estimation not applicable
GCST001592	GCST001592	skipped	non_quantitative_effect_scale				binary_trait								0.01	0.5			opengwasdb@a0656c0d073875c17088972b24cbb9568c0467a2	case-control effect scale; phenotype-SD estimation not applicable
GCST001790	GCST001790	skipped	non_quantitative_effect_scale				binary_trait								0.01	0.5			opengwasdb@a0656c0d073875c17088972b24cbb9568c0467a2	case-control effect scale; phenotype-SD estimation not applicable
GCST001791	GCST001791	failed	no_qualifying_evidence	source			estimated_from_source_maf	0						0	0.01	0.5			opengwasdb@a0656c0d073875c17088972b24cbb9568c0467a2	unavailable: no_qualifying_evidence
GCST001837	GCST001837	passed		source		1.00954	estimated_from_source_maf	1380030						20000	0.01	0.5	1.00954	0.0318216	opengwasdb@a0656c0d073875c17088972b24cbb9568c0467a2	
GCST001969	GCST001969	passed		source		11.2116	estimated_from_source_maf	2516249						20000	0.01	0.5	11.2116	0.347158	opengwasdb@a0656c0d073875c17088972b24cbb9568c0467a2	
GCST002047	GCST002047	passed		source		2.42903	estimated_from_source_maf	2314363						20000	0.01	0.5	2.42903	0.104668	opengwasdb@a0656c0d073875c17088972b24cbb9568c0467a2	
GCST002216	GCST002216	failed	no_qualifying_evidence	source			estimated_from_source_maf	0						0	0.01	0.5			opengwasdb@a0656c0d073875c17088972b24cbb9568c0467a2	unavailable: no_qualifying_evidence
GCST002221	GCST002221	failed	no_qualifying_evidence	source			estimated_from_source_maf	0						0	0.01	0.5			opengwasdb@a0656c0d073875c17088972b24cbb9568c0467a2	unavailable: no_qualifying_evidence
GCST002222	GCST002222	failed	no_qualifying_evidence	source			estimated_from_source_maf	0						0	0.01	0.5			opengwasdb@a0656c0d073875c17088972b24cbb9568c0467a2	unavailable: no_qualifying_evidence
GCST002223	GCST002223	failed	no_qualifying_evidence	source			estimated_from_source_maf	0						0	0.01	0.5			opengwasdb@a0656c0d073875c17088972b24cbb9568c0467a2	unavailable: no_qualifying_evidence
GCST002245	GCST002245	skipped	non_quantitative_effect_scale				binary_trait								0.01	0.5			opengwasdb@a0656c0d073875c17088972b24cbb9568c0467a2	case-control effect scale; phenotype-SD estimation not applicable
GCST002318	GCST002318	skipped	non_quantitative_effect_scale				binary_trait								0.01	0.5			opengwasdb@a0656c0d073875c17088972b24cbb9568c0467a2	case-control effect scale; phenotype-SD estimation not applicable
GCST002376	GCST002376	passed		source		1.02653	estimated_from_source_maf	2584636						20000	0.01	0.5	1.02653	0.0201471	opengwasdb@a0656c0d073875c17088972b24cbb9568c0467a2	
GCST002548	GCST002548	skipped	non_quantitative_effect_scale				binary_trait								0.01	0.5			opengwasdb@a0656c0d073875c17088972b24cbb9568c0467a2	case-control effect scale; phenotype-SD estimation not applicable
GCST002598	GCST002598	failed	no_qualifying_evidence	source			estimated_from_source_maf	0						0	0.01	0.5			opengwasdb@a0656c0d073875c17088972b24cbb9568c0467a2	unavailable: no_qualifying_evidence
GCST002783	GCST002783	failed	no_qualifying_evidence	source			estimated_from_source_maf	0						0	0.01	0.5			opengwasdb@a0656c0d073875c17088972b24cbb9568c0467a2	unavailable: no_qualifying_evidence
GCST002920	GCST002920	failed	no_qualifying_evidence	source			estimated_from_source_maf	0						0	0.01	0.5			opengwasdb@a0656c0d073875c17088972b24cbb9568c0467a2	unavailable: no_qualifying_evidence
GCST003043	GCST003043	skipped	non_quantitative_effect_scale				binary_trait								0.01	0.5			opengwasdb@a0656c0d073875c17088972b24cbb9568c0467a2	case-control effect scale; phenotype-SD estimation not applicable
GCST003044	GCST003044	skipped	non_quantitative_effect_scale				binary_trait								0.01	0.5			opengwasdb@a0656c0d073875c17088972b24cbb9568c0467a2	case-control effect scale; phenotype-SD estimation not applicable
GCST003045	GCST003045	skipped	non_quantitative_effect_scale				binary_trait								0.01	0.5			opengwasdb@a0656c0d073875c17088972b24cbb9568c0467a2	case-control effect scale; phenotype-SD estimation not applicable
GCST003116	GCST003116	skipped	non_quantitative_effect_scale				binary_trait								0.01	0.5			opengwasdb@a0656c0d073875c17088972b24cbb9568c0467a2	case-control effect scale; phenotype-SD estimation not applicable
GCST003129	GCST003129	skipped	non_quantitative_effect_scale				binary_trait								0.01	0.5			opengwasdb@a0656c0d073875c17088972b24cbb9568c0467a2	case-control effect scale; phenotype-SD estimation not applicable
GCST003143	GCST003143	skipped	non_quantitative_effect_scale				binary_trait								0.01	0.5			opengwasdb@a0656c0d073875c17088972b24cbb9568c0467a2	case-control effect scale; phenotype-SD estimation not applicable
GCST003156	GCST003156	skipped	non_quantitative_effect_scale				binary_trait								0.01	0.5			opengwasdb@a0656c0d073875c17088972b24cbb9568c0467a2	case-control effect scale; phenotype-SD estimation not applicable
GCST003219	GCST003219	skipped	non_quantitative_effect_scale				binary_trait								0.01	0.5			opengwasdb@a0656c0d073875c17088972b24cbb9568c0467a2	case-control effect scale; phenotype-SD estimation not applicable
GCST003367	GCST003367	failed	no_qualifying_evidence	source			estimated_from_source_maf	0						0	0.01	0.5			opengwasdb@a0656c0d073875c17088972b24cbb9568c0467a2	unavailable: no_qualifying_evidence
GCST003368	GCST003368	failed	no_qualifying_evidence	source			estimated_from_source_maf	0						0	0.01	0.5			opengwasdb@a0656c0d073875c17088972b24cbb9568c0467a2	unavailable: no_qualifying_evidence
GCST003371	GCST003371	passed		source		0.946234	estimated_from_source_maf	2419445						20000	0.01	0.5	0.946234	0.0677787	opengwasdb@a0656c0d073875c17088972b24cbb9568c0467a2	
GCST003372	GCST003372	passed		source		0.230491	estimated_from_source_maf	2190536						20000	0.01	0.5	0.230491	0.00803017	opengwasdb@a0656c0d073875c17088972b24cbb9568c0467a2	
GCST003373	GCST003373	passed		source		0.271868	estimated_from_source_maf	2189350						20000	0.01	0.5	0.271868	0.00963617	opengwasdb@a0656c0d073875c17088972b24cbb9568c0467a2	
GCST003374	GCST003374	skipped	non_quantitative_effect_scale				binary_trait								0.01	0.5			opengwasdb@a0656c0d073875c17088972b24cbb9568c0467a2	case-control effect scale; phenotype-SD estimation not applicable
GCST003375	GCST003375	passed		source		0.239901	estimated_from_source_maf	2189928						20000	0.01	0.5	0.239901	0.0109961	opengwasdb@a0656c0d073875c17088972b24cbb9568c0467a2	
GCST003378	GCST003378	passed		source		2.40042	estimated_from_source_maf	7481549						20000	0.01	0.5	2.40042	0.063494	opengwasdb@a0656c0d073875c17088972b24cbb9568c0467a2	
GCST003392	GCST003392	passed		source		0.823487	estimated_from_source_maf	9536338						20000	0.01	0.5	0.823487	0.006627	opengwasdb@a0656c0d073875c17088972b24cbb9568c0467a2	
GCST003394	GCST003394	passed		source		1.14548	estimated_from_source_maf	9536338						20000	0.01	0.5	1.14548	0.00988847	opengwasdb@a0656c0d073875c17088972b24cbb9568c0467a2	
GCST003395	GCST003395	skipped	non_quantitative_effect_scale				binary_trait								0.01	0.5			opengwasdb@a0656c0d073875c17088972b24cbb9568c0467a2	case-control effect scale; phenotype-SD estimation not applicable
GCST003401	GCST003401	passed		source		0.22069	estimated_from_source_maf	2190622						20000	0.01	0.5	0.22069	0.00852154	opengwasdb@a0656c0d073875c17088972b24cbb9568c0467a2	
GCST003435	GCST003435	passed		source		1.14004	estimated_from_source_maf	3206212						20000	0.01	0.5	1.14004	0.0776777	opengwasdb@a0656c0d073875c17088972b24cbb9568c0467a2	
GCST003484	GCST003484	failed	no_qualifying_evidence	source			estimated_from_source_maf	0						0	0.01	0.5			opengwasdb@a0656c0d073875c17088972b24cbb9568c0467a2	unavailable: no_qualifying_evidence
GCST003496	GCST003496	failed	no_qualifying_evidence	source			estimated_from_source_maf	0						0	0.01	0.5			opengwasdb@a0656c0d073875c17088972b24cbb9568c0467a2	unavailable: no_qualifying_evidence
GCST003497	GCST003497	failed	no_qualifying_evidence	source			estimated_from_source_maf	0						0	0.01	0.5			opengwasdb@a0656c0d073875c17088972b24cbb9568c0467a2	unavailable: no_qualifying_evidence
GCST003498	GCST003498	failed	no_qualifying_evidence	source			estimated_from_source_maf	0						0	0.01	0.5			opengwasdb@a0656c0d073875c17088972b24cbb9568c0467a2	unavailable: no_qualifying_evidence
GCST003499	GCST003499	failed	no_qualifying_evidence	source			estimated_from_source_maf	0						0	0.01	0.5			opengwasdb@a0656c0d073875c17088972b24cbb9568c0467a2	unavailable: no_qualifying_evidence
GCST003566	GCST003566	skipped	non_quantitative_effect_scale				binary_trait								0.01	0.5			opengwasdb@a0656c0d073875c17088972b24cbb9568c0467a2	case-control effect scale; phenotype-SD estimation not applicable
GCST003658	GCST003658	failed	no_qualifying_evidence	source			estimated_from_source_maf	0						0	0.01	0.5			opengwasdb@a0656c0d073875c17088972b24cbb9568c0467a2	unavailable: no_qualifying_evidence
GCST003659	GCST003659	failed	no_qualifying_evidence	source			estimated_from_source_maf	0						0	0.01	0.5			opengwasdb@a0656c0d073875c17088972b24cbb9568c0467a2	unavailable: no_qualifying_evidence
GCST003724	GCST003724	skipped	non_quantitative_effect_scale				binary_trait								0.01	0.5			opengwasdb@a0656c0d073875c17088972b24cbb9568c0467a2	case-control effect scale; phenotype-SD estimation not applicable
GCST003738	GCST003738	skipped	non_quantitative_effect_scale				binary_trait								0.01	0.5			opengwasdb@a0656c0d073875c17088972b24cbb9568c0467a2	case-control effect scale; phenotype-SD estimation not applicable
GCST003739	GCST003739	skipped	non_quantitative_effect_scale				binary_trait								0.01	0.5			opengwasdb@a0656c0d073875c17088972b24cbb9568c0467a2	case-control effect scale; phenotype-SD estimation not applicable
GCST003740	GCST003740	skipped	non_quantitative_effect_scale				binary_trait								0.01	0.5			opengwasdb@a0656c0d073875c17088972b24cbb9568c0467a2	case-control effect scale; phenotype-SD estimation not applicable
GCST003766	GCST003766	failed	no_qualifying_evidence	source			estimated_from_source_maf	0						0	0.01	0.5			opengwasdb@a0656c0d073875c17088972b24cbb9568c0467a2	unavailable: no_qualifying_evidence
GCST003769	GCST003769	skipped	non_quantitative_effect_scale				binary_trait								0.01	0.5			opengwasdb@a0656c0d073875c17088972b24cbb9568c0467a2	case-control effect scale; phenotype-SD estimation not applicable
GCST003770	GCST003770	failed	no_qualifying_evidence	source			estimated_from_source_maf	0						0	0.01	0.5			opengwasdb@a0656c0d073875c17088972b24cbb9568c0467a2	unavailable: no_qualifying_evidence
GCST003795	GCST003795	failed	no_qualifying_evidence	source			estimated_from_source_maf	0						0	0.01	0.5			opengwasdb@a0656c0d073875c17088972b24cbb9568c0467a2	unavailable: no_qualifying_evidence
GCST003814	GCST003814	skipped	non_quantitative_effect_scale				binary_trait								0.01	0.5			opengwasdb@a0656c0d073875c17088972b24cbb9568c0467a2	case-control effect scale; phenotype-SD estimation not applicable
GCST003837	GCST003837	passed		source		0.996756	estimated_from_source_maf	10942759						20000	0.01	0.5	0.996756	0.00564062	opengwasdb@a0656c0d073875c17088972b24cbb9568c0467a2	
GCST003839	GCST003839	passed		source		1.0095	estimated_from_source_maf	10921988						20000	0.01	0.5	1.0095	0.0132072	opengwasdb@a0656c0d073875c17088972b24cbb9568c0467a2	
GCST003898	GCST003898	passed		source		0.79679	estimated_from_source_maf	926747						20000	0.01	0.5	0.79679	0.0139046	opengwasdb@a0656c0d073875c17088972b24cbb9568c0467a2	
GCST003900	GCST003900	skipped	non_quantitative_effect_scale				binary_trait								0.01	0.5			opengwasdb@a0656c0d073875c17088972b24cbb9568c0467a2	case-control effect scale; phenotype-SD estimation not applicable
GCST003965	GCST003965	failed	no_qualifying_evidence	source			estimated_from_source_maf	0						0	0.01	0.5			opengwasdb@a0656c0d073875c17088972b24cbb9568c0467a2	unavailable: no_qualifying_evidence
GCST003966	GCST003966	failed	no_qualifying_evidence	source			estimated_from_source_maf	0						0	0.01	0.5			opengwasdb@a0656c0d073875c17088972b24cbb9568c0467a2	unavailable: no_qualifying_evidence
GCST003967	GCST003967	failed	no_qualifying_evidence	source			estimated_from_source_maf	0						0	0.01	0.5			opengwasdb@a0656c0d073875c17088972b24cbb9568c0467a2	unavailable: no_qualifying_evidence
GCST003968	GCST003968	failed	no_qualifying_evidence	source			estimated_from_source_maf	0						0	0.01	0.5			opengwasdb@a0656c0d073875c17088972b24cbb9568c0467a2	unavailable: no_qualifying_evidence
GCST003969	GCST003969	failed	no_qualifying_evidence	source			estimated_from_source_maf	0						0	0.01	0.5			opengwasdb@a0656c0d073875c17088972b24cbb9568c0467a2	unavailable: no_qualifying_evidence
GCST003970	GCST003970	failed	no_qualifying_evidence	source			estimated_from_source_maf	0						0	0.01	0.5			opengwasdb@a0656c0d073875c17088972b24cbb9568c0467a2	unavailable: no_qualifying_evidence
GCST003971	GCST003971	failed	no_qualifying_evidence	source			estimated_from_source_maf	0						0	0.01	0.5			opengwasdb@a0656c0d073875c17088972b24cbb9568c0467a2	unavailable: no_qualifying_evidence
GCST003972	GCST003972	failed	no_qualifying_evidence	source			estimated_from_source_maf	0						0	0.01	0.5			opengwasdb@a0656c0d073875c17088972b24cbb9568c0467a2	unavailable: no_qualifying_evidence
GCST003973	GCST003973	failed	no_qualifying_evidence	source			estimated_from_source_maf	0						0	0.01	0.5			opengwasdb@a0656c0d073875c17088972b24cbb9568c0467a2	unavailable: no_qualifying_evidence
GCST004030	GCST004030	skipped	non_quantitative_effect_scale				binary_trait								0.01	0.5			opengwasdb@a0656c0d073875c17088972b24cbb9568c0467a2	case-control effect scale; phenotype-SD estimation not applicable
GCST004074	GCST004074	failed	no_qualifying_evidence	source			estimated_from_source_maf	0						0	0.01	0.5			opengwasdb@a0656c0d073875c17088972b24cbb9568c0467a2	unavailable: no_qualifying_evidence
GCST004075	GCST004075	failed	no_qualifying_evidence	source			estimated_from_source_maf	0						0	0.01	0.5			opengwasdb@a0656c0d073875c17088972b24cbb9568c0467a2	unavailable: no_qualifying_evidence
GCST004076	GCST004076	failed	no_qualifying_evidence	source			estimated_from_source_maf	0						0	0.01	0.5			opengwasdb@a0656c0d073875c17088972b24cbb9568c0467a2	unavailable: no_qualifying_evidence
GCST004137	GCST004137	failed	no_qualifying_evidence	source			estimated_from_source_maf	0						0	0.01	0.5			opengwasdb@a0656c0d073875c17088972b24cbb9568c0467a2	unavailable: no_qualifying_evidence
GCST004158	GCST004158	failed	no_qualifying_evidence	source			estimated_from_source_maf	0						0	0.01	0.5			opengwasdb@a0656c0d073875c17088972b24cbb9568c0467a2	unavailable: no_qualifying_evidence
GCST004162	GCST004162	passed		source		1.10343	estimated_from_source_maf	8427116						20000	0.01	0.5	1.10343	0.0126683	opengwasdb@a0656c0d073875c17088972b24cbb9568c0467a2	
GCST004198	GCST004198	failed	no_qualifying_evidence	source			estimated_from_source_maf	0						0	0.01	0.5			opengwasdb@a0656c0d073875c17088972b24cbb9568c0467a2	unavailable: no_qualifying_evidence
GCST004292	GCST004292	passed		source		0.258505	estimated_from_source_maf	4351						4351	0.01	0.5	0.258505	0.0706924	opengwasdb@a0656c0d073875c17088972b24cbb9568c0467a2	
GCST004293	GCST004293	passed		source		0.288133	estimated_from_source_maf	5160						5160	0.01	0.5	0.288133	0.0847029	opengwasdb@a0656c0d073875c17088972b24cbb9568c0467a2	
GCST004296	GCST004296	skipped	non_quantitative_effect_scale				binary_trait								0.01	0.5			opengwasdb@a0656c0d073875c17088972b24cbb9568c0467a2	case-control effect scale; phenotype-SD estimation not applicable
GCST004364	GCST004364	passed		source		1.20288	estimated_from_source_maf	10261404						20000	0.01	0.5	1.20288	1.10385e-05	opengwasdb@a0656c0d073875c17088972b24cbb9568c0467a2	
GCST004420	GCST004420	failed	no_qualifying_evidence	source			estimated_from_source_maf	0						0	0.01	0.5			opengwasdb@a0656c0d073875c17088972b24cbb9568c0467a2	unavailable: no_qualifying_evidence
GCST004421	GCST004421	failed	no_qualifying_evidence	source			estimated_from_source_maf	0						0	0.01	0.5			opengwasdb@a0656c0d073875c17088972b24cbb9568c0467a2	unavailable: no_qualifying_evidence
GCST004422	GCST004422	failed	no_qualifying_evidence	source			estimated_from_source_maf	0						0	0.01	0.5			opengwasdb@a0656c0d073875c17088972b24cbb9568c0467a2	unavailable: no_qualifying_evidence
GCST004423	GCST004423	failed	no_qualifying_evidence	source			estimated_from_source_maf	0						0	0.01	0.5			opengwasdb@a0656c0d073875c17088972b24cbb9568c0467a2	unavailable: no_qualifying_evidence
GCST004424	GCST004424	failed	no_qualifying_evidence	source			estimated_from_source_maf	0						0	0.01	0.5			opengwasdb@a0656c0d073875c17088972b24cbb9568c0467a2	unavailable: no_qualifying_evidence
GCST004425	GCST004425	failed	no_qualifying_evidence	source			estimated_from_source_maf	0						0	0.01	0.5			opengwasdb@a0656c0d073875c17088972b24cbb9568c0467a2	unavailable: no_qualifying_evidence
GCST004426	GCST004426	failed	no_qualifying_evidence	source			estimated_from_source_maf	0						0	0.01	0.5			opengwasdb@a0656c0d073875c17088972b24cbb9568c0467a2	unavailable: no_qualifying_evidence
GCST004427	GCST004427	failed	no_qualifying_evidence	source			estimated_from_source_maf	0						0	0.01	0.5			opengwasdb@a0656c0d073875c17088972b24cbb9568c0467a2	unavailable: no_qualifying_evidence
GCST004428	GCST004428	failed	no_qualifying_evidence	source			estimated_from_source_maf	0						0	0.01	0.5			opengwasdb@a0656c0d073875c17088972b24cbb9568c0467a2	unavailable: no_qualifying_evidence
GCST004429	GCST004429	failed	no_qualifying_evidence	source			estimated_from_source_maf	0						0	0.01	0.5			opengwasdb@a0656c0d073875c17088972b24cbb9568c0467a2	unavailable: no_qualifying_evidence
GCST004430	GCST004430	failed	no_qualifying_evidence	source			estimated_from_source_maf	0						0	0.01	0.5			opengwasdb@a0656c0d073875c17088972b24cbb9568c0467a2	unavailable: no_qualifying_evidence
GCST004431	GCST004431	failed	no_qualifying_evidence	source			estimated_from_source_maf	0						0	0.01	0.5			opengwasdb@a0656c0d073875c17088972b24cbb9568c0467a2	unavailable: no_qualifying_evidence
GCST004432	GCST004432	failed	no_qualifying_evidence	source			estimated_from_source_maf	0						0	0.01	0.5			opengwasdb@a0656c0d073875c17088972b24cbb9568c0467a2	unavailable: no_qualifying_evidence
GCST004433	GCST004433	failed	no_qualifying_evidence	source			estimated_from_source_maf	0						0	0.01	0.5			opengwasdb@a0656c0d073875c17088972b24cbb9568c0467a2	unavailable: no_qualifying_evidence
GCST004434	GCST004434	failed	no_qualifying_evidence	source			estimated_from_source_maf	0						0	0.01	0.5			opengwasdb@a0656c0d073875c17088972b24cbb9568c0467a2	unavailable: no_qualifying_evidence
GCST004435	GCST004435	failed	no_qualifying_evidence	source			estimated_from_source_maf	0						0	0.01	0.5			opengwasdb@a0656c0d073875c17088972b24cbb9568c0467a2	unavailable: no_qualifying_evidence
GCST004436	GCST004436	failed	no_qualifying_evidence	source			estimated_from_source_maf	0						0	0.01	0.5			opengwasdb@a0656c0d073875c17088972b24cbb9568c0467a2	unavailable: no_qualifying_evidence
GCST004437	GCST004437	failed	no_qualifying_evidence	source			estimated_from_source_maf	0						0	0.01	0.5			opengwasdb@a0656c0d073875c17088972b24cbb9568c0467a2	unavailable: no_qualifying_evidence
GCST004438	GCST004438	failed	no_qualifying_evidence	source			estimated_from_source_maf	0						0	0.01	0.5			opengwasdb@a0656c0d073875c17088972b24cbb9568c0467a2	unavailable: no_qualifying_evidence
GCST004439	GCST004439	failed	no_qualifying_evidence	source			estimated_from_source_maf	0						0	0.01	0.5			opengwasdb@a0656c0d073875c17088972b24cbb9568c0467a2	unavailable: no_qualifying_evidence
GCST004440	GCST004440	failed	no_qualifying_evidence	source			estimated_from_source_maf	0						0	0.01	0.5			opengwasdb@a0656c0d073875c17088972b24cbb9568c0467a2	unavailable: no_qualifying_evidence
GCST004441	GCST004441	failed	no_qualifying_evidence	source			estimated_from_source_maf	0						0	0.01	0.5			opengwasdb@a0656c0d073875c17088972b24cbb9568c0467a2	unavailable: no_qualifying_evidence
GCST004442	GCST004442	failed	no_qualifying_evidence	source			estimated_from_source_maf	0						0	0.01	0.5			opengwasdb@a0656c0d073875c17088972b24cbb9568c0467a2	unavailable: no_qualifying_evidence
GCST004443	GCST004443	failed	no_qualifying_evidence	source			estimated_from_source_maf	0						0	0.01	0.5			opengwasdb@a0656c0d073875c17088972b24cbb9568c0467a2	unavailable: no_qualifying_evidence
GCST004444	GCST004444	failed	no_qualifying_evidence	source			estimated_from_source_maf	0						0	0.01	0.5			opengwasdb@a0656c0d073875c17088972b24cbb9568c0467a2	unavailable: no_qualifying_evidence
GCST004445	GCST004445	failed	no_qualifying_evidence	source			estimated_from_source_maf	0						0	0.01	0.5			opengwasdb@a0656c0d073875c17088972b24cbb9568c0467a2	unavailable: no_qualifying_evidence
GCST004446	GCST004446	failed	no_qualifying_evidence	source			estimated_from_source_maf	0						0	0.01	0.5			opengwasdb@a0656c0d073875c17088972b24cbb9568c0467a2	unavailable: no_qualifying_evidence
GCST004447	GCST004447	failed	no_qualifying_evidence	source			estimated_from_source_maf	0						0	0.01	0.5			opengwasdb@a0656c0d073875c17088972b24cbb9568c0467a2	unavailable: no_qualifying_evidence
GCST004448	GCST004448	failed	no_qualifying_evidence	source			estimated_from_source_maf	0						0	0.01	0.5			opengwasdb@a0656c0d073875c17088972b24cbb9568c0467a2	unavailable: no_qualifying_evidence
GCST004449	GCST004449	failed	no_qualifying_evidence	source			estimated_from_source_maf	0						0	0.01	0.5			opengwasdb@a0656c0d073875c17088972b24cbb9568c0467a2	unavailable: no_qualifying_evidence
GCST004450	GCST004450	failed	no_qualifying_evidence	source			estimated_from_source_maf	0						0	0.01	0.5			opengwasdb@a0656c0d073875c17088972b24cbb9568c0467a2	unavailable: no_qualifying_evidence
GCST004451	GCST004451	failed	no_qualifying_evidence	source			estimated_from_source_maf	0						0	0.01	0.5			opengwasdb@a0656c0d073875c17088972b24cbb9568c0467a2	unavailable: no_qualifying_evidence
GCST004452	GCST004452	failed	no_qualifying_evidence	source			estimated_from_source_maf	0						0	0.01	0.5			opengwasdb@a0656c0d073875c17088972b24cbb9568c0467a2	unavailable: no_qualifying_evidence
GCST004453	GCST004453	failed	no_qualifying_evidence	source			estimated_from_source_maf	0						0	0.01	0.5			opengwasdb@a0656c0d073875c17088972b24cbb9568c0467a2	unavailable: no_qualifying_evidence
GCST004454	GCST004454	failed	no_qualifying_evidence	source			estimated_from_source_maf	0						0	0.01	0.5			opengwasdb@a0656c0d073875c17088972b24cbb9568c0467a2	unavailable: no_qualifying_evidence
GCST004455	GCST004455	failed	no_qualifying_evidence	source			estimated_from_source_maf	0						0	0.01	0.5			opengwasdb@a0656c0d073875c17088972b24cbb9568c0467a2	unavailable: no_qualifying_evidence
GCST004456	GCST004456	failed	no_qualifying_evidence	source			estimated_from_source_maf	0						0	0.01	0.5			opengwasdb@a0656c0d073875c17088972b24cbb9568c0467a2	unavailable: no_qualifying_evidence
GCST004457	GCST004457	failed	no_qualifying_evidence	source			estimated_from_source_maf	0						0	0.01	0.5			opengwasdb@a0656c0d073875c17088972b24cbb9568c0467a2	unavailable: no_qualifying_evidence
GCST004458	GCST004458	failed	no_qualifying_evidence	source			estimated_from_source_maf	0						0	0.01	0.5			opengwasdb@a0656c0d073875c17088972b24cbb9568c0467a2	unavailable: no_qualifying_evidence
GCST004459	GCST004459	failed	no_qualifying_evidence	source			estimated_from_source_maf	0						0	0.01	0.5			opengwasdb@a0656c0d073875c17088972b24cbb9568c0467a2	unavailable: no_qualifying_evidence
GCST004460	GCST004460	failed	no_qualifying_evidence	source			estimated_from_source_maf	0						0	0.01	0.5			opengwasdb@a0656c0d073875c17088972b24cbb9568c0467a2	unavailable: no_qualifying_evidence
GCST004461	GCST004461	skipped	non_quantitative_effect_scale				binary_trait								0.01	0.5			opengwasdb@a0656c0d073875c17088972b24cbb9568c0467a2	case-control effect scale; phenotype-SD estimation not applicable
GCST004488	GCST004488	passed		source		0.665006	estimated_from_source_maf	6937507						20000	0.01	0.5	0.665006	0.0170945	opengwasdb@a0656c0d073875c17088972b24cbb9568c0467a2	
GCST004599	GCST004599	passed		source		1.04393	estimated_from_source_maf	11285409						20000	0.01	0.5	1.04393	0.00783768	opengwasdb@a0656c0d073875c17088972b24cbb9568c0467a2	
GCST004600	GCST004600	passed		source		1.05274	estimated_from_source_maf	11280828						20000	0.01	0.5	1.05274	0.00774145	opengwasdb@a0656c0d073875c17088972b24cbb9568c0467a2	
GCST004601	GCST004601	passed		source		1.05276	estimated_from_source_maf	11282623						20000	0.01	0.5	1.05276	0.00782996	opengwasdb@a0656c0d073875c17088972b24cbb9568c0467a2	
GCST004602	GCST004602	passed		source		1.04332	estimated_from_source_maf	11284383						20000	0.01	0.5	1.04332	0.00787943	opengwasdb@a0656c0d073875c17088972b24cbb9568c0467a2	
GCST004603	GCST004603	passed		source		1.05749	estimated_from_source_maf	11280271						20000	0.01	0.5	1.05749	0.00789182	opengwasdb@a0656c0d073875c17088972b24cbb9568c0467a2	
GCST004604	GCST004604	passed		source		1.04564	estimated_from_source_maf	11283790						20000	0.01	0.5	1.04564	0.00775091	opengwasdb@a0656c0d073875c17088972b24cbb9568c0467a2	
GCST004605	GCST004605	passed		source		1.02501	estimated_from_source_maf	11286396						20000	0.01	0.5	1.02501	0.00763508	opengwasdb@a0656c0d073875c17088972b24cbb9568c0467a2	
GCST004606	GCST004606	passed		source		1.05353	estimated_from_source_maf	11280831						20000	0.01	0.5	1.05353	0.0077465	opengwasdb@a0656c0d073875c17088972b24cbb9568c0467a2	
GCST004607	GCST004607	passed		source		1.05538	estimated_from_source_maf	11276540						20000	0.01	0.5	1.05538	0.00779637	opengwasdb@a0656c0d073875c17088972b24cbb9568c0467a2	
GCST004608	GCST004608	passed		source		1.04687	estimated_from_source_maf	11278966						20000	0.01	0.5	1.04687	0.00764332	opengwasdb@a0656c0d073875c17088972b24cbb9568c0467a2	
GCST004609	GCST004609	passed		source		1.04692	estimated_from_source_maf	11278367						20000	0.01	0.5	1.04692	0.00766711	opengwasdb@a0656c0d073875c17088972b24cbb9568c0467a2	
GCST004610	GCST004610	passed		source		1.05951	estimated_from_source_maf	11281927						20000	0.01	0.5	1.05951	0.00782711	opengwasdb@a0656c0d073875c17088972b24cbb9568c0467a2	
GCST004611	GCST004611	passed		source		1.05459	estimated_from_source_maf	11282603						20000	0.01	0.5	1.05459	0.00779774	opengwasdb@a0656c0d073875c17088972b24cbb9568c0467a2	
GCST004612	GCST004612	passed		source		1.05457	estimated_from_source_maf	11282364						20000	0.01	0.5	1.05457	0.00779497	opengwasdb@a0656c0d073875c17088972b24cbb9568c0467a2	
GCST004613	GCST004613	passed		source		1.05323	estimated_from_source_maf	11280042						20000	0.01	0.5	1.05323	0.0077501	opengwasdb@a0656c0d073875c17088972b24cbb9568c0467a2	
GCST004614	GCST004614	passed		source		1.05318	estimated_from_source_maf	11280300						20000	0.01	0.5	1.05318	0.00773019	opengwasdb@a0656c0d073875c17088972b24cbb9568c0467a2	
GCST004615	GCST004615	passed		source		1.0499	estimated_from_source_maf	11282283						20000	0.01	0.5	1.0499	0.00774092	opengwasdb@a0656c0d073875c17088972b24cbb9568c0467a2	
GCST004616	GCST004616	passed		source		1.03745	estimated_from_source_maf	11276442						20000	0.01	0.5	1.03745	0.00771309	opengwasdb@a0656c0d073875c17088972b24cbb9568c0467a2	
GCST004617	GCST004617	passed		source		1.05165	estimated_from_source_maf	11278954						20000	0.01	0.5	1.05165	0.00769562	opengwasdb@a0656c0d073875c17088972b24cbb9568c0467a2	
GCST004618	GCST004618	passed		source		1.03242	estimated_from_source_maf	11279214						20000	0.01	0.5	1.03242	0.00755934	opengwasdb@a0656c0d073875c17088972b24cbb9568c0467a2	
GCST004619	GCST004619	passed		source		1.05551	estimated_from_source_maf	11282010						20000	0.01	0.5	1.05551	0.00778404	opengwasdb@a0656c0d073875c17088972b24cbb9568c0467a2	
GCST004620	GCST004620	passed		source		1.05334	estimated_from_source_maf	11280657						20000	0.01	0.5	1.05334	0.00773262	opengwasdb@a0656c0d073875c17088972b24cbb9568c0467a2	
GCST004621	GCST004621	passed		source		1.04347	estimated_from_source_maf	11282487						20000	0.01	0.5	1.04347	0.00773765	opengwasdb@a0656c0d073875c17088972b24cbb9568c0467a2	
GCST004622	GCST004622	passed		source		1.05596	estimated_from_source_maf	11281962						20000	0.01	0.5	1.05596	0.00778263	opengwasdb@a0656c0d073875c17088972b24cbb9568c0467a2	
GCST004623	GCST004623	passed		source		1.05221	estimated_from_source_maf	11278746						20000	0.01	0.5	1.05221	0.00769725	opengwasdb@a0656c0d073875c17088972b24cbb9568c0467a2	
GCST004624	GCST004624	passed		source		1.05315	estimated_from_source_maf	11280725						20000	0.01	0.5	1.05315	0.0077361	opengwasdb@a0656c0d073875c17088972b24cbb9568c0467a2	
GCST004625	GCST004625	passed		source		1.05039	estimated_from_source_maf	11279147						20000	0.01	0.5	1.05039	0.00772179	opengwasdb@a0656c0d073875c17088972b24cbb9568c0467a2	
GCST004626	GCST004626	passed		source		1.05396	estimated_from_source_maf	11280647						20000	0.01	0.5	1.05396	0.00775614	opengwasdb@a0656c0d073875c17088972b24cbb9568c0467a2	
GCST004627	GCST004627	passed		source		1.06163	estimated_from_source_maf	11278939						20000	0.01	0.5	1.06163	0.00780399	opengwasdb@a0656c0d073875c17088972b24cbb9568c0467a2	
GCST004628	GCST004628	passed		source		1.04377	estimated_from_source_maf	11282820						20000	0.01	0.5	1.04377	0.00770265	opengwasdb@a0656c0d073875c17088972b24cbb9568c0467a2	
GCST004629	GCST004629	passed		source		1.05328	estimated_from_source_maf	11280332						20000	0.01	0.5	1.05328	0.0077455	opengwasdb@a0656c0d073875c17088972b24cbb9568c0467a2	
GCST004630	GCST004630	passed		source		1.04592	estimated_from_source_maf	11281408						20000	0.01	0.5	1.04592	0.00780724	opengwasdb@a0656c0d073875c17088972b24cbb9568c0467a2	
GCST004631	GCST004631	passed		source		1.025	estimated_from_source_maf	11278901						20000	0.01	0.5	1.025	0.00750648	opengwasdb@a0656c0d073875c17088972b24cbb9568c0467a2	
GCST004632	GCST004632	passed		source		1.05068	estimated_from_source_maf	11279304						20000	0.01	0.5	1.05068	0.00772009	opengwasdb@a0656c0d073875c17088972b24cbb9568c0467a2	
GCST004633	GCST004633	passed		source		1.05177	estimated_from_source_maf	11279448						20000	0.01	0.5	1.05177	0.00770461	opengwasdb@a0656c0d073875c17088972b24cbb9568c0467a2	
GCST004634	GCST004634	passed		source		1.02864	estimated_from_source_maf	11276451						20000	0.01	0.5	1.02864	0.00749829	opengwasdb@a0656c0d073875c17088972b24cbb9568c0467a2	
GCST004692	GCST004692	skipped	non_quantitative_effect_scale				binary_trait								0.01	0.5			opengwasdb@a0656c0d073875c17088972b24cbb9568c0467a2	case-control effect scale; phenotype-SD estimation not applicable
GCST004695	GCST004695	skipped	non_quantitative_effect_scale				binary_trait								0.01	0.5			opengwasdb@a0656c0d073875c17088972b24cbb9568c0467a2	case-control effect scale; phenotype-SD estimation not applicable
GCST004732	GCST004732	passed		source		1.17131	estimated_from_source_maf	2532729						20000	0.01	0.5	1.17131	0.0441159	opengwasdb@a0656c0d073875c17088972b24cbb9568c0467a2	
GCST004733	GCST004733	passed		source		0.594526	estimated_from_source_maf	2534629						20000	0.01	0.5	0.594526	0.0224346	opengwasdb@a0656c0d073875c17088972b24cbb9568c0467a2	
GCST004734	GCST004734	passed		source		0.438531	estimated_from_source_maf	2555828						20000	0.01	0.5	0.438531	0.0117107	opengwasdb@a0656c0d073875c17088972b24cbb9568c0467a2	
GCST004744	GCST004744	skipped	non_quantitative_effect_scale				binary_trait								0.01	0.5			opengwasdb@a0656c0d073875c17088972b24cbb9568c0467a2	case-control effect scale; phenotype-SD estimation not applicable
GCST004746	GCST004746	skipped	non_quantitative_effect_scale				binary_trait								0.01	0.5			opengwasdb@a0656c0d073875c17088972b24cbb9568c0467a2	case-control effect scale; phenotype-SD estimation not applicable
GCST004747	GCST004747	skipped	non_quantitative_effect_scale				binary_trait								0.01	0.5			opengwasdb@a0656c0d073875c17088972b24cbb9568c0467a2	case-control effect scale; phenotype-SD estimation not applicable
GCST004748	GCST004748	skipped	non_quantitative_effect_scale				binary_trait								0.01	0.5			opengwasdb@a0656c0d073875c17088972b24cbb9568c0467a2	case-control effect scale; phenotype-SD estimation not applicable
GCST004749	GCST004749	skipped	non_quantitative_effect_scale				binary_trait								0.01	0.5			opengwasdb@a0656c0d073875c17088972b24cbb9568c0467a2	case-control effect scale; phenotype-SD estimation not applicable
GCST004750	GCST004750	skipped	non_quantitative_effect_scale				binary_trait								0.01	0.5			opengwasdb@a0656c0d073875c17088972b24cbb9568c0467a2	case-control effect scale; phenotype-SD estimation not applicable
GCST004824	GCST004824	failed	no_qualifying_evidence	source			estimated_from_source_maf	0						0	0.01	0.5			opengwasdb@a0656c0d073875c17088972b24cbb9568c0467a2	unavailable: no_qualifying_evidence
GCST004826	GCST004826	failed	no_qualifying_evidence	source			estimated_from_source_maf	0						0	0.01	0.5			opengwasdb@a0656c0d073875c17088972b24cbb9568c0467a2	unavailable: no_qualifying_evidence
GCST004833	GCST004833	skipped	non_quantitative_effect_scale				binary_trait								0.01	0.5			opengwasdb@a0656c0d073875c17088972b24cbb9568c0467a2	case-control effect scale; phenotype-SD estimation not applicable
GCST004883	GCST004883	skipped	non_quantitative_effect_scale				binary_trait								0.01	0.5			opengwasdb@a0656c0d073875c17088972b24cbb9568c0467a2	case-control effect scale; phenotype-SD estimation not applicable
GCST004884	GCST004884	skipped	non_quantitative_effect_scale				binary_trait								0.01	0.5			opengwasdb@a0656c0d073875c17088972b24cbb9568c0467a2	case-control effect scale; phenotype-SD estimation not applicable
GCST004885	GCST004885	skipped	non_quantitative_effect_scale				binary_trait								0.01	0.5			opengwasdb@a0656c0d073875c17088972b24cbb9568c0467a2	case-control effect scale; phenotype-SD estimation not applicable
GCST004901	GCST004901	skipped	non_quantitative_effect_scale				binary_trait								0.01	0.5			opengwasdb@a0656c0d073875c17088972b24cbb9568c0467a2	case-control effect scale; phenotype-SD estimation not applicable
GCST004924	GCST004924	failed	no_qualifying_evidence	source			estimated_from_source_maf	0						0	0.01	0.5			opengwasdb@a0656c0d073875c17088972b24cbb9568c0467a2	unavailable: no_qualifying_evidence
GCST004925	GCST004925	failed	no_qualifying_evidence	source			estimated_from_source_maf	0						0	0.01	0.5			opengwasdb@a0656c0d073875c17088972b24cbb9568c0467a2	unavailable: no_qualifying_evidence
GCST004926	GCST004926	failed	no_qualifying_evidence	source			estimated_from_source_maf	0						0	0.01	0.5			opengwasdb@a0656c0d073875c17088972b24cbb9568c0467a2	unavailable: no_qualifying_evidence
GCST004927	GCST004927	failed	no_qualifying_evidence	source			estimated_from_source_maf	0						0	0.01	0.5			opengwasdb@a0656c0d073875c17088972b24cbb9568c0467a2	unavailable: no_qualifying_evidence
GCST004928	GCST004928	failed	no_qualifying_evidence	source			estimated_from_source_maf	0						0	0.01	0.5			opengwasdb@a0656c0d073875c17088972b24cbb9568c0467a2	unavailable: no_qualifying_evidence
GCST004929	GCST004929	failed	no_qualifying_evidence	source			estimated_from_source_maf	0						0	0.01	0.5			opengwasdb@a0656c0d073875c17088972b24cbb9568c0467a2	unavailable: no_qualifying_evidence
GCST004930	GCST004930	failed	no_qualifying_evidence	source			estimated_from_source_maf	0						0	0.01	0.5			opengwasdb@a0656c0d073875c17088972b24cbb9568c0467a2	unavailable: no_qualifying_evidence
GCST004931	GCST004931	failed	no_qualifying_evidence	source			estimated_from_source_maf	0						0	0.01	0.5			opengwasdb@a0656c0d073875c17088972b24cbb9568c0467a2	unavailable: no_qualifying_evidence
GCST004932	GCST004932	failed	no_qualifying_evidence	source			estimated_from_source_maf	0						0	0.01	0.5			opengwasdb@a0656c0d073875c17088972b24cbb9568c0467a2	unavailable: no_qualifying_evidence
GCST004939	GCST004939	failed	no_qualifying_evidence	source			estimated_from_source_maf	0						0	0.01	0.5			opengwasdb@a0656c0d073875c17088972b24cbb9568c0467a2	unavailable: no_qualifying_evidence
GCST004940	GCST004940	failed	no_qualifying_evidence	source			estimated_from_source_maf	0						0	0.01	0.5			opengwasdb@a0656c0d073875c17088972b24cbb9568c0467a2	unavailable: no_qualifying_evidence
GCST004941	GCST004941	failed	no_qualifying_evidence	source			estimated_from_source_maf	0						0	0.01	0.5			opengwasdb@a0656c0d073875c17088972b24cbb9568c0467a2	unavailable: no_qualifying_evidence
GCST004952	GCST004952	skipped	non_quantitative_effect_scale				binary_trait								0.01	0.5			opengwasdb@a0656c0d073875c17088972b24cbb9568c0467a2	case-control effect scale; phenotype-SD estimation not applicable
GCST004954	GCST004954	failed	no_qualifying_evidence	source			estimated_from_source_maf	0						0	0.01	0.5			opengwasdb@a0656c0d073875c17088972b24cbb9568c0467a2	unavailable: no_qualifying_evidence
GCST004988	GCST004988	skipped	non_quantitative_effect_scale				binary_trait								0.01	0.5			opengwasdb@a0656c0d073875c17088972b24cbb9568c0467a2	case-control effect scale; phenotype-SD estimation not applicable
GCST005038	GCST005038	skipped	non_quantitative_effect_scale				binary_trait								0.01	0.5			opengwasdb@a0656c0d073875c17088972b24cbb9568c0467a2	case-control effect scale; phenotype-SD estimation not applicable
GCST005047	GCST005047	skipped	non_quantitative_effect_scale				binary_trait								0.01	0.5			opengwasdb@a0656c0d073875c17088972b24cbb9568c0467a2	case-control effect scale; phenotype-SD estimation not applicable
GCST005058	GCST005058	failed	no_qualifying_evidence	source			estimated_from_source_maf	0						0	0.01	0.5			opengwasdb@a0656c0d073875c17088972b24cbb9568c0467a2	unavailable: no_qualifying_evidence
GCST005059	GCST005059	failed	no_qualifying_evidence	source			estimated_from_source_maf	0						0	0.01	0.5			opengwasdb@a0656c0d073875c17088972b24cbb9568c0467a2	unavailable: no_qualifying_evidence
GCST005060	GCST005060	failed	no_qualifying_evidence	source			estimated_from_source_maf	0						0	0.01	0.5			opengwasdb@a0656c0d073875c17088972b24cbb9568c0467a2	unavailable: no_qualifying_evidence
GCST005061	GCST005061	failed	no_qualifying_evidence	source			estimated_from_source_maf	0						0	0.01	0.5			opengwasdb@a0656c0d073875c17088972b24cbb9568c0467a2	unavailable: no_qualifying_evidence
GCST005062	GCST005062	failed	no_qualifying_evidence	source			estimated_from_source_maf	0						0	0.01	0.5			opengwasdb@a0656c0d073875c17088972b24cbb9568c0467a2	unavailable: no_qualifying_evidence
GCST005063	GCST005063	failed	no_qualifying_evidence	source			estimated_from_source_maf	0						0	0.01	0.5			opengwasdb@a0656c0d073875c17088972b24cbb9568c0467a2	unavailable: no_qualifying_evidence
GCST005064	GCST005064	failed	no_qualifying_evidence	source			estimated_from_source_maf	0						0	0.01	0.5			opengwasdb@a0656c0d073875c17088972b24cbb9568c0467a2	unavailable: no_qualifying_evidence
GCST005065	GCST005065	failed	no_qualifying_evidence	source			estimated_from_source_maf	0						0	0.01	0.5			opengwasdb@a0656c0d073875c17088972b24cbb9568c0467a2	unavailable: no_qualifying_evidence
GCST005066	GCST005066	failed	no_qualifying_evidence	source			estimated_from_source_maf	0						0	0.01	0.5			opengwasdb@a0656c0d073875c17088972b24cbb9568c0467a2	unavailable: no_qualifying_evidence
GCST005067	GCST005067	failed	no_qualifying_evidence	source			estimated_from_source_maf	0						0	0.01	0.5			opengwasdb@a0656c0d073875c17088972b24cbb9568c0467a2	unavailable: no_qualifying_evidence
GCST005068	GCST005068	failed	no_qualifying_evidence	source			estimated_from_source_maf	0						0	0.01	0.5			opengwasdb@a0656c0d073875c17088972b24cbb9568c0467a2	unavailable: no_qualifying_evidence
GCST005069	GCST005069	failed	no_qualifying_evidence	source			estimated_from_source_maf	0						0	0.01	0.5			opengwasdb@a0656c0d073875c17088972b24cbb9568c0467a2	unavailable: no_qualifying_evidence
GCST005070	GCST005070	failed	no_qualifying_evidence	source			estimated_from_source_maf	0						0	0.01	0.5			opengwasdb@a0656c0d073875c17088972b24cbb9568c0467a2	unavailable: no_qualifying_evidence
GCST005071	GCST005071	failed	no_qualifying_evidence	source			estimated_from_source_maf	0						0	0.01	0.5			opengwasdb@a0656c0d073875c17088972b24cbb9568c0467a2	unavailable: no_qualifying_evidence
GCST005072	GCST005072	failed	no_qualifying_evidence	source			estimated_from_source_maf	0						0	0.01	0.5			opengwasdb@a0656c0d073875c17088972b24cbb9568c0467a2	unavailable: no_qualifying_evidence
GCST005073	GCST005073	failed	no_qualifying_evidence	source			estimated_from_source_maf	0						0	0.01	0.5			opengwasdb@a0656c0d073875c17088972b24cbb9568c0467a2	unavailable: no_qualifying_evidence
GCST005074	GCST005074	failed	no_qualifying_evidence	source			estimated_from_source_maf	0						0	0.01	0.5			opengwasdb@a0656c0d073875c17088972b24cbb9568c0467a2	unavailable: no_qualifying_evidence
GCST005076	GCST005076	skipped	non_quantitative_effect_scale				binary_trait								0.01	0.5			opengwasdb@a0656c0d073875c17088972b24cbb9568c0467a2	case-control effect scale; phenotype-SD estimation not applicable
GCST005178	GCST005178	failed	no_qualifying_evidence	source			estimated_from_source_maf	0						0	0.01	0.5			opengwasdb@a0656c0d073875c17088972b24cbb9568c0467a2	unavailable: no_qualifying_evidence
GCST005179	GCST005179	passed		source		0.549674	estimated_from_source_maf	2452416						20000	0.01	0.5	0.549674	0.0259259	opengwasdb@a0656c0d073875c17088972b24cbb9568c0467a2	
GCST005180	GCST005180	passed		source		0.449356	estimated_from_source_maf	2451382						20000	0.01	0.5	0.449356	0.0218739	opengwasdb@a0656c0d073875c17088972b24cbb9568c0467a2	
GCST005185	GCST005185	passed		source		0.51298	estimated_from_source_maf	2601450						20000	0.01	0.5	0.51298	0.0264681	opengwasdb@a0656c0d073875c17088972b24cbb9568c0467a2	
GCST005186	GCST005186	passed		source		0.531656	estimated_from_source_maf	2602328						20000	0.01	0.5	0.531656	0.026193	opengwasdb@a0656c0d073875c17088972b24cbb9568c0467a2	
GCST005212	GCST005212	skipped	non_quantitative_effect_scale				binary_trait								0.01	0.5			opengwasdb@a0656c0d073875c17088972b24cbb9568c0467a2	case-control effect scale; phenotype-SD estimation not applicable
GCST005215	GCST005215	passed		source		1.0488	estimated_from_source_maf	2420995						20000	0.01	0.5	1.0488	0.0532683	opengwasdb@a0656c0d073875c17088972b24cbb9568c0467a2	
GCST005216	GCST005216	passed		source		1.0745	estimated_from_source_maf	2420733						20000	0.01	0.5	1.0745	0.0590044	opengwasdb@a0656c0d073875c17088972b24cbb9568c0467a2	
GCST005217	GCST005217	passed		source		1.07482	estimated_from_source_maf	2427416						20000	0.01	0.5	1.07482	0.05415	opengwasdb@a0656c0d073875c17088972b24cbb9568c0467a2	
GCST005218	GCST005218	passed		source		1.07453	estimated_from_source_maf	2429269						20000	0.01	0.5	1.07453	0.0545479	opengwasdb@a0656c0d073875c17088972b24cbb9568c0467a2	
GCST005219	GCST005219	passed		source		1.07019	estimated_from_source_maf	2422639						20000	0.01	0.5	1.07019	0.0544986	opengwasdb@a0656c0d073875c17088972b24cbb9568c0467a2	
GCST005220	GCST005220	passed		source		1.08137	estimated_from_source_maf	2422640						20000	0.01	0.5	1.08137	0.0546937	opengwasdb@a0656c0d073875c17088972b24cbb9568c0467a2	
GCST005221	GCST005221	passed		source		1.09823	estimated_from_source_maf	2413452						20000	0.01	0.5	1.09823	0.0764107	opengwasdb@a0656c0d073875c17088972b24cbb9568c0467a2	
GCST005222	GCST005222	passed		source		1.03582	estimated_from_source_maf	2421842						20000	0.01	0.5	1.03582	0.0548169	opengwasdb@a0656c0d073875c17088972b24cbb9568c0467a2	
GCST005223	GCST005223	passed		source		1.08293	estimated_from_source_maf	2429413						20000	0.01	0.5	1.08293	0.0556493	opengwasdb@a0656c0d073875c17088972b24cbb9568c0467a2	
GCST005232	GCST005232	failed	no_qualifying_evidence	source			estimated_from_source_maf	0						0	0.01	0.5			opengwasdb@a0656c0d073875c17088972b24cbb9568c0467a2	unavailable: no_qualifying_evidence
GCST005314	GCST005314	passed		source		1.18139	estimated_from_source_maf	8738949						20000	0.01	0.5	1.18139	0.025938	opengwasdb@a0656c0d073875c17088972b24cbb9568c0467a2	
GCST005327	GCST005327	passed		source		0.41947	estimated_from_source_maf	9149204						20000	0.01	0.5	0.41947	0.132515	opengwasdb@a0656c0d073875c17088972b24cbb9568c0467a2	
GCST005348	GCST005348	passed		source		1.46277	estimated_from_source_maf	16203003						20000	0.01	0.5	1.46277	0.427408	opengwasdb@a0656c0d073875c17088972b24cbb9568c0467a2	
GCST005350	GCST005350	passed		source		1.09269	estimated_from_source_maf	10324090						20000	0.01	0.5	1.09269	0.0645474	opengwasdb@a0656c0d073875c17088972b24cbb9568c0467a2	
GCST005362	GCST005362	skipped	non_quantitative_effect_scale				binary_trait								0.01	0.5			opengwasdb@a0656c0d073875c17088972b24cbb9568c0467a2	case-control effect scale; phenotype-SD estimation not applicable
GCST005367	GCST005367	failed	no_qualifying_evidence	source			estimated_from_source_maf	0						0	0.01	0.5			opengwasdb@a0656c0d073875c17088972b24cbb9568c0467a2	unavailable: no_qualifying_evidence
GCST005413	GCST005413	skipped	non_quantitative_effect_scale				binary_trait								0.01	0.5			opengwasdb@a0656c0d073875c17088972b24cbb9568c0467a2	case-control effect scale; phenotype-SD estimation not applicable
GCST005522	GCST005522	skipped	non_quantitative_effect_scale				binary_trait								0.01	0.5			opengwasdb@a0656c0d073875c17088972b24cbb9568c0467a2	case-control effect scale; phenotype-SD estimation not applicable
GCST005523	GCST005523	skipped	non_quantitative_effect_scale				binary_trait								0.01	0.5			opengwasdb@a0656c0d073875c17088972b24cbb9568c0467a2	case-control effect scale; phenotype-SD estimation not applicable
GCST005524	GCST005524	skipped	non_quantitative_effect_scale				binary_trait								0.01	0.5			opengwasdb@a0656c0d073875c17088972b24cbb9568c0467a2	case-control effect scale; phenotype-SD estimation not applicable
GCST005527	GCST005527	skipped	non_quantitative_effect_scale				binary_trait								0.01	0.5			opengwasdb@a0656c0d073875c17088972b24cbb9568c0467a2	case-control effect scale; phenotype-SD estimation not applicable
GCST005528	GCST005528	skipped	non_quantitative_effect_scale				binary_trait								0.01	0.5			opengwasdb@a0656c0d073875c17088972b24cbb9568c0467a2	case-control effect scale; phenotype-SD estimation not applicable
GCST005529	GCST005529	skipped	non_quantitative_effect_scale				binary_trait								0.01	0.5			opengwasdb@a0656c0d073875c17088972b24cbb9568c0467a2	case-control effect scale; phenotype-SD estimation not applicable
GCST005531	GCST005531	skipped	non_quantitative_effect_scale				binary_trait								0.01	0.5			opengwasdb@a0656c0d073875c17088972b24cbb9568c0467a2	case-control effect scale; phenotype-SD estimation not applicable
GCST005536	GCST005536	skipped	non_quantitative_effect_scale				binary_trait								0.01	0.5			opengwasdb@a0656c0d073875c17088972b24cbb9568c0467a2	case-control effect scale; phenotype-SD estimation not applicable
GCST005538	GCST005538	skipped	non_quantitative_effect_scale				binary_trait								0.01	0.5			opengwasdb@a0656c0d073875c17088972b24cbb9568c0467a2	case-control effect scale; phenotype-SD estimation not applicable
GCST005540	GCST005540	skipped	non_quantitative_effect_scale				binary_trait								0.01	0.5			opengwasdb@a0656c0d073875c17088972b24cbb9568c0467a2	case-control effect scale; phenotype-SD estimation not applicable
GCST005543	GCST005543	skipped	non_quantitative_effect_scale				binary_trait								0.01	0.5			opengwasdb@a0656c0d073875c17088972b24cbb9568c0467a2	case-control effect scale; phenotype-SD estimation not applicable
GCST005569	GCST005569	skipped	non_quantitative_effect_scale				binary_trait								0.01	0.5			opengwasdb@a0656c0d073875c17088972b24cbb9568c0467a2	case-control effect scale; phenotype-SD estimation not applicable
GCST005581	GCST005581	skipped	non_quantitative_effect_scale				binary_trait								0.01	0.5			opengwasdb@a0656c0d073875c17088972b24cbb9568c0467a2	case-control effect scale; phenotype-SD estimation not applicable
GCST005626	GCST005626	skipped	non_quantitative_effect_scale				binary_trait								0.01	0.5			opengwasdb@a0656c0d073875c17088972b24cbb9568c0467a2	case-control effect scale; phenotype-SD estimation not applicable
GCST005647	GCST005647	skipped	non_quantitative_effect_scale				binary_trait								0.01	0.5			opengwasdb@a0656c0d073875c17088972b24cbb9568c0467a2	case-control effect scale; phenotype-SD estimation not applicable
GCST005686	GCST005686	skipped	non_quantitative_effect_scale				binary_trait								0.01	0.5			opengwasdb@a0656c0d073875c17088972b24cbb9568c0467a2	case-control effect scale; phenotype-SD estimation not applicable
GCST005810	GCST005810	skipped	non_quantitative_effect_scale				binary_trait								0.01	0.5			opengwasdb@a0656c0d073875c17088972b24cbb9568c0467a2	case-control effect scale; phenotype-SD estimation not applicable
GCST005811	GCST005811	skipped	non_quantitative_effect_scale				binary_trait								0.01	0.5			opengwasdb@a0656c0d073875c17088972b24cbb9568c0467a2	case-control effect scale; phenotype-SD estimation not applicable
GCST005812	GCST005812	skipped	non_quantitative_effect_scale				binary_trait								0.01	0.5			opengwasdb@a0656c0d073875c17088972b24cbb9568c0467a2	case-control effect scale; phenotype-SD estimation not applicable
GCST005813	GCST005813	skipped	non_quantitative_effect_scale				binary_trait								0.01	0.5			opengwasdb@a0656c0d073875c17088972b24cbb9568c0467a2	case-control effect scale; phenotype-SD estimation not applicable
GCST005814	GCST005814	skipped	non_quantitative_effect_scale				binary_trait								0.01	0.5			opengwasdb@a0656c0d073875c17088972b24cbb9568c0467a2	case-control effect scale; phenotype-SD estimation not applicable
GCST005831	GCST005831	skipped	non_quantitative_effect_scale				binary_trait								0.01	0.5			opengwasdb@a0656c0d073875c17088972b24cbb9568c0467a2	case-control effect scale; phenotype-SD estimation not applicable
GCST005838	GCST005838	skipped	non_quantitative_effect_scale				binary_trait								0.01	0.5			opengwasdb@a0656c0d073875c17088972b24cbb9568c0467a2	case-control effect scale; phenotype-SD estimation not applicable
GCST005840	GCST005840	skipped	non_quantitative_effect_scale				binary_trait								0.01	0.5			opengwasdb@a0656c0d073875c17088972b24cbb9568c0467a2	case-control effect scale; phenotype-SD estimation not applicable
GCST005841	GCST005841	skipped	non_quantitative_effect_scale				binary_trait								0.01	0.5			opengwasdb@a0656c0d073875c17088972b24cbb9568c0467a2	case-control effect scale; phenotype-SD estimation not applicable
GCST005842	GCST005842	skipped	non_quantitative_effect_scale				binary_trait								0.01	0.5			opengwasdb@a0656c0d073875c17088972b24cbb9568c0467a2	case-control effect scale; phenotype-SD estimation not applicable
GCST005843	GCST005843	skipped	non_quantitative_effect_scale				binary_trait								0.01	0.5			opengwasdb@a0656c0d073875c17088972b24cbb9568c0467a2	case-control effect scale; phenotype-SD estimation not applicable
GCST005845	GCST005845	failed	no_qualifying_evidence	source			estimated_from_source_maf	0						0	0.01	0.5			opengwasdb@a0656c0d073875c17088972b24cbb9568c0467a2	unavailable: no_qualifying_evidence
GCST005846	GCST005846	failed	no_qualifying_evidence	source			estimated_from_source_maf	0						0	0.01	0.5			opengwasdb@a0656c0d073875c17088972b24cbb9568c0467a2	unavailable: no_qualifying_evidence
GCST005847	GCST005847	failed	no_qualifying_evidence	source			estimated_from_source_maf	0						0	0.01	0.5			opengwasdb@a0656c0d073875c17088972b24cbb9568c0467a2	unavailable: no_qualifying_evidence
GCST005848	GCST005848	failed	no_qualifying_evidence	source			estimated_from_source_maf	0						0	0.01	0.5			opengwasdb@a0656c0d073875c17088972b24cbb9568c0467a2	unavailable: no_qualifying_evidence
GCST005849	GCST005849	failed	no_qualifying_evidence	source			estimated_from_source_maf	0						0	0.01	0.5			opengwasdb@a0656c0d073875c17088972b24cbb9568c0467a2	unavailable: no_qualifying_evidence
GCST005850	GCST005850	failed	no_qualifying_evidence	source			estimated_from_source_maf	0						0	0.01	0.5			opengwasdb@a0656c0d073875c17088972b24cbb9568c0467a2	unavailable: no_qualifying_evidence
GCST005898	GCST005898	skipped	non_quantitative_effect_scale				binary_trait								0.01	0.5			opengwasdb@a0656c0d073875c17088972b24cbb9568c0467a2	case-control effect scale; phenotype-SD estimation not applicable
GCST005902	GCST005902	skipped	non_quantitative_effect_scale				binary_trait								0.01	0.5			opengwasdb@a0656c0d073875c17088972b24cbb9568c0467a2	case-control effect scale; phenotype-SD estimation not applicable
GCST005903	GCST005903	skipped	non_quantitative_effect_scale				binary_trait								0.01	0.5			opengwasdb@a0656c0d073875c17088972b24cbb9568c0467a2	case-control effect scale; phenotype-SD estimation not applicable
GCST005904	GCST005904	skipped	non_quantitative_effect_scale				binary_trait								0.01	0.5			opengwasdb@a0656c0d073875c17088972b24cbb9568c0467a2	case-control effect scale; phenotype-SD estimation not applicable
GCST005920	GCST005920	skipped	non_quantitative_effect_scale				binary_trait								0.01	0.5			opengwasdb@a0656c0d073875c17088972b24cbb9568c0467a2	case-control effect scale; phenotype-SD estimation not applicable
GCST005921	GCST005921	failed	no_qualifying_evidence	source			estimated_from_source_maf	0						0	0.01	0.5			opengwasdb@a0656c0d073875c17088972b24cbb9568c0467a2	unavailable: no_qualifying_evidence
GCST005923	GCST005923	skipped	non_quantitative_effect_scale				binary_trait								0.01	0.5			opengwasdb@a0656c0d073875c17088972b24cbb9568c0467a2	case-control effect scale; phenotype-SD estimation not applicable
GCST005964	GCST005964	skipped	non_quantitative_effect_scale				binary_trait								0.01	0.5			opengwasdb@a0656c0d073875c17088972b24cbb9568c0467a2	case-control effect scale; phenotype-SD estimation not applicable
GCST006044	GCST006044	failed	no_qualifying_evidence	source			estimated_from_source_maf	0						0	0.01	0.5			opengwasdb@a0656c0d073875c17088972b24cbb9568c0467a2	unavailable: no_qualifying_evidence
GCST006045	GCST006045	failed	no_qualifying_evidence	source			estimated_from_source_maf	0						0	0.01	0.5			opengwasdb@a0656c0d073875c17088972b24cbb9568c0467a2	unavailable: no_qualifying_evidence
GCST006046	GCST006046	failed	no_qualifying_evidence	source			estimated_from_source_maf	0						0	0.01	0.5			opengwasdb@a0656c0d073875c17088972b24cbb9568c0467a2	unavailable: no_qualifying_evidence
GCST006047	GCST006047	failed	no_qualifying_evidence	source			estimated_from_source_maf	0						0	0.01	0.5			opengwasdb@a0656c0d073875c17088972b24cbb9568c0467a2	unavailable: no_qualifying_evidence
GCST006061	GCST006061	skipped	non_quantitative_effect_scale				binary_trait								0.01	0.5			opengwasdb@a0656c0d073875c17088972b24cbb9568c0467a2	case-control effect scale; phenotype-SD estimation not applicable
GCST006065	GCST006065	skipped	non_quantitative_effect_scale				binary_trait								0.01	0.5			opengwasdb@a0656c0d073875c17088972b24cbb9568c0467a2	case-control effect scale; phenotype-SD estimation not applicable
GCST006085	GCST006085	skipped	non_quantitative_effect_scale				binary_trait								0.01	0.5			opengwasdb@a0656c0d073875c17088972b24cbb9568c0467a2	case-control effect scale; phenotype-SD estimation not applicable
GCST006097	GCST006097	passed		source		0.95984	estimated_from_source_maf	8799194						20000	0.01	0.5	0.95984	0.00278476	opengwasdb@a0656c0d073875c17088972b24cbb9568c0467a2	
GCST006098	GCST006098	skipped	non_quantitative_effect_scale				binary_trait								0.01	0.5			opengwasdb@a0656c0d073875c17088972b24cbb9568c0467a2	case-control effect scale; phenotype-SD estimation not applicable
GCST006099	GCST006099	passed		source		7.75968	estimated_from_source_maf	8799566						20000	0.01	0.5	7.75968	0.0266817	opengwasdb@a0656c0d073875c17088972b24cbb9568c0467a2	
GCST006100	GCST006100	skipped	non_quantitative_effect_scale				binary_trait								0.01	0.5			opengwasdb@a0656c0d073875c17088972b24cbb9568c0467a2	case-control effect scale; phenotype-SD estimation not applicable
GCST006227	GCST006227	failed	no_qualifying_evidence	source			estimated_from_source_maf	0						0	0.01	0.5			opengwasdb@a0656c0d073875c17088972b24cbb9568c0467a2	unavailable: no_qualifying_evidence
GCST006228	GCST006228	failed	no_qualifying_evidence	source			estimated_from_source_maf	0						0	0.01	0.5			opengwasdb@a0656c0d073875c17088972b24cbb9568c0467a2	unavailable: no_qualifying_evidence
GCST006229	GCST006229	failed	no_qualifying_evidence	source			estimated_from_source_maf	0						0	0.01	0.5			opengwasdb@a0656c0d073875c17088972b24cbb9568c0467a2	unavailable: no_qualifying_evidence
GCST006230	GCST006230	failed	no_qualifying_evidence	source			estimated_from_source_maf	0						0	0.01	0.5			opengwasdb@a0656c0d073875c17088972b24cbb9568c0467a2	unavailable: no_qualifying_evidence
GCST006231	GCST006231	failed	no_qualifying_evidence	source			estimated_from_source_maf	0						0	0.01	0.5			opengwasdb@a0656c0d073875c17088972b24cbb9568c0467a2	unavailable: no_qualifying_evidence
GCST006250	GCST006250	failed	no_qualifying_evidence	source			estimated_from_source_maf	0						0	0.01	0.5			opengwasdb@a0656c0d073875c17088972b24cbb9568c0467a2	unavailable: no_qualifying_evidence
GCST006258	GCST006258	failed	no_qualifying_evidence	source			estimated_from_source_maf	0						0	0.01	0.5			opengwasdb@a0656c0d073875c17088972b24cbb9568c0467a2	unavailable: no_qualifying_evidence
GCST006259	GCST006259	failed	no_qualifying_evidence	source			estimated_from_source_maf	0						0	0.01	0.5			opengwasdb@a0656c0d073875c17088972b24cbb9568c0467a2	unavailable: no_qualifying_evidence
GCST006268	GCST006268	failed	no_qualifying_evidence	source			estimated_from_source_maf	0						0	0.01	0.5			opengwasdb@a0656c0d073875c17088972b24cbb9568c0467a2	unavailable: no_qualifying_evidence
GCST006288	GCST006288	passed		source		0.902716	estimated_from_source_maf	11007803						20000	0.01	0.5	0.902716	0.00648411	opengwasdb@a0656c0d073875c17088972b24cbb9568c0467a2	
GCST006326	GCST006326	passed		source		6.91423	estimated_from_source_maf	2290301						20000	0.01	0.5	6.91423	0.285711	opengwasdb@a0656c0d073875c17088972b24cbb9568c0467a2	
GCST006327	GCST006327	passed		source		8.87212	estimated_from_source_maf	2290327						20000	0.01	0.5	8.87212	0.367839	opengwasdb@a0656c0d073875c17088972b24cbb9568c0467a2	
GCST006328	GCST006328	passed		source		7.11669	estimated_from_source_maf	2290438						20000	0.01	0.5	7.11669	0.298083	opengwasdb@a0656c0d073875c17088972b24cbb9568c0467a2	
GCST006329	GCST006329	failed					estimated_from_source_maf								0.01	0.5			opengwasdb@a0656c0d073875c17088972b24cbb9568c0467a2	Analysis GCST006329: ValueError: Duplicate effect column 'beta' in header
GCST006330	GCST006330	skipped	non_quantitative_effect_scale				binary_trait								0.01	0.5			opengwasdb@a0656c0d073875c17088972b24cbb9568c0467a2	case-control effect scale; phenotype-SD estimation not applicable
GCST006331	GCST006331	skipped	non_quantitative_effect_scale				binary_trait								0.01	0.5			opengwasdb@a0656c0d073875c17088972b24cbb9568c0467a2	case-control effect scale; phenotype-SD estimation not applicable
GCST006332	GCST006332	skipped	non_quantitative_effect_scale				binary_trait								0.01	0.5			opengwasdb@a0656c0d073875c17088972b24cbb9568c0467a2	case-control effect scale; phenotype-SD estimation not applicable
GCST006333	GCST006333	skipped	non_quantitative_effect_scale				binary_trait								0.01	0.5			opengwasdb@a0656c0d073875c17088972b24cbb9568c0467a2	case-control effect scale; phenotype-SD estimation not applicable
GCST006334	GCST006334	skipped	non_quantitative_effect_scale				binary_trait								0.01	0.5			opengwasdb@a0656c0d073875c17088972b24cbb9568c0467a2	case-control effect scale; phenotype-SD estimation not applicable
GCST006335	GCST006335	skipped	non_quantitative_effect_scale				binary_trait								0.01	0.5			opengwasdb@a0656c0d073875c17088972b24cbb9568c0467a2	case-control effect scale; phenotype-SD estimation not applicable
GCST006336	GCST006336	skipped	non_quantitative_effect_scale				binary_trait								0.01	0.5			opengwasdb@a0656c0d073875c17088972b24cbb9568c0467a2	case-control effect scale; phenotype-SD estimation not applicable
GCST006337	GCST006337	skipped	non_quantitative_effect_scale				binary_trait								0.01	0.5			opengwasdb@a0656c0d073875c17088972b24cbb9568c0467a2	case-control effect scale; phenotype-SD estimation not applicable
GCST006338	GCST006338	skipped	non_quantitative_effect_scale				binary_trait								0.01	0.5			opengwasdb@a0656c0d073875c17088972b24cbb9568c0467a2	case-control effect scale; phenotype-SD estimation not applicable
GCST006339	GCST006339	skipped	non_quantitative_effect_scale				binary_trait								0.01	0.5			opengwasdb@a0656c0d073875c17088972b24cbb9568c0467a2	case-control effect scale; phenotype-SD estimation not applicable
GCST006340	GCST006340	skipped	non_quantitative_effect_scale				binary_trait								0.01	0.5			opengwasdb@a0656c0d073875c17088972b24cbb9568c0467a2	case-control effect scale; phenotype-SD estimation not applicable
GCST006341	GCST006341	skipped	non_quantitative_effect_scale				binary_trait								0.01	0.5			opengwasdb@a0656c0d073875c17088972b24cbb9568c0467a2	case-control effect scale; phenotype-SD estimation not applicable
GCST006342	GCST006342	skipped	non_quantitative_effect_scale				binary_trait								0.01	0.5			opengwasdb@a0656c0d073875c17088972b24cbb9568c0467a2	case-control effect scale; phenotype-SD estimation not applicable
GCST006343	GCST006343	skipped	non_quantitative_effect_scale				binary_trait								0.01	0.5			opengwasdb@a0656c0d073875c17088972b24cbb9568c0467a2	case-control effect scale; phenotype-SD estimation not applicable
GCST006344	GCST006344	passed		source		0.271265	estimated_from_source_maf	5285182						20000	0.01	0.5	0.271265	0.00509731	opengwasdb@a0656c0d073875c17088972b24cbb9568c0467a2	
GCST006345	GCST006345	passed		source		0.407323	estimated_from_source_maf	5285171						20000	0.01	0.5	0.407323	0.0158468	opengwasdb@a0656c0d073875c17088972b24cbb9568c0467a2	
GCST006346	GCST006346	passed		source		0.267426	estimated_from_source_maf	5285182						20000	0.01	0.5	0.267426	0.00385668	opengwasdb@a0656c0d073875c17088972b24cbb9568c0467a2	
GCST006347	GCST006347	passed		source		0.340179	estimated_from_source_maf	5285182						20000	0.01	0.5	0.340179	0.00918738	opengwasdb@a0656c0d073875c17088972b24cbb9568c0467a2	
GCST006348	GCST006348	passed		source		0.200457	estimated_from_source_maf	5285182						20000	0.01	0.5	0.200457	0.00225407	opengwasdb@a0656c0d073875c17088972b24cbb9568c0467a2	
GCST006349	GCST006349	passed		source		0.387847	estimated_from_source_maf	5285182						20000	0.01	0.5	0.387847	0.00555626	opengwasdb@a0656c0d073875c17088972b24cbb9568c0467a2	
GCST006350	GCST006350	passed		source		0.154914	estimated_from_source_maf	5285182						20000	0.01	0.5	0.154914	0.00190026	opengwasdb@a0656c0d073875c17088972b24cbb9568c0467a2	
GCST006351	GCST006351	passed		source		0.248256	estimated_from_source_maf	5285182						20000	0.01	0.5	0.248256	0.00267666	opengwasdb@a0656c0d073875c17088972b24cbb9568c0467a2	
GCST006352	GCST006352	passed		source		0.179297	estimated_from_source_maf	5285182						20000	0.01	0.5	0.179297	0.00207252	opengwasdb@a0656c0d073875c17088972b24cbb9568c0467a2	
GCST006353	GCST006353	passed		source		0.358344	estimated_from_source_maf	5692288						20000	0.01	0.5	0.358344	0.00413401	opengwasdb@a0656c0d073875c17088972b24cbb9568c0467a2	
GCST006354	GCST006354	passed		source		0.892006	estimated_from_source_maf	5285182						20000	0.01	0.5	0.892006	0.0138756	opengwasdb@a0656c0d073875c17088972b24cbb9568c0467a2	
GCST006355	GCST006355	passed		source		0.0626365	estimated_from_source_maf	5285182						20000	0.01	0.5	0.0626365	0.000967569	opengwasdb@a0656c0d073875c17088972b24cbb9568c0467a2	
GCST006356	GCST006356	skipped	non_quantitative_effect_scale				binary_trait								0.01	0.5			opengwasdb@a0656c0d073875c17088972b24cbb9568c0467a2	case-control effect scale; phenotype-SD estimation not applicable
GCST006357	GCST006357	passed		source		0.0787955	estimated_from_source_maf	5285182						20000	0.01	0.5	0.0787955	0.000841452	opengwasdb@a0656c0d073875c17088972b24cbb9568c0467a2	
GCST006358	GCST006358	passed		source		0.606607	estimated_from_source_maf	5285182						20000	0.01	0.5	0.606607	0.00651483	opengwasdb@a0656c0d073875c17088972b24cbb9568c0467a2	
GCST006359	GCST006359	passed		source		0.193359	estimated_from_source_maf	5285182						20000	0.01	0.5	0.193359	0.00206137	opengwasdb@a0656c0d073875c17088972b24cbb9568c0467a2	
GCST006360	GCST006360	passed		source		0.171204	estimated_from_source_maf	5285182						20000	0.01	0.5	0.171204	0.00183134	opengwasdb@a0656c0d073875c17088972b24cbb9568c0467a2	
GCST006361	GCST006361	passed		source		0.566316	estimated_from_source_maf	5285182						20000	0.01	0.5	0.566316	0.00642753	opengwasdb@a0656c0d073875c17088972b24cbb9568c0467a2	
GCST006362	GCST006362	passed		source		0.472352	estimated_from_source_maf	5285182						20000	0.01	0.5	0.472352	0.00521134	opengwasdb@a0656c0d073875c17088972b24cbb9568c0467a2	
GCST006363	GCST006363	passed		source		0.318953	estimated_from_source_maf	5285182						20000	0.01	0.5	0.318953	0.00882316	opengwasdb@a0656c0d073875c17088972b24cbb9568c0467a2	
GCST006366	GCST006366	warning		source		37.8021	estimated_from_source_maf	8154351						20000	0.01	0.5	37.8021	2.16688	opengwasdb@a0656c0d073875c17088972b24cbb9568c0467a2	
GCST006368	GCST006368	warning		source		9.85787	estimated_from_source_maf	22969451						20000	0.01	0.5	9.85787	7.96331	opengwasdb@a0656c0d073875c17088972b24cbb9568c0467a2	
GCST006390	GCST006390	skipped	non_quantitative_effect_scale				binary_trait								0.01	0.5			opengwasdb@a0656c0d073875c17088972b24cbb9568c0467a2	case-control effect scale; phenotype-SD estimation not applicable
GCST006407	GCST006407	failed	no_qualifying_evidence	source			estimated_from_source_maf	0						0	0.01	0.5			opengwasdb@a0656c0d073875c17088972b24cbb9568c0467a2	unavailable: no_qualifying_evidence
GCST006414	GCST006414	skipped	non_quantitative_effect_scale				binary_trait								0.01	0.5			opengwasdb@a0656c0d073875c17088972b24cbb9568c0467a2	case-control effect scale; phenotype-SD estimation not applicable
GCST006464	GCST006464	skipped	non_quantitative_effect_scale				binary_trait								0.01	0.5			opengwasdb@a0656c0d073875c17088972b24cbb9568c0467a2	case-control effect scale; phenotype-SD estimation not applicable
GCST006465	GCST006465	skipped	non_quantitative_effect_scale				binary_trait								0.01	0.5			opengwasdb@a0656c0d073875c17088972b24cbb9568c0467a2	case-control effect scale; phenotype-SD estimation not applicable
GCST006466	GCST006466	skipped	non_quantitative_effect_scale				binary_trait								0.01	0.5			opengwasdb@a0656c0d073875c17088972b24cbb9568c0467a2	case-control effect scale; phenotype-SD estimation not applicable
GCST006475	GCST006475	passed		source		0.978374	estimated_from_source_maf	7871071						20000	0.01	0.5	0.978374	0.00161787	opengwasdb@a0656c0d073875c17088972b24cbb9568c0467a2	
GCST006476	GCST006476	failed	no_qualifying_evidence	source			estimated_from_source_maf	0						0	0.01	0.5			opengwasdb@a0656c0d073875c17088972b24cbb9568c0467a2	unavailable: no_qualifying_evidence
GCST006477	GCST006477	failed	no_qualifying_evidence	source			estimated_from_source_maf	0						0	0.01	0.5			opengwasdb@a0656c0d073875c17088972b24cbb9568c0467a2	unavailable: no_qualifying_evidence
GCST006478	GCST006478	failed	no_qualifying_evidence	source			estimated_from_source_maf	0						0	0.01	0.5			opengwasdb@a0656c0d073875c17088972b24cbb9568c0467a2	unavailable: no_qualifying_evidence
GCST006487	GCST006487	skipped	non_quantitative_effect_scale				binary_trait								0.01	0.5			opengwasdb@a0656c0d073875c17088972b24cbb9568c0467a2	case-control effect scale; phenotype-SD estimation not applicable
GCST006488	GCST006488	skipped	non_quantitative_effect_scale				binary_trait								0.01	0.5			opengwasdb@a0656c0d073875c17088972b24cbb9568c0467a2	case-control effect scale; phenotype-SD estimation not applicable
GCST006489	GCST006489	failed	no_qualifying_evidence	source			estimated_from_source_maf	0						0	0.01	0.5			opengwasdb@a0656c0d073875c17088972b24cbb9568c0467a2	unavailable: no_qualifying_evidence
GCST006490	GCST006490	failed	no_qualifying_evidence	source			estimated_from_source_maf	0						0	0.01	0.5			opengwasdb@a0656c0d073875c17088972b24cbb9568c0467a2	unavailable: no_qualifying_evidence
GCST006533	GCST006533	failed	no_qualifying_evidence	source			estimated_from_source_maf	0						0	0.01	0.5			opengwasdb@a0656c0d073875c17088972b24cbb9568c0467a2	unavailable: no_qualifying_evidence
GCST006534	GCST006534	failed	no_qualifying_evidence	source			estimated_from_source_maf	0						0	0.01	0.5			opengwasdb@a0656c0d073875c17088972b24cbb9568c0467a2	unavailable: no_qualifying_evidence
GCST006537	GCST006537	failed	no_qualifying_evidence	source			estimated_from_source_maf	0						0	0.01	0.5			opengwasdb@a0656c0d073875c17088972b24cbb9568c0467a2	unavailable: no_qualifying_evidence
GCST006538	GCST006538	failed	no_qualifying_evidence	source			estimated_from_source_maf	0						0	0.01	0.5			opengwasdb@a0656c0d073875c17088972b24cbb9568c0467a2	unavailable: no_qualifying_evidence
GCST006540	GCST006540	failed	no_qualifying_evidence	source			estimated_from_source_maf	0						0	0.01	0.5			opengwasdb@a0656c0d073875c17088972b24cbb9568c0467a2	unavailable: no_qualifying_evidence
GCST006542	GCST006542	failed	no_qualifying_evidence	source			estimated_from_source_maf	0						0	0.01	0.5			opengwasdb@a0656c0d073875c17088972b24cbb9568c0467a2	unavailable: no_qualifying_evidence
GCST006543	GCST006543	failed	no_qualifying_evidence	source			estimated_from_source_maf	0						0	0.01	0.5			opengwasdb@a0656c0d073875c17088972b24cbb9568c0467a2	unavailable: no_qualifying_evidence
GCST006544	GCST006544	failed	no_qualifying_evidence	source			estimated_from_source_maf	0						0	0.01	0.5			opengwasdb@a0656c0d073875c17088972b24cbb9568c0467a2	unavailable: no_qualifying_evidence
GCST006545	GCST006545	failed	no_qualifying_evidence	source			estimated_from_source_maf	0						0	0.01	0.5			opengwasdb@a0656c0d073875c17088972b24cbb9568c0467a2	unavailable: no_qualifying_evidence
GCST006546	GCST006546	failed	no_qualifying_evidence	source			estimated_from_source_maf	0						0	0.01	0.5			opengwasdb@a0656c0d073875c17088972b24cbb9568c0467a2	unavailable: no_qualifying_evidence
GCST006547	GCST006547	failed	no_qualifying_evidence	source			estimated_from_source_maf	0						0	0.01	0.5			opengwasdb@a0656c0d073875c17088972b24cbb9568c0467a2	unavailable: no_qualifying_evidence
GCST006548	GCST006548	failed	no_qualifying_evidence	source			estimated_from_source_maf	0						0	0.01	0.5			opengwasdb@a0656c0d073875c17088972b24cbb9568c0467a2	unavailable: no_qualifying_evidence
GCST006549	GCST006549	failed	no_qualifying_evidence	source			estimated_from_source_maf	0						0	0.01	0.5			opengwasdb@a0656c0d073875c17088972b24cbb9568c0467a2	unavailable: no_qualifying_evidence
GCST006550	GCST006550	failed	no_qualifying_evidence	source			estimated_from_source_maf	0						0	0.01	0.5			opengwasdb@a0656c0d073875c17088972b24cbb9568c0467a2	unavailable: no_qualifying_evidence
GCST006551	GCST006551	failed	no_qualifying_evidence	source			estimated_from_source_maf	0						0	0.01	0.5			opengwasdb@a0656c0d073875c17088972b24cbb9568c0467a2	unavailable: no_qualifying_evidence
GCST006552	GCST006552	failed	no_qualifying_evidence	source			estimated_from_source_maf	0						0	0.01	0.5			opengwasdb@a0656c0d073875c17088972b24cbb9568c0467a2	unavailable: no_qualifying_evidence
GCST006553	GCST006553	failed	no_qualifying_evidence	source			estimated_from_source_maf	0						0	0.01	0.5			opengwasdb@a0656c0d073875c17088972b24cbb9568c0467a2	unavailable: no_qualifying_evidence
GCST006554	GCST006554	failed	no_qualifying_evidence	source			estimated_from_source_maf	0						0	0.01	0.5			opengwasdb@a0656c0d073875c17088972b24cbb9568c0467a2	unavailable: no_qualifying_evidence
GCST006572	GCST006572	passed		source		1.02904	estimated_from_source_maf	8834708						20000	0.01	0.5	1.02904	0.0404281	opengwasdb@a0656c0d073875c17088972b24cbb9568c0467a2	
GCST006586	GCST006586	passed		source		0.730223	estimated_from_source_maf	8727733						20000	0.01	0.5	0.730223	0.0018408	opengwasdb@a0656c0d073875c17088972b24cbb9568c0467a2	
GCST006620	GCST006620	failed	no_qualifying_evidence	source			estimated_from_source_maf	0						0	0.01	0.5			opengwasdb@a0656c0d073875c17088972b24cbb9568c0467a2	unavailable: no_qualifying_evidence
GCST006661	GCST006661	failed	no_qualifying_evidence	source			estimated_from_source_maf	0						0	0.01	0.5			opengwasdb@a0656c0d073875c17088972b24cbb9568c0467a2	unavailable: no_qualifying_evidence
GCST006679	GCST006679	passed		source		0.664689	estimated_from_source_maf	6937433						20000	0.01	0.5	0.664689	0.0170892	opengwasdb@a0656c0d073875c17088972b24cbb9568c0467a2	
GCST006685	GCST006685	skipped	non_quantitative_effect_scale				binary_trait								0.01	0.5			opengwasdb@a0656c0d073875c17088972b24cbb9568c0467a2	case-control effect scale; phenotype-SD estimation not applicable
GCST006686	GCST006686	skipped	non_quantitative_effect_scale				binary_trait								0.01	0.5			opengwasdb@a0656c0d073875c17088972b24cbb9568c0467a2	case-control effect scale; phenotype-SD estimation not applicable
GCST006696	GCST006696	passed		source		0.996009	estimated_from_source_maf	8430156						20000	0.01	0.5	0.996009	0.00277777	opengwasdb@a0656c0d073875c17088972b24cbb9568c0467a2	
GCST006697	GCST006697	passed		source		0.989834	estimated_from_source_maf	8430180						20000	0.01	0.5	0.989834	0.00279675	opengwasdb@a0656c0d073875c17088972b24cbb9568c0467a2	
GCST006698	GCST006698	skipped	non_quantitative_effect_scale				binary_trait								0.01	0.5			opengwasdb@a0656c0d073875c17088972b24cbb9568c0467a2	case-control effect scale; phenotype-SD estimation not applicable
GCST006699	GCST006699	passed		source		0.974164	estimated_from_source_maf	8430055						20000	0.01	0.5	0.974164	0.00282627	opengwasdb@a0656c0d073875c17088972b24cbb9568c0467a2	
GCST006700	GCST006700	passed		source		1.05845	estimated_from_source_maf	8430348						20000	0.01	0.5	1.05845	0.00300204	opengwasdb@a0656c0d073875c17088972b24cbb9568c0467a2	
GCST006701	GCST006701	passed		source		0.993545	estimated_from_source_maf	8430144						20000	0.01	0.5	0.993545	0.00278105	opengwasdb@a0656c0d073875c17088972b24cbb9568c0467a2	
GCST006702	GCST006702	passed		source		1.05815	estimated_from_source_maf	8430167						20000	0.01	0.5	1.05815	0.00321398	opengwasdb@a0656c0d073875c17088972b24cbb9568c0467a2	
GCST006801	GCST006801	skipped	non_quantitative_effect_scale				binary_trait								0.01	0.5			opengwasdb@a0656c0d073875c17088972b24cbb9568c0467a2	case-control effect scale; phenotype-SD estimation not applicable
GCST006802	GCST006802	skipped	non_quantitative_effect_scale				binary_trait								0.01	0.5			opengwasdb@a0656c0d073875c17088972b24cbb9568c0467a2	case-control effect scale; phenotype-SD estimation not applicable
GCST006804	GCST006804	passed		source		0.964545	estimated_from_source_maf	10946791						20000	0.01	0.5	0.964545	0.00587023	opengwasdb@a0656c0d073875c17088972b24cbb9568c0467a2	
GCST006810	GCST006810	skipped	non_quantitative_effect_scale				binary_trait								0.01	0.5			opengwasdb@a0656c0d073875c17088972b24cbb9568c0467a2	case-control effect scale; phenotype-SD estimation not applicable
GCST006862	GCST006862	skipped	non_quantitative_effect_scale				binary_trait								0.01	0.5			opengwasdb@a0656c0d073875c17088972b24cbb9568c0467a2	case-control effect scale; phenotype-SD estimation not applicable
GCST006867	GCST006867	skipped	non_quantitative_effect_scale				binary_trait								0.01	0.5			opengwasdb@a0656c0d073875c17088972b24cbb9568c0467a2	case-control effect scale; phenotype-SD estimation not applicable
GCST006906	GCST006906	skipped	non_quantitative_effect_scale				binary_trait								0.01	0.5			opengwasdb@a0656c0d073875c17088972b24cbb9568c0467a2	case-control effect scale; phenotype-SD estimation not applicable
GCST006907	GCST006907	skipped	non_quantitative_effect_scale				binary_trait								0.01	0.5			opengwasdb@a0656c0d073875c17088972b24cbb9568c0467a2	case-control effect scale; phenotype-SD estimation not applicable
GCST006908	GCST006908	skipped	non_quantitative_effect_scale				binary_trait								0.01	0.5			opengwasdb@a0656c0d073875c17088972b24cbb9568c0467a2	case-control effect scale; phenotype-SD estimation not applicable
GCST006909	GCST006909	skipped	non_quantitative_effect_scale				binary_trait								0.01	0.5			opengwasdb@a0656c0d073875c17088972b24cbb9568c0467a2	case-control effect scale; phenotype-SD estimation not applicable
GCST006910	GCST006910	skipped	non_quantitative_effect_scale				binary_trait								0.01	0.5			opengwasdb@a0656c0d073875c17088972b24cbb9568c0467a2	case-control effect scale; phenotype-SD estimation not applicable
GCST006937	GCST006937	skipped	non_quantitative_effect_scale				binary_trait								0.01	0.5			opengwasdb@a0656c0d073875c17088972b24cbb9568c0467a2	case-control effect scale; phenotype-SD estimation not applicable
GCST006938	GCST006938	skipped	non_quantitative_effect_scale				binary_trait								0.01	0.5			opengwasdb@a0656c0d073875c17088972b24cbb9568c0467a2	case-control effect scale; phenotype-SD estimation not applicable
GCST006940	GCST006940	passed		source		1.00185	estimated_from_source_maf	8202402						20000	0.01	0.5	1.00185	0.00112014	opengwasdb@a0656c0d073875c17088972b24cbb9568c0467a2	
GCST006941	GCST006941	passed		source		1.00184	estimated_from_source_maf	8202402						20000	0.01	0.5	1.00184	0.00111837	opengwasdb@a0656c0d073875c17088972b24cbb9568c0467a2	
GCST006942	GCST006942	passed		source		1.00185	estimated_from_source_maf	8202402						20000	0.01	0.5	1.00185	0.00111993	opengwasdb@a0656c0d073875c17088972b24cbb9568c0467a2	
GCST006943	GCST006943	passed		source		1.00185	estimated_from_source_maf	8202402						20000	0.01	0.5	1.00185	0.00111979	opengwasdb@a0656c0d073875c17088972b24cbb9568c0467a2	
GCST006944	GCST006944	passed		source		1.00184	estimated_from_source_maf	8202402						20000	0.01	0.5	1.00184	0.00111835	opengwasdb@a0656c0d073875c17088972b24cbb9568c0467a2	
GCST006945	GCST006945	passed		source		1.00185	estimated_from_source_maf	8202402						20000	0.01	0.5	1.00185	0.00112012	opengwasdb@a0656c0d073875c17088972b24cbb9568c0467a2	
GCST006946	GCST006946	passed		source		1.00186	estimated_from_source_maf	8202402						20000	0.01	0.5	1.00186	0.00112012	opengwasdb@a0656c0d073875c17088972b24cbb9568c0467a2	
GCST006947	GCST006947	passed		source		1.00185	estimated_from_source_maf	8202402						20000	0.01	0.5	1.00185	0.00111953	opengwasdb@a0656c0d073875c17088972b24cbb9568c0467a2	
GCST006948	GCST006948	passed		source		1.00186	estimated_from_source_maf	8202402						20000	0.01	0.5	1.00186	0.00111864	opengwasdb@a0656c0d073875c17088972b24cbb9568c0467a2	
GCST006950	GCST006950	passed		source		1.00185	estimated_from_source_maf	8202402						20000	0.01	0.5	1.00185	0.00111867	opengwasdb@a0656c0d073875c17088972b24cbb9568c0467a2	
GCST006951	GCST006951	passed		source		1.00185	estimated_from_source_maf	8202402						20000	0.01	0.5	1.00185	0.00111933	opengwasdb@a0656c0d073875c17088972b24cbb9568c0467a2	
GCST006952	GCST006952	passed		source		1.00184	estimated_from_source_maf	8202402						20000	0.01	0.5	1.00184	0.00111869	opengwasdb@a0656c0d073875c17088972b24cbb9568c0467a2	
GCST006956	GCST006956	skipped	non_quantitative_effect_scale				binary_trait								0.01	0.5			opengwasdb@a0656c0d073875c17088972b24cbb9568c0467a2	case-control effect scale; phenotype-SD estimation not applicable
GCST006957	GCST006957	skipped	non_quantitative_effect_scale				binary_trait								0.01	0.5			opengwasdb@a0656c0d073875c17088972b24cbb9568c0467a2	case-control effect scale; phenotype-SD estimation not applicable
GCST006979	GCST006979	passed		source		0.8559	estimated_from_source_maf	8517273						20000	0.01	0.5	0.8559	0.00495798	opengwasdb@a0656c0d073875c17088972b24cbb9568c0467a2	
GCST006980	GCST006980	skipped	non_quantitative_effect_scale				binary_trait								0.01	0.5			opengwasdb@a0656c0d073875c17088972b24cbb9568c0467a2	case-control effect scale; phenotype-SD estimation not applicable
GCST007090	GCST007090	skipped	non_quantitative_effect_scale				binary_trait								0.01	0.5			opengwasdb@a0656c0d073875c17088972b24cbb9568c0467a2	case-control effect scale; phenotype-SD estimation not applicable
GCST007091	GCST007091	skipped	non_quantitative_effect_scale				binary_trait								0.01	0.5			opengwasdb@a0656c0d073875c17088972b24cbb9568c0467a2	case-control effect scale; phenotype-SD estimation not applicable
GCST007092	GCST007092	skipped	non_quantitative_effect_scale				binary_trait								0.01	0.5			opengwasdb@a0656c0d073875c17088972b24cbb9568c0467a2	case-control effect scale; phenotype-SD estimation not applicable
GCST007236	GCST007236	skipped	non_quantitative_effect_scale				binary_trait								0.01	0.5			opengwasdb@a0656c0d073875c17088972b24cbb9568c0467a2	case-control effect scale; phenotype-SD estimation not applicable
GCST007320	GCST007320	skipped	non_quantitative_effect_scale				binary_trait								0.01	0.5			opengwasdb@a0656c0d073875c17088972b24cbb9568c0467a2	case-control effect scale; phenotype-SD estimation not applicable
GCST007406	GCST007406	passed		source		1.88902	estimated_from_source_maf	8753055						20000	0.01	0.5	1.88902	0.0107059	opengwasdb@a0656c0d073875c17088972b24cbb9568c0467a2	
GCST007429	GCST007429	passed		source		0.949792	estimated_from_source_maf	9170706						20000	0.01	0.5	0.949792	0.0116833	opengwasdb@a0656c0d073875c17088972b24cbb9568c0467a2	
GCST007430	GCST007430	passed		source		1.01377	estimated_from_source_maf	8824721						20000	0.01	0.5	1.01377	0.00994828	opengwasdb@a0656c0d073875c17088972b24cbb9568c0467a2	
GCST007431	GCST007431	passed		source		0.961146	estimated_from_source_maf	9180707						20000	0.01	0.5	0.961146	0.0112133	opengwasdb@a0656c0d073875c17088972b24cbb9568c0467a2	
GCST007432	GCST007432	passed		source		0.943574	estimated_from_source_maf	9101901						20000	0.01	0.5	0.943574	0.0122301	opengwasdb@a0656c0d073875c17088972b24cbb9568c0467a2	
GCST007435	GCST007435	skipped	non_quantitative_effect_scale				binary_trait								0.01	0.5			opengwasdb@a0656c0d073875c17088972b24cbb9568c0467a2	case-control effect scale; phenotype-SD estimation not applicable
GCST007436	GCST007436	passed		source		0.14336	estimated_from_source_maf	8715861						20000	0.01	0.5	0.14336	0.00993991	opengwasdb@a0656c0d073875c17088972b24cbb9568c0467a2	
GCST007515	GCST007515	skipped	non_quantitative_effect_scale				binary_trait								0.01	0.5			opengwasdb@a0656c0d073875c17088972b24cbb9568c0467a2	case-control effect scale; phenotype-SD estimation not applicable
GCST007516	GCST007516	skipped	non_quantitative_effect_scale				binary_trait								0.01	0.5			opengwasdb@a0656c0d073875c17088972b24cbb9568c0467a2	case-control effect scale; phenotype-SD estimation not applicable
GCST007517	GCST007517	skipped	non_quantitative_effect_scale				binary_trait								0.01	0.5			opengwasdb@a0656c0d073875c17088972b24cbb9568c0467a2	case-control effect scale; phenotype-SD estimation not applicable
GCST007518	GCST007518	skipped	non_quantitative_effect_scale				binary_trait								0.01	0.5			opengwasdb@a0656c0d073875c17088972b24cbb9568c0467a2	case-control effect scale; phenotype-SD estimation not applicable
GCST007542	GCST007542	passed		source		2.55559	estimated_from_source_maf	2513114						20000	0.01	0.5	2.55559	0.0408872	opengwasdb@a0656c0d073875c17088972b24cbb9568c0467a2	
GCST007557	GCST007557	passed		source		0.997631	estimated_from_source_maf	10571541						20000	0.01	0.5	0.997631	0.0304417	opengwasdb@a0656c0d073875c17088972b24cbb9568c0467a2	
GCST007638	GCST007638	failed	no_qualifying_evidence	source			estimated_from_source_maf	0						0	0.01	0.5			opengwasdb@a0656c0d073875c17088972b24cbb9568c0467a2	unavailable: no_qualifying_evidence
GCST007799	GCST007799	skipped	non_quantitative_effect_scale				binary_trait								0.01	0.5			opengwasdb@a0656c0d073875c17088972b24cbb9568c0467a2	case-control effect scale; phenotype-SD estimation not applicable
GCST007857	GCST007857	failed	no_qualifying_evidence	source			estimated_from_source_maf	0						0	0.01	0.5			opengwasdb@a0656c0d073875c17088972b24cbb9568c0467a2	unavailable: no_qualifying_evidence
GCST007858	GCST007858	failed	no_qualifying_evidence	source			estimated_from_source_maf	0						0	0.01	0.5			opengwasdb@a0656c0d073875c17088972b24cbb9568c0467a2	unavailable: no_qualifying_evidence
GCST008225	GCST008225	skipped	non_quantitative_effect_scale				binary_trait								0.01	0.5			opengwasdb@a0656c0d073875c17088972b24cbb9568c0467a2	case-control effect scale; phenotype-SD estimation not applicable
GCST008311	GCST008311	skipped	non_quantitative_effect_scale				binary_trait								0.01	0.5			opengwasdb@a0656c0d073875c17088972b24cbb9568c0467a2	case-control effect scale; phenotype-SD estimation not applicable
GCST008396	GCST008396	passed		source		0.94492	estimated_from_source_maf	2303003						20000	0.01	0.5	0.94492	0.0594839	opengwasdb@a0656c0d073875c17088972b24cbb9568c0467a2	
GCST008403	GCST008403	passed		source		1.0023	estimated_from_source_maf	9316609						20000	0.01	0.5	1.0023	0.00311373	opengwasdb@a0656c0d073875c17088972b24cbb9568c0467a2	
GCST009236	GCST009236	passed		source		1.82353	estimated_from_source_maf	2109389						20000	0.01	0.5	1.82353	0.0410431	opengwasdb@a0656c0d073875c17088972b24cbb9568c0467a2	
GCST009237	GCST009237	passed		source		1.8805	estimated_from_source_maf	2109389						20000	0.01	0.5	1.8805	0.0341078	opengwasdb@a0656c0d073875c17088972b24cbb9568c0467a2	
GCST009238	GCST009238	passed		source		3.78142	estimated_from_source_maf	2109389						20000	0.01	0.5	3.78142	0.0632057	opengwasdb@a0656c0d073875c17088972b24cbb9568c0467a2	
GCST009324	GCST009324	skipped	non_quantitative_effect_scale				binary_trait								0.01	0.5			opengwasdb@a0656c0d073875c17088972b24cbb9568c0467a2	case-control effect scale; phenotype-SD estimation not applicable
GCST009325	GCST009325	skipped	non_quantitative_effect_scale				binary_trait								0.01	0.5			opengwasdb@a0656c0d073875c17088972b24cbb9568c0467a2	case-control effect scale; phenotype-SD estimation not applicable
GCST009541	GCST009541	skipped	non_quantitative_effect_scale				binary_trait								0.01	0.5			opengwasdb@a0656c0d073875c17088972b24cbb9568c0467a2	case-control effect scale; phenotype-SD estimation not applicable
GCST009722	GCST009722	skipped	non_quantitative_effect_scale				binary_trait								0.01	0.5			opengwasdb@a0656c0d073875c17088972b24cbb9568c0467a2	case-control effect scale; phenotype-SD estimation not applicable
GCST009758	GCST009758	skipped	non_quantitative_effect_scale				binary_trait								0.01	0.5			opengwasdb@a0656c0d073875c17088972b24cbb9568c0467a2	case-control effect scale; phenotype-SD estimation not applicable
GCST009760	GCST009760	skipped	non_quantitative_effect_scale				binary_trait								0.01	0.5			opengwasdb@a0656c0d073875c17088972b24cbb9568c0467a2	case-control effect scale; phenotype-SD estimation not applicable
GCST009761	GCST009761	skipped	non_quantitative_effect_scale				binary_trait								0.01	0.5			opengwasdb@a0656c0d073875c17088972b24cbb9568c0467a2	case-control effect scale; phenotype-SD estimation not applicable
GCST009762	GCST009762	skipped	non_quantitative_effect_scale				binary_trait								0.01	0.5			opengwasdb@a0656c0d073875c17088972b24cbb9568c0467a2	case-control effect scale; phenotype-SD estimation not applicable
GCST009763	GCST009763	skipped	non_quantitative_effect_scale				binary_trait								0.01	0.5			opengwasdb@a0656c0d073875c17088972b24cbb9568c0467a2	case-control effect scale; phenotype-SD estimation not applicable
GCST009925	GCST009925	skipped	non_quantitative_effect_scale				binary_trait								0.01	0.5			opengwasdb@a0656c0d073875c17088972b24cbb9568c0467a2	case-control effect scale; phenotype-SD estimation not applicable
GCST009926	GCST009926	skipped	non_quantitative_effect_scale				binary_trait								0.01	0.5			opengwasdb@a0656c0d073875c17088972b24cbb9568c0467a2	case-control effect scale; phenotype-SD estimation not applicable
GCST009927	GCST009927	skipped	non_quantitative_effect_scale				binary_trait								0.01	0.5			opengwasdb@a0656c0d073875c17088972b24cbb9568c0467a2	case-control effect scale; phenotype-SD estimation not applicable
GCST009928	GCST009928	skipped	non_quantitative_effect_scale				binary_trait								0.01	0.5			opengwasdb@a0656c0d073875c17088972b24cbb9568c0467a2	case-control effect scale; phenotype-SD estimation not applicable
GCST009965	GCST009965	passed		source		1.00874	estimated_from_source_maf	8642729						20000	0.01	0.5	1.00874	0.0165921	opengwasdb@a0656c0d073875c17088972b24cbb9568c0467a2	
GCST009966	GCST009966	passed		source		1.00429	estimated_from_source_maf	8652067						20000	0.01	0.5	1.00429	0.0165376	opengwasdb@a0656c0d073875c17088972b24cbb9568c0467a2	
GCST009967	GCST009967	passed		source		0.800152	estimated_from_source_maf	8653525						20000	0.01	0.5	0.800152	0.0136853	opengwasdb@a0656c0d073875c17088972b24cbb9568c0467a2	
GCST009968	GCST009968	passed		source		0.963579	estimated_from_source_maf	8652067						20000	0.01	0.5	0.963579	0.0163998	opengwasdb@a0656c0d073875c17088972b24cbb9568c0467a2	
GCST009970	GCST009970	passed		source		0.98912	estimated_from_source_maf	8642729						20000	0.01	0.5	0.98912	0.0162364	opengwasdb@a0656c0d073875c17088972b24cbb9568c0467a2	
GCST009971	GCST009971	passed		source		1.01724	estimated_from_source_maf	8642729						20000	0.01	0.5	1.01724	0.0169412	opengwasdb@a0656c0d073875c17088972b24cbb9568c0467a2	
GCST009979	GCST009979	skipped	non_quantitative_effect_scale				binary_trait								0.01	0.5			opengwasdb@a0656c0d073875c17088972b24cbb9568c0467a2	case-control effect scale; phenotype-SD estimation not applicable
GCST009980	GCST009980	skipped	non_quantitative_effect_scale				binary_trait								0.01	0.5			opengwasdb@a0656c0d073875c17088972b24cbb9568c0467a2	case-control effect scale; phenotype-SD estimation not applicable
GCST009981	GCST009981	skipped	non_quantitative_effect_scale				binary_trait								0.01	0.5			opengwasdb@a0656c0d073875c17088972b24cbb9568c0467a2	case-control effect scale; phenotype-SD estimation not applicable
GCST009982	GCST009982	skipped	non_quantitative_effect_scale				binary_trait								0.01	0.5			opengwasdb@a0656c0d073875c17088972b24cbb9568c0467a2	case-control effect scale; phenotype-SD estimation not applicable
GCST009983	GCST009983	skipped	non_quantitative_effect_scale				binary_trait								0.01	0.5			opengwasdb@a0656c0d073875c17088972b24cbb9568c0467a2	case-control effect scale; phenotype-SD estimation not applicable
GCST009984	GCST009984	skipped	non_quantitative_effect_scale				binary_trait								0.01	0.5			opengwasdb@a0656c0d073875c17088972b24cbb9568c0467a2	case-control effect scale; phenotype-SD estimation not applicable
GCST010003	GCST010003	failed	no_qualifying_evidence	source			estimated_from_source_maf	0						0	0.01	0.5			opengwasdb@a0656c0d073875c17088972b24cbb9568c0467a2	unavailable: no_qualifying_evidence
GCST010004	GCST010004	skipped	non_quantitative_effect_scale				binary_trait								0.01	0.5			opengwasdb@a0656c0d073875c17088972b24cbb9568c0467a2	case-control effect scale; phenotype-SD estimation not applicable
GCST010005	GCST010005	skipped	non_quantitative_effect_scale				binary_trait								0.01	0.5			opengwasdb@a0656c0d073875c17088972b24cbb9568c0467a2	case-control effect scale; phenotype-SD estimation not applicable
GCST010098	GCST010098	skipped	non_quantitative_effect_scale				binary_trait								0.01	0.5			opengwasdb@a0656c0d073875c17088972b24cbb9568c0467a2	case-control effect scale; phenotype-SD estimation not applicable
GCST010100	GCST010100	skipped	non_quantitative_effect_scale				binary_trait								0.01	0.5			opengwasdb@a0656c0d073875c17088972b24cbb9568c0467a2	case-control effect scale; phenotype-SD estimation not applicable
GCST010116	GCST010116	skipped	non_quantitative_effect_scale				binary_trait								0.01	0.5			opengwasdb@a0656c0d073875c17088972b24cbb9568c0467a2	case-control effect scale; phenotype-SD estimation not applicable
GCST010144	GCST010144	passed		source		0.924007	estimated_from_source_maf	11307464						20000	0.01	0.5	0.924007	0.00958444	opengwasdb@a0656c0d073875c17088972b24cbb9568c0467a2	
GCST010205	GCST010205	skipped	non_quantitative_effect_scale				binary_trait								0.01	0.5			opengwasdb@a0656c0d073875c17088972b24cbb9568c0467a2	case-control effect scale; phenotype-SD estimation not applicable
GCST010681	GCST010681	skipped	non_quantitative_effect_scale				binary_trait								0.01	0.5			opengwasdb@a0656c0d073875c17088972b24cbb9568c0467a2	case-control effect scale; phenotype-SD estimation not applicable
GCST010696	GCST010696	failed	no_qualifying_evidence	source			estimated_from_source_maf	0						0	0.01	0.5			opengwasdb@a0656c0d073875c17088972b24cbb9568c0467a2	unavailable: no_qualifying_evidence
GCST010697	GCST010697	failed	no_qualifying_evidence	source			estimated_from_source_maf	0						0	0.01	0.5			opengwasdb@a0656c0d073875c17088972b24cbb9568c0467a2	unavailable: no_qualifying_evidence
GCST010698	GCST010698	failed	no_qualifying_evidence	source			estimated_from_source_maf	0						0	0.01	0.5			opengwasdb@a0656c0d073875c17088972b24cbb9568c0467a2	unavailable: no_qualifying_evidence
GCST010699	GCST010699	failed	no_qualifying_evidence	source			estimated_from_source_maf	0						0	0.01	0.5			opengwasdb@a0656c0d073875c17088972b24cbb9568c0467a2	unavailable: no_qualifying_evidence
GCST010700	GCST010700	failed	no_qualifying_evidence	source			estimated_from_source_maf	0						0	0.01	0.5			opengwasdb@a0656c0d073875c17088972b24cbb9568c0467a2	unavailable: no_qualifying_evidence
GCST010701	GCST010701	failed	no_qualifying_evidence	source			estimated_from_source_maf	0						0	0.01	0.5			opengwasdb@a0656c0d073875c17088972b24cbb9568c0467a2	unavailable: no_qualifying_evidence
GCST010702	GCST010702	failed	no_qualifying_evidence	source			estimated_from_source_maf	0						0	0.01	0.5			opengwasdb@a0656c0d073875c17088972b24cbb9568c0467a2	unavailable: no_qualifying_evidence
GCST010703	GCST010703	failed	no_qualifying_evidence	source			estimated_from_source_maf	0						0	0.01	0.5			opengwasdb@a0656c0d073875c17088972b24cbb9568c0467a2	unavailable: no_qualifying_evidence
GCST010723	GCST010723	skipped	non_quantitative_effect_scale				binary_trait								0.01	0.5			opengwasdb@a0656c0d073875c17088972b24cbb9568c0467a2	case-control effect scale; phenotype-SD estimation not applicable
GCST010763	GCST010763	skipped	non_quantitative_effect_scale				binary_trait								0.01	0.5			opengwasdb@a0656c0d073875c17088972b24cbb9568c0467a2	case-control effect scale; phenotype-SD estimation not applicable
GCST010764	GCST010764	skipped	non_quantitative_effect_scale				binary_trait								0.01	0.5			opengwasdb@a0656c0d073875c17088972b24cbb9568c0467a2	case-control effect scale; phenotype-SD estimation not applicable
GCST010765	GCST010765	skipped	non_quantitative_effect_scale				binary_trait								0.01	0.5			opengwasdb@a0656c0d073875c17088972b24cbb9568c0467a2	case-control effect scale; phenotype-SD estimation not applicable
GCST010766	GCST010766	skipped	non_quantitative_effect_scale				binary_trait								0.01	0.5			opengwasdb@a0656c0d073875c17088972b24cbb9568c0467a2	case-control effect scale; phenotype-SD estimation not applicable
GCST010767	GCST010767	skipped	non_quantitative_effect_scale				binary_trait								0.01	0.5			opengwasdb@a0656c0d073875c17088972b24cbb9568c0467a2	case-control effect scale; phenotype-SD estimation not applicable
GCST010768	GCST010768	skipped	non_quantitative_effect_scale				binary_trait								0.01	0.5			opengwasdb@a0656c0d073875c17088972b24cbb9568c0467a2	case-control effect scale; phenotype-SD estimation not applicable
GCST010769	GCST010769	skipped	non_quantitative_effect_scale				binary_trait								0.01	0.5			opengwasdb@a0656c0d073875c17088972b24cbb9568c0467a2	case-control effect scale; phenotype-SD estimation not applicable
GCST010770	GCST010770	skipped	non_quantitative_effect_scale				binary_trait								0.01	0.5			opengwasdb@a0656c0d073875c17088972b24cbb9568c0467a2	case-control effect scale; phenotype-SD estimation not applicable
GCST010771	GCST010771	skipped	non_quantitative_effect_scale				binary_trait								0.01	0.5			opengwasdb@a0656c0d073875c17088972b24cbb9568c0467a2	case-control effect scale; phenotype-SD estimation not applicable
GCST010772	GCST010772	skipped	non_quantitative_effect_scale				binary_trait								0.01	0.5			opengwasdb@a0656c0d073875c17088972b24cbb9568c0467a2	case-control effect scale; phenotype-SD estimation not applicable
GCST010773	GCST010773	skipped	non_quantitative_effect_scale				binary_trait								0.01	0.5			opengwasdb@a0656c0d073875c17088972b24cbb9568c0467a2	case-control effect scale; phenotype-SD estimation not applicable
GCST010774	GCST010774	skipped	non_quantitative_effect_scale				binary_trait								0.01	0.5			opengwasdb@a0656c0d073875c17088972b24cbb9568c0467a2	case-control effect scale; phenotype-SD estimation not applicable
GCST010775	GCST010775	skipped	non_quantitative_effect_scale				binary_trait								0.01	0.5			opengwasdb@a0656c0d073875c17088972b24cbb9568c0467a2	case-control effect scale; phenotype-SD estimation not applicable
GCST010776	GCST010776	skipped	non_quantitative_effect_scale				binary_trait								0.01	0.5			opengwasdb@a0656c0d073875c17088972b24cbb9568c0467a2	case-control effect scale; phenotype-SD estimation not applicable
GCST010777	GCST010777	skipped	non_quantitative_effect_scale				binary_trait								0.01	0.5			opengwasdb@a0656c0d073875c17088972b24cbb9568c0467a2	case-control effect scale; phenotype-SD estimation not applicable
GCST010778	GCST010778	skipped	non_quantitative_effect_scale				binary_trait								0.01	0.5			opengwasdb@a0656c0d073875c17088972b24cbb9568c0467a2	case-control effect scale; phenotype-SD estimation not applicable
GCST010779	GCST010779	skipped	non_quantitative_effect_scale				binary_trait								0.01	0.5			opengwasdb@a0656c0d073875c17088972b24cbb9568c0467a2	case-control effect scale; phenotype-SD estimation not applicable
GCST010780	GCST010780	skipped	non_quantitative_effect_scale				binary_trait								0.01	0.5			opengwasdb@a0656c0d073875c17088972b24cbb9568c0467a2	case-control effect scale; phenotype-SD estimation not applicable
GCST010781	GCST010781	skipped	non_quantitative_effect_scale				binary_trait								0.01	0.5			opengwasdb@a0656c0d073875c17088972b24cbb9568c0467a2	case-control effect scale; phenotype-SD estimation not applicable
GCST010782	GCST010782	skipped	non_quantitative_effect_scale				binary_trait								0.01	0.5			opengwasdb@a0656c0d073875c17088972b24cbb9568c0467a2	case-control effect scale; phenotype-SD estimation not applicable
GCST010783	GCST010783	skipped	non_quantitative_effect_scale				binary_trait								0.01	0.5			opengwasdb@a0656c0d073875c17088972b24cbb9568c0467a2	case-control effect scale; phenotype-SD estimation not applicable
GCST011071	GCST011071	skipped	non_quantitative_effect_scale				binary_trait								0.01	0.5			opengwasdb@a0656c0d073875c17088972b24cbb9568c0467a2	case-control effect scale; phenotype-SD estimation not applicable
GCST011072	GCST011072	skipped	non_quantitative_effect_scale				binary_trait								0.01	0.5			opengwasdb@a0656c0d073875c17088972b24cbb9568c0467a2	case-control effect scale; phenotype-SD estimation not applicable
GCST011073	GCST011073	skipped	non_quantitative_effect_scale				binary_trait								0.01	0.5			opengwasdb@a0656c0d073875c17088972b24cbb9568c0467a2	case-control effect scale; phenotype-SD estimation not applicable
GCST011074	GCST011074	skipped	non_quantitative_effect_scale				binary_trait								0.01	0.5			opengwasdb@a0656c0d073875c17088972b24cbb9568c0467a2	case-control effect scale; phenotype-SD estimation not applicable
GCST011075	GCST011075	skipped	non_quantitative_effect_scale				binary_trait								0.01	0.5			opengwasdb@a0656c0d073875c17088972b24cbb9568c0467a2	case-control effect scale; phenotype-SD estimation not applicable
GCST011076	GCST011076	skipped	non_quantitative_effect_scale				binary_trait								0.01	0.5			opengwasdb@a0656c0d073875c17088972b24cbb9568c0467a2	case-control effect scale; phenotype-SD estimation not applicable
GCST011077	GCST011077	skipped	non_quantitative_effect_scale				binary_trait								0.01	0.5			opengwasdb@a0656c0d073875c17088972b24cbb9568c0467a2	case-control effect scale; phenotype-SD estimation not applicable
GCST011078	GCST011078	skipped	non_quantitative_effect_scale				binary_trait								0.01	0.5			opengwasdb@a0656c0d073875c17088972b24cbb9568c0467a2	case-control effect scale; phenotype-SD estimation not applicable
GCST011079	GCST011079	skipped	non_quantitative_effect_scale				binary_trait								0.01	0.5			opengwasdb@a0656c0d073875c17088972b24cbb9568c0467a2	case-control effect scale; phenotype-SD estimation not applicable
GCST011080	GCST011080	skipped	non_quantitative_effect_scale				binary_trait								0.01	0.5			opengwasdb@a0656c0d073875c17088972b24cbb9568c0467a2	case-control effect scale; phenotype-SD estimation not applicable
GCST011081	GCST011081	skipped	non_quantitative_effect_scale				binary_trait								0.01	0.5			opengwasdb@a0656c0d073875c17088972b24cbb9568c0467a2	case-control effect scale; phenotype-SD estimation not applicable
GCST011082	GCST011082	skipped	non_quantitative_effect_scale				binary_trait								0.01	0.5			opengwasdb@a0656c0d073875c17088972b24cbb9568c0467a2	case-control effect scale; phenotype-SD estimation not applicable
GCST011083	GCST011083	skipped	non_quantitative_effect_scale				binary_trait								0.01	0.5			opengwasdb@a0656c0d073875c17088972b24cbb9568c0467a2	case-control effect scale; phenotype-SD estimation not applicable
GCST011084	GCST011084	skipped	non_quantitative_effect_scale				binary_trait								0.01	0.5			opengwasdb@a0656c0d073875c17088972b24cbb9568c0467a2	case-control effect scale; phenotype-SD estimation not applicable
GCST011085	GCST011085	skipped	non_quantitative_effect_scale				binary_trait								0.01	0.5			opengwasdb@a0656c0d073875c17088972b24cbb9568c0467a2	case-control effect scale; phenotype-SD estimation not applicable
GCST011086	GCST011086	skipped	non_quantitative_effect_scale				binary_trait								0.01	0.5			opengwasdb@a0656c0d073875c17088972b24cbb9568c0467a2	case-control effect scale; phenotype-SD estimation not applicable
GCST011321	GCST011321	failed	no_qualifying_evidence	source			estimated_from_source_maf	0						0	0.01	0.5			opengwasdb@a0656c0d073875c17088972b24cbb9568c0467a2	unavailable: no_qualifying_evidence
GCST011322	GCST011322	failed	no_qualifying_evidence	source			estimated_from_source_maf	0						0	0.01	0.5			opengwasdb@a0656c0d073875c17088972b24cbb9568c0467a2	unavailable: no_qualifying_evidence
GCST011323	GCST011323	failed	no_qualifying_evidence	source			estimated_from_source_maf	0						0	0.01	0.5			opengwasdb@a0656c0d073875c17088972b24cbb9568c0467a2	unavailable: no_qualifying_evidence
GCST011324	GCST011324	failed	no_qualifying_evidence	source			estimated_from_source_maf	0						0	0.01	0.5			opengwasdb@a0656c0d073875c17088972b24cbb9568c0467a2	unavailable: no_qualifying_evidence
GCST011325	GCST011325	failed	no_qualifying_evidence	source			estimated_from_source_maf	0						0	0.01	0.5			opengwasdb@a0656c0d073875c17088972b24cbb9568c0467a2	unavailable: no_qualifying_evidence
GCST011326	GCST011326	failed	no_qualifying_evidence	source			estimated_from_source_maf	0						0	0.01	0.5			opengwasdb@a0656c0d073875c17088972b24cbb9568c0467a2	unavailable: no_qualifying_evidence
GCST011327	GCST011327	failed	no_qualifying_evidence	source			estimated_from_source_maf	0						0	0.01	0.5			opengwasdb@a0656c0d073875c17088972b24cbb9568c0467a2	unavailable: no_qualifying_evidence
GCST011328	GCST011328	failed	no_qualifying_evidence	source			estimated_from_source_maf	0						0	0.01	0.5			opengwasdb@a0656c0d073875c17088972b24cbb9568c0467a2	unavailable: no_qualifying_evidence
GCST011329	GCST011329	failed	no_qualifying_evidence	source			estimated_from_source_maf	0						0	0.01	0.5			opengwasdb@a0656c0d073875c17088972b24cbb9568c0467a2	unavailable: no_qualifying_evidence
GCST011330	GCST011330	failed	no_qualifying_evidence	source			estimated_from_source_maf	0						0	0.01	0.5			opengwasdb@a0656c0d073875c17088972b24cbb9568c0467a2	unavailable: no_qualifying_evidence
GCST011331	GCST011331	failed	no_qualifying_evidence	source			estimated_from_source_maf	0						0	0.01	0.5			opengwasdb@a0656c0d073875c17088972b24cbb9568c0467a2	unavailable: no_qualifying_evidence
GCST011332	GCST011332	failed	no_qualifying_evidence	source			estimated_from_source_maf	0						0	0.01	0.5			opengwasdb@a0656c0d073875c17088972b24cbb9568c0467a2	unavailable: no_qualifying_evidence
GCST011333	GCST011333	failed	no_qualifying_evidence	source			estimated_from_source_maf	0						0	0.01	0.5			opengwasdb@a0656c0d073875c17088972b24cbb9568c0467a2	unavailable: no_qualifying_evidence
GCST011334	GCST011334	failed	no_qualifying_evidence	source			estimated_from_source_maf	0						0	0.01	0.5			opengwasdb@a0656c0d073875c17088972b24cbb9568c0467a2	unavailable: no_qualifying_evidence
GCST011335	GCST011335	failed	no_qualifying_evidence	source			estimated_from_source_maf	0						0	0.01	0.5			opengwasdb@a0656c0d073875c17088972b24cbb9568c0467a2	unavailable: no_qualifying_evidence
GCST011336	GCST011336	failed	no_qualifying_evidence	source			estimated_from_source_maf	0						0	0.01	0.5			opengwasdb@a0656c0d073875c17088972b24cbb9568c0467a2	unavailable: no_qualifying_evidence
GCST011337	GCST011337	failed	no_qualifying_evidence	source			estimated_from_source_maf	0						0	0.01	0.5			opengwasdb@a0656c0d073875c17088972b24cbb9568c0467a2	unavailable: no_qualifying_evidence
GCST011338	GCST011338	failed	no_qualifying_evidence	source			estimated_from_source_maf	0						0	0.01	0.5			opengwasdb@a0656c0d073875c17088972b24cbb9568c0467a2	unavailable: no_qualifying_evidence
GCST011339	GCST011339	failed	no_qualifying_evidence	source			estimated_from_source_maf	0						0	0.01	0.5			opengwasdb@a0656c0d073875c17088972b24cbb9568c0467a2	unavailable: no_qualifying_evidence
GCST011340	GCST011340	failed	no_qualifying_evidence	source			estimated_from_source_maf	0						0	0.01	0.5			opengwasdb@a0656c0d073875c17088972b24cbb9568c0467a2	unavailable: no_qualifying_evidence
GCST011341	GCST011341	failed	no_qualifying_evidence	source			estimated_from_source_maf	0						0	0.01	0.5			opengwasdb@a0656c0d073875c17088972b24cbb9568c0467a2	unavailable: no_qualifying_evidence
GCST011342	GCST011342	failed	no_qualifying_evidence	source			estimated_from_source_maf	0						0	0.01	0.5			opengwasdb@a0656c0d073875c17088972b24cbb9568c0467a2	unavailable: no_qualifying_evidence
GCST011343	GCST011343	failed	no_qualifying_evidence	source			estimated_from_source_maf	0						0	0.01	0.5			opengwasdb@a0656c0d073875c17088972b24cbb9568c0467a2	unavailable: no_qualifying_evidence
GCST011344	GCST011344	failed	no_qualifying_evidence	source			estimated_from_source_maf	0						0	0.01	0.5			opengwasdb@a0656c0d073875c17088972b24cbb9568c0467a2	unavailable: no_qualifying_evidence
GCST011364	GCST011364	skipped	non_quantitative_effect_scale				binary_trait								0.01	0.5			opengwasdb@a0656c0d073875c17088972b24cbb9568c0467a2	case-control effect scale; phenotype-SD estimation not applicable
GCST011365	GCST011365	skipped	non_quantitative_effect_scale				binary_trait								0.01	0.5			opengwasdb@a0656c0d073875c17088972b24cbb9568c0467a2	case-control effect scale; phenotype-SD estimation not applicable
GCST011494	GCST011494	passed		source		0.578898	estimated_from_source_maf	10414629						20000	0.01	0.5	0.578898	0.00191946	opengwasdb@a0656c0d073875c17088972b24cbb9568c0467a2	
GCST011750	GCST011750	passed		source		2.93444	estimated_from_source_maf	7485932						20000	0.01	0.5	2.93444	0.07366	opengwasdb@a0656c0d073875c17088972b24cbb9568c0467a2	
GCST011833	GCST011833	failed	no_qualifying_evidence	source			estimated_from_source_maf	0						0	0.01	0.5			opengwasdb@a0656c0d073875c17088972b24cbb9568c0467a2	unavailable: no_qualifying_evidence
GCST011834	GCST011834	failed	no_qualifying_evidence	source			estimated_from_source_maf	0						0	0.01	0.5			opengwasdb@a0656c0d073875c17088972b24cbb9568c0467a2	unavailable: no_qualifying_evidence
GCST011887	GCST011887	skipped	non_quantitative_effect_scale				binary_trait								0.01	0.5			opengwasdb@a0656c0d073875c17088972b24cbb9568c0467a2	case-control effect scale; phenotype-SD estimation not applicable
GCST011888	GCST011888	skipped	non_quantitative_effect_scale				binary_trait								0.01	0.5			opengwasdb@a0656c0d073875c17088972b24cbb9568c0467a2	case-control effect scale; phenotype-SD estimation not applicable
GCST011889	GCST011889	skipped	non_quantitative_effect_scale				binary_trait								0.01	0.5			opengwasdb@a0656c0d073875c17088972b24cbb9568c0467a2	case-control effect scale; phenotype-SD estimation not applicable
GCST011941	GCST011941	passed		source		1.10838	estimated_from_source_maf	11322185						20000	0.01	0.5	1.10838	0.0947272	opengwasdb@a0656c0d073875c17088972b24cbb9568c0467a2	
GCST011942	GCST011942	passed		source		1.0857	estimated_from_source_maf	11321411						20000	0.01	0.5	1.0857	0.0921891	opengwasdb@a0656c0d073875c17088972b24cbb9568c0467a2	
GCST011943	GCST011943	passed		source		1.09856	estimated_from_source_maf	11320309						20000	0.01	0.5	1.09856	0.0945237	opengwasdb@a0656c0d073875c17088972b24cbb9568c0467a2	
GCST012226	GCST012226	passed		source		0.945266	estimated_from_source_maf	9106312						20000	0.01	0.5	0.945266	0.00304366	opengwasdb@a0656c0d073875c17088972b24cbb9568c0467a2	
GCST012227	GCST012227	passed		source		0.939677	estimated_from_source_maf	9106312						20000	0.01	0.5	0.939677	0.0034535	opengwasdb@a0656c0d073875c17088972b24cbb9568c0467a2	
GCST012228	GCST012228	passed		source		0.957125	estimated_from_source_maf	9106312						20000	0.01	0.5	0.957125	0.00283257	opengwasdb@a0656c0d073875c17088972b24cbb9568c0467a2	
GCST012229	GCST012229	passed		source		0.980953	estimated_from_source_maf	9106312						20000	0.01	0.5	0.980953	0.00283507	opengwasdb@a0656c0d073875c17088972b24cbb9568c0467a2	
GCST012230	GCST012230	passed		source		0.956726	estimated_from_source_maf	9106312						20000	0.01	0.5	0.956726	0.00281609	opengwasdb@a0656c0d073875c17088972b24cbb9568c0467a2	
GCST012231	GCST012231	passed		source		0.947898	estimated_from_source_maf	9106312						20000	0.01	0.5	0.947898	0.00276531	opengwasdb@a0656c0d073875c17088972b24cbb9568c0467a2	
GCST012234	GCST012234	skipped	non_quantitative_effect_scale				binary_trait								0.01	0.5			opengwasdb@a0656c0d073875c17088972b24cbb9568c0467a2	case-control effect scale; phenotype-SD estimation not applicable
GCST012235	GCST012235	skipped	non_quantitative_effect_scale				binary_trait								0.01	0.5			opengwasdb@a0656c0d073875c17088972b24cbb9568c0467a2	case-control effect scale; phenotype-SD estimation not applicable
GCST012237	GCST012237	skipped	non_quantitative_effect_scale				binary_trait								0.01	0.5			opengwasdb@a0656c0d073875c17088972b24cbb9568c0467a2	case-control effect scale; phenotype-SD estimation not applicable
GCST012238	GCST012238	skipped	non_quantitative_effect_scale				binary_trait								0.01	0.5			opengwasdb@a0656c0d073875c17088972b24cbb9568c0467a2	case-control effect scale; phenotype-SD estimation not applicable
GCST012241	GCST012241	skipped	non_quantitative_effect_scale				binary_trait								0.01	0.5			opengwasdb@a0656c0d073875c17088972b24cbb9568c0467a2	case-control effect scale; phenotype-SD estimation not applicable
GCST012242	GCST012242	skipped	non_quantitative_effect_scale				binary_trait								0.01	0.5			opengwasdb@a0656c0d073875c17088972b24cbb9568c0467a2	case-control effect scale; phenotype-SD estimation not applicable
GCST012431	GCST012431	skipped	non_quantitative_effect_scale				binary_trait								0.01	0.5			opengwasdb@a0656c0d073875c17088972b24cbb9568c0467a2	case-control effect scale; phenotype-SD estimation not applicable
GCST012486	GCST012486	passed		source		2.33014	estimated_from_source_maf	6224793						20000	0.01	0.5	2.33014	0.033655	opengwasdb@a0656c0d073875c17088972b24cbb9568c0467a2	
GCST012487	GCST012487	passed		source		2.82574	estimated_from_source_maf	6224793						20000	0.01	0.5	2.82574	0.0327418	opengwasdb@a0656c0d073875c17088972b24cbb9568c0467a2	
GCST012597	GCST012597	skipped	non_quantitative_effect_scale				binary_trait								0.01	0.5			opengwasdb@a0656c0d073875c17088972b24cbb9568c0467a2	case-control effect scale; phenotype-SD estimation not applicable
GCST012776	GCST012776	skipped	non_quantitative_effect_scale				binary_trait								0.01	0.5			opengwasdb@a0656c0d073875c17088972b24cbb9568c0467a2	case-control effect scale; phenotype-SD estimation not applicable
GCST012876	GCST012876	skipped	non_quantitative_effect_scale				binary_trait								0.01	0.5			opengwasdb@a0656c0d073875c17088972b24cbb9568c0467a2	case-control effect scale; phenotype-SD estimation not applicable
GCST012877	GCST012877	skipped	non_quantitative_effect_scale				binary_trait								0.01	0.5			opengwasdb@a0656c0d073875c17088972b24cbb9568c0467a2	case-control effect scale; phenotype-SD estimation not applicable
GCST012878	GCST012878	skipped	non_quantitative_effect_scale				binary_trait								0.01	0.5			opengwasdb@a0656c0d073875c17088972b24cbb9568c0467a2	case-control effect scale; phenotype-SD estimation not applicable
GCST012879	GCST012879	skipped	non_quantitative_effect_scale				binary_trait								0.01	0.5			opengwasdb@a0656c0d073875c17088972b24cbb9568c0467a2	case-control effect scale; phenotype-SD estimation not applicable
GCST012880	GCST012880	skipped	non_quantitative_effect_scale				binary_trait								0.01	0.5			opengwasdb@a0656c0d073875c17088972b24cbb9568c0467a2	case-control effect scale; phenotype-SD estimation not applicable
GCST90000014	GCST90000014	skipped	non_quantitative_effect_scale				binary_trait								0.01	0.5			opengwasdb@a0656c0d073875c17088972b24cbb9568c0467a2	case-control effect scale; phenotype-SD estimation not applicable
GCST90000015	GCST90000015	failed	no_qualifying_evidence	source			estimated_from_source_maf	0						0	0.01	0.5			opengwasdb@a0656c0d073875c17088972b24cbb9568c0467a2	unavailable: no_qualifying_evidence
GCST90000016	GCST90000016	skipped	non_quantitative_effect_scale				binary_trait								0.01	0.5			opengwasdb@a0656c0d073875c17088972b24cbb9568c0467a2	case-control effect scale; phenotype-SD estimation not applicable
GCST90000025	GCST90000025	passed		source		0.901627	estimated_from_source_maf	10594640						20000	0.01	0.5	0.901627	0.0102795	opengwasdb@a0656c0d073875c17088972b24cbb9568c0467a2	
GCST90000026	GCST90000026	passed		source		0.908609	estimated_from_source_maf	10573468						20000	0.01	0.5	0.908609	0.00527092	opengwasdb@a0656c0d073875c17088972b24cbb9568c0467a2	
GCST90000027	GCST90000027	passed		source		0.893042	estimated_from_source_maf	10168216						20000	0.01	0.5	0.893042	0.00556596	opengwasdb@a0656c0d073875c17088972b24cbb9568c0467a2	
GCST90000030	GCST90000030	passed		source		0.869866	estimated_from_source_maf	7687189						20000	0.01	0.5	0.869866	0.0253757	opengwasdb@a0656c0d073875c17088972b24cbb9568c0467a2	
GCST90000032	GCST90000032	skipped	non_quantitative_effect_scale				binary_trait								0.01	0.5			opengwasdb@a0656c0d073875c17088972b24cbb9568c0467a2	case-control effect scale; phenotype-SD estimation not applicable
GCST90000045	GCST90000045	failed	no_qualifying_evidence	source			estimated_from_source_maf	0						0	0.01	0.5			opengwasdb@a0656c0d073875c17088972b24cbb9568c0467a2	unavailable: no_qualifying_evidence
GCST90000046	GCST90000046	failed	no_qualifying_evidence	source			estimated_from_source_maf	0						0	0.01	0.5			opengwasdb@a0656c0d073875c17088972b24cbb9568c0467a2	unavailable: no_qualifying_evidence
GCST90000047	GCST90000047	failed	no_qualifying_evidence	source			estimated_from_source_maf	0						0	0.01	0.5			opengwasdb@a0656c0d073875c17088972b24cbb9568c0467a2	unavailable: no_qualifying_evidence
GCST90000048	GCST90000048	failed	no_qualifying_evidence	source			estimated_from_source_maf	0						0	0.01	0.5			opengwasdb@a0656c0d073875c17088972b24cbb9568c0467a2	unavailable: no_qualifying_evidence
GCST90000049	GCST90000049	failed	no_qualifying_evidence	source			estimated_from_source_maf	0						0	0.01	0.5			opengwasdb@a0656c0d073875c17088972b24cbb9568c0467a2	unavailable: no_qualifying_evidence
GCST90000050	GCST90000050	failed	no_qualifying_evidence	source			estimated_from_source_maf	0						0	0.01	0.5			opengwasdb@a0656c0d073875c17088972b24cbb9568c0467a2	unavailable: no_qualifying_evidence
GCST90000059	GCST90000059	passed		source		1.01252	estimated_from_source_maf	50362						20000	0.01	0.5	1.01252	0.0165768	opengwasdb@a0656c0d073875c17088972b24cbb9568c0467a2	
GCST90000060	GCST90000060	failed	no_qualifying_evidence	source			estimated_from_source_maf	0						0	0.01	0.5			opengwasdb@a0656c0d073875c17088972b24cbb9568c0467a2	unavailable: no_qualifying_evidence
GCST90000061	GCST90000061	passed		source		1.00884	estimated_from_source_maf	50330						20000	0.01	0.5	1.00884	0.0165402	opengwasdb@a0656c0d073875c17088972b24cbb9568c0467a2	
GCST90000062	GCST90000062	passed		source		1.01095	estimated_from_source_maf	50353						20000	0.01	0.5	1.01095	0.0164406	opengwasdb@a0656c0d073875c17088972b24cbb9568c0467a2	
GCST90000063	GCST90000063	warning		source		1.51854	estimated_from_source_maf	83445						20000	0.01	0.5	1.51854	0.520727	opengwasdb@a0656c0d073875c17088972b24cbb9568c0467a2	
GCST90000064	GCST90000064	failed	no_qualifying_evidence	source			estimated_from_source_maf	0						0	0.01	0.5			opengwasdb@a0656c0d073875c17088972b24cbb9568c0467a2	unavailable: no_qualifying_evidence
GCST90000065	GCST90000065	warning		source		1.51291	estimated_from_source_maf	83423						20000	0.01	0.5	1.51291	0.518417	opengwasdb@a0656c0d073875c17088972b24cbb9568c0467a2	
GCST90000066	GCST90000066	warning		source		1.51573	estimated_from_source_maf	83453						20000	0.01	0.5	1.51573	0.519057	opengwasdb@a0656c0d073875c17088972b24cbb9568c0467a2	
GCST90000255	GCST90000255	skipped	non_quantitative_effect_scale				binary_trait								0.01	0.5			opengwasdb@a0656c0d073875c17088972b24cbb9568c0467a2	case-control effect scale; phenotype-SD estimation not applicable
GCST90000256	GCST90000256	skipped	non_quantitative_effect_scale				binary_trait								0.01	0.5			opengwasdb@a0656c0d073875c17088972b24cbb9568c0467a2	case-control effect scale; phenotype-SD estimation not applicable
GCST90000287	GCST90000287	passed		source		0.0570278	estimated_from_source_maf	10545158						20000	0.01	0.5	0.0570278	0.000313294	opengwasdb@a0656c0d073875c17088972b24cbb9568c0467a2	
GCST90000288	GCST90000288	passed		source		0.0461917	estimated_from_source_maf	10545158						20000	0.01	0.5	0.0461917	0.000253575	opengwasdb@a0656c0d073875c17088972b24cbb9568c0467a2	
GCST90000289	GCST90000289	passed		source		0.0445619	estimated_from_source_maf	10545158						20000	0.01	0.5	0.0445619	0.000244618	opengwasdb@a0656c0d073875c17088972b24cbb9568c0467a2	
GCST90000290	GCST90000290	passed		source		0.0313591	estimated_from_source_maf	10545158						20000	0.01	0.5	0.0313591	0.000172154	opengwasdb@a0656c0d073875c17088972b24cbb9568c0467a2	
GCST90000291	GCST90000291	passed		source		0.0377196	estimated_from_source_maf	10545158						20000	0.01	0.5	0.0377196	0.000206698	opengwasdb@a0656c0d073875c17088972b24cbb9568c0467a2	
GCST90000292	GCST90000292	passed		source		0.0475074	estimated_from_source_maf	10545158						20000	0.01	0.5	0.0475074	0.000260613	opengwasdb@a0656c0d073875c17088972b24cbb9568c0467a2	
GCST90000293	GCST90000293	passed		source		0.0529684	estimated_from_source_maf	10545158						20000	0.01	0.5	0.0529684	0.000290682	opengwasdb@a0656c0d073875c17088972b24cbb9568c0467a2	
GCST90000294	GCST90000294	passed		source		0.0462739	estimated_from_source_maf	10545158						20000	0.01	0.5	0.0462739	0.000253901	opengwasdb@a0656c0d073875c17088972b24cbb9568c0467a2	
GCST90000295	GCST90000295	passed		source		0.0500249	estimated_from_source_maf	10545158						20000	0.01	0.5	0.0500249	0.000274761	opengwasdb@a0656c0d073875c17088972b24cbb9568c0467a2	
GCST90000296	GCST90000296	failed	no_qualifying_evidence	source			estimated_from_source_maf	0						0	0.01	0.5			opengwasdb@a0656c0d073875c17088972b24cbb9568c0467a2	unavailable: no_qualifying_evidence
GCST90000437	GCST90000437	failed	no_qualifying_evidence	source			estimated_from_source_maf	0						0	0.01	0.5			opengwasdb@a0656c0d073875c17088972b24cbb9568c0467a2	unavailable: no_qualifying_evidence
GCST90000438	GCST90000438	failed	no_qualifying_evidence	source			estimated_from_source_maf	0						0	0.01	0.5			opengwasdb@a0656c0d073875c17088972b24cbb9568c0467a2	unavailable: no_qualifying_evidence
GCST90000439	GCST90000439	failed	no_qualifying_evidence	source			estimated_from_source_maf	0						0	0.01	0.5			opengwasdb@a0656c0d073875c17088972b24cbb9568c0467a2	unavailable: no_qualifying_evidence
GCST90000440	GCST90000440	failed	no_qualifying_evidence	source			estimated_from_source_maf	0						0	0.01	0.5			opengwasdb@a0656c0d073875c17088972b24cbb9568c0467a2	unavailable: no_qualifying_evidence
GCST90000441	GCST90000441	failed	no_qualifying_evidence	source			estimated_from_source_maf	0						0	0.01	0.5			opengwasdb@a0656c0d073875c17088972b24cbb9568c0467a2	unavailable: no_qualifying_evidence
GCST90000442	GCST90000442	failed	no_qualifying_evidence	source			estimated_from_source_maf	0						0	0.01	0.5			opengwasdb@a0656c0d073875c17088972b24cbb9568c0467a2	unavailable: no_qualifying_evidence
GCST90000443	GCST90000443	failed	no_qualifying_evidence	source			estimated_from_source_maf	0						0	0.01	0.5			opengwasdb@a0656c0d073875c17088972b24cbb9568c0467a2	unavailable: no_qualifying_evidence
GCST90000444	GCST90000444	failed	no_qualifying_evidence	source			estimated_from_source_maf	0						0	0.01	0.5			opengwasdb@a0656c0d073875c17088972b24cbb9568c0467a2	unavailable: no_qualifying_evidence
GCST90000445	GCST90000445	failed	no_qualifying_evidence	source			estimated_from_source_maf	0						0	0.01	0.5			opengwasdb@a0656c0d073875c17088972b24cbb9568c0467a2	unavailable: no_qualifying_evidence
GCST90000446	GCST90000446	failed	no_qualifying_evidence	source			estimated_from_source_maf	0						0	0.01	0.5			opengwasdb@a0656c0d073875c17088972b24cbb9568c0467a2	unavailable: no_qualifying_evidence
GCST90000447	GCST90000447	failed	no_qualifying_evidence	source			estimated_from_source_maf	0						0	0.01	0.5			opengwasdb@a0656c0d073875c17088972b24cbb9568c0467a2	unavailable: no_qualifying_evidence
GCST90000448	GCST90000448	failed	no_qualifying_evidence	source			estimated_from_source_maf	0						0	0.01	0.5			opengwasdb@a0656c0d073875c17088972b24cbb9568c0467a2	unavailable: no_qualifying_evidence
GCST90000449	GCST90000449	failed	no_qualifying_evidence	source			estimated_from_source_maf	0						0	0.01	0.5			opengwasdb@a0656c0d073875c17088972b24cbb9568c0467a2	unavailable: no_qualifying_evidence
GCST90000450	GCST90000450	failed	no_qualifying_evidence	source			estimated_from_source_maf	0						0	0.01	0.5			opengwasdb@a0656c0d073875c17088972b24cbb9568c0467a2	unavailable: no_qualifying_evidence
GCST90000451	GCST90000451	failed	no_qualifying_evidence	source			estimated_from_source_maf	0						0	0.01	0.5			opengwasdb@a0656c0d073875c17088972b24cbb9568c0467a2	unavailable: no_qualifying_evidence
GCST90000452	GCST90000452	failed	no_qualifying_evidence	source			estimated_from_source_maf	0						0	0.01	0.5			opengwasdb@a0656c0d073875c17088972b24cbb9568c0467a2	unavailable: no_qualifying_evidence
GCST90000453	GCST90000453	failed	no_qualifying_evidence	source			estimated_from_source_maf	0						0	0.01	0.5			opengwasdb@a0656c0d073875c17088972b24cbb9568c0467a2	unavailable: no_qualifying_evidence
GCST90000454	GCST90000454	failed	no_qualifying_evidence	source			estimated_from_source_maf	0						0	0.01	0.5			opengwasdb@a0656c0d073875c17088972b24cbb9568c0467a2	unavailable: no_qualifying_evidence
GCST90000455	GCST90000455	failed	no_qualifying_evidence	source			estimated_from_source_maf	0						0	0.01	0.5			opengwasdb@a0656c0d073875c17088972b24cbb9568c0467a2	unavailable: no_qualifying_evidence
GCST90000456	GCST90000456	failed	no_qualifying_evidence	source			estimated_from_source_maf	0						0	0.01	0.5			opengwasdb@a0656c0d073875c17088972b24cbb9568c0467a2	unavailable: no_qualifying_evidence
GCST90000457	GCST90000457	failed	no_qualifying_evidence	source			estimated_from_source_maf	0						0	0.01	0.5			opengwasdb@a0656c0d073875c17088972b24cbb9568c0467a2	unavailable: no_qualifying_evidence
GCST90000458	GCST90000458	failed	no_qualifying_evidence	source			estimated_from_source_maf	0						0	0.01	0.5			opengwasdb@a0656c0d073875c17088972b24cbb9568c0467a2	unavailable: no_qualifying_evidence
GCST90000459	GCST90000459	failed	no_qualifying_evidence	source			estimated_from_source_maf	0						0	0.01	0.5			opengwasdb@a0656c0d073875c17088972b24cbb9568c0467a2	unavailable: no_qualifying_evidence
GCST90000460	GCST90000460	failed	no_qualifying_evidence	source			estimated_from_source_maf	0						0	0.01	0.5			opengwasdb@a0656c0d073875c17088972b24cbb9568c0467a2	unavailable: no_qualifying_evidence
GCST90000461	GCST90000461	failed	no_qualifying_evidence	source			estimated_from_source_maf	0						0	0.01	0.5			opengwasdb@a0656c0d073875c17088972b24cbb9568c0467a2	unavailable: no_qualifying_evidence
GCST90000462	GCST90000462	failed	no_qualifying_evidence	source			estimated_from_source_maf	0						0	0.01	0.5			opengwasdb@a0656c0d073875c17088972b24cbb9568c0467a2	unavailable: no_qualifying_evidence
GCST90000463	GCST90000463	failed	no_qualifying_evidence	source			estimated_from_source_maf	0						0	0.01	0.5			opengwasdb@a0656c0d073875c17088972b24cbb9568c0467a2	unavailable: no_qualifying_evidence
GCST90000464	GCST90000464	failed	no_qualifying_evidence	source			estimated_from_source_maf	0						0	0.01	0.5			opengwasdb@a0656c0d073875c17088972b24cbb9568c0467a2	unavailable: no_qualifying_evidence
GCST90000465	GCST90000465	failed	no_qualifying_evidence	source			estimated_from_source_maf	0						0	0.01	0.5			opengwasdb@a0656c0d073875c17088972b24cbb9568c0467a2	unavailable: no_qualifying_evidence
GCST90000466	GCST90000466	failed	no_qualifying_evidence	source			estimated_from_source_maf	0						0	0.01	0.5			opengwasdb@a0656c0d073875c17088972b24cbb9568c0467a2	unavailable: no_qualifying_evidence
GCST90000467	GCST90000467	failed	no_qualifying_evidence	source			estimated_from_source_maf	0						0	0.01	0.5			opengwasdb@a0656c0d073875c17088972b24cbb9568c0467a2	unavailable: no_qualifying_evidence
GCST90000468	GCST90000468	failed	no_qualifying_evidence	source			estimated_from_source_maf	0						0	0.01	0.5			opengwasdb@a0656c0d073875c17088972b24cbb9568c0467a2	unavailable: no_qualifying_evidence
GCST90000469	GCST90000469	failed	no_qualifying_evidence	source			estimated_from_source_maf	0						0	0.01	0.5			opengwasdb@a0656c0d073875c17088972b24cbb9568c0467a2	unavailable: no_qualifying_evidence
GCST90000470	GCST90000470	failed	no_qualifying_evidence	source			estimated_from_source_maf	0						0	0.01	0.5			opengwasdb@a0656c0d073875c17088972b24cbb9568c0467a2	unavailable: no_qualifying_evidence
GCST90000471	GCST90000471	failed	no_qualifying_evidence	source			estimated_from_source_maf	0						0	0.01	0.5			opengwasdb@a0656c0d073875c17088972b24cbb9568c0467a2	unavailable: no_qualifying_evidence
GCST90000472	GCST90000472	failed	no_qualifying_evidence	source			estimated_from_source_maf	0						0	0.01	0.5			opengwasdb@a0656c0d073875c17088972b24cbb9568c0467a2	unavailable: no_qualifying_evidence
GCST90000473	GCST90000473	failed	no_qualifying_evidence	source			estimated_from_source_maf	0						0	0.01	0.5			opengwasdb@a0656c0d073875c17088972b24cbb9568c0467a2	unavailable: no_qualifying_evidence
GCST90000474	GCST90000474	failed	no_qualifying_evidence	source			estimated_from_source_maf	0						0	0.01	0.5			opengwasdb@a0656c0d073875c17088972b24cbb9568c0467a2	unavailable: no_qualifying_evidence
GCST90000475	GCST90000475	failed	no_qualifying_evidence	source			estimated_from_source_maf	0						0	0.01	0.5			opengwasdb@a0656c0d073875c17088972b24cbb9568c0467a2	unavailable: no_qualifying_evidence
GCST90000476	GCST90000476	failed	no_qualifying_evidence	source			estimated_from_source_maf	0						0	0.01	0.5			opengwasdb@a0656c0d073875c17088972b24cbb9568c0467a2	unavailable: no_qualifying_evidence
GCST90000477	GCST90000477	failed	no_qualifying_evidence	source			estimated_from_source_maf	0						0	0.01	0.5			opengwasdb@a0656c0d073875c17088972b24cbb9568c0467a2	unavailable: no_qualifying_evidence
GCST90000478	GCST90000478	failed	no_qualifying_evidence	source			estimated_from_source_maf	0						0	0.01	0.5			opengwasdb@a0656c0d073875c17088972b24cbb9568c0467a2	unavailable: no_qualifying_evidence
GCST90000479	GCST90000479	failed	no_qualifying_evidence	source			estimated_from_source_maf	0						0	0.01	0.5			opengwasdb@a0656c0d073875c17088972b24cbb9568c0467a2	unavailable: no_qualifying_evidence
GCST90000480	GCST90000480	failed	no_qualifying_evidence	source			estimated_from_source_maf	0						0	0.01	0.5			opengwasdb@a0656c0d073875c17088972b24cbb9568c0467a2	unavailable: no_qualifying_evidence
GCST90000481	GCST90000481	failed	no_qualifying_evidence	source			estimated_from_source_maf	0						0	0.01	0.5			opengwasdb@a0656c0d073875c17088972b24cbb9568c0467a2	unavailable: no_qualifying_evidence
GCST90000482	GCST90000482	failed	no_qualifying_evidence	source			estimated_from_source_maf	0						0	0.01	0.5			opengwasdb@a0656c0d073875c17088972b24cbb9568c0467a2	unavailable: no_qualifying_evidence
GCST90000483	GCST90000483	failed	no_qualifying_evidence	source			estimated_from_source_maf	0						0	0.01	0.5			opengwasdb@a0656c0d073875c17088972b24cbb9568c0467a2	unavailable: no_qualifying_evidence
GCST90000484	GCST90000484	failed	no_qualifying_evidence	source			estimated_from_source_maf	0						0	0.01	0.5			opengwasdb@a0656c0d073875c17088972b24cbb9568c0467a2	unavailable: no_qualifying_evidence
GCST90000485	GCST90000485	failed	no_qualifying_evidence	source			estimated_from_source_maf	0						0	0.01	0.5			opengwasdb@a0656c0d073875c17088972b24cbb9568c0467a2	unavailable: no_qualifying_evidence
GCST90000486	GCST90000486	failed	no_qualifying_evidence	source			estimated_from_source_maf	0						0	0.01	0.5			opengwasdb@a0656c0d073875c17088972b24cbb9568c0467a2	unavailable: no_qualifying_evidence
GCST90000487	GCST90000487	failed	no_qualifying_evidence	source			estimated_from_source_maf	0						0	0.01	0.5			opengwasdb@a0656c0d073875c17088972b24cbb9568c0467a2	unavailable: no_qualifying_evidence
GCST90000488	GCST90000488	failed	no_qualifying_evidence	source			estimated_from_source_maf	0						0	0.01	0.5			opengwasdb@a0656c0d073875c17088972b24cbb9568c0467a2	unavailable: no_qualifying_evidence
GCST90000489	GCST90000489	failed	no_qualifying_evidence	source			estimated_from_source_maf	0						0	0.01	0.5			opengwasdb@a0656c0d073875c17088972b24cbb9568c0467a2	unavailable: no_qualifying_evidence
GCST90000490	GCST90000490	failed	no_qualifying_evidence	source			estimated_from_source_maf	0						0	0.01	0.5			opengwasdb@a0656c0d073875c17088972b24cbb9568c0467a2	unavailable: no_qualifying_evidence
GCST90000491	GCST90000491	failed	no_qualifying_evidence	source			estimated_from_source_maf	0						0	0.01	0.5			opengwasdb@a0656c0d073875c17088972b24cbb9568c0467a2	unavailable: no_qualifying_evidence
GCST90000492	GCST90000492	failed	no_qualifying_evidence	source			estimated_from_source_maf	0						0	0.01	0.5			opengwasdb@a0656c0d073875c17088972b24cbb9568c0467a2	unavailable: no_qualifying_evidence
GCST90000493	GCST90000493	failed	no_qualifying_evidence	source			estimated_from_source_maf	0						0	0.01	0.5			opengwasdb@a0656c0d073875c17088972b24cbb9568c0467a2	unavailable: no_qualifying_evidence
GCST90000494	GCST90000494	failed	no_qualifying_evidence	source			estimated_from_source_maf	0						0	0.01	0.5			opengwasdb@a0656c0d073875c17088972b24cbb9568c0467a2	unavailable: no_qualifying_evidence
GCST90000495	GCST90000495	failed	no_qualifying_evidence	source			estimated_from_source_maf	0						0	0.01	0.5			opengwasdb@a0656c0d073875c17088972b24cbb9568c0467a2	unavailable: no_qualifying_evidence
GCST90000496	GCST90000496	failed	no_qualifying_evidence	source			estimated_from_source_maf	0						0	0.01	0.5			opengwasdb@a0656c0d073875c17088972b24cbb9568c0467a2	unavailable: no_qualifying_evidence
GCST90000497	GCST90000497	failed	no_qualifying_evidence	source			estimated_from_source_maf	0						0	0.01	0.5			opengwasdb@a0656c0d073875c17088972b24cbb9568c0467a2	unavailable: no_qualifying_evidence
GCST90000498	GCST90000498	failed	no_qualifying_evidence	source			estimated_from_source_maf	0						0	0.01	0.5			opengwasdb@a0656c0d073875c17088972b24cbb9568c0467a2	unavailable: no_qualifying_evidence
GCST90000499	GCST90000499	failed	no_qualifying_evidence	source			estimated_from_source_maf	0						0	0.01	0.5			opengwasdb@a0656c0d073875c17088972b24cbb9568c0467a2	unavailable: no_qualifying_evidence
GCST90000500	GCST90000500	failed	no_qualifying_evidence	source			estimated_from_source_maf	0						0	0.01	0.5			opengwasdb@a0656c0d073875c17088972b24cbb9568c0467a2	unavailable: no_qualifying_evidence
GCST90000501	GCST90000501	failed	no_qualifying_evidence	source			estimated_from_source_maf	0						0	0.01	0.5			opengwasdb@a0656c0d073875c17088972b24cbb9568c0467a2	unavailable: no_qualifying_evidence
GCST90000502	GCST90000502	failed	no_qualifying_evidence	source			estimated_from_source_maf	0						0	0.01	0.5			opengwasdb@a0656c0d073875c17088972b24cbb9568c0467a2	unavailable: no_qualifying_evidence
GCST90000503	GCST90000503	failed	no_qualifying_evidence	source			estimated_from_source_maf	0						0	0.01	0.5			opengwasdb@a0656c0d073875c17088972b24cbb9568c0467a2	unavailable: no_qualifying_evidence
GCST90000504	GCST90000504	failed	no_qualifying_evidence	source			estimated_from_source_maf	0						0	0.01	0.5			opengwasdb@a0656c0d073875c17088972b24cbb9568c0467a2	unavailable: no_qualifying_evidence
GCST90000505	GCST90000505	failed	no_qualifying_evidence	source			estimated_from_source_maf	0						0	0.01	0.5			opengwasdb@a0656c0d073875c17088972b24cbb9568c0467a2	unavailable: no_qualifying_evidence
GCST90000506	GCST90000506	failed	no_qualifying_evidence	source			estimated_from_source_maf	0						0	0.01	0.5			opengwasdb@a0656c0d073875c17088972b24cbb9568c0467a2	unavailable: no_qualifying_evidence
GCST90000512	GCST90000512	failed	no_qualifying_evidence	source			estimated_from_source_maf	0						0	0.01	0.5			opengwasdb@a0656c0d073875c17088972b24cbb9568c0467a2	unavailable: no_qualifying_evidence
GCST90000513	GCST90000513	failed	no_qualifying_evidence	source			estimated_from_source_maf	0						0	0.01	0.5			opengwasdb@a0656c0d073875c17088972b24cbb9568c0467a2	unavailable: no_qualifying_evidence
GCST90000514	GCST90000514	skipped	non_quantitative_effect_scale				binary_trait								0.01	0.5			opengwasdb@a0656c0d073875c17088972b24cbb9568c0467a2	case-control effect scale; phenotype-SD estimation not applicable
GCST90000515	GCST90000515	skipped	non_quantitative_effect_scale				binary_trait								0.01	0.5			opengwasdb@a0656c0d073875c17088972b24cbb9568c0467a2	case-control effect scale; phenotype-SD estimation not applicable
GCST90000529	GCST90000529	skipped	non_quantitative_effect_scale				binary_trait								0.01	0.5			opengwasdb@a0656c0d073875c17088972b24cbb9568c0467a2	case-control effect scale; phenotype-SD estimation not applicable
GCST90000584	GCST90000584	failed	no_qualifying_evidence	source			estimated_from_source_maf	0						0	0.01	0.5			opengwasdb@a0656c0d073875c17088972b24cbb9568c0467a2	unavailable: no_qualifying_evidence
GCST90000614	GCST90000614	passed		source		0.911101	estimated_from_source_maf	8699854						20000	0.01	0.5	0.911101	0.00157098	opengwasdb@a0656c0d073875c17088972b24cbb9568c0467a2	
GCST90000615	GCST90000615	passed		source		0.897075	estimated_from_source_maf	8699854						20000	0.01	0.5	0.897075	0.00154997	opengwasdb@a0656c0d073875c17088972b24cbb9568c0467a2	
GCST90000616	GCST90000616	passed		source		0.897089	estimated_from_source_maf	7250169						20000	0.01	0.5	0.897089	0.00136277	opengwasdb@a0656c0d073875c17088972b24cbb9568c0467a2	
GCST90000617	GCST90000617	passed		source		0.899089	estimated_from_source_maf	8451296						20000	0.01	0.5	0.899089	0.00153574	opengwasdb@a0656c0d073875c17088972b24cbb9568c0467a2	
GCST90000618	GCST90000618	passed		source		1.01271	estimated_from_source_maf	6899319						20000	0.01	0.5	1.01271	0.00112268	opengwasdb@a0656c0d073875c17088972b24cbb9568c0467a2	
GCST90000621	GCST90000621	passed		source		1.00223	estimated_from_source_maf	5866510						20000	0.01	0.5	1.00223	0.00172856	opengwasdb@a0656c0d073875c17088972b24cbb9568c0467a2	
GCST90000654	GCST90000654	failed	no_qualifying_evidence	source			estimated_from_source_maf	0						0	0.01	0.5			opengwasdb@a0656c0d073875c17088972b24cbb9568c0467a2	unavailable: no_qualifying_evidence
GCST90001389	GCST90001389	skipped	non_quantitative_effect_scale				binary_trait								0.01	0.5			opengwasdb@a0656c0d073875c17088972b24cbb9568c0467a2	case-control effect scale; phenotype-SD estimation not applicable
GCST90001390	GCST90001390	skipped	non_quantitative_effect_scale				binary_trait								0.01	0.5			opengwasdb@a0656c0d073875c17088972b24cbb9568c0467a2	case-control effect scale; phenotype-SD estimation not applicable
GCST90002227	GCST90002227	passed		source		1.61414	estimated_from_source_maf	9960442						20000	0.01	0.5	1.61414	0.0979434	opengwasdb@a0656c0d073875c17088972b24cbb9568c0467a2	
GCST90002232	GCST90002232	passed		source		0.604296	estimated_from_source_maf	9956293						20000	0.01	0.5	0.604296	0.0424136	opengwasdb@a0656c0d073875c17088972b24cbb9568c0467a2	
GCST90002238	GCST90002238	passed		source		0.593534	estimated_from_source_maf	9955953						20000	0.01	0.5	0.593534	0.0440359	opengwasdb@a0656c0d073875c17088972b24cbb9568c0467a2	
GCST90002244	GCST90002244	passed		source		0.379513	estimated_from_source_maf	9953958						20000	0.01	0.5	0.379513	0.0277709	opengwasdb@a0656c0d073875c17088972b24cbb9568c0467a2	
GCST90002250	GCST90002250	passed		source		0.808125	estimated_from_source_maf	8816145						20000	0.01	0.5	0.808125	0.00618181	opengwasdb@a0656c0d073875c17088972b24cbb9568c0467a2	
GCST90002292	GCST90002292	passed		source		1.00264	estimated_from_source_maf	10118728						20000	0.01	0.5	1.00264	0.0061728	opengwasdb@a0656c0d073875c17088972b24cbb9568c0467a2	
GCST90002298	GCST90002298	passed		source		0.970822	estimated_from_source_maf	10125197						20000	0.01	0.5	0.970822	0.0062391	opengwasdb@a0656c0d073875c17088972b24cbb9568c0467a2	
GCST90002304	GCST90002304	passed		source		0.986183	estimated_from_source_maf	10079570						20000	0.01	0.5	0.986183	0.010022	opengwasdb@a0656c0d073875c17088972b24cbb9568c0467a2	
GCST90002310	GCST90002310	passed		source		0.986673	estimated_from_source_maf	10226003						20000	0.01	0.5	0.986673	0.0101893	opengwasdb@a0656c0d073875c17088972b24cbb9568c0467a2	
GCST90002316	GCST90002316	passed		source		0.976319	estimated_from_source_maf	10195655						20000	0.01	0.5	0.976319	0.00919983	opengwasdb@a0656c0d073875c17088972b24cbb9568c0467a2	
GCST90002322	GCST90002322	passed		source		0.954385	estimated_from_source_maf	10041747						20000	0.01	0.5	0.954385	0.00625611	opengwasdb@a0656c0d073875c17088972b24cbb9568c0467a2	
GCST90002328	GCST90002328	passed		source		0.997277	estimated_from_source_maf	10143254						20000	0.01	0.5	0.997277	0.00670539	opengwasdb@a0656c0d073875c17088972b24cbb9568c0467a2	
GCST90002334	GCST90002334	passed		source		0.954821	estimated_from_source_maf	10225314						20000	0.01	0.5	0.954821	0.00975159	opengwasdb@a0656c0d073875c17088972b24cbb9568c0467a2	
GCST90002340	GCST90002340	passed		source		0.963111	estimated_from_source_maf	10196024						20000	0.01	0.5	0.963111	0.00927531	opengwasdb@a0656c0d073875c17088972b24cbb9568c0467a2	
GCST90002346	GCST90002346	passed		source		0.925859	estimated_from_source_maf	10064014						20000	0.01	0.5	0.925859	0.00737287	opengwasdb@a0656c0d073875c17088972b24cbb9568c0467a2	
GCST90002351	GCST90002351	passed		source		0.986621	estimated_from_source_maf	10195855						20000	0.01	0.5	0.986621	0.00916415	opengwasdb@a0656c0d073875c17088972b24cbb9568c0467a2	
GCST90002357	GCST90002357	passed		source		0.962464	estimated_from_source_maf	10229312						20000	0.01	0.5	0.962464	0.0105263	opengwasdb@a0656c0d073875c17088972b24cbb9568c0467a2	
GCST90002363	GCST90002363	passed		source		0.972813	estimated_from_source_maf	10225102						20000	0.01	0.5	0.972813	0.0100938	opengwasdb@a0656c0d073875c17088972b24cbb9568c0467a2	
GCST90002369	GCST90002369	passed		source		0.976908	estimated_from_source_maf	10030840						20000	0.01	0.5	0.976908	0.00849421	opengwasdb@a0656c0d073875c17088972b24cbb9568c0467a2	
GCST90002374	GCST90002374	passed		source		0.985274	estimated_from_source_maf	10224254						20000	0.01	0.5	0.985274	0.0108854	opengwasdb@a0656c0d073875c17088972b24cbb9568c0467a2	
GCST90002379	GCST90002379	passed		source		1.00079	estimated_from_source_maf	11312770						20000	0.01	0.5	1.00079	0.00370572	opengwasdb@a0656c0d073875c17088972b24cbb9568c0467a2	
GCST90002380	GCST90002380	passed		source		1.00414	estimated_from_source_maf	11312769						20000	0.01	0.5	1.00414	0.0037029	opengwasdb@a0656c0d073875c17088972b24cbb9568c0467a2	
GCST90002381	GCST90002381	passed		source		0.96192	estimated_from_source_maf	10757308						20000	0.01	0.5	0.96192	0.00409406	opengwasdb@a0656c0d073875c17088972b24cbb9568c0467a2	
GCST90002382	GCST90002382	passed		source		0.965539	estimated_from_source_maf	11312817						20000	0.01	0.5	0.965539	0.00427834	opengwasdb@a0656c0d073875c17088972b24cbb9568c0467a2	
GCST90002383	GCST90002383	passed		source		0.966077	estimated_from_source_maf	11312721						20000	0.01	0.5	0.966077	0.00416397	opengwasdb@a0656c0d073875c17088972b24cbb9568c0467a2	
GCST90002384	GCST90002384	passed		source		0.965406	estimated_from_source_maf	11312722						20000	0.01	0.5	0.965406	0.00411368	opengwasdb@a0656c0d073875c17088972b24cbb9568c0467a2	
GCST90002385	GCST90002385	passed		source		0.965985	estimated_from_source_maf	11312699						20000	0.01	0.5	0.965985	0.00434968	opengwasdb@a0656c0d073875c17088972b24cbb9568c0467a2	
GCST90002386	GCST90002386	passed		source		0.966994	estimated_from_source_maf	11312675						20000	0.01	0.5	0.966994	0.00434137	opengwasdb@a0656c0d073875c17088972b24cbb9568c0467a2	
GCST90002387	GCST90002387	passed		source		0.992761	estimated_from_source_maf	11312669						20000	0.01	0.5	0.992761	0.00399545	opengwasdb@a0656c0d073875c17088972b24cbb9568c0467a2	
GCST90002388	GCST90002388	passed		source		0.959919	estimated_from_source_maf	11312835						20000	0.01	0.5	0.959919	0.00429681	opengwasdb@a0656c0d073875c17088972b24cbb9568c0467a2	
GCST90002389	GCST90002389	passed		source		0.974829	estimated_from_source_maf	11312778						20000	0.01	0.5	0.974829	0.00400266	opengwasdb@a0656c0d073875c17088972b24cbb9568c0467a2	
GCST90002390	GCST90002390	passed		source		0.942516	estimated_from_source_maf	11312724						20000	0.01	0.5	0.942516	0.00448291	opengwasdb@a0656c0d073875c17088972b24cbb9568c0467a2	
GCST90002391	GCST90002391	passed		source		0.992348	estimated_from_source_maf	11312770						20000	0.01	0.5	0.992348	0.00370849	opengwasdb@a0656c0d073875c17088972b24cbb9568c0467a2	
GCST90002392	GCST90002392	passed		source		0.932814	estimated_from_source_maf	11312700						20000	0.01	0.5	0.932814	0.00467093	opengwasdb@a0656c0d073875c17088972b24cbb9568c0467a2	
GCST90002393	GCST90002393	passed		source		0.94754	estimated_from_source_maf	10757270						20000	0.01	0.5	0.94754	0.00437159	opengwasdb@a0656c0d073875c17088972b24cbb9568c0467a2	
GCST90002394	GCST90002394	passed		source		0.961179	estimated_from_source_maf	11312754						20000	0.01	0.5	0.961179	0.00452609	opengwasdb@a0656c0d073875c17088972b24cbb9568c0467a2	
GCST90002395	GCST90002395	passed		source		0.929143	estimated_from_source_maf	11312529						20000	0.01	0.5	0.929143	0.00632889	opengwasdb@a0656c0d073875c17088972b24cbb9568c0467a2	
GCST90002396	GCST90002396	passed		source		0.965631	estimated_from_source_maf	11312627						20000	0.01	0.5	0.965631	0.00451976	opengwasdb@a0656c0d073875c17088972b24cbb9568c0467a2	
GCST90002397	GCST90002397	passed		source		0.94085	estimated_from_source_maf	11312628						20000	0.01	0.5	0.94085	0.00491755	opengwasdb@a0656c0d073875c17088972b24cbb9568c0467a2	
GCST90002398	GCST90002398	passed		source		0.972786	estimated_from_source_maf	11312745						20000	0.01	0.5	0.972786	0.00400183	opengwasdb@a0656c0d073875c17088972b24cbb9568c0467a2	
GCST90002399	GCST90002399	passed		source		0.977738	estimated_from_source_maf	11312785						20000	0.01	0.5	0.977738	0.00393155	opengwasdb@a0656c0d073875c17088972b24cbb9568c0467a2	
GCST90002400	GCST90002400	passed		source		0.96176	estimated_from_source_maf	11312502						20000	0.01	0.5	0.96176	0.00500743	opengwasdb@a0656c0d073875c17088972b24cbb9568c0467a2	
GCST90002401	GCST90002401	passed		source		0.975852	estimated_from_source_maf	11312594						20000	0.01	0.5	0.975852	0.00432131	opengwasdb@a0656c0d073875c17088972b24cbb9568c0467a2	
GCST90002402	GCST90002402	passed		source		0.955356	estimated_from_source_maf	11312545						20000	0.01	0.5	0.955356	0.00515763	opengwasdb@a0656c0d073875c17088972b24cbb9568c0467a2	
GCST90002403	GCST90002403	passed		source		0.95017	estimated_from_source_maf	11312740						20000	0.01	0.5	0.95017	0.00452482	opengwasdb@a0656c0d073875c17088972b24cbb9568c0467a2	
GCST90002404	GCST90002404	passed		source		0.964002	estimated_from_source_maf	11312792						20000	0.01	0.5	0.964002	0.00418527	opengwasdb@a0656c0d073875c17088972b24cbb9568c0467a2	
GCST90002405	GCST90002405	passed		source		0.971374	estimated_from_source_maf	11312665						20000	0.01	0.5	0.971374	0.00427144	opengwasdb@a0656c0d073875c17088972b24cbb9568c0467a2	
GCST90002406	GCST90002406	passed		source		0.973474	estimated_from_source_maf	11312666						20000	0.01	0.5	0.973474	0.00424635	opengwasdb@a0656c0d073875c17088972b24cbb9568c0467a2	
GCST90002407	GCST90002407	passed		source		0.962235	estimated_from_source_maf	11312760						20000	0.01	0.5	0.962235	0.00410929	opengwasdb@a0656c0d073875c17088972b24cbb9568c0467a2	
GCST90002409	GCST90002409	failed	no_qualifying_evidence	source			estimated_from_source_maf	0						0	0.01	0.5			opengwasdb@a0656c0d073875c17088972b24cbb9568c0467a2	unavailable: no_qualifying_evidence
GCST90002412	GCST90002412	passed		source		0.891727	estimated_from_source_maf	11236422						20000	0.01	0.5	0.891727	0.00502914	opengwasdb@a0656c0d073875c17088972b24cbb9568c0467a2	
GCST90006790	GCST90006790	failed	no_qualifying_evidence	source			estimated_from_source_maf	0						0	0.01	0.5			opengwasdb@a0656c0d073875c17088972b24cbb9568c0467a2	unavailable: no_qualifying_evidence
GCST90006791	GCST90006791	failed	no_qualifying_evidence	source			estimated_from_source_maf	0						0	0.01	0.5			opengwasdb@a0656c0d073875c17088972b24cbb9568c0467a2	unavailable: no_qualifying_evidence
GCST90006884	GCST90006884	passed		source		4.78125	estimated_from_source_maf	9698616						20000	0.01	0.5	4.78125	0.0329808	opengwasdb@a0656c0d073875c17088972b24cbb9568c0467a2	
GCST90006885	GCST90006885	passed		source		1.00696	estimated_from_source_maf	9697922						20000	0.01	0.5	1.00696	0.0046233	opengwasdb@a0656c0d073875c17088972b24cbb9568c0467a2	
GCST90006886	GCST90006886	passed		source		2.55261	estimated_from_source_maf	9698616						20000	0.01	0.5	2.55261	0.0145065	opengwasdb@a0656c0d073875c17088972b24cbb9568c0467a2	
GCST90006887	GCST90006887	passed		source		1.001	estimated_from_source_maf	9609875						20000	0.01	0.5	1.001	0.00963189	opengwasdb@a0656c0d073875c17088972b24cbb9568c0467a2	
GCST90006888	GCST90006888	passed		source		0.989504	estimated_from_source_maf	9632994						20000	0.01	0.5	0.989504	0.00844155	opengwasdb@a0656c0d073875c17088972b24cbb9568c0467a2	
GCST90006889	GCST90006889	passed		source		0.98187	estimated_from_source_maf	9648997						20000	0.01	0.5	0.98187	0.0075494	opengwasdb@a0656c0d073875c17088972b24cbb9568c0467a2	
GCST90006890	GCST90006890	passed		source		0.900279	estimated_from_source_maf	9550680						20000	0.01	0.5	0.900279	0.0137389	opengwasdb@a0656c0d073875c17088972b24cbb9568c0467a2	
GCST90006891	GCST90006891	passed		source		0.98929	estimated_from_source_maf	9644071						20000	0.01	0.5	0.98929	0.00785569	opengwasdb@a0656c0d073875c17088972b24cbb9568c0467a2	
GCST90006892	GCST90006892	passed		source		0.992999	estimated_from_source_maf	9662301						20000	0.01	0.5	0.992999	0.00726499	opengwasdb@a0656c0d073875c17088972b24cbb9568c0467a2	
GCST90006893	GCST90006893	passed		source		2.06435	estimated_from_source_maf	9698616						20000	0.01	0.5	2.06435	0.00953672	opengwasdb@a0656c0d073875c17088972b24cbb9568c0467a2	
GCST90006894	GCST90006894	passed		source		1.00753	estimated_from_source_maf	9690189						20000	0.01	0.5	1.00753	0.00544969	opengwasdb@a0656c0d073875c17088972b24cbb9568c0467a2	
GCST90006895	GCST90006895	passed		source		0.999919	estimated_from_source_maf	9689101						20000	0.01	0.5	0.999919	0.00524685	opengwasdb@a0656c0d073875c17088972b24cbb9568c0467a2	
GCST90006896	GCST90006896	passed		source		1.00924	estimated_from_source_maf	9689325						20000	0.01	0.5	1.00924	0.00549644	opengwasdb@a0656c0d073875c17088972b24cbb9568c0467a2	
GCST90006897	GCST90006897	passed		source		4.40801	estimated_from_source_maf	9698616						20000	0.01	0.5	4.40801	0.0311097	opengwasdb@a0656c0d073875c17088972b24cbb9568c0467a2	
GCST90006898	GCST90006898	passed		source		1.00402	estimated_from_source_maf	9695845						20000	0.01	0.5	1.00402	0.00474335	opengwasdb@a0656c0d073875c17088972b24cbb9568c0467a2	
GCST90006899	GCST90006899	passed		source		1.01651	estimated_from_source_maf	9695895						20000	0.01	0.5	1.01651	0.00475871	opengwasdb@a0656c0d073875c17088972b24cbb9568c0467a2	
GCST90006900	GCST90006900	passed		source		1.0142	estimated_from_source_maf	9700132						20000	0.01	0.5	1.0142	0.00467847	opengwasdb@a0656c0d073875c17088972b24cbb9568c0467a2	
GCST90006901	GCST90006901	passed		source		1.00189	estimated_from_source_maf	9698230						20000	0.01	0.5	1.00189	0.00468472	opengwasdb@a0656c0d073875c17088972b24cbb9568c0467a2	
GCST90006902	GCST90006902	passed		source		3.55086	estimated_from_source_maf	9698616						20000	0.01	0.5	3.55086	0.0180319	opengwasdb@a0656c0d073875c17088972b24cbb9568c0467a2	
GCST90006903	GCST90006903	passed		source		2.44098	estimated_from_source_maf	9698616						20000	0.01	0.5	2.44098	0.0118069	opengwasdb@a0656c0d073875c17088972b24cbb9568c0467a2	
GCST90006904	GCST90006904	passed		source		1.00849	estimated_from_source_maf	9695928						20000	0.01	0.5	1.00849	0.00494548	opengwasdb@a0656c0d073875c17088972b24cbb9568c0467a2	
GCST90006905	GCST90006905	passed		source		2.4978	estimated_from_source_maf	9698616						20000	0.01	0.5	2.4978	0.0116183	opengwasdb@a0656c0d073875c17088972b24cbb9568c0467a2	
GCST90006906	GCST90006906	passed		source		1.00846	estimated_from_source_maf	9692746						20000	0.01	0.5	1.00846	0.00486439	opengwasdb@a0656c0d073875c17088972b24cbb9568c0467a2	
GCST90006907	GCST90006907	passed		source		1.00813	estimated_from_source_maf	9658155						20000	0.01	0.5	1.00813	0.00758456	opengwasdb@a0656c0d073875c17088972b24cbb9568c0467a2	
GCST90006908	GCST90006908	passed		source		4.6221	estimated_from_source_maf	9698616						20000	0.01	0.5	4.6221	0.0292669	opengwasdb@a0656c0d073875c17088972b24cbb9568c0467a2	
GCST90006909	GCST90006909	passed		source		0.99973	estimated_from_source_maf	9701381						20000	0.01	0.5	0.99973	0.00457078	opengwasdb@a0656c0d073875c17088972b24cbb9568c0467a2	
GCST90006910	GCST90006910	passed		source		2.24184	estimated_from_source_maf	9698616						20000	0.01	0.5	2.24184	0.0118832	opengwasdb@a0656c0d073875c17088972b24cbb9568c0467a2	
GCST90006911	GCST90006911	passed		source		1.00708	estimated_from_source_maf	9617631						20000	0.01	0.5	1.00708	0.00982897	opengwasdb@a0656c0d073875c17088972b24cbb9568c0467a2	
GCST90006912	GCST90006912	passed		source		0.997355	estimated_from_source_maf	9627567						20000	0.01	0.5	0.997355	0.00824102	opengwasdb@a0656c0d073875c17088972b24cbb9568c0467a2	
GCST90006913	GCST90006913	passed		source		0.99986	estimated_from_source_maf	9666164						20000	0.01	0.5	0.99986	0.00685004	opengwasdb@a0656c0d073875c17088972b24cbb9568c0467a2	
GCST90006914	GCST90006914	passed		source		1.01244	estimated_from_source_maf	9676483						20000	0.01	0.5	1.01244	0.00692805	opengwasdb@a0656c0d073875c17088972b24cbb9568c0467a2	
GCST90006915	GCST90006915	passed		source		0.997875	estimated_from_source_maf	9676469						20000	0.01	0.5	0.997875	0.00718503	opengwasdb@a0656c0d073875c17088972b24cbb9568c0467a2	
GCST90006916	GCST90006916	passed		source		1.00296	estimated_from_source_maf	9636522						20000	0.01	0.5	1.00296	0.00816724	opengwasdb@a0656c0d073875c17088972b24cbb9568c0467a2	
GCST90006917	GCST90006917	passed		source		2.21445	estimated_from_source_maf	9698616						20000	0.01	0.5	2.21445	0.0117351	opengwasdb@a0656c0d073875c17088972b24cbb9568c0467a2	
GCST90006918	GCST90006918	passed		source		1.01385	estimated_from_source_maf	9693064						20000	0.01	0.5	1.01385	0.00518342	opengwasdb@a0656c0d073875c17088972b24cbb9568c0467a2	
GCST90006919	GCST90006919	passed		source		2.78737	estimated_from_source_maf	9698616						20000	0.01	0.5	2.78737	0.0133554	opengwasdb@a0656c0d073875c17088972b24cbb9568c0467a2	
GCST90006920	GCST90006920	passed		source		0.997605	estimated_from_source_maf	9650474						20000	0.01	0.5	0.997605	0.00850798	opengwasdb@a0656c0d073875c17088972b24cbb9568c0467a2	
GCST90006921	GCST90006921	passed		source		2.04104	estimated_from_source_maf	9698616						20000	0.01	0.5	2.04104	0.00932209	opengwasdb@a0656c0d073875c17088972b24cbb9568c0467a2	
GCST90006922	GCST90006922	passed		source		1.00731	estimated_from_source_maf	9694470						20000	0.01	0.5	1.00731	0.00553882	opengwasdb@a0656c0d073875c17088972b24cbb9568c0467a2	
GCST90006923	GCST90006923	passed		source		2.13084	estimated_from_source_maf	9698616						20000	0.01	0.5	2.13084	0.00997618	opengwasdb@a0656c0d073875c17088972b24cbb9568c0467a2	
GCST90006924	GCST90006924	passed		source		1.01255	estimated_from_source_maf	9689708						20000	0.01	0.5	1.01255	0.00518632	opengwasdb@a0656c0d073875c17088972b24cbb9568c0467a2	
GCST90006925	GCST90006925	passed		source		2.26761	estimated_from_source_maf	9698616						20000	0.01	0.5	2.26761	0.0109707	opengwasdb@a0656c0d073875c17088972b24cbb9568c0467a2	
GCST90006926	GCST90006926	passed		source		0.999892	estimated_from_source_maf	9664147						20000	0.01	0.5	0.999892	0.00863543	opengwasdb@a0656c0d073875c17088972b24cbb9568c0467a2	
GCST90006927	GCST90006927	passed		source		1.00659	estimated_from_source_maf	9676973						20000	0.01	0.5	1.00659	0.0060552	opengwasdb@a0656c0d073875c17088972b24cbb9568c0467a2	
GCST90006928	GCST90006928	passed		source		2.80165	estimated_from_source_maf	9698616						20000	0.01	0.5	2.80165	0.0146039	opengwasdb@a0656c0d073875c17088972b24cbb9568c0467a2	
GCST90006929	GCST90006929	passed		source		1.00625	estimated_from_source_maf	9699592						20000	0.01	0.5	1.00625	0.00478952	opengwasdb@a0656c0d073875c17088972b24cbb9568c0467a2	
GCST90006934	GCST90006934	skipped	non_quantitative_effect_scale				binary_trait								0.01	0.5			opengwasdb@a0656c0d073875c17088972b24cbb9568c0467a2	case-control effect scale; phenotype-SD estimation not applicable
GCST90007310	GCST90007310	passed		source		1.07996	estimated_from_source_maf	42033						20000	0.01	0.5	1.07996	0.0628173	opengwasdb@a0656c0d073875c17088972b24cbb9568c0467a2	
GCST90007311	GCST90007311	passed		source		1.07699	estimated_from_source_maf	42062						20000	0.01	0.5	1.07699	0.0675691	opengwasdb@a0656c0d073875c17088972b24cbb9568c0467a2	
GCST90007312	GCST90007312	passed		source		1.07189	estimated_from_source_maf	42037						20000	0.01	0.5	1.07189	0.0587043	opengwasdb@a0656c0d073875c17088972b24cbb9568c0467a2	
GCST90007316	GCST90007316	warning		source		2.92625	estimated_from_source_maf	35389						20000	0.01	0.5	2.92625	1.36204	opengwasdb@a0656c0d073875c17088972b24cbb9568c0467a2	
GCST90007317	GCST90007317	warning		source		2.77544	estimated_from_source_maf	34137						20000	0.01	0.5	2.77544	1.23073	opengwasdb@a0656c0d073875c17088972b24cbb9568c0467a2	
GCST90007318	GCST90007318	warning		source		2.81291	estimated_from_source_maf	34299						20000	0.01	0.5	2.81291	1.26081	opengwasdb@a0656c0d073875c17088972b24cbb9568c0467a2	
GCST90007322	GCST90007322	passed		source		1.07809	estimated_from_source_maf	42039						20000	0.01	0.5	1.07809	0.0640234	opengwasdb@a0656c0d073875c17088972b24cbb9568c0467a2	
GCST90007323	GCST90007323	passed		source		1.07703	estimated_from_source_maf	42061						20000	0.01	0.5	1.07703	0.0672815	opengwasdb@a0656c0d073875c17088972b24cbb9568c0467a2	
GCST90007324	GCST90007324	passed		source		1.0688	estimated_from_source_maf	42027						20000	0.01	0.5	1.0688	0.0591141	opengwasdb@a0656c0d073875c17088972b24cbb9568c0467a2	
GCST90007328	GCST90007328	warning		source		2.91996	estimated_from_source_maf	35387						20000	0.01	0.5	2.91996	1.36216	opengwasdb@a0656c0d073875c17088972b24cbb9568c0467a2	
GCST90007329	GCST90007329	warning		source		2.77568	estimated_from_source_maf	34132						20000	0.01	0.5	2.77568	1.23274	opengwasdb@a0656c0d073875c17088972b24cbb9568c0467a2	
GCST90007330	GCST90007330	warning		source		2.80419	estimated_from_source_maf	34288						20000	0.01	0.5	2.80419	1.25877	opengwasdb@a0656c0d073875c17088972b24cbb9568c0467a2	
GCST90007526	GCST90007526	skipped	non_quantitative_effect_scale				binary_trait								0.01	0.5			opengwasdb@a0656c0d073875c17088972b24cbb9568c0467a2	case-control effect scale; phenotype-SD estimation not applicable
GCST90007527	GCST90007527	skipped	non_quantitative_effect_scale				binary_trait								0.01	0.5			opengwasdb@a0656c0d073875c17088972b24cbb9568c0467a2	case-control effect scale; phenotype-SD estimation not applicable
GCST90007528	GCST90007528	skipped	non_quantitative_effect_scale				binary_trait								0.01	0.5			opengwasdb@a0656c0d073875c17088972b24cbb9568c0467a2	case-control effect scale; phenotype-SD estimation not applicable
GCST90007529	GCST90007529	skipped	non_quantitative_effect_scale				binary_trait								0.01	0.5			opengwasdb@a0656c0d073875c17088972b24cbb9568c0467a2	case-control effect scale; phenotype-SD estimation not applicable
GCST90007530	GCST90007530	skipped	non_quantitative_effect_scale				binary_trait								0.01	0.5			opengwasdb@a0656c0d073875c17088972b24cbb9568c0467a2	case-control effect scale; phenotype-SD estimation not applicable
GCST90007531	GCST90007531	skipped	non_quantitative_effect_scale				binary_trait								0.01	0.5			opengwasdb@a0656c0d073875c17088972b24cbb9568c0467a2	case-control effect scale; phenotype-SD estimation not applicable
GCST90010423	GCST90010423	failed	no_qualifying_evidence	source			estimated_from_source_maf	0						0	0.01	0.5			opengwasdb@a0656c0d073875c17088972b24cbb9568c0467a2	unavailable: no_qualifying_evidence
GCST90010715	GCST90010715	skipped	non_quantitative_effect_scale				binary_trait								0.01	0.5			opengwasdb@a0656c0d073875c17088972b24cbb9568c0467a2	case-control effect scale; phenotype-SD estimation not applicable
GCST90010716	GCST90010716	passed		source		5.8022	estimated_from_source_maf	8807054						20000	0.01	0.5	5.8022	0.0704796	opengwasdb@a0656c0d073875c17088972b24cbb9568c0467a2	
GCST90010717	GCST90010717	passed		source		2.64354	estimated_from_source_maf	8806806						20000	0.01	0.5	2.64354	0.0323349	opengwasdb@a0656c0d073875c17088972b24cbb9568c0467a2	
GCST90010718	GCST90010718	passed		source		1.1151	estimated_from_source_maf	8806597						20000	0.01	0.5	1.1151	0.0141598	opengwasdb@a0656c0d073875c17088972b24cbb9568c0467a2	
GCST90011766	GCST90011766	skipped	non_quantitative_effect_scale				binary_trait								0.01	0.5			opengwasdb@a0656c0d073875c17088972b24cbb9568c0467a2	case-control effect scale; phenotype-SD estimation not applicable
GCST90011767	GCST90011767	skipped	non_quantitative_effect_scale				binary_trait								0.01	0.5			opengwasdb@a0656c0d073875c17088972b24cbb9568c0467a2	case-control effect scale; phenotype-SD estimation not applicable
GCST90011770	GCST90011770	skipped	non_quantitative_effect_scale				binary_trait								0.01	0.5			opengwasdb@a0656c0d073875c17088972b24cbb9568c0467a2	case-control effect scale; phenotype-SD estimation not applicable
GCST90011785	GCST90011785	passed		source		1.02815	estimated_from_source_maf	6294889						20000	0.01	0.5	1.02815	0.0252726	opengwasdb@a0656c0d073875c17088972b24cbb9568c0467a2	
GCST90011786	GCST90011786	passed		source		1.04249	estimated_from_source_maf	6295940						20000	0.01	0.5	1.04249	0.0255463	opengwasdb@a0656c0d073875c17088972b24cbb9568c0467a2	
GCST90011787	GCST90011787	passed		source		1.04382	estimated_from_source_maf	6300313						20000	0.01	0.5	1.04382	0.0256218	opengwasdb@a0656c0d073875c17088972b24cbb9568c0467a2	
GCST90011788	GCST90011788	passed		source		1.03104	estimated_from_source_maf	6296691						20000	0.01	0.5	1.03104	0.0253547	opengwasdb@a0656c0d073875c17088972b24cbb9568c0467a2	
GCST90011789	GCST90011789	passed		source		1.03841	estimated_from_source_maf	6247591						20000	0.01	0.5	1.03841	0.0362673	opengwasdb@a0656c0d073875c17088972b24cbb9568c0467a2	
GCST90011790	GCST90011790	passed		source		1.05319	estimated_from_source_maf	6239628						20000	0.01	0.5	1.05319	0.03576	opengwasdb@a0656c0d073875c17088972b24cbb9568c0467a2	
GCST90011791	GCST90011791	passed		source		1.01294	estimated_from_source_maf	6207554						20000	0.01	0.5	1.01294	0.0360421	opengwasdb@a0656c0d073875c17088972b24cbb9568c0467a2	
GCST90011792	GCST90011792	passed		source		1.04557	estimated_from_source_maf	6239133						20000	0.01	0.5	1.04557	0.0355316	opengwasdb@a0656c0d073875c17088972b24cbb9568c0467a2	
GCST90011804	GCST90011804	skipped	non_quantitative_effect_scale				binary_trait								0.01	0.5			opengwasdb@a0656c0d073875c17088972b24cbb9568c0467a2	case-control effect scale; phenotype-SD estimation not applicable
GCST90011806	GCST90011806	skipped	non_quantitative_effect_scale				binary_trait								0.01	0.5			opengwasdb@a0656c0d073875c17088972b24cbb9568c0467a2	case-control effect scale; phenotype-SD estimation not applicable
GCST90011808	GCST90011808	skipped	non_quantitative_effect_scale				binary_trait								0.01	0.5			opengwasdb@a0656c0d073875c17088972b24cbb9568c0467a2	case-control effect scale; phenotype-SD estimation not applicable
GCST90011809	GCST90011809	skipped	non_quantitative_effect_scale				binary_trait								0.01	0.5			opengwasdb@a0656c0d073875c17088972b24cbb9568c0467a2	case-control effect scale; phenotype-SD estimation not applicable
GCST90011810	GCST90011810	skipped	non_quantitative_effect_scale				binary_trait								0.01	0.5			opengwasdb@a0656c0d073875c17088972b24cbb9568c0467a2	case-control effect scale; phenotype-SD estimation not applicable
GCST90011811	GCST90011811	skipped	non_quantitative_effect_scale				binary_trait								0.01	0.5			opengwasdb@a0656c0d073875c17088972b24cbb9568c0467a2	case-control effect scale; phenotype-SD estimation not applicable
GCST90011812	GCST90011812	skipped	non_quantitative_effect_scale				binary_trait								0.01	0.5			opengwasdb@a0656c0d073875c17088972b24cbb9568c0467a2	case-control effect scale; phenotype-SD estimation not applicable
GCST90011813	GCST90011813	skipped	non_quantitative_effect_scale				binary_trait								0.01	0.5			opengwasdb@a0656c0d073875c17088972b24cbb9568c0467a2	case-control effect scale; phenotype-SD estimation not applicable
GCST90011814	GCST90011814	skipped	non_quantitative_effect_scale				binary_trait								0.01	0.5			opengwasdb@a0656c0d073875c17088972b24cbb9568c0467a2	case-control effect scale; phenotype-SD estimation not applicable
GCST90011815	GCST90011815	skipped	non_quantitative_effect_scale				binary_trait								0.01	0.5			opengwasdb@a0656c0d073875c17088972b24cbb9568c0467a2	case-control effect scale; phenotype-SD estimation not applicable
GCST90011816	GCST90011816	skipped	non_quantitative_effect_scale				binary_trait								0.01	0.5			opengwasdb@a0656c0d073875c17088972b24cbb9568c0467a2	case-control effect scale; phenotype-SD estimation not applicable
GCST90011817	GCST90011817	skipped	non_quantitative_effect_scale				binary_trait								0.01	0.5			opengwasdb@a0656c0d073875c17088972b24cbb9568c0467a2	case-control effect scale; phenotype-SD estimation not applicable
GCST90011818	GCST90011818	skipped	non_quantitative_effect_scale				binary_trait								0.01	0.5			opengwasdb@a0656c0d073875c17088972b24cbb9568c0467a2	case-control effect scale; phenotype-SD estimation not applicable
GCST90011819	GCST90011819	skipped	non_quantitative_effect_scale				binary_trait								0.01	0.5			opengwasdb@a0656c0d073875c17088972b24cbb9568c0467a2	case-control effect scale; phenotype-SD estimation not applicable
GCST90011820	GCST90011820	skipped	non_quantitative_effect_scale				binary_trait								0.01	0.5			opengwasdb@a0656c0d073875c17088972b24cbb9568c0467a2	case-control effect scale; phenotype-SD estimation not applicable
GCST90011821	GCST90011821	skipped	non_quantitative_effect_scale				binary_trait								0.01	0.5			opengwasdb@a0656c0d073875c17088972b24cbb9568c0467a2	case-control effect scale; phenotype-SD estimation not applicable
GCST90011857	GCST90011857	skipped	non_quantitative_effect_scale				binary_trait								0.01	0.5			opengwasdb@a0656c0d073875c17088972b24cbb9568c0467a2	case-control effect scale; phenotype-SD estimation not applicable
GCST90011858	GCST90011858	skipped	non_quantitative_effect_scale				binary_trait								0.01	0.5			opengwasdb@a0656c0d073875c17088972b24cbb9568c0467a2	case-control effect scale; phenotype-SD estimation not applicable
GCST90011871	GCST90011871	skipped	non_quantitative_effect_scale				binary_trait								0.01	0.5			opengwasdb@a0656c0d073875c17088972b24cbb9568c0467a2	case-control effect scale; phenotype-SD estimation not applicable
GCST90011874	GCST90011874	failed	no_qualifying_evidence	source			estimated_from_source_maf	0						0	0.01	0.5			opengwasdb@a0656c0d073875c17088972b24cbb9568c0467a2	unavailable: no_qualifying_evidence
GCST90011875	GCST90011875	failed	no_qualifying_evidence	source			estimated_from_source_maf	0						0	0.01	0.5			opengwasdb@a0656c0d073875c17088972b24cbb9568c0467a2	unavailable: no_qualifying_evidence
GCST90011885	GCST90011885	skipped	non_quantitative_effect_scale				binary_trait								0.01	0.5			opengwasdb@a0656c0d073875c17088972b24cbb9568c0467a2	case-control effect scale; phenotype-SD estimation not applicable
GCST90011898	GCST90011898	failed	no_qualifying_evidence	source			estimated_from_source_maf	0						0	0.01	0.5			opengwasdb@a0656c0d073875c17088972b24cbb9568c0467a2	unavailable: no_qualifying_evidence
GCST90011899	GCST90011899	failed	no_qualifying_evidence	source			estimated_from_source_maf	0						0	0.01	0.5			opengwasdb@a0656c0d073875c17088972b24cbb9568c0467a2	unavailable: no_qualifying_evidence
GCST90011994	GCST90011994	passed		source		1.3475	estimated_from_source_maf	12301949						20000	0.01	0.5	1.3475	0.15506	opengwasdb@a0656c0d073875c17088972b24cbb9568c0467a2	
GCST90011995	GCST90011995	passed		source		1.34589	estimated_from_source_maf	12302464						20000	0.01	0.5	1.34589	0.153919	opengwasdb@a0656c0d073875c17088972b24cbb9568c0467a2	
GCST90011996	GCST90011996	passed		source		1.23033	estimated_from_source_maf	12468041						20000	0.01	0.5	1.23033	0.134822	opengwasdb@a0656c0d073875c17088972b24cbb9568c0467a2	
GCST90011997	GCST90011997	passed		source		1.25547	estimated_from_source_maf	12446774						20000	0.01	0.5	1.25547	0.13762	opengwasdb@a0656c0d073875c17088972b24cbb9568c0467a2	
GCST90011998	GCST90011998	passed		source		1.18329	estimated_from_source_maf	12484598						20000	0.01	0.5	1.18329	0.214631	opengwasdb@a0656c0d073875c17088972b24cbb9568c0467a2	
GCST90011999	GCST90011999	passed		source		1.2391	estimated_from_source_maf	12466570						20000	0.01	0.5	1.2391	0.136697	opengwasdb@a0656c0d073875c17088972b24cbb9568c0467a2	
GCST90012000	GCST90012000	passed		source		1.20555	estimated_from_source_maf	12456668						20000	0.01	0.5	1.20555	0.217552	opengwasdb@a0656c0d073875c17088972b24cbb9568c0467a2	
GCST90012001	GCST90012001	passed		source		1.83467	estimated_from_source_maf	10829060						20000	0.01	0.5	1.83467	0.244732	opengwasdb@a0656c0d073875c17088972b24cbb9568c0467a2	
GCST90012002	GCST90012002	passed		source		1.1903	estimated_from_source_maf	12469388						20000	0.01	0.5	1.1903	0.21486	opengwasdb@a0656c0d073875c17088972b24cbb9568c0467a2	
GCST90012003	GCST90012003	passed		source		1.28879	estimated_from_source_maf	12452496						20000	0.01	0.5	1.28879	0.163508	opengwasdb@a0656c0d073875c17088972b24cbb9568c0467a2	
GCST90012004	GCST90012004	passed		source		1.25388	estimated_from_source_maf	12447652						20000	0.01	0.5	1.25388	0.138163	opengwasdb@a0656c0d073875c17088972b24cbb9568c0467a2	
GCST90012005	GCST90012005	passed		source		1.48544	estimated_from_source_maf	11724188						20000	0.01	0.5	1.48544	0.187536	opengwasdb@a0656c0d073875c17088972b24cbb9568c0467a2	
GCST90012006	GCST90012006	passed		source		1.22164	estimated_from_source_maf	12325679						20000	0.01	0.5	1.22164	0.221638	opengwasdb@a0656c0d073875c17088972b24cbb9568c0467a2	
GCST90012007	GCST90012007	passed		source		1.20615	estimated_from_source_maf	12460288						20000	0.01	0.5	1.20615	0.219495	opengwasdb@a0656c0d073875c17088972b24cbb9568c0467a2	
GCST90012008	GCST90012008	passed		source		1.20413	estimated_from_source_maf	12449697						20000	0.01	0.5	1.20413	0.218201	opengwasdb@a0656c0d073875c17088972b24cbb9568c0467a2	
GCST90012009	GCST90012009	passed		source		1.19955	estimated_from_source_maf	12459297						20000	0.01	0.5	1.19955	0.217217	opengwasdb@a0656c0d073875c17088972b24cbb9568c0467a2	
GCST90012010	GCST90012010	passed		source		1.25067	estimated_from_source_maf	12449143						20000	0.01	0.5	1.25067	0.137155	opengwasdb@a0656c0d073875c17088972b24cbb9568c0467a2	
GCST90012011	GCST90012011	passed		source		1.3811	estimated_from_source_maf	12035919						20000	0.01	0.5	1.3811	0.150068	opengwasdb@a0656c0d073875c17088972b24cbb9568c0467a2	
GCST90012012	GCST90012012	passed		source		1.81927	estimated_from_source_maf	10823212						20000	0.01	0.5	1.81927	0.240188	opengwasdb@a0656c0d073875c17088972b24cbb9568c0467a2	
GCST90012013	GCST90012013	passed		source		1.25375	estimated_from_source_maf	12449122						20000	0.01	0.5	1.25375	0.13764	opengwasdb@a0656c0d073875c17088972b24cbb9568c0467a2	
GCST90012014	GCST90012014	passed		source		1.2419	estimated_from_source_maf	12456400						20000	0.01	0.5	1.2419	0.135996	opengwasdb@a0656c0d073875c17088972b24cbb9568c0467a2	
GCST90012015	GCST90012015	passed		source		1.19168	estimated_from_source_maf	12468460						20000	0.01	0.5	1.19168	0.214513	opengwasdb@a0656c0d073875c17088972b24cbb9568c0467a2	
GCST90012016	GCST90012016	passed		source		1.25496	estimated_from_source_maf	12446048						20000	0.01	0.5	1.25496	0.137609	opengwasdb@a0656c0d073875c17088972b24cbb9568c0467a2	
GCST90012017	GCST90012017	passed		source		1.24282	estimated_from_source_maf	12455612						20000	0.01	0.5	1.24282	0.135838	opengwasdb@a0656c0d073875c17088972b24cbb9568c0467a2	
GCST90012018	GCST90012018	passed		source		1.34507	estimated_from_source_maf	12300540						20000	0.01	0.5	1.34507	0.154092	opengwasdb@a0656c0d073875c17088972b24cbb9568c0467a2	
GCST90012019	GCST90012019	passed		source		1.27023	estimated_from_source_maf	12333650						20000	0.01	0.5	1.27023	0.130973	opengwasdb@a0656c0d073875c17088972b24cbb9568c0467a2	
GCST90012020	GCST90012020	passed		source		1.2542	estimated_from_source_maf	12449496						20000	0.01	0.5	1.2542	0.137897	opengwasdb@a0656c0d073875c17088972b24cbb9568c0467a2	
GCST90012021	GCST90012021	passed		source		1.23491	estimated_from_source_maf	12468864						20000	0.01	0.5	1.23491	0.136294	opengwasdb@a0656c0d073875c17088972b24cbb9568c0467a2	
GCST90012022	GCST90012022	passed		source		1.24861	estimated_from_source_maf	12449834						20000	0.01	0.5	1.24861	0.136536	opengwasdb@a0656c0d073875c17088972b24cbb9568c0467a2	
GCST90012023	GCST90012023	passed		source		1.24664	estimated_from_source_maf	12451475						20000	0.01	0.5	1.24664	0.136445	opengwasdb@a0656c0d073875c17088972b24cbb9568c0467a2	
GCST90012024	GCST90012024	passed		source		1.25139	estimated_from_source_maf	12449562						20000	0.01	0.5	1.25139	0.137105	opengwasdb@a0656c0d073875c17088972b24cbb9568c0467a2	
GCST90012025	GCST90012025	passed		source		1.20587	estimated_from_source_maf	12455397						20000	0.01	0.5	1.20587	0.218677	opengwasdb@a0656c0d073875c17088972b24cbb9568c0467a2	
GCST90012026	GCST90012026	passed		source		1.19866	estimated_from_source_maf	12462595						20000	0.01	0.5	1.19866	0.217033	opengwasdb@a0656c0d073875c17088972b24cbb9568c0467a2	
GCST90012027	GCST90012027	passed		source		1.19127	estimated_from_source_maf	12371470						20000	0.01	0.5	1.19127	0.210629	opengwasdb@a0656c0d073875c17088972b24cbb9568c0467a2	
GCST90012028	GCST90012028	passed		source		1.28301	estimated_from_source_maf	12308215						20000	0.01	0.5	1.28301	0.141103	opengwasdb@a0656c0d073875c17088972b24cbb9568c0467a2	
GCST90012029	GCST90012029	passed		source		1.36451	estimated_from_source_maf	12172967						20000	0.01	0.5	1.36451	0.145783	opengwasdb@a0656c0d073875c17088972b24cbb9568c0467a2	
GCST90012030	GCST90012030	passed		source		1.88494	estimated_from_source_maf	10221962						20000	0.01	0.5	1.88494	0.236982	opengwasdb@a0656c0d073875c17088972b24cbb9568c0467a2	
GCST90012031	GCST90012031	passed		source		1.20927	estimated_from_source_maf	12455305						20000	0.01	0.5	1.20927	0.220482	opengwasdb@a0656c0d073875c17088972b24cbb9568c0467a2	
GCST90012032	GCST90012032	passed		source		1.23722	estimated_from_source_maf	12468648						20000	0.01	0.5	1.23722	0.136578	opengwasdb@a0656c0d073875c17088972b24cbb9568c0467a2	
GCST90012033	GCST90012033	passed		source		1.35503	estimated_from_source_maf	12289578						20000	0.01	0.5	1.35503	0.154823	opengwasdb@a0656c0d073875c17088972b24cbb9568c0467a2	
GCST90012034	GCST90012034	passed		source		1.20484	estimated_from_source_maf	12455094						20000	0.01	0.5	1.20484	0.218483	opengwasdb@a0656c0d073875c17088972b24cbb9568c0467a2	
GCST90012035	GCST90012035	passed		source		1.20439	estimated_from_source_maf	12461248						20000	0.01	0.5	1.20439	0.219113	opengwasdb@a0656c0d073875c17088972b24cbb9568c0467a2	
GCST90012036	GCST90012036	passed		source		1.26377	estimated_from_source_maf	12340642						20000	0.01	0.5	1.26377	0.130164	opengwasdb@a0656c0d073875c17088972b24cbb9568c0467a2	
GCST90012037	GCST90012037	passed		source		1.37393	estimated_from_source_maf	12028412						20000	0.01	0.5	1.37393	0.0895492	opengwasdb@a0656c0d073875c17088972b24cbb9568c0467a2	
GCST90012038	GCST90012038	passed		source		1.25141	estimated_from_source_maf	12452389						20000	0.01	0.5	1.25141	0.137529	opengwasdb@a0656c0d073875c17088972b24cbb9568c0467a2	
GCST90012039	GCST90012039	passed		source		1.19676	estimated_from_source_maf	12473482						20000	0.01	0.5	1.19676	0.217698	opengwasdb@a0656c0d073875c17088972b24cbb9568c0467a2	
GCST90012040	GCST90012040	passed		source		1.21308	estimated_from_source_maf	12249620						20000	0.01	0.5	1.21308	0.209614	opengwasdb@a0656c0d073875c17088972b24cbb9568c0467a2	
GCST90012041	GCST90012041	passed		source		1.23676	estimated_from_source_maf	12476066						20000	0.01	0.5	1.23676	0.137629	opengwasdb@a0656c0d073875c17088972b24cbb9568c0467a2	
GCST90012042	GCST90012042	passed		source		1.63575	estimated_from_source_maf	11411445						20000	0.01	0.5	1.63575	0.189665	opengwasdb@a0656c0d073875c17088972b24cbb9568c0467a2	
GCST90012043	GCST90012043	warning		source		3.39417	estimated_from_source_maf	8807229						20000	0.01	0.5	3.39417	0.891098	opengwasdb@a0656c0d073875c17088972b24cbb9568c0467a2	
GCST90012044	GCST90012044	passed		source		1.34067	estimated_from_source_maf	12298652						20000	0.01	0.5	1.34067	0.152661	opengwasdb@a0656c0d073875c17088972b24cbb9568c0467a2	
GCST90012045	GCST90012045	passed		source		1.34395	estimated_from_source_maf	12304935						20000	0.01	0.5	1.34395	0.155201	opengwasdb@a0656c0d073875c17088972b24cbb9568c0467a2	
GCST90012046	GCST90012046	passed		source		1.29794	estimated_from_source_maf	12327407						20000	0.01	0.5	1.29794	0.0856639	opengwasdb@a0656c0d073875c17088972b24cbb9568c0467a2	
GCST90012047	GCST90012047	passed		source		1.19326	estimated_from_source_maf	12473365						20000	0.01	0.5	1.19326	0.216669	opengwasdb@a0656c0d073875c17088972b24cbb9568c0467a2	
GCST90012048	GCST90012048	passed		source		1.25127	estimated_from_source_maf	12452553						20000	0.01	0.5	1.25127	0.137438	opengwasdb@a0656c0d073875c17088972b24cbb9568c0467a2	
GCST90012049	GCST90012049	passed		source		1.25132	estimated_from_source_maf	12451537						20000	0.01	0.5	1.25132	0.137406	opengwasdb@a0656c0d073875c17088972b24cbb9568c0467a2	
GCST90012050	GCST90012050	passed		source		1.35145	estimated_from_source_maf	12295686						20000	0.01	0.5	1.35145	0.154007	opengwasdb@a0656c0d073875c17088972b24cbb9568c0467a2	
GCST90012051	GCST90012051	passed		source		1.20135	estimated_from_source_maf	12461831						20000	0.01	0.5	1.20135	0.218455	opengwasdb@a0656c0d073875c17088972b24cbb9568c0467a2	
GCST90012052	GCST90012052	passed		source		1.35224	estimated_from_source_maf	12297596						20000	0.01	0.5	1.35224	0.15447	opengwasdb@a0656c0d073875c17088972b24cbb9568c0467a2	
GCST90012053	GCST90012053	passed		source		1.21314	estimated_from_source_maf	12456500						20000	0.01	0.5	1.21314	0.222504	opengwasdb@a0656c0d073875c17088972b24cbb9568c0467a2	
GCST90012054	GCST90012054	passed		source		1.24958	estimated_from_source_maf	12448721						20000	0.01	0.5	1.24958	0.136579	opengwasdb@a0656c0d073875c17088972b24cbb9568c0467a2	
GCST90012055	GCST90012055	passed		source		1.24938	estimated_from_source_maf	12455895						20000	0.01	0.5	1.24938	0.138073	opengwasdb@a0656c0d073875c17088972b24cbb9568c0467a2	
GCST90012056	GCST90012056	passed		source		1.28481	estimated_from_source_maf	12299111						20000	0.01	0.5	1.28481	0.141512	opengwasdb@a0656c0d073875c17088972b24cbb9568c0467a2	
GCST90012057	GCST90012057	passed		source		1.35277	estimated_from_source_maf	12294124						20000	0.01	0.5	1.35277	0.154518	opengwasdb@a0656c0d073875c17088972b24cbb9568c0467a2	
GCST90012058	GCST90012058	passed		source		2.30361	estimated_from_source_maf	9669902						20000	0.01	0.5	2.30361	0.087719	opengwasdb@a0656c0d073875c17088972b24cbb9568c0467a2	
GCST90012059	GCST90012059	passed		source		1.20438	estimated_from_source_maf	12458409						20000	0.01	0.5	1.20438	0.218459	opengwasdb@a0656c0d073875c17088972b24cbb9568c0467a2	
GCST90012060	GCST90012060	passed		source		1.25467	estimated_from_source_maf	12447730						20000	0.01	0.5	1.25467	0.137544	opengwasdb@a0656c0d073875c17088972b24cbb9568c0467a2	
GCST90012061	GCST90012061	passed		source		1.43981	estimated_from_source_maf	12066615						20000	0.01	0.5	1.43981	0.105739	opengwasdb@a0656c0d073875c17088972b24cbb9568c0467a2	
GCST90012062	GCST90012062	passed		source		1.85852	estimated_from_source_maf	10221555						20000	0.01	0.5	1.85852	0.22926	opengwasdb@a0656c0d073875c17088972b24cbb9568c0467a2	
GCST90012063	GCST90012063	passed		source		1.25332	estimated_from_source_maf	12448417						20000	0.01	0.5	1.25332	0.137328	opengwasdb@a0656c0d073875c17088972b24cbb9568c0467a2	
GCST90012064	GCST90012064	passed		source		1.38259	estimated_from_source_maf	12287618						20000	0.01	0.5	1.38259	0.10414	opengwasdb@a0656c0d073875c17088972b24cbb9568c0467a2	
GCST90012065	GCST90012065	passed		source		1.33965	estimated_from_source_maf	12299941						20000	0.01	0.5	1.33965	0.152724	opengwasdb@a0656c0d073875c17088972b24cbb9568c0467a2	
GCST90012066	GCST90012066	passed		source		1.20821	estimated_from_source_maf	12460929						20000	0.01	0.5	1.20821	0.220456	opengwasdb@a0656c0d073875c17088972b24cbb9568c0467a2	
GCST90012067	GCST90012067	passed		source		1.25279	estimated_from_source_maf	12451359						20000	0.01	0.5	1.25279	0.137981	opengwasdb@a0656c0d073875c17088972b24cbb9568c0467a2	
GCST90012068	GCST90012068	passed		source		1.82073	estimated_from_source_maf	10828838						20000	0.01	0.5	1.82073	0.239722	opengwasdb@a0656c0d073875c17088972b24cbb9568c0467a2	
GCST90012069	GCST90012069	passed		source		1.25434	estimated_from_source_maf	12446847						20000	0.01	0.5	1.25434	0.137558	opengwasdb@a0656c0d073875c17088972b24cbb9568c0467a2	
GCST90012070	GCST90012070	passed		source		1.23531	estimated_from_source_maf	12469221						20000	0.01	0.5	1.23531	0.136842	opengwasdb@a0656c0d073875c17088972b24cbb9568c0467a2	
GCST90012071	GCST90012071	passed		source		1.42246	estimated_from_source_maf	11327963						20000	0.01	0.5	1.42246	0.26466	opengwasdb@a0656c0d073875c17088972b24cbb9568c0467a2	
GCST90012072	GCST90012072	passed		source		1.38292	estimated_from_source_maf	12281754						20000	0.01	0.5	1.38292	0.102606	opengwasdb@a0656c0d073875c17088972b24cbb9568c0467a2	
GCST90012073	GCST90012073	passed		source		1.25187	estimated_from_source_maf	12447058						20000	0.01	0.5	1.25187	0.136786	opengwasdb@a0656c0d073875c17088972b24cbb9568c0467a2	
GCST90012074	GCST90012074	passed		source		1.33944	estimated_from_source_maf	12301933						20000	0.01	0.5	1.33944	0.15232	opengwasdb@a0656c0d073875c17088972b24cbb9568c0467a2	
GCST90012075	GCST90012075	passed		source		1.18494	estimated_from_source_maf	12474454						20000	0.01	0.5	1.18494	0.213044	opengwasdb@a0656c0d073875c17088972b24cbb9568c0467a2	
GCST90012076	GCST90012076	passed		source		1.21175	estimated_from_source_maf	12485220						20000	0.01	0.5	1.21175	0.13321	opengwasdb@a0656c0d073875c17088972b24cbb9568c0467a2	
GCST90012077	GCST90012077	passed		source		1.34933	estimated_from_source_maf	12298187						20000	0.01	0.5	1.34933	0.154631	opengwasdb@a0656c0d073875c17088972b24cbb9568c0467a2	
GCST90012078	GCST90012078	passed		source		1.9385	estimated_from_source_maf	10669097						20000	0.01	0.5	1.9385	0.25942	opengwasdb@a0656c0d073875c17088972b24cbb9568c0467a2	
GCST90012079	GCST90012079	passed		source		1.29199	estimated_from_source_maf	12291737						20000	0.01	0.5	1.29199	0.142156	opengwasdb@a0656c0d073875c17088972b24cbb9568c0467a2	
GCST90012080	GCST90012080	passed		source		1.26533	estimated_from_source_maf	12339854						20000	0.01	0.5	1.26533	0.13044	opengwasdb@a0656c0d073875c17088972b24cbb9568c0467a2	
GCST90012081	GCST90012081	passed		source		1.2087	estimated_from_source_maf	12453950						20000	0.01	0.5	1.2087	0.220549	opengwasdb@a0656c0d073875c17088972b24cbb9568c0467a2	
GCST90012082	GCST90012082	passed		source		2.11243	estimated_from_source_maf	9476679						20000	0.01	0.5	2.11243	0.258129	opengwasdb@a0656c0d073875c17088972b24cbb9568c0467a2	
GCST90012083	GCST90012083	passed		source		1.88379	estimated_from_source_maf	10228250						20000	0.01	0.5	1.88379	0.236211	opengwasdb@a0656c0d073875c17088972b24cbb9568c0467a2	
GCST90012088	GCST90012088	failed	no_qualifying_evidence	source			estimated_from_source_maf	0						0	0.01	0.5			opengwasdb@a0656c0d073875c17088972b24cbb9568c0467a2	unavailable: no_qualifying_evidence
GCST90012102	GCST90012102	passed		source		0.780579	estimated_from_source_maf	11246300						20000	0.01	0.5	0.780579	0.00328285	opengwasdb@a0656c0d073875c17088972b24cbb9568c0467a2	
GCST90012103	GCST90012103	passed		source		0.913312	estimated_from_source_maf	11246722						20000	0.01	0.5	0.913312	0.00369038	opengwasdb@a0656c0d073875c17088972b24cbb9568c0467a2	
GCST90012104	GCST90012104	passed		source		0.876898	estimated_from_source_maf	11246881						20000	0.01	0.5	0.876898	0.00318066	opengwasdb@a0656c0d073875c17088972b24cbb9568c0467a2	
GCST90012105	GCST90012105	passed		source		0.272915	estimated_from_source_maf	11246646						20000	0.01	0.5	0.272915	0.00101165	opengwasdb@a0656c0d073875c17088972b24cbb9568c0467a2	
GCST90012106	GCST90012106	passed		source		0.381179	estimated_from_source_maf	11246234						20000	0.01	0.5	0.381179	0.00218956	opengwasdb@a0656c0d073875c17088972b24cbb9568c0467a2	
GCST90012107	GCST90012107	passed		source		0.438689	estimated_from_source_maf	11246264						20000	0.01	0.5	0.438689	0.00225075	opengwasdb@a0656c0d073875c17088972b24cbb9568c0467a2	
GCST90012108	GCST90012108	passed		source		0.347253	estimated_from_source_maf	11247184						20000	0.01	0.5	0.347253	0.00211804	opengwasdb@a0656c0d073875c17088972b24cbb9568c0467a2	
GCST90012109	GCST90012109	passed		source		0.371251	estimated_from_source_maf	11247192						20000	0.01	0.5	0.371251	0.00212192	opengwasdb@a0656c0d073875c17088972b24cbb9568c0467a2	
GCST90012110	GCST90012110	passed		source		0.360788	estimated_from_source_maf	11246727						20000	0.01	0.5	0.360788	0.00210507	opengwasdb@a0656c0d073875c17088972b24cbb9568c0467a2	
GCST90012111	GCST90012111	passed		source		0.402549	estimated_from_source_maf	11246816						20000	0.01	0.5	0.402549	0.00213875	opengwasdb@a0656c0d073875c17088972b24cbb9568c0467a2	
GCST90012112	GCST90012112	passed		source		0.954981	estimated_from_source_maf	11245903						20000	0.01	0.5	0.954981	0.00405123	opengwasdb@a0656c0d073875c17088972b24cbb9568c0467a2	
GCST90012113	GCST90012113	passed		source		0.949871	estimated_from_source_maf	11246263						20000	0.01	0.5	0.949871	0.00436351	opengwasdb@a0656c0d073875c17088972b24cbb9568c0467a2	
GCST90012114	GCST90012114	passed		source		0.594891	estimated_from_source_maf	11246276						20000	0.01	0.5	0.594891	0.00220397	opengwasdb@a0656c0d073875c17088972b24cbb9568c0467a2	
GCST90012115	GCST90012115	failed	no_qualifying_evidence	source			estimated_from_source_maf	0						0	0.01	0.5			opengwasdb@a0656c0d073875c17088972b24cbb9568c0467a2	unavailable: no_qualifying_evidence
GCST90012174	GCST90012174	failed	no_qualifying_evidence	source			estimated_from_source_maf	0						0	0.01	0.5			opengwasdb@a0656c0d073875c17088972b24cbb9568c0467a2	unavailable: no_qualifying_evidence
GCST90012175	GCST90012175	failed	no_qualifying_evidence	source			estimated_from_source_maf	0						0	0.01	0.5			opengwasdb@a0656c0d073875c17088972b24cbb9568c0467a2	unavailable: no_qualifying_evidence
GCST90012176	GCST90012176	failed	no_qualifying_evidence	source			estimated_from_source_maf	0						0	0.01	0.5			opengwasdb@a0656c0d073875c17088972b24cbb9568c0467a2	unavailable: no_qualifying_evidence
GCST90012177	GCST90012177	failed	no_qualifying_evidence	source			estimated_from_source_maf	0						0	0.01	0.5			opengwasdb@a0656c0d073875c17088972b24cbb9568c0467a2	unavailable: no_qualifying_evidence
GCST90012178	GCST90012178	failed	no_qualifying_evidence	source			estimated_from_source_maf	0						0	0.01	0.5			opengwasdb@a0656c0d073875c17088972b24cbb9568c0467a2	unavailable: no_qualifying_evidence
GCST90012179	GCST90012179	failed	no_qualifying_evidence	source			estimated_from_source_maf	0						0	0.01	0.5			opengwasdb@a0656c0d073875c17088972b24cbb9568c0467a2	unavailable: no_qualifying_evidence
GCST90012180	GCST90012180	failed	no_qualifying_evidence	source			estimated_from_source_maf	0						0	0.01	0.5			opengwasdb@a0656c0d073875c17088972b24cbb9568c0467a2	unavailable: no_qualifying_evidence
GCST90012181	GCST90012181	failed	no_qualifying_evidence	source			estimated_from_source_maf	0						0	0.01	0.5			opengwasdb@a0656c0d073875c17088972b24cbb9568c0467a2	unavailable: no_qualifying_evidence
GCST90012182	GCST90012182	failed	no_qualifying_evidence	source			estimated_from_source_maf	0						0	0.01	0.5			opengwasdb@a0656c0d073875c17088972b24cbb9568c0467a2	unavailable: no_qualifying_evidence
GCST90012183	GCST90012183	failed	no_qualifying_evidence	source			estimated_from_source_maf	0						0	0.01	0.5			opengwasdb@a0656c0d073875c17088972b24cbb9568c0467a2	unavailable: no_qualifying_evidence
GCST90012184	GCST90012184	failed	no_qualifying_evidence	source			estimated_from_source_maf	0						0	0.01	0.5			opengwasdb@a0656c0d073875c17088972b24cbb9568c0467a2	unavailable: no_qualifying_evidence
GCST90012185	GCST90012185	failed	no_qualifying_evidence	source			estimated_from_source_maf	0						0	0.01	0.5			opengwasdb@a0656c0d073875c17088972b24cbb9568c0467a2	unavailable: no_qualifying_evidence
GCST90012186	GCST90012186	failed	no_qualifying_evidence	source			estimated_from_source_maf	0						0	0.01	0.5			opengwasdb@a0656c0d073875c17088972b24cbb9568c0467a2	unavailable: no_qualifying_evidence
GCST90012187	GCST90012187	failed	no_qualifying_evidence	source			estimated_from_source_maf	0						0	0.01	0.5			opengwasdb@a0656c0d073875c17088972b24cbb9568c0467a2	unavailable: no_qualifying_evidence
GCST90012188	GCST90012188	failed	no_qualifying_evidence	source			estimated_from_source_maf	0						0	0.01	0.5			opengwasdb@a0656c0d073875c17088972b24cbb9568c0467a2	unavailable: no_qualifying_evidence
GCST90012189	GCST90012189	failed	no_qualifying_evidence	source			estimated_from_source_maf	0						0	0.01	0.5			opengwasdb@a0656c0d073875c17088972b24cbb9568c0467a2	unavailable: no_qualifying_evidence
GCST90012190	GCST90012190	failed	no_qualifying_evidence	source			estimated_from_source_maf	0						0	0.01	0.5			opengwasdb@a0656c0d073875c17088972b24cbb9568c0467a2	unavailable: no_qualifying_evidence
GCST90012191	GCST90012191	failed	no_qualifying_evidence	source			estimated_from_source_maf	0						0	0.01	0.5			opengwasdb@a0656c0d073875c17088972b24cbb9568c0467a2	unavailable: no_qualifying_evidence
GCST90012192	GCST90012192	failed	no_qualifying_evidence	source			estimated_from_source_maf	0						0	0.01	0.5			opengwasdb@a0656c0d073875c17088972b24cbb9568c0467a2	unavailable: no_qualifying_evidence
GCST90012193	GCST90012193	failed	no_qualifying_evidence	source			estimated_from_source_maf	0						0	0.01	0.5			opengwasdb@a0656c0d073875c17088972b24cbb9568c0467a2	unavailable: no_qualifying_evidence
GCST90012194	GCST90012194	failed	no_qualifying_evidence	source			estimated_from_source_maf	0						0	0.01	0.5			opengwasdb@a0656c0d073875c17088972b24cbb9568c0467a2	unavailable: no_qualifying_evidence
GCST90012195	GCST90012195	failed	no_qualifying_evidence	source			estimated_from_source_maf	0						0	0.01	0.5			opengwasdb@a0656c0d073875c17088972b24cbb9568c0467a2	unavailable: no_qualifying_evidence
GCST90012196	GCST90012196	failed	no_qualifying_evidence	source			estimated_from_source_maf	0						0	0.01	0.5			opengwasdb@a0656c0d073875c17088972b24cbb9568c0467a2	unavailable: no_qualifying_evidence
GCST90012197	GCST90012197	failed	no_qualifying_evidence	source			estimated_from_source_maf	0						0	0.01	0.5			opengwasdb@a0656c0d073875c17088972b24cbb9568c0467a2	unavailable: no_qualifying_evidence
GCST90012198	GCST90012198	failed	no_qualifying_evidence	source			estimated_from_source_maf	0						0	0.01	0.5			opengwasdb@a0656c0d073875c17088972b24cbb9568c0467a2	unavailable: no_qualifying_evidence
GCST90012199	GCST90012199	failed	no_qualifying_evidence	source			estimated_from_source_maf	0						0	0.01	0.5			opengwasdb@a0656c0d073875c17088972b24cbb9568c0467a2	unavailable: no_qualifying_evidence
GCST90012200	GCST90012200	failed	no_qualifying_evidence	source			estimated_from_source_maf	0						0	0.01	0.5			opengwasdb@a0656c0d073875c17088972b24cbb9568c0467a2	unavailable: no_qualifying_evidence
GCST90012201	GCST90012201	failed	no_qualifying_evidence	source			estimated_from_source_maf	0						0	0.01	0.5			opengwasdb@a0656c0d073875c17088972b24cbb9568c0467a2	unavailable: no_qualifying_evidence
GCST90012202	GCST90012202	failed	no_qualifying_evidence	source			estimated_from_source_maf	0						0	0.01	0.5			opengwasdb@a0656c0d073875c17088972b24cbb9568c0467a2	unavailable: no_qualifying_evidence
GCST90012790	GCST90012790	passed		source		34.8619	estimated_from_source_maf	10865924						20000	0.01	0.5	34.8619	0.123385	opengwasdb@a0656c0d073875c17088972b24cbb9568c0467a2	
GCST90012791	GCST90012791	skipped	non_quantitative_effect_scale				binary_trait								0.01	0.5			opengwasdb@a0656c0d073875c17088972b24cbb9568c0467a2	case-control effect scale; phenotype-SD estimation not applicable
GCST90012792	GCST90012792	skipped	non_quantitative_effect_scale				binary_trait								0.01	0.5			opengwasdb@a0656c0d073875c17088972b24cbb9568c0467a2	case-control effect scale; phenotype-SD estimation not applicable
GCST90012793	GCST90012793	skipped	non_quantitative_effect_scale				binary_trait								0.01	0.5			opengwasdb@a0656c0d073875c17088972b24cbb9568c0467a2	case-control effect scale; phenotype-SD estimation not applicable
GCST90012794	GCST90012794	skipped	non_quantitative_effect_scale				binary_trait								0.01	0.5			opengwasdb@a0656c0d073875c17088972b24cbb9568c0467a2	case-control effect scale; phenotype-SD estimation not applicable
GCST90012857	GCST90012857	skipped	non_quantitative_effect_scale				binary_trait								0.01	0.5			opengwasdb@a0656c0d073875c17088972b24cbb9568c0467a2	case-control effect scale; phenotype-SD estimation not applicable
GCST90012877	GCST90012877	passed		source		4.63219	estimated_from_source_maf	9119645						20000	0.01	0.5	4.63219	0.0575159	opengwasdb@a0656c0d073875c17088972b24cbb9568c0467a2	
GCST90012878	GCST90012878	passed		source		0.340908	estimated_from_source_maf	10953799						20000	0.01	0.5	0.340908	0.00123818	opengwasdb@a0656c0d073875c17088972b24cbb9568c0467a2	
GCST90013302	GCST90013302	skipped	non_quantitative_effect_scale				binary_trait								0.01	0.5			opengwasdb@a0656c0d073875c17088972b24cbb9568c0467a2	case-control effect scale; phenotype-SD estimation not applicable
GCST90013405	GCST90013405	passed		source		0.182344	estimated_from_source_maf	10297428						20000	0.01	0.5	0.182344	0.000702734	opengwasdb@a0656c0d073875c17088972b24cbb9568c0467a2	
GCST90013406	GCST90013406	passed		source		0.108674	estimated_from_source_maf	10480545						20000	0.01	0.5	0.108674	0.000571242	opengwasdb@a0656c0d073875c17088972b24cbb9568c0467a2	
GCST90013407	GCST90013407	passed		source		0.241331	estimated_from_source_maf	10480558						20000	0.01	0.5	0.241331	0.00106874	opengwasdb@a0656c0d073875c17088972b24cbb9568c0467a2	
GCST90013410	GCST90013410	skipped	non_quantitative_effect_scale				binary_trait								0.01	0.5			opengwasdb@a0656c0d073875c17088972b24cbb9568c0467a2	case-control effect scale; phenotype-SD estimation not applicable
GCST90013411	GCST90013411	skipped	non_quantitative_effect_scale				binary_trait								0.01	0.5			opengwasdb@a0656c0d073875c17088972b24cbb9568c0467a2	case-control effect scale; phenotype-SD estimation not applicable
GCST90013414	GCST90013414	skipped	non_quantitative_effect_scale				binary_trait								0.01	0.5			opengwasdb@a0656c0d073875c17088972b24cbb9568c0467a2	case-control effect scale; phenotype-SD estimation not applicable
GCST90013420	GCST90013420	skipped	non_quantitative_effect_scale				binary_trait								0.01	0.5			opengwasdb@a0656c0d073875c17088972b24cbb9568c0467a2	case-control effect scale; phenotype-SD estimation not applicable
GCST90013421	GCST90013421	failed	no_qualifying_evidence	source			estimated_from_source_maf	0						0	0.01	0.5			opengwasdb@a0656c0d073875c17088972b24cbb9568c0467a2	unavailable: no_qualifying_evidence
GCST90013422	GCST90013422	passed		source		1.11872	estimated_from_source_maf	8465032						20000	0.01	0.5	1.11872	0.00616239	opengwasdb@a0656c0d073875c17088972b24cbb9568c0467a2	
GCST90013423	GCST90013423	failed	no_qualifying_evidence	source			estimated_from_source_maf	0						0	0.01	0.5			opengwasdb@a0656c0d073875c17088972b24cbb9568c0467a2	unavailable: no_qualifying_evidence
GCST90013442	GCST90013442	skipped	non_quantitative_effect_scale				binary_trait								0.01	0.5			opengwasdb@a0656c0d073875c17088972b24cbb9568c0467a2	case-control effect scale; phenotype-SD estimation not applicable
GCST90013445	GCST90013445	skipped	non_quantitative_effect_scale				binary_trait								0.01	0.5			opengwasdb@a0656c0d073875c17088972b24cbb9568c0467a2	case-control effect scale; phenotype-SD estimation not applicable
GCST90013446	GCST90013446	skipped	non_quantitative_effect_scale				binary_trait								0.01	0.5			opengwasdb@a0656c0d073875c17088972b24cbb9568c0467a2	case-control effect scale; phenotype-SD estimation not applicable
GCST90013452	GCST90013452	passed		source		0.9854	estimated_from_source_maf	7374289						20000	0.01	0.5	0.9854	0.011095	opengwasdb@a0656c0d073875c17088972b24cbb9568c0467a2	
GCST90013453	GCST90013453	passed		source		0.960472	estimated_from_source_maf	7374289						20000	0.01	0.5	0.960472	0.0108277	opengwasdb@a0656c0d073875c17088972b24cbb9568c0467a2	
GCST90013454	GCST90013454	passed		source		0.970039	estimated_from_source_maf	7374289						20000	0.01	0.5	0.970039	0.0109089	opengwasdb@a0656c0d073875c17088972b24cbb9568c0467a2	
GCST90013455	GCST90013455	passed		source		0.993606	estimated_from_source_maf	7374289						20000	0.01	0.5	0.993606	0.0112005	opengwasdb@a0656c0d073875c17088972b24cbb9568c0467a2	
GCST90013456	GCST90013456	passed		source		0.988955	estimated_from_source_maf	7374289						20000	0.01	0.5	0.988955	0.0110625	opengwasdb@a0656c0d073875c17088972b24cbb9568c0467a2	
GCST90013473	GCST90013473	skipped	non_quantitative_effect_scale				binary_trait								0.01	0.5			opengwasdb@a0656c0d073875c17088972b24cbb9568c0467a2	case-control effect scale; phenotype-SD estimation not applicable
GCST90013474	GCST90013474	skipped	non_quantitative_effect_scale				binary_trait								0.01	0.5			opengwasdb@a0656c0d073875c17088972b24cbb9568c0467a2	case-control effect scale; phenotype-SD estimation not applicable
GCST90013537	GCST90013537	skipped	non_quantitative_effect_scale				binary_trait								0.01	0.5			opengwasdb@a0656c0d073875c17088972b24cbb9568c0467a2	case-control effect scale; phenotype-SD estimation not applicable
GCST90013538	GCST90013538	skipped	non_quantitative_effect_scale				binary_trait								0.01	0.5			opengwasdb@a0656c0d073875c17088972b24cbb9568c0467a2	case-control effect scale; phenotype-SD estimation not applicable
GCST90013539	GCST90013539	passed		source		1.01345	estimated_from_source_maf	281442						20000	0.01	0.5	1.01345	0.0164296	opengwasdb@a0656c0d073875c17088972b24cbb9568c0467a2	
GCST90013540	GCST90013540	passed		source		1.01611	estimated_from_source_maf	281442						20000	0.01	0.5	1.01611	0.0166482	opengwasdb@a0656c0d073875c17088972b24cbb9568c0467a2	
GCST90013541	GCST90013541	passed		source		1.00914	estimated_from_source_maf	281442						20000	0.01	0.5	1.00914	0.0163534	opengwasdb@a0656c0d073875c17088972b24cbb9568c0467a2	
GCST90013542	GCST90013542	passed		source		1.0035	estimated_from_source_maf	281442						20000	0.01	0.5	1.0035	0.0163883	opengwasdb@a0656c0d073875c17088972b24cbb9568c0467a2	
GCST90013543	GCST90013543	passed		source		1.0078	estimated_from_source_maf	281442						20000	0.01	0.5	1.0078	0.0163628	opengwasdb@a0656c0d073875c17088972b24cbb9568c0467a2	
GCST90013544	GCST90013544	passed		source		1.01784	estimated_from_source_maf	281442						20000	0.01	0.5	1.01784	0.0166124	opengwasdb@a0656c0d073875c17088972b24cbb9568c0467a2	
GCST90013545	GCST90013545	passed		source		0.966702	estimated_from_source_maf	281442						20000	0.01	0.5	0.966702	0.0156997	opengwasdb@a0656c0d073875c17088972b24cbb9568c0467a2	
GCST90013546	GCST90013546	passed		source		0.990903	estimated_from_source_maf	281442						20000	0.01	0.5	0.990903	0.0160737	opengwasdb@a0656c0d073875c17088972b24cbb9568c0467a2	
GCST90013547	GCST90013547	passed		source		1.01096	estimated_from_source_maf	281442						20000	0.01	0.5	1.01096	0.0166177	opengwasdb@a0656c0d073875c17088972b24cbb9568c0467a2	
GCST90013548	GCST90013548	passed		source		1.00997	estimated_from_source_maf	281442						20000	0.01	0.5	1.00997	0.0164612	opengwasdb@a0656c0d073875c17088972b24cbb9568c0467a2	
GCST90013549	GCST90013549	passed		source		1.00052	estimated_from_source_maf	281442						20000	0.01	0.5	1.00052	0.0163455	opengwasdb@a0656c0d073875c17088972b24cbb9568c0467a2	
GCST90013550	GCST90013550	passed		source		1.0133	estimated_from_source_maf	281442						20000	0.01	0.5	1.0133	0.0165047	opengwasdb@a0656c0d073875c17088972b24cbb9568c0467a2	
GCST90013551	GCST90013551	passed		source		1.00177	estimated_from_source_maf	281442						20000	0.01	0.5	1.00177	0.0164161	opengwasdb@a0656c0d073875c17088972b24cbb9568c0467a2	
GCST90013552	GCST90013552	passed		source		0.992232	estimated_from_source_maf	281442						20000	0.01	0.5	0.992232	0.0161382	opengwasdb@a0656c0d073875c17088972b24cbb9568c0467a2	
GCST90013553	GCST90013553	passed		source		1.00599	estimated_from_source_maf	281442						20000	0.01	0.5	1.00599	0.016281	opengwasdb@a0656c0d073875c17088972b24cbb9568c0467a2	
GCST90013554	GCST90013554	passed		source		0.967575	estimated_from_source_maf	280925						20000	0.01	0.5	0.967575	0.0156624	opengwasdb@a0656c0d073875c17088972b24cbb9568c0467a2	
GCST90013555	GCST90013555	passed		source		1.01266	estimated_from_source_maf	281442						20000	0.01	0.5	1.01266	0.0165868	opengwasdb@a0656c0d073875c17088972b24cbb9568c0467a2	
GCST90013556	GCST90013556	passed		source		1.00647	estimated_from_source_maf	281442						20000	0.01	0.5	1.00647	0.0164116	opengwasdb@a0656c0d073875c17088972b24cbb9568c0467a2	
GCST90013557	GCST90013557	passed		source		1.01204	estimated_from_source_maf	281442						20000	0.01	0.5	1.01204	0.0165251	opengwasdb@a0656c0d073875c17088972b24cbb9568c0467a2	
GCST90013558	GCST90013558	passed		source		1.01994	estimated_from_source_maf	281442						20000	0.01	0.5	1.01994	0.0167392	opengwasdb@a0656c0d073875c17088972b24cbb9568c0467a2	
GCST90013559	GCST90013559	passed		source		0.999165	estimated_from_source_maf	281442						20000	0.01	0.5	0.999165	0.0162222	opengwasdb@a0656c0d073875c17088972b24cbb9568c0467a2	
GCST90013560	GCST90013560	passed		source		0.946173	estimated_from_source_maf	281442						20000	0.01	0.5	0.946173	0.0153329	opengwasdb@a0656c0d073875c17088972b24cbb9568c0467a2	
GCST90013561	GCST90013561	passed		source		1.01644	estimated_from_source_maf	281442						20000	0.01	0.5	1.01644	0.0166563	opengwasdb@a0656c0d073875c17088972b24cbb9568c0467a2	
GCST90013562	GCST90013562	passed		source		1.01125	estimated_from_source_maf	281442						20000	0.01	0.5	1.01125	0.0164826	opengwasdb@a0656c0d073875c17088972b24cbb9568c0467a2	
GCST90013563	GCST90013563	passed		source		1.00595	estimated_from_source_maf	281442						20000	0.01	0.5	1.00595	0.016353	opengwasdb@a0656c0d073875c17088972b24cbb9568c0467a2	
GCST90013564	GCST90013564	passed		source		1.01629	estimated_from_source_maf	281442						20000	0.01	0.5	1.01629	0.0165749	opengwasdb@a0656c0d073875c17088972b24cbb9568c0467a2	
GCST90013565	GCST90013565	passed		source		0.993292	estimated_from_source_maf	281442						20000	0.01	0.5	0.993292	0.0162585	opengwasdb@a0656c0d073875c17088972b24cbb9568c0467a2	
GCST90013566	GCST90013566	passed		source		1.01407	estimated_from_source_maf	281442						20000	0.01	0.5	1.01407	0.0165014	opengwasdb@a0656c0d073875c17088972b24cbb9568c0467a2	
GCST90013567	GCST90013567	passed		source		1.01027	estimated_from_source_maf	281442						20000	0.01	0.5	1.01027	0.0164249	opengwasdb@a0656c0d073875c17088972b24cbb9568c0467a2	
GCST90013568	GCST90013568	passed		source		1.00978	estimated_from_source_maf	281442						20000	0.01	0.5	1.00978	0.0163801	opengwasdb@a0656c0d073875c17088972b24cbb9568c0467a2	
GCST90013569	GCST90013569	passed		source		0.991479	estimated_from_source_maf	281442						20000	0.01	0.5	0.991479	0.0160812	opengwasdb@a0656c0d073875c17088972b24cbb9568c0467a2	
GCST90013570	GCST90013570	passed		source		1.01527	estimated_from_source_maf	281442						20000	0.01	0.5	1.01527	0.0164946	opengwasdb@a0656c0d073875c17088972b24cbb9568c0467a2	
GCST90013571	GCST90013571	passed		source		0.989138	estimated_from_source_maf	281442						20000	0.01	0.5	0.989138	0.016026	opengwasdb@a0656c0d073875c17088972b24cbb9568c0467a2	
GCST90013572	GCST90013572	passed		source		0.981914	estimated_from_source_maf	281442						20000	0.01	0.5	0.981914	0.0159989	opengwasdb@a0656c0d073875c17088972b24cbb9568c0467a2	
GCST90013573	GCST90013573	passed		source		1.01547	estimated_from_source_maf	281442						20000	0.01	0.5	1.01547	0.0164729	opengwasdb@a0656c0d073875c17088972b24cbb9568c0467a2	
GCST90013574	GCST90013574	passed		source		1.01107	estimated_from_source_maf	281442						20000	0.01	0.5	1.01107	0.0164629	opengwasdb@a0656c0d073875c17088972b24cbb9568c0467a2	
GCST90013575	GCST90013575	passed		source		1.00691	estimated_from_source_maf	281442						20000	0.01	0.5	1.00691	0.0164255	opengwasdb@a0656c0d073875c17088972b24cbb9568c0467a2	
GCST90013576	GCST90013576	passed		source		0.995187	estimated_from_source_maf	281442						20000	0.01	0.5	0.995187	0.016196	opengwasdb@a0656c0d073875c17088972b24cbb9568c0467a2	
GCST90013577	GCST90013577	passed		source		1.00701	estimated_from_source_maf	281442						20000	0.01	0.5	1.00701	0.0164431	opengwasdb@a0656c0d073875c17088972b24cbb9568c0467a2	
GCST90013578	GCST90013578	passed		source		1.01481	estimated_from_source_maf	281442						20000	0.01	0.5	1.01481	0.0164847	opengwasdb@a0656c0d073875c17088972b24cbb9568c0467a2	
GCST90013579	GCST90013579	passed		source		1.0058	estimated_from_source_maf	281442						20000	0.01	0.5	1.0058	0.0164581	opengwasdb@a0656c0d073875c17088972b24cbb9568c0467a2	
GCST90013580	GCST90013580	passed		source		0.984345	estimated_from_source_maf	281442						20000	0.01	0.5	0.984345	0.0159754	opengwasdb@a0656c0d073875c17088972b24cbb9568c0467a2	
GCST90013581	GCST90013581	passed		source		1.00973	estimated_from_source_maf	281442						20000	0.01	0.5	1.00973	0.0163863	opengwasdb@a0656c0d073875c17088972b24cbb9568c0467a2	
GCST90013582	GCST90013582	passed		source		1.01077	estimated_from_source_maf	281442						20000	0.01	0.5	1.01077	0.0164293	opengwasdb@a0656c0d073875c17088972b24cbb9568c0467a2	
GCST90013658	GCST90013658	failed	no_qualifying_evidence	source			estimated_from_source_maf	0						0	0.01	0.5			opengwasdb@a0656c0d073875c17088972b24cbb9568c0467a2	unavailable: no_qualifying_evidence
GCST90013662	GCST90013662	skipped	non_quantitative_effect_scale				binary_trait								0.01	0.5			opengwasdb@a0656c0d073875c17088972b24cbb9568c0467a2	case-control effect scale; phenotype-SD estimation not applicable
GCST90013663	GCST90013663	failed	no_qualifying_evidence	source			estimated_from_source_maf	0						0	0.01	0.5			opengwasdb@a0656c0d073875c17088972b24cbb9568c0467a2	unavailable: no_qualifying_evidence
GCST90013664	GCST90013664	failed	no_qualifying_evidence	source			estimated_from_source_maf	0						0	0.01	0.5			opengwasdb@a0656c0d073875c17088972b24cbb9568c0467a2	unavailable: no_qualifying_evidence
GCST90013791	GCST90013791	skipped	non_quantitative_effect_scale				binary_trait								0.01	0.5			opengwasdb@a0656c0d073875c17088972b24cbb9568c0467a2	case-control effect scale; phenotype-SD estimation not applicable
GCST90014023	GCST90014023	skipped	non_quantitative_effect_scale				binary_trait								0.01	0.5			opengwasdb@a0656c0d073875c17088972b24cbb9568c0467a2	case-control effect scale; phenotype-SD estimation not applicable
GCST90014033	GCST90014033	skipped	non_quantitative_effect_scale				binary_trait								0.01	0.5			opengwasdb@a0656c0d073875c17088972b24cbb9568c0467a2	case-control effect scale; phenotype-SD estimation not applicable
GCST90014054	GCST90014054	skipped	non_quantitative_effect_scale				binary_trait								0.01	0.5			opengwasdb@a0656c0d073875c17088972b24cbb9568c0467a2	case-control effect scale; phenotype-SD estimation not applicable
GCST90014122	GCST90014122	skipped	non_quantitative_effect_scale				binary_trait								0.01	0.5			opengwasdb@a0656c0d073875c17088972b24cbb9568c0467a2	case-control effect scale; phenotype-SD estimation not applicable
GCST90014239	GCST90014239	passed		source		1.99336	estimated_from_source_maf	7745259						20000	0.01	0.5	1.99336	0.00464324	opengwasdb@a0656c0d073875c17088972b24cbb9568c0467a2	
GCST90014240	GCST90014240	passed		source		1.93916	estimated_from_source_maf	7745259						20000	0.01	0.5	1.93916	0.00451912	opengwasdb@a0656c0d073875c17088972b24cbb9568c0467a2	
GCST90014241	GCST90014241	passed		source		1.94588	estimated_from_source_maf	7745259						20000	0.01	0.5	1.94588	0.00453073	opengwasdb@a0656c0d073875c17088972b24cbb9568c0467a2	
GCST90014242	GCST90014242	passed		source		1.93377	estimated_from_source_maf	7745259						20000	0.01	0.5	1.93377	0.004508	opengwasdb@a0656c0d073875c17088972b24cbb9568c0467a2	
GCST90014243	GCST90014243	skipped	non_quantitative_effect_scale				binary_trait								0.01	0.5			opengwasdb@a0656c0d073875c17088972b24cbb9568c0467a2	case-control effect scale; phenotype-SD estimation not applicable
GCST90014266	GCST90014266	passed		source		4.5582	estimated_from_source_maf	9221786						20000	0.01	0.5	4.5582	0.0182595	opengwasdb@a0656c0d073875c17088972b24cbb9568c0467a2	
GCST90014267	GCST90014267	passed		source		5.98956	estimated_from_source_maf	9221786						20000	0.01	0.5	5.98956	0.0240308	opengwasdb@a0656c0d073875c17088972b24cbb9568c0467a2	
GCST90014268	GCST90014268	skipped	non_quantitative_effect_scale				binary_trait								0.01	0.5			opengwasdb@a0656c0d073875c17088972b24cbb9568c0467a2	case-control effect scale; phenotype-SD estimation not applicable
GCST90014287	GCST90014287	passed		source		0.0969953	estimated_from_source_maf	7567979						20000	0.01	0.5	0.0969953	0.00424641	opengwasdb@a0656c0d073875c17088972b24cbb9568c0467a2	
GCST90014288	GCST90014288	passed		source		4.07545	estimated_from_source_maf	7567839						20000	0.01	0.5	4.07545	0.0952272	opengwasdb@a0656c0d073875c17088972b24cbb9568c0467a2	
GCST90014289	GCST90014289	passed		source		4.00636	estimated_from_source_maf	7565163						20000	0.01	0.5	4.00636	0.0851392	opengwasdb@a0656c0d073875c17088972b24cbb9568c0467a2	
GCST90014290	GCST90014290	passed		source		4.11533	estimated_from_source_maf	7567667						20000	0.01	0.5	4.11533	0.0837635	opengwasdb@a0656c0d073875c17088972b24cbb9568c0467a2	
GCST90014291	GCST90014291	passed		source		9.8981	estimated_from_source_maf	7567307						20000	0.01	0.5	9.8981	0.407368	opengwasdb@a0656c0d073875c17088972b24cbb9568c0467a2	
GCST90014292	GCST90014292	passed		source		5.13252	estimated_from_source_maf	7567712						20000	0.01	0.5	5.13252	0.115516	opengwasdb@a0656c0d073875c17088972b24cbb9568c0467a2	
GCST90014299	GCST90014299	passed		source		0.119404	estimated_from_source_maf	6210326						20000	0.01	0.5	0.119404	0.0159085	opengwasdb@a0656c0d073875c17088972b24cbb9568c0467a2	
GCST90014300	GCST90014300	warning		source		4.79882	estimated_from_source_maf	6210539						20000	0.01	0.5	4.79882	0.631461	opengwasdb@a0656c0d073875c17088972b24cbb9568c0467a2	
GCST90014301	GCST90014301	warning		source		4.66651	estimated_from_source_maf	6210303						20000	0.01	0.5	4.66651	0.605547	opengwasdb@a0656c0d073875c17088972b24cbb9568c0467a2	
GCST90014302	GCST90014302	warning		source		4.87088	estimated_from_source_maf	6211045						20000	0.01	0.5	4.87088	0.632562	opengwasdb@a0656c0d073875c17088972b24cbb9568c0467a2	
GCST90014303	GCST90014303	warning		source		1835.32	estimated_from_source_maf	6210815						20000	0.01	0.5	1835.32	370.832	opengwasdb@a0656c0d073875c17088972b24cbb9568c0467a2	
GCST90014304	GCST90014304	warning		source		6.33247	estimated_from_source_maf	6210159						20000	0.01	0.5	6.33247	0.8519	opengwasdb@a0656c0d073875c17088972b24cbb9568c0467a2	
GCST90014325	GCST90014325	skipped	non_quantitative_effect_scale				binary_trait								0.01	0.5			opengwasdb@a0656c0d073875c17088972b24cbb9568c0467a2	case-control effect scale; phenotype-SD estimation not applicable
GCST90014426	GCST90014426	skipped	non_quantitative_effect_scale				binary_trait								0.01	0.5			opengwasdb@a0656c0d073875c17088972b24cbb9568c0467a2	case-control effect scale; phenotype-SD estimation not applicable
GCST90014427	GCST90014427	skipped	non_quantitative_effect_scale				binary_trait								0.01	0.5			opengwasdb@a0656c0d073875c17088972b24cbb9568c0467a2	case-control effect scale; phenotype-SD estimation not applicable
GCST90014428	GCST90014428	skipped	non_quantitative_effect_scale				binary_trait								0.01	0.5			opengwasdb@a0656c0d073875c17088972b24cbb9568c0467a2	case-control effect scale; phenotype-SD estimation not applicable
GCST90014429	GCST90014429	skipped	non_quantitative_effect_scale				binary_trait								0.01	0.5			opengwasdb@a0656c0d073875c17088972b24cbb9568c0467a2	case-control effect scale; phenotype-SD estimation not applicable
GCST90014430	GCST90014430	skipped	non_quantitative_effect_scale				binary_trait								0.01	0.5			opengwasdb@a0656c0d073875c17088972b24cbb9568c0467a2	case-control effect scale; phenotype-SD estimation not applicable
GCST90014431	GCST90014431	skipped	non_quantitative_effect_scale				binary_trait								0.01	0.5			opengwasdb@a0656c0d073875c17088972b24cbb9568c0467a2	case-control effect scale; phenotype-SD estimation not applicable
GCST90014432	GCST90014432	skipped	non_quantitative_effect_scale				binary_trait								0.01	0.5			opengwasdb@a0656c0d073875c17088972b24cbb9568c0467a2	case-control effect scale; phenotype-SD estimation not applicable
GCST90014433	GCST90014433	skipped	non_quantitative_effect_scale				binary_trait								0.01	0.5			opengwasdb@a0656c0d073875c17088972b24cbb9568c0467a2	case-control effect scale; phenotype-SD estimation not applicable
GCST90014434	GCST90014434	skipped	non_quantitative_effect_scale				binary_trait								0.01	0.5			opengwasdb@a0656c0d073875c17088972b24cbb9568c0467a2	case-control effect scale; phenotype-SD estimation not applicable
GCST90014435	GCST90014435	skipped	non_quantitative_effect_scale				binary_trait								0.01	0.5			opengwasdb@a0656c0d073875c17088972b24cbb9568c0467a2	case-control effect scale; phenotype-SD estimation not applicable
GCST90014436	GCST90014436	skipped	non_quantitative_effect_scale				binary_trait								0.01	0.5			opengwasdb@a0656c0d073875c17088972b24cbb9568c0467a2	case-control effect scale; phenotype-SD estimation not applicable
GCST90014437	GCST90014437	skipped	non_quantitative_effect_scale				binary_trait								0.01	0.5			opengwasdb@a0656c0d073875c17088972b24cbb9568c0467a2	case-control effect scale; phenotype-SD estimation not applicable
GCST90014438	GCST90014438	skipped	non_quantitative_effect_scale				binary_trait								0.01	0.5			opengwasdb@a0656c0d073875c17088972b24cbb9568c0467a2	case-control effect scale; phenotype-SD estimation not applicable
GCST90014439	GCST90014439	skipped	non_quantitative_effect_scale				binary_trait								0.01	0.5			opengwasdb@a0656c0d073875c17088972b24cbb9568c0467a2	case-control effect scale; phenotype-SD estimation not applicable
GCST90014440	GCST90014440	skipped	non_quantitative_effect_scale				binary_trait								0.01	0.5			opengwasdb@a0656c0d073875c17088972b24cbb9568c0467a2	case-control effect scale; phenotype-SD estimation not applicable
GCST90014441	GCST90014441	skipped	non_quantitative_effect_scale				binary_trait								0.01	0.5			opengwasdb@a0656c0d073875c17088972b24cbb9568c0467a2	case-control effect scale; phenotype-SD estimation not applicable
GCST90014442	GCST90014442	skipped	non_quantitative_effect_scale				binary_trait								0.01	0.5			opengwasdb@a0656c0d073875c17088972b24cbb9568c0467a2	case-control effect scale; phenotype-SD estimation not applicable
GCST90014443	GCST90014443	skipped	non_quantitative_effect_scale				binary_trait								0.01	0.5			opengwasdb@a0656c0d073875c17088972b24cbb9568c0467a2	case-control effect scale; phenotype-SD estimation not applicable
GCST90014444	GCST90014444	skipped	non_quantitative_effect_scale				binary_trait								0.01	0.5			opengwasdb@a0656c0d073875c17088972b24cbb9568c0467a2	case-control effect scale; phenotype-SD estimation not applicable
GCST90014445	GCST90014445	skipped	non_quantitative_effect_scale				binary_trait								0.01	0.5			opengwasdb@a0656c0d073875c17088972b24cbb9568c0467a2	case-control effect scale; phenotype-SD estimation not applicable
GCST90014446	GCST90014446	skipped	non_quantitative_effect_scale				binary_trait								0.01	0.5			opengwasdb@a0656c0d073875c17088972b24cbb9568c0467a2	case-control effect scale; phenotype-SD estimation not applicable
GCST90014447	GCST90014447	skipped	non_quantitative_effect_scale				binary_trait								0.01	0.5			opengwasdb@a0656c0d073875c17088972b24cbb9568c0467a2	case-control effect scale; phenotype-SD estimation not applicable
GCST90014448	GCST90014448	skipped	non_quantitative_effect_scale				binary_trait								0.01	0.5			opengwasdb@a0656c0d073875c17088972b24cbb9568c0467a2	case-control effect scale; phenotype-SD estimation not applicable
GCST90014449	GCST90014449	skipped	non_quantitative_effect_scale				binary_trait								0.01	0.5			opengwasdb@a0656c0d073875c17088972b24cbb9568c0467a2	case-control effect scale; phenotype-SD estimation not applicable
GCST90014450	GCST90014450	skipped	non_quantitative_effect_scale				binary_trait								0.01	0.5			opengwasdb@a0656c0d073875c17088972b24cbb9568c0467a2	case-control effect scale; phenotype-SD estimation not applicable
GCST90014451	GCST90014451	skipped	non_quantitative_effect_scale				binary_trait								0.01	0.5			opengwasdb@a0656c0d073875c17088972b24cbb9568c0467a2	case-control effect scale; phenotype-SD estimation not applicable
GCST90014452	GCST90014452	skipped	non_quantitative_effect_scale				binary_trait								0.01	0.5			opengwasdb@a0656c0d073875c17088972b24cbb9568c0467a2	case-control effect scale; phenotype-SD estimation not applicable
GCST90014453	GCST90014453	skipped	non_quantitative_effect_scale				binary_trait								0.01	0.5			opengwasdb@a0656c0d073875c17088972b24cbb9568c0467a2	case-control effect scale; phenotype-SD estimation not applicable
GCST90014454	GCST90014454	skipped	non_quantitative_effect_scale				binary_trait								0.01	0.5			opengwasdb@a0656c0d073875c17088972b24cbb9568c0467a2	case-control effect scale; phenotype-SD estimation not applicable
GCST90014455	GCST90014455	skipped	non_quantitative_effect_scale				binary_trait								0.01	0.5			opengwasdb@a0656c0d073875c17088972b24cbb9568c0467a2	case-control effect scale; phenotype-SD estimation not applicable
GCST90014456	GCST90014456	skipped	non_quantitative_effect_scale				binary_trait								0.01	0.5			opengwasdb@a0656c0d073875c17088972b24cbb9568c0467a2	case-control effect scale; phenotype-SD estimation not applicable
GCST90014457	GCST90014457	skipped	non_quantitative_effect_scale				binary_trait								0.01	0.5			opengwasdb@a0656c0d073875c17088972b24cbb9568c0467a2	case-control effect scale; phenotype-SD estimation not applicable
GCST90014458	GCST90014458	skipped	non_quantitative_effect_scale				binary_trait								0.01	0.5			opengwasdb@a0656c0d073875c17088972b24cbb9568c0467a2	case-control effect scale; phenotype-SD estimation not applicable
GCST90014459	GCST90014459	skipped	non_quantitative_effect_scale				binary_trait								0.01	0.5			opengwasdb@a0656c0d073875c17088972b24cbb9568c0467a2	case-control effect scale; phenotype-SD estimation not applicable
GCST90014460	GCST90014460	skipped	non_quantitative_effect_scale				binary_trait								0.01	0.5			opengwasdb@a0656c0d073875c17088972b24cbb9568c0467a2	case-control effect scale; phenotype-SD estimation not applicable
GCST90014461	GCST90014461	skipped	non_quantitative_effect_scale				binary_trait								0.01	0.5			opengwasdb@a0656c0d073875c17088972b24cbb9568c0467a2	case-control effect scale; phenotype-SD estimation not applicable
GCST90014462	GCST90014462	skipped	non_quantitative_effect_scale				binary_trait								0.01	0.5			opengwasdb@a0656c0d073875c17088972b24cbb9568c0467a2	case-control effect scale; phenotype-SD estimation not applicable
GCST90014463	GCST90014463	skipped	non_quantitative_effect_scale				binary_trait								0.01	0.5			opengwasdb@a0656c0d073875c17088972b24cbb9568c0467a2	case-control effect scale; phenotype-SD estimation not applicable
GCST90014464	GCST90014464	skipped	non_quantitative_effect_scale				binary_trait								0.01	0.5			opengwasdb@a0656c0d073875c17088972b24cbb9568c0467a2	case-control effect scale; phenotype-SD estimation not applicable
GCST90014465	GCST90014465	skipped	non_quantitative_effect_scale				binary_trait								0.01	0.5			opengwasdb@a0656c0d073875c17088972b24cbb9568c0467a2	case-control effect scale; phenotype-SD estimation not applicable
GCST90016564	GCST90016564	skipped	non_quantitative_effect_scale				binary_trait								0.01	0.5			opengwasdb@a0656c0d073875c17088972b24cbb9568c0467a2	case-control effect scale; phenotype-SD estimation not applicable
GCST90016585	GCST90016585	skipped	non_quantitative_effect_scale				binary_trait								0.01	0.5			opengwasdb@a0656c0d073875c17088972b24cbb9568c0467a2	case-control effect scale; phenotype-SD estimation not applicable
GCST90016586	GCST90016586	skipped	non_quantitative_effect_scale				binary_trait								0.01	0.5			opengwasdb@a0656c0d073875c17088972b24cbb9568c0467a2	case-control effect scale; phenotype-SD estimation not applicable
GCST90016587	GCST90016587	skipped	non_quantitative_effect_scale				binary_trait								0.01	0.5			opengwasdb@a0656c0d073875c17088972b24cbb9568c0467a2	case-control effect scale; phenotype-SD estimation not applicable
GCST90016588	GCST90016588	skipped	non_quantitative_effect_scale				binary_trait								0.01	0.5			opengwasdb@a0656c0d073875c17088972b24cbb9568c0467a2	case-control effect scale; phenotype-SD estimation not applicable
GCST90016589	GCST90016589	skipped	non_quantitative_effect_scale				binary_trait								0.01	0.5			opengwasdb@a0656c0d073875c17088972b24cbb9568c0467a2	case-control effect scale; phenotype-SD estimation not applicable
GCST90016590	GCST90016590	skipped	non_quantitative_effect_scale				binary_trait								0.01	0.5			opengwasdb@a0656c0d073875c17088972b24cbb9568c0467a2	case-control effect scale; phenotype-SD estimation not applicable
GCST90016591	GCST90016591	skipped	non_quantitative_effect_scale				binary_trait								0.01	0.5			opengwasdb@a0656c0d073875c17088972b24cbb9568c0467a2	case-control effect scale; phenotype-SD estimation not applicable
GCST90016592	GCST90016592	skipped	non_quantitative_effect_scale				binary_trait								0.01	0.5			opengwasdb@a0656c0d073875c17088972b24cbb9568c0467a2	case-control effect scale; phenotype-SD estimation not applicable
GCST90016593	GCST90016593	skipped	non_quantitative_effect_scale				binary_trait								0.01	0.5			opengwasdb@a0656c0d073875c17088972b24cbb9568c0467a2	case-control effect scale; phenotype-SD estimation not applicable
GCST90016594	GCST90016594	skipped	non_quantitative_effect_scale				binary_trait								0.01	0.5			opengwasdb@a0656c0d073875c17088972b24cbb9568c0467a2	case-control effect scale; phenotype-SD estimation not applicable
GCST90016665	GCST90016665	skipped	non_quantitative_effect_scale				binary_trait								0.01	0.5			opengwasdb@a0656c0d073875c17088972b24cbb9568c0467a2	case-control effect scale; phenotype-SD estimation not applicable
GCST90016666	GCST90016666	passed		source		0.897376	estimated_from_source_maf	9345964						20000	0.01	0.5	0.897376	0.00357918	opengwasdb@a0656c0d073875c17088972b24cbb9568c0467a2	
GCST90016667	GCST90016667	passed		source		0.89039	estimated_from_source_maf	9345964						20000	0.01	0.5	0.89039	0.00366003	opengwasdb@a0656c0d073875c17088972b24cbb9568c0467a2	
GCST90016668	GCST90016668	passed		source		0.860875	estimated_from_source_maf	9345964						20000	0.01	0.5	0.860875	0.00343245	opengwasdb@a0656c0d073875c17088972b24cbb9568c0467a2	
GCST90016669	GCST90016669	passed		source		0.941899	estimated_from_source_maf	9346029						20000	0.01	0.5	0.941899	0.00373374	opengwasdb@a0656c0d073875c17088972b24cbb9568c0467a2	
GCST90016670	GCST90016670	passed		source		0.809262	estimated_from_source_maf	9345964						20000	0.01	0.5	0.809262	0.0033369	opengwasdb@a0656c0d073875c17088972b24cbb9568c0467a2	
GCST90016671	GCST90016671	passed		source		0.846263	estimated_from_source_maf	9345964						20000	0.01	0.5	0.846263	0.00334744	opengwasdb@a0656c0d073875c17088972b24cbb9568c0467a2	
GCST90016672	GCST90016672	passed		source		0.920455	estimated_from_source_maf	9345964						20000	0.01	0.5	0.920455	0.00363455	opengwasdb@a0656c0d073875c17088972b24cbb9568c0467a2	
GCST90016673	GCST90016673	passed		source		0.987935	estimated_from_source_maf	9345943						20000	0.01	0.5	0.987935	0.00387741	opengwasdb@a0656c0d073875c17088972b24cbb9568c0467a2	
GCST90016674	GCST90016674	passed		source		0.990052	estimated_from_source_maf	9345943						20000	0.01	0.5	0.990052	0.00410041	opengwasdb@a0656c0d073875c17088972b24cbb9568c0467a2	
GCST90016675	GCST90016675	passed		source		0.963671	estimated_from_source_maf	9345711						20000	0.01	0.5	0.963671	0.00411047	opengwasdb@a0656c0d073875c17088972b24cbb9568c0467a2	
GCST90016676	GCST90016676	passed		source		0.980389	estimated_from_source_maf	9345711						20000	0.01	0.5	0.980389	0.00414402	opengwasdb@a0656c0d073875c17088972b24cbb9568c0467a2	
GCST90017133	GCST90017133	passed		source		2.97498	estimated_from_source_maf	8864941						20000	0.01	0.5	2.97498	0.10004	opengwasdb@a0656c0d073875c17088972b24cbb9568c0467a2	
GCST90017136	GCST90017136	passed		source		2.16376	estimated_from_source_maf	8864907						20000	0.01	0.5	2.16376	0.0787902	opengwasdb@a0656c0d073875c17088972b24cbb9568c0467a2	
GCST90017139	GCST90017139	passed		source		1.19154	estimated_from_source_maf	8940766						20000	0.01	0.5	1.19154	0.0448088	opengwasdb@a0656c0d073875c17088972b24cbb9568c0467a2	
GCST90017140	GCST90017140	passed		source		1.33072	estimated_from_source_maf	8940766						20000	0.01	0.5	1.33072	0.044476	opengwasdb@a0656c0d073875c17088972b24cbb9568c0467a2	
GCST90017141	GCST90017141	passed		source		1.00725	estimated_from_source_maf	8861970						20000	0.01	0.5	1.00725	0.0118342	opengwasdb@a0656c0d073875c17088972b24cbb9568c0467a2	
GCST90017142	GCST90017142	passed		source		1.01486	estimated_from_source_maf	8861970						20000	0.01	0.5	1.01486	0.0171868	opengwasdb@a0656c0d073875c17088972b24cbb9568c0467a2	
GCST90017143	GCST90017143	passed		source		0.161543	estimated_from_source_maf	10983484						20000	0.01	0.5	0.161543	0.00213338	opengwasdb@a0656c0d073875c17088972b24cbb9568c0467a2	
GCST90017147	GCST90017147	failed	no_qualifying_evidence	source			estimated_from_source_maf	0						0	0.01	0.5			opengwasdb@a0656c0d073875c17088972b24cbb9568c0467a2	unavailable: no_qualifying_evidence
GCST90017148	GCST90017148	failed	no_qualifying_evidence	source			estimated_from_source_maf	0						0	0.01	0.5			opengwasdb@a0656c0d073875c17088972b24cbb9568c0467a2	unavailable: no_qualifying_evidence
GCST90018120	GCST90018120	skipped	non_quantitative_effect_scale				binary_trait								0.01	0.5			opengwasdb@a0656c0d073875c17088972b24cbb9568c0467a2	case-control effect scale; phenotype-SD estimation not applicable
GCST90019012	GCST90019012	passed		source		0.17999	estimated_from_source_maf	9941470						20000	0.01	0.5	0.17999	0.000798753	opengwasdb@a0656c0d073875c17088972b24cbb9568c0467a2	
GCST90019013	GCST90019013	passed		source		0.467347	estimated_from_source_maf	9941932						20000	0.01	0.5	0.467347	0.00203604	opengwasdb@a0656c0d073875c17088972b24cbb9568c0467a2	
GCST90019014	GCST90019014	passed		source		1.56981	estimated_from_source_maf	9941913						20000	0.01	0.5	1.56981	0.00685539	opengwasdb@a0656c0d073875c17088972b24cbb9568c0467a2	
GCST90019016	GCST90019016	skipped	non_quantitative_effect_scale				binary_trait								0.01	0.5			opengwasdb@a0656c0d073875c17088972b24cbb9568c0467a2	case-control effect scale; phenotype-SD estimation not applicable
GCST90019017	GCST90019017	skipped	non_quantitative_effect_scale				binary_trait								0.01	0.5			opengwasdb@a0656c0d073875c17088972b24cbb9568c0467a2	case-control effect scale; phenotype-SD estimation not applicable
GCST90019040	GCST90019040	passed		source		0.555997	estimated_from_source_maf	6363591						20000	0.01	0.5	0.555997	0.00541003	opengwasdb@a0656c0d073875c17088972b24cbb9568c0467a2	
GCST90019041	GCST90019041	passed		source		1.05386	estimated_from_source_maf	8869143						20000	0.01	0.5	1.05386	0.0366809	opengwasdb@a0656c0d073875c17088972b24cbb9568c0467a2	
GCST90019042	GCST90019042	passed		source		0.998949	estimated_from_source_maf	8869143						20000	0.01	0.5	0.998949	0.0348331	opengwasdb@a0656c0d073875c17088972b24cbb9568c0467a2	
GCST90019043	GCST90019043	passed		source		1.04501	estimated_from_source_maf	8874919						20000	0.01	0.5	1.04501	0.0367509	opengwasdb@a0656c0d073875c17088972b24cbb9568c0467a2	
GCST90019044	GCST90019044	passed		source		1.0285	estimated_from_source_maf	8869143						20000	0.01	0.5	1.0285	0.0358404	opengwasdb@a0656c0d073875c17088972b24cbb9568c0467a2	
GCST90019045	GCST90019045	passed		source		1.05029	estimated_from_source_maf	8869143						20000	0.01	0.5	1.05029	0.0367001	opengwasdb@a0656c0d073875c17088972b24cbb9568c0467a2	
GCST90019046	GCST90019046	passed		source		1.0353	estimated_from_source_maf	8869143						20000	0.01	0.5	1.0353	0.0361075	opengwasdb@a0656c0d073875c17088972b24cbb9568c0467a2	
GCST90019492	GCST90019492	failed	no_qualifying_evidence	source			estimated_from_source_maf	0						0	0.01	0.5			opengwasdb@a0656c0d073875c17088972b24cbb9568c0467a2	unavailable: no_qualifying_evidence
GCST90019493	GCST90019493	failed	no_qualifying_evidence	source			estimated_from_source_maf	0						0	0.01	0.5			opengwasdb@a0656c0d073875c17088972b24cbb9568c0467a2	unavailable: no_qualifying_evidence
GCST90019494	GCST90019494	failed	no_qualifying_evidence	source			estimated_from_source_maf	0						0	0.01	0.5			opengwasdb@a0656c0d073875c17088972b24cbb9568c0467a2	unavailable: no_qualifying_evidence
GCST90019495	GCST90019495	failed	no_qualifying_evidence	source			estimated_from_source_maf	0						0	0.01	0.5			opengwasdb@a0656c0d073875c17088972b24cbb9568c0467a2	unavailable: no_qualifying_evidence
GCST90019496	GCST90019496	failed	no_qualifying_evidence	source			estimated_from_source_maf	0						0	0.01	0.5			opengwasdb@a0656c0d073875c17088972b24cbb9568c0467a2	unavailable: no_qualifying_evidence
GCST90019497	GCST90019497	failed	no_qualifying_evidence	source			estimated_from_source_maf	0						0	0.01	0.5			opengwasdb@a0656c0d073875c17088972b24cbb9568c0467a2	unavailable: no_qualifying_evidence
GCST90019498	GCST90019498	failed	no_qualifying_evidence	source			estimated_from_source_maf	0						0	0.01	0.5			opengwasdb@a0656c0d073875c17088972b24cbb9568c0467a2	unavailable: no_qualifying_evidence
GCST90019499	GCST90019499	failed	no_qualifying_evidence	source			estimated_from_source_maf	0						0	0.01	0.5			opengwasdb@a0656c0d073875c17088972b24cbb9568c0467a2	unavailable: no_qualifying_evidence
GCST90019500	GCST90019500	failed	no_qualifying_evidence	source			estimated_from_source_maf	0						0	0.01	0.5			opengwasdb@a0656c0d073875c17088972b24cbb9568c0467a2	unavailable: no_qualifying_evidence
GCST90019501	GCST90019501	failed	no_qualifying_evidence	source			estimated_from_source_maf	0						0	0.01	0.5			opengwasdb@a0656c0d073875c17088972b24cbb9568c0467a2	unavailable: no_qualifying_evidence
GCST90019502	GCST90019502	failed	no_qualifying_evidence	source			estimated_from_source_maf	0						0	0.01	0.5			opengwasdb@a0656c0d073875c17088972b24cbb9568c0467a2	unavailable: no_qualifying_evidence
GCST90019503	GCST90019503	failed	no_qualifying_evidence	source			estimated_from_source_maf	0						0	0.01	0.5			opengwasdb@a0656c0d073875c17088972b24cbb9568c0467a2	unavailable: no_qualifying_evidence
GCST90019504	GCST90019504	failed	no_qualifying_evidence	source			estimated_from_source_maf	0						0	0.01	0.5			opengwasdb@a0656c0d073875c17088972b24cbb9568c0467a2	unavailable: no_qualifying_evidence
GCST90019505	GCST90019505	failed	no_qualifying_evidence	source			estimated_from_source_maf	0						0	0.01	0.5			opengwasdb@a0656c0d073875c17088972b24cbb9568c0467a2	unavailable: no_qualifying_evidence
GCST90019506	GCST90019506	failed	no_qualifying_evidence	source			estimated_from_source_maf	0						0	0.01	0.5			opengwasdb@a0656c0d073875c17088972b24cbb9568c0467a2	unavailable: no_qualifying_evidence
GCST90019507	GCST90019507	failed	no_qualifying_evidence	source			estimated_from_source_maf	0						0	0.01	0.5			opengwasdb@a0656c0d073875c17088972b24cbb9568c0467a2	unavailable: no_qualifying_evidence
GCST90019508	GCST90019508	failed	no_qualifying_evidence	source			estimated_from_source_maf	0						0	0.01	0.5			opengwasdb@a0656c0d073875c17088972b24cbb9568c0467a2	unavailable: no_qualifying_evidence
GCST90019509	GCST90019509	failed	no_qualifying_evidence	source			estimated_from_source_maf	0						0	0.01	0.5			opengwasdb@a0656c0d073875c17088972b24cbb9568c0467a2	unavailable: no_qualifying_evidence
GCST90019510	GCST90019510	failed	no_qualifying_evidence	source			estimated_from_source_maf	0						0	0.01	0.5			opengwasdb@a0656c0d073875c17088972b24cbb9568c0467a2	unavailable: no_qualifying_evidence
GCST90019511	GCST90019511	failed	no_qualifying_evidence	source			estimated_from_source_maf	0						0	0.01	0.5			opengwasdb@a0656c0d073875c17088972b24cbb9568c0467a2	unavailable: no_qualifying_evidence
GCST90019512	GCST90019512	failed	no_qualifying_evidence	source			estimated_from_source_maf	0						0	0.01	0.5			opengwasdb@a0656c0d073875c17088972b24cbb9568c0467a2	unavailable: no_qualifying_evidence
GCST90019513	GCST90019513	failed	no_qualifying_evidence	source			estimated_from_source_maf	0						0	0.01	0.5			opengwasdb@a0656c0d073875c17088972b24cbb9568c0467a2	unavailable: no_qualifying_evidence
GCST90019514	GCST90019514	failed	no_qualifying_evidence	source			estimated_from_source_maf	0						0	0.01	0.5			opengwasdb@a0656c0d073875c17088972b24cbb9568c0467a2	unavailable: no_qualifying_evidence
GCST90019515	GCST90019515	failed	no_qualifying_evidence	source			estimated_from_source_maf	0						0	0.01	0.5			opengwasdb@a0656c0d073875c17088972b24cbb9568c0467a2	unavailable: no_qualifying_evidence
GCST90019516	GCST90019516	failed	no_qualifying_evidence	source			estimated_from_source_maf	0						0	0.01	0.5			opengwasdb@a0656c0d073875c17088972b24cbb9568c0467a2	unavailable: no_qualifying_evidence
GCST90019517	GCST90019517	failed	no_qualifying_evidence	source			estimated_from_source_maf	0						0	0.01	0.5			opengwasdb@a0656c0d073875c17088972b24cbb9568c0467a2	unavailable: no_qualifying_evidence
GCST90019518	GCST90019518	failed	no_qualifying_evidence	source			estimated_from_source_maf	0						0	0.01	0.5			opengwasdb@a0656c0d073875c17088972b24cbb9568c0467a2	unavailable: no_qualifying_evidence
GCST90019519	GCST90019519	failed	no_qualifying_evidence	source			estimated_from_source_maf	0						0	0.01	0.5			opengwasdb@a0656c0d073875c17088972b24cbb9568c0467a2	unavailable: no_qualifying_evidence
GCST90019520	GCST90019520	failed	no_qualifying_evidence	source			estimated_from_source_maf	0						0	0.01	0.5			opengwasdb@a0656c0d073875c17088972b24cbb9568c0467a2	unavailable: no_qualifying_evidence
GCST90019521	GCST90019521	failed	no_qualifying_evidence	source			estimated_from_source_maf	0						0	0.01	0.5			opengwasdb@a0656c0d073875c17088972b24cbb9568c0467a2	unavailable: no_qualifying_evidence
GCST90019522	GCST90019522	failed	no_qualifying_evidence	source			estimated_from_source_maf	0						0	0.01	0.5			opengwasdb@a0656c0d073875c17088972b24cbb9568c0467a2	unavailable: no_qualifying_evidence
GCST90019523	GCST90019523	failed	no_qualifying_evidence	source			estimated_from_source_maf	0						0	0.01	0.5			opengwasdb@a0656c0d073875c17088972b24cbb9568c0467a2	unavailable: no_qualifying_evidence
GCST90019524	GCST90019524	failed	no_qualifying_evidence	source			estimated_from_source_maf	0						0	0.01	0.5			opengwasdb@a0656c0d073875c17088972b24cbb9568c0467a2	unavailable: no_qualifying_evidence
GCST90019525	GCST90019525	failed	no_qualifying_evidence	source			estimated_from_source_maf	0						0	0.01	0.5			opengwasdb@a0656c0d073875c17088972b24cbb9568c0467a2	unavailable: no_qualifying_evidence
GCST90019526	GCST90019526	failed	no_qualifying_evidence	source			estimated_from_source_maf	0						0	0.01	0.5			opengwasdb@a0656c0d073875c17088972b24cbb9568c0467a2	unavailable: no_qualifying_evidence
GCST90020024	GCST90020024	passed		source		0.946864	estimated_from_source_maf	9106729						20000	0.01	0.5	0.946864	0.00318304	opengwasdb@a0656c0d073875c17088972b24cbb9568c0467a2	
GCST90020025	GCST90020025	passed		source		0.937213	estimated_from_source_maf	9106729						20000	0.01	0.5	0.937213	0.00360339	opengwasdb@a0656c0d073875c17088972b24cbb9568c0467a2	
GCST90020026	GCST90020026	passed		source		0.972672	estimated_from_source_maf	9106729						20000	0.01	0.5	0.972672	0.00300944	opengwasdb@a0656c0d073875c17088972b24cbb9568c0467a2	
GCST90020027	GCST90020027	passed		source		0.937645	estimated_from_source_maf	9106729						20000	0.01	0.5	0.937645	0.00366523	opengwasdb@a0656c0d073875c17088972b24cbb9568c0467a2	
GCST90020028	GCST90020028	passed		source		0.935979	estimated_from_source_maf	9106729						20000	0.01	0.5	0.935979	0.00362074	opengwasdb@a0656c0d073875c17088972b24cbb9568c0467a2	
GCST90020029	GCST90020029	passed		source		0.945241	estimated_from_source_maf	9106729						20000	0.01	0.5	0.945241	0.00343985	opengwasdb@a0656c0d073875c17088972b24cbb9568c0467a2	
GCST90020034	GCST90020034	failed	no_qualifying_evidence	source			estimated_from_source_maf	0						0	0.01	0.5			opengwasdb@a0656c0d073875c17088972b24cbb9568c0467a2	unavailable: no_qualifying_evidence
GCST90020035	GCST90020035	failed	no_qualifying_evidence	source			estimated_from_source_maf	0						0	0.01	0.5			opengwasdb@a0656c0d073875c17088972b24cbb9568c0467a2	unavailable: no_qualifying_evidence
GCST90020053	GCST90020053	passed		source		0.982275	estimated_from_source_maf	7651007						20000	0.01	0.5	0.982275	0.00655586	opengwasdb@a0656c0d073875c17088972b24cbb9568c0467a2	
GCST90020070	GCST90020070	skipped	non_quantitative_effect_scale				binary_trait								0.01	0.5			opengwasdb@a0656c0d073875c17088972b24cbb9568c0467a2	case-control effect scale; phenotype-SD estimation not applicable
GCST90020071	GCST90020071	skipped	non_quantitative_effect_scale				binary_trait								0.01	0.5			opengwasdb@a0656c0d073875c17088972b24cbb9568c0467a2	case-control effect scale; phenotype-SD estimation not applicable
GCST90020072	GCST90020072	skipped	non_quantitative_effect_scale				binary_trait								0.01	0.5			opengwasdb@a0656c0d073875c17088972b24cbb9568c0467a2	case-control effect scale; phenotype-SD estimation not applicable
GCST90020091	GCST90020091	skipped	non_quantitative_effect_scale				binary_trait								0.01	0.5			opengwasdb@a0656c0d073875c17088972b24cbb9568c0467a2	case-control effect scale; phenotype-SD estimation not applicable
GCST90020092	GCST90020092	skipped	non_quantitative_effect_scale				binary_trait								0.01	0.5			opengwasdb@a0656c0d073875c17088972b24cbb9568c0467a2	case-control effect scale; phenotype-SD estimation not applicable
GCST90020165	GCST90020165	failed	no_qualifying_evidence	source			estimated_from_source_maf	0						0	0.01	0.5			opengwasdb@a0656c0d073875c17088972b24cbb9568c0467a2	unavailable: no_qualifying_evidence
GCST90020166	GCST90020166	failed	no_qualifying_evidence	source			estimated_from_source_maf	0						0	0.01	0.5			opengwasdb@a0656c0d073875c17088972b24cbb9568c0467a2	unavailable: no_qualifying_evidence
GCST90020167	GCST90020167	failed	no_qualifying_evidence	source			estimated_from_source_maf	0						0	0.01	0.5			opengwasdb@a0656c0d073875c17088972b24cbb9568c0467a2	unavailable: no_qualifying_evidence
GCST90020168	GCST90020168	failed	no_qualifying_evidence	source			estimated_from_source_maf	0						0	0.01	0.5			opengwasdb@a0656c0d073875c17088972b24cbb9568c0467a2	unavailable: no_qualifying_evidence
GCST90020190	GCST90020190	failed	no_qualifying_evidence	source			estimated_from_source_maf	0						0	0.01	0.5			opengwasdb@a0656c0d073875c17088972b24cbb9568c0467a2	unavailable: no_qualifying_evidence
GCST90020191	GCST90020191	failed	no_qualifying_evidence	source			estimated_from_source_maf	0						0	0.01	0.5			opengwasdb@a0656c0d073875c17088972b24cbb9568c0467a2	unavailable: no_qualifying_evidence
GCST90020192	GCST90020192	failed	no_qualifying_evidence	source			estimated_from_source_maf	0						0	0.01	0.5			opengwasdb@a0656c0d073875c17088972b24cbb9568c0467a2	unavailable: no_qualifying_evidence
GCST90020193	GCST90020193	failed	no_qualifying_evidence	source			estimated_from_source_maf	0						0	0.01	0.5			opengwasdb@a0656c0d073875c17088972b24cbb9568c0467a2	unavailable: no_qualifying_evidence
GCST90020194	GCST90020194	failed	no_qualifying_evidence	source			estimated_from_source_maf	0						0	0.01	0.5			opengwasdb@a0656c0d073875c17088972b24cbb9568c0467a2	unavailable: no_qualifying_evidence
GCST90020195	GCST90020195	failed	no_qualifying_evidence	source			estimated_from_source_maf	0						0	0.01	0.5			opengwasdb@a0656c0d073875c17088972b24cbb9568c0467a2	unavailable: no_qualifying_evidence
GCST90020196	GCST90020196	failed	no_qualifying_evidence	source			estimated_from_source_maf	0						0	0.01	0.5			opengwasdb@a0656c0d073875c17088972b24cbb9568c0467a2	unavailable: no_qualifying_evidence
GCST90020197	GCST90020197	failed	no_qualifying_evidence	source			estimated_from_source_maf	0						0	0.01	0.5			opengwasdb@a0656c0d073875c17088972b24cbb9568c0467a2	unavailable: no_qualifying_evidence
GCST90025945	GCST90025945	passed		source		0.90439	estimated_from_source_maf	798972						20000	0.01	0.5	0.90439	0.0028936	opengwasdb@a0656c0d073875c17088972b24cbb9568c0467a2	
GCST90025946	GCST90025946	passed		source		0.931036	estimated_from_source_maf	798969						20000	0.01	0.5	0.931036	0.00268092	opengwasdb@a0656c0d073875c17088972b24cbb9568c0467a2	
GCST90025947	GCST90025947	passed		source		0.888681	estimated_from_source_maf	798960						20000	0.01	0.5	0.888681	0.0037415	opengwasdb@a0656c0d073875c17088972b24cbb9568c0467a2	
GCST90025948	GCST90025948	passed		source		0.95934	estimated_from_source_maf	798968						20000	0.01	0.5	0.95934	0.00209179	opengwasdb@a0656c0d073875c17088972b24cbb9568c0467a2	
GCST90025949	GCST90025949	passed		source		0.751254	estimated_from_source_maf	798971						20000	0.01	0.5	0.751254	0.00650229	opengwasdb@a0656c0d073875c17088972b24cbb9568c0467a2	
GCST90025950	GCST90025950	passed		source		0.920376	estimated_from_source_maf	798971						20000	0.01	0.5	0.920376	0.0030025	opengwasdb@a0656c0d073875c17088972b24cbb9568c0467a2	
GCST90025951	GCST90025951	passed		source		0.875812	estimated_from_source_maf	798955						20000	0.01	0.5	0.875812	0.00512745	opengwasdb@a0656c0d073875c17088972b24cbb9568c0467a2	
GCST90025952	GCST90025952	passed		source		0.947148	estimated_from_source_maf	798972						20000	0.01	0.5	0.947148	0.00215424	opengwasdb@a0656c0d073875c17088972b24cbb9568c0467a2	
GCST90025953	GCST90025953	passed		source		0.961786	estimated_from_source_maf	798966						20000	0.01	0.5	0.961786	0.0020069	opengwasdb@a0656c0d073875c17088972b24cbb9568c0467a2	
GCST90025954	GCST90025954	passed		source		0.963477	estimated_from_source_maf	798968						20000	0.01	0.5	0.963477	0.00201637	opengwasdb@a0656c0d073875c17088972b24cbb9568c0467a2	
GCST90025955	GCST90025955	passed		source		0.914986	estimated_from_source_maf	798975						20000	0.01	0.5	0.914986	0.00352015	opengwasdb@a0656c0d073875c17088972b24cbb9568c0467a2	
GCST90025956	GCST90025956	passed		source		0.885394	estimated_from_source_maf	798970						20000	0.01	0.5	0.885394	0.00413492	opengwasdb@a0656c0d073875c17088972b24cbb9568c0467a2	
GCST90025957	GCST90025957	passed		source		0.924744	estimated_from_source_maf	798975						20000	0.01	0.5	0.924744	0.00334307	opengwasdb@a0656c0d073875c17088972b24cbb9568c0467a2	
GCST90025958	GCST90025958	passed		source		0.895819	estimated_from_source_maf	798968						20000	0.01	0.5	0.895819	0.00376293	opengwasdb@a0656c0d073875c17088972b24cbb9568c0467a2	
GCST90025959	GCST90025959	passed		source		0.935079	estimated_from_source_maf	798965						20000	0.01	0.5	0.935079	0.00239784	opengwasdb@a0656c0d073875c17088972b24cbb9568c0467a2	
GCST90025960	GCST90025960	passed		source		0.829216	estimated_from_source_maf	798961						20000	0.01	0.5	0.829216	0.0070527	opengwasdb@a0656c0d073875c17088972b24cbb9568c0467a2	
GCST90025962	GCST90025962	passed		source		0.88151	estimated_from_source_maf	798959						20000	0.01	0.5	0.88151	0.00352263	opengwasdb@a0656c0d073875c17088972b24cbb9568c0467a2	
GCST90025963	GCST90025963	passed		source		0.871593	estimated_from_source_maf	798955						20000	0.01	0.5	0.871593	0.00354658	opengwasdb@a0656c0d073875c17088972b24cbb9568c0467a2	
GCST90025964	GCST90025964	passed		source		0.902181	estimated_from_source_maf	798958						20000	0.01	0.5	0.902181	0.00326292	opengwasdb@a0656c0d073875c17088972b24cbb9568c0467a2	
GCST90025965	GCST90025965	passed		source		0.912111	estimated_from_source_maf	798975						20000	0.01	0.5	0.912111	0.00337099	opengwasdb@a0656c0d073875c17088972b24cbb9568c0467a2	
GCST90025966	GCST90025966	passed		source		0.920025	estimated_from_source_maf	798962						20000	0.01	0.5	0.920025	0.0028585	opengwasdb@a0656c0d073875c17088972b24cbb9568c0467a2	
GCST90025967	GCST90025967	passed		source		0.967443	estimated_from_source_maf	798973						20000	0.01	0.5	0.967443	0.00186302	opengwasdb@a0656c0d073875c17088972b24cbb9568c0467a2	
GCST90025968	GCST90025968	passed		source		0.94143	estimated_from_source_maf	798982						20000	0.01	0.5	0.94143	0.00265721	opengwasdb@a0656c0d073875c17088972b24cbb9568c0467a2	
GCST90025969	GCST90025969	passed		source		0.933925	estimated_from_source_maf	798964						20000	0.01	0.5	0.933925	0.00252918	opengwasdb@a0656c0d073875c17088972b24cbb9568c0467a2	
GCST90025970	GCST90025970	passed		source		0.918599	estimated_from_source_maf	798973						20000	0.01	0.5	0.918599	0.0034761	opengwasdb@a0656c0d073875c17088972b24cbb9568c0467a2	
GCST90025971	GCST90025971	passed		source		0.944691	estimated_from_source_maf	798962						20000	0.01	0.5	0.944691	0.00236613	opengwasdb@a0656c0d073875c17088972b24cbb9568c0467a2	
GCST90025972	GCST90025972	passed		source		0.923879	estimated_from_source_maf	798970						20000	0.01	0.5	0.923879	0.00303503	opengwasdb@a0656c0d073875c17088972b24cbb9568c0467a2	
GCST90025973	GCST90025973	passed		source		0.852346	estimated_from_source_maf	798969						20000	0.01	0.5	0.852346	0.00260372	opengwasdb@a0656c0d073875c17088972b24cbb9568c0467a2	
GCST90025974	GCST90025974	passed		source		0.915246	estimated_from_source_maf	798965						20000	0.01	0.5	0.915246	0.00359006	opengwasdb@a0656c0d073875c17088972b24cbb9568c0467a2	
GCST90025975	GCST90025975	passed		source		0.912629	estimated_from_source_maf	798969						20000	0.01	0.5	0.912629	0.00287639	opengwasdb@a0656c0d073875c17088972b24cbb9568c0467a2	
GCST90025976	GCST90025976	passed		source		0.883699	estimated_from_source_maf	798970						20000	0.01	0.5	0.883699	0.00315859	opengwasdb@a0656c0d073875c17088972b24cbb9568c0467a2	
GCST90025977	GCST90025977	passed		source		0.945297	estimated_from_source_maf	798962						20000	0.01	0.5	0.945297	0.0024181	opengwasdb@a0656c0d073875c17088972b24cbb9568c0467a2	
GCST90025978	GCST90025978	passed		source		0.917842	estimated_from_source_maf	799007						20000	0.01	0.5	0.917842	0.00347759	opengwasdb@a0656c0d073875c17088972b24cbb9568c0467a2	
GCST90025979	GCST90025979	passed		source		0.96198	estimated_from_source_maf	798965						20000	0.01	0.5	0.96198	0.00202511	opengwasdb@a0656c0d073875c17088972b24cbb9568c0467a2	
GCST90025980	GCST90025980	passed		source		0.957136	estimated_from_source_maf	798965						20000	0.01	0.5	0.957136	0.00225555	opengwasdb@a0656c0d073875c17088972b24cbb9568c0467a2	
GCST90025981	GCST90025981	passed		source		0.939591	estimated_from_source_maf	798982						20000	0.01	0.5	0.939591	0.00257195	opengwasdb@a0656c0d073875c17088972b24cbb9568c0467a2	
GCST90025982	GCST90025982	passed		source		0.880938	estimated_from_source_maf	798981						20000	0.01	0.5	0.880938	0.00420769	opengwasdb@a0656c0d073875c17088972b24cbb9568c0467a2	
GCST90025983	GCST90025983	passed		source		0.906368	estimated_from_source_maf	798981						20000	0.01	0.5	0.906368	0.00226635	opengwasdb@a0656c0d073875c17088972b24cbb9568c0467a2	
GCST90025984	GCST90025984	passed		source		0.93222	estimated_from_source_maf	798962						20000	0.01	0.5	0.93222	0.00302021	opengwasdb@a0656c0d073875c17088972b24cbb9568c0467a2	
GCST90025985	GCST90025985	passed		source		0.932846	estimated_from_source_maf	798960						20000	0.01	0.5	0.932846	0.00254232	opengwasdb@a0656c0d073875c17088972b24cbb9568c0467a2	
GCST90025986	GCST90025986	passed		source		0.974205	estimated_from_source_maf	798955						20000	0.01	0.5	0.974205	0.00176685	opengwasdb@a0656c0d073875c17088972b24cbb9568c0467a2	
GCST90025987	GCST90025987	passed		source		0.93538	estimated_from_source_maf	798967						20000	0.01	0.5	0.93538	0.00296633	opengwasdb@a0656c0d073875c17088972b24cbb9568c0467a2	
GCST90025988	GCST90025988	passed		source		0.924462	estimated_from_source_maf	798950						20000	0.01	0.5	0.924462	0.00288314	opengwasdb@a0656c0d073875c17088972b24cbb9568c0467a2	
GCST90025989	GCST90025989	passed		source		0.919483	estimated_from_source_maf	798967						20000	0.01	0.5	0.919483	0.00331785	opengwasdb@a0656c0d073875c17088972b24cbb9568c0467a2	
GCST90025990	GCST90025990	passed		source		0.960143	estimated_from_source_maf	798972						20000	0.01	0.5	0.960143	0.00209962	opengwasdb@a0656c0d073875c17088972b24cbb9568c0467a2	
GCST90025991	GCST90025991	passed		source		0.970682	estimated_from_source_maf	798970						20000	0.01	0.5	0.970682	0.00193464	opengwasdb@a0656c0d073875c17088972b24cbb9568c0467a2	
GCST90025992	GCST90025992	passed		source		0.959554	estimated_from_source_maf	798972						20000	0.01	0.5	0.959554	0.00209383	opengwasdb@a0656c0d073875c17088972b24cbb9568c0467a2	
GCST90025993	GCST90025993	passed		source		0.888676	estimated_from_source_maf	798992						20000	0.01	0.5	0.888676	0.00207141	opengwasdb@a0656c0d073875c17088972b24cbb9568c0467a2	
GCST90025994	GCST90025994	passed		source		0.919043	estimated_from_source_maf	798966						20000	0.01	0.5	0.919043	0.00281317	opengwasdb@a0656c0d073875c17088972b24cbb9568c0467a2	
GCST90025995	GCST90025995	passed		source		0.947413	estimated_from_source_maf	798968						20000	0.01	0.5	0.947413	0.00234138	opengwasdb@a0656c0d073875c17088972b24cbb9568c0467a2	
GCST90025996	GCST90025996	passed		source		0.953368	estimated_from_source_maf	798967						20000	0.01	0.5	0.953368	0.00225935	opengwasdb@a0656c0d073875c17088972b24cbb9568c0467a2	
GCST90025997	GCST90025997	passed		source		0.916681	estimated_from_source_maf	798974						20000	0.01	0.5	0.916681	0.00130809	opengwasdb@a0656c0d073875c17088972b24cbb9568c0467a2	
GCST90025998	GCST90025998	passed		source		0.912411	estimated_from_source_maf	799007						20000	0.01	0.5	0.912411	0.00256757	opengwasdb@a0656c0d073875c17088972b24cbb9568c0467a2	
GCST90026372	GCST90026372	failed	no_qualifying_evidence	source			estimated_from_source_maf	0						0	0.01	0.5			opengwasdb@a0656c0d073875c17088972b24cbb9568c0467a2	unavailable: no_qualifying_evidence
GCST90026392	GCST90026392	passed		source		0.969286	estimated_from_source_maf	5266949						20000	0.01	0.5	0.969286	0.0111824	opengwasdb@a0656c0d073875c17088972b24cbb9568c0467a2	
GCST90026393	GCST90026393	passed		source		1.018	estimated_from_source_maf	5270356						20000	0.01	0.5	1.018	0.0113432	opengwasdb@a0656c0d073875c17088972b24cbb9568c0467a2	
GCST90026394	GCST90026394	passed		source		0.942689	estimated_from_source_maf	5266949						20000	0.01	0.5	0.942689	0.010898	opengwasdb@a0656c0d073875c17088972b24cbb9568c0467a2	
GCST90026395	GCST90026395	passed		source		0.905386	estimated_from_source_maf	5270355						20000	0.01	0.5	0.905386	0.0102875	opengwasdb@a0656c0d073875c17088972b24cbb9568c0467a2	
GCST90026396	GCST90026396	passed		source		0.974659	estimated_from_source_maf	5266949						20000	0.01	0.5	0.974659	0.0111937	opengwasdb@a0656c0d073875c17088972b24cbb9568c0467a2	
GCST90026397	GCST90026397	passed		source		0.941744	estimated_from_source_maf	5270355						20000	0.01	0.5	0.941744	0.0104496	opengwasdb@a0656c0d073875c17088972b24cbb9568c0467a2	
GCST90026398	GCST90026398	passed		source		1.03156	estimated_from_source_maf	5266949						20000	0.01	0.5	1.03156	0.0119349	opengwasdb@a0656c0d073875c17088972b24cbb9568c0467a2	
GCST90026399	GCST90026399	passed		source		1.0004	estimated_from_source_maf	5270355						20000	0.01	0.5	1.0004	0.0112256	opengwasdb@a0656c0d073875c17088972b24cbb9568c0467a2	
GCST90026400	GCST90026400	passed		source		1.01547	estimated_from_source_maf	5270355						20000	0.01	0.5	1.01547	0.0116227	opengwasdb@a0656c0d073875c17088972b24cbb9568c0467a2	
GCST90026401	GCST90026401	passed		source		0.916826	estimated_from_source_maf	5270355						20000	0.01	0.5	0.916826	0.010649	opengwasdb@a0656c0d073875c17088972b24cbb9568c0467a2	
GCST90026402	GCST90026402	passed		source		0.926306	estimated_from_source_maf	5270355						20000	0.01	0.5	0.926306	0.0103756	opengwasdb@a0656c0d073875c17088972b24cbb9568c0467a2	
GCST90026403	GCST90026403	passed		source		1.06009	estimated_from_source_maf	5270355						20000	0.01	0.5	1.06009	0.0122388	opengwasdb@a0656c0d073875c17088972b24cbb9568c0467a2	
GCST90026404	GCST90026404	passed		source		1.02755	estimated_from_source_maf	5270355						20000	0.01	0.5	1.02755	0.0121863	opengwasdb@a0656c0d073875c17088972b24cbb9568c0467a2	
GCST90026405	GCST90026405	passed		source		0.964921	estimated_from_source_maf	5270355						20000	0.01	0.5	0.964921	0.0107867	opengwasdb@a0656c0d073875c17088972b24cbb9568c0467a2	
GCST90026406	GCST90026406	passed		source		0.993497	estimated_from_source_maf	5270355						20000	0.01	0.5	0.993497	0.0109551	opengwasdb@a0656c0d073875c17088972b24cbb9568c0467a2	
GCST90026407	GCST90026407	passed		source		0.93155	estimated_from_source_maf	5270355						20000	0.01	0.5	0.93155	0.0104159	opengwasdb@a0656c0d073875c17088972b24cbb9568c0467a2	
GCST90026408	GCST90026408	passed		source		1.06876	estimated_from_source_maf	5270355						20000	0.01	0.5	1.06876	0.0123482	opengwasdb@a0656c0d073875c17088972b24cbb9568c0467a2	
GCST90026412	GCST90026412	skipped	non_quantitative_effect_scale				binary_trait								0.01	0.5			opengwasdb@a0656c0d073875c17088972b24cbb9568c0467a2	case-control effect scale; phenotype-SD estimation not applicable
GCST90026413	GCST90026413	skipped	non_quantitative_effect_scale				binary_trait								0.01	0.5			opengwasdb@a0656c0d073875c17088972b24cbb9568c0467a2	case-control effect scale; phenotype-SD estimation not applicable
GCST90026414	GCST90026414	skipped	non_quantitative_effect_scale				binary_trait								0.01	0.5			opengwasdb@a0656c0d073875c17088972b24cbb9568c0467a2	case-control effect scale; phenotype-SD estimation not applicable
GCST90026415	GCST90026415	skipped	non_quantitative_effect_scale				binary_trait								0.01	0.5			opengwasdb@a0656c0d073875c17088972b24cbb9568c0467a2	case-control effect scale; phenotype-SD estimation not applicable
GCST90026416	GCST90026416	skipped	non_quantitative_effect_scale				binary_trait								0.01	0.5			opengwasdb@a0656c0d073875c17088972b24cbb9568c0467a2	case-control effect scale; phenotype-SD estimation not applicable
GCST90026417	GCST90026417	skipped	non_quantitative_effect_scale				binary_trait								0.01	0.5			opengwasdb@a0656c0d073875c17088972b24cbb9568c0467a2	case-control effect scale; phenotype-SD estimation not applicable
GCST90026480	GCST90026480	passed		source		8.44407	estimated_from_source_maf	10027858						20000	0.01	0.5	8.44407	0.0262288	opengwasdb@a0656c0d073875c17088972b24cbb9568c0467a2	
GCST90026481	GCST90026481	passed		source		5.33343	estimated_from_source_maf	10027914						20000	0.01	0.5	5.33343	0.0172258	opengwasdb@a0656c0d073875c17088972b24cbb9568c0467a2	
GCST90026482	GCST90026482	passed		source		11.8079	estimated_from_source_maf	10028031						20000	0.01	0.5	11.8079	0.0391569	opengwasdb@a0656c0d073875c17088972b24cbb9568c0467a2	
GCST90026609	GCST90026609	failed	no_qualifying_evidence	source			estimated_from_source_maf	0						0	0.01	0.5			opengwasdb@a0656c0d073875c17088972b24cbb9568c0467a2	unavailable: no_qualifying_evidence
GCST90026610	GCST90026610	failed	no_qualifying_evidence	source			estimated_from_source_maf	0						0	0.01	0.5			opengwasdb@a0656c0d073875c17088972b24cbb9568c0467a2	unavailable: no_qualifying_evidence
GCST90026611	GCST90026611	failed	no_qualifying_evidence	source			estimated_from_source_maf	0						0	0.01	0.5			opengwasdb@a0656c0d073875c17088972b24cbb9568c0467a2	unavailable: no_qualifying_evidence
GCST90026612	GCST90026612	skipped	non_quantitative_effect_scale				binary_trait								0.01	0.5			opengwasdb@a0656c0d073875c17088972b24cbb9568c0467a2	case-control effect scale; phenotype-SD estimation not applicable
GCST90027158	GCST90027158	skipped	non_quantitative_effect_scale				binary_trait								0.01	0.5			opengwasdb@a0656c0d073875c17088972b24cbb9568c0467a2	case-control effect scale; phenotype-SD estimation not applicable
GCST90027161	GCST90027161	skipped	non_quantitative_effect_scale				binary_trait								0.01	0.5			opengwasdb@a0656c0d073875c17088972b24cbb9568c0467a2	case-control effect scale; phenotype-SD estimation not applicable
GCST90027163	GCST90027163	skipped	non_quantitative_effect_scale				binary_trait								0.01	0.5			opengwasdb@a0656c0d073875c17088972b24cbb9568c0467a2	case-control effect scale; phenotype-SD estimation not applicable
GCST90027164	GCST90027164	skipped	non_quantitative_effect_scale				binary_trait								0.01	0.5			opengwasdb@a0656c0d073875c17088972b24cbb9568c0467a2	case-control effect scale; phenotype-SD estimation not applicable
GCST90027266	GCST90027266	skipped	non_quantitative_effect_scale				binary_trait								0.01	0.5			opengwasdb@a0656c0d073875c17088972b24cbb9568c0467a2	case-control effect scale; phenotype-SD estimation not applicable
GCST90027272	GCST90027272	skipped	non_quantitative_effect_scale				binary_trait								0.01	0.5			opengwasdb@a0656c0d073875c17088972b24cbb9568c0467a2	case-control effect scale; phenotype-SD estimation not applicable
GCST90027273	GCST90027273	skipped	non_quantitative_effect_scale				binary_trait								0.01	0.5			opengwasdb@a0656c0d073875c17088972b24cbb9568c0467a2	case-control effect scale; phenotype-SD estimation not applicable
GCST90028992	GCST90028992	passed		source		1.01102	estimated_from_source_maf	8818889						20000	0.01	0.5	1.01102	0.00424675	opengwasdb@a0656c0d073875c17088972b24cbb9568c0467a2	
GCST90028993	GCST90028993	passed		source		1.01534	estimated_from_source_maf	8818831						20000	0.01	0.5	1.01534	0.00442047	opengwasdb@a0656c0d073875c17088972b24cbb9568c0467a2	
GCST90028994	GCST90028994	passed		source		0.997166	estimated_from_source_maf	8768599						20000	0.01	0.5	0.997166	0.00422474	opengwasdb@a0656c0d073875c17088972b24cbb9568c0467a2	
GCST90028995	GCST90028995	passed		source		1.00311	estimated_from_source_maf	8818849						20000	0.01	0.5	1.00311	0.00469193	opengwasdb@a0656c0d073875c17088972b24cbb9568c0467a2	
GCST90028996	GCST90028996	passed		source		1.03854	estimated_from_source_maf	8818887						20000	0.01	0.5	1.03854	0.00991824	opengwasdb@a0656c0d073875c17088972b24cbb9568c0467a2	
GCST90028997	GCST90028997	passed		source		1.01523	estimated_from_source_maf	8818759						20000	0.01	0.5	1.01523	0.0045583	opengwasdb@a0656c0d073875c17088972b24cbb9568c0467a2	
GCST90028998	GCST90028998	passed		source		1.02468	estimated_from_source_maf	8818874						20000	0.01	0.5	1.02468	0.00429083	opengwasdb@a0656c0d073875c17088972b24cbb9568c0467a2	
GCST90028999	GCST90028999	passed		source		1.03015	estimated_from_source_maf	8818864						20000	0.01	0.5	1.03015	0.00678929	opengwasdb@a0656c0d073875c17088972b24cbb9568c0467a2	
GCST90029000	GCST90029000	passed		source		1.03131	estimated_from_source_maf	8818877						20000	0.01	0.5	1.03131	0.0047876	opengwasdb@a0656c0d073875c17088972b24cbb9568c0467a2	
GCST90029001	GCST90029001	passed		source		0.999494	estimated_from_source_maf	8818880						20000	0.01	0.5	0.999494	0.00417987	opengwasdb@a0656c0d073875c17088972b24cbb9568c0467a2	
GCST90029002	GCST90029002	passed		source		0.991341	estimated_from_source_maf	8818872						20000	0.01	0.5	0.991341	0.00454137	opengwasdb@a0656c0d073875c17088972b24cbb9568c0467a2	
GCST90029003	GCST90029003	passed		source		0.992482	estimated_from_source_maf	8818940						20000	0.01	0.5	0.992482	0.00386515	opengwasdb@a0656c0d073875c17088972b24cbb9568c0467a2	
GCST90029004	GCST90029004	passed		source		1.01264	estimated_from_source_maf	8818937						20000	0.01	0.5	1.01264	0.0059846	opengwasdb@a0656c0d073875c17088972b24cbb9568c0467a2	
GCST90029005	GCST90029005	passed		source		0.483403	estimated_from_source_maf	8818761						20000	0.01	0.5	0.483403	0.00200966	opengwasdb@a0656c0d073875c17088972b24cbb9568c0467a2	
GCST90029006	GCST90029006	passed		source		0.40422	estimated_from_source_maf	8818761						20000	0.01	0.5	0.40422	0.00161305	opengwasdb@a0656c0d073875c17088972b24cbb9568c0467a2	
GCST90029007	GCST90029007	passed		source		0.993145	estimated_from_source_maf	8818925						20000	0.01	0.5	0.993145	0.00415156	opengwasdb@a0656c0d073875c17088972b24cbb9568c0467a2	
GCST90029008	GCST90029008	passed		source		0.912299	estimated_from_source_maf	8818893						20000	0.01	0.5	0.912299	0.00862818	opengwasdb@a0656c0d073875c17088972b24cbb9568c0467a2	
GCST90029009	GCST90029009	passed		source		1.0002	estimated_from_source_maf	8818903						20000	0.01	0.5	1.0002	0.00356989	opengwasdb@a0656c0d073875c17088972b24cbb9568c0467a2	
GCST90029010	GCST90029010	passed		source		1.01713	estimated_from_source_maf	8819202						20000	0.01	0.5	1.01713	0.00395459	opengwasdb@a0656c0d073875c17088972b24cbb9568c0467a2	
GCST90029011	GCST90029011	passed		source		0.994089	estimated_from_source_maf	8819202						20000	0.01	0.5	0.994089	0.00395384	opengwasdb@a0656c0d073875c17088972b24cbb9568c0467a2	
GCST90029012	GCST90029012	passed		source		0.449078	estimated_from_source_maf	8818937						20000	0.01	0.5	0.449078	0.00153432	opengwasdb@a0656c0d073875c17088972b24cbb9568c0467a2	
GCST90029013	GCST90029013	passed		source		4.80612	estimated_from_source_maf	8818937						20000	0.01	0.5	4.80612	0.0160817	opengwasdb@a0656c0d073875c17088972b24cbb9568c0467a2	
GCST90029014	GCST90029014	passed		source		0.666395	estimated_from_source_maf	8818942						20000	0.01	0.5	0.666395	0.00207027	opengwasdb@a0656c0d073875c17088972b24cbb9568c0467a2	
GCST90029015	GCST90029015	passed		source		0.326521	estimated_from_source_maf	8818927						20000	0.01	0.5	0.326521	0.000962494	opengwasdb@a0656c0d073875c17088972b24cbb9568c0467a2	
GCST90029016	GCST90029016	passed		source		0.145247	estimated_from_source_maf	8818927						20000	0.01	0.5	0.145247	0.000424611	opengwasdb@a0656c0d073875c17088972b24cbb9568c0467a2	
GCST90029017	GCST90029017	passed		source		0.414875	estimated_from_source_maf	8818911						20000	0.01	0.5	0.414875	0.00126982	opengwasdb@a0656c0d073875c17088972b24cbb9568c0467a2	
GCST90029018	GCST90029018	passed		source		0.312617	estimated_from_source_maf	8818911						20000	0.01	0.5	0.312617	0.000931167	opengwasdb@a0656c0d073875c17088972b24cbb9568c0467a2	
GCST90029019	GCST90029019	passed		source		0.446977	estimated_from_source_maf	8818927						20000	0.01	0.5	0.446977	0.00142161	opengwasdb@a0656c0d073875c17088972b24cbb9568c0467a2	
GCST90029020	GCST90029020	passed		source		0.20074	estimated_from_source_maf	8768593						20000	0.01	0.5	0.20074	0.000580355	opengwasdb@a0656c0d073875c17088972b24cbb9568c0467a2	
GCST90029021	GCST90029021	passed		source		0.319542	estimated_from_source_maf	8768593						20000	0.01	0.5	0.319542	0.000940966	opengwasdb@a0656c0d073875c17088972b24cbb9568c0467a2	
GCST90029022	GCST90029022	passed		source		0.215285	estimated_from_source_maf	8818927						20000	0.01	0.5	0.215285	0.000650208	opengwasdb@a0656c0d073875c17088972b24cbb9568c0467a2	
GCST90029023	GCST90029023	passed		source		0.342747	estimated_from_source_maf	8818927						20000	0.01	0.5	0.342747	0.00101622	opengwasdb@a0656c0d073875c17088972b24cbb9568c0467a2	
GCST90029024	GCST90029024	passed		source		0.200126	estimated_from_source_maf	8818927						20000	0.01	0.5	0.200126	0.000587834	opengwasdb@a0656c0d073875c17088972b24cbb9568c0467a2	
GCST90029025	GCST90029025	passed		source		0.630563	estimated_from_source_maf	8818866						20000	0.01	0.5	0.630563	0.00327095	opengwasdb@a0656c0d073875c17088972b24cbb9568c0467a2	
GCST90029026	GCST90029026	passed		source		1.01016	estimated_from_source_maf	8818961						20000	0.01	0.5	1.01016	0.0048974	opengwasdb@a0656c0d073875c17088972b24cbb9568c0467a2	
GCST90029027	GCST90029027	passed		source		0.973725	estimated_from_source_maf	8818961						20000	0.01	0.5	0.973725	0.00388479	opengwasdb@a0656c0d073875c17088972b24cbb9568c0467a2	
GCST90029028	GCST90029028	passed		source		3.25294	estimated_from_source_maf	8818948						20000	0.01	0.5	3.25294	0.0101365	opengwasdb@a0656c0d073875c17088972b24cbb9568c0467a2	
GCST90029029	GCST90029029	passed		source		0.498929	estimated_from_source_maf	8818962						20000	0.01	0.5	0.498929	0.00154285	opengwasdb@a0656c0d073875c17088972b24cbb9568c0467a2	
GCST90029030	GCST90029030	passed		source		0.944798	estimated_from_source_maf	8819020						20000	0.01	0.5	0.944798	0.00531805	opengwasdb@a0656c0d073875c17088972b24cbb9568c0467a2	
GCST90029031	GCST90029031	passed		source		0.325733	estimated_from_source_maf	8818927						20000	0.01	0.5	0.325733	0.00120612	opengwasdb@a0656c0d073875c17088972b24cbb9568c0467a2	
GCST90029032	GCST90029032	passed		source		0.49252	estimated_from_source_maf	8818927						20000	0.01	0.5	0.49252	0.00178268	opengwasdb@a0656c0d073875c17088972b24cbb9568c0467a2	
GCST90029033	GCST90029033	passed		source		0.416424	estimated_from_source_maf	8818829						20000	0.01	0.5	0.416424	0.00151766	opengwasdb@a0656c0d073875c17088972b24cbb9568c0467a2	
GCST90029034	GCST90029034	passed		source		0.488175	estimated_from_source_maf	8819275						20000	0.01	0.5	0.488175	0.00152965	opengwasdb@a0656c0d073875c17088972b24cbb9568c0467a2	
GCST90029035	GCST90029035	passed		source		0.488656	estimated_from_source_maf	8818896						20000	0.01	0.5	0.488656	0.00172304	opengwasdb@a0656c0d073875c17088972b24cbb9568c0467a2	
GCST90029036	GCST90029036	passed		source		1.64642	estimated_from_source_maf	8819039						20000	0.01	0.5	1.64642	0.00640395	opengwasdb@a0656c0d073875c17088972b24cbb9568c0467a2	
GCST90029037	GCST90029037	passed		source		5.11039	estimated_from_source_maf	8818451						20000	0.01	0.5	5.11039	0.0170314	opengwasdb@a0656c0d073875c17088972b24cbb9568c0467a2	
GCST90029038	GCST90029038	passed		source		1.08187	estimated_from_source_maf	8818911						20000	0.01	0.5	1.08187	0.00317754	opengwasdb@a0656c0d073875c17088972b24cbb9568c0467a2	
GCST90029070	GCST90029070	failed	no_qualifying_evidence	source			estimated_from_source_maf	0						0	0.01	0.5			opengwasdb@a0656c0d073875c17088972b24cbb9568c0467a2	unavailable: no_qualifying_evidence
GCST90029073	GCST90029073	passed		source		0.997451	estimated_from_source_maf	9605174						20000	0.01	0.5	0.997451	0.00400173	opengwasdb@a0656c0d073875c17088972b24cbb9568c0467a2	
GCST90032674	GCST90032674	passed		source		1.01311	estimated_from_source_maf	9704127						20000	0.01	0.5	1.01311	0.0178826	opengwasdb@a0656c0d073875c17088972b24cbb9568c0467a2	
GCST90044700	GCST90044700	skipped	non_quantitative_effect_scale				binary_trait								0.01	0.5			opengwasdb@a0656c0d073875c17088972b24cbb9568c0467a2	case-control effect scale; phenotype-SD estimation not applicable
GCST90044763	GCST90044763	skipped	non_quantitative_effect_scale				binary_trait								0.01	0.5			opengwasdb@a0656c0d073875c17088972b24cbb9568c0467a2	case-control effect scale; phenotype-SD estimation not applicable
GCST90044773	GCST90044773	skipped	non_quantitative_effect_scale				binary_trait								0.01	0.5			opengwasdb@a0656c0d073875c17088972b24cbb9568c0467a2	case-control effect scale; phenotype-SD estimation not applicable
GCST90044774	GCST90044774	skipped	non_quantitative_effect_scale				binary_trait								0.01	0.5			opengwasdb@a0656c0d073875c17088972b24cbb9568c0467a2	case-control effect scale; phenotype-SD estimation not applicable
GCST90044775	GCST90044775	skipped	non_quantitative_effect_scale				binary_trait								0.01	0.5			opengwasdb@a0656c0d073875c17088972b24cbb9568c0467a2	case-control effect scale; phenotype-SD estimation not applicable
GCST90044776	GCST90044776	failed	no_qualifying_evidence	source			estimated_from_source_maf	0						0	0.01	0.5			opengwasdb@a0656c0d073875c17088972b24cbb9568c0467a2	unavailable: no_qualifying_evidence
GCST90044902	GCST90044902	skipped	non_quantitative_effect_scale				binary_trait								0.01	0.5			opengwasdb@a0656c0d073875c17088972b24cbb9568c0467a2	case-control effect scale; phenotype-SD estimation not applicable
GCST90044903	GCST90044903	skipped	non_quantitative_effect_scale				binary_trait								0.01	0.5			opengwasdb@a0656c0d073875c17088972b24cbb9568c0467a2	case-control effect scale; phenotype-SD estimation not applicable
GCST90054778	GCST90054778	failed	no_qualifying_evidence	source			estimated_from_source_maf	0						0	0.01	0.5			opengwasdb@a0656c0d073875c17088972b24cbb9568c0467a2	unavailable: no_qualifying_evidence
GCST90054782	GCST90054782	skipped	non_quantitative_effect_scale				binary_trait								0.01	0.5			opengwasdb@a0656c0d073875c17088972b24cbb9568c0467a2	case-control effect scale; phenotype-SD estimation not applicable
GCST90061408	GCST90061408	passed		source		0.96937	estimated_from_source_maf	8554148						20000	0.01	0.5	0.96937	0.00223261	opengwasdb@a0656c0d073875c17088972b24cbb9568c0467a2	
GCST90061409	GCST90061409	passed		source		0.988142	estimated_from_source_maf	8554148						20000	0.01	0.5	0.988142	0.00227546	opengwasdb@a0656c0d073875c17088972b24cbb9568c0467a2	
GCST90061410	GCST90061410	passed		source		0.987809	estimated_from_source_maf	8554148						20000	0.01	0.5	0.987809	0.00227635	opengwasdb@a0656c0d073875c17088972b24cbb9568c0467a2	
GCST90061411	GCST90061411	passed		source		0.983373	estimated_from_source_maf	8554148						20000	0.01	0.5	0.983373	0.00226515	opengwasdb@a0656c0d073875c17088972b24cbb9568c0467a2	
GCST90061412	GCST90061412	passed		source		0.962797	estimated_from_source_maf	8554148						20000	0.01	0.5	0.962797	0.00221673	opengwasdb@a0656c0d073875c17088972b24cbb9568c0467a2	
GCST90061413	GCST90061413	passed		source		0.992465	estimated_from_source_maf	8554148						20000	0.01	0.5	0.992465	0.00228566	opengwasdb@a0656c0d073875c17088972b24cbb9568c0467a2	
GCST90061414	GCST90061414	passed		source		0.9859	estimated_from_source_maf	8554148						20000	0.01	0.5	0.9859	0.00227006	opengwasdb@a0656c0d073875c17088972b24cbb9568c0467a2	
GCST90061415	GCST90061415	passed		source		0.989433	estimated_from_source_maf	8554148						20000	0.01	0.5	0.989433	0.00227975	opengwasdb@a0656c0d073875c17088972b24cbb9568c0467a2	
GCST90061416	GCST90061416	passed		source		0.993099	estimated_from_source_maf	8554148						20000	0.01	0.5	0.993099	0.00228733	opengwasdb@a0656c0d073875c17088972b24cbb9568c0467a2	
GCST90061417	GCST90061417	passed		source		0.965636	estimated_from_source_maf	8554148						20000	0.01	0.5	0.965636	0.002223	opengwasdb@a0656c0d073875c17088972b24cbb9568c0467a2	
GCST90061418	GCST90061418	passed		source		0.945842	estimated_from_source_maf	8554148						20000	0.01	0.5	0.945842	0.00217827	opengwasdb@a0656c0d073875c17088972b24cbb9568c0467a2	
GCST90061419	GCST90061419	passed		source		0.962922	estimated_from_source_maf	8554148						20000	0.01	0.5	0.962922	0.00221686	opengwasdb@a0656c0d073875c17088972b24cbb9568c0467a2	
GCST90061420	GCST90061420	passed		source		0.99548	estimated_from_source_maf	8293411						20000	0.01	0.5	0.99548	0.00224166	opengwasdb@a0656c0d073875c17088972b24cbb9568c0467a2	
GCST90061421	GCST90061421	passed		source		0.980199	estimated_from_source_maf	8554148						20000	0.01	0.5	0.980199	0.00225733	opengwasdb@a0656c0d073875c17088972b24cbb9568c0467a2	
GCST90061422	GCST90061422	passed		source		0.961888	estimated_from_source_maf	8554148						20000	0.01	0.5	0.961888	0.00221385	opengwasdb@a0656c0d073875c17088972b24cbb9568c0467a2	
GCST90061423	GCST90061423	passed		source		0.989019	estimated_from_source_maf	8554148						20000	0.01	0.5	0.989019	0.00227867	opengwasdb@a0656c0d073875c17088972b24cbb9568c0467a2	
GCST90061424	GCST90061424	passed		source		0.954425	estimated_from_source_maf	8554148						20000	0.01	0.5	0.954425	0.00219757	opengwasdb@a0656c0d073875c17088972b24cbb9568c0467a2	
GCST90061425	GCST90061425	passed		source		0.993548	estimated_from_source_maf	8554148						20000	0.01	0.5	0.993548	0.00228791	opengwasdb@a0656c0d073875c17088972b24cbb9568c0467a2	
GCST90061426	GCST90061426	passed		source		0.986336	estimated_from_source_maf	8554148						20000	0.01	0.5	0.986336	0.00227166	opengwasdb@a0656c0d073875c17088972b24cbb9568c0467a2	
GCST90061427	GCST90061427	passed		source		0.997076	estimated_from_source_maf	8554148						20000	0.01	0.5	0.997076	0.00229593	opengwasdb@a0656c0d073875c17088972b24cbb9568c0467a2	
GCST90061428	GCST90061428	passed		source		0.957788	estimated_from_source_maf	8554148						20000	0.01	0.5	0.957788	0.00220578	opengwasdb@a0656c0d073875c17088972b24cbb9568c0467a2	
GCST90061429	GCST90061429	passed		source		0.980135	estimated_from_source_maf	8554148						20000	0.01	0.5	0.980135	0.00225715	opengwasdb@a0656c0d073875c17088972b24cbb9568c0467a2	
GCST90061430	GCST90061430	passed		source		0.965853	estimated_from_source_maf	8554148						20000	0.01	0.5	0.965853	0.00222499	opengwasdb@a0656c0d073875c17088972b24cbb9568c0467a2	
GCST90061431	GCST90061431	passed		source		0.97534	estimated_from_source_maf	8554148						20000	0.01	0.5	0.97534	0.00224598	opengwasdb@a0656c0d073875c17088972b24cbb9568c0467a2	
GCST90061432	GCST90061432	passed		source		0.958809	estimated_from_source_maf	8554148						20000	0.01	0.5	0.958809	0.0022088	opengwasdb@a0656c0d073875c17088972b24cbb9568c0467a2	
GCST90061433	GCST90061433	passed		source		0.982256	estimated_from_source_maf	8554148						20000	0.01	0.5	0.982256	0.00226227	opengwasdb@a0656c0d073875c17088972b24cbb9568c0467a2	
GCST90061434	GCST90061434	passed		source		0.988925	estimated_from_source_maf	8554148						20000	0.01	0.5	0.988925	0.002277	opengwasdb@a0656c0d073875c17088972b24cbb9568c0467a2	
GCST90061440	GCST90061440	skipped	non_quantitative_effect_scale				binary_trait								0.01	0.5			opengwasdb@a0656c0d073875c17088972b24cbb9568c0467a2	case-control effect scale; phenotype-SD estimation not applicable
GCST90085698	GCST90085698	skipped	non_quantitative_effect_scale				binary_trait								0.01	0.5			opengwasdb@a0656c0d073875c17088972b24cbb9568c0467a2	case-control effect scale; phenotype-SD estimation not applicable
GCST90085819	GCST90085819	warning		source		2019.02	estimated_from_source_maf	8898287						20000	0.01	0.5	2019.02	7.94192	opengwasdb@a0656c0d073875c17088972b24cbb9568c0467a2	
GCST90085820	GCST90085820	passed		source		78.4029	estimated_from_source_maf	8898287						20000	0.01	0.5	78.4029	0.295362	opengwasdb@a0656c0d073875c17088972b24cbb9568c0467a2	
GCST90085821	GCST90085821	warning		source		190.618	estimated_from_source_maf	8898287						20000	0.01	0.5	190.618	0.714027	opengwasdb@a0656c0d073875c17088972b24cbb9568c0467a2	
GCST90085822	GCST90085822	warning		source		419.097	estimated_from_source_maf	950538						20000	0.01	0.5	419.097	1.58308	opengwasdb@a0656c0d073875c17088972b24cbb9568c0467a2	
GCST90085823	GCST90085823	warning		source		522.905	estimated_from_source_maf	8898287						20000	0.01	0.5	522.905	1.93206	opengwasdb@a0656c0d073875c17088972b24cbb9568c0467a2	
GCST90085824	GCST90085824	warning		source		991.205	estimated_from_source_maf	8898287						20000	0.01	0.5	991.205	3.72089	opengwasdb@a0656c0d073875c17088972b24cbb9568c0467a2	
GCST90085825	GCST90085825	warning		source		382.977	estimated_from_source_maf	8898287						20000	0.01	0.5	382.977	1.45321	opengwasdb@a0656c0d073875c17088972b24cbb9568c0467a2	
GCST90085826	GCST90085826	warning		source		511.657	estimated_from_source_maf	8898287						20000	0.01	0.5	511.657	1.9134	opengwasdb@a0656c0d073875c17088972b24cbb9568c0467a2	
GCST90085827	GCST90085827	warning		source		336.307	estimated_from_source_maf	8898287						20000	0.01	0.5	336.307	1.26826	opengwasdb@a0656c0d073875c17088972b24cbb9568c0467a2	
GCST90085828	GCST90085828	warning		source		369.702	estimated_from_source_maf	8898287						20000	0.01	0.5	369.702	1.36684	opengwasdb@a0656c0d073875c17088972b24cbb9568c0467a2	
GCST90085829	GCST90085829	warning		source		135.423	estimated_from_source_maf	8898287						20000	0.01	0.5	135.423	0.500684	opengwasdb@a0656c0d073875c17088972b24cbb9568c0467a2	
GCST90085830	GCST90085830	warning		source		1160.95	estimated_from_source_maf	8898287						20000	0.01	0.5	1160.95	4.30493	opengwasdb@a0656c0d073875c17088972b24cbb9568c0467a2	
GCST90085831	GCST90085831	warning		source		348.695	estimated_from_source_maf	8898287						20000	0.01	0.5	348.695	1.33606	opengwasdb@a0656c0d073875c17088972b24cbb9568c0467a2	
GCST90085832	GCST90085832	warning		source		1647.86	estimated_from_source_maf	8898287						20000	0.01	0.5	1647.86	6.13132	opengwasdb@a0656c0d073875c17088972b24cbb9568c0467a2	
GCST90085833	GCST90085833	warning		source		1458.9	estimated_from_source_maf	8898287						20000	0.01	0.5	1458.9	5.48263	opengwasdb@a0656c0d073875c17088972b24cbb9568c0467a2	
GCST90085834	GCST90085834	warning		source		671.536	estimated_from_source_maf	950538						20000	0.01	0.5	671.536	2.56574	opengwasdb@a0656c0d073875c17088972b24cbb9568c0467a2	
GCST90085835	GCST90085835	warning		source		390.679	estimated_from_source_maf	8898287						20000	0.01	0.5	390.679	1.45174	opengwasdb@a0656c0d073875c17088972b24cbb9568c0467a2	
GCST90085836	GCST90085836	warning		source		1494.1	estimated_from_source_maf	950538						20000	0.01	0.5	1494.1	5.64779	opengwasdb@a0656c0d073875c17088972b24cbb9568c0467a2	
GCST90085837	GCST90085837	warning		source		756.061	estimated_from_source_maf	8898287						20000	0.01	0.5	756.061	2.84044	opengwasdb@a0656c0d073875c17088972b24cbb9568c0467a2	
GCST90085838	GCST90085838	warning		source		1034.55	estimated_from_source_maf	8898287						20000	0.01	0.5	1034.55	3.84741	opengwasdb@a0656c0d073875c17088972b24cbb9568c0467a2	
GCST90085839	GCST90085839	warning		source		631.321	estimated_from_source_maf	8898287						20000	0.01	0.5	631.321	2.35437	opengwasdb@a0656c0d073875c17088972b24cbb9568c0467a2	
GCST90085840	GCST90085840	warning		source		1364.23	estimated_from_source_maf	8898287						20000	0.01	0.5	1364.23	5.08602	opengwasdb@a0656c0d073875c17088972b24cbb9568c0467a2	
GCST90085841	GCST90085841	warning		source		198.678	estimated_from_source_maf	8898287						20000	0.01	0.5	198.678	0.74521	opengwasdb@a0656c0d073875c17088972b24cbb9568c0467a2	
GCST90085842	GCST90085842	warning		source		471.858	estimated_from_source_maf	8898287						20000	0.01	0.5	471.858	1.76493	opengwasdb@a0656c0d073875c17088972b24cbb9568c0467a2	
GCST90085843	GCST90085843	warning		source		296.422	estimated_from_source_maf	8898287						20000	0.01	0.5	296.422	1.11176	opengwasdb@a0656c0d073875c17088972b24cbb9568c0467a2	
GCST90085844	GCST90085844	warning		source		704.718	estimated_from_source_maf	8898287						20000	0.01	0.5	704.718	2.61514	opengwasdb@a0656c0d073875c17088972b24cbb9568c0467a2	
GCST90085845	GCST90085845	warning		source		305.88	estimated_from_source_maf	8898287						20000	0.01	0.5	305.88	1.13986	opengwasdb@a0656c0d073875c17088972b24cbb9568c0467a2	
GCST90085846	GCST90085846	warning		source		539.003	estimated_from_source_maf	8898287						20000	0.01	0.5	539.003	1.9971	opengwasdb@a0656c0d073875c17088972b24cbb9568c0467a2	
GCST90085847	GCST90085847	warning		source		410.553	estimated_from_source_maf	8898287						20000	0.01	0.5	410.553	1.54279	opengwasdb@a0656c0d073875c17088972b24cbb9568c0467a2	
GCST90085848	GCST90085848	warning		source		1219.74	estimated_from_source_maf	8898287						20000	0.01	0.5	1219.74	4.63268	opengwasdb@a0656c0d073875c17088972b24cbb9568c0467a2	
GCST90085849	GCST90085849	warning		source		480.29	estimated_from_source_maf	8898287						20000	0.01	0.5	480.29	1.79127	opengwasdb@a0656c0d073875c17088972b24cbb9568c0467a2	
GCST90085850	GCST90085850	warning		source		1476.3	estimated_from_source_maf	8898287						20000	0.01	0.5	1476.3	5.58911	opengwasdb@a0656c0d073875c17088972b24cbb9568c0467a2	
GCST90085851	GCST90085851	warning		source		1142.53	estimated_from_source_maf	8898287						20000	0.01	0.5	1142.53	4.27627	opengwasdb@a0656c0d073875c17088972b24cbb9568c0467a2	
GCST90085852	GCST90085852	warning		source		457.818	estimated_from_source_maf	8898287						20000	0.01	0.5	457.818	1.70223	opengwasdb@a0656c0d073875c17088972b24cbb9568c0467a2	
GCST90085853	GCST90085853	warning		source		513.644	estimated_from_source_maf	8898287						20000	0.01	0.5	513.644	1.9019	opengwasdb@a0656c0d073875c17088972b24cbb9568c0467a2	
GCST90085854	GCST90085854	warning		source		1853.3	estimated_from_source_maf	8898287						20000	0.01	0.5	1853.3	6.99646	opengwasdb@a0656c0d073875c17088972b24cbb9568c0467a2	
GCST90085855	GCST90085855	warning		source		2429.02	estimated_from_source_maf	8898287						20000	0.01	0.5	2429.02	9.19571	opengwasdb@a0656c0d073875c17088972b24cbb9568c0467a2	
GCST90085856	GCST90085856	warning		source		1647.86	estimated_from_source_maf	8898287						20000	0.01	0.5	1647.86	6.17448	opengwasdb@a0656c0d073875c17088972b24cbb9568c0467a2	
GCST90085857	GCST90085857	warning		source		1414.99	estimated_from_source_maf	8898287						20000	0.01	0.5	1414.99	5.32202	opengwasdb@a0656c0d073875c17088972b24cbb9568c0467a2	
GCST90085858	GCST90085858	warning		source		1620.02	estimated_from_source_maf	8898287						20000	0.01	0.5	1620.02	6.03769	opengwasdb@a0656c0d073875c17088972b24cbb9568c0467a2	
GCST90085859	GCST90085859	warning		source		594.346	estimated_from_source_maf	950538						20000	0.01	0.5	594.346	2.26523	opengwasdb@a0656c0d073875c17088972b24cbb9568c0467a2	
GCST90085860	GCST90085860	warning		source		216.753	estimated_from_source_maf	8898287						20000	0.01	0.5	216.753	0.806563	opengwasdb@a0656c0d073875c17088972b24cbb9568c0467a2	
GCST90085861	GCST90085861	passed		source		73.8198	estimated_from_source_maf	950538						20000	0.01	0.5	73.8198	0.278402	opengwasdb@a0656c0d073875c17088972b24cbb9568c0467a2	
GCST90085862	GCST90085862	warning		source		191.811	estimated_from_source_maf	950538						20000	0.01	0.5	191.811	0.728188	opengwasdb@a0656c0d073875c17088972b24cbb9568c0467a2	
GCST90085863	GCST90085863	warning		source		337.001	estimated_from_source_maf	950538						20000	0.01	0.5	337.001	1.28386	opengwasdb@a0656c0d073875c17088972b24cbb9568c0467a2	
GCST90085864	GCST90085864	warning		source		526.017	estimated_from_source_maf	8898287						20000	0.01	0.5	526.017	1.95899	opengwasdb@a0656c0d073875c17088972b24cbb9568c0467a2	
GCST90085865	GCST90085865	warning		source		998.801	estimated_from_source_maf	8898287						20000	0.01	0.5	998.801	3.76289	opengwasdb@a0656c0d073875c17088972b24cbb9568c0467a2	
GCST90085866	GCST90085866	warning		source		401.351	estimated_from_source_maf	8898287						20000	0.01	0.5	401.351	1.50804	opengwasdb@a0656c0d073875c17088972b24cbb9568c0467a2	
GCST90085867	GCST90085867	warning		source		501.934	estimated_from_source_maf	8898287						20000	0.01	0.5	501.934	1.87958	opengwasdb@a0656c0d073875c17088972b24cbb9568c0467a2	
GCST90085868	GCST90085868	warning		source		323.601	estimated_from_source_maf	8898287						20000	0.01	0.5	323.601	1.22292	opengwasdb@a0656c0d073875c17088972b24cbb9568c0467a2	
GCST90085869	GCST90085869	warning		source		345.326	estimated_from_source_maf	8898287						20000	0.01	0.5	345.326	1.28598	opengwasdb@a0656c0d073875c17088972b24cbb9568c0467a2	
GCST90085870	GCST90085870	warning		source		158.532	estimated_from_source_maf	8898287						20000	0.01	0.5	158.532	0.586152	opengwasdb@a0656c0d073875c17088972b24cbb9568c0467a2	
GCST90085871	GCST90085871	warning		source		1164.43	estimated_from_source_maf	8898287						20000	0.01	0.5	1164.43	4.32361	opengwasdb@a0656c0d073875c17088972b24cbb9568c0467a2	
GCST90085872	GCST90085872	warning		source		369.726	estimated_from_source_maf	8898287						20000	0.01	0.5	369.726	1.40981	opengwasdb@a0656c0d073875c17088972b24cbb9568c0467a2	
GCST90085873	GCST90085873	warning		source		1926.56	estimated_from_source_maf	8898287						20000	0.01	0.5	1926.56	7.17777	opengwasdb@a0656c0d073875c17088972b24cbb9568c0467a2	
GCST90085874	GCST90085874	warning		source		1380.71	estimated_from_source_maf	950538						20000	0.01	0.5	1380.71	5.20979	opengwasdb@a0656c0d073875c17088972b24cbb9568c0467a2	
GCST90085875	GCST90085875	warning		source		727.257	estimated_from_source_maf	8898287						20000	0.01	0.5	727.257	2.71076	opengwasdb@a0656c0d073875c17088972b24cbb9568c0467a2	
GCST90085876	GCST90085876	warning		source		374.029	estimated_from_source_maf	8898287						20000	0.01	0.5	374.029	1.38907	opengwasdb@a0656c0d073875c17088972b24cbb9568c0467a2	
GCST90085877	GCST90085877	warning		source		1568.3	estimated_from_source_maf	8898287						20000	0.01	0.5	1568.3	5.86231	opengwasdb@a0656c0d073875c17088972b24cbb9568c0467a2	
GCST90085878	GCST90085878	warning		source		753.761	estimated_from_source_maf	950538						20000	0.01	0.5	753.761	2.89315	opengwasdb@a0656c0d073875c17088972b24cbb9568c0467a2	
GCST90085879	GCST90085879	warning		source		1080.01	estimated_from_source_maf	8898287						20000	0.01	0.5	1080.01	4.04594	opengwasdb@a0656c0d073875c17088972b24cbb9568c0467a2	
GCST90085880	GCST90085880	warning		source		600.746	estimated_from_source_maf	8898287						20000	0.01	0.5	600.746	2.24403	opengwasdb@a0656c0d073875c17088972b24cbb9568c0467a2	
GCST90085881	GCST90085881	warning		source		1365	estimated_from_source_maf	8898287						20000	0.01	0.5	1365	5.12018	opengwasdb@a0656c0d073875c17088972b24cbb9568c0467a2	
GCST90085882	GCST90085882	warning		source		198.315	estimated_from_source_maf	8898287						20000	0.01	0.5	198.315	0.75325	opengwasdb@a0656c0d073875c17088972b24cbb9568c0467a2	
GCST90085883	GCST90085883	warning		source		546.388	estimated_from_source_maf	8898287						20000	0.01	0.5	546.388	2.05041	opengwasdb@a0656c0d073875c17088972b24cbb9568c0467a2	
GCST90085884	GCST90085884	warning		source		255.645	estimated_from_source_maf	8898287						20000	0.01	0.5	255.645	0.955352	opengwasdb@a0656c0d073875c17088972b24cbb9568c0467a2	
GCST90085885	GCST90085885	warning		source		573.486	estimated_from_source_maf	8898287						20000	0.01	0.5	573.486	2.12637	opengwasdb@a0656c0d073875c17088972b24cbb9568c0467a2	
GCST90085886	GCST90085886	warning		source		354.339	estimated_from_source_maf	8898287						20000	0.01	0.5	354.339	1.31207	opengwasdb@a0656c0d073875c17088972b24cbb9568c0467a2	
GCST90085887	GCST90085887	warning		source		633.517	estimated_from_source_maf	8898287						20000	0.01	0.5	633.517	2.35558	opengwasdb@a0656c0d073875c17088972b24cbb9568c0467a2	
GCST90085888	GCST90085888	warning		source		436.957	estimated_from_source_maf	8898287						20000	0.01	0.5	436.957	1.65293	opengwasdb@a0656c0d073875c17088972b24cbb9568c0467a2	
GCST90085889	GCST90085889	warning		source		1211.09	estimated_from_source_maf	950538						20000	0.01	0.5	1211.09	4.66346	opengwasdb@a0656c0d073875c17088972b24cbb9568c0467a2	
GCST90085890	GCST90085890	warning		source		501.173	estimated_from_source_maf	8898287						20000	0.01	0.5	501.173	1.85933	opengwasdb@a0656c0d073875c17088972b24cbb9568c0467a2	
GCST90085891	GCST90085891	warning		source		1484.02	estimated_from_source_maf	8898287						20000	0.01	0.5	1484.02	5.63824	opengwasdb@a0656c0d073875c17088972b24cbb9568c0467a2	
GCST90085892	GCST90085892	warning		source		1147.86	estimated_from_source_maf	8898287						20000	0.01	0.5	1147.86	4.25497	opengwasdb@a0656c0d073875c17088972b24cbb9568c0467a2	
GCST90085893	GCST90085893	warning		source		457.373	estimated_from_source_maf	950538						20000	0.01	0.5	457.373	1.7319	opengwasdb@a0656c0d073875c17088972b24cbb9568c0467a2	
GCST90085894	GCST90085894	warning		source		433.062	estimated_from_source_maf	8898287						20000	0.01	0.5	433.062	1.6072	opengwasdb@a0656c0d073875c17088972b24cbb9568c0467a2	
GCST90085895	GCST90085895	warning		source		1955.21	estimated_from_source_maf	8898287						20000	0.01	0.5	1955.21	7.35166	opengwasdb@a0656c0d073875c17088972b24cbb9568c0467a2	
GCST90085896	GCST90085896	warning		source		2391.51	estimated_from_source_maf	8898287						20000	0.01	0.5	2391.51	9.01449	opengwasdb@a0656c0d073875c17088972b24cbb9568c0467a2	
GCST90085897	GCST90085897	warning		source		1593.65	estimated_from_source_maf	8898287						20000	0.01	0.5	1593.65	5.93823	opengwasdb@a0656c0d073875c17088972b24cbb9568c0467a2	
GCST90085898	GCST90085898	warning		source		1259.39	estimated_from_source_maf	8898287						20000	0.01	0.5	1259.39	4.7579	opengwasdb@a0656c0d073875c17088972b24cbb9568c0467a2	
GCST90085899	GCST90085899	warning		source		1401.5	estimated_from_source_maf	8898287						20000	0.01	0.5	1401.5	5.25801	opengwasdb@a0656c0d073875c17088972b24cbb9568c0467a2	
GCST90085900	GCST90085900	warning		source		553.342	estimated_from_source_maf	8898287						20000	0.01	0.5	553.342	2.09575	opengwasdb@a0656c0d073875c17088972b24cbb9568c0467a2	
GCST90085901	GCST90085901	warning		source		163.42	estimated_from_source_maf	8898287						20000	0.01	0.5	163.42	0.608316	opengwasdb@a0656c0d073875c17088972b24cbb9568c0467a2	
GCST90086158	GCST90086158	skipped	non_quantitative_effect_scale				binary_trait								0.01	0.5			opengwasdb@a0656c0d073875c17088972b24cbb9568c0467a2	case-control effect scale; phenotype-SD estimation not applicable
GCST90091033	GCST90091033	skipped	non_quantitative_effect_scale				binary_trait								0.01	0.5			opengwasdb@a0656c0d073875c17088972b24cbb9568c0467a2	case-control effect scale; phenotype-SD estimation not applicable
GCST90091049	GCST90091049	passed		source		1.01154	estimated_from_source_maf	18448379						20000	0.01	0.5	1.01154	0.0880102	opengwasdb@a0656c0d073875c17088972b24cbb9568c0467a2	
GCST90091050	GCST90091050	passed		source		0.913066	estimated_from_source_maf	8976993						20000	0.01	0.5	0.913066	0.00340038	opengwasdb@a0656c0d073875c17088972b24cbb9568c0467a2	
GCST90091060	GCST90091060	failed	no_qualifying_evidence	source			estimated_from_source_maf	0						0	0.01	0.5			opengwasdb@a0656c0d073875c17088972b24cbb9568c0467a2	unavailable: no_qualifying_evidence
GCST90091061	GCST90091061	failed	no_qualifying_evidence	source			estimated_from_source_maf	0						0	0.01	0.5			opengwasdb@a0656c0d073875c17088972b24cbb9568c0467a2	unavailable: no_qualifying_evidence
GCST90091246	GCST90091246	passed		source		0.999797	estimated_from_source_maf	6439272						20000	0.01	0.5	0.999797	0.00855647	opengwasdb@a0656c0d073875c17088972b24cbb9568c0467a2	
GCST90091247	GCST90091247	passed		source		0.999887	estimated_from_source_maf	6435319						20000	0.01	0.5	0.999887	0.00848986	opengwasdb@a0656c0d073875c17088972b24cbb9568c0467a2	
GCST90091914	GCST90091914	skipped	non_quantitative_effect_scale				binary_trait								0.01	0.5			opengwasdb@a0656c0d073875c17088972b24cbb9568c0467a2	case-control effect scale; phenotype-SD estimation not applicable
GCST90091915	GCST90091915	skipped	non_quantitative_effect_scale				binary_trait								0.01	0.5			opengwasdb@a0656c0d073875c17088972b24cbb9568c0467a2	case-control effect scale; phenotype-SD estimation not applicable
GCST90092003	GCST90092003	skipped	non_quantitative_effect_scale				binary_trait								0.01	0.5			opengwasdb@a0656c0d073875c17088972b24cbb9568c0467a2	case-control effect scale; phenotype-SD estimation not applicable
GCST90093061	GCST90093061	skipped	non_quantitative_effect_scale				binary_trait								0.01	0.5			opengwasdb@a0656c0d073875c17088972b24cbb9568c0467a2	case-control effect scale; phenotype-SD estimation not applicable
GCST90093074	GCST90093074	failed	no_qualifying_evidence	source			estimated_from_source_maf	0						0	0.01	0.5			opengwasdb@a0656c0d073875c17088972b24cbb9568c0467a2	unavailable: no_qualifying_evidence
GCST90093075	GCST90093075	failed	no_qualifying_evidence	source			estimated_from_source_maf	0						0	0.01	0.5			opengwasdb@a0656c0d073875c17088972b24cbb9568c0467a2	unavailable: no_qualifying_evidence
GCST90093076	GCST90093076	failed	no_qualifying_evidence	source			estimated_from_source_maf	0						0	0.01	0.5			opengwasdb@a0656c0d073875c17088972b24cbb9568c0467a2	unavailable: no_qualifying_evidence
GCST90093077	GCST90093077	failed	no_qualifying_evidence	source			estimated_from_source_maf	0						0	0.01	0.5			opengwasdb@a0656c0d073875c17088972b24cbb9568c0467a2	unavailable: no_qualifying_evidence
GCST90093078	GCST90093078	failed	no_qualifying_evidence	source			estimated_from_source_maf	0						0	0.01	0.5			opengwasdb@a0656c0d073875c17088972b24cbb9568c0467a2	unavailable: no_qualifying_evidence
GCST90093079	GCST90093079	failed	no_qualifying_evidence	source			estimated_from_source_maf	0						0	0.01	0.5			opengwasdb@a0656c0d073875c17088972b24cbb9568c0467a2	unavailable: no_qualifying_evidence
GCST90093080	GCST90093080	failed	no_qualifying_evidence	source			estimated_from_source_maf	0						0	0.01	0.5			opengwasdb@a0656c0d073875c17088972b24cbb9568c0467a2	unavailable: no_qualifying_evidence
GCST90093081	GCST90093081	failed	no_qualifying_evidence	source			estimated_from_source_maf	0						0	0.01	0.5			opengwasdb@a0656c0d073875c17088972b24cbb9568c0467a2	unavailable: no_qualifying_evidence
GCST90093316	GCST90093316	passed		source		0.882376	estimated_from_source_maf	8749163						20000	0.01	0.5	0.882376	0.00304309	opengwasdb@a0656c0d073875c17088972b24cbb9568c0467a2	
GCST90093317	GCST90093317	passed		source		0.949623	estimated_from_source_maf	8749160						20000	0.01	0.5	0.949623	0.0037686	opengwasdb@a0656c0d073875c17088972b24cbb9568c0467a2	
GCST90093318	GCST90093318	passed		source		0.806353	estimated_from_source_maf	8749163						20000	0.01	0.5	0.806353	0.0031528	opengwasdb@a0656c0d073875c17088972b24cbb9568c0467a2	
GCST90093319	GCST90093319	passed		source		0.190649	estimated_from_source_maf	8749163						20000	0.01	0.5	0.190649	0.000657092	opengwasdb@a0656c0d073875c17088972b24cbb9568c0467a2	
GCST90093320	GCST90093320	passed		source		0.14272	estimated_from_source_maf	8749160						20000	0.01	0.5	0.14272	0.000564867	opengwasdb@a0656c0d073875c17088972b24cbb9568c0467a2	
GCST90093321	GCST90093321	passed		source		0.223456	estimated_from_source_maf	8422604						20000	0.01	0.5	0.223456	0.000844811	opengwasdb@a0656c0d073875c17088972b24cbb9568c0467a2	
GCST90093322	GCST90093322	passed		source		7.94911	estimated_from_source_maf	8749159						20000	0.01	0.5	7.94911	0.0257565	opengwasdb@a0656c0d073875c17088972b24cbb9568c0467a2	
GCST90093323	GCST90093323	passed		source		8.26595	estimated_from_source_maf	8749159						20000	0.01	0.5	8.26595	0.0311694	opengwasdb@a0656c0d073875c17088972b24cbb9568c0467a2	
GCST90093324	GCST90093324	passed		source		7.70211	estimated_from_source_maf	8749158						20000	0.01	0.5	7.70211	0.0276315	opengwasdb@a0656c0d073875c17088972b24cbb9568c0467a2	
GCST90093325	GCST90093325	failed	no_qualifying_evidence	source			estimated_from_source_maf	0						0	0.01	0.5			opengwasdb@a0656c0d073875c17088972b24cbb9568c0467a2	unavailable: no_qualifying_evidence
GCST90093327	GCST90093327	skipped	non_quantitative_effect_scale				binary_trait								0.01	0.5			opengwasdb@a0656c0d073875c17088972b24cbb9568c0467a2	case-control effect scale; phenotype-SD estimation not applicable
GCST90093328	GCST90093328	skipped	non_quantitative_effect_scale				binary_trait								0.01	0.5			opengwasdb@a0656c0d073875c17088972b24cbb9568c0467a2	case-control effect scale; phenotype-SD estimation not applicable
GCST90093329	GCST90093329	skipped	non_quantitative_effect_scale				binary_trait								0.01	0.5			opengwasdb@a0656c0d073875c17088972b24cbb9568c0467a2	case-control effect scale; phenotype-SD estimation not applicable
GCST90093330	GCST90093330	skipped	non_quantitative_effect_scale				binary_trait								0.01	0.5			opengwasdb@a0656c0d073875c17088972b24cbb9568c0467a2	case-control effect scale; phenotype-SD estimation not applicable
GCST90093331	GCST90093331	skipped	non_quantitative_effect_scale				binary_trait								0.01	0.5			opengwasdb@a0656c0d073875c17088972b24cbb9568c0467a2	case-control effect scale; phenotype-SD estimation not applicable
GCST90093332	GCST90093332	passed		source		0.75772	estimated_from_source_maf	8138491						20000	0.01	0.5	0.75772	0.0114218	opengwasdb@a0656c0d073875c17088972b24cbb9568c0467a2	
GCST90093333	GCST90093333	passed		source		0.63697	estimated_from_source_maf	8056986						20000	0.01	0.5	0.63697	0.012488	opengwasdb@a0656c0d073875c17088972b24cbb9568c0467a2	
GCST90093334	GCST90093334	passed		source		0.708751	estimated_from_source_maf	7602172						20000	0.01	0.5	0.708751	0.00971109	opengwasdb@a0656c0d073875c17088972b24cbb9568c0467a2	
GCST90093335	GCST90093335	passed		source		0.826619	estimated_from_source_maf	8111458						20000	0.01	0.5	0.826619	0.0132374	opengwasdb@a0656c0d073875c17088972b24cbb9568c0467a2	
GCST90093336	GCST90093336	passed		source		0.745718	estimated_from_source_maf	7918208						20000	0.01	0.5	0.745718	0.0092111	opengwasdb@a0656c0d073875c17088972b24cbb9568c0467a2	
GCST90093337	GCST90093337	passed		source		1.00938	estimated_from_source_maf	8139616						20000	0.01	0.5	1.00938	0.0151539	opengwasdb@a0656c0d073875c17088972b24cbb9568c0467a2	
GCST90093338	GCST90093338	passed		source		1.02569	estimated_from_source_maf	8065182						20000	0.01	0.5	1.02569	0.0199285	opengwasdb@a0656c0d073875c17088972b24cbb9568c0467a2	
GCST90093339	GCST90093339	passed		source		1.01446	estimated_from_source_maf	7989096						20000	0.01	0.5	1.01446	0.0138042	opengwasdb@a0656c0d073875c17088972b24cbb9568c0467a2	
GCST90093340	GCST90093340	passed		source		1.01874	estimated_from_source_maf	8113383						20000	0.01	0.5	1.01874	0.0161665	opengwasdb@a0656c0d073875c17088972b24cbb9568c0467a2	
GCST90093341	GCST90093341	passed		source		1.01532	estimated_from_source_maf	7924256						20000	0.01	0.5	1.01532	0.0121666	opengwasdb@a0656c0d073875c17088972b24cbb9568c0467a2	
GCST90093342	GCST90093342	passed		source		0.928502	estimated_from_source_maf	7991018						20000	0.01	0.5	0.928502	0.0219457	opengwasdb@a0656c0d073875c17088972b24cbb9568c0467a2	
GCST90093343	GCST90093343	passed		source		1.0613	estimated_from_source_maf	7747339						20000	0.01	0.5	1.0613	0.0603939	opengwasdb@a0656c0d073875c17088972b24cbb9568c0467a2	
GCST90093344	GCST90093344	passed		source		0.949175	estimated_from_source_maf	7612421						20000	0.01	0.5	0.949175	0.0226266	opengwasdb@a0656c0d073875c17088972b24cbb9568c0467a2	
GCST90093345	GCST90093345	passed		source		0.93904	estimated_from_source_maf	8037210						20000	0.01	0.5	0.93904	0.0197656	opengwasdb@a0656c0d073875c17088972b24cbb9568c0467a2	
GCST90093346	GCST90093346	passed		source		0.94349	estimated_from_source_maf	7548661						20000	0.01	0.5	0.94349	0.0171426	opengwasdb@a0656c0d073875c17088972b24cbb9568c0467a2	
GCST90093377	GCST90093377	skipped	non_quantitative_effect_scale				binary_trait								0.01	0.5			opengwasdb@a0656c0d073875c17088972b24cbb9568c0467a2	case-control effect scale; phenotype-SD estimation not applicable
GCST90093378	GCST90093378	skipped	non_quantitative_effect_scale				binary_trait								0.01	0.5			opengwasdb@a0656c0d073875c17088972b24cbb9568c0467a2	case-control effect scale; phenotype-SD estimation not applicable
GCST90093465	GCST90093465	skipped	non_quantitative_effect_scale				binary_trait								0.01	0.5			opengwasdb@a0656c0d073875c17088972b24cbb9568c0467a2	case-control effect scale; phenotype-SD estimation not applicable
GCST90093466	GCST90093466	skipped	non_quantitative_effect_scale				binary_trait								0.01	0.5			opengwasdb@a0656c0d073875c17088972b24cbb9568c0467a2	case-control effect scale; phenotype-SD estimation not applicable
GCST90094400	GCST90094400	passed		source		0.863408	estimated_from_source_maf	10824374						20000	0.01	0.5	0.863408	0.00551613	opengwasdb@a0656c0d073875c17088972b24cbb9568c0467a2	
GCST90094401	GCST90094401	passed		source		0.774696	estimated_from_source_maf	10823685						20000	0.01	0.5	0.774696	0.00453743	opengwasdb@a0656c0d073875c17088972b24cbb9568c0467a2	
GCST90094643	GCST90094643	skipped	non_quantitative_effect_scale				binary_trait								0.01	0.5			opengwasdb@a0656c0d073875c17088972b24cbb9568c0467a2	case-control effect scale; phenotype-SD estimation not applicable
GCST90094644	GCST90094644	skipped	non_quantitative_effect_scale				binary_trait								0.01	0.5			opengwasdb@a0656c0d073875c17088972b24cbb9568c0467a2	case-control effect scale; phenotype-SD estimation not applicable
GCST90094646	GCST90094646	skipped	non_quantitative_effect_scale				binary_trait								0.01	0.5			opengwasdb@a0656c0d073875c17088972b24cbb9568c0467a2	case-control effect scale; phenotype-SD estimation not applicable
GCST90094647	GCST90094647	skipped	non_quantitative_effect_scale				binary_trait								0.01	0.5			opengwasdb@a0656c0d073875c17088972b24cbb9568c0467a2	case-control effect scale; phenotype-SD estimation not applicable
GCST90094648	GCST90094648	skipped	non_quantitative_effect_scale				binary_trait								0.01	0.5			opengwasdb@a0656c0d073875c17088972b24cbb9568c0467a2	case-control effect scale; phenotype-SD estimation not applicable
GCST90094649	GCST90094649	skipped	non_quantitative_effect_scale				binary_trait								0.01	0.5			opengwasdb@a0656c0d073875c17088972b24cbb9568c0467a2	case-control effect scale; phenotype-SD estimation not applicable
GCST90094650	GCST90094650	failed	no_qualifying_evidence	source			estimated_from_source_maf	0						0	0.01	0.5			opengwasdb@a0656c0d073875c17088972b24cbb9568c0467a2	unavailable: no_qualifying_evidence
GCST90094886	GCST90094886	passed		source		1.06027	estimated_from_source_maf	122295						20000	0.01	0.5	1.06027	0.0203377	opengwasdb@a0656c0d073875c17088972b24cbb9568c0467a2	
GCST90094887	GCST90094887	passed		source		1.03128	estimated_from_source_maf	132403						20000	0.01	0.5	1.03128	0.0174293	opengwasdb@a0656c0d073875c17088972b24cbb9568c0467a2	
GCST90094888	GCST90094888	passed		source		1.07056	estimated_from_source_maf	131680						20000	0.01	0.5	1.07056	0.0176629	opengwasdb@a0656c0d073875c17088972b24cbb9568c0467a2	
GCST90094889	GCST90094889	passed		source		1.05441	estimated_from_source_maf	126031						20000	0.01	0.5	1.05441	0.0170012	opengwasdb@a0656c0d073875c17088972b24cbb9568c0467a2	
GCST90094890	GCST90094890	passed		source		1.07056	estimated_from_source_maf	113144						20000	0.01	0.5	1.07056	0.0212668	opengwasdb@a0656c0d073875c17088972b24cbb9568c0467a2	
GCST90095047	GCST90095047	passed		source		6.91415	estimated_from_source_maf	6920203						20000	0.01	0.5	6.91415	0.0114122	opengwasdb@a0656c0d073875c17088972b24cbb9568c0467a2	
GCST90095079	GCST90095079	failed	no_qualifying_evidence	source			estimated_from_source_maf	0						0	0.01	0.5			opengwasdb@a0656c0d073875c17088972b24cbb9568c0467a2	unavailable: no_qualifying_evidence
GCST90095080	GCST90095080	failed	no_qualifying_evidence	source			estimated_from_source_maf	0						0	0.01	0.5			opengwasdb@a0656c0d073875c17088972b24cbb9568c0467a2	unavailable: no_qualifying_evidence
GCST90095084	GCST90095084	skipped	non_quantitative_effect_scale				binary_trait								0.01	0.5			opengwasdb@a0656c0d073875c17088972b24cbb9568c0467a2	case-control effect scale; phenotype-SD estimation not applicable
GCST90095129	GCST90095129	failed	no_qualifying_evidence	source			estimated_from_source_maf	0						0	0.01	0.5			opengwasdb@a0656c0d073875c17088972b24cbb9568c0467a2	unavailable: no_qualifying_evidence
GCST90095130	GCST90095130	failed	no_qualifying_evidence	source			estimated_from_source_maf	0						0	0.01	0.5			opengwasdb@a0656c0d073875c17088972b24cbb9568c0467a2	unavailable: no_qualifying_evidence
GCST90095131	GCST90095131	failed	no_qualifying_evidence	source			estimated_from_source_maf	0						0	0.01	0.5			opengwasdb@a0656c0d073875c17088972b24cbb9568c0467a2	unavailable: no_qualifying_evidence
GCST90095138	GCST90095138	passed		source		0.582942	estimated_from_source_maf	8480966						20000	0.01	0.5	0.582942	0.0185967	opengwasdb@a0656c0d073875c17088972b24cbb9568c0467a2	
GCST90096892	GCST90096892	failed	no_qualifying_evidence	source			estimated_from_source_maf	0						0	0.01	0.5			opengwasdb@a0656c0d073875c17088972b24cbb9568c0467a2	unavailable: no_qualifying_evidence
GCST90096893	GCST90096893	failed	no_qualifying_evidence	source			estimated_from_source_maf	0						0	0.01	0.5			opengwasdb@a0656c0d073875c17088972b24cbb9568c0467a2	unavailable: no_qualifying_evidence
GCST90096894	GCST90096894	failed	no_qualifying_evidence	source			estimated_from_source_maf	0						0	0.01	0.5			opengwasdb@a0656c0d073875c17088972b24cbb9568c0467a2	unavailable: no_qualifying_evidence
GCST90096895	GCST90096895	failed	no_qualifying_evidence	source			estimated_from_source_maf	0						0	0.01	0.5			opengwasdb@a0656c0d073875c17088972b24cbb9568c0467a2	unavailable: no_qualifying_evidence
GCST90096896	GCST90096896	failed	no_qualifying_evidence	source			estimated_from_source_maf	0						0	0.01	0.5			opengwasdb@a0656c0d073875c17088972b24cbb9568c0467a2	unavailable: no_qualifying_evidence
GCST90096897	GCST90096897	failed	no_qualifying_evidence	source			estimated_from_source_maf	0						0	0.01	0.5			opengwasdb@a0656c0d073875c17088972b24cbb9568c0467a2	unavailable: no_qualifying_evidence
GCST90096898	GCST90096898	failed	no_qualifying_evidence	source			estimated_from_source_maf	0						0	0.01	0.5			opengwasdb@a0656c0d073875c17088972b24cbb9568c0467a2	unavailable: no_qualifying_evidence
GCST90096899	GCST90096899	failed	no_qualifying_evidence	source			estimated_from_source_maf	0						0	0.01	0.5			opengwasdb@a0656c0d073875c17088972b24cbb9568c0467a2	unavailable: no_qualifying_evidence
GCST90096900	GCST90096900	failed	no_qualifying_evidence	source			estimated_from_source_maf	0						0	0.01	0.5			opengwasdb@a0656c0d073875c17088972b24cbb9568c0467a2	unavailable: no_qualifying_evidence
GCST90096901	GCST90096901	failed	no_qualifying_evidence	source			estimated_from_source_maf	0						0	0.01	0.5			opengwasdb@a0656c0d073875c17088972b24cbb9568c0467a2	unavailable: no_qualifying_evidence
GCST90096902	GCST90096902	failed	no_qualifying_evidence	source			estimated_from_source_maf	0						0	0.01	0.5			opengwasdb@a0656c0d073875c17088972b24cbb9568c0467a2	unavailable: no_qualifying_evidence
GCST90096903	GCST90096903	failed	no_qualifying_evidence	source			estimated_from_source_maf	0						0	0.01	0.5			opengwasdb@a0656c0d073875c17088972b24cbb9568c0467a2	unavailable: no_qualifying_evidence
GCST90096904	GCST90096904	failed	no_qualifying_evidence	source			estimated_from_source_maf	0						0	0.01	0.5			opengwasdb@a0656c0d073875c17088972b24cbb9568c0467a2	unavailable: no_qualifying_evidence
GCST90096905	GCST90096905	failed	no_qualifying_evidence	source			estimated_from_source_maf	0						0	0.01	0.5			opengwasdb@a0656c0d073875c17088972b24cbb9568c0467a2	unavailable: no_qualifying_evidence
GCST90096906	GCST90096906	failed	no_qualifying_evidence	source			estimated_from_source_maf	0						0	0.01	0.5			opengwasdb@a0656c0d073875c17088972b24cbb9568c0467a2	unavailable: no_qualifying_evidence
GCST90096907	GCST90096907	failed	no_qualifying_evidence	source			estimated_from_source_maf	0						0	0.01	0.5			opengwasdb@a0656c0d073875c17088972b24cbb9568c0467a2	unavailable: no_qualifying_evidence
GCST90096908	GCST90096908	failed	no_qualifying_evidence	source			estimated_from_source_maf	0						0	0.01	0.5			opengwasdb@a0656c0d073875c17088972b24cbb9568c0467a2	unavailable: no_qualifying_evidence
GCST90096909	GCST90096909	failed	no_qualifying_evidence	source			estimated_from_source_maf	0						0	0.01	0.5			opengwasdb@a0656c0d073875c17088972b24cbb9568c0467a2	unavailable: no_qualifying_evidence
GCST90096910	GCST90096910	failed	no_qualifying_evidence	source			estimated_from_source_maf	0						0	0.01	0.5			opengwasdb@a0656c0d073875c17088972b24cbb9568c0467a2	unavailable: no_qualifying_evidence
GCST90096911	GCST90096911	failed	no_qualifying_evidence	source			estimated_from_source_maf	0						0	0.01	0.5			opengwasdb@a0656c0d073875c17088972b24cbb9568c0467a2	unavailable: no_qualifying_evidence
GCST90096912	GCST90096912	failed	no_qualifying_evidence	source			estimated_from_source_maf	0						0	0.01	0.5			opengwasdb@a0656c0d073875c17088972b24cbb9568c0467a2	unavailable: no_qualifying_evidence
GCST90096913	GCST90096913	failed	no_qualifying_evidence	source			estimated_from_source_maf	0						0	0.01	0.5			opengwasdb@a0656c0d073875c17088972b24cbb9568c0467a2	unavailable: no_qualifying_evidence
GCST90096914	GCST90096914	failed	no_qualifying_evidence	source			estimated_from_source_maf	0						0	0.01	0.5			opengwasdb@a0656c0d073875c17088972b24cbb9568c0467a2	unavailable: no_qualifying_evidence
GCST90096915	GCST90096915	failed	no_qualifying_evidence	source			estimated_from_source_maf	0						0	0.01	0.5			opengwasdb@a0656c0d073875c17088972b24cbb9568c0467a2	unavailable: no_qualifying_evidence
GCST90096916	GCST90096916	failed	no_qualifying_evidence	source			estimated_from_source_maf	0						0	0.01	0.5			opengwasdb@a0656c0d073875c17088972b24cbb9568c0467a2	unavailable: no_qualifying_evidence
GCST90096917	GCST90096917	failed	no_qualifying_evidence	source			estimated_from_source_maf	0						0	0.01	0.5			opengwasdb@a0656c0d073875c17088972b24cbb9568c0467a2	unavailable: no_qualifying_evidence
GCST90096918	GCST90096918	failed	no_qualifying_evidence	source			estimated_from_source_maf	0						0	0.01	0.5			opengwasdb@a0656c0d073875c17088972b24cbb9568c0467a2	unavailable: no_qualifying_evidence
GCST90096919	GCST90096919	failed	no_qualifying_evidence	source			estimated_from_source_maf	0						0	0.01	0.5			opengwasdb@a0656c0d073875c17088972b24cbb9568c0467a2	unavailable: no_qualifying_evidence
GCST90096920	GCST90096920	failed	no_qualifying_evidence	source			estimated_from_source_maf	0						0	0.01	0.5			opengwasdb@a0656c0d073875c17088972b24cbb9568c0467a2	unavailable: no_qualifying_evidence
GCST90096921	GCST90096921	failed	no_qualifying_evidence	source			estimated_from_source_maf	0						0	0.01	0.5			opengwasdb@a0656c0d073875c17088972b24cbb9568c0467a2	unavailable: no_qualifying_evidence
GCST90096922	GCST90096922	failed	no_qualifying_evidence	source			estimated_from_source_maf	0						0	0.01	0.5			opengwasdb@a0656c0d073875c17088972b24cbb9568c0467a2	unavailable: no_qualifying_evidence
GCST90096923	GCST90096923	failed	no_qualifying_evidence	source			estimated_from_source_maf	0						0	0.01	0.5			opengwasdb@a0656c0d073875c17088972b24cbb9568c0467a2	unavailable: no_qualifying_evidence
GCST90096924	GCST90096924	failed	no_qualifying_evidence	source			estimated_from_source_maf	0						0	0.01	0.5			opengwasdb@a0656c0d073875c17088972b24cbb9568c0467a2	unavailable: no_qualifying_evidence
GCST90096925	GCST90096925	failed	no_qualifying_evidence	source			estimated_from_source_maf	0						0	0.01	0.5			opengwasdb@a0656c0d073875c17088972b24cbb9568c0467a2	unavailable: no_qualifying_evidence
GCST90096926	GCST90096926	failed	no_qualifying_evidence	source			estimated_from_source_maf	0						0	0.01	0.5			opengwasdb@a0656c0d073875c17088972b24cbb9568c0467a2	unavailable: no_qualifying_evidence
GCST90096927	GCST90096927	failed	no_qualifying_evidence	source			estimated_from_source_maf	0						0	0.01	0.5			opengwasdb@a0656c0d073875c17088972b24cbb9568c0467a2	unavailable: no_qualifying_evidence
GCST90096928	GCST90096928	failed	no_qualifying_evidence	source			estimated_from_source_maf	0						0	0.01	0.5			opengwasdb@a0656c0d073875c17088972b24cbb9568c0467a2	unavailable: no_qualifying_evidence
GCST90096929	GCST90096929	failed	no_qualifying_evidence	source			estimated_from_source_maf	0						0	0.01	0.5			opengwasdb@a0656c0d073875c17088972b24cbb9568c0467a2	unavailable: no_qualifying_evidence
GCST90100568	GCST90100568	passed		source		1.78424	estimated_from_source_maf	10813737						20000	0.01	0.5	1.78424	0.00799951	opengwasdb@a0656c0d073875c17088972b24cbb9568c0467a2	
GCST90100572	GCST90100572	passed		source		0.907728	estimated_from_source_maf	10524230						20000	0.01	0.5	0.907728	0.00510651	opengwasdb@a0656c0d073875c17088972b24cbb9568c0467a2	
GCST90100573	GCST90100573	passed		source		0.888374	estimated_from_source_maf	10524230						20000	0.01	0.5	0.888374	0.0049982	opengwasdb@a0656c0d073875c17088972b24cbb9568c0467a2	
GCST90100574	GCST90100574	passed		source		0.893687	estimated_from_source_maf	10524230						20000	0.01	0.5	0.893687	0.00501509	opengwasdb@a0656c0d073875c17088972b24cbb9568c0467a2	
GCST90100575	GCST90100575	passed		source		0.856456	estimated_from_source_maf	7228004						20000	0.01	0.5	0.856456	0.00371015	opengwasdb@a0656c0d073875c17088972b24cbb9568c0467a2	
GCST90100577	GCST90100577	passed		source		0.991485	estimated_from_source_maf	10520239						20000	0.01	0.5	0.991485	0.00625165	opengwasdb@a0656c0d073875c17088972b24cbb9568c0467a2	
GCST90100578	GCST90100578	passed		source		0.838703	estimated_from_source_maf	10528711						20000	0.01	0.5	0.838703	0.00522794	opengwasdb@a0656c0d073875c17088972b24cbb9568c0467a2	
GCST90100579	GCST90100579	passed		source		0.967527	estimated_from_source_maf	10520239						20000	0.01	0.5	0.967527	0.00610317	opengwasdb@a0656c0d073875c17088972b24cbb9568c0467a2	
GCST90100580	GCST90100580	passed		source		0.824051	estimated_from_source_maf	10528711						20000	0.01	0.5	0.824051	0.00513993	opengwasdb@a0656c0d073875c17088972b24cbb9568c0467a2	
GCST90100581	GCST90100581	passed		source		0.960796	estimated_from_source_maf	10520239						20000	0.01	0.5	0.960796	0.0060645	opengwasdb@a0656c0d073875c17088972b24cbb9568c0467a2	
GCST90100582	GCST90100582	passed		source		0.840875	estimated_from_source_maf	10528711						20000	0.01	0.5	0.840875	0.00523689	opengwasdb@a0656c0d073875c17088972b24cbb9568c0467a2	
GCST90101798	GCST90101798	skipped	non_quantitative_effect_scale				binary_trait								0.01	0.5			opengwasdb@a0656c0d073875c17088972b24cbb9568c0467a2	case-control effect scale; phenotype-SD estimation not applicable
GCST90101799	GCST90101799	skipped	non_quantitative_effect_scale				binary_trait								0.01	0.5			opengwasdb@a0656c0d073875c17088972b24cbb9568c0467a2	case-control effect scale; phenotype-SD estimation not applicable
GCST90101800	GCST90101800	skipped	non_quantitative_effect_scale				binary_trait								0.01	0.5			opengwasdb@a0656c0d073875c17088972b24cbb9568c0467a2	case-control effect scale; phenotype-SD estimation not applicable
GCST90101801	GCST90101801	skipped	non_quantitative_effect_scale				binary_trait								0.01	0.5			opengwasdb@a0656c0d073875c17088972b24cbb9568c0467a2	case-control effect scale; phenotype-SD estimation not applicable
GCST90101802	GCST90101802	skipped	non_quantitative_effect_scale				binary_trait								0.01	0.5			opengwasdb@a0656c0d073875c17088972b24cbb9568c0467a2	case-control effect scale; phenotype-SD estimation not applicable
GCST90101803	GCST90101803	skipped	non_quantitative_effect_scale				binary_trait								0.01	0.5			opengwasdb@a0656c0d073875c17088972b24cbb9568c0467a2	case-control effect scale; phenotype-SD estimation not applicable
GCST90101808	GCST90101808	passed		source		1.00234	estimated_from_source_maf	8933849						20000	0.01	0.5	1.00234	0.00429389	opengwasdb@a0656c0d073875c17088972b24cbb9568c0467a2	
GCST90101825	GCST90101825	failed	no_qualifying_evidence	source			estimated_from_source_maf	0						0	0.01	0.5			opengwasdb@a0656c0d073875c17088972b24cbb9568c0467a2	unavailable: no_qualifying_evidence
GCST90101826	GCST90101826	failed	no_qualifying_evidence	source			estimated_from_source_maf	0						0	0.01	0.5			opengwasdb@a0656c0d073875c17088972b24cbb9568c0467a2	unavailable: no_qualifying_evidence
GCST90101827	GCST90101827	failed	no_qualifying_evidence	source			estimated_from_source_maf	0						0	0.01	0.5			opengwasdb@a0656c0d073875c17088972b24cbb9568c0467a2	unavailable: no_qualifying_evidence
GCST90101828	GCST90101828	failed	no_qualifying_evidence	source			estimated_from_source_maf	0						0	0.01	0.5			opengwasdb@a0656c0d073875c17088972b24cbb9568c0467a2	unavailable: no_qualifying_evidence
GCST90101829	GCST90101829	failed	no_qualifying_evidence	source			estimated_from_source_maf	0						0	0.01	0.5			opengwasdb@a0656c0d073875c17088972b24cbb9568c0467a2	unavailable: no_qualifying_evidence
GCST90101831	GCST90101831	passed		source		1.05063	estimated_from_source_maf	9345869						20000	0.01	0.5	1.05063	0.0041303	opengwasdb@a0656c0d073875c17088972b24cbb9568c0467a2	
GCST90101887	GCST90101887	failed	no_qualifying_evidence	source			estimated_from_source_maf	0						0	0.01	0.5			opengwasdb@a0656c0d073875c17088972b24cbb9568c0467a2	unavailable: no_qualifying_evidence
GCST90101888	GCST90101888	failed	no_qualifying_evidence	source			estimated_from_source_maf	0						0	0.01	0.5			opengwasdb@a0656c0d073875c17088972b24cbb9568c0467a2	unavailable: no_qualifying_evidence
GCST90101889	GCST90101889	failed	no_qualifying_evidence	source			estimated_from_source_maf	0						0	0.01	0.5			opengwasdb@a0656c0d073875c17088972b24cbb9568c0467a2	unavailable: no_qualifying_evidence
GCST90101890	GCST90101890	failed	no_qualifying_evidence	source			estimated_from_source_maf	0						0	0.01	0.5			opengwasdb@a0656c0d073875c17088972b24cbb9568c0467a2	unavailable: no_qualifying_evidence
GCST90101891	GCST90101891	failed	no_qualifying_evidence	source			estimated_from_source_maf	0						0	0.01	0.5			opengwasdb@a0656c0d073875c17088972b24cbb9568c0467a2	unavailable: no_qualifying_evidence
GCST90101892	GCST90101892	failed	no_qualifying_evidence	source			estimated_from_source_maf	0						0	0.01	0.5			opengwasdb@a0656c0d073875c17088972b24cbb9568c0467a2	unavailable: no_qualifying_evidence
GCST90101914	GCST90101914	passed		source		1.0565	estimated_from_source_maf	119507						20000	0.01	0.5	1.0565	0.0149609	opengwasdb@a0656c0d073875c17088972b24cbb9568c0467a2	
GCST90101942	GCST90101942	passed		source		1.07755	estimated_from_source_maf	130782						20000	0.01	0.5	1.07755	0.0183112	opengwasdb@a0656c0d073875c17088972b24cbb9568c0467a2	
GCST90101963	GCST90101963	passed		source		1.06871	estimated_from_source_maf	124513						20000	0.01	0.5	1.06871	0.0186814	opengwasdb@a0656c0d073875c17088972b24cbb9568c0467a2	
GCST90102063	GCST90102063	passed		source		1.0665	estimated_from_source_maf	129736						20000	0.01	0.5	1.0665	0.0173833	opengwasdb@a0656c0d073875c17088972b24cbb9568c0467a2	
GCST90102094	GCST90102094	passed		source		1.06142	estimated_from_source_maf	127147						20000	0.01	0.5	1.06142	0.0167505	opengwasdb@a0656c0d073875c17088972b24cbb9568c0467a2	
GCST90102102	GCST90102102	passed		source		1.0254	estimated_from_source_maf	123296						20000	0.01	0.5	1.0254	0.0167693	opengwasdb@a0656c0d073875c17088972b24cbb9568c0467a2	
GCST90102253	GCST90102253	failed	no_qualifying_evidence	source			estimated_from_source_maf	0						0	0.01	0.5			opengwasdb@a0656c0d073875c17088972b24cbb9568c0467a2	unavailable: no_qualifying_evidence
GCST90102460	GCST90102460	failed	no_qualifying_evidence	source			estimated_from_source_maf	0						0	0.01	0.5			opengwasdb@a0656c0d073875c17088972b24cbb9568c0467a2	unavailable: no_qualifying_evidence
GCST90102470	GCST90102470	skipped	non_quantitative_effect_scale				binary_trait								0.01	0.5			opengwasdb@a0656c0d073875c17088972b24cbb9568c0467a2	case-control effect scale; phenotype-SD estimation not applicable
GCST90102513	GCST90102513	warning		source		58.9328	estimated_from_source_maf	8955375						20000	0.01	0.5	58.9328	1.17319	opengwasdb@a0656c0d073875c17088972b24cbb9568c0467a2	
GCST90102615	GCST90102615	passed		source		1.00091	estimated_from_source_maf	7307117						20000	0.01	0.5	1.00091	0.0138231	opengwasdb@a0656c0d073875c17088972b24cbb9568c0467a2	
GCST90102618	GCST90102618	skipped	non_quantitative_effect_scale				binary_trait								0.01	0.5			opengwasdb@a0656c0d073875c17088972b24cbb9568c0467a2	case-control effect scale; phenotype-SD estimation not applicable
GCST90102619	GCST90102619	skipped	non_quantitative_effect_scale				binary_trait								0.01	0.5			opengwasdb@a0656c0d073875c17088972b24cbb9568c0467a2	case-control effect scale; phenotype-SD estimation not applicable
GCST90102620	GCST90102620	skipped	non_quantitative_effect_scale				binary_trait								0.01	0.5			opengwasdb@a0656c0d073875c17088972b24cbb9568c0467a2	case-control effect scale; phenotype-SD estimation not applicable
GCST90102621	GCST90102621	skipped	non_quantitative_effect_scale				binary_trait								0.01	0.5			opengwasdb@a0656c0d073875c17088972b24cbb9568c0467a2	case-control effect scale; phenotype-SD estimation not applicable
GCST90102622	GCST90102622	skipped	non_quantitative_effect_scale				binary_trait								0.01	0.5			opengwasdb@a0656c0d073875c17088972b24cbb9568c0467a2	case-control effect scale; phenotype-SD estimation not applicable
GCST90102623	GCST90102623	passed		source		1.00005	estimated_from_source_maf	2452610						20000	0.01	0.5	1.00005	2.54387e-05	opengwasdb@a0656c0d073875c17088972b24cbb9568c0467a2	
GCST90102624	GCST90102624	passed		source		1.00007	estimated_from_source_maf	2451952						20000	0.01	0.5	1.00007	2.89594e-05	opengwasdb@a0656c0d073875c17088972b24cbb9568c0467a2	
GCST90103632	GCST90103632	passed		source		0.342195	estimated_from_source_maf	8146075						20000	0.01	0.5	0.342195	0.0208278	opengwasdb@a0656c0d073875c17088972b24cbb9568c0467a2	
GCST90103633	GCST90103633	passed		source		0.222373	estimated_from_source_maf	8235043						20000	0.01	0.5	0.222373	0.0121174	opengwasdb@a0656c0d073875c17088972b24cbb9568c0467a2	
GCST90103634	GCST90103634	passed		source		0.204104	estimated_from_source_maf	8753613						20000	0.01	0.5	0.204104	0.00947369	opengwasdb@a0656c0d073875c17088972b24cbb9568c0467a2	
GCST90104003	GCST90104003	skipped	non_quantitative_effect_scale				binary_trait								0.01	0.5			opengwasdb@a0656c0d073875c17088972b24cbb9568c0467a2	case-control effect scale; phenotype-SD estimation not applicable
GCST90104004	GCST90104004	skipped	non_quantitative_effect_scale				binary_trait								0.01	0.5			opengwasdb@a0656c0d073875c17088972b24cbb9568c0467a2	case-control effect scale; phenotype-SD estimation not applicable
GCST90104005	GCST90104005	skipped	non_quantitative_effect_scale				binary_trait								0.01	0.5			opengwasdb@a0656c0d073875c17088972b24cbb9568c0467a2	case-control effect scale; phenotype-SD estimation not applicable
GCST90104006	GCST90104006	skipped	non_quantitative_effect_scale				binary_trait								0.01	0.5			opengwasdb@a0656c0d073875c17088972b24cbb9568c0467a2	case-control effect scale; phenotype-SD estimation not applicable
GCST90104007	GCST90104007	skipped	non_quantitative_effect_scale				binary_trait								0.01	0.5			opengwasdb@a0656c0d073875c17088972b24cbb9568c0467a2	case-control effect scale; phenotype-SD estimation not applicable
GCST90104085	GCST90104085	skipped	non_quantitative_effect_scale				binary_trait								0.01	0.5			opengwasdb@a0656c0d073875c17088972b24cbb9568c0467a2	case-control effect scale; phenotype-SD estimation not applicable
GCST90104086	GCST90104086	skipped	non_quantitative_effect_scale				binary_trait								0.01	0.5			opengwasdb@a0656c0d073875c17088972b24cbb9568c0467a2	case-control effect scale; phenotype-SD estimation not applicable
GCST90104087	GCST90104087	skipped	non_quantitative_effect_scale				binary_trait								0.01	0.5			opengwasdb@a0656c0d073875c17088972b24cbb9568c0467a2	case-control effect scale; phenotype-SD estimation not applicable
GCST90104113	GCST90104113	skipped	non_quantitative_effect_scale				binary_trait								0.01	0.5			opengwasdb@a0656c0d073875c17088972b24cbb9568c0467a2	case-control effect scale; phenotype-SD estimation not applicable
GCST90104339	GCST90104339	passed		source		1.97616	estimated_from_source_maf	11039689						20000	0.01	0.5	1.97616	0.0606838	opengwasdb@a0656c0d073875c17088972b24cbb9568c0467a2	
GCST90104341	GCST90104341	passed		source		2.25638	estimated_from_source_maf	12013562						20000	0.01	0.5	2.25638	0.0751205	opengwasdb@a0656c0d073875c17088972b24cbb9568c0467a2	
GCST90104343	GCST90104343	passed		source		2.27403	estimated_from_source_maf	11071994						20000	0.01	0.5	2.27403	0.0728004	opengwasdb@a0656c0d073875c17088972b24cbb9568c0467a2	
GCST90104345	GCST90104345	passed		source		2.413	estimated_from_source_maf	12167574						20000	0.01	0.5	2.413	0.0962729	opengwasdb@a0656c0d073875c17088972b24cbb9568c0467a2	
GCST90104458	GCST90104458	skipped	non_quantitative_effect_scale				binary_trait								0.01	0.5			opengwasdb@a0656c0d073875c17088972b24cbb9568c0467a2	case-control effect scale; phenotype-SD estimation not applicable
GCST90104459	GCST90104459	skipped	non_quantitative_effect_scale				binary_trait								0.01	0.5			opengwasdb@a0656c0d073875c17088972b24cbb9568c0467a2	case-control effect scale; phenotype-SD estimation not applicable
GCST90104460	GCST90104460	skipped	non_quantitative_effect_scale				binary_trait								0.01	0.5			opengwasdb@a0656c0d073875c17088972b24cbb9568c0467a2	case-control effect scale; phenotype-SD estimation not applicable
GCST90104461	GCST90104461	skipped	non_quantitative_effect_scale				binary_trait								0.01	0.5			opengwasdb@a0656c0d073875c17088972b24cbb9568c0467a2	case-control effect scale; phenotype-SD estimation not applicable
GCST90104462	GCST90104462	passed		source		1.11733	estimated_from_source_maf	9079329						20000	0.01	0.5	1.11733	0.0825535	opengwasdb@a0656c0d073875c17088972b24cbb9568c0467a2	
GCST90104463	GCST90104463	passed		source		1.04128	estimated_from_source_maf	7773984						20000	0.01	0.5	1.04128	0.0133396	opengwasdb@a0656c0d073875c17088972b24cbb9568c0467a2	
GCST90104464	GCST90104464	passed		source		1.04572	estimated_from_source_maf	7862601						20000	0.01	0.5	1.04572	0.0202562	opengwasdb@a0656c0d073875c17088972b24cbb9568c0467a2	
GCST90104465	GCST90104465	passed		source		1.03705	estimated_from_source_maf	7838001						20000	0.01	0.5	1.03705	0.0123843	opengwasdb@a0656c0d073875c17088972b24cbb9568c0467a2	
GCST90104466	GCST90104466	passed		source		1.05172	estimated_from_source_maf	7832989						20000	0.01	0.5	1.05172	0.0221331	opengwasdb@a0656c0d073875c17088972b24cbb9568c0467a2	
GCST90104467	GCST90104467	passed		source		1.04302	estimated_from_source_maf	7812505						20000	0.01	0.5	1.04302	0.0137892	opengwasdb@a0656c0d073875c17088972b24cbb9568c0467a2	
GCST90104468	GCST90104468	passed		source		1.0418	estimated_from_source_maf	7782431						20000	0.01	0.5	1.0418	0.0232166	opengwasdb@a0656c0d073875c17088972b24cbb9568c0467a2	
GCST90104469	GCST90104469	passed		source		1.03109	estimated_from_source_maf	7757406						20000	0.01	0.5	1.03109	0.014527	opengwasdb@a0656c0d073875c17088972b24cbb9568c0467a2	
GCST90104470	GCST90104470	passed		source		1.09955	estimated_from_source_maf	7845895						20000	0.01	0.5	1.09955	0.0873282	opengwasdb@a0656c0d073875c17088972b24cbb9568c0467a2	
GCST90104471	GCST90104471	passed		source		1.09645	estimated_from_source_maf	7573707						20000	0.01	0.5	1.09645	0.0816431	opengwasdb@a0656c0d073875c17088972b24cbb9568c0467a2	
GCST90104472	GCST90104472	passed		source		1.0392	estimated_from_source_maf	7855859						20000	0.01	0.5	1.0392	0.0121491	opengwasdb@a0656c0d073875c17088972b24cbb9568c0467a2	
GCST90104534	GCST90104534	skipped	non_quantitative_effect_scale				binary_trait								0.01	0.5			opengwasdb@a0656c0d073875c17088972b24cbb9568c0467a2	case-control effect scale; phenotype-SD estimation not applicable
GCST90104535	GCST90104535	skipped	non_quantitative_effect_scale				binary_trait								0.01	0.5			opengwasdb@a0656c0d073875c17088972b24cbb9568c0467a2	case-control effect scale; phenotype-SD estimation not applicable
GCST90104536	GCST90104536	skipped	non_quantitative_effect_scale				binary_trait								0.01	0.5			opengwasdb@a0656c0d073875c17088972b24cbb9568c0467a2	case-control effect scale; phenotype-SD estimation not applicable
GCST90104537	GCST90104537	skipped	non_quantitative_effect_scale				binary_trait								0.01	0.5			opengwasdb@a0656c0d073875c17088972b24cbb9568c0467a2	case-control effect scale; phenotype-SD estimation not applicable
GCST90104538	GCST90104538	skipped	non_quantitative_effect_scale				binary_trait								0.01	0.5			opengwasdb@a0656c0d073875c17088972b24cbb9568c0467a2	case-control effect scale; phenotype-SD estimation not applicable
GCST90104539	GCST90104539	skipped	non_quantitative_effect_scale				binary_trait								0.01	0.5			opengwasdb@a0656c0d073875c17088972b24cbb9568c0467a2	case-control effect scale; phenotype-SD estimation not applicable
GCST90104540	GCST90104540	skipped	non_quantitative_effect_scale				binary_trait								0.01	0.5			opengwasdb@a0656c0d073875c17088972b24cbb9568c0467a2	case-control effect scale; phenotype-SD estimation not applicable
GCST90104541	GCST90104541	skipped	non_quantitative_effect_scale				binary_trait								0.01	0.5			opengwasdb@a0656c0d073875c17088972b24cbb9568c0467a2	case-control effect scale; phenotype-SD estimation not applicable
GCST90104542	GCST90104542	skipped	non_quantitative_effect_scale				binary_trait								0.01	0.5			opengwasdb@a0656c0d073875c17088972b24cbb9568c0467a2	case-control effect scale; phenotype-SD estimation not applicable
GCST90104543	GCST90104543	skipped	non_quantitative_effect_scale				binary_trait								0.01	0.5			opengwasdb@a0656c0d073875c17088972b24cbb9568c0467a2	case-control effect scale; phenotype-SD estimation not applicable
GCST90104564	GCST90104564	skipped	non_quantitative_effect_scale				binary_trait								0.01	0.5			opengwasdb@a0656c0d073875c17088972b24cbb9568c0467a2	case-control effect scale; phenotype-SD estimation not applicable
GCST90104596	GCST90104596	passed		source		0.819742	estimated_from_source_maf	8273363						20000	0.01	0.5	0.819742	0.0107239	opengwasdb@a0656c0d073875c17088972b24cbb9568c0467a2	
GCST90104898	GCST90104898	failed	no_qualifying_evidence	source			estimated_from_source_maf	0						0	0.01	0.5			opengwasdb@a0656c0d073875c17088972b24cbb9568c0467a2	unavailable: no_qualifying_evidence
GCST90104907	GCST90104907	skipped	non_quantitative_effect_scale				binary_trait								0.01	0.5			opengwasdb@a0656c0d073875c17088972b24cbb9568c0467a2	case-control effect scale; phenotype-SD estimation not applicable
GCST90104908	GCST90104908	failed	no_qualifying_evidence	source			estimated_from_source_maf	0						0	0.01	0.5			opengwasdb@a0656c0d073875c17088972b24cbb9568c0467a2	unavailable: no_qualifying_evidence
GCST90104909	GCST90104909	failed	no_qualifying_evidence	source			estimated_from_source_maf	0						0	0.01	0.5			opengwasdb@a0656c0d073875c17088972b24cbb9568c0467a2	unavailable: no_qualifying_evidence
GCST90104910	GCST90104910	failed	no_qualifying_evidence	source			estimated_from_source_maf	0						0	0.01	0.5			opengwasdb@a0656c0d073875c17088972b24cbb9568c0467a2	unavailable: no_qualifying_evidence
GCST90104911	GCST90104911	failed	no_qualifying_evidence	source			estimated_from_source_maf	0						0	0.01	0.5			opengwasdb@a0656c0d073875c17088972b24cbb9568c0467a2	unavailable: no_qualifying_evidence
GCST90104912	GCST90104912	failed	no_qualifying_evidence	source			estimated_from_source_maf	0						0	0.01	0.5			opengwasdb@a0656c0d073875c17088972b24cbb9568c0467a2	unavailable: no_qualifying_evidence
GCST90104913	GCST90104913	failed	no_qualifying_evidence	source			estimated_from_source_maf	0						0	0.01	0.5			opengwasdb@a0656c0d073875c17088972b24cbb9568c0467a2	unavailable: no_qualifying_evidence
GCST90104914	GCST90104914	failed	no_qualifying_evidence	source			estimated_from_source_maf	0						0	0.01	0.5			opengwasdb@a0656c0d073875c17088972b24cbb9568c0467a2	unavailable: no_qualifying_evidence
GCST90104915	GCST90104915	failed	no_qualifying_evidence	source			estimated_from_source_maf	0						0	0.01	0.5			opengwasdb@a0656c0d073875c17088972b24cbb9568c0467a2	unavailable: no_qualifying_evidence
GCST90104916	GCST90104916	failed	no_qualifying_evidence	source			estimated_from_source_maf	0						0	0.01	0.5			opengwasdb@a0656c0d073875c17088972b24cbb9568c0467a2	unavailable: no_qualifying_evidence
GCST90104917	GCST90104917	failed	no_qualifying_evidence	source			estimated_from_source_maf	0						0	0.01	0.5			opengwasdb@a0656c0d073875c17088972b24cbb9568c0467a2	unavailable: no_qualifying_evidence
GCST90104918	GCST90104918	failed	no_qualifying_evidence	source			estimated_from_source_maf	0						0	0.01	0.5			opengwasdb@a0656c0d073875c17088972b24cbb9568c0467a2	unavailable: no_qualifying_evidence
GCST90104919	GCST90104919	failed	no_qualifying_evidence	source			estimated_from_source_maf	0						0	0.01	0.5			opengwasdb@a0656c0d073875c17088972b24cbb9568c0467a2	unavailable: no_qualifying_evidence
GCST90104920	GCST90104920	failed	no_qualifying_evidence	source			estimated_from_source_maf	0						0	0.01	0.5			opengwasdb@a0656c0d073875c17088972b24cbb9568c0467a2	unavailable: no_qualifying_evidence
GCST90104921	GCST90104921	failed	no_qualifying_evidence	source			estimated_from_source_maf	0						0	0.01	0.5			opengwasdb@a0656c0d073875c17088972b24cbb9568c0467a2	unavailable: no_qualifying_evidence
GCST90104922	GCST90104922	failed	no_qualifying_evidence	source			estimated_from_source_maf	0						0	0.01	0.5			opengwasdb@a0656c0d073875c17088972b24cbb9568c0467a2	unavailable: no_qualifying_evidence
GCST90104923	GCST90104923	failed	no_qualifying_evidence	source			estimated_from_source_maf	0						0	0.01	0.5			opengwasdb@a0656c0d073875c17088972b24cbb9568c0467a2	unavailable: no_qualifying_evidence
GCST90104924	GCST90104924	failed	no_qualifying_evidence	source			estimated_from_source_maf	0						0	0.01	0.5			opengwasdb@a0656c0d073875c17088972b24cbb9568c0467a2	unavailable: no_qualifying_evidence
GCST90104925	GCST90104925	failed	no_qualifying_evidence	source			estimated_from_source_maf	0						0	0.01	0.5			opengwasdb@a0656c0d073875c17088972b24cbb9568c0467a2	unavailable: no_qualifying_evidence
GCST90104926	GCST90104926	failed	no_qualifying_evidence	source			estimated_from_source_maf	0						0	0.01	0.5			opengwasdb@a0656c0d073875c17088972b24cbb9568c0467a2	unavailable: no_qualifying_evidence
GCST90104927	GCST90104927	failed	no_qualifying_evidence	source			estimated_from_source_maf	0						0	0.01	0.5			opengwasdb@a0656c0d073875c17088972b24cbb9568c0467a2	unavailable: no_qualifying_evidence
GCST90104928	GCST90104928	failed	no_qualifying_evidence	source			estimated_from_source_maf	0						0	0.01	0.5			opengwasdb@a0656c0d073875c17088972b24cbb9568c0467a2	unavailable: no_qualifying_evidence
GCST90104929	GCST90104929	failed	no_qualifying_evidence	source			estimated_from_source_maf	0						0	0.01	0.5			opengwasdb@a0656c0d073875c17088972b24cbb9568c0467a2	unavailable: no_qualifying_evidence
GCST90104930	GCST90104930	failed	no_qualifying_evidence	source			estimated_from_source_maf	0						0	0.01	0.5			opengwasdb@a0656c0d073875c17088972b24cbb9568c0467a2	unavailable: no_qualifying_evidence
GCST90104931	GCST90104931	failed	no_qualifying_evidence	source			estimated_from_source_maf	0						0	0.01	0.5			opengwasdb@a0656c0d073875c17088972b24cbb9568c0467a2	unavailable: no_qualifying_evidence
GCST90104932	GCST90104932	failed	no_qualifying_evidence	source			estimated_from_source_maf	0						0	0.01	0.5			opengwasdb@a0656c0d073875c17088972b24cbb9568c0467a2	unavailable: no_qualifying_evidence
GCST90104933	GCST90104933	failed	no_qualifying_evidence	source			estimated_from_source_maf	0						0	0.01	0.5			opengwasdb@a0656c0d073875c17088972b24cbb9568c0467a2	unavailable: no_qualifying_evidence
GCST90104934	GCST90104934	failed	no_qualifying_evidence	source			estimated_from_source_maf	0						0	0.01	0.5			opengwasdb@a0656c0d073875c17088972b24cbb9568c0467a2	unavailable: no_qualifying_evidence
GCST90104935	GCST90104935	failed	no_qualifying_evidence	source			estimated_from_source_maf	0						0	0.01	0.5			opengwasdb@a0656c0d073875c17088972b24cbb9568c0467a2	unavailable: no_qualifying_evidence
GCST90104936	GCST90104936	failed	no_qualifying_evidence	source			estimated_from_source_maf	0						0	0.01	0.5			opengwasdb@a0656c0d073875c17088972b24cbb9568c0467a2	unavailable: no_qualifying_evidence
GCST90104937	GCST90104937	failed	no_qualifying_evidence	source			estimated_from_source_maf	0						0	0.01	0.5			opengwasdb@a0656c0d073875c17088972b24cbb9568c0467a2	unavailable: no_qualifying_evidence
GCST90104938	GCST90104938	failed	no_qualifying_evidence	source			estimated_from_source_maf	0						0	0.01	0.5			opengwasdb@a0656c0d073875c17088972b24cbb9568c0467a2	unavailable: no_qualifying_evidence
GCST90104939	GCST90104939	failed	no_qualifying_evidence	source			estimated_from_source_maf	0						0	0.01	0.5			opengwasdb@a0656c0d073875c17088972b24cbb9568c0467a2	unavailable: no_qualifying_evidence
GCST90104940	GCST90104940	failed	no_qualifying_evidence	source			estimated_from_source_maf	0						0	0.01	0.5			opengwasdb@a0656c0d073875c17088972b24cbb9568c0467a2	unavailable: no_qualifying_evidence
GCST90104941	GCST90104941	failed	no_qualifying_evidence	source			estimated_from_source_maf	0						0	0.01	0.5			opengwasdb@a0656c0d073875c17088972b24cbb9568c0467a2	unavailable: no_qualifying_evidence
GCST90104942	GCST90104942	failed	no_qualifying_evidence	source			estimated_from_source_maf	0						0	0.01	0.5			opengwasdb@a0656c0d073875c17088972b24cbb9568c0467a2	unavailable: no_qualifying_evidence
GCST90104943	GCST90104943	failed	no_qualifying_evidence	source			estimated_from_source_maf	0						0	0.01	0.5			opengwasdb@a0656c0d073875c17088972b24cbb9568c0467a2	unavailable: no_qualifying_evidence
GCST90104944	GCST90104944	failed	no_qualifying_evidence	source			estimated_from_source_maf	0						0	0.01	0.5			opengwasdb@a0656c0d073875c17088972b24cbb9568c0467a2	unavailable: no_qualifying_evidence
GCST90104945	GCST90104945	failed	no_qualifying_evidence	source			estimated_from_source_maf	0						0	0.01	0.5			opengwasdb@a0656c0d073875c17088972b24cbb9568c0467a2	unavailable: no_qualifying_evidence
GCST90104946	GCST90104946	failed	no_qualifying_evidence	source			estimated_from_source_maf	0						0	0.01	0.5			opengwasdb@a0656c0d073875c17088972b24cbb9568c0467a2	unavailable: no_qualifying_evidence
GCST90104947	GCST90104947	failed	no_qualifying_evidence	source			estimated_from_source_maf	0						0	0.01	0.5			opengwasdb@a0656c0d073875c17088972b24cbb9568c0467a2	unavailable: no_qualifying_evidence
GCST90104948	GCST90104948	failed	no_qualifying_evidence	source			estimated_from_source_maf	0						0	0.01	0.5			opengwasdb@a0656c0d073875c17088972b24cbb9568c0467a2	unavailable: no_qualifying_evidence
GCST90104949	GCST90104949	failed	no_qualifying_evidence	source			estimated_from_source_maf	0						0	0.01	0.5			opengwasdb@a0656c0d073875c17088972b24cbb9568c0467a2	unavailable: no_qualifying_evidence
GCST90104950	GCST90104950	failed	no_qualifying_evidence	source			estimated_from_source_maf	0						0	0.01	0.5			opengwasdb@a0656c0d073875c17088972b24cbb9568c0467a2	unavailable: no_qualifying_evidence
GCST90104951	GCST90104951	failed	no_qualifying_evidence	source			estimated_from_source_maf	0						0	0.01	0.5			opengwasdb@a0656c0d073875c17088972b24cbb9568c0467a2	unavailable: no_qualifying_evidence
GCST90105075	GCST90105075	failed	no_qualifying_evidence	source			estimated_from_source_maf	0						0	0.01	0.5			opengwasdb@a0656c0d073875c17088972b24cbb9568c0467a2	unavailable: no_qualifying_evidence
GCST90105076	GCST90105076	failed	no_qualifying_evidence	source			estimated_from_source_maf	0						0	0.01	0.5			opengwasdb@a0656c0d073875c17088972b24cbb9568c0467a2	unavailable: no_qualifying_evidence
GCST90105077	GCST90105077	failed	no_qualifying_evidence	source			estimated_from_source_maf	0						0	0.01	0.5			opengwasdb@a0656c0d073875c17088972b24cbb9568c0467a2	unavailable: no_qualifying_evidence
GCST90128518	GCST90128518	skipped	non_quantitative_effect_scale				binary_trait								0.01	0.5			opengwasdb@a0656c0d073875c17088972b24cbb9568c0467a2	case-control effect scale; phenotype-SD estimation not applicable
GCST90129428	GCST90129428	skipped	non_quantitative_effect_scale				binary_trait								0.01	0.5			opengwasdb@a0656c0d073875c17088972b24cbb9568c0467a2	case-control effect scale; phenotype-SD estimation not applicable
GCST90129429	GCST90129429	skipped	non_quantitative_effect_scale				binary_trait								0.01	0.5			opengwasdb@a0656c0d073875c17088972b24cbb9568c0467a2	case-control effect scale; phenotype-SD estimation not applicable
GCST90129430	GCST90129430	skipped	non_quantitative_effect_scale				binary_trait								0.01	0.5			opengwasdb@a0656c0d073875c17088972b24cbb9568c0467a2	case-control effect scale; phenotype-SD estimation not applicable
GCST90129431	GCST90129431	skipped	non_quantitative_effect_scale				binary_trait								0.01	0.5			opengwasdb@a0656c0d073875c17088972b24cbb9568c0467a2	case-control effect scale; phenotype-SD estimation not applicable
GCST90129432	GCST90129432	skipped	non_quantitative_effect_scale				binary_trait								0.01	0.5			opengwasdb@a0656c0d073875c17088972b24cbb9568c0467a2	case-control effect scale; phenotype-SD estimation not applicable
GCST90129433	GCST90129433	skipped	non_quantitative_effect_scale				binary_trait								0.01	0.5			opengwasdb@a0656c0d073875c17088972b24cbb9568c0467a2	case-control effect scale; phenotype-SD estimation not applicable
GCST90129434	GCST90129434	skipped	non_quantitative_effect_scale				binary_trait								0.01	0.5			opengwasdb@a0656c0d073875c17088972b24cbb9568c0467a2	case-control effect scale; phenotype-SD estimation not applicable
GCST90129435	GCST90129435	skipped	non_quantitative_effect_scale				binary_trait								0.01	0.5			opengwasdb@a0656c0d073875c17088972b24cbb9568c0467a2	case-control effect scale; phenotype-SD estimation not applicable
GCST90129436	GCST90129436	skipped	non_quantitative_effect_scale				binary_trait								0.01	0.5			opengwasdb@a0656c0d073875c17088972b24cbb9568c0467a2	case-control effect scale; phenotype-SD estimation not applicable
GCST90129437	GCST90129437	skipped	non_quantitative_effect_scale				binary_trait								0.01	0.5			opengwasdb@a0656c0d073875c17088972b24cbb9568c0467a2	case-control effect scale; phenotype-SD estimation not applicable
GCST90129438	GCST90129438	skipped	non_quantitative_effect_scale				binary_trait								0.01	0.5			opengwasdb@a0656c0d073875c17088972b24cbb9568c0467a2	case-control effect scale; phenotype-SD estimation not applicable
GCST90129439	GCST90129439	skipped	non_quantitative_effect_scale				binary_trait								0.01	0.5			opengwasdb@a0656c0d073875c17088972b24cbb9568c0467a2	case-control effect scale; phenotype-SD estimation not applicable
GCST90129440	GCST90129440	skipped	non_quantitative_effect_scale				binary_trait								0.01	0.5			opengwasdb@a0656c0d073875c17088972b24cbb9568c0467a2	case-control effect scale; phenotype-SD estimation not applicable
GCST90129441	GCST90129441	skipped	non_quantitative_effect_scale				binary_trait								0.01	0.5			opengwasdb@a0656c0d073875c17088972b24cbb9568c0467a2	case-control effect scale; phenotype-SD estimation not applicable
GCST90129442	GCST90129442	skipped	non_quantitative_effect_scale				binary_trait								0.01	0.5			opengwasdb@a0656c0d073875c17088972b24cbb9568c0467a2	case-control effect scale; phenotype-SD estimation not applicable
GCST90129443	GCST90129443	skipped	non_quantitative_effect_scale				binary_trait								0.01	0.5			opengwasdb@a0656c0d073875c17088972b24cbb9568c0467a2	case-control effect scale; phenotype-SD estimation not applicable
GCST90129444	GCST90129444	skipped	non_quantitative_effect_scale				binary_trait								0.01	0.5			opengwasdb@a0656c0d073875c17088972b24cbb9568c0467a2	case-control effect scale; phenotype-SD estimation not applicable
GCST90129445	GCST90129445	skipped	non_quantitative_effect_scale				binary_trait								0.01	0.5			opengwasdb@a0656c0d073875c17088972b24cbb9568c0467a2	case-control effect scale; phenotype-SD estimation not applicable
GCST90129446	GCST90129446	skipped	non_quantitative_effect_scale				binary_trait								0.01	0.5			opengwasdb@a0656c0d073875c17088972b24cbb9568c0467a2	case-control effect scale; phenotype-SD estimation not applicable
GCST90129447	GCST90129447	skipped	non_quantitative_effect_scale				binary_trait								0.01	0.5			opengwasdb@a0656c0d073875c17088972b24cbb9568c0467a2	case-control effect scale; phenotype-SD estimation not applicable
GCST90129448	GCST90129448	skipped	non_quantitative_effect_scale				binary_trait								0.01	0.5			opengwasdb@a0656c0d073875c17088972b24cbb9568c0467a2	case-control effect scale; phenotype-SD estimation not applicable
GCST90129449	GCST90129449	skipped	non_quantitative_effect_scale				binary_trait								0.01	0.5			opengwasdb@a0656c0d073875c17088972b24cbb9568c0467a2	case-control effect scale; phenotype-SD estimation not applicable
GCST90129450	GCST90129450	skipped	non_quantitative_effect_scale				binary_trait								0.01	0.5			opengwasdb@a0656c0d073875c17088972b24cbb9568c0467a2	case-control effect scale; phenotype-SD estimation not applicable
GCST90129451	GCST90129451	skipped	non_quantitative_effect_scale				binary_trait								0.01	0.5			opengwasdb@a0656c0d073875c17088972b24cbb9568c0467a2	case-control effect scale; phenotype-SD estimation not applicable
GCST90129452	GCST90129452	skipped	non_quantitative_effect_scale				binary_trait								0.01	0.5			opengwasdb@a0656c0d073875c17088972b24cbb9568c0467a2	case-control effect scale; phenotype-SD estimation not applicable
GCST90129453	GCST90129453	skipped	non_quantitative_effect_scale				binary_trait								0.01	0.5			opengwasdb@a0656c0d073875c17088972b24cbb9568c0467a2	case-control effect scale; phenotype-SD estimation not applicable
GCST90129454	GCST90129454	skipped	non_quantitative_effect_scale				binary_trait								0.01	0.5			opengwasdb@a0656c0d073875c17088972b24cbb9568c0467a2	case-control effect scale; phenotype-SD estimation not applicable
GCST90129455	GCST90129455	skipped	non_quantitative_effect_scale				binary_trait								0.01	0.5			opengwasdb@a0656c0d073875c17088972b24cbb9568c0467a2	case-control effect scale; phenotype-SD estimation not applicable
GCST90129456	GCST90129456	skipped	non_quantitative_effect_scale				binary_trait								0.01	0.5			opengwasdb@a0656c0d073875c17088972b24cbb9568c0467a2	case-control effect scale; phenotype-SD estimation not applicable
GCST90129457	GCST90129457	skipped	non_quantitative_effect_scale				binary_trait								0.01	0.5			opengwasdb@a0656c0d073875c17088972b24cbb9568c0467a2	case-control effect scale; phenotype-SD estimation not applicable
GCST90129458	GCST90129458	skipped	non_quantitative_effect_scale				binary_trait								0.01	0.5			opengwasdb@a0656c0d073875c17088972b24cbb9568c0467a2	case-control effect scale; phenotype-SD estimation not applicable
GCST90129459	GCST90129459	skipped	non_quantitative_effect_scale				binary_trait								0.01	0.5			opengwasdb@a0656c0d073875c17088972b24cbb9568c0467a2	case-control effect scale; phenotype-SD estimation not applicable
GCST90129460	GCST90129460	skipped	non_quantitative_effect_scale				binary_trait								0.01	0.5			opengwasdb@a0656c0d073875c17088972b24cbb9568c0467a2	case-control effect scale; phenotype-SD estimation not applicable
GCST90129575	GCST90129575	skipped	non_quantitative_effect_scale				binary_trait								0.01	0.5			opengwasdb@a0656c0d073875c17088972b24cbb9568c0467a2	case-control effect scale; phenotype-SD estimation not applicable
GCST90129599	GCST90129599	passed		source		1.01567	estimated_from_source_maf	9556107						20000	0.01	0.5	1.01567	0.0158837	opengwasdb@a0656c0d073875c17088972b24cbb9568c0467a2	
GCST90129600	GCST90129600	passed		source		1.01638	estimated_from_source_maf	9549274						20000	0.01	0.5	1.01638	0.0165851	opengwasdb@a0656c0d073875c17088972b24cbb9568c0467a2	
GCST90129631	GCST90129631	passed		source		1.08186	estimated_from_source_maf	10712203						20000	0.01	0.5	1.08186	0.044144	opengwasdb@a0656c0d073875c17088972b24cbb9568c0467a2	
GCST90129632	GCST90129632	passed		source		1.00839	estimated_from_source_maf	8795923						20000	0.01	0.5	1.00839	0.0102122	opengwasdb@a0656c0d073875c17088972b24cbb9568c0467a2	
GCST90129635	GCST90129635	passed		source		0.940384	estimated_from_source_maf	9073648						20000	0.01	0.5	0.940384	0.00636992	opengwasdb@a0656c0d073875c17088972b24cbb9568c0467a2	
GCST90132223	GCST90132223	skipped	non_quantitative_effect_scale				binary_trait								0.01	0.5			opengwasdb@a0656c0d073875c17088972b24cbb9568c0467a2	case-control effect scale; phenotype-SD estimation not applicable
GCST90132226	GCST90132226	skipped	non_quantitative_effect_scale				binary_trait								0.01	0.5			opengwasdb@a0656c0d073875c17088972b24cbb9568c0467a2	case-control effect scale; phenotype-SD estimation not applicable
GCST90132313	GCST90132313	skipped	non_quantitative_effect_scale				binary_trait								0.01	0.5			opengwasdb@a0656c0d073875c17088972b24cbb9568c0467a2	case-control effect scale; phenotype-SD estimation not applicable
GCST90134254	GCST90134254	skipped	non_quantitative_effect_scale				binary_trait								0.01	0.5			opengwasdb@a0656c0d073875c17088972b24cbb9568c0467a2	case-control effect scale; phenotype-SD estimation not applicable
GCST90134279	GCST90134279	skipped	non_quantitative_effect_scale				binary_trait								0.01	0.5			opengwasdb@a0656c0d073875c17088972b24cbb9568c0467a2	case-control effect scale; phenotype-SD estimation not applicable
GCST90134288	GCST90134288	skipped	non_quantitative_effect_scale				binary_trait								0.01	0.5			opengwasdb@a0656c0d073875c17088972b24cbb9568c0467a2	case-control effect scale; phenotype-SD estimation not applicable
GCST90134327	GCST90134327	skipped	non_quantitative_effect_scale				binary_trait								0.01	0.5			opengwasdb@a0656c0d073875c17088972b24cbb9568c0467a2	case-control effect scale; phenotype-SD estimation not applicable
GCST90134433	GCST90134433	skipped	non_quantitative_effect_scale				binary_trait								0.01	0.5			opengwasdb@a0656c0d073875c17088972b24cbb9568c0467a2	case-control effect scale; phenotype-SD estimation not applicable
GCST90134532	GCST90134532	failed	no_qualifying_evidence	source			estimated_from_source_maf	0						0	0.01	0.5			opengwasdb@a0656c0d073875c17088972b24cbb9568c0467a2	unavailable: no_qualifying_evidence
GCST90134588	GCST90134588	passed		source		0.98556	estimated_from_source_maf	8785414						20000	0.01	0.5	0.98556	0.00390882	opengwasdb@a0656c0d073875c17088972b24cbb9568c0467a2	
GCST90134589	GCST90134589	passed		source		0.982554	estimated_from_source_maf	8785445						20000	0.01	0.5	0.982554	0.00397978	opengwasdb@a0656c0d073875c17088972b24cbb9568c0467a2	
GCST90134590	GCST90134590	passed		source		0.996826	estimated_from_source_maf	8785410						20000	0.01	0.5	0.996826	0.003825	opengwasdb@a0656c0d073875c17088972b24cbb9568c0467a2	
GCST90134591	GCST90134591	passed		source		0.996129	estimated_from_source_maf	8785517						20000	0.01	0.5	0.996129	0.00384637	opengwasdb@a0656c0d073875c17088972b24cbb9568c0467a2	
GCST90134592	GCST90134592	passed		source		0.96966	estimated_from_source_maf	7135580						20000	0.01	0.5	0.96966	0.00376589	opengwasdb@a0656c0d073875c17088972b24cbb9568c0467a2	
GCST90134593	GCST90134593	passed		source		0.984006	estimated_from_source_maf	7135457						20000	0.01	0.5	0.984006	0.00387259	opengwasdb@a0656c0d073875c17088972b24cbb9568c0467a2	
GCST90134594	GCST90134594	passed		source		0.938724	estimated_from_source_maf	7135580						20000	0.01	0.5	0.938724	0.00353303	opengwasdb@a0656c0d073875c17088972b24cbb9568c0467a2	
GCST90134595	GCST90134595	passed		source		0.948912	estimated_from_source_maf	7135457						20000	0.01	0.5	0.948912	0.00359005	opengwasdb@a0656c0d073875c17088972b24cbb9568c0467a2	
GCST90134599	GCST90134599	skipped	non_quantitative_effect_scale				binary_trait								0.01	0.5			opengwasdb@a0656c0d073875c17088972b24cbb9568c0467a2	case-control effect scale; phenotype-SD estimation not applicable
GCST90134600	GCST90134600	skipped	non_quantitative_effect_scale				binary_trait								0.01	0.5			opengwasdb@a0656c0d073875c17088972b24cbb9568c0467a2	case-control effect scale; phenotype-SD estimation not applicable
GCST90134601	GCST90134601	skipped	non_quantitative_effect_scale				binary_trait								0.01	0.5			opengwasdb@a0656c0d073875c17088972b24cbb9568c0467a2	case-control effect scale; phenotype-SD estimation not applicable
GCST90134602	GCST90134602	skipped	non_quantitative_effect_scale				binary_trait								0.01	0.5			opengwasdb@a0656c0d073875c17088972b24cbb9568c0467a2	case-control effect scale; phenotype-SD estimation not applicable
GCST90134614	GCST90134614	passed		source		0.942763	estimated_from_source_maf	8961113						20000	0.01	0.5	0.942763	0.00355586	opengwasdb@a0656c0d073875c17088972b24cbb9568c0467a2	
GCST90134626	GCST90134626	passed		source		1.02157	estimated_from_source_maf	9073947						20000	0.01	0.5	1.02157	0.0220327	opengwasdb@a0656c0d073875c17088972b24cbb9568c0467a2	
GCST90134627	GCST90134627	passed		source		1.07131	estimated_from_source_maf	8910614						20000	0.01	0.5	1.07131	0.0713589	opengwasdb@a0656c0d073875c17088972b24cbb9568c0467a2	
GCST90134628	GCST90134628	passed		source		1.0261	estimated_from_source_maf	9112800						20000	0.01	0.5	1.0261	0.0266174	opengwasdb@a0656c0d073875c17088972b24cbb9568c0467a2	
GCST90134629	GCST90134629	passed		source		1.01021	estimated_from_source_maf	8982303						20000	0.01	0.5	1.01021	0.0109966	opengwasdb@a0656c0d073875c17088972b24cbb9568c0467a2	
GCST90134630	GCST90134630	passed		source		1.01721	estimated_from_source_maf	9089911						20000	0.01	0.5	1.01721	0.0178003	opengwasdb@a0656c0d073875c17088972b24cbb9568c0467a2	
GCST90134631	GCST90134631	passed		source		1.06496	estimated_from_source_maf	8917846						20000	0.01	0.5	1.06496	0.0650136	opengwasdb@a0656c0d073875c17088972b24cbb9568c0467a2	
GCST90134632	GCST90134632	passed		source		1.02414	estimated_from_source_maf	9122580						20000	0.01	0.5	1.02414	0.024661	opengwasdb@a0656c0d073875c17088972b24cbb9568c0467a2	
GCST90134633	GCST90134633	passed		source		1.01056	estimated_from_source_maf	8979508						20000	0.01	0.5	1.01056	0.0113377	opengwasdb@a0656c0d073875c17088972b24cbb9568c0467a2	
GCST90134661	GCST90134661	skipped	non_quantitative_effect_scale				binary_trait								0.01	0.5			opengwasdb@a0656c0d073875c17088972b24cbb9568c0467a2	case-control effect scale; phenotype-SD estimation not applicable
GCST90137411	GCST90137411	skipped	non_quantitative_effect_scale				binary_trait								0.01	0.5			opengwasdb@a0656c0d073875c17088972b24cbb9568c0467a2	case-control effect scale; phenotype-SD estimation not applicable
GCST90137412	GCST90137412	skipped	non_quantitative_effect_scale				binary_trait								0.01	0.5			opengwasdb@a0656c0d073875c17088972b24cbb9568c0467a2	case-control effect scale; phenotype-SD estimation not applicable
GCST90137414	GCST90137414	passed		source		1.92108	estimated_from_source_maf	9020490						20000	0.01	0.5	1.92108	0.0856001	opengwasdb@a0656c0d073875c17088972b24cbb9568c0467a2	
GCST90161173	GCST90161173	skipped	non_quantitative_effect_scale				binary_trait								0.01	0.5			opengwasdb@a0656c0d073875c17088972b24cbb9568c0467a2	case-control effect scale; phenotype-SD estimation not applicable
GCST90161240	GCST90161240	skipped	non_quantitative_effect_scale				binary_trait								0.01	0.5			opengwasdb@a0656c0d073875c17088972b24cbb9568c0467a2	case-control effect scale; phenotype-SD estimation not applicable
GCST90162547	GCST90162547	passed		source		0.521428	estimated_from_source_maf	7366542						20000	0.01	0.5	0.521428	0.00104505	opengwasdb@a0656c0d073875c17088972b24cbb9568c0467a2	
GCST90162548	GCST90162548	passed		source		0.653904	estimated_from_source_maf	7366542						20000	0.01	0.5	0.653904	0.00165876	opengwasdb@a0656c0d073875c17088972b24cbb9568c0467a2	
GCST90162549	GCST90162549	passed		source		0.468697	estimated_from_source_maf	7366542						20000	0.01	0.5	0.468697	0.000924617	opengwasdb@a0656c0d073875c17088972b24cbb9568c0467a2	
GCST90162550	GCST90162550	skipped	non_quantitative_effect_scale				binary_trait								0.01	0.5			opengwasdb@a0656c0d073875c17088972b24cbb9568c0467a2	case-control effect scale; phenotype-SD estimation not applicable
GCST90162552	GCST90162552	skipped	non_quantitative_effect_scale				binary_trait								0.01	0.5			opengwasdb@a0656c0d073875c17088972b24cbb9568c0467a2	case-control effect scale; phenotype-SD estimation not applicable
GCST90162553	GCST90162553	skipped	non_quantitative_effect_scale				binary_trait								0.01	0.5			opengwasdb@a0656c0d073875c17088972b24cbb9568c0467a2	case-control effect scale; phenotype-SD estimation not applicable
GCST90162554	GCST90162554	skipped	non_quantitative_effect_scale				binary_trait								0.01	0.5			opengwasdb@a0656c0d073875c17088972b24cbb9568c0467a2	case-control effect scale; phenotype-SD estimation not applicable
GCST90162555	GCST90162555	skipped	non_quantitative_effect_scale				binary_trait								0.01	0.5			opengwasdb@a0656c0d073875c17088972b24cbb9568c0467a2	case-control effect scale; phenotype-SD estimation not applicable
GCST90162562	GCST90162562	passed		source		1.00149	estimated_from_source_maf	6384711						20000	0.01	0.5	1.00149	0.00285813	opengwasdb@a0656c0d073875c17088972b24cbb9568c0467a2	
GCST90162563	GCST90162563	passed		source		0.999825	estimated_from_source_maf	6384711						20000	0.01	0.5	0.999825	0.00282301	opengwasdb@a0656c0d073875c17088972b24cbb9568c0467a2	
GCST90162564	GCST90162564	passed		source		0.691678	estimated_from_source_maf	6384711						20000	0.01	0.5	0.691678	0.00195325	opengwasdb@a0656c0d073875c17088972b24cbb9568c0467a2	
GCST90162626	GCST90162626	skipped	non_quantitative_effect_scale				binary_trait								0.01	0.5			opengwasdb@a0656c0d073875c17088972b24cbb9568c0467a2	case-control effect scale; phenotype-SD estimation not applicable
GCST90165257	GCST90165257	warning		source		1920.03	estimated_from_source_maf	5015683						20000	0.01	0.5	1920.03	1484.3	opengwasdb@a0656c0d073875c17088972b24cbb9568c0467a2	
GCST90165259	GCST90165259	skipped	non_quantitative_effect_scale				binary_trait								0.01	0.5			opengwasdb@a0656c0d073875c17088972b24cbb9568c0467a2	case-control effect scale; phenotype-SD estimation not applicable
GCST90165261	GCST90165261	skipped	non_quantitative_effect_scale				binary_trait								0.01	0.5			opengwasdb@a0656c0d073875c17088972b24cbb9568c0467a2	case-control effect scale; phenotype-SD estimation not applicable
GCST90165267	GCST90165267	skipped	non_quantitative_effect_scale				binary_trait								0.01	0.5			opengwasdb@a0656c0d073875c17088972b24cbb9568c0467a2	case-control effect scale; phenotype-SD estimation not applicable
GCST90165271	GCST90165271	skipped	non_quantitative_effect_scale				binary_trait								0.01	0.5			opengwasdb@a0656c0d073875c17088972b24cbb9568c0467a2	case-control effect scale; phenotype-SD estimation not applicable
GCST90165273	GCST90165273	skipped	non_quantitative_effect_scale				binary_trait								0.01	0.5			opengwasdb@a0656c0d073875c17088972b24cbb9568c0467a2	case-control effect scale; phenotype-SD estimation not applicable
GCST90165275	GCST90165275	skipped	non_quantitative_effect_scale				binary_trait								0.01	0.5			opengwasdb@a0656c0d073875c17088972b24cbb9568c0467a2	case-control effect scale; phenotype-SD estimation not applicable
GCST90165277	GCST90165277	skipped	non_quantitative_effect_scale				binary_trait								0.01	0.5			opengwasdb@a0656c0d073875c17088972b24cbb9568c0467a2	case-control effect scale; phenotype-SD estimation not applicable
GCST90165279	GCST90165279	skipped	non_quantitative_effect_scale				binary_trait								0.01	0.5			opengwasdb@a0656c0d073875c17088972b24cbb9568c0467a2	case-control effect scale; phenotype-SD estimation not applicable
GCST90165281	GCST90165281	skipped	non_quantitative_effect_scale				binary_trait								0.01	0.5			opengwasdb@a0656c0d073875c17088972b24cbb9568c0467a2	case-control effect scale; phenotype-SD estimation not applicable
GCST90165283	GCST90165283	skipped	non_quantitative_effect_scale				binary_trait								0.01	0.5			opengwasdb@a0656c0d073875c17088972b24cbb9568c0467a2	case-control effect scale; phenotype-SD estimation not applicable
GCST90165285	GCST90165285	skipped	non_quantitative_effect_scale				binary_trait								0.01	0.5			opengwasdb@a0656c0d073875c17088972b24cbb9568c0467a2	case-control effect scale; phenotype-SD estimation not applicable
GCST90165287	GCST90165287	skipped	non_quantitative_effect_scale				binary_trait								0.01	0.5			opengwasdb@a0656c0d073875c17088972b24cbb9568c0467a2	case-control effect scale; phenotype-SD estimation not applicable
GCST90165289	GCST90165289	skipped	non_quantitative_effect_scale				binary_trait								0.01	0.5			opengwasdb@a0656c0d073875c17088972b24cbb9568c0467a2	case-control effect scale; phenotype-SD estimation not applicable
GCST90165290	GCST90165290	warning		source		23.0435	estimated_from_source_maf	19339989						20000	0.01	0.5	23.0435	3.23656	opengwasdb@a0656c0d073875c17088972b24cbb9568c0467a2	
GCST90165291	GCST90165291	warning		source		23.535	estimated_from_source_maf	19687176						20000	0.01	0.5	23.535	3.34537	opengwasdb@a0656c0d073875c17088972b24cbb9568c0467a2	
GCST90179114	GCST90179114	passed		source		0.752497	estimated_from_source_maf	7366542						20000	0.01	0.5	0.752497	0.00196998	opengwasdb@a0656c0d073875c17088972b24cbb9568c0467a2	
GCST90179115	GCST90179115	passed		source		0.683469	estimated_from_source_maf	7366542						20000	0.01	0.5	0.683469	0.0013388	opengwasdb@a0656c0d073875c17088972b24cbb9568c0467a2	
GCST90179116	GCST90179116	passed		source		0.31998	estimated_from_source_maf	7366542						20000	0.01	0.5	0.31998	0.000666836	opengwasdb@a0656c0d073875c17088972b24cbb9568c0467a2	
GCST90179117	GCST90179117	passed		source		0.395013	estimated_from_source_maf	7366542						20000	0.01	0.5	0.395013	0.000764491	opengwasdb@a0656c0d073875c17088972b24cbb9568c0467a2	
GCST90179118	GCST90179118	passed		source		1.05414	estimated_from_source_maf	7366542						20000	0.01	0.5	1.05414	0.00246468	opengwasdb@a0656c0d073875c17088972b24cbb9568c0467a2	
GCST90179119	GCST90179119	passed		source		0.782941	estimated_from_source_maf	7366542						20000	0.01	0.5	0.782941	0.00184978	opengwasdb@a0656c0d073875c17088972b24cbb9568c0467a2	
GCST90179120	GCST90179120	passed		source		0.94259	estimated_from_source_maf	7366542						20000	0.01	0.5	0.94259	0.00231212	opengwasdb@a0656c0d073875c17088972b24cbb9568c0467a2	
GCST90179146	GCST90179146	passed		source		1.08433	estimated_from_source_maf	6195323						20000	0.01	0.5	1.08433	0	opengwasdb@a0656c0d073875c17088972b24cbb9568c0467a2	
GCST90179147	GCST90179147	passed		source		1.11771	estimated_from_source_maf	6195323						20000	0.01	0.5	1.11771	0	opengwasdb@a0656c0d073875c17088972b24cbb9568c0467a2	
GCST90179148	GCST90179148	passed		source		0.590143	estimated_from_source_maf	6195323						20000	0.01	0.5	0.590143	0	opengwasdb@a0656c0d073875c17088972b24cbb9568c0467a2	
GCST90179149	GCST90179149	passed		source		1.05324	estimated_from_source_maf	6195323						20000	0.01	0.5	1.05324	0	opengwasdb@a0656c0d073875c17088972b24cbb9568c0467a2	
GCST90179150	GCST90179150	passed		source		1.21656	estimated_from_source_maf	6195323						20000	0.01	0.5	1.21656	0	opengwasdb@a0656c0d073875c17088972b24cbb9568c0467a2	
GCST90179151	GCST90179151	passed		source		1.01283	estimated_from_source_maf	6195323						20000	0.01	0.5	1.01283	0	opengwasdb@a0656c0d073875c17088972b24cbb9568c0467a2	
GCST90204144	GCST90204144	skipped	non_quantitative_effect_scale				binary_trait								0.01	0.5			opengwasdb@a0656c0d073875c17088972b24cbb9568c0467a2	case-control effect scale; phenotype-SD estimation not applicable
GCST90204145	GCST90204145	skipped	non_quantitative_effect_scale				binary_trait								0.01	0.5			opengwasdb@a0656c0d073875c17088972b24cbb9568c0467a2	case-control effect scale; phenotype-SD estimation not applicable
GCST90204146	GCST90204146	skipped	non_quantitative_effect_scale				binary_trait								0.01	0.5			opengwasdb@a0656c0d073875c17088972b24cbb9568c0467a2	case-control effect scale; phenotype-SD estimation not applicable
GCST90204167	GCST90204167	skipped	non_quantitative_effect_scale				binary_trait								0.01	0.5			opengwasdb@a0656c0d073875c17088972b24cbb9568c0467a2	case-control effect scale; phenotype-SD estimation not applicable
GCST90204194	GCST90204194	passed		source		2.07389	estimated_from_source_maf	10401250						20000	0.01	0.5	2.07389	0.00759297	opengwasdb@a0656c0d073875c17088972b24cbb9568c0467a2	
GCST90204195	GCST90204195	passed		source		2.65131	estimated_from_source_maf	10401785						20000	0.01	0.5	2.65131	0.00989082	opengwasdb@a0656c0d073875c17088972b24cbb9568c0467a2	
GCST90204196	GCST90204196	passed		source		2.42104	estimated_from_source_maf	10401466						20000	0.01	0.5	2.42104	0.00896467	opengwasdb@a0656c0d073875c17088972b24cbb9568c0467a2	
GCST90204197	GCST90204197	passed		source		2.35889	estimated_from_source_maf	10401541						20000	0.01	0.5	2.35889	0.00867699	opengwasdb@a0656c0d073875c17088972b24cbb9568c0467a2	
GCST90204198	GCST90204198	passed		source		2.25659	estimated_from_source_maf	10401762						20000	0.01	0.5	2.25659	0.00831136	opengwasdb@a0656c0d073875c17088972b24cbb9568c0467a2	
GCST90204199	GCST90204199	passed		source		1.00002	estimated_from_source_maf	8887104						20000	0.01	0.5	1.00002	0.00365103	opengwasdb@a0656c0d073875c17088972b24cbb9568c0467a2	
GCST90204200	GCST90204200	skipped	non_quantitative_effect_scale				binary_trait								0.01	0.5			opengwasdb@a0656c0d073875c17088972b24cbb9568c0467a2	case-control effect scale; phenotype-SD estimation not applicable
GCST90204201	GCST90204201	skipped	non_quantitative_effect_scale				binary_trait								0.01	0.5			opengwasdb@a0656c0d073875c17088972b24cbb9568c0467a2	case-control effect scale; phenotype-SD estimation not applicable
GCST90205183	GCST90205183	skipped	non_quantitative_effect_scale				binary_trait								0.01	0.5			opengwasdb@a0656c0d073875c17088972b24cbb9568c0467a2	case-control effect scale; phenotype-SD estimation not applicable
GCST90225499	GCST90225499	skipped	non_quantitative_effect_scale				binary_trait								0.01	0.5			opengwasdb@a0656c0d073875c17088972b24cbb9568c0467a2	case-control effect scale; phenotype-SD estimation not applicable
GCST90225500	GCST90225500	skipped	non_quantitative_effect_scale				binary_trait								0.01	0.5			opengwasdb@a0656c0d073875c17088972b24cbb9568c0467a2	case-control effect scale; phenotype-SD estimation not applicable
GCST90225516	GCST90225516	skipped	non_quantitative_effect_scale				binary_trait								0.01	0.5			opengwasdb@a0656c0d073875c17088972b24cbb9568c0467a2	case-control effect scale; phenotype-SD estimation not applicable
GCST90225517	GCST90225517	skipped	non_quantitative_effect_scale				binary_trait								0.01	0.5			opengwasdb@a0656c0d073875c17088972b24cbb9568c0467a2	case-control effect scale; phenotype-SD estimation not applicable
GCST90225518	GCST90225518	skipped	non_quantitative_effect_scale				binary_trait								0.01	0.5			opengwasdb@a0656c0d073875c17088972b24cbb9568c0467a2	case-control effect scale; phenotype-SD estimation not applicable
GCST90225519	GCST90225519	skipped	non_quantitative_effect_scale				binary_trait								0.01	0.5			opengwasdb@a0656c0d073875c17088972b24cbb9568c0467a2	case-control effect scale; phenotype-SD estimation not applicable
GCST90225520	GCST90225520	skipped	non_quantitative_effect_scale				binary_trait								0.01	0.5			opengwasdb@a0656c0d073875c17088972b24cbb9568c0467a2	case-control effect scale; phenotype-SD estimation not applicable
GCST90225521	GCST90225521	skipped	non_quantitative_effect_scale				binary_trait								0.01	0.5			opengwasdb@a0656c0d073875c17088972b24cbb9568c0467a2	case-control effect scale; phenotype-SD estimation not applicable
GCST90225522	GCST90225522	skipped	non_quantitative_effect_scale				binary_trait								0.01	0.5			opengwasdb@a0656c0d073875c17088972b24cbb9568c0467a2	case-control effect scale; phenotype-SD estimation not applicable
GCST90225523	GCST90225523	passed		source		2.17215	estimated_from_source_maf	7731718						20000	0.01	0.5	2.17215	0.00510804	opengwasdb@a0656c0d073875c17088972b24cbb9568c0467a2	
GCST90225524	GCST90225524	skipped	non_quantitative_effect_scale				binary_trait								0.01	0.5			opengwasdb@a0656c0d073875c17088972b24cbb9568c0467a2	case-control effect scale; phenotype-SD estimation not applicable
GCST90225525	GCST90225525	skipped	non_quantitative_effect_scale				binary_trait								0.01	0.5			opengwasdb@a0656c0d073875c17088972b24cbb9568c0467a2	case-control effect scale; phenotype-SD estimation not applicable
GCST90225526	GCST90225526	skipped	non_quantitative_effect_scale				binary_trait								0.01	0.5			opengwasdb@a0656c0d073875c17088972b24cbb9568c0467a2	case-control effect scale; phenotype-SD estimation not applicable
GCST90225527	GCST90225527	skipped	non_quantitative_effect_scale				binary_trait								0.01	0.5			opengwasdb@a0656c0d073875c17088972b24cbb9568c0467a2	case-control effect scale; phenotype-SD estimation not applicable
GCST90225528	GCST90225528	skipped	non_quantitative_effect_scale				binary_trait								0.01	0.5			opengwasdb@a0656c0d073875c17088972b24cbb9568c0467a2	case-control effect scale; phenotype-SD estimation not applicable
GCST90225529	GCST90225529	skipped	non_quantitative_effect_scale				binary_trait								0.01	0.5			opengwasdb@a0656c0d073875c17088972b24cbb9568c0467a2	case-control effect scale; phenotype-SD estimation not applicable
GCST90225530	GCST90225530	skipped	non_quantitative_effect_scale				binary_trait								0.01	0.5			opengwasdb@a0656c0d073875c17088972b24cbb9568c0467a2	case-control effect scale; phenotype-SD estimation not applicable
GCST90225550	GCST90225550	skipped	non_quantitative_effect_scale				binary_trait								0.01	0.5			opengwasdb@a0656c0d073875c17088972b24cbb9568c0467a2	case-control effect scale; phenotype-SD estimation not applicable
GCST90239649	GCST90239649	passed		source		1.2369	estimated_from_source_maf	15157657						20000	0.01	0.5	1.2369	0.105573	opengwasdb@a0656c0d073875c17088972b24cbb9568c0467a2	
GCST90239652	GCST90239652	passed		source		1.13077	estimated_from_source_maf	7820977						20000	0.01	0.5	1.13077	0.0114503	opengwasdb@a0656c0d073875c17088972b24cbb9568c0467a2	
GCST90239655	GCST90239655	passed		source		1.24341	estimated_from_source_maf	14696901						20000	0.01	0.5	1.24341	0.0903576	opengwasdb@a0656c0d073875c17088972b24cbb9568c0467a2	
GCST90239658	GCST90239658	passed		source		1.14673	estimated_from_source_maf	10743898						20000	0.01	0.5	1.14673	0.0212418	opengwasdb@a0656c0d073875c17088972b24cbb9568c0467a2	
GCST90239661	GCST90239661	passed		source		1.22783	estimated_from_source_maf	14787349						20000	0.01	0.5	1.22783	0.0896952	opengwasdb@a0656c0d073875c17088972b24cbb9568c0467a2	
GCST90239664	GCST90239664	passed		source		1.1319	estimated_from_source_maf	10742866						20000	0.01	0.5	1.1319	0.0203584	opengwasdb@a0656c0d073875c17088972b24cbb9568c0467a2	
GCST90239667	GCST90239667	passed		source		1.45691	estimated_from_source_maf	14679402						20000	0.01	0.5	1.45691	0.111617	opengwasdb@a0656c0d073875c17088972b24cbb9568c0467a2	
GCST90239670	GCST90239670	passed		source		1.33437	estimated_from_source_maf	10603126						20000	0.01	0.5	1.33437	0.0171175	opengwasdb@a0656c0d073875c17088972b24cbb9568c0467a2	
GCST90239673	GCST90239673	passed		source		1.19336	estimated_from_source_maf	15069328						20000	0.01	0.5	1.19336	0.103478	opengwasdb@a0656c0d073875c17088972b24cbb9568c0467a2	
GCST90239676	GCST90239676	passed		source		1.10465	estimated_from_source_maf	10718930						20000	0.01	0.5	1.10465	0.0199786	opengwasdb@a0656c0d073875c17088972b24cbb9568c0467a2	
GCST90239748	GCST90239748	failed	no_qualifying_evidence	source			estimated_from_source_maf	0						0	0.01	0.5			opengwasdb@a0656c0d073875c17088972b24cbb9568c0467a2	unavailable: no_qualifying_evidence
GCST90239749	GCST90239749	failed	no_qualifying_evidence	source			estimated_from_source_maf	0						0	0.01	0.5			opengwasdb@a0656c0d073875c17088972b24cbb9568c0467a2	unavailable: no_qualifying_evidence
GCST90239750	GCST90239750	skipped	non_quantitative_effect_scale				binary_trait								0.01	0.5			opengwasdb@a0656c0d073875c17088972b24cbb9568c0467a2	case-control effect scale; phenotype-SD estimation not applicable
GCST90239819	GCST90239819	passed		source		0.950873	estimated_from_source_maf	10241902						20000	0.01	0.5	0.950873	0.00406338	opengwasdb@a0656c0d073875c17088972b24cbb9568c0467a2	
GCST90239820	GCST90239820	passed		source		0.987499	estimated_from_source_maf	10240399						20000	0.01	0.5	0.987499	0.00342729	opengwasdb@a0656c0d073875c17088972b24cbb9568c0467a2	
GCST90239821	GCST90239821	passed		source		0.910847	estimated_from_source_maf	10241903						20000	0.01	0.5	0.910847	0.00525193	opengwasdb@a0656c0d073875c17088972b24cbb9568c0467a2	
GCST90239822	GCST90239822	passed		source		0.936288	estimated_from_source_maf	10240550						20000	0.01	0.5	0.936288	0.00427778	opengwasdb@a0656c0d073875c17088972b24cbb9568c0467a2	
GCST90239823	GCST90239823	passed		source		0.961168	estimated_from_source_maf	10241933						20000	0.01	0.5	0.961168	0.00383396	opengwasdb@a0656c0d073875c17088972b24cbb9568c0467a2	
GCST90239824	GCST90239824	passed		source		0.969441	estimated_from_source_maf	10240736						20000	0.01	0.5	0.969441	0.00369016	opengwasdb@a0656c0d073875c17088972b24cbb9568c0467a2	
GCST90239825	GCST90239825	passed		source		0.979601	estimated_from_source_maf	10242014						20000	0.01	0.5	0.979601	0.0035048	opengwasdb@a0656c0d073875c17088972b24cbb9568c0467a2	
GCST90239826	GCST90239826	passed		source		0.978056	estimated_from_source_maf	10240631						20000	0.01	0.5	0.978056	0.00357316	opengwasdb@a0656c0d073875c17088972b24cbb9568c0467a2	
GCST90239836	GCST90239836	passed		source		0.904029	estimated_from_source_maf	2901736						20000	0.01	0.5	0.904029	0.0127421	opengwasdb@a0656c0d073875c17088972b24cbb9568c0467a2	
GCST90239837	GCST90239837	passed		source		0.881996	estimated_from_source_maf	2858795						20000	0.01	0.5	0.881996	0.0128236	opengwasdb@a0656c0d073875c17088972b24cbb9568c0467a2	
GCST90239838	GCST90239838	passed		source		0.892832	estimated_from_source_maf	2901735						20000	0.01	0.5	0.892832	0.0126572	opengwasdb@a0656c0d073875c17088972b24cbb9568c0467a2	
GCST90239856	GCST90239856	skipped	non_quantitative_effect_scale				binary_trait								0.01	0.5			opengwasdb@a0656c0d073875c17088972b24cbb9568c0467a2	case-control effect scale; phenotype-SD estimation not applicable
GCST90243953	GCST90243953	passed		source		6.3011	estimated_from_source_maf	9179019						20000	0.01	0.5	6.3011	0.0247966	opengwasdb@a0656c0d073875c17088972b24cbb9568c0467a2	
GCST90243955	GCST90243955	passed		source		1.47124	estimated_from_source_maf	9196792						20000	0.01	0.5	1.47124	0.00579201	opengwasdb@a0656c0d073875c17088972b24cbb9568c0467a2	
GCST90243956	GCST90243956	skipped	non_quantitative_effect_scale				binary_trait								0.01	0.5			opengwasdb@a0656c0d073875c17088972b24cbb9568c0467a2	case-control effect scale; phenotype-SD estimation not applicable
GCST90243957	GCST90243957	skipped	non_quantitative_effect_scale				binary_trait								0.01	0.5			opengwasdb@a0656c0d073875c17088972b24cbb9568c0467a2	case-control effect scale; phenotype-SD estimation not applicable
GCST90243958	GCST90243958	skipped	non_quantitative_effect_scale				binary_trait								0.01	0.5			opengwasdb@a0656c0d073875c17088972b24cbb9568c0467a2	case-control effect scale; phenotype-SD estimation not applicable
GCST90243959	GCST90243959	skipped	non_quantitative_effect_scale				binary_trait								0.01	0.5			opengwasdb@a0656c0d073875c17088972b24cbb9568c0467a2	case-control effect scale; phenotype-SD estimation not applicable
GCST90243960	GCST90243960	skipped	non_quantitative_effect_scale				binary_trait								0.01	0.5			opengwasdb@a0656c0d073875c17088972b24cbb9568c0467a2	case-control effect scale; phenotype-SD estimation not applicable
GCST90243961	GCST90243961	skipped	non_quantitative_effect_scale				binary_trait								0.01	0.5			opengwasdb@a0656c0d073875c17088972b24cbb9568c0467a2	case-control effect scale; phenotype-SD estimation not applicable
GCST90243962	GCST90243962	skipped	non_quantitative_effect_scale				binary_trait								0.01	0.5			opengwasdb@a0656c0d073875c17088972b24cbb9568c0467a2	case-control effect scale; phenotype-SD estimation not applicable
GCST90243963	GCST90243963	skipped	non_quantitative_effect_scale				binary_trait								0.01	0.5			opengwasdb@a0656c0d073875c17088972b24cbb9568c0467a2	case-control effect scale; phenotype-SD estimation not applicable
GCST90244092	GCST90244092	passed		source		1.0308	estimated_from_source_maf	12998419						20000	0.01	0.5	1.0308	0.0302943	opengwasdb@a0656c0d073875c17088972b24cbb9568c0467a2	
GCST90244093	GCST90244093	passed		source		1.03402	estimated_from_source_maf	13004911						20000	0.01	0.5	1.03402	0.0333961	opengwasdb@a0656c0d073875c17088972b24cbb9568c0467a2	
GCST90244094	GCST90244094	passed		source		1.03143	estimated_from_source_maf	13003619						20000	0.01	0.5	1.03143	0.0307667	opengwasdb@a0656c0d073875c17088972b24cbb9568c0467a2	
GCST90244095	GCST90244095	passed		source		1.01143	estimated_from_source_maf	12229830						20000	0.01	0.5	1.01143	5.856e-06	opengwasdb@a0656c0d073875c17088972b24cbb9568c0467a2	
GCST90244098	GCST90244098	passed		source		0.844632	estimated_from_source_maf	10029150						20000	0.01	0.5	0.844632	0.00337931	opengwasdb@a0656c0d073875c17088972b24cbb9568c0467a2	
GCST90244103	GCST90244103	skipped	non_quantitative_effect_scale				binary_trait								0.01	0.5			opengwasdb@a0656c0d073875c17088972b24cbb9568c0467a2	case-control effect scale; phenotype-SD estimation not applicable
GCST90244151	GCST90244151	skipped	non_quantitative_effect_scale				binary_trait								0.01	0.5			opengwasdb@a0656c0d073875c17088972b24cbb9568c0467a2	case-control effect scale; phenotype-SD estimation not applicable
GCST90244152	GCST90244152	skipped	non_quantitative_effect_scale				binary_trait								0.01	0.5			opengwasdb@a0656c0d073875c17088972b24cbb9568c0467a2	case-control effect scale; phenotype-SD estimation not applicable
GCST90244153	GCST90244153	skipped	non_quantitative_effect_scale				binary_trait								0.01	0.5			opengwasdb@a0656c0d073875c17088972b24cbb9568c0467a2	case-control effect scale; phenotype-SD estimation not applicable
GCST90244154	GCST90244154	skipped	non_quantitative_effect_scale				binary_trait								0.01	0.5			opengwasdb@a0656c0d073875c17088972b24cbb9568c0467a2	case-control effect scale; phenotype-SD estimation not applicable
GCST90244155	GCST90244155	skipped	non_quantitative_effect_scale				binary_trait								0.01	0.5			opengwasdb@a0656c0d073875c17088972b24cbb9568c0467a2	case-control effect scale; phenotype-SD estimation not applicable
GCST90244156	GCST90244156	skipped	non_quantitative_effect_scale				binary_trait								0.01	0.5			opengwasdb@a0656c0d073875c17088972b24cbb9568c0467a2	case-control effect scale; phenotype-SD estimation not applicable
GCST90244167	GCST90244167	skipped	non_quantitative_effect_scale				binary_trait								0.01	0.5			opengwasdb@a0656c0d073875c17088972b24cbb9568c0467a2	case-control effect scale; phenotype-SD estimation not applicable
GCST90244168	GCST90244168	skipped	non_quantitative_effect_scale				binary_trait								0.01	0.5			opengwasdb@a0656c0d073875c17088972b24cbb9568c0467a2	case-control effect scale; phenotype-SD estimation not applicable
GCST90244169	GCST90244169	skipped	non_quantitative_effect_scale				binary_trait								0.01	0.5			opengwasdb@a0656c0d073875c17088972b24cbb9568c0467a2	case-control effect scale; phenotype-SD estimation not applicable
GCST90244170	GCST90244170	skipped	non_quantitative_effect_scale				binary_trait								0.01	0.5			opengwasdb@a0656c0d073875c17088972b24cbb9568c0467a2	case-control effect scale; phenotype-SD estimation not applicable
GCST90244171	GCST90244171	skipped	non_quantitative_effect_scale				binary_trait								0.01	0.5			opengwasdb@a0656c0d073875c17088972b24cbb9568c0467a2	case-control effect scale; phenotype-SD estimation not applicable
GCST90244172	GCST90244172	skipped	non_quantitative_effect_scale				binary_trait								0.01	0.5			opengwasdb@a0656c0d073875c17088972b24cbb9568c0467a2	case-control effect scale; phenotype-SD estimation not applicable
GCST90244553	GCST90244553	passed		source		1.14406	estimated_from_source_maf	2729401						20000	0.01	0.5	1.14406	0.0225535	opengwasdb@a0656c0d073875c17088972b24cbb9568c0467a2	
GCST90244658	GCST90244658	passed		source		1.00204	estimated_from_source_maf	9720001						20000	0.01	0.5	1.00204	0.000169601	opengwasdb@a0656c0d073875c17088972b24cbb9568c0467a2	
GCST90244669	GCST90244669	warning		source		4.1993	estimated_from_source_maf	5889853						20000	0.01	0.5	4.1993	0.825743	opengwasdb@a0656c0d073875c17088972b24cbb9568c0467a2	
GCST90244710	GCST90244710	passed		source		10.7868	estimated_from_source_maf	9269069						20000	0.01	0.5	10.7868	0.0500574	opengwasdb@a0656c0d073875c17088972b24cbb9568c0467a2	
GCST90244711	GCST90244711	passed		source		23.9959	estimated_from_source_maf	9269069						20000	0.01	0.5	23.9959	0.111315	opengwasdb@a0656c0d073875c17088972b24cbb9568c0467a2	
GCST90244755	GCST90244755	skipped	non_quantitative_effect_scale				binary_trait								0.01	0.5			opengwasdb@a0656c0d073875c17088972b24cbb9568c0467a2	case-control effect scale; phenotype-SD estimation not applicable
GCST90244822	GCST90244822	failed	no_qualifying_evidence	source			estimated_from_source_maf	0						0	0.01	0.5			opengwasdb@a0656c0d073875c17088972b24cbb9568c0467a2	unavailable: no_qualifying_evidence
GCST90244823	GCST90244823	failed	no_qualifying_evidence	source			estimated_from_source_maf	0						0	0.01	0.5			opengwasdb@a0656c0d073875c17088972b24cbb9568c0467a2	unavailable: no_qualifying_evidence
GCST90244824	GCST90244824	failed	no_qualifying_evidence	source			estimated_from_source_maf	0						0	0.01	0.5			opengwasdb@a0656c0d073875c17088972b24cbb9568c0467a2	unavailable: no_qualifying_evidence
GCST90244825	GCST90244825	failed	no_qualifying_evidence	source			estimated_from_source_maf	0						0	0.01	0.5			opengwasdb@a0656c0d073875c17088972b24cbb9568c0467a2	unavailable: no_qualifying_evidence
GCST90244828	GCST90244828	failed	no_qualifying_evidence	source			estimated_from_source_maf	0						0	0.01	0.5			opengwasdb@a0656c0d073875c17088972b24cbb9568c0467a2	unavailable: no_qualifying_evidence
GCST90244829	GCST90244829	failed	no_qualifying_evidence	source			estimated_from_source_maf	0						0	0.01	0.5			opengwasdb@a0656c0d073875c17088972b24cbb9568c0467a2	unavailable: no_qualifying_evidence
GCST90244832	GCST90244832	failed	no_qualifying_evidence	source			estimated_from_source_maf	0						0	0.01	0.5			opengwasdb@a0656c0d073875c17088972b24cbb9568c0467a2	unavailable: no_qualifying_evidence
GCST90244833	GCST90244833	failed	no_qualifying_evidence	source			estimated_from_source_maf	0						0	0.01	0.5			opengwasdb@a0656c0d073875c17088972b24cbb9568c0467a2	unavailable: no_qualifying_evidence
GCST90244834	GCST90244834	failed	no_qualifying_evidence	source			estimated_from_source_maf	0						0	0.01	0.5			opengwasdb@a0656c0d073875c17088972b24cbb9568c0467a2	unavailable: no_qualifying_evidence
GCST90244835	GCST90244835	failed	no_qualifying_evidence	source			estimated_from_source_maf	0						0	0.01	0.5			opengwasdb@a0656c0d073875c17088972b24cbb9568c0467a2	unavailable: no_qualifying_evidence
GCST90244837	GCST90244837	failed	no_qualifying_evidence	source			estimated_from_source_maf	0						0	0.01	0.5			opengwasdb@a0656c0d073875c17088972b24cbb9568c0467a2	unavailable: no_qualifying_evidence
GCST90244838	GCST90244838	failed	no_qualifying_evidence	source			estimated_from_source_maf	0						0	0.01	0.5			opengwasdb@a0656c0d073875c17088972b24cbb9568c0467a2	unavailable: no_qualifying_evidence
GCST90244839	GCST90244839	failed	no_qualifying_evidence	source			estimated_from_source_maf	0						0	0.01	0.5			opengwasdb@a0656c0d073875c17088972b24cbb9568c0467a2	unavailable: no_qualifying_evidence
GCST90244840	GCST90244840	failed	no_qualifying_evidence	source			estimated_from_source_maf	0						0	0.01	0.5			opengwasdb@a0656c0d073875c17088972b24cbb9568c0467a2	unavailable: no_qualifying_evidence
GCST90244842	GCST90244842	failed	no_qualifying_evidence	source			estimated_from_source_maf	0						0	0.01	0.5			opengwasdb@a0656c0d073875c17088972b24cbb9568c0467a2	unavailable: no_qualifying_evidence
GCST90244845	GCST90244845	failed	no_qualifying_evidence	source			estimated_from_source_maf	0						0	0.01	0.5			opengwasdb@a0656c0d073875c17088972b24cbb9568c0467a2	unavailable: no_qualifying_evidence
GCST90244846	GCST90244846	failed	no_qualifying_evidence	source			estimated_from_source_maf	0						0	0.01	0.5			opengwasdb@a0656c0d073875c17088972b24cbb9568c0467a2	unavailable: no_qualifying_evidence
GCST90245765	GCST90245765	skipped	non_quantitative_effect_scale				binary_trait								0.01	0.5			opengwasdb@a0656c0d073875c17088972b24cbb9568c0467a2	case-control effect scale; phenotype-SD estimation not applicable
GCST90245766	GCST90245766	skipped	non_quantitative_effect_scale				binary_trait								0.01	0.5			opengwasdb@a0656c0d073875c17088972b24cbb9568c0467a2	case-control effect scale; phenotype-SD estimation not applicable
GCST90245767	GCST90245767	skipped	non_quantitative_effect_scale				binary_trait								0.01	0.5			opengwasdb@a0656c0d073875c17088972b24cbb9568c0467a2	case-control effect scale; phenotype-SD estimation not applicable
GCST90245768	GCST90245768	skipped	non_quantitative_effect_scale				binary_trait								0.01	0.5			opengwasdb@a0656c0d073875c17088972b24cbb9568c0467a2	case-control effect scale; phenotype-SD estimation not applicable
GCST90245769	GCST90245769	skipped	non_quantitative_effect_scale				binary_trait								0.01	0.5			opengwasdb@a0656c0d073875c17088972b24cbb9568c0467a2	case-control effect scale; phenotype-SD estimation not applicable
GCST90245770	GCST90245770	skipped	non_quantitative_effect_scale				binary_trait								0.01	0.5			opengwasdb@a0656c0d073875c17088972b24cbb9568c0467a2	case-control effect scale; phenotype-SD estimation not applicable
GCST90245771	GCST90245771	skipped	non_quantitative_effect_scale				binary_trait								0.01	0.5			opengwasdb@a0656c0d073875c17088972b24cbb9568c0467a2	case-control effect scale; phenotype-SD estimation not applicable
GCST90245772	GCST90245772	skipped	non_quantitative_effect_scale				binary_trait								0.01	0.5			opengwasdb@a0656c0d073875c17088972b24cbb9568c0467a2	case-control effect scale; phenotype-SD estimation not applicable
GCST90245773	GCST90245773	skipped	non_quantitative_effect_scale				binary_trait								0.01	0.5			opengwasdb@a0656c0d073875c17088972b24cbb9568c0467a2	case-control effect scale; phenotype-SD estimation not applicable
GCST90245774	GCST90245774	skipped	non_quantitative_effect_scale				binary_trait								0.01	0.5			opengwasdb@a0656c0d073875c17088972b24cbb9568c0467a2	case-control effect scale; phenotype-SD estimation not applicable
GCST90245775	GCST90245775	skipped	non_quantitative_effect_scale				binary_trait								0.01	0.5			opengwasdb@a0656c0d073875c17088972b24cbb9568c0467a2	case-control effect scale; phenotype-SD estimation not applicable
GCST90245776	GCST90245776	skipped	non_quantitative_effect_scale				binary_trait								0.01	0.5			opengwasdb@a0656c0d073875c17088972b24cbb9568c0467a2	case-control effect scale; phenotype-SD estimation not applicable
GCST90245818	GCST90245818	skipped	non_quantitative_effect_scale				binary_trait								0.01	0.5			opengwasdb@a0656c0d073875c17088972b24cbb9568c0467a2	case-control effect scale; phenotype-SD estimation not applicable
GCST90245878	GCST90245878	skipped	non_quantitative_effect_scale				binary_trait								0.01	0.5			opengwasdb@a0656c0d073875c17088972b24cbb9568c0467a2	case-control effect scale; phenotype-SD estimation not applicable
GCST90245992	GCST90245992	passed		source		0.940416	estimated_from_source_maf	1196446						20000	0.01	0.5	0.940416	0.00743262	opengwasdb@a0656c0d073875c17088972b24cbb9568c0467a2	
GCST90246320	GCST90246320	passed		source		1.04127	estimated_from_source_maf	8414762						20000	0.01	0.5	1.04127	0.0193953	opengwasdb@a0656c0d073875c17088972b24cbb9568c0467a2	
GCST90246321	GCST90246321	passed		source		1.04028	estimated_from_source_maf	7896878						20000	0.01	0.5	1.04028	0.0194336	opengwasdb@a0656c0d073875c17088972b24cbb9568c0467a2	
GCST90255375	GCST90255375	skipped	non_quantitative_effect_scale				binary_trait								0.01	0.5			opengwasdb@a0656c0d073875c17088972b24cbb9568c0467a2	case-control effect scale; phenotype-SD estimation not applicable
GCST90255613	GCST90255613	skipped	non_quantitative_effect_scale				binary_trait								0.01	0.5			opengwasdb@a0656c0d073875c17088972b24cbb9568c0467a2	case-control effect scale; phenotype-SD estimation not applicable
GCST90255676	GCST90255676	skipped	non_quantitative_effect_scale				binary_trait								0.01	0.5			opengwasdb@a0656c0d073875c17088972b24cbb9568c0467a2	case-control effect scale; phenotype-SD estimation not applicable
GCST90255677	GCST90255677	skipped	non_quantitative_effect_scale				binary_trait								0.01	0.5			opengwasdb@a0656c0d073875c17088972b24cbb9568c0467a2	case-control effect scale; phenotype-SD estimation not applicable
GCST90256401	GCST90256401	passed		source		1.53501	estimated_from_source_maf	43035						20000	0.01	0.5	1.53501	0.0653779	opengwasdb@a0656c0d073875c17088972b24cbb9568c0467a2	
GCST90256402	GCST90256402	passed		source		1.5576	estimated_from_source_maf	44143						20000	0.01	0.5	1.5576	0.0743797	opengwasdb@a0656c0d073875c17088972b24cbb9568c0467a2	
GCST90256405	GCST90256405	passed		source		0.485916	estimated_from_source_maf	42891						20000	0.01	0.5	0.485916	0.0141349	opengwasdb@a0656c0d073875c17088972b24cbb9568c0467a2	
GCST90256408	GCST90256408	passed		source		0.49931	estimated_from_source_maf	47248						20000	0.01	0.5	0.49931	0.0212629	opengwasdb@a0656c0d073875c17088972b24cbb9568c0467a2	
GCST90256411	GCST90256411	passed		source		0.477436	estimated_from_source_maf	42860						20000	0.01	0.5	0.477436	0.0124521	opengwasdb@a0656c0d073875c17088972b24cbb9568c0467a2	
GCST90256414	GCST90256414	passed		source		0.486645	estimated_from_source_maf	47098						20000	0.01	0.5	0.486645	0.0175171	opengwasdb@a0656c0d073875c17088972b24cbb9568c0467a2	
GCST90256417	GCST90256417	passed		source		0.333575	estimated_from_source_maf	42541						20000	0.01	0.5	0.333575	0.0133212	opengwasdb@a0656c0d073875c17088972b24cbb9568c0467a2	
GCST90256420	GCST90256420	passed		source		0.348681	estimated_from_source_maf	46072						20000	0.01	0.5	0.348681	0.0195895	opengwasdb@a0656c0d073875c17088972b24cbb9568c0467a2	
GCST90256681	GCST90256681	failed	no_qualifying_evidence	source			estimated_from_source_maf	0						0	0.01	0.5			opengwasdb@a0656c0d073875c17088972b24cbb9568c0467a2	unavailable: no_qualifying_evidence
GCST90256683	GCST90256683	failed	no_qualifying_evidence	source			estimated_from_source_maf	0						0	0.01	0.5			opengwasdb@a0656c0d073875c17088972b24cbb9568c0467a2	unavailable: no_qualifying_evidence
GCST90256686	GCST90256686	skipped	non_quantitative_effect_scale				binary_trait								0.01	0.5			opengwasdb@a0656c0d073875c17088972b24cbb9568c0467a2	case-control effect scale; phenotype-SD estimation not applicable
GCST90256689	GCST90256689	skipped	non_quantitative_effect_scale				binary_trait								0.01	0.5			opengwasdb@a0656c0d073875c17088972b24cbb9568c0467a2	case-control effect scale; phenotype-SD estimation not applicable
GCST90256690	GCST90256690	skipped	non_quantitative_effect_scale				binary_trait								0.01	0.5			opengwasdb@a0656c0d073875c17088972b24cbb9568c0467a2	case-control effect scale; phenotype-SD estimation not applicable
GCST90256691	GCST90256691	skipped	non_quantitative_effect_scale				binary_trait								0.01	0.5			opengwasdb@a0656c0d073875c17088972b24cbb9568c0467a2	case-control effect scale; phenotype-SD estimation not applicable
GCST90256692	GCST90256692	skipped	non_quantitative_effect_scale				binary_trait								0.01	0.5			opengwasdb@a0656c0d073875c17088972b24cbb9568c0467a2	case-control effect scale; phenotype-SD estimation not applicable
GCST90256694	GCST90256694	skipped	non_quantitative_effect_scale				binary_trait								0.01	0.5			opengwasdb@a0656c0d073875c17088972b24cbb9568c0467a2	case-control effect scale; phenotype-SD estimation not applicable
GCST90256695	GCST90256695	skipped	non_quantitative_effect_scale				binary_trait								0.01	0.5			opengwasdb@a0656c0d073875c17088972b24cbb9568c0467a2	case-control effect scale; phenotype-SD estimation not applicable
GCST90256696	GCST90256696	skipped	non_quantitative_effect_scale				binary_trait								0.01	0.5			opengwasdb@a0656c0d073875c17088972b24cbb9568c0467a2	case-control effect scale; phenotype-SD estimation not applicable
GCST90257015	GCST90257015	failed	no_qualifying_evidence	source			estimated_from_source_maf	0						0	0.01	0.5			opengwasdb@a0656c0d073875c17088972b24cbb9568c0467a2	unavailable: no_qualifying_evidence
GCST90257016	GCST90257016	failed	no_qualifying_evidence	source			estimated_from_source_maf	0						0	0.01	0.5			opengwasdb@a0656c0d073875c17088972b24cbb9568c0467a2	unavailable: no_qualifying_evidence
GCST90257017	GCST90257017	failed	no_qualifying_evidence	source			estimated_from_source_maf	0						0	0.01	0.5			opengwasdb@a0656c0d073875c17088972b24cbb9568c0467a2	unavailable: no_qualifying_evidence
GCST90257018	GCST90257018	failed	no_qualifying_evidence	source			estimated_from_source_maf	0						0	0.01	0.5			opengwasdb@a0656c0d073875c17088972b24cbb9568c0467a2	unavailable: no_qualifying_evidence
GCST90257019	GCST90257019	failed	no_qualifying_evidence	source			estimated_from_source_maf	0						0	0.01	0.5			opengwasdb@a0656c0d073875c17088972b24cbb9568c0467a2	unavailable: no_qualifying_evidence
GCST90257020	GCST90257020	failed	no_qualifying_evidence	source			estimated_from_source_maf	0						0	0.01	0.5			opengwasdb@a0656c0d073875c17088972b24cbb9568c0467a2	unavailable: no_qualifying_evidence
GCST90257021	GCST90257021	failed	no_qualifying_evidence	source			estimated_from_source_maf	0						0	0.01	0.5			opengwasdb@a0656c0d073875c17088972b24cbb9568c0467a2	unavailable: no_qualifying_evidence
GCST90257022	GCST90257022	failed	no_qualifying_evidence	source			estimated_from_source_maf	0						0	0.01	0.5			opengwasdb@a0656c0d073875c17088972b24cbb9568c0467a2	unavailable: no_qualifying_evidence
GCST90257023	GCST90257023	failed	no_qualifying_evidence	source			estimated_from_source_maf	0						0	0.01	0.5			opengwasdb@a0656c0d073875c17088972b24cbb9568c0467a2	unavailable: no_qualifying_evidence
GCST90257024	GCST90257024	failed	no_qualifying_evidence	source			estimated_from_source_maf	0						0	0.01	0.5			opengwasdb@a0656c0d073875c17088972b24cbb9568c0467a2	unavailable: no_qualifying_evidence
GCST90257025	GCST90257025	failed	no_qualifying_evidence	source			estimated_from_source_maf	0						0	0.01	0.5			opengwasdb@a0656c0d073875c17088972b24cbb9568c0467a2	unavailable: no_qualifying_evidence
GCST90257026	GCST90257026	failed	no_qualifying_evidence	source			estimated_from_source_maf	0						0	0.01	0.5			opengwasdb@a0656c0d073875c17088972b24cbb9568c0467a2	unavailable: no_qualifying_evidence
GCST90257027	GCST90257027	failed	no_qualifying_evidence	source			estimated_from_source_maf	0						0	0.01	0.5			opengwasdb@a0656c0d073875c17088972b24cbb9568c0467a2	unavailable: no_qualifying_evidence
GCST90257028	GCST90257028	failed	no_qualifying_evidence	source			estimated_from_source_maf	0						0	0.01	0.5			opengwasdb@a0656c0d073875c17088972b24cbb9568c0467a2	unavailable: no_qualifying_evidence
GCST90257029	GCST90257029	failed	no_qualifying_evidence	source			estimated_from_source_maf	0						0	0.01	0.5			opengwasdb@a0656c0d073875c17088972b24cbb9568c0467a2	unavailable: no_qualifying_evidence
GCST90257030	GCST90257030	failed	no_qualifying_evidence	source			estimated_from_source_maf	0						0	0.01	0.5			opengwasdb@a0656c0d073875c17088972b24cbb9568c0467a2	unavailable: no_qualifying_evidence
GCST90257031	GCST90257031	failed	no_qualifying_evidence	source			estimated_from_source_maf	0						0	0.01	0.5			opengwasdb@a0656c0d073875c17088972b24cbb9568c0467a2	unavailable: no_qualifying_evidence
GCST90257032	GCST90257032	failed	no_qualifying_evidence	source			estimated_from_source_maf	0						0	0.01	0.5			opengwasdb@a0656c0d073875c17088972b24cbb9568c0467a2	unavailable: no_qualifying_evidence
GCST90257033	GCST90257033	failed	no_qualifying_evidence	source			estimated_from_source_maf	0						0	0.01	0.5			opengwasdb@a0656c0d073875c17088972b24cbb9568c0467a2	unavailable: no_qualifying_evidence
GCST90257034	GCST90257034	failed	no_qualifying_evidence	source			estimated_from_source_maf	0						0	0.01	0.5			opengwasdb@a0656c0d073875c17088972b24cbb9568c0467a2	unavailable: no_qualifying_evidence
GCST90257035	GCST90257035	failed	no_qualifying_evidence	source			estimated_from_source_maf	0						0	0.01	0.5			opengwasdb@a0656c0d073875c17088972b24cbb9568c0467a2	unavailable: no_qualifying_evidence
GCST90257036	GCST90257036	failed	no_qualifying_evidence	source			estimated_from_source_maf	0						0	0.01	0.5			opengwasdb@a0656c0d073875c17088972b24cbb9568c0467a2	unavailable: no_qualifying_evidence
GCST90257037	GCST90257037	failed	no_qualifying_evidence	source			estimated_from_source_maf	0						0	0.01	0.5			opengwasdb@a0656c0d073875c17088972b24cbb9568c0467a2	unavailable: no_qualifying_evidence
GCST90257038	GCST90257038	failed	no_qualifying_evidence	source			estimated_from_source_maf	0						0	0.01	0.5			opengwasdb@a0656c0d073875c17088972b24cbb9568c0467a2	unavailable: no_qualifying_evidence
GCST90257039	GCST90257039	failed	no_qualifying_evidence	source			estimated_from_source_maf	0						0	0.01	0.5			opengwasdb@a0656c0d073875c17088972b24cbb9568c0467a2	unavailable: no_qualifying_evidence
GCST90257040	GCST90257040	failed	no_qualifying_evidence	source			estimated_from_source_maf	0						0	0.01	0.5			opengwasdb@a0656c0d073875c17088972b24cbb9568c0467a2	unavailable: no_qualifying_evidence
GCST90257041	GCST90257041	failed	no_qualifying_evidence	source			estimated_from_source_maf	0						0	0.01	0.5			opengwasdb@a0656c0d073875c17088972b24cbb9568c0467a2	unavailable: no_qualifying_evidence
GCST90257042	GCST90257042	failed	no_qualifying_evidence	source			estimated_from_source_maf	0						0	0.01	0.5			opengwasdb@a0656c0d073875c17088972b24cbb9568c0467a2	unavailable: no_qualifying_evidence
GCST90257043	GCST90257043	failed	no_qualifying_evidence	source			estimated_from_source_maf	0						0	0.01	0.5			opengwasdb@a0656c0d073875c17088972b24cbb9568c0467a2	unavailable: no_qualifying_evidence
GCST90257044	GCST90257044	failed	no_qualifying_evidence	source			estimated_from_source_maf	0						0	0.01	0.5			opengwasdb@a0656c0d073875c17088972b24cbb9568c0467a2	unavailable: no_qualifying_evidence
GCST90257045	GCST90257045	failed	no_qualifying_evidence	source			estimated_from_source_maf	0						0	0.01	0.5			opengwasdb@a0656c0d073875c17088972b24cbb9568c0467a2	unavailable: no_qualifying_evidence
GCST90257046	GCST90257046	failed	no_qualifying_evidence	source			estimated_from_source_maf	0						0	0.01	0.5			opengwasdb@a0656c0d073875c17088972b24cbb9568c0467a2	unavailable: no_qualifying_evidence
GCST90257047	GCST90257047	failed	no_qualifying_evidence	source			estimated_from_source_maf	0						0	0.01	0.5			opengwasdb@a0656c0d073875c17088972b24cbb9568c0467a2	unavailable: no_qualifying_evidence
GCST90257048	GCST90257048	failed	no_qualifying_evidence	source			estimated_from_source_maf	0						0	0.01	0.5			opengwasdb@a0656c0d073875c17088972b24cbb9568c0467a2	unavailable: no_qualifying_evidence
GCST90257049	GCST90257049	failed	no_qualifying_evidence	source			estimated_from_source_maf	0						0	0.01	0.5			opengwasdb@a0656c0d073875c17088972b24cbb9568c0467a2	unavailable: no_qualifying_evidence
GCST90257050	GCST90257050	failed	no_qualifying_evidence	source			estimated_from_source_maf	0						0	0.01	0.5			opengwasdb@a0656c0d073875c17088972b24cbb9568c0467a2	unavailable: no_qualifying_evidence
GCST90257051	GCST90257051	failed	no_qualifying_evidence	source			estimated_from_source_maf	0						0	0.01	0.5			opengwasdb@a0656c0d073875c17088972b24cbb9568c0467a2	unavailable: no_qualifying_evidence
GCST90257052	GCST90257052	failed	no_qualifying_evidence	source			estimated_from_source_maf	0						0	0.01	0.5			opengwasdb@a0656c0d073875c17088972b24cbb9568c0467a2	unavailable: no_qualifying_evidence
GCST90257053	GCST90257053	failed	no_qualifying_evidence	source			estimated_from_source_maf	0						0	0.01	0.5			opengwasdb@a0656c0d073875c17088972b24cbb9568c0467a2	unavailable: no_qualifying_evidence
GCST90257054	GCST90257054	failed	no_qualifying_evidence	source			estimated_from_source_maf	0						0	0.01	0.5			opengwasdb@a0656c0d073875c17088972b24cbb9568c0467a2	unavailable: no_qualifying_evidence
GCST90257055	GCST90257055	failed	no_qualifying_evidence	source			estimated_from_source_maf	0						0	0.01	0.5			opengwasdb@a0656c0d073875c17088972b24cbb9568c0467a2	unavailable: no_qualifying_evidence
GCST90257056	GCST90257056	failed	no_qualifying_evidence	source			estimated_from_source_maf	0						0	0.01	0.5			opengwasdb@a0656c0d073875c17088972b24cbb9568c0467a2	unavailable: no_qualifying_evidence
GCST90257057	GCST90257057	failed	no_qualifying_evidence	source			estimated_from_source_maf	0						0	0.01	0.5			opengwasdb@a0656c0d073875c17088972b24cbb9568c0467a2	unavailable: no_qualifying_evidence
GCST90257058	GCST90257058	failed	no_qualifying_evidence	source			estimated_from_source_maf	0						0	0.01	0.5			opengwasdb@a0656c0d073875c17088972b24cbb9568c0467a2	unavailable: no_qualifying_evidence
GCST90257059	GCST90257059	failed	no_qualifying_evidence	source			estimated_from_source_maf	0						0	0.01	0.5			opengwasdb@a0656c0d073875c17088972b24cbb9568c0467a2	unavailable: no_qualifying_evidence
GCST90257060	GCST90257060	failed	no_qualifying_evidence	source			estimated_from_source_maf	0						0	0.01	0.5			opengwasdb@a0656c0d073875c17088972b24cbb9568c0467a2	unavailable: no_qualifying_evidence
GCST90257061	GCST90257061	failed	no_qualifying_evidence	source			estimated_from_source_maf	0						0	0.01	0.5			opengwasdb@a0656c0d073875c17088972b24cbb9568c0467a2	unavailable: no_qualifying_evidence
GCST90257062	GCST90257062	failed	no_qualifying_evidence	source			estimated_from_source_maf	0						0	0.01	0.5			opengwasdb@a0656c0d073875c17088972b24cbb9568c0467a2	unavailable: no_qualifying_evidence
GCST90257063	GCST90257063	failed	no_qualifying_evidence	source			estimated_from_source_maf	0						0	0.01	0.5			opengwasdb@a0656c0d073875c17088972b24cbb9568c0467a2	unavailable: no_qualifying_evidence
GCST90257064	GCST90257064	failed	no_qualifying_evidence	source			estimated_from_source_maf	0						0	0.01	0.5			opengwasdb@a0656c0d073875c17088972b24cbb9568c0467a2	unavailable: no_qualifying_evidence
GCST90257065	GCST90257065	failed	no_qualifying_evidence	source			estimated_from_source_maf	0						0	0.01	0.5			opengwasdb@a0656c0d073875c17088972b24cbb9568c0467a2	unavailable: no_qualifying_evidence
GCST90257066	GCST90257066	failed	no_qualifying_evidence	source			estimated_from_source_maf	0						0	0.01	0.5			opengwasdb@a0656c0d073875c17088972b24cbb9568c0467a2	unavailable: no_qualifying_evidence
GCST90257067	GCST90257067	failed	no_qualifying_evidence	source			estimated_from_source_maf	0						0	0.01	0.5			opengwasdb@a0656c0d073875c17088972b24cbb9568c0467a2	unavailable: no_qualifying_evidence
GCST90257068	GCST90257068	failed	no_qualifying_evidence	source			estimated_from_source_maf	0						0	0.01	0.5			opengwasdb@a0656c0d073875c17088972b24cbb9568c0467a2	unavailable: no_qualifying_evidence
GCST90257069	GCST90257069	failed	no_qualifying_evidence	source			estimated_from_source_maf	0						0	0.01	0.5			opengwasdb@a0656c0d073875c17088972b24cbb9568c0467a2	unavailable: no_qualifying_evidence
GCST90257070	GCST90257070	failed	no_qualifying_evidence	source			estimated_from_source_maf	0						0	0.01	0.5			opengwasdb@a0656c0d073875c17088972b24cbb9568c0467a2	unavailable: no_qualifying_evidence
GCST90257071	GCST90257071	failed	no_qualifying_evidence	source			estimated_from_source_maf	0						0	0.01	0.5			opengwasdb@a0656c0d073875c17088972b24cbb9568c0467a2	unavailable: no_qualifying_evidence
GCST90257072	GCST90257072	failed	no_qualifying_evidence	source			estimated_from_source_maf	0						0	0.01	0.5			opengwasdb@a0656c0d073875c17088972b24cbb9568c0467a2	unavailable: no_qualifying_evidence
GCST90257073	GCST90257073	failed	no_qualifying_evidence	source			estimated_from_source_maf	0						0	0.01	0.5			opengwasdb@a0656c0d073875c17088972b24cbb9568c0467a2	unavailable: no_qualifying_evidence
GCST90257074	GCST90257074	failed	no_qualifying_evidence	source			estimated_from_source_maf	0						0	0.01	0.5			opengwasdb@a0656c0d073875c17088972b24cbb9568c0467a2	unavailable: no_qualifying_evidence
GCST90257075	GCST90257075	failed	no_qualifying_evidence	source			estimated_from_source_maf	0						0	0.01	0.5			opengwasdb@a0656c0d073875c17088972b24cbb9568c0467a2	unavailable: no_qualifying_evidence
GCST90257076	GCST90257076	failed	no_qualifying_evidence	source			estimated_from_source_maf	0						0	0.01	0.5			opengwasdb@a0656c0d073875c17088972b24cbb9568c0467a2	unavailable: no_qualifying_evidence
GCST90257077	GCST90257077	failed	no_qualifying_evidence	source			estimated_from_source_maf	0						0	0.01	0.5			opengwasdb@a0656c0d073875c17088972b24cbb9568c0467a2	unavailable: no_qualifying_evidence
GCST90257078	GCST90257078	failed	no_qualifying_evidence	source			estimated_from_source_maf	0						0	0.01	0.5			opengwasdb@a0656c0d073875c17088972b24cbb9568c0467a2	unavailable: no_qualifying_evidence
GCST90257079	GCST90257079	failed	no_qualifying_evidence	source			estimated_from_source_maf	0						0	0.01	0.5			opengwasdb@a0656c0d073875c17088972b24cbb9568c0467a2	unavailable: no_qualifying_evidence
GCST90257080	GCST90257080	failed	no_qualifying_evidence	source			estimated_from_source_maf	0						0	0.01	0.5			opengwasdb@a0656c0d073875c17088972b24cbb9568c0467a2	unavailable: no_qualifying_evidence
GCST90257081	GCST90257081	failed	no_qualifying_evidence	source			estimated_from_source_maf	0						0	0.01	0.5			opengwasdb@a0656c0d073875c17088972b24cbb9568c0467a2	unavailable: no_qualifying_evidence
GCST90257082	GCST90257082	failed	no_qualifying_evidence	source			estimated_from_source_maf	0						0	0.01	0.5			opengwasdb@a0656c0d073875c17088972b24cbb9568c0467a2	unavailable: no_qualifying_evidence
GCST90257083	GCST90257083	failed	no_qualifying_evidence	source			estimated_from_source_maf	0						0	0.01	0.5			opengwasdb@a0656c0d073875c17088972b24cbb9568c0467a2	unavailable: no_qualifying_evidence
GCST90257084	GCST90257084	failed	no_qualifying_evidence	source			estimated_from_source_maf	0						0	0.01	0.5			opengwasdb@a0656c0d073875c17088972b24cbb9568c0467a2	unavailable: no_qualifying_evidence
GCST90257085	GCST90257085	failed	no_qualifying_evidence	source			estimated_from_source_maf	0						0	0.01	0.5			opengwasdb@a0656c0d073875c17088972b24cbb9568c0467a2	unavailable: no_qualifying_evidence
GCST90257086	GCST90257086	failed	no_qualifying_evidence	source			estimated_from_source_maf	0						0	0.01	0.5			opengwasdb@a0656c0d073875c17088972b24cbb9568c0467a2	unavailable: no_qualifying_evidence
GCST90257087	GCST90257087	failed	no_qualifying_evidence	source			estimated_from_source_maf	0						0	0.01	0.5			opengwasdb@a0656c0d073875c17088972b24cbb9568c0467a2	unavailable: no_qualifying_evidence
GCST90257088	GCST90257088	failed	no_qualifying_evidence	source			estimated_from_source_maf	0						0	0.01	0.5			opengwasdb@a0656c0d073875c17088972b24cbb9568c0467a2	unavailable: no_qualifying_evidence
GCST90257089	GCST90257089	failed	no_qualifying_evidence	source			estimated_from_source_maf	0						0	0.01	0.5			opengwasdb@a0656c0d073875c17088972b24cbb9568c0467a2	unavailable: no_qualifying_evidence
GCST90257090	GCST90257090	failed	no_qualifying_evidence	source			estimated_from_source_maf	0						0	0.01	0.5			opengwasdb@a0656c0d073875c17088972b24cbb9568c0467a2	unavailable: no_qualifying_evidence
GCST90257091	GCST90257091	failed	no_qualifying_evidence	source			estimated_from_source_maf	0						0	0.01	0.5			opengwasdb@a0656c0d073875c17088972b24cbb9568c0467a2	unavailable: no_qualifying_evidence
GCST90257092	GCST90257092	failed	no_qualifying_evidence	source			estimated_from_source_maf	0						0	0.01	0.5			opengwasdb@a0656c0d073875c17088972b24cbb9568c0467a2	unavailable: no_qualifying_evidence
GCST90257093	GCST90257093	failed	no_qualifying_evidence	source			estimated_from_source_maf	0						0	0.01	0.5			opengwasdb@a0656c0d073875c17088972b24cbb9568c0467a2	unavailable: no_qualifying_evidence
GCST90257094	GCST90257094	failed	no_qualifying_evidence	source			estimated_from_source_maf	0						0	0.01	0.5			opengwasdb@a0656c0d073875c17088972b24cbb9568c0467a2	unavailable: no_qualifying_evidence
GCST90257095	GCST90257095	failed	no_qualifying_evidence	source			estimated_from_source_maf	0						0	0.01	0.5			opengwasdb@a0656c0d073875c17088972b24cbb9568c0467a2	unavailable: no_qualifying_evidence
GCST90257096	GCST90257096	failed	no_qualifying_evidence	source			estimated_from_source_maf	0						0	0.01	0.5			opengwasdb@a0656c0d073875c17088972b24cbb9568c0467a2	unavailable: no_qualifying_evidence
GCST90257097	GCST90257097	failed	no_qualifying_evidence	source			estimated_from_source_maf	0						0	0.01	0.5			opengwasdb@a0656c0d073875c17088972b24cbb9568c0467a2	unavailable: no_qualifying_evidence
GCST90257098	GCST90257098	failed	no_qualifying_evidence	source			estimated_from_source_maf	0						0	0.01	0.5			opengwasdb@a0656c0d073875c17088972b24cbb9568c0467a2	unavailable: no_qualifying_evidence
GCST90257099	GCST90257099	failed	no_qualifying_evidence	source			estimated_from_source_maf	0						0	0.01	0.5			opengwasdb@a0656c0d073875c17088972b24cbb9568c0467a2	unavailable: no_qualifying_evidence
GCST90257100	GCST90257100	failed	no_qualifying_evidence	source			estimated_from_source_maf	0						0	0.01	0.5			opengwasdb@a0656c0d073875c17088972b24cbb9568c0467a2	unavailable: no_qualifying_evidence
GCST90257101	GCST90257101	failed	no_qualifying_evidence	source			estimated_from_source_maf	0						0	0.01	0.5			opengwasdb@a0656c0d073875c17088972b24cbb9568c0467a2	unavailable: no_qualifying_evidence
GCST90257102	GCST90257102	failed	no_qualifying_evidence	source			estimated_from_source_maf	0						0	0.01	0.5			opengwasdb@a0656c0d073875c17088972b24cbb9568c0467a2	unavailable: no_qualifying_evidence
GCST90257103	GCST90257103	failed	no_qualifying_evidence	source			estimated_from_source_maf	0						0	0.01	0.5			opengwasdb@a0656c0d073875c17088972b24cbb9568c0467a2	unavailable: no_qualifying_evidence
GCST90257104	GCST90257104	failed	no_qualifying_evidence	source			estimated_from_source_maf	0						0	0.01	0.5			opengwasdb@a0656c0d073875c17088972b24cbb9568c0467a2	unavailable: no_qualifying_evidence
GCST90257105	GCST90257105	failed	no_qualifying_evidence	source			estimated_from_source_maf	0						0	0.01	0.5			opengwasdb@a0656c0d073875c17088972b24cbb9568c0467a2	unavailable: no_qualifying_evidence
GCST90264121	GCST90264121	failed	no_qualifying_evidence	source			estimated_from_source_maf	0						0	0.01	0.5			opengwasdb@a0656c0d073875c17088972b24cbb9568c0467a2	unavailable: no_qualifying_evidence
GCST90264122	GCST90264122	failed	no_qualifying_evidence	source			estimated_from_source_maf	0						0	0.01	0.5			opengwasdb@a0656c0d073875c17088972b24cbb9568c0467a2	unavailable: no_qualifying_evidence
GCST90264123	GCST90264123	failed	no_qualifying_evidence	source			estimated_from_source_maf	0						0	0.01	0.5			opengwasdb@a0656c0d073875c17088972b24cbb9568c0467a2	unavailable: no_qualifying_evidence
GCST90264124	GCST90264124	failed	no_qualifying_evidence	source			estimated_from_source_maf	0						0	0.01	0.5			opengwasdb@a0656c0d073875c17088972b24cbb9568c0467a2	unavailable: no_qualifying_evidence
GCST90264125	GCST90264125	failed	no_qualifying_evidence	source			estimated_from_source_maf	0						0	0.01	0.5			opengwasdb@a0656c0d073875c17088972b24cbb9568c0467a2	unavailable: no_qualifying_evidence
GCST90264126	GCST90264126	failed	no_qualifying_evidence	source			estimated_from_source_maf	0						0	0.01	0.5			opengwasdb@a0656c0d073875c17088972b24cbb9568c0467a2	unavailable: no_qualifying_evidence
GCST90264127	GCST90264127	failed	no_qualifying_evidence	source			estimated_from_source_maf	0						0	0.01	0.5			opengwasdb@a0656c0d073875c17088972b24cbb9568c0467a2	unavailable: no_qualifying_evidence
GCST90264128	GCST90264128	failed	no_qualifying_evidence	source			estimated_from_source_maf	0						0	0.01	0.5			opengwasdb@a0656c0d073875c17088972b24cbb9568c0467a2	unavailable: no_qualifying_evidence
GCST90264129	GCST90264129	failed	no_qualifying_evidence	source			estimated_from_source_maf	0						0	0.01	0.5			opengwasdb@a0656c0d073875c17088972b24cbb9568c0467a2	unavailable: no_qualifying_evidence
GCST90264130	GCST90264130	failed	no_qualifying_evidence	source			estimated_from_source_maf	0						0	0.01	0.5			opengwasdb@a0656c0d073875c17088972b24cbb9568c0467a2	unavailable: no_qualifying_evidence
GCST90264131	GCST90264131	failed	no_qualifying_evidence	source			estimated_from_source_maf	0						0	0.01	0.5			opengwasdb@a0656c0d073875c17088972b24cbb9568c0467a2	unavailable: no_qualifying_evidence
GCST90264132	GCST90264132	failed	no_qualifying_evidence	source			estimated_from_source_maf	0						0	0.01	0.5			opengwasdb@a0656c0d073875c17088972b24cbb9568c0467a2	unavailable: no_qualifying_evidence
GCST90264133	GCST90264133	failed	no_qualifying_evidence	source			estimated_from_source_maf	0						0	0.01	0.5			opengwasdb@a0656c0d073875c17088972b24cbb9568c0467a2	unavailable: no_qualifying_evidence
GCST90264134	GCST90264134	failed	no_qualifying_evidence	source			estimated_from_source_maf	0						0	0.01	0.5			opengwasdb@a0656c0d073875c17088972b24cbb9568c0467a2	unavailable: no_qualifying_evidence
GCST90264135	GCST90264135	failed	no_qualifying_evidence	source			estimated_from_source_maf	0						0	0.01	0.5			opengwasdb@a0656c0d073875c17088972b24cbb9568c0467a2	unavailable: no_qualifying_evidence
GCST90264136	GCST90264136	failed	no_qualifying_evidence	source			estimated_from_source_maf	0						0	0.01	0.5			opengwasdb@a0656c0d073875c17088972b24cbb9568c0467a2	unavailable: no_qualifying_evidence
GCST90264137	GCST90264137	failed	no_qualifying_evidence	source			estimated_from_source_maf	0						0	0.01	0.5			opengwasdb@a0656c0d073875c17088972b24cbb9568c0467a2	unavailable: no_qualifying_evidence
GCST90264138	GCST90264138	failed	no_qualifying_evidence	source			estimated_from_source_maf	0						0	0.01	0.5			opengwasdb@a0656c0d073875c17088972b24cbb9568c0467a2	unavailable: no_qualifying_evidence
GCST90264139	GCST90264139	failed	no_qualifying_evidence	source			estimated_from_source_maf	0						0	0.01	0.5			opengwasdb@a0656c0d073875c17088972b24cbb9568c0467a2	unavailable: no_qualifying_evidence
GCST90264140	GCST90264140	failed	no_qualifying_evidence	source			estimated_from_source_maf	0						0	0.01	0.5			opengwasdb@a0656c0d073875c17088972b24cbb9568c0467a2	unavailable: no_qualifying_evidence
GCST90264141	GCST90264141	failed	no_qualifying_evidence	source			estimated_from_source_maf	0						0	0.01	0.5			opengwasdb@a0656c0d073875c17088972b24cbb9568c0467a2	unavailable: no_qualifying_evidence
GCST90264142	GCST90264142	failed	no_qualifying_evidence	source			estimated_from_source_maf	0						0	0.01	0.5			opengwasdb@a0656c0d073875c17088972b24cbb9568c0467a2	unavailable: no_qualifying_evidence
GCST90264143	GCST90264143	failed	no_qualifying_evidence	source			estimated_from_source_maf	0						0	0.01	0.5			opengwasdb@a0656c0d073875c17088972b24cbb9568c0467a2	unavailable: no_qualifying_evidence
GCST90264144	GCST90264144	failed	no_qualifying_evidence	source			estimated_from_source_maf	0						0	0.01	0.5			opengwasdb@a0656c0d073875c17088972b24cbb9568c0467a2	unavailable: no_qualifying_evidence
GCST90264145	GCST90264145	failed	no_qualifying_evidence	source			estimated_from_source_maf	0						0	0.01	0.5			opengwasdb@a0656c0d073875c17088972b24cbb9568c0467a2	unavailable: no_qualifying_evidence
GCST90264146	GCST90264146	failed	no_qualifying_evidence	source			estimated_from_source_maf	0						0	0.01	0.5			opengwasdb@a0656c0d073875c17088972b24cbb9568c0467a2	unavailable: no_qualifying_evidence
GCST90264147	GCST90264147	failed	no_qualifying_evidence	source			estimated_from_source_maf	0						0	0.01	0.5			opengwasdb@a0656c0d073875c17088972b24cbb9568c0467a2	unavailable: no_qualifying_evidence
GCST90264148	GCST90264148	failed	no_qualifying_evidence	source			estimated_from_source_maf	0						0	0.01	0.5			opengwasdb@a0656c0d073875c17088972b24cbb9568c0467a2	unavailable: no_qualifying_evidence
GCST90264149	GCST90264149	failed	no_qualifying_evidence	source			estimated_from_source_maf	0						0	0.01	0.5			opengwasdb@a0656c0d073875c17088972b24cbb9568c0467a2	unavailable: no_qualifying_evidence
GCST90264150	GCST90264150	failed	no_qualifying_evidence	source			estimated_from_source_maf	0						0	0.01	0.5			opengwasdb@a0656c0d073875c17088972b24cbb9568c0467a2	unavailable: no_qualifying_evidence
GCST90267266	GCST90267266	failed	no_qualifying_evidence	source			estimated_from_source_maf	0						0	0.01	0.5			opengwasdb@a0656c0d073875c17088972b24cbb9568c0467a2	unavailable: no_qualifying_evidence
GCST90267267	GCST90267267	failed	no_qualifying_evidence	source			estimated_from_source_maf	0						0	0.01	0.5			opengwasdb@a0656c0d073875c17088972b24cbb9568c0467a2	unavailable: no_qualifying_evidence
GCST90267268	GCST90267268	failed	no_qualifying_evidence	source			estimated_from_source_maf	0						0	0.01	0.5			opengwasdb@a0656c0d073875c17088972b24cbb9568c0467a2	unavailable: no_qualifying_evidence
GCST90267269	GCST90267269	failed	no_qualifying_evidence	source			estimated_from_source_maf	0						0	0.01	0.5			opengwasdb@a0656c0d073875c17088972b24cbb9568c0467a2	unavailable: no_qualifying_evidence
GCST90267270	GCST90267270	failed	no_qualifying_evidence	source			estimated_from_source_maf	0						0	0.01	0.5			opengwasdb@a0656c0d073875c17088972b24cbb9568c0467a2	unavailable: no_qualifying_evidence
GCST90267271	GCST90267271	failed	no_qualifying_evidence	source			estimated_from_source_maf	0						0	0.01	0.5			opengwasdb@a0656c0d073875c17088972b24cbb9568c0467a2	unavailable: no_qualifying_evidence
GCST90267272	GCST90267272	failed	no_qualifying_evidence	source			estimated_from_source_maf	0						0	0.01	0.5			opengwasdb@a0656c0d073875c17088972b24cbb9568c0467a2	unavailable: no_qualifying_evidence
GCST90267273	GCST90267273	failed	no_qualifying_evidence	source			estimated_from_source_maf	0						0	0.01	0.5			opengwasdb@a0656c0d073875c17088972b24cbb9568c0467a2	unavailable: no_qualifying_evidence
GCST90267274	GCST90267274	failed	no_qualifying_evidence	source			estimated_from_source_maf	0						0	0.01	0.5			opengwasdb@a0656c0d073875c17088972b24cbb9568c0467a2	unavailable: no_qualifying_evidence
GCST90267275	GCST90267275	failed	no_qualifying_evidence	source			estimated_from_source_maf	0						0	0.01	0.5			opengwasdb@a0656c0d073875c17088972b24cbb9568c0467a2	unavailable: no_qualifying_evidence
GCST90267276	GCST90267276	failed	no_qualifying_evidence	source			estimated_from_source_maf	0						0	0.01	0.5			opengwasdb@a0656c0d073875c17088972b24cbb9568c0467a2	unavailable: no_qualifying_evidence
GCST90267277	GCST90267277	failed	no_qualifying_evidence	source			estimated_from_source_maf	0						0	0.01	0.5			opengwasdb@a0656c0d073875c17088972b24cbb9568c0467a2	unavailable: no_qualifying_evidence
GCST90267278	GCST90267278	failed	no_qualifying_evidence	source			estimated_from_source_maf	0						0	0.01	0.5			opengwasdb@a0656c0d073875c17088972b24cbb9568c0467a2	unavailable: no_qualifying_evidence
GCST90267279	GCST90267279	failed	no_qualifying_evidence	source			estimated_from_source_maf	0						0	0.01	0.5			opengwasdb@a0656c0d073875c17088972b24cbb9568c0467a2	unavailable: no_qualifying_evidence
GCST90267280	GCST90267280	failed	no_qualifying_evidence	source			estimated_from_source_maf	0						0	0.01	0.5			opengwasdb@a0656c0d073875c17088972b24cbb9568c0467a2	unavailable: no_qualifying_evidence
GCST90267281	GCST90267281	failed	no_qualifying_evidence	source			estimated_from_source_maf	0						0	0.01	0.5			opengwasdb@a0656c0d073875c17088972b24cbb9568c0467a2	unavailable: no_qualifying_evidence
GCST90267282	GCST90267282	failed	no_qualifying_evidence	source			estimated_from_source_maf	0						0	0.01	0.5			opengwasdb@a0656c0d073875c17088972b24cbb9568c0467a2	unavailable: no_qualifying_evidence
GCST90267283	GCST90267283	failed	no_qualifying_evidence	source			estimated_from_source_maf	0						0	0.01	0.5			opengwasdb@a0656c0d073875c17088972b24cbb9568c0467a2	unavailable: no_qualifying_evidence
GCST90267284	GCST90267284	failed	no_qualifying_evidence	source			estimated_from_source_maf	0						0	0.01	0.5			opengwasdb@a0656c0d073875c17088972b24cbb9568c0467a2	unavailable: no_qualifying_evidence
GCST90267285	GCST90267285	failed	no_qualifying_evidence	source			estimated_from_source_maf	0						0	0.01	0.5			opengwasdb@a0656c0d073875c17088972b24cbb9568c0467a2	unavailable: no_qualifying_evidence
GCST90267286	GCST90267286	failed	no_qualifying_evidence	source			estimated_from_source_maf	0						0	0.01	0.5			opengwasdb@a0656c0d073875c17088972b24cbb9568c0467a2	unavailable: no_qualifying_evidence
GCST90267287	GCST90267287	failed	no_qualifying_evidence	source			estimated_from_source_maf	0						0	0.01	0.5			opengwasdb@a0656c0d073875c17088972b24cbb9568c0467a2	unavailable: no_qualifying_evidence
GCST90267288	GCST90267288	failed	no_qualifying_evidence	source			estimated_from_source_maf	0						0	0.01	0.5			opengwasdb@a0656c0d073875c17088972b24cbb9568c0467a2	unavailable: no_qualifying_evidence
GCST90267289	GCST90267289	failed	no_qualifying_evidence	source			estimated_from_source_maf	0						0	0.01	0.5			opengwasdb@a0656c0d073875c17088972b24cbb9568c0467a2	unavailable: no_qualifying_evidence
GCST90267290	GCST90267290	failed	no_qualifying_evidence	source			estimated_from_source_maf	0						0	0.01	0.5			opengwasdb@a0656c0d073875c17088972b24cbb9568c0467a2	unavailable: no_qualifying_evidence
GCST90267291	GCST90267291	failed	no_qualifying_evidence	source			estimated_from_source_maf	0						0	0.01	0.5			opengwasdb@a0656c0d073875c17088972b24cbb9568c0467a2	unavailable: no_qualifying_evidence
GCST90267292	GCST90267292	failed	no_qualifying_evidence	source			estimated_from_source_maf	0						0	0.01	0.5			opengwasdb@a0656c0d073875c17088972b24cbb9568c0467a2	unavailable: no_qualifying_evidence
GCST90267293	GCST90267293	failed	no_qualifying_evidence	source			estimated_from_source_maf	0						0	0.01	0.5			opengwasdb@a0656c0d073875c17088972b24cbb9568c0467a2	unavailable: no_qualifying_evidence
GCST90267294	GCST90267294	failed	no_qualifying_evidence	source			estimated_from_source_maf	0						0	0.01	0.5			opengwasdb@a0656c0d073875c17088972b24cbb9568c0467a2	unavailable: no_qualifying_evidence
GCST90267295	GCST90267295	failed	no_qualifying_evidence	source			estimated_from_source_maf	0						0	0.01	0.5			opengwasdb@a0656c0d073875c17088972b24cbb9568c0467a2	unavailable: no_qualifying_evidence
GCST90267296	GCST90267296	failed	no_qualifying_evidence	source			estimated_from_source_maf	0						0	0.01	0.5			opengwasdb@a0656c0d073875c17088972b24cbb9568c0467a2	unavailable: no_qualifying_evidence
GCST90267297	GCST90267297	failed	no_qualifying_evidence	source			estimated_from_source_maf	0						0	0.01	0.5			opengwasdb@a0656c0d073875c17088972b24cbb9568c0467a2	unavailable: no_qualifying_evidence
GCST90267298	GCST90267298	failed	no_qualifying_evidence	source			estimated_from_source_maf	0						0	0.01	0.5			opengwasdb@a0656c0d073875c17088972b24cbb9568c0467a2	unavailable: no_qualifying_evidence
GCST90267299	GCST90267299	failed	no_qualifying_evidence	source			estimated_from_source_maf	0						0	0.01	0.5			opengwasdb@a0656c0d073875c17088972b24cbb9568c0467a2	unavailable: no_qualifying_evidence
GCST90267300	GCST90267300	failed	no_qualifying_evidence	source			estimated_from_source_maf	0						0	0.01	0.5			opengwasdb@a0656c0d073875c17088972b24cbb9568c0467a2	unavailable: no_qualifying_evidence
GCST90267301	GCST90267301	failed	no_qualifying_evidence	source			estimated_from_source_maf	0						0	0.01	0.5			opengwasdb@a0656c0d073875c17088972b24cbb9568c0467a2	unavailable: no_qualifying_evidence
GCST90267302	GCST90267302	failed	no_qualifying_evidence	source			estimated_from_source_maf	0						0	0.01	0.5			opengwasdb@a0656c0d073875c17088972b24cbb9568c0467a2	unavailable: no_qualifying_evidence
GCST90267303	GCST90267303	failed	no_qualifying_evidence	source			estimated_from_source_maf	0						0	0.01	0.5			opengwasdb@a0656c0d073875c17088972b24cbb9568c0467a2	unavailable: no_qualifying_evidence
GCST90267304	GCST90267304	failed	no_qualifying_evidence	source			estimated_from_source_maf	0						0	0.01	0.5			opengwasdb@a0656c0d073875c17088972b24cbb9568c0467a2	unavailable: no_qualifying_evidence
GCST90267305	GCST90267305	failed	no_qualifying_evidence	source			estimated_from_source_maf	0						0	0.01	0.5			opengwasdb@a0656c0d073875c17088972b24cbb9568c0467a2	unavailable: no_qualifying_evidence
GCST90267306	GCST90267306	failed	no_qualifying_evidence	source			estimated_from_source_maf	0						0	0.01	0.5			opengwasdb@a0656c0d073875c17088972b24cbb9568c0467a2	unavailable: no_qualifying_evidence
GCST90267307	GCST90267307	failed	no_qualifying_evidence	source			estimated_from_source_maf	0						0	0.01	0.5			opengwasdb@a0656c0d073875c17088972b24cbb9568c0467a2	unavailable: no_qualifying_evidence
GCST90267347	GCST90267347	failed	no_qualifying_evidence	source			estimated_from_source_maf	0						0	0.01	0.5			opengwasdb@a0656c0d073875c17088972b24cbb9568c0467a2	unavailable: no_qualifying_evidence
GCST90267348	GCST90267348	failed	no_qualifying_evidence	source			estimated_from_source_maf	0						0	0.01	0.5			opengwasdb@a0656c0d073875c17088972b24cbb9568c0467a2	unavailable: no_qualifying_evidence
GCST90267349	GCST90267349	failed	no_qualifying_evidence	source			estimated_from_source_maf	0						0	0.01	0.5			opengwasdb@a0656c0d073875c17088972b24cbb9568c0467a2	unavailable: no_qualifying_evidence
GCST90267350	GCST90267350	failed	no_qualifying_evidence	source			estimated_from_source_maf	0						0	0.01	0.5			opengwasdb@a0656c0d073875c17088972b24cbb9568c0467a2	unavailable: no_qualifying_evidence
GCST90267351	GCST90267351	failed	no_qualifying_evidence	source			estimated_from_source_maf	0						0	0.01	0.5			opengwasdb@a0656c0d073875c17088972b24cbb9568c0467a2	unavailable: no_qualifying_evidence
GCST90267352	GCST90267352	failed	no_qualifying_evidence	source			estimated_from_source_maf	0						0	0.01	0.5			opengwasdb@a0656c0d073875c17088972b24cbb9568c0467a2	unavailable: no_qualifying_evidence
GCST90267353	GCST90267353	failed	no_qualifying_evidence	source			estimated_from_source_maf	0						0	0.01	0.5			opengwasdb@a0656c0d073875c17088972b24cbb9568c0467a2	unavailable: no_qualifying_evidence
GCST90267354	GCST90267354	failed	no_qualifying_evidence	source			estimated_from_source_maf	0						0	0.01	0.5			opengwasdb@a0656c0d073875c17088972b24cbb9568c0467a2	unavailable: no_qualifying_evidence
GCST90267355	GCST90267355	failed	no_qualifying_evidence	source			estimated_from_source_maf	0						0	0.01	0.5			opengwasdb@a0656c0d073875c17088972b24cbb9568c0467a2	unavailable: no_qualifying_evidence
GCST90267356	GCST90267356	failed	no_qualifying_evidence	source			estimated_from_source_maf	0						0	0.01	0.5			opengwasdb@a0656c0d073875c17088972b24cbb9568c0467a2	unavailable: no_qualifying_evidence
GCST90267357	GCST90267357	failed	no_qualifying_evidence	source			estimated_from_source_maf	0						0	0.01	0.5			opengwasdb@a0656c0d073875c17088972b24cbb9568c0467a2	unavailable: no_qualifying_evidence
GCST90267358	GCST90267358	failed	no_qualifying_evidence	source			estimated_from_source_maf	0						0	0.01	0.5			opengwasdb@a0656c0d073875c17088972b24cbb9568c0467a2	unavailable: no_qualifying_evidence
GCST90267359	GCST90267359	failed	no_qualifying_evidence	source			estimated_from_source_maf	0						0	0.01	0.5			opengwasdb@a0656c0d073875c17088972b24cbb9568c0467a2	unavailable: no_qualifying_evidence
GCST90267360	GCST90267360	failed	no_qualifying_evidence	source			estimated_from_source_maf	0						0	0.01	0.5			opengwasdb@a0656c0d073875c17088972b24cbb9568c0467a2	unavailable: no_qualifying_evidence
GCST90267361	GCST90267361	skipped	non_quantitative_effect_scale				binary_trait								0.01	0.5			opengwasdb@a0656c0d073875c17088972b24cbb9568c0467a2	case-control effect scale; phenotype-SD estimation not applicable
GCST90267362	GCST90267362	passed		source		1.00717	estimated_from_source_maf	5889976						20000	0.01	0.5	1.00717	1.13818e-06	opengwasdb@a0656c0d073875c17088972b24cbb9568c0467a2	
GCST90267363	GCST90267363	skipped	non_quantitative_effect_scale				binary_trait								0.01	0.5			opengwasdb@a0656c0d073875c17088972b24cbb9568c0467a2	case-control effect scale; phenotype-SD estimation not applicable
GCST90267364	GCST90267364	passed		source		1.00167	estimated_from_source_maf	4906245						20000	0.01	0.5	1.00167	0.00112324	opengwasdb@a0656c0d073875c17088972b24cbb9568c0467a2	
GCST90267372	GCST90267372	failed	no_qualifying_evidence	source			estimated_from_source_maf	0						0	0.01	0.5			opengwasdb@a0656c0d073875c17088972b24cbb9568c0467a2	unavailable: no_qualifying_evidence
GCST90267408	GCST90267408	passed		source		7.41293	estimated_from_source_maf	4656188						20000	0.01	0.5	7.41293	0.255832	opengwasdb@a0656c0d073875c17088972b24cbb9568c0467a2	
GCST90267409	GCST90267409	passed		source		6.79662	estimated_from_source_maf	4656794						20000	0.01	0.5	6.79662	0.234291	opengwasdb@a0656c0d073875c17088972b24cbb9568c0467a2	
GCST90267410	GCST90267410	passed		source		3.09656	estimated_from_source_maf	4650925						20000	0.01	0.5	3.09656	0.121771	opengwasdb@a0656c0d073875c17088972b24cbb9568c0467a2	
GCST90267411	GCST90267411	passed		source		3.13676	estimated_from_source_maf	4650927						20000	0.01	0.5	3.13676	0.124623	opengwasdb@a0656c0d073875c17088972b24cbb9568c0467a2	
GCST90267567	GCST90267567	passed		source		1.08839	estimated_from_source_maf	9460286						20000	0.01	0.5	1.08839	0.0298459	opengwasdb@a0656c0d073875c17088972b24cbb9568c0467a2	
GCST90267568	GCST90267568	passed		source		1.08795	estimated_from_source_maf	9460406						20000	0.01	0.5	1.08795	0.0295975	opengwasdb@a0656c0d073875c17088972b24cbb9568c0467a2	
GCST90267571	GCST90267571	passed		source		1.23793	estimated_from_source_maf	9484631						20000	0.01	0.5	1.23793	0.191598	opengwasdb@a0656c0d073875c17088972b24cbb9568c0467a2	
GCST90267572	GCST90267572	passed		source		1.23832	estimated_from_source_maf	9486463						20000	0.01	0.5	1.23832	0.192049	opengwasdb@a0656c0d073875c17088972b24cbb9568c0467a2	
GCST90267573	GCST90267573	passed		source		1.09196	estimated_from_source_maf	9465728						20000	0.01	0.5	1.09196	0.0312588	opengwasdb@a0656c0d073875c17088972b24cbb9568c0467a2	
GCST90267574	GCST90267574	passed		source		1.09447	estimated_from_source_maf	9466276						20000	0.01	0.5	1.09447	0.0309185	opengwasdb@a0656c0d073875c17088972b24cbb9568c0467a2	
GCST90267577	GCST90267577	passed		source		1.24148	estimated_from_source_maf	9490459						20000	0.01	0.5	1.24148	0.195443	opengwasdb@a0656c0d073875c17088972b24cbb9568c0467a2	
GCST90267578	GCST90267578	warning		source		2.40311	estimated_from_source_maf	9491030						20000	0.01	0.5	2.40311	1.34696	opengwasdb@a0656c0d073875c17088972b24cbb9568c0467a2	
GCST90267986	GCST90267986	passed		source		2.09505	estimated_from_source_maf	8378602						20000	0.01	0.5	2.09505	0.00353859	opengwasdb@a0656c0d073875c17088972b24cbb9568c0467a2	
GCST90268116	GCST90268116	passed		source		26.0515	estimated_from_source_maf	9184350						20000	0.01	0.5	26.0515	0.123251	opengwasdb@a0656c0d073875c17088972b24cbb9568c0467a2	
GCST90268117	GCST90268117	passed		source		6.08638	estimated_from_source_maf	9184251						20000	0.01	0.5	6.08638	0.0283293	opengwasdb@a0656c0d073875c17088972b24cbb9568c0467a2	
GCST90268118	GCST90268118	passed		source		16.0715	estimated_from_source_maf	9184229						20000	0.01	0.5	16.0715	0.0769045	opengwasdb@a0656c0d073875c17088972b24cbb9568c0467a2	
GCST90268119	GCST90268119	passed		source		99.3696	estimated_from_source_maf	9184340						20000	0.01	0.5	99.3696	0.460035	opengwasdb@a0656c0d073875c17088972b24cbb9568c0467a2	
GCST90268120	GCST90268120	passed		source		87.5222	estimated_from_source_maf	9184348						20000	0.01	0.5	87.5222	0.405037	opengwasdb@a0656c0d073875c17088972b24cbb9568c0467a2	
GCST90268121	GCST90268121	passed		source		84.0324	estimated_from_source_maf	9184111						20000	0.01	0.5	84.0324	0.389234	opengwasdb@a0656c0d073875c17088972b24cbb9568c0467a2	
GCST90268122	GCST90268122	passed		source		15.6843	estimated_from_source_maf	9184319						20000	0.01	0.5	15.6843	0.0726734	opengwasdb@a0656c0d073875c17088972b24cbb9568c0467a2	
GCST90268123	GCST90268123	passed		source		13.2924	estimated_from_source_maf	9182837						20000	0.01	0.5	13.2924	0.0632186	opengwasdb@a0656c0d073875c17088972b24cbb9568c0467a2	
GCST90268124	GCST90268124	passed		source		24.3047	estimated_from_source_maf	9182858						20000	0.01	0.5	24.3047	0.115414	opengwasdb@a0656c0d073875c17088972b24cbb9568c0467a2	
GCST90268125	GCST90268125	passed		source		5.85313	estimated_from_source_maf	9182856						20000	0.01	0.5	5.85313	0.0276776	opengwasdb@a0656c0d073875c17088972b24cbb9568c0467a2	
GCST90268126	GCST90268126	passed		source		14.2756	estimated_from_source_maf	9182840						20000	0.01	0.5	14.2756	0.0684365	opengwasdb@a0656c0d073875c17088972b24cbb9568c0467a2	
GCST90268127	GCST90268127	passed		source		99.8346	estimated_from_source_maf	9182814						20000	0.01	0.5	99.8346	0.469528	opengwasdb@a0656c0d073875c17088972b24cbb9568c0467a2	
GCST90268128	GCST90268128	passed		source		89.8521	estimated_from_source_maf	9182857						20000	0.01	0.5	89.8521	0.423813	opengwasdb@a0656c0d073875c17088972b24cbb9568c0467a2	
GCST90268129	GCST90268129	passed		source		91.4982	estimated_from_source_maf	9182806						20000	0.01	0.5	91.4982	0.430612	opengwasdb@a0656c0d073875c17088972b24cbb9568c0467a2	
GCST90268130	GCST90268130	passed		source		15.2873	estimated_from_source_maf	9182856						20000	0.01	0.5	15.2873	0.0723286	opengwasdb@a0656c0d073875c17088972b24cbb9568c0467a2	
GCST90268131	GCST90268131	passed		source		0.0786914	estimated_from_source_maf	9182863						20000	0.01	0.5	0.0786914	0.000372786	opengwasdb@a0656c0d073875c17088972b24cbb9568c0467a2	
GCST90268132	GCST90268132	passed		source		15.5262	estimated_from_source_maf	9182837						20000	0.01	0.5	15.5262	0.0739727	opengwasdb@a0656c0d073875c17088972b24cbb9568c0467a2	
GCST90268133	GCST90268133	passed		source		26.3322	estimated_from_source_maf	9182858						20000	0.01	0.5	26.3322	0.12616	opengwasdb@a0656c0d073875c17088972b24cbb9568c0467a2	
GCST90268134	GCST90268134	passed		source		5.90261	estimated_from_source_maf	9182856						20000	0.01	0.5	5.90261	0.0278596	opengwasdb@a0656c0d073875c17088972b24cbb9568c0467a2	
GCST90268135	GCST90268135	passed		source		14.8598	estimated_from_source_maf	9182840						20000	0.01	0.5	14.8598	0.0716023	opengwasdb@a0656c0d073875c17088972b24cbb9568c0467a2	
GCST90268136	GCST90268136	passed		source		103.204	estimated_from_source_maf	9182814						20000	0.01	0.5	103.204	0.485855	opengwasdb@a0656c0d073875c17088972b24cbb9568c0467a2	
GCST90268137	GCST90268137	passed		source		95.1496	estimated_from_source_maf	9182857						20000	0.01	0.5	95.1496	0.448485	opengwasdb@a0656c0d073875c17088972b24cbb9568c0467a2	
GCST90268138	GCST90268138	passed		source		94.0744	estimated_from_source_maf	9182806						20000	0.01	0.5	94.0744	0.443594	opengwasdb@a0656c0d073875c17088972b24cbb9568c0467a2	
GCST90268139	GCST90268139	passed		source		16.513	estimated_from_source_maf	9182856						20000	0.01	0.5	16.513	0.0780243	opengwasdb@a0656c0d073875c17088972b24cbb9568c0467a2	
GCST90268140	GCST90268140	passed		source		0.0825948	estimated_from_source_maf	9182863						20000	0.01	0.5	0.0825948	0.000391716	opengwasdb@a0656c0d073875c17088972b24cbb9568c0467a2	
GCST90268141	GCST90268141	passed		source		28.1708	estimated_from_source_maf	8823396						20000	0.01	0.5	28.1708	0.134866	opengwasdb@a0656c0d073875c17088972b24cbb9568c0467a2	
GCST90268142	GCST90268142	passed		source		6.21684	estimated_from_source_maf	8661328						20000	0.01	0.5	6.21684	0.0289949	opengwasdb@a0656c0d073875c17088972b24cbb9568c0467a2	
GCST90268143	GCST90268143	passed		source		16.711	estimated_from_source_maf	8111821						20000	0.01	0.5	16.711	0.0795234	opengwasdb@a0656c0d073875c17088972b24cbb9568c0467a2	
GCST90268144	GCST90268144	passed		source		101.732	estimated_from_source_maf	9207464						20000	0.01	0.5	101.732	0.47036	opengwasdb@a0656c0d073875c17088972b24cbb9568c0467a2	
GCST90268145	GCST90268145	passed		source		93.6404	estimated_from_source_maf	9207469						20000	0.01	0.5	93.6404	0.432044	opengwasdb@a0656c0d073875c17088972b24cbb9568c0467a2	
GCST90268146	GCST90268146	passed		source		86.5765	estimated_from_source_maf	9207234						20000	0.01	0.5	86.5765	0.400886	opengwasdb@a0656c0d073875c17088972b24cbb9568c0467a2	
GCST90268147	GCST90268147	passed		source		17.1013	estimated_from_source_maf	9207442						20000	0.01	0.5	17.1013	0.0798853	opengwasdb@a0656c0d073875c17088972b24cbb9568c0467a2	
GCST90268400	GCST90268400	skipped	non_quantitative_effect_scale				binary_trait								0.01	0.5			opengwasdb@a0656c0d073875c17088972b24cbb9568c0467a2	case-control effect scale; phenotype-SD estimation not applicable
GCST90268401	GCST90268401	skipped	non_quantitative_effect_scale				binary_trait								0.01	0.5			opengwasdb@a0656c0d073875c17088972b24cbb9568c0467a2	case-control effect scale; phenotype-SD estimation not applicable
GCST90268402	GCST90268402	passed		source		0.0539699	estimated_from_source_maf	8716887						20000	0.01	0.5	0.0539699	0.000557643	opengwasdb@a0656c0d073875c17088972b24cbb9568c0467a2	
GCST90268419	GCST90268419	passed		source		9.88465	estimated_from_source_maf	7624179						20000	0.01	0.5	9.88465	0.0227814	opengwasdb@a0656c0d073875c17088972b24cbb9568c0467a2	
GCST90268420	GCST90268420	skipped	non_quantitative_effect_scale				binary_trait								0.01	0.5			opengwasdb@a0656c0d073875c17088972b24cbb9568c0467a2	case-control effect scale; phenotype-SD estimation not applicable
GCST90268421	GCST90268421	passed		source		9.6058	estimated_from_source_maf	7625039						20000	0.01	0.5	9.6058	0.0224882	opengwasdb@a0656c0d073875c17088972b24cbb9568c0467a2	
GCST90268422	GCST90268422	skipped	non_quantitative_effect_scale				binary_trait								0.01	0.5			opengwasdb@a0656c0d073875c17088972b24cbb9568c0467a2	case-control effect scale; phenotype-SD estimation not applicable
GCST90268462	GCST90268462	passed		source		1.00181	estimated_from_source_maf	8631018						20000	0.01	0.5	1.00181	0.0119911	opengwasdb@a0656c0d073875c17088972b24cbb9568c0467a2	
GCST90268463	GCST90268463	passed		source		1.00262	estimated_from_source_maf	8350551						20000	0.01	0.5	1.00262	0.0129376	opengwasdb@a0656c0d073875c17088972b24cbb9568c0467a2	
GCST90268464	GCST90268464	passed		source		0.994043	estimated_from_source_maf	8606663						20000	0.01	0.5	0.994043	0.0121326	opengwasdb@a0656c0d073875c17088972b24cbb9568c0467a2	
GCST90268465	GCST90268465	passed		source		0.961525	estimated_from_source_maf	7273109						20000	0.01	0.5	0.961525	0.0169464	opengwasdb@a0656c0d073875c17088972b24cbb9568c0467a2	
GCST90268466	GCST90268466	passed		source		0.772827	estimated_from_source_maf	7470246						20000	0.01	0.5	0.772827	0.0127125	opengwasdb@a0656c0d073875c17088972b24cbb9568c0467a2	
GCST90268467	GCST90268467	passed		source		0.922258	estimated_from_source_maf	14895557						20000	0.01	0.5	0.922258	0.0267475	opengwasdb@a0656c0d073875c17088972b24cbb9568c0467a2	
GCST90268468	GCST90268468	passed		source		0.952055	estimated_from_source_maf	8099086						20000	0.01	0.5	0.952055	0.0128633	opengwasdb@a0656c0d073875c17088972b24cbb9568c0467a2	
GCST90268469	GCST90268469	passed		source		1.00838	estimated_from_source_maf	7923647						20000	0.01	0.5	1.00838	0.014543	opengwasdb@a0656c0d073875c17088972b24cbb9568c0467a2	
GCST90268470	GCST90268470	passed		source		0.9813	estimated_from_source_maf	8629878						20000	0.01	0.5	0.9813	0.011931	opengwasdb@a0656c0d073875c17088972b24cbb9568c0467a2	
GCST90268471	GCST90268471	passed		source		1.08925	estimated_from_source_maf	7815541						20000	0.01	0.5	1.08925	0.0161882	opengwasdb@a0656c0d073875c17088972b24cbb9568c0467a2	
GCST90268472	GCST90268472	passed		source		1.04828	estimated_from_source_maf	9302192						20000	0.01	0.5	1.04828	0.0111817	opengwasdb@a0656c0d073875c17088972b24cbb9568c0467a2	
GCST90268473	GCST90268473	passed		source		1.02669	estimated_from_source_maf	12187228						20000	0.01	0.5	1.02669	0.0244268	opengwasdb@a0656c0d073875c17088972b24cbb9568c0467a2	
GCST90268474	GCST90268474	passed		source		1.12286	estimated_from_source_maf	7348814						20000	0.01	0.5	1.12286	0.0193477	opengwasdb@a0656c0d073875c17088972b24cbb9568c0467a2	
GCST90268475	GCST90268475	passed		source		1.01887	estimated_from_source_maf	8259202						20000	0.01	0.5	1.01887	0.0133615	opengwasdb@a0656c0d073875c17088972b24cbb9568c0467a2	
GCST90268476	GCST90268476	passed		source		0.921577	estimated_from_source_maf	14597593						20000	0.01	0.5	0.921577	0.0262222	opengwasdb@a0656c0d073875c17088972b24cbb9568c0467a2	
GCST90268477	GCST90268477	passed		source		1.00134	estimated_from_source_maf	9141266						20000	0.01	0.5	1.00134	0.010944	opengwasdb@a0656c0d073875c17088972b24cbb9568c0467a2	
GCST90268478	GCST90268478	passed		source		0.96104	estimated_from_source_maf	9027443						20000	0.01	0.5	0.96104	0.0105871	opengwasdb@a0656c0d073875c17088972b24cbb9568c0467a2	
GCST90268479	GCST90268479	passed		source		1.00337	estimated_from_source_maf	7947954						20000	0.01	0.5	1.00337	0.0141405	opengwasdb@a0656c0d073875c17088972b24cbb9568c0467a2	
GCST90268480	GCST90268480	passed		source		1.00271	estimated_from_source_maf	11968043						20000	0.01	0.5	1.00271	0.0266328	opengwasdb@a0656c0d073875c17088972b24cbb9568c0467a2	
GCST90268481	GCST90268481	passed		source		1.02038	estimated_from_source_maf	9508265						20000	0.01	0.5	1.02038	0.00776683	opengwasdb@a0656c0d073875c17088972b24cbb9568c0467a2	
GCST90268482	GCST90268482	passed		source		0.976992	estimated_from_source_maf	11531844						20000	0.01	0.5	0.976992	0.0155958	opengwasdb@a0656c0d073875c17088972b24cbb9568c0467a2	
GCST90268483	GCST90268483	passed		source		0.991307	estimated_from_source_maf	9522284						20000	0.01	0.5	0.991307	0.00865966	opengwasdb@a0656c0d073875c17088972b24cbb9568c0467a2	
GCST90268484	GCST90268484	passed		source		1.05419	estimated_from_source_maf	7437834						20000	0.01	0.5	1.05419	0.0173256	opengwasdb@a0656c0d073875c17088972b24cbb9568c0467a2	
GCST90268485	GCST90268485	passed		source		1.00479	estimated_from_source_maf	11165241						20000	0.01	0.5	1.00479	0.0121419	opengwasdb@a0656c0d073875c17088972b24cbb9568c0467a2	
GCST90268486	GCST90268486	passed		source		1.00273	estimated_from_source_maf	9506132						20000	0.01	0.5	1.00273	0.00753168	opengwasdb@a0656c0d073875c17088972b24cbb9568c0467a2	
GCST90268487	GCST90268487	passed		source		0.997088	estimated_from_source_maf	9389084						20000	0.01	0.5	0.997088	0.0199697	opengwasdb@a0656c0d073875c17088972b24cbb9568c0467a2	
GCST90268488	GCST90268488	passed		source		1.01611	estimated_from_source_maf	11430194						20000	0.01	0.5	1.01611	0.0225799	opengwasdb@a0656c0d073875c17088972b24cbb9568c0467a2	
GCST90268489	GCST90268489	passed		source		0.993883	estimated_from_source_maf	10850514						20000	0.01	0.5	0.993883	0.0131836	opengwasdb@a0656c0d073875c17088972b24cbb9568c0467a2	
GCST90268490	GCST90268490	passed		source		1.01692	estimated_from_source_maf	9509503						20000	0.01	0.5	1.01692	0.00986195	opengwasdb@a0656c0d073875c17088972b24cbb9568c0467a2	
GCST90268491	GCST90268491	passed		source		1.00845	estimated_from_source_maf	9531534						20000	0.01	0.5	1.00845	0.0091459	opengwasdb@a0656c0d073875c17088972b24cbb9568c0467a2	
GCST90268492	GCST90268492	passed		source		1.02042	estimated_from_source_maf	9426180						20000	0.01	0.5	1.02042	0.0180111	opengwasdb@a0656c0d073875c17088972b24cbb9568c0467a2	
GCST90268493	GCST90268493	passed		source		1.00579	estimated_from_source_maf	9527321						20000	0.01	0.5	1.00579	0.00871799	opengwasdb@a0656c0d073875c17088972b24cbb9568c0467a2	
GCST90268494	GCST90268494	passed		source		0.954524	estimated_from_source_maf	9181719						20000	0.01	0.5	0.954524	0.0166068	opengwasdb@a0656c0d073875c17088972b24cbb9568c0467a2	
GCST90268495	GCST90268495	passed		source		0.996572	estimated_from_source_maf	9509203						20000	0.01	0.5	0.996572	0.00786488	opengwasdb@a0656c0d073875c17088972b24cbb9568c0467a2	
GCST90268496	GCST90268496	passed		source		0.993341	estimated_from_source_maf	9274092						20000	0.01	0.5	0.993341	0.0105428	opengwasdb@a0656c0d073875c17088972b24cbb9568c0467a2	
GCST90268497	GCST90268497	passed		source		1.03198	estimated_from_source_maf	14901419						20000	0.01	0.5	1.03198	0.0268275	opengwasdb@a0656c0d073875c17088972b24cbb9568c0467a2	
GCST90268498	GCST90268498	passed		source		1.02303	estimated_from_source_maf	14901419						20000	0.01	0.5	1.02303	0.0261654	opengwasdb@a0656c0d073875c17088972b24cbb9568c0467a2	
GCST90268499	GCST90268499	passed		source		1.0311	estimated_from_source_maf	15209348						20000	0.01	0.5	1.0311	0.0301786	opengwasdb@a0656c0d073875c17088972b24cbb9568c0467a2	
GCST90268500	GCST90268500	passed		source		1.03289	estimated_from_source_maf	15209348						20000	0.01	0.5	1.03289	0.0301654	opengwasdb@a0656c0d073875c17088972b24cbb9568c0467a2	
GCST90269769	GCST90269769	skipped	non_quantitative_effect_scale				binary_trait								0.01	0.5			opengwasdb@a0656c0d073875c17088972b24cbb9568c0467a2	case-control effect scale; phenotype-SD estimation not applicable
GCST90269902	GCST90269902	skipped	non_quantitative_effect_scale				binary_trait								0.01	0.5			opengwasdb@a0656c0d073875c17088972b24cbb9568c0467a2	case-control effect scale; phenotype-SD estimation not applicable
GCST90269904	GCST90269904	skipped	non_quantitative_effect_scale				binary_trait								0.01	0.5			opengwasdb@a0656c0d073875c17088972b24cbb9568c0467a2	case-control effect scale; phenotype-SD estimation not applicable
GCST90269905	GCST90269905	skipped	non_quantitative_effect_scale				binary_trait								0.01	0.5			opengwasdb@a0656c0d073875c17088972b24cbb9568c0467a2	case-control effect scale; phenotype-SD estimation not applicable
GCST90269925	GCST90269925	passed		source		0.91998	estimated_from_source_maf	9222071						20000	0.01	0.5	0.91998	0.0507202	opengwasdb@a0656c0d073875c17088972b24cbb9568c0467a2	
GCST90269926	GCST90269926	passed		source		1.79316	estimated_from_source_maf	9222069						20000	0.01	0.5	1.79316	0.0977233	opengwasdb@a0656c0d073875c17088972b24cbb9568c0467a2	
GCST90269927	GCST90269927	passed		source		0.91126	estimated_from_source_maf	9222071						20000	0.01	0.5	0.91126	0.0227584	opengwasdb@a0656c0d073875c17088972b24cbb9568c0467a2	
GCST90269928	GCST90269928	passed		source		3.59263	estimated_from_source_maf	7775071						20000	0.01	0.5	3.59263	0.220001	opengwasdb@a0656c0d073875c17088972b24cbb9568c0467a2	
GCST90269929	GCST90269929	passed		source		1.96788	estimated_from_source_maf	7775071						20000	0.01	0.5	1.96788	0.12026	opengwasdb@a0656c0d073875c17088972b24cbb9568c0467a2	
GCST90269930	GCST90269930	passed		source		1.87101	estimated_from_source_maf	7775072						20000	0.01	0.5	1.87101	0.0582844	opengwasdb@a0656c0d073875c17088972b24cbb9568c0467a2	
GCST90269931	GCST90269931	passed		source		1.02497	estimated_from_source_maf	7775072						20000	0.01	0.5	1.02497	0.0318334	opengwasdb@a0656c0d073875c17088972b24cbb9568c0467a2	
GCST90269957	GCST90269957	skipped	non_quantitative_effect_scale				binary_trait								0.01	0.5			opengwasdb@a0656c0d073875c17088972b24cbb9568c0467a2	case-control effect scale; phenotype-SD estimation not applicable
GCST90269970	GCST90269970	skipped	non_quantitative_effect_scale				binary_trait								0.01	0.5			opengwasdb@a0656c0d073875c17088972b24cbb9568c0467a2	case-control effect scale; phenotype-SD estimation not applicable
GCST90270074	GCST90270074	failed	no_qualifying_evidence	source			estimated_from_source_maf	0						0	0.01	0.5			opengwasdb@a0656c0d073875c17088972b24cbb9568c0467a2	unavailable: no_qualifying_evidence
GCST90270075	GCST90270075	passed		source		3.2089	estimated_from_source_maf	2349108						20000	0.01	0.5	3.2089	0.00344975	opengwasdb@a0656c0d073875c17088972b24cbb9568c0467a2	
GCST90270076	GCST90270076	passed		source		3.21577	estimated_from_source_maf	3192802						20000	0.01	0.5	3.21577	0.00369484	opengwasdb@a0656c0d073875c17088972b24cbb9568c0467a2	
GCST90270100	GCST90270100	passed		source		0.937503	estimated_from_source_maf	5727899						20000	0.01	0.5	0.937503	0.00828724	opengwasdb@a0656c0d073875c17088972b24cbb9568c0467a2	
GCST90270101	GCST90270101	passed		source		0.982049	estimated_from_source_maf	5727899						20000	0.01	0.5	0.982049	0.00868667	opengwasdb@a0656c0d073875c17088972b24cbb9568c0467a2	
GCST90270102	GCST90270102	passed		source		0.866898	estimated_from_source_maf	5727899						20000	0.01	0.5	0.866898	0.00768955	opengwasdb@a0656c0d073875c17088972b24cbb9568c0467a2	
GCST90270103	GCST90270103	passed		source		1.02031	estimated_from_source_maf	5727899						20000	0.01	0.5	1.02031	0.00931771	opengwasdb@a0656c0d073875c17088972b24cbb9568c0467a2	
GCST90270104	GCST90270104	passed		source		0.993488	estimated_from_source_maf	5727899						20000	0.01	0.5	0.993488	0.00912537	opengwasdb@a0656c0d073875c17088972b24cbb9568c0467a2	
GCST90270105	GCST90270105	passed		source		1.00978	estimated_from_source_maf	5727899						20000	0.01	0.5	1.00978	0.0089203	opengwasdb@a0656c0d073875c17088972b24cbb9568c0467a2	
GCST90270106	GCST90270106	passed		source		0.985713	estimated_from_source_maf	5727899						20000	0.01	0.5	0.985713	0.00870632	opengwasdb@a0656c0d073875c17088972b24cbb9568c0467a2	
GCST90270107	GCST90270107	passed		source		0.970168	estimated_from_source_maf	5727899						20000	0.01	0.5	0.970168	0.0085897	opengwasdb@a0656c0d073875c17088972b24cbb9568c0467a2	
GCST90270108	GCST90270108	passed		source		0.980139	estimated_from_source_maf	5727899						20000	0.01	0.5	0.980139	0.00868201	opengwasdb@a0656c0d073875c17088972b24cbb9568c0467a2	
GCST90270109	GCST90270109	passed		source		1.01001	estimated_from_source_maf	5727899						20000	0.01	0.5	1.01001	0.0089439	opengwasdb@a0656c0d073875c17088972b24cbb9568c0467a2	
GCST90270110	GCST90270110	passed		source		1.00702	estimated_from_source_maf	5727899						20000	0.01	0.5	1.00702	0.00890687	opengwasdb@a0656c0d073875c17088972b24cbb9568c0467a2	
GCST90270111	GCST90270111	passed		source		1.00906	estimated_from_source_maf	5727899						20000	0.01	0.5	1.00906	0.00894393	opengwasdb@a0656c0d073875c17088972b24cbb9568c0467a2	
GCST90270112	GCST90270112	passed		source		1.00845	estimated_from_source_maf	5727899						20000	0.01	0.5	1.00845	0.00894486	opengwasdb@a0656c0d073875c17088972b24cbb9568c0467a2	
GCST90270113	GCST90270113	passed		source		1.01025	estimated_from_source_maf	5727899						20000	0.01	0.5	1.01025	0.00893681	opengwasdb@a0656c0d073875c17088972b24cbb9568c0467a2	
GCST90270116	GCST90270116	passed		source		1.00099	estimated_from_source_maf	8340394						20000	0.01	0.5	1.00099	0.00191091	opengwasdb@a0656c0d073875c17088972b24cbb9568c0467a2	
GCST90270117	GCST90270117	passed		source		0.961037	estimated_from_source_maf	8340394						20000	0.01	0.5	0.961037	0.00184372	opengwasdb@a0656c0d073875c17088972b24cbb9568c0467a2	
GCST90270118	GCST90270118	passed		source		0.998828	estimated_from_source_maf	8342226						20000	0.01	0.5	0.998828	0.0019761	opengwasdb@a0656c0d073875c17088972b24cbb9568c0467a2	
GCST90270119	GCST90270119	passed		source		1.0015	estimated_from_source_maf	8342226						20000	0.01	0.5	1.0015	0.00198103	opengwasdb@a0656c0d073875c17088972b24cbb9568c0467a2	
GCST90270256	GCST90270256	passed		source		0.00647512	estimated_from_source_maf	7366894						20000	0.01	0.5	0.00647512	1.99004e-05	opengwasdb@a0656c0d073875c17088972b24cbb9568c0467a2	
GCST90270257	GCST90270257	passed		source		0.00506847	estimated_from_source_maf	7366894						20000	0.01	0.5	0.00506847	1.33823e-05	opengwasdb@a0656c0d073875c17088972b24cbb9568c0467a2	
GCST90270258	GCST90270258	passed		source		0.00655506	estimated_from_source_maf	7366894						20000	0.01	0.5	0.00655506	1.90582e-05	opengwasdb@a0656c0d073875c17088972b24cbb9568c0467a2	
GCST90270259	GCST90270259	passed		source		0.00625537	estimated_from_source_maf	7366894						20000	0.01	0.5	0.00625537	1.68455e-05	opengwasdb@a0656c0d073875c17088972b24cbb9568c0467a2	
GCST90270260	GCST90270260	passed		source		0.00719923	estimated_from_source_maf	7366894						20000	0.01	0.5	0.00719923	1.98669e-05	opengwasdb@a0656c0d073875c17088972b24cbb9568c0467a2	
GCST90270261	GCST90270261	passed		source		0.00967331	estimated_from_source_maf	7366894						20000	0.01	0.5	0.00967331	2.57239e-05	opengwasdb@a0656c0d073875c17088972b24cbb9568c0467a2	
GCST90270262	GCST90270262	passed		source		0.0119682	estimated_from_source_maf	7366894						20000	0.01	0.5	0.0119682	3.13774e-05	opengwasdb@a0656c0d073875c17088972b24cbb9568c0467a2	
GCST90270263	GCST90270263	passed		source		2.38541	estimated_from_source_maf	7366894						20000	0.01	0.5	2.38541	0.00597207	opengwasdb@a0656c0d073875c17088972b24cbb9568c0467a2	
GCST90270327	GCST90270327	failed	no_qualifying_evidence	source			estimated_from_source_maf	0						0	0.01	0.5			opengwasdb@a0656c0d073875c17088972b24cbb9568c0467a2	unavailable: no_qualifying_evidence
GCST90270328	GCST90270328	failed	no_qualifying_evidence	source			estimated_from_source_maf	0						0	0.01	0.5			opengwasdb@a0656c0d073875c17088972b24cbb9568c0467a2	unavailable: no_qualifying_evidence
GCST90270329	GCST90270329	failed	no_qualifying_evidence	source			estimated_from_source_maf	0						0	0.01	0.5			opengwasdb@a0656c0d073875c17088972b24cbb9568c0467a2	unavailable: no_qualifying_evidence
GCST90270330	GCST90270330	failed	no_qualifying_evidence	source			estimated_from_source_maf	0						0	0.01	0.5			opengwasdb@a0656c0d073875c17088972b24cbb9568c0467a2	unavailable: no_qualifying_evidence
GCST90270331	GCST90270331	failed	no_qualifying_evidence	source			estimated_from_source_maf	0						0	0.01	0.5			opengwasdb@a0656c0d073875c17088972b24cbb9568c0467a2	unavailable: no_qualifying_evidence
GCST90270332	GCST90270332	failed	no_qualifying_evidence	source			estimated_from_source_maf	0						0	0.01	0.5			opengwasdb@a0656c0d073875c17088972b24cbb9568c0467a2	unavailable: no_qualifying_evidence
GCST90270333	GCST90270333	failed	no_qualifying_evidence	source			estimated_from_source_maf	0						0	0.01	0.5			opengwasdb@a0656c0d073875c17088972b24cbb9568c0467a2	unavailable: no_qualifying_evidence
GCST90270334	GCST90270334	failed	no_qualifying_evidence	source			estimated_from_source_maf	0						0	0.01	0.5			opengwasdb@a0656c0d073875c17088972b24cbb9568c0467a2	unavailable: no_qualifying_evidence
GCST90270335	GCST90270335	failed	no_qualifying_evidence	source			estimated_from_source_maf	0						0	0.01	0.5			opengwasdb@a0656c0d073875c17088972b24cbb9568c0467a2	unavailable: no_qualifying_evidence
GCST90270336	GCST90270336	failed	no_qualifying_evidence	source			estimated_from_source_maf	0						0	0.01	0.5			opengwasdb@a0656c0d073875c17088972b24cbb9568c0467a2	unavailable: no_qualifying_evidence
GCST90270337	GCST90270337	failed	no_qualifying_evidence	source			estimated_from_source_maf	0						0	0.01	0.5			opengwasdb@a0656c0d073875c17088972b24cbb9568c0467a2	unavailable: no_qualifying_evidence
GCST90270338	GCST90270338	failed	no_qualifying_evidence	source			estimated_from_source_maf	0						0	0.01	0.5			opengwasdb@a0656c0d073875c17088972b24cbb9568c0467a2	unavailable: no_qualifying_evidence
GCST90270339	GCST90270339	failed	no_qualifying_evidence	source			estimated_from_source_maf	0						0	0.01	0.5			opengwasdb@a0656c0d073875c17088972b24cbb9568c0467a2	unavailable: no_qualifying_evidence
GCST90270340	GCST90270340	failed	no_qualifying_evidence	source			estimated_from_source_maf	0						0	0.01	0.5			opengwasdb@a0656c0d073875c17088972b24cbb9568c0467a2	unavailable: no_qualifying_evidence
GCST90270341	GCST90270341	failed	no_qualifying_evidence	source			estimated_from_source_maf	0						0	0.01	0.5			opengwasdb@a0656c0d073875c17088972b24cbb9568c0467a2	unavailable: no_qualifying_evidence
GCST90270397	GCST90270397	passed		source		0.479104	estimated_from_source_maf	10570355						20000	0.01	0.5	0.479104	0.00252901	opengwasdb@a0656c0d073875c17088972b24cbb9568c0467a2	
GCST90270398	GCST90270398	passed		source		7.7832	estimated_from_source_maf	10570355						20000	0.01	0.5	7.7832	0.0336703	opengwasdb@a0656c0d073875c17088972b24cbb9568c0467a2	
GCST90270399	GCST90270399	passed		source		0.299273	estimated_from_source_maf	10570355						20000	0.01	0.5	0.299273	0.00131104	opengwasdb@a0656c0d073875c17088972b24cbb9568c0467a2	
GCST90270400	GCST90270400	passed		source		12.4015	estimated_from_source_maf	10570355						20000	0.01	0.5	12.4015	0.0537765	opengwasdb@a0656c0d073875c17088972b24cbb9568c0467a2	
GCST90270865	GCST90270865	passed		source		1.19521	estimated_from_source_maf	10218238						20000	0.01	0.5	1.19521	0.0358599	opengwasdb@a0656c0d073875c17088972b24cbb9568c0467a2	
GCST90270866	GCST90270866	skipped	non_quantitative_effect_scale				binary_trait								0.01	0.5			opengwasdb@a0656c0d073875c17088972b24cbb9568c0467a2	case-control effect scale; phenotype-SD estimation not applicable
GCST90270867	GCST90270867	skipped	non_quantitative_effect_scale				binary_trait								0.01	0.5			opengwasdb@a0656c0d073875c17088972b24cbb9568c0467a2	case-control effect scale; phenotype-SD estimation not applicable
GCST90270868	GCST90270868	skipped	non_quantitative_effect_scale				binary_trait								0.01	0.5			opengwasdb@a0656c0d073875c17088972b24cbb9568c0467a2	case-control effect scale; phenotype-SD estimation not applicable
GCST90270869	GCST90270869	skipped	non_quantitative_effect_scale				binary_trait								0.01	0.5			opengwasdb@a0656c0d073875c17088972b24cbb9568c0467a2	case-control effect scale; phenotype-SD estimation not applicable
GCST90270870	GCST90270870	skipped	non_quantitative_effect_scale				binary_trait								0.01	0.5			opengwasdb@a0656c0d073875c17088972b24cbb9568c0467a2	case-control effect scale; phenotype-SD estimation not applicable
GCST90270871	GCST90270871	skipped	non_quantitative_effect_scale				binary_trait								0.01	0.5			opengwasdb@a0656c0d073875c17088972b24cbb9568c0467a2	case-control effect scale; phenotype-SD estimation not applicable
GCST90270930	GCST90270930	skipped	non_quantitative_effect_scale				binary_trait								0.01	0.5			opengwasdb@a0656c0d073875c17088972b24cbb9568c0467a2	case-control effect scale; phenotype-SD estimation not applicable
GCST90270931	GCST90270931	skipped	non_quantitative_effect_scale				binary_trait								0.01	0.5			opengwasdb@a0656c0d073875c17088972b24cbb9568c0467a2	case-control effect scale; phenotype-SD estimation not applicable
GCST90270932	GCST90270932	skipped	non_quantitative_effect_scale				binary_trait								0.01	0.5			opengwasdb@a0656c0d073875c17088972b24cbb9568c0467a2	case-control effect scale; phenotype-SD estimation not applicable
GCST90271315	GCST90271315	passed		source		0.679153	estimated_from_source_maf	6621834						20000	0.01	0.5	0.679153	0.00558338	opengwasdb@a0656c0d073875c17088972b24cbb9568c0467a2	
GCST90271557	GCST90271557	passed		source		0.141838	estimated_from_source_maf	8063456						20000	0.01	0.5	0.141838	0.000650959	opengwasdb@a0656c0d073875c17088972b24cbb9568c0467a2	
GCST90271558	GCST90271558	passed		source		0.143739	estimated_from_source_maf	8063456						20000	0.01	0.5	0.143739	0.00151721	opengwasdb@a0656c0d073875c17088972b24cbb9568c0467a2	
GCST90271559	GCST90271559	passed		source		0.134918	estimated_from_source_maf	8046631						20000	0.01	0.5	0.134918	0.000981654	opengwasdb@a0656c0d073875c17088972b24cbb9568c0467a2	
GCST90271641	GCST90271641	skipped	non_quantitative_effect_scale				binary_trait								0.01	0.5			opengwasdb@a0656c0d073875c17088972b24cbb9568c0467a2	case-control effect scale; phenotype-SD estimation not applicable
GCST90271688	GCST90271688	passed		source		0.388257	estimated_from_source_maf	7731783						20000	0.01	0.5	0.388257	0.000908158	opengwasdb@a0656c0d073875c17088972b24cbb9568c0467a2	
GCST90271689	GCST90271689	passed		source		0.379942	estimated_from_source_maf	7731783						20000	0.01	0.5	0.379942	0.00089214	opengwasdb@a0656c0d073875c17088972b24cbb9568c0467a2	
GCST90271690	GCST90271690	passed		source		0.383244	estimated_from_source_maf	7731783						20000	0.01	0.5	0.383244	0.000897088	opengwasdb@a0656c0d073875c17088972b24cbb9568c0467a2	
GCST90271691	GCST90271691	passed		source		0.495034	estimated_from_source_maf	7731783						20000	0.01	0.5	0.495034	0.00116552	opengwasdb@a0656c0d073875c17088972b24cbb9568c0467a2	
GCST90271692	GCST90271692	passed		source		0.200584	estimated_from_source_maf	7731783						20000	0.01	0.5	0.200584	0.00047049	opengwasdb@a0656c0d073875c17088972b24cbb9568c0467a2	
GCST90271693	GCST90271693	passed		source		0.412817	estimated_from_source_maf	7731783						20000	0.01	0.5	0.412817	0.000966612	opengwasdb@a0656c0d073875c17088972b24cbb9568c0467a2	
GCST90271694	GCST90271694	passed		source		0.231496	estimated_from_source_maf	7731783						20000	0.01	0.5	0.231496	0.000541973	opengwasdb@a0656c0d073875c17088972b24cbb9568c0467a2	
GCST90271695	GCST90271695	passed		source		0.493391	estimated_from_source_maf	7731783						20000	0.01	0.5	0.493391	0.00115454	opengwasdb@a0656c0d073875c17088972b24cbb9568c0467a2	
GCST90271696	GCST90271696	passed		source		0.392351	estimated_from_source_maf	7731783						20000	0.01	0.5	0.392351	0.000920201	opengwasdb@a0656c0d073875c17088972b24cbb9568c0467a2	
GCST90271697	GCST90271697	passed		source		3.62166	estimated_from_source_maf	7731783						20000	0.01	0.5	3.62166	0.00852153	opengwasdb@a0656c0d073875c17088972b24cbb9568c0467a2	
GCST90271698	GCST90271698	passed		source		0.490848	estimated_from_source_maf	7731783						20000	0.01	0.5	0.490848	0.0010363	opengwasdb@a0656c0d073875c17088972b24cbb9568c0467a2	
GCST90271699	GCST90271699	passed		source		0.477762	estimated_from_source_maf	7731783						20000	0.01	0.5	0.477762	0.00100177	opengwasdb@a0656c0d073875c17088972b24cbb9568c0467a2	
GCST90271700	GCST90271700	passed		source		0.445175	estimated_from_source_maf	7731783						20000	0.01	0.5	0.445175	0.000929099	opengwasdb@a0656c0d073875c17088972b24cbb9568c0467a2	
GCST90271701	GCST90271701	passed		source		0.373932	estimated_from_source_maf	7731783						20000	0.01	0.5	0.373932	0.000780483	opengwasdb@a0656c0d073875c17088972b24cbb9568c0467a2	
GCST90271702	GCST90271702	passed		source		0.483832	estimated_from_source_maf	7731783						20000	0.01	0.5	0.483832	0.00101509	opengwasdb@a0656c0d073875c17088972b24cbb9568c0467a2	
GCST90271703	GCST90271703	passed		source		0.443029	estimated_from_source_maf	7731783						20000	0.01	0.5	0.443029	0.000929619	opengwasdb@a0656c0d073875c17088972b24cbb9568c0467a2	
GCST90271704	GCST90271704	passed		source		0.377931	estimated_from_source_maf	7731783						20000	0.01	0.5	0.377931	0.000783312	opengwasdb@a0656c0d073875c17088972b24cbb9568c0467a2	
GCST90271705	GCST90271705	passed		source		0.481951	estimated_from_source_maf	7731783						20000	0.01	0.5	0.481951	0.0010088	opengwasdb@a0656c0d073875c17088972b24cbb9568c0467a2	
GCST90271706	GCST90271706	passed		source		0.485814	estimated_from_source_maf	7731783						20000	0.01	0.5	0.485814	0.00100727	opengwasdb@a0656c0d073875c17088972b24cbb9568c0467a2	
GCST90271707	GCST90271707	passed		source		0.40622	estimated_from_source_maf	7731783						20000	0.01	0.5	0.40622	0.000847101	opengwasdb@a0656c0d073875c17088972b24cbb9568c0467a2	
GCST90271708	GCST90271708	passed		source		0.418558	estimated_from_source_maf	7731783						20000	0.01	0.5	0.418558	0.000878597	opengwasdb@a0656c0d073875c17088972b24cbb9568c0467a2	
GCST90271709	GCST90271709	passed		source		0.483877	estimated_from_source_maf	7731783						20000	0.01	0.5	0.483877	0.00103444	opengwasdb@a0656c0d073875c17088972b24cbb9568c0467a2	
GCST90271710	GCST90271710	passed		source		3.06565	estimated_from_source_maf	7731783						20000	0.01	0.5	3.06565	0.00679996	opengwasdb@a0656c0d073875c17088972b24cbb9568c0467a2	
GCST90271713	GCST90271713	skipped	non_quantitative_effect_scale				binary_trait								0.01	0.5			opengwasdb@a0656c0d073875c17088972b24cbb9568c0467a2	case-control effect scale; phenotype-SD estimation not applicable
GCST90271714	GCST90271714	skipped	non_quantitative_effect_scale				binary_trait								0.01	0.5			opengwasdb@a0656c0d073875c17088972b24cbb9568c0467a2	case-control effect scale; phenotype-SD estimation not applicable
GCST90271752	GCST90271752	passed		source		1.02267	estimated_from_source_maf	9213273						20000	0.01	0.5	1.02267	0.00433055	opengwasdb@a0656c0d073875c17088972b24cbb9568c0467a2	
GCST90271753	GCST90271753	skipped	non_quantitative_effect_scale				binary_trait								0.01	0.5			opengwasdb@a0656c0d073875c17088972b24cbb9568c0467a2	case-control effect scale; phenotype-SD estimation not applicable
GCST90271754	GCST90271754	passed		source		0.988625	estimated_from_source_maf	7971894						20000	0.01	0.5	0.988625	0.0160469	opengwasdb@a0656c0d073875c17088972b24cbb9568c0467a2	
GCST90271755	GCST90271755	skipped	non_quantitative_effect_scale				binary_trait								0.01	0.5			opengwasdb@a0656c0d073875c17088972b24cbb9568c0467a2	case-control effect scale; phenotype-SD estimation not applicable
GCST90271757	GCST90271757	skipped	non_quantitative_effect_scale				binary_trait								0.01	0.5			opengwasdb@a0656c0d073875c17088972b24cbb9568c0467a2	case-control effect scale; phenotype-SD estimation not applicable
GCST90271789	GCST90271789	failed	no_qualifying_evidence	source			estimated_from_source_maf	0						0	0.01	0.5			opengwasdb@a0656c0d073875c17088972b24cbb9568c0467a2	unavailable: no_qualifying_evidence
GCST90271795	GCST90271795	passed		source		1.00247	estimated_from_source_maf	7830526						20000	0.01	0.5	1.00247	0.00272104	opengwasdb@a0656c0d073875c17088972b24cbb9568c0467a2	
GCST90271801	GCST90271801	passed		source		1.00262	estimated_from_source_maf	7830526						20000	0.01	0.5	1.00262	0.0027212	opengwasdb@a0656c0d073875c17088972b24cbb9568c0467a2	
GCST90271802	GCST90271802	passed		source		1.00322	estimated_from_source_maf	7830526						20000	0.01	0.5	1.00322	0.00272227	opengwasdb@a0656c0d073875c17088972b24cbb9568c0467a2	
GCST90271807	GCST90271807	passed		source		1.00335	estimated_from_source_maf	7830526						20000	0.01	0.5	1.00335	0.00272267	opengwasdb@a0656c0d073875c17088972b24cbb9568c0467a2	
GCST90271813	GCST90271813	passed		source		1.00334	estimated_from_source_maf	7830526						20000	0.01	0.5	1.00334	0.0027223	opengwasdb@a0656c0d073875c17088972b24cbb9568c0467a2	
GCST90271814	GCST90271814	passed		source		1.00289	estimated_from_source_maf	7830526						20000	0.01	0.5	1.00289	0.00272207	opengwasdb@a0656c0d073875c17088972b24cbb9568c0467a2	
GCST90271928	GCST90271928	passed		source		0.842045	estimated_from_source_maf	13206043						20000	0.01	0.5	0.842045	0.00907852	opengwasdb@a0656c0d073875c17088972b24cbb9568c0467a2	
GCST90272883	GCST90272883	skipped	non_quantitative_effect_scale				binary_trait								0.01	0.5			opengwasdb@a0656c0d073875c17088972b24cbb9568c0467a2	case-control effect scale; phenotype-SD estimation not applicable
GCST90274713	GCST90274713	skipped	non_quantitative_effect_scale				binary_trait								0.01	0.5			opengwasdb@a0656c0d073875c17088972b24cbb9568c0467a2	case-control effect scale; phenotype-SD estimation not applicable
GCST90274714	GCST90274714	skipped	non_quantitative_effect_scale				binary_trait								0.01	0.5			opengwasdb@a0656c0d073875c17088972b24cbb9568c0467a2	case-control effect scale; phenotype-SD estimation not applicable
GCST90274723	GCST90274723	skipped	non_quantitative_effect_scale				binary_trait								0.01	0.5			opengwasdb@a0656c0d073875c17088972b24cbb9568c0467a2	case-control effect scale; phenotype-SD estimation not applicable
GCST90274734	GCST90274734	passed		source		2.3095	estimated_from_source_maf	3981139						20000	0.01	0.5	2.3095	0.0618252	opengwasdb@a0656c0d073875c17088972b24cbb9568c0467a2	
GCST90274735	GCST90274735	passed		source		1.98814	estimated_from_source_maf	3984079						20000	0.01	0.5	1.98814	0.0540001	opengwasdb@a0656c0d073875c17088972b24cbb9568c0467a2	
GCST90274736	GCST90274736	passed		source		1.88992	estimated_from_source_maf	3981978						20000	0.01	0.5	1.88992	0.0513308	opengwasdb@a0656c0d073875c17088972b24cbb9568c0467a2	
GCST90274737	GCST90274737	passed		source		2.02529	estimated_from_source_maf	4658658						20000	0.01	0.5	2.02529	0.0520546	opengwasdb@a0656c0d073875c17088972b24cbb9568c0467a2	
GCST90274738	GCST90274738	passed		source		2.13106	estimated_from_source_maf	4622473						20000	0.01	0.5	2.13106	0.069553	opengwasdb@a0656c0d073875c17088972b24cbb9568c0467a2	
GCST90274739	GCST90274739	passed		source		2.44654	estimated_from_source_maf	4207256						20000	0.01	0.5	2.44654	0.053519	opengwasdb@a0656c0d073875c17088972b24cbb9568c0467a2	
GCST90274740	GCST90274740	passed		source		1.51105	estimated_from_source_maf	4214332						20000	0.01	0.5	1.51105	0.0558865	opengwasdb@a0656c0d073875c17088972b24cbb9568c0467a2	
GCST90274741	GCST90274741	passed		source		1.88073	estimated_from_source_maf	4208379						20000	0.01	0.5	1.88073	0.0415603	opengwasdb@a0656c0d073875c17088972b24cbb9568c0467a2	
GCST90274742	GCST90274742	passed		source		1.82235	estimated_from_source_maf	4206522						20000	0.01	0.5	1.82235	0.0407061	opengwasdb@a0656c0d073875c17088972b24cbb9568c0467a2	
GCST90274743	GCST90274743	passed		source		1.07547	estimated_from_source_maf	4206705						20000	0.01	0.5	1.07547	0.0234305	opengwasdb@a0656c0d073875c17088972b24cbb9568c0467a2	
GCST90274744	GCST90274744	passed		source		2.00933	estimated_from_source_maf	4206727						20000	0.01	0.5	2.00933	0.0436357	opengwasdb@a0656c0d073875c17088972b24cbb9568c0467a2	
GCST90274745	GCST90274745	passed		source		2.09511	estimated_from_source_maf	4280652						20000	0.01	0.5	2.09511	0.0766567	opengwasdb@a0656c0d073875c17088972b24cbb9568c0467a2	
GCST90274746	GCST90274746	passed		source		1.64955	estimated_from_source_maf	4265235						20000	0.01	0.5	1.64955	0.100635	opengwasdb@a0656c0d073875c17088972b24cbb9568c0467a2	
GCST90274747	GCST90274747	passed		source		1.69349	estimated_from_source_maf	4517325						20000	0.01	0.5	1.69349	0.0941853	opengwasdb@a0656c0d073875c17088972b24cbb9568c0467a2	
GCST90274748	GCST90274748	passed		source		2.35302	estimated_from_source_maf	4533267						20000	0.01	0.5	2.35302	0.127353	opengwasdb@a0656c0d073875c17088972b24cbb9568c0467a2	
GCST90274749	GCST90274749	passed		source		3.75314	estimated_from_source_maf	4516515						20000	0.01	0.5	3.75314	0.344705	opengwasdb@a0656c0d073875c17088972b24cbb9568c0467a2	
GCST90274750	GCST90274750	passed		source		1.55081	estimated_from_source_maf	4535799						20000	0.01	0.5	1.55081	0.120087	opengwasdb@a0656c0d073875c17088972b24cbb9568c0467a2	
GCST90274751	GCST90274751	passed		source		1.37269	estimated_from_source_maf	4516607						20000	0.01	0.5	1.37269	0.0805998	opengwasdb@a0656c0d073875c17088972b24cbb9568c0467a2	
GCST90274752	GCST90274752	passed		source		2.31936	estimated_from_source_maf	4642096						20000	0.01	0.5	2.31936	0.0673711	opengwasdb@a0656c0d073875c17088972b24cbb9568c0467a2	
GCST90274758	GCST90274758	passed		source		1.07885	estimated_from_source_maf	11843766						20000	0.01	0.5	1.07885	0.069591	opengwasdb@a0656c0d073875c17088972b24cbb9568c0467a2	
GCST90274759	GCST90274759	passed		source		1.05936	estimated_from_source_maf	11845219						20000	0.01	0.5	1.05936	0.0725766	opengwasdb@a0656c0d073875c17088972b24cbb9568c0467a2	
GCST90274760	GCST90274760	passed		source		1.06021	estimated_from_source_maf	11548824						20000	0.01	0.5	1.06021	0.0667555	opengwasdb@a0656c0d073875c17088972b24cbb9568c0467a2	
GCST90274761	GCST90274761	passed		source		1.06788	estimated_from_source_maf	11549577						20000	0.01	0.5	1.06788	0.0638174	opengwasdb@a0656c0d073875c17088972b24cbb9568c0467a2	
GCST90274762	GCST90274762	passed		source		1.03466	estimated_from_source_maf	11846329						20000	0.01	0.5	1.03466	0.0797632	opengwasdb@a0656c0d073875c17088972b24cbb9568c0467a2	
GCST90274763	GCST90274763	passed		source		1.07478	estimated_from_source_maf	11846421						20000	0.01	0.5	1.07478	0.0689916	opengwasdb@a0656c0d073875c17088972b24cbb9568c0467a2	
GCST90274764	GCST90274764	passed		source		1.06063	estimated_from_source_maf	11849432						20000	0.01	0.5	1.06063	0.0699006	opengwasdb@a0656c0d073875c17088972b24cbb9568c0467a2	
GCST90274765	GCST90274765	passed		source		1.08113	estimated_from_source_maf	11841688						20000	0.01	0.5	1.08113	0.0692016	opengwasdb@a0656c0d073875c17088972b24cbb9568c0467a2	
GCST90274766	GCST90274766	passed		source		1.07557	estimated_from_source_maf	11844809						20000	0.01	0.5	1.07557	0.0688627	opengwasdb@a0656c0d073875c17088972b24cbb9568c0467a2	
GCST90274767	GCST90274767	passed		source		1.06438	estimated_from_source_maf	11845489						20000	0.01	0.5	1.06438	0.0690245	opengwasdb@a0656c0d073875c17088972b24cbb9568c0467a2	
GCST90274768	GCST90274768	passed		source		1.0611	estimated_from_source_maf	11849915						20000	0.01	0.5	1.0611	0.0685618	opengwasdb@a0656c0d073875c17088972b24cbb9568c0467a2	
GCST90274769	GCST90274769	passed		source		1.03305	estimated_from_source_maf	11855955						20000	0.01	0.5	1.03305	0.0707997	opengwasdb@a0656c0d073875c17088972b24cbb9568c0467a2	
GCST90274770	GCST90274770	passed		source		1.07731	estimated_from_source_maf	11843285						20000	0.01	0.5	1.07731	0.0691998	opengwasdb@a0656c0d073875c17088972b24cbb9568c0467a2	
GCST90274771	GCST90274771	passed		source		1.06098	estimated_from_source_maf	11843860						20000	0.01	0.5	1.06098	0.071562	opengwasdb@a0656c0d073875c17088972b24cbb9568c0467a2	
GCST90274772	GCST90274772	passed		source		1.0428	estimated_from_source_maf	11848500						20000	0.01	0.5	1.0428	0.0724875	opengwasdb@a0656c0d073875c17088972b24cbb9568c0467a2	
GCST90274773	GCST90274773	passed		source		1.05612	estimated_from_source_maf	11843557						20000	0.01	0.5	1.05612	0.0712701	opengwasdb@a0656c0d073875c17088972b24cbb9568c0467a2	
GCST90274774	GCST90274774	passed		source		1.06712	estimated_from_source_maf	11844766						20000	0.01	0.5	1.06712	0.0693061	opengwasdb@a0656c0d073875c17088972b24cbb9568c0467a2	
GCST90274775	GCST90274775	passed		source		1.03707	estimated_from_source_maf	11855928						20000	0.01	0.5	1.03707	0.0696361	opengwasdb@a0656c0d073875c17088972b24cbb9568c0467a2	
GCST90274776	GCST90274776	passed		source		1.04609	estimated_from_source_maf	11846449						20000	0.01	0.5	1.04609	0.0745534	opengwasdb@a0656c0d073875c17088972b24cbb9568c0467a2	
GCST90274777	GCST90274777	passed		source		1.05205	estimated_from_source_maf	11847727						20000	0.01	0.5	1.05205	0.0691306	opengwasdb@a0656c0d073875c17088972b24cbb9568c0467a2	
GCST90274778	GCST90274778	passed		source		1.056	estimated_from_source_maf	11846802						20000	0.01	0.5	1.056	0.069078	opengwasdb@a0656c0d073875c17088972b24cbb9568c0467a2	
GCST90274779	GCST90274779	passed		source		1.07236	estimated_from_source_maf	11843064						20000	0.01	0.5	1.07236	0.0694492	opengwasdb@a0656c0d073875c17088972b24cbb9568c0467a2	
GCST90274780	GCST90274780	passed		source		1.07026	estimated_from_source_maf	11847348						20000	0.01	0.5	1.07026	0.0685233	opengwasdb@a0656c0d073875c17088972b24cbb9568c0467a2	
GCST90274781	GCST90274781	passed		source		1.07411	estimated_from_source_maf	11845208						20000	0.01	0.5	1.07411	0.0689436	opengwasdb@a0656c0d073875c17088972b24cbb9568c0467a2	
GCST90274782	GCST90274782	passed		source		1.07657	estimated_from_source_maf	11841948						20000	0.01	0.5	1.07657	0.0687164	opengwasdb@a0656c0d073875c17088972b24cbb9568c0467a2	
GCST90274783	GCST90274783	passed		source		1.0763	estimated_from_source_maf	11842894						20000	0.01	0.5	1.0763	0.0693185	opengwasdb@a0656c0d073875c17088972b24cbb9568c0467a2	
GCST90274784	GCST90274784	passed		source		1.03693	estimated_from_source_maf	11853818						20000	0.01	0.5	1.03693	0.0670104	opengwasdb@a0656c0d073875c17088972b24cbb9568c0467a2	
GCST90274785	GCST90274785	passed		source		1.04102	estimated_from_source_maf	11850232						20000	0.01	0.5	1.04102	0.069334	opengwasdb@a0656c0d073875c17088972b24cbb9568c0467a2	
GCST90274786	GCST90274786	passed		source		1.07763	estimated_from_source_maf	11845341						20000	0.01	0.5	1.07763	0.0693381	opengwasdb@a0656c0d073875c17088972b24cbb9568c0467a2	
GCST90274787	GCST90274787	passed		source		1.08076	estimated_from_source_maf	11845483						20000	0.01	0.5	1.08076	0.0697969	opengwasdb@a0656c0d073875c17088972b24cbb9568c0467a2	
GCST90274788	GCST90274788	passed		source		1.08164	estimated_from_source_maf	11844964						20000	0.01	0.5	1.08164	0.0698833	opengwasdb@a0656c0d073875c17088972b24cbb9568c0467a2	
GCST90274789	GCST90274789	passed		source		1.04508	estimated_from_source_maf	11847011						20000	0.01	0.5	1.04508	0.0750897	opengwasdb@a0656c0d073875c17088972b24cbb9568c0467a2	
GCST90274790	GCST90274790	passed		source		1.035	estimated_from_source_maf	11551613						20000	0.01	0.5	1.035	0.0784804	opengwasdb@a0656c0d073875c17088972b24cbb9568c0467a2	
GCST90274791	GCST90274791	passed		source		1.06701	estimated_from_source_maf	11846504						20000	0.01	0.5	1.06701	0.0701028	opengwasdb@a0656c0d073875c17088972b24cbb9568c0467a2	
GCST90274792	GCST90274792	passed		source		1.05506	estimated_from_source_maf	11845434						20000	0.01	0.5	1.05506	0.071643	opengwasdb@a0656c0d073875c17088972b24cbb9568c0467a2	
GCST90274793	GCST90274793	passed		source		1.05422	estimated_from_source_maf	11850953						20000	0.01	0.5	1.05422	0.0725888	opengwasdb@a0656c0d073875c17088972b24cbb9568c0467a2	
GCST90274794	GCST90274794	passed		source		1.04985	estimated_from_source_maf	11548887						20000	0.01	0.5	1.04985	0.0730385	opengwasdb@a0656c0d073875c17088972b24cbb9568c0467a2	
GCST90274795	GCST90274795	passed		source		1.07571	estimated_from_source_maf	11843557						20000	0.01	0.5	1.07571	0.0700359	opengwasdb@a0656c0d073875c17088972b24cbb9568c0467a2	
GCST90274796	GCST90274796	passed		source		1.06191	estimated_from_source_maf	11548613						20000	0.01	0.5	1.06191	0.0663976	opengwasdb@a0656c0d073875c17088972b24cbb9568c0467a2	
GCST90274797	GCST90274797	passed		source		1.04641	estimated_from_source_maf	11845834						20000	0.01	0.5	1.04641	0.074639	opengwasdb@a0656c0d073875c17088972b24cbb9568c0467a2	
GCST90274798	GCST90274798	passed		source		1.0698	estimated_from_source_maf	11844690						20000	0.01	0.5	1.0698	0.0681355	opengwasdb@a0656c0d073875c17088972b24cbb9568c0467a2	
GCST90274799	GCST90274799	passed		source		1.06123	estimated_from_source_maf	11549906						20000	0.01	0.5	1.06123	0.065974	opengwasdb@a0656c0d073875c17088972b24cbb9568c0467a2	
GCST90274800	GCST90274800	passed		source		1.04042	estimated_from_source_maf	11548737						20000	0.01	0.5	1.04042	0.0796711	opengwasdb@a0656c0d073875c17088972b24cbb9568c0467a2	
GCST90274801	GCST90274801	passed		source		1.06048	estimated_from_source_maf	11548725						20000	0.01	0.5	1.06048	0.0658972	opengwasdb@a0656c0d073875c17088972b24cbb9568c0467a2	
GCST90274802	GCST90274802	passed		source		1.0591	estimated_from_source_maf	11548691						20000	0.01	0.5	1.0591	0.0660602	opengwasdb@a0656c0d073875c17088972b24cbb9568c0467a2	
GCST90274803	GCST90274803	passed		source		1.06986	estimated_from_source_maf	11844342						20000	0.01	0.5	1.06986	0.0696147	opengwasdb@a0656c0d073875c17088972b24cbb9568c0467a2	
GCST90274804	GCST90274804	passed		source		1.06817	estimated_from_source_maf	11844086						20000	0.01	0.5	1.06817	0.0704359	opengwasdb@a0656c0d073875c17088972b24cbb9568c0467a2	
GCST90274805	GCST90274805	passed		source		1.06064	estimated_from_source_maf	11547302						20000	0.01	0.5	1.06064	0.0676783	opengwasdb@a0656c0d073875c17088972b24cbb9568c0467a2	
GCST90274806	GCST90274806	passed		source		1.05627	estimated_from_source_maf	11549361						20000	0.01	0.5	1.05627	0.0689925	opengwasdb@a0656c0d073875c17088972b24cbb9568c0467a2	
GCST90274807	GCST90274807	passed		source		1.05104	estimated_from_source_maf	11548240						20000	0.01	0.5	1.05104	0.0734682	opengwasdb@a0656c0d073875c17088972b24cbb9568c0467a2	
GCST90274808	GCST90274808	passed		source		1.06718	estimated_from_source_maf	11547220						20000	0.01	0.5	1.06718	0.0649202	opengwasdb@a0656c0d073875c17088972b24cbb9568c0467a2	
GCST90274809	GCST90274809	passed		source		1.07737	estimated_from_source_maf	11546848						20000	0.01	0.5	1.07737	0.0621214	opengwasdb@a0656c0d073875c17088972b24cbb9568c0467a2	
GCST90274810	GCST90274810	passed		source		1.07428	estimated_from_source_maf	11547578						20000	0.01	0.5	1.07428	0.0623606	opengwasdb@a0656c0d073875c17088972b24cbb9568c0467a2	
GCST90274811	GCST90274811	passed		source		1.05566	estimated_from_source_maf	11548366						20000	0.01	0.5	1.05566	0.0693604	opengwasdb@a0656c0d073875c17088972b24cbb9568c0467a2	
GCST90274812	GCST90274812	passed		source		1.05499	estimated_from_source_maf	11548380						20000	0.01	0.5	1.05499	0.0704322	opengwasdb@a0656c0d073875c17088972b24cbb9568c0467a2	
GCST90274813	GCST90274813	passed		source		1.07353	estimated_from_source_maf	11548150						20000	0.01	0.5	1.07353	0.0626361	opengwasdb@a0656c0d073875c17088972b24cbb9568c0467a2	
GCST90274814	GCST90274814	passed		source		1.0733	estimated_from_source_maf	11548898						20000	0.01	0.5	1.0733	0.0626529	opengwasdb@a0656c0d073875c17088972b24cbb9568c0467a2	
GCST90274815	GCST90274815	passed		source		1.07356	estimated_from_source_maf	11848197						20000	0.01	0.5	1.07356	0.0696667	opengwasdb@a0656c0d073875c17088972b24cbb9568c0467a2	
GCST90274816	GCST90274816	passed		source		1.07446	estimated_from_source_maf	11844661						20000	0.01	0.5	1.07446	0.0699992	opengwasdb@a0656c0d073875c17088972b24cbb9568c0467a2	
GCST90274817	GCST90274817	passed		source		1.07315	estimated_from_source_maf	11850612						20000	0.01	0.5	1.07315	0.0702239	opengwasdb@a0656c0d073875c17088972b24cbb9568c0467a2	
GCST90274818	GCST90274818	passed		source		1.06319	estimated_from_source_maf	11846148						20000	0.01	0.5	1.06319	0.0712935	opengwasdb@a0656c0d073875c17088972b24cbb9568c0467a2	
GCST90274819	GCST90274819	passed		source		1.06007	estimated_from_source_maf	11546957						20000	0.01	0.5	1.06007	0.0681298	opengwasdb@a0656c0d073875c17088972b24cbb9568c0467a2	
GCST90274820	GCST90274820	passed		source		1.03649	estimated_from_source_maf	11547251						20000	0.01	0.5	1.03649	0.0945091	opengwasdb@a0656c0d073875c17088972b24cbb9568c0467a2	
GCST90274821	GCST90274821	passed		source		1.06744	estimated_from_source_maf	11846980						20000	0.01	0.5	1.06744	0.0699765	opengwasdb@a0656c0d073875c17088972b24cbb9568c0467a2	
GCST90274822	GCST90274822	passed		source		1.07659	estimated_from_source_maf	11843379						20000	0.01	0.5	1.07659	0.0690278	opengwasdb@a0656c0d073875c17088972b24cbb9568c0467a2	
GCST90274823	GCST90274823	passed		source		1.07016	estimated_from_source_maf	11553243						20000	0.01	0.5	1.07016	0.0617322	opengwasdb@a0656c0d073875c17088972b24cbb9568c0467a2	
GCST90274824	GCST90274824	passed		source		1.06894	estimated_from_source_maf	11845599						20000	0.01	0.5	1.06894	0.0697592	opengwasdb@a0656c0d073875c17088972b24cbb9568c0467a2	
GCST90274825	GCST90274825	passed		source		1.06833	estimated_from_source_maf	11847907						20000	0.01	0.5	1.06833	0.0694823	opengwasdb@a0656c0d073875c17088972b24cbb9568c0467a2	
GCST90274826	GCST90274826	passed		source		1.08193	estimated_from_source_maf	11841992						20000	0.01	0.5	1.08193	0.0690758	opengwasdb@a0656c0d073875c17088972b24cbb9568c0467a2	
GCST90274827	GCST90274827	passed		source		1.07476	estimated_from_source_maf	11843276						20000	0.01	0.5	1.07476	0.0693779	opengwasdb@a0656c0d073875c17088972b24cbb9568c0467a2	
GCST90274828	GCST90274828	passed		source		1.05465	estimated_from_source_maf	11548496						20000	0.01	0.5	1.05465	0.0700102	opengwasdb@a0656c0d073875c17088972b24cbb9568c0467a2	
GCST90274829	GCST90274829	passed		source		1.06135	estimated_from_source_maf	11845426						20000	0.01	0.5	1.06135	0.0729767	opengwasdb@a0656c0d073875c17088972b24cbb9568c0467a2	
GCST90274830	GCST90274830	passed		source		1.02516	estimated_from_source_maf	11855771						20000	0.01	0.5	1.02516	0.0707448	opengwasdb@a0656c0d073875c17088972b24cbb9568c0467a2	
GCST90274831	GCST90274831	passed		source		1.07782	estimated_from_source_maf	11844451						20000	0.01	0.5	1.07782	0.068997	opengwasdb@a0656c0d073875c17088972b24cbb9568c0467a2	
GCST90274832	GCST90274832	passed		source		1.05607	estimated_from_source_maf	11843424						20000	0.01	0.5	1.05607	0.0712757	opengwasdb@a0656c0d073875c17088972b24cbb9568c0467a2	
GCST90274833	GCST90274833	passed		source		1.06539	estimated_from_source_maf	11846015						20000	0.01	0.5	1.06539	0.0682054	opengwasdb@a0656c0d073875c17088972b24cbb9568c0467a2	
GCST90274834	GCST90274834	passed		source		1.07229	estimated_from_source_maf	11845213						20000	0.01	0.5	1.07229	0.0696768	opengwasdb@a0656c0d073875c17088972b24cbb9568c0467a2	
GCST90274835	GCST90274835	passed		source		1.07064	estimated_from_source_maf	11843282						20000	0.01	0.5	1.07064	0.0692432	opengwasdb@a0656c0d073875c17088972b24cbb9568c0467a2	
GCST90274836	GCST90274836	passed		source		1.08191	estimated_from_source_maf	11547056						20000	0.01	0.5	1.08191	0.0603959	opengwasdb@a0656c0d073875c17088972b24cbb9568c0467a2	
GCST90274837	GCST90274837	passed		source		1.06326	estimated_from_source_maf	11845575						20000	0.01	0.5	1.06326	0.070993	opengwasdb@a0656c0d073875c17088972b24cbb9568c0467a2	
GCST90274838	GCST90274838	passed		source		1.06863	estimated_from_source_maf	11846366						20000	0.01	0.5	1.06863	0.0691037	opengwasdb@a0656c0d073875c17088972b24cbb9568c0467a2	
GCST90274839	GCST90274839	passed		source		1.06171	estimated_from_source_maf	11549004						20000	0.01	0.5	1.06171	0.0659372	opengwasdb@a0656c0d073875c17088972b24cbb9568c0467a2	
GCST90274840	GCST90274840	passed		source		1.07008	estimated_from_source_maf	11547167						20000	0.01	0.5	1.07008	0.0632121	opengwasdb@a0656c0d073875c17088972b24cbb9568c0467a2	
GCST90274841	GCST90274841	passed		source		1.06334	estimated_from_source_maf	11546797						20000	0.01	0.5	1.06334	0.0646186	opengwasdb@a0656c0d073875c17088972b24cbb9568c0467a2	
GCST90274842	GCST90274842	passed		source		1.07138	estimated_from_source_maf	11549008						20000	0.01	0.5	1.07138	0.0626038	opengwasdb@a0656c0d073875c17088972b24cbb9568c0467a2	
GCST90274843	GCST90274843	passed		source		1.06393	estimated_from_source_maf	11842861						20000	0.01	0.5	1.06393	0.0707943	opengwasdb@a0656c0d073875c17088972b24cbb9568c0467a2	
GCST90274844	GCST90274844	passed		source		1.0706	estimated_from_source_maf	11845428						20000	0.01	0.5	1.0706	0.0688701	opengwasdb@a0656c0d073875c17088972b24cbb9568c0467a2	
GCST90274845	GCST90274845	passed		source		1.07333	estimated_from_source_maf	11547479						20000	0.01	0.5	1.07333	0.0631704	opengwasdb@a0656c0d073875c17088972b24cbb9568c0467a2	
GCST90274846	GCST90274846	passed		source		1.05913	estimated_from_source_maf	11843378						20000	0.01	0.5	1.05913	0.0720839	opengwasdb@a0656c0d073875c17088972b24cbb9568c0467a2	
GCST90274847	GCST90274847	passed		source		1.05804	estimated_from_source_maf	11843713						20000	0.01	0.5	1.05804	0.0728275	opengwasdb@a0656c0d073875c17088972b24cbb9568c0467a2	
GCST90274848	GCST90274848	passed		source		1.06734	estimated_from_source_maf	11849473						20000	0.01	0.5	1.06734	0.0693928	opengwasdb@a0656c0d073875c17088972b24cbb9568c0467a2	
GCST90275041	GCST90275041	skipped	non_quantitative_effect_scale				binary_trait								0.01	0.5			opengwasdb@a0656c0d073875c17088972b24cbb9568c0467a2	case-control effect scale; phenotype-SD estimation not applicable
GCST90275044	GCST90275044	skipped	non_quantitative_effect_scale				binary_trait								0.01	0.5			opengwasdb@a0656c0d073875c17088972b24cbb9568c0467a2	case-control effect scale; phenotype-SD estimation not applicable
GCST90275047	GCST90275047	skipped	non_quantitative_effect_scale				binary_trait								0.01	0.5			opengwasdb@a0656c0d073875c17088972b24cbb9568c0467a2	case-control effect scale; phenotype-SD estimation not applicable
GCST90275050	GCST90275050	skipped	non_quantitative_effect_scale				binary_trait								0.01	0.5			opengwasdb@a0656c0d073875c17088972b24cbb9568c0467a2	case-control effect scale; phenotype-SD estimation not applicable
GCST90275127	GCST90275127	skipped	non_quantitative_effect_scale				binary_trait								0.01	0.5			opengwasdb@a0656c0d073875c17088972b24cbb9568c0467a2	case-control effect scale; phenotype-SD estimation not applicable
GCST90275135	GCST90275135	passed		source		0.78212	estimated_from_source_maf	8654572						20000	0.01	0.5	0.78212	0.0102579	opengwasdb@a0656c0d073875c17088972b24cbb9568c0467a2	
GCST90275136	GCST90275136	passed		source		0.784549	estimated_from_source_maf	8654572						20000	0.01	0.5	0.784549	0.0102897	opengwasdb@a0656c0d073875c17088972b24cbb9568c0467a2	
GCST90275137	GCST90275137	passed		source		0.790997	estimated_from_source_maf	8654572						20000	0.01	0.5	0.790997	0.0103713	opengwasdb@a0656c0d073875c17088972b24cbb9568c0467a2	
GCST90275138	GCST90275138	passed		source		0.82937	estimated_from_source_maf	8653851						20000	0.01	0.5	0.82937	0.0108837	opengwasdb@a0656c0d073875c17088972b24cbb9568c0467a2	
GCST90275139	GCST90275139	passed		source		0.841468	estimated_from_source_maf	8653851						20000	0.01	0.5	0.841468	0.0110432	opengwasdb@a0656c0d073875c17088972b24cbb9568c0467a2	
GCST90275140	GCST90275140	passed		source		0.853403	estimated_from_source_maf	8653851						20000	0.01	0.5	0.853403	0.0112055	opengwasdb@a0656c0d073875c17088972b24cbb9568c0467a2	
GCST90275141	GCST90275141	passed		source		0.350553	estimated_from_source_maf	8653706						20000	0.01	0.5	0.350553	0.00455626	opengwasdb@a0656c0d073875c17088972b24cbb9568c0467a2	
GCST90275142	GCST90275142	passed		source		0.364753	estimated_from_source_maf	8653706						20000	0.01	0.5	0.364753	0.00474214	opengwasdb@a0656c0d073875c17088972b24cbb9568c0467a2	
GCST90275143	GCST90275143	passed		source		0.367224	estimated_from_source_maf	8653706						20000	0.01	0.5	0.367224	0.00477447	opengwasdb@a0656c0d073875c17088972b24cbb9568c0467a2	
GCST90275144	GCST90275144	passed		source		0.701203	estimated_from_source_maf	8653116						20000	0.01	0.5	0.701203	0.00898737	opengwasdb@a0656c0d073875c17088972b24cbb9568c0467a2	
GCST90275145	GCST90275145	passed		source		0.725913	estimated_from_source_maf	8653116						20000	0.01	0.5	0.725913	0.0093036	opengwasdb@a0656c0d073875c17088972b24cbb9568c0467a2	
GCST90275146	GCST90275146	passed		source		0.725911	estimated_from_source_maf	8653116						20000	0.01	0.5	0.725911	0.00930573	opengwasdb@a0656c0d073875c17088972b24cbb9568c0467a2	
GCST90275147	GCST90275147	skipped	non_quantitative_effect_scale				binary_trait								0.01	0.5			opengwasdb@a0656c0d073875c17088972b24cbb9568c0467a2	case-control effect scale; phenotype-SD estimation not applicable
GCST90275148	GCST90275148	skipped	non_quantitative_effect_scale				binary_trait								0.01	0.5			opengwasdb@a0656c0d073875c17088972b24cbb9568c0467a2	case-control effect scale; phenotype-SD estimation not applicable
GCST90275149	GCST90275149	skipped	non_quantitative_effect_scale				binary_trait								0.01	0.5			opengwasdb@a0656c0d073875c17088972b24cbb9568c0467a2	case-control effect scale; phenotype-SD estimation not applicable
GCST90275150	GCST90275150	skipped	non_quantitative_effect_scale				binary_trait								0.01	0.5			opengwasdb@a0656c0d073875c17088972b24cbb9568c0467a2	case-control effect scale; phenotype-SD estimation not applicable
GCST90275151	GCST90275151	skipped	non_quantitative_effect_scale				binary_trait								0.01	0.5			opengwasdb@a0656c0d073875c17088972b24cbb9568c0467a2	case-control effect scale; phenotype-SD estimation not applicable
GCST90275152	GCST90275152	skipped	non_quantitative_effect_scale				binary_trait								0.01	0.5			opengwasdb@a0656c0d073875c17088972b24cbb9568c0467a2	case-control effect scale; phenotype-SD estimation not applicable
GCST90275153	GCST90275153	skipped	non_quantitative_effect_scale				binary_trait								0.01	0.5			opengwasdb@a0656c0d073875c17088972b24cbb9568c0467a2	case-control effect scale; phenotype-SD estimation not applicable
GCST90275154	GCST90275154	skipped	non_quantitative_effect_scale				binary_trait								0.01	0.5			opengwasdb@a0656c0d073875c17088972b24cbb9568c0467a2	case-control effect scale; phenotype-SD estimation not applicable
GCST90275155	GCST90275155	skipped	non_quantitative_effect_scale				binary_trait								0.01	0.5			opengwasdb@a0656c0d073875c17088972b24cbb9568c0467a2	case-control effect scale; phenotype-SD estimation not applicable
GCST90275156	GCST90275156	skipped	non_quantitative_effect_scale				binary_trait								0.01	0.5			opengwasdb@a0656c0d073875c17088972b24cbb9568c0467a2	case-control effect scale; phenotype-SD estimation not applicable
GCST90275157	GCST90275157	skipped	non_quantitative_effect_scale				binary_trait								0.01	0.5			opengwasdb@a0656c0d073875c17088972b24cbb9568c0467a2	case-control effect scale; phenotype-SD estimation not applicable
GCST90275158	GCST90275158	skipped	non_quantitative_effect_scale				binary_trait								0.01	0.5			opengwasdb@a0656c0d073875c17088972b24cbb9568c0467a2	case-control effect scale; phenotype-SD estimation not applicable
GCST90275159	GCST90275159	skipped	non_quantitative_effect_scale				binary_trait								0.01	0.5			opengwasdb@a0656c0d073875c17088972b24cbb9568c0467a2	case-control effect scale; phenotype-SD estimation not applicable
GCST90275160	GCST90275160	skipped	non_quantitative_effect_scale				binary_trait								0.01	0.5			opengwasdb@a0656c0d073875c17088972b24cbb9568c0467a2	case-control effect scale; phenotype-SD estimation not applicable
GCST90275161	GCST90275161	skipped	non_quantitative_effect_scale				binary_trait								0.01	0.5			opengwasdb@a0656c0d073875c17088972b24cbb9568c0467a2	case-control effect scale; phenotype-SD estimation not applicable
GCST90275162	GCST90275162	skipped	non_quantitative_effect_scale				binary_trait								0.01	0.5			opengwasdb@a0656c0d073875c17088972b24cbb9568c0467a2	case-control effect scale; phenotype-SD estimation not applicable
GCST90275163	GCST90275163	skipped	non_quantitative_effect_scale				binary_trait								0.01	0.5			opengwasdb@a0656c0d073875c17088972b24cbb9568c0467a2	case-control effect scale; phenotype-SD estimation not applicable
GCST90275164	GCST90275164	skipped	non_quantitative_effect_scale				binary_trait								0.01	0.5			opengwasdb@a0656c0d073875c17088972b24cbb9568c0467a2	case-control effect scale; phenotype-SD estimation not applicable
GCST90275165	GCST90275165	skipped	non_quantitative_effect_scale				binary_trait								0.01	0.5			opengwasdb@a0656c0d073875c17088972b24cbb9568c0467a2	case-control effect scale; phenotype-SD estimation not applicable
GCST90275166	GCST90275166	skipped	non_quantitative_effect_scale				binary_trait								0.01	0.5			opengwasdb@a0656c0d073875c17088972b24cbb9568c0467a2	case-control effect scale; phenotype-SD estimation not applicable
GCST90275189	GCST90275189	passed		source		0.360166	estimated_from_source_maf	6986224						20000	0.01	0.5	0.360166	0.0883336	opengwasdb@a0656c0d073875c17088972b24cbb9568c0467a2	
GCST90275190	GCST90275190	passed		source		0.254036	estimated_from_source_maf	5988685						20000	0.01	0.5	0.254036	0.0519152	opengwasdb@a0656c0d073875c17088972b24cbb9568c0467a2	
GCST90275191	GCST90275191	passed		source		0.245207	estimated_from_source_maf	5313981						20000	0.01	0.5	0.245207	0.0536643	opengwasdb@a0656c0d073875c17088972b24cbb9568c0467a2	
GCST90275192	GCST90275192	passed		source		2.13922	estimated_from_source_maf	9504631						20000	0.01	0.5	2.13922	0.0834881	opengwasdb@a0656c0d073875c17088972b24cbb9568c0467a2	
GCST90275193	GCST90275193	passed		source		1.61108	estimated_from_source_maf	9504631						20000	0.01	0.5	1.61108	0.0524886	opengwasdb@a0656c0d073875c17088972b24cbb9568c0467a2	
GCST90275194	GCST90275194	passed		source		1.6125	estimated_from_source_maf	9504631						20000	0.01	0.5	1.6125	0.0512027	opengwasdb@a0656c0d073875c17088972b24cbb9568c0467a2	
GCST90275195	GCST90275195	passed		source		1.35946	estimated_from_source_maf	9504631						20000	0.01	0.5	1.35946	0.0492281	opengwasdb@a0656c0d073875c17088972b24cbb9568c0467a2	
GCST90275196	GCST90275196	passed		source		1.33366	estimated_from_source_maf	9504631						20000	0.01	0.5	1.33366	0.0403418	opengwasdb@a0656c0d073875c17088972b24cbb9568c0467a2	
GCST90275197	GCST90275197	passed		source		0.363856	estimated_from_source_maf	6981096						20000	0.01	0.5	0.363856	0.0890783	opengwasdb@a0656c0d073875c17088972b24cbb9568c0467a2	
GCST90275198	GCST90275198	passed		source		0.257225	estimated_from_source_maf	5993008						20000	0.01	0.5	0.257225	0.0527943	opengwasdb@a0656c0d073875c17088972b24cbb9568c0467a2	
GCST90275199	GCST90275199	passed		source		0.248514	estimated_from_source_maf	5320644						20000	0.01	0.5	0.248514	0.054139	opengwasdb@a0656c0d073875c17088972b24cbb9568c0467a2	
GCST90275731	GCST90275731	passed		source		1.18091	estimated_from_source_maf	7650792						20000	0.01	0.5	1.18091	0.0203672	opengwasdb@a0656c0d073875c17088972b24cbb9568c0467a2	
GCST90275732	GCST90275732	passed		source		1.0667	estimated_from_source_maf	7650792						20000	0.01	0.5	1.0667	0.0184119	opengwasdb@a0656c0d073875c17088972b24cbb9568c0467a2	
GCST90275733	GCST90275733	passed		source		1.08738	estimated_from_source_maf	7650792						20000	0.01	0.5	1.08738	0.018797	opengwasdb@a0656c0d073875c17088972b24cbb9568c0467a2	
GCST90275734	GCST90275734	passed		source		1.02699	estimated_from_source_maf	7650792						20000	0.01	0.5	1.02699	0.0177394	opengwasdb@a0656c0d073875c17088972b24cbb9568c0467a2	
GCST90275735	GCST90275735	passed		source		1.07823	estimated_from_source_maf	7650792						20000	0.01	0.5	1.07823	0.0186195	opengwasdb@a0656c0d073875c17088972b24cbb9568c0467a2	
GCST90275736	GCST90275736	passed		source		1.2033	estimated_from_source_maf	7650792						20000	0.01	0.5	1.2033	0.0207237	opengwasdb@a0656c0d073875c17088972b24cbb9568c0467a2	
GCST90275737	GCST90275737	passed		source		0.868453	estimated_from_source_maf	7650792						20000	0.01	0.5	0.868453	0.0149744	opengwasdb@a0656c0d073875c17088972b24cbb9568c0467a2	
GCST90275738	GCST90275738	passed		source		0.859986	estimated_from_source_maf	7650792						20000	0.01	0.5	0.859986	0.0148674	opengwasdb@a0656c0d073875c17088972b24cbb9568c0467a2	
GCST90275739	GCST90275739	passed		source		1.00353	estimated_from_source_maf	7650792						20000	0.01	0.5	1.00353	0.0173222	opengwasdb@a0656c0d073875c17088972b24cbb9568c0467a2	
GCST90275740	GCST90275740	passed		source		0.999761	estimated_from_source_maf	7650792						20000	0.01	0.5	0.999761	0.0172531	opengwasdb@a0656c0d073875c17088972b24cbb9568c0467a2	
GCST90275741	GCST90275741	passed		source		0.992832	estimated_from_source_maf	7650792						20000	0.01	0.5	0.992832	0.0171549	opengwasdb@a0656c0d073875c17088972b24cbb9568c0467a2	
GCST90275742	GCST90275742	passed		source		0.991223	estimated_from_source_maf	7650792						20000	0.01	0.5	0.991223	0.0170964	opengwasdb@a0656c0d073875c17088972b24cbb9568c0467a2	
GCST90275743	GCST90275743	passed		source		0.965845	estimated_from_source_maf	7650792						20000	0.01	0.5	0.965845	0.0166513	opengwasdb@a0656c0d073875c17088972b24cbb9568c0467a2	
GCST90275744	GCST90275744	passed		source		1.03059	estimated_from_source_maf	7650792						20000	0.01	0.5	1.03059	0.0177819	opengwasdb@a0656c0d073875c17088972b24cbb9568c0467a2	
GCST90275745	GCST90275745	passed		source		0.995775	estimated_from_source_maf	7650792						20000	0.01	0.5	0.995775	0.017252	opengwasdb@a0656c0d073875c17088972b24cbb9568c0467a2	
GCST90275746	GCST90275746	passed		source		1.20444	estimated_from_source_maf	7650792						20000	0.01	0.5	1.20444	0.0207809	opengwasdb@a0656c0d073875c17088972b24cbb9568c0467a2	
GCST90275747	GCST90275747	passed		source		1.02543	estimated_from_source_maf	7650792						20000	0.01	0.5	1.02543	0.0177059	opengwasdb@a0656c0d073875c17088972b24cbb9568c0467a2	
GCST90275748	GCST90275748	passed		source		1.01708	estimated_from_source_maf	7650792						20000	0.01	0.5	1.01708	0.0175556	opengwasdb@a0656c0d073875c17088972b24cbb9568c0467a2	
GCST90275749	GCST90275749	passed		source		0.959359	estimated_from_source_maf	7650792						20000	0.01	0.5	0.959359	0.0165712	opengwasdb@a0656c0d073875c17088972b24cbb9568c0467a2	
GCST90275750	GCST90275750	passed		source		1.00458	estimated_from_source_maf	7650792						20000	0.01	0.5	1.00458	0.0173203	opengwasdb@a0656c0d073875c17088972b24cbb9568c0467a2	
GCST90275751	GCST90275751	passed		source		0.952275	estimated_from_source_maf	7650792						20000	0.01	0.5	0.952275	0.016434	opengwasdb@a0656c0d073875c17088972b24cbb9568c0467a2	
GCST90275752	GCST90275752	passed		source		1.1556	estimated_from_source_maf	7650792						20000	0.01	0.5	1.1556	0.0199194	opengwasdb@a0656c0d073875c17088972b24cbb9568c0467a2	
GCST90275753	GCST90275753	passed		source		0.877216	estimated_from_source_maf	7650792						20000	0.01	0.5	0.877216	0.0151347	opengwasdb@a0656c0d073875c17088972b24cbb9568c0467a2	
GCST90275754	GCST90275754	passed		source		1.00441	estimated_from_source_maf	7650792						20000	0.01	0.5	1.00441	0.017327	opengwasdb@a0656c0d073875c17088972b24cbb9568c0467a2	
GCST90275755	GCST90275755	passed		source		0.919627	estimated_from_source_maf	7650792						20000	0.01	0.5	0.919627	0.0158644	opengwasdb@a0656c0d073875c17088972b24cbb9568c0467a2	
GCST90275756	GCST90275756	passed		source		1.1198	estimated_from_source_maf	7650792						20000	0.01	0.5	1.1198	0.0193207	opengwasdb@a0656c0d073875c17088972b24cbb9568c0467a2	
GCST90275757	GCST90275757	passed		source		0.905265	estimated_from_source_maf	7650792						20000	0.01	0.5	0.905265	0.0156385	opengwasdb@a0656c0d073875c17088972b24cbb9568c0467a2	
GCST90275758	GCST90275758	passed		source		1.22222	estimated_from_source_maf	7650792						20000	0.01	0.5	1.22222	0.0210984	opengwasdb@a0656c0d073875c17088972b24cbb9568c0467a2	
GCST90275759	GCST90275759	passed		source		0.643954	estimated_from_source_maf	7650792						20000	0.01	0.5	0.643954	0.0110916	opengwasdb@a0656c0d073875c17088972b24cbb9568c0467a2	
GCST90275760	GCST90275760	passed		source		0.79473	estimated_from_source_maf	7650792						20000	0.01	0.5	0.79473	0.0137148	opengwasdb@a0656c0d073875c17088972b24cbb9568c0467a2	
GCST90275761	GCST90275761	passed		source		1.20743	estimated_from_source_maf	7650792						20000	0.01	0.5	1.20743	0.0208366	opengwasdb@a0656c0d073875c17088972b24cbb9568c0467a2	
GCST90275762	GCST90275762	passed		source		1.14794	estimated_from_source_maf	7650792						20000	0.01	0.5	1.14794	0.0198199	opengwasdb@a0656c0d073875c17088972b24cbb9568c0467a2	
GCST90275763	GCST90275763	passed		source		1.14323	estimated_from_source_maf	7650792						20000	0.01	0.5	1.14323	0.0197173	opengwasdb@a0656c0d073875c17088972b24cbb9568c0467a2	
GCST90275764	GCST90275764	passed		source		1.12176	estimated_from_source_maf	7650792						20000	0.01	0.5	1.12176	0.0193739	opengwasdb@a0656c0d073875c17088972b24cbb9568c0467a2	
GCST90275765	GCST90275765	passed		source		1.13398	estimated_from_source_maf	7650792						20000	0.01	0.5	1.13398	0.0195212	opengwasdb@a0656c0d073875c17088972b24cbb9568c0467a2	
GCST90275766	GCST90275766	passed		source		1.19989	estimated_from_source_maf	7650792						20000	0.01	0.5	1.19989	0.0207033	opengwasdb@a0656c0d073875c17088972b24cbb9568c0467a2	
GCST90275767	GCST90275767	passed		source		0.867538	estimated_from_source_maf	7650792						20000	0.01	0.5	0.867538	0.0149617	opengwasdb@a0656c0d073875c17088972b24cbb9568c0467a2	
GCST90275768	GCST90275768	passed		source		0.846365	estimated_from_source_maf	7650792						20000	0.01	0.5	0.846365	0.0145958	opengwasdb@a0656c0d073875c17088972b24cbb9568c0467a2	
GCST90275769	GCST90275769	passed		source		0.982998	estimated_from_source_maf	7650792						20000	0.01	0.5	0.982998	0.0169794	opengwasdb@a0656c0d073875c17088972b24cbb9568c0467a2	
GCST90275770	GCST90275770	passed		source		0.975049	estimated_from_source_maf	7650792						20000	0.01	0.5	0.975049	0.0168006	opengwasdb@a0656c0d073875c17088972b24cbb9568c0467a2	
GCST90275771	GCST90275771	passed		source		1.03362	estimated_from_source_maf	7650792						20000	0.01	0.5	1.03362	0.0178259	opengwasdb@a0656c0d073875c17088972b24cbb9568c0467a2	
GCST90275772	GCST90275772	passed		source		1.03246	estimated_from_source_maf	7650792						20000	0.01	0.5	1.03246	0.0178046	opengwasdb@a0656c0d073875c17088972b24cbb9568c0467a2	
GCST90275773	GCST90275773	passed		source		1.03294	estimated_from_source_maf	7650792						20000	0.01	0.5	1.03294	0.0178414	opengwasdb@a0656c0d073875c17088972b24cbb9568c0467a2	
GCST90275774	GCST90275774	passed		source		1.07628	estimated_from_source_maf	7650792						20000	0.01	0.5	1.07628	0.0185708	opengwasdb@a0656c0d073875c17088972b24cbb9568c0467a2	
GCST90275775	GCST90275775	passed		source		0.994481	estimated_from_source_maf	7650792						20000	0.01	0.5	0.994481	0.0171558	opengwasdb@a0656c0d073875c17088972b24cbb9568c0467a2	
GCST90275776	GCST90275776	passed		source		1.19669	estimated_from_source_maf	7650792						20000	0.01	0.5	1.19669	0.0206522	opengwasdb@a0656c0d073875c17088972b24cbb9568c0467a2	
GCST90275777	GCST90275777	passed		source		1.02096	estimated_from_source_maf	7650792						20000	0.01	0.5	1.02096	0.0176164	opengwasdb@a0656c0d073875c17088972b24cbb9568c0467a2	
GCST90275778	GCST90275778	passed		source		1.00693	estimated_from_source_maf	7650792						20000	0.01	0.5	1.00693	0.0173918	opengwasdb@a0656c0d073875c17088972b24cbb9568c0467a2	
GCST90275779	GCST90275779	passed		source		0.953034	estimated_from_source_maf	7650792						20000	0.01	0.5	0.953034	0.0164633	opengwasdb@a0656c0d073875c17088972b24cbb9568c0467a2	
GCST90275780	GCST90275780	passed		source		1.02391	estimated_from_source_maf	7650792						20000	0.01	0.5	1.02391	0.0176298	opengwasdb@a0656c0d073875c17088972b24cbb9568c0467a2	
GCST90275781	GCST90275781	passed		source		0.982074	estimated_from_source_maf	7650792						20000	0.01	0.5	0.982074	0.016938	opengwasdb@a0656c0d073875c17088972b24cbb9568c0467a2	
GCST90275782	GCST90275782	passed		source		1.17936	estimated_from_source_maf	7650792						20000	0.01	0.5	1.17936	0.0203245	opengwasdb@a0656c0d073875c17088972b24cbb9568c0467a2	
GCST90275783	GCST90275783	passed		source		0.872242	estimated_from_source_maf	7650792						20000	0.01	0.5	0.872242	0.0150386	opengwasdb@a0656c0d073875c17088972b24cbb9568c0467a2	
GCST90275784	GCST90275784	passed		source		0.928395	estimated_from_source_maf	7650792						20000	0.01	0.5	0.928395	0.0159973	opengwasdb@a0656c0d073875c17088972b24cbb9568c0467a2	
GCST90275785	GCST90275785	passed		source		1.02119	estimated_from_source_maf	7650792						20000	0.01	0.5	1.02119	0.0175835	opengwasdb@a0656c0d073875c17088972b24cbb9568c0467a2	
GCST90275786	GCST90275786	passed		source		1.13338	estimated_from_source_maf	7650792						20000	0.01	0.5	1.13338	0.019561	opengwasdb@a0656c0d073875c17088972b24cbb9568c0467a2	
GCST90275787	GCST90275787	passed		source		0.917196	estimated_from_source_maf	7650792						20000	0.01	0.5	0.917196	0.0158408	opengwasdb@a0656c0d073875c17088972b24cbb9568c0467a2	
GCST90275788	GCST90275788	passed		source		1.23618	estimated_from_source_maf	7650792						20000	0.01	0.5	1.23618	0.0213406	opengwasdb@a0656c0d073875c17088972b24cbb9568c0467a2	
GCST90275789	GCST90275789	passed		source		0.753569	estimated_from_source_maf	7650792						20000	0.01	0.5	0.753569	0.0129889	opengwasdb@a0656c0d073875c17088972b24cbb9568c0467a2	
GCST90275790	GCST90275790	passed		source		0.832632	estimated_from_source_maf	7650792						20000	0.01	0.5	0.832632	0.014361	opengwasdb@a0656c0d073875c17088972b24cbb9568c0467a2	
GCST90276157	GCST90276157	skipped	non_quantitative_effect_scale				binary_trait								0.01	0.5			opengwasdb@a0656c0d073875c17088972b24cbb9568c0467a2	case-control effect scale; phenotype-SD estimation not applicable
GCST90276158	GCST90276158	skipped	non_quantitative_effect_scale				binary_trait								0.01	0.5			opengwasdb@a0656c0d073875c17088972b24cbb9568c0467a2	case-control effect scale; phenotype-SD estimation not applicable
GCST90276159	GCST90276159	skipped	non_quantitative_effect_scale				binary_trait								0.01	0.5			opengwasdb@a0656c0d073875c17088972b24cbb9568c0467a2	case-control effect scale; phenotype-SD estimation not applicable
GCST90276160	GCST90276160	skipped	non_quantitative_effect_scale				binary_trait								0.01	0.5			opengwasdb@a0656c0d073875c17088972b24cbb9568c0467a2	case-control effect scale; phenotype-SD estimation not applicable
GCST90277450	GCST90277450	passed		source		0.788486	estimated_from_source_maf	626750						20000	0.01	0.5	0.788486	0.129649	opengwasdb@a0656c0d073875c17088972b24cbb9568c0467a2	
GCST90277451	GCST90277451	passed		source		0.784493	estimated_from_source_maf	626750						20000	0.01	0.5	0.784493	0.129031	opengwasdb@a0656c0d073875c17088972b24cbb9568c0467a2	
GCST90277452	GCST90277452	passed		source		0.773462	estimated_from_source_maf	626750						20000	0.01	0.5	0.773462	0.126825	opengwasdb@a0656c0d073875c17088972b24cbb9568c0467a2	
GCST90278455	GCST90278455	passed		source		2.47873	estimated_from_source_maf	8334213						20000	0.01	0.5	2.47873	0.20024	opengwasdb@a0656c0d073875c17088972b24cbb9568c0467a2	
GCST90278456	GCST90278456	passed		source		2.40741	estimated_from_source_maf	9077560						20000	0.01	0.5	2.40741	0.124449	opengwasdb@a0656c0d073875c17088972b24cbb9568c0467a2	
GCST90278508	GCST90278508	passed		source		0.993772	estimated_from_source_maf	8174572						20000	0.01	0.5	0.993772	0.00310871	opengwasdb@a0656c0d073875c17088972b24cbb9568c0467a2	
GCST90278509	GCST90278509	passed		source		0.997837	estimated_from_source_maf	8168196						20000	0.01	0.5	0.997837	0.00311516	opengwasdb@a0656c0d073875c17088972b24cbb9568c0467a2	
GCST90278510	GCST90278510	passed		source		0.997897	estimated_from_source_maf	8166818						20000	0.01	0.5	0.997897	0.00313685	opengwasdb@a0656c0d073875c17088972b24cbb9568c0467a2	
GCST90278511	GCST90278511	passed		source		0.997102	estimated_from_source_maf	8170331						20000	0.01	0.5	0.997102	0.00310667	opengwasdb@a0656c0d073875c17088972b24cbb9568c0467a2	
GCST90278512	GCST90278512	passed		source		0.998097	estimated_from_source_maf	8170917						20000	0.01	0.5	0.998097	0.00308713	opengwasdb@a0656c0d073875c17088972b24cbb9568c0467a2	
GCST90278513	GCST90278513	passed		source		0.997214	estimated_from_source_maf	8172790						20000	0.01	0.5	0.997214	0.00309584	opengwasdb@a0656c0d073875c17088972b24cbb9568c0467a2	
GCST90278514	GCST90278514	passed		source		0.996155	estimated_from_source_maf	8166568						20000	0.01	0.5	0.996155	0.00309148	opengwasdb@a0656c0d073875c17088972b24cbb9568c0467a2	
GCST90278515	GCST90278515	passed		source		0.998724	estimated_from_source_maf	8164107						20000	0.01	0.5	0.998724	0.00308151	opengwasdb@a0656c0d073875c17088972b24cbb9568c0467a2	
GCST90278516	GCST90278516	passed		source		0.999976	estimated_from_source_maf	8168053						20000	0.01	0.5	0.999976	0.00310416	opengwasdb@a0656c0d073875c17088972b24cbb9568c0467a2	
GCST90278517	GCST90278517	passed		source		1.00021	estimated_from_source_maf	8167085						20000	0.01	0.5	1.00021	0.00309442	opengwasdb@a0656c0d073875c17088972b24cbb9568c0467a2	
GCST90278518	GCST90278518	passed		source		1.00101	estimated_from_source_maf	8170446						20000	0.01	0.5	1.00101	0.0030857	opengwasdb@a0656c0d073875c17088972b24cbb9568c0467a2	
GCST90278519	GCST90278519	passed		source		0.991358	estimated_from_source_maf	8168418						20000	0.01	0.5	0.991358	0.00308288	opengwasdb@a0656c0d073875c17088972b24cbb9568c0467a2	
GCST90281037	GCST90281037	skipped	non_quantitative_effect_scale				binary_trait								0.01	0.5			opengwasdb@a0656c0d073875c17088972b24cbb9568c0467a2	case-control effect scale; phenotype-SD estimation not applicable
GCST90281038	GCST90281038	passed		source		2.19412	estimated_from_source_maf	613332						20000	0.01	0.5	2.19412	0.16864	opengwasdb@a0656c0d073875c17088972b24cbb9568c0467a2	
GCST90281041	GCST90281041	passed		source		1.00225	estimated_from_source_maf	5190802						20000	0.01	0.5	1.00225	0.00199449	opengwasdb@a0656c0d073875c17088972b24cbb9568c0467a2	
GCST90281042	GCST90281042	passed		source		1.00374	estimated_from_source_maf	5190802						20000	0.01	0.5	1.00374	0.00199785	opengwasdb@a0656c0d073875c17088972b24cbb9568c0467a2	
GCST90281046	GCST90281046	skipped	non_quantitative_effect_scale				binary_trait								0.01	0.5			opengwasdb@a0656c0d073875c17088972b24cbb9568c0467a2	case-control effect scale; phenotype-SD estimation not applicable
GCST90281047	GCST90281047	skipped	non_quantitative_effect_scale				binary_trait								0.01	0.5			opengwasdb@a0656c0d073875c17088972b24cbb9568c0467a2	case-control effect scale; phenotype-SD estimation not applicable
GCST90281048	GCST90281048	skipped	non_quantitative_effect_scale				binary_trait								0.01	0.5			opengwasdb@a0656c0d073875c17088972b24cbb9568c0467a2	case-control effect scale; phenotype-SD estimation not applicable
GCST90281049	GCST90281049	skipped	non_quantitative_effect_scale				binary_trait								0.01	0.5			opengwasdb@a0656c0d073875c17088972b24cbb9568c0467a2	case-control effect scale; phenotype-SD estimation not applicable
GCST90281050	GCST90281050	skipped	non_quantitative_effect_scale				binary_trait								0.01	0.5			opengwasdb@a0656c0d073875c17088972b24cbb9568c0467a2	case-control effect scale; phenotype-SD estimation not applicable
GCST90281051	GCST90281051	skipped	non_quantitative_effect_scale				binary_trait								0.01	0.5			opengwasdb@a0656c0d073875c17088972b24cbb9568c0467a2	case-control effect scale; phenotype-SD estimation not applicable
GCST90281155	GCST90281155	skipped	non_quantitative_effect_scale				binary_trait								0.01	0.5			opengwasdb@a0656c0d073875c17088972b24cbb9568c0467a2	case-control effect scale; phenotype-SD estimation not applicable
GCST90281156	GCST90281156	skipped	non_quantitative_effect_scale				binary_trait								0.01	0.5			opengwasdb@a0656c0d073875c17088972b24cbb9568c0467a2	case-control effect scale; phenotype-SD estimation not applicable
GCST90281157	GCST90281157	skipped	non_quantitative_effect_scale				binary_trait								0.01	0.5			opengwasdb@a0656c0d073875c17088972b24cbb9568c0467a2	case-control effect scale; phenotype-SD estimation not applicable
GCST90281158	GCST90281158	skipped	non_quantitative_effect_scale				binary_trait								0.01	0.5			opengwasdb@a0656c0d073875c17088972b24cbb9568c0467a2	case-control effect scale; phenotype-SD estimation not applicable
GCST90281159	GCST90281159	skipped	non_quantitative_effect_scale				binary_trait								0.01	0.5			opengwasdb@a0656c0d073875c17088972b24cbb9568c0467a2	case-control effect scale; phenotype-SD estimation not applicable
GCST90281160	GCST90281160	skipped	non_quantitative_effect_scale				binary_trait								0.01	0.5			opengwasdb@a0656c0d073875c17088972b24cbb9568c0467a2	case-control effect scale; phenotype-SD estimation not applicable
GCST90281161	GCST90281161	skipped	non_quantitative_effect_scale				binary_trait								0.01	0.5			opengwasdb@a0656c0d073875c17088972b24cbb9568c0467a2	case-control effect scale; phenotype-SD estimation not applicable
GCST90281162	GCST90281162	skipped	non_quantitative_effect_scale				binary_trait								0.01	0.5			opengwasdb@a0656c0d073875c17088972b24cbb9568c0467a2	case-control effect scale; phenotype-SD estimation not applicable
GCST90281163	GCST90281163	skipped	non_quantitative_effect_scale				binary_trait								0.01	0.5			opengwasdb@a0656c0d073875c17088972b24cbb9568c0467a2	case-control effect scale; phenotype-SD estimation not applicable
GCST90281164	GCST90281164	skipped	non_quantitative_effect_scale				binary_trait								0.01	0.5			opengwasdb@a0656c0d073875c17088972b24cbb9568c0467a2	case-control effect scale; phenotype-SD estimation not applicable
GCST90281165	GCST90281165	skipped	non_quantitative_effect_scale				binary_trait								0.01	0.5			opengwasdb@a0656c0d073875c17088972b24cbb9568c0467a2	case-control effect scale; phenotype-SD estimation not applicable
GCST90281166	GCST90281166	skipped	non_quantitative_effect_scale				binary_trait								0.01	0.5			opengwasdb@a0656c0d073875c17088972b24cbb9568c0467a2	case-control effect scale; phenotype-SD estimation not applicable
GCST90281167	GCST90281167	skipped	non_quantitative_effect_scale				binary_trait								0.01	0.5			opengwasdb@a0656c0d073875c17088972b24cbb9568c0467a2	case-control effect scale; phenotype-SD estimation not applicable
GCST90281168	GCST90281168	skipped	non_quantitative_effect_scale				binary_trait								0.01	0.5			opengwasdb@a0656c0d073875c17088972b24cbb9568c0467a2	case-control effect scale; phenotype-SD estimation not applicable
GCST90281169	GCST90281169	skipped	non_quantitative_effect_scale				binary_trait								0.01	0.5			opengwasdb@a0656c0d073875c17088972b24cbb9568c0467a2	case-control effect scale; phenotype-SD estimation not applicable
GCST90281170	GCST90281170	skipped	non_quantitative_effect_scale				binary_trait								0.01	0.5			opengwasdb@a0656c0d073875c17088972b24cbb9568c0467a2	case-control effect scale; phenotype-SD estimation not applicable
GCST90281171	GCST90281171	skipped	non_quantitative_effect_scale				binary_trait								0.01	0.5			opengwasdb@a0656c0d073875c17088972b24cbb9568c0467a2	case-control effect scale; phenotype-SD estimation not applicable
GCST90281172	GCST90281172	skipped	non_quantitative_effect_scale				binary_trait								0.01	0.5			opengwasdb@a0656c0d073875c17088972b24cbb9568c0467a2	case-control effect scale; phenotype-SD estimation not applicable
GCST90281173	GCST90281173	skipped	non_quantitative_effect_scale				binary_trait								0.01	0.5			opengwasdb@a0656c0d073875c17088972b24cbb9568c0467a2	case-control effect scale; phenotype-SD estimation not applicable
GCST90281174	GCST90281174	skipped	non_quantitative_effect_scale				binary_trait								0.01	0.5			opengwasdb@a0656c0d073875c17088972b24cbb9568c0467a2	case-control effect scale; phenotype-SD estimation not applicable
GCST90281175	GCST90281175	skipped	non_quantitative_effect_scale				binary_trait								0.01	0.5			opengwasdb@a0656c0d073875c17088972b24cbb9568c0467a2	case-control effect scale; phenotype-SD estimation not applicable
GCST90281176	GCST90281176	skipped	non_quantitative_effect_scale				binary_trait								0.01	0.5			opengwasdb@a0656c0d073875c17088972b24cbb9568c0467a2	case-control effect scale; phenotype-SD estimation not applicable
GCST90281177	GCST90281177	skipped	non_quantitative_effect_scale				binary_trait								0.01	0.5			opengwasdb@a0656c0d073875c17088972b24cbb9568c0467a2	case-control effect scale; phenotype-SD estimation not applicable
GCST90281178	GCST90281178	skipped	non_quantitative_effect_scale				binary_trait								0.01	0.5			opengwasdb@a0656c0d073875c17088972b24cbb9568c0467a2	case-control effect scale; phenotype-SD estimation not applicable
GCST90281179	GCST90281179	skipped	non_quantitative_effect_scale				binary_trait								0.01	0.5			opengwasdb@a0656c0d073875c17088972b24cbb9568c0467a2	case-control effect scale; phenotype-SD estimation not applicable
GCST90281180	GCST90281180	skipped	non_quantitative_effect_scale				binary_trait								0.01	0.5			opengwasdb@a0656c0d073875c17088972b24cbb9568c0467a2	case-control effect scale; phenotype-SD estimation not applicable
GCST90281181	GCST90281181	skipped	non_quantitative_effect_scale				binary_trait								0.01	0.5			opengwasdb@a0656c0d073875c17088972b24cbb9568c0467a2	case-control effect scale; phenotype-SD estimation not applicable
GCST90281182	GCST90281182	skipped	non_quantitative_effect_scale				binary_trait								0.01	0.5			opengwasdb@a0656c0d073875c17088972b24cbb9568c0467a2	case-control effect scale; phenotype-SD estimation not applicable
GCST90281183	GCST90281183	skipped	non_quantitative_effect_scale				binary_trait								0.01	0.5			opengwasdb@a0656c0d073875c17088972b24cbb9568c0467a2	case-control effect scale; phenotype-SD estimation not applicable
GCST90281192	GCST90281192	passed		source		1.02395	estimated_from_source_maf	10889946						20000	0.01	0.5	1.02395	0.0127958	opengwasdb@a0656c0d073875c17088972b24cbb9568c0467a2	
GCST90281195	GCST90281195	passed		source		0.998638	estimated_from_source_maf	10889661						20000	0.01	0.5	0.998638	0.0124613	opengwasdb@a0656c0d073875c17088972b24cbb9568c0467a2	
GCST90281198	GCST90281198	passed		source		0.986263	estimated_from_source_maf	10889989						20000	0.01	0.5	0.986263	0.0123908	opengwasdb@a0656c0d073875c17088972b24cbb9568c0467a2	
GCST90281200	GCST90281200	passed		source		0.983966	estimated_from_source_maf	10890060						20000	0.01	0.5	0.983966	0.0124051	opengwasdb@a0656c0d073875c17088972b24cbb9568c0467a2	
GCST90281215	GCST90281215	passed		source		0.997945	estimated_from_source_maf	10890028						20000	0.01	0.5	0.997945	0.0123529	opengwasdb@a0656c0d073875c17088972b24cbb9568c0467a2	
GCST90281217	GCST90281217	passed		source		0.992336	estimated_from_source_maf	10890187						20000	0.01	0.5	0.992336	0.0123153	opengwasdb@a0656c0d073875c17088972b24cbb9568c0467a2	
GCST90281224	GCST90281224	passed		source		0.988611	estimated_from_source_maf	10890085						20000	0.01	0.5	0.988611	0.0122696	opengwasdb@a0656c0d073875c17088972b24cbb9568c0467a2	
GCST90281226	GCST90281226	passed		source		1.00142	estimated_from_source_maf	10889920						20000	0.01	0.5	1.00142	0.0123801	opengwasdb@a0656c0d073875c17088972b24cbb9568c0467a2	
GCST90281227	GCST90281227	passed		source		0.980204	estimated_from_source_maf	10890218						20000	0.01	0.5	0.980204	0.0121812	opengwasdb@a0656c0d073875c17088972b24cbb9568c0467a2	
GCST90281230	GCST90281230	passed		source		0.992301	estimated_from_source_maf	10889919						20000	0.01	0.5	0.992301	0.012592	opengwasdb@a0656c0d073875c17088972b24cbb9568c0467a2	
GCST90281231	GCST90281231	passed		source		0.997813	estimated_from_source_maf	10890017						20000	0.01	0.5	0.997813	0.0124722	opengwasdb@a0656c0d073875c17088972b24cbb9568c0467a2	
GCST90281240	GCST90281240	passed		source		0.983605	estimated_from_source_maf	10890301						20000	0.01	0.5	0.983605	0.0121474	opengwasdb@a0656c0d073875c17088972b24cbb9568c0467a2	
GCST90281242	GCST90281242	passed		source		0.995038	estimated_from_source_maf	10890085						20000	0.01	0.5	0.995038	0.0123111	opengwasdb@a0656c0d073875c17088972b24cbb9568c0467a2	
GCST90281245	GCST90281245	passed		source		1.00985	estimated_from_source_maf	10890104						20000	0.01	0.5	1.00985	0.0124897	opengwasdb@a0656c0d073875c17088972b24cbb9568c0467a2	
GCST90281250	GCST90281250	passed		source		1.0145	estimated_from_source_maf	10890258						20000	0.01	0.5	1.0145	0.0125368	opengwasdb@a0656c0d073875c17088972b24cbb9568c0467a2	
GCST90281252	GCST90281252	passed		source		1.02393	estimated_from_source_maf	10890000						20000	0.01	0.5	1.02393	0.0127677	opengwasdb@a0656c0d073875c17088972b24cbb9568c0467a2	
GCST90281254	GCST90281254	passed		source		1.02852	estimated_from_source_maf	10890189						20000	0.01	0.5	1.02852	0.0128263	opengwasdb@a0656c0d073875c17088972b24cbb9568c0467a2	
GCST90281263	GCST90281263	passed		source		0.57188	estimated_from_source_maf	11166545						20000	0.01	0.5	0.57188	0.0053044	opengwasdb@a0656c0d073875c17088972b24cbb9568c0467a2	
GCST90281264	GCST90281264	passed		source		0.502533	estimated_from_source_maf	11166545						20000	0.01	0.5	0.502533	0.00466489	opengwasdb@a0656c0d073875c17088972b24cbb9568c0467a2	
GCST90281265	GCST90281265	passed		source		0.535058	estimated_from_source_maf	11166545						20000	0.01	0.5	0.535058	0.00496629	opengwasdb@a0656c0d073875c17088972b24cbb9568c0467a2	
GCST90281266	GCST90281266	passed		source		0.500592	estimated_from_source_maf	11166545						20000	0.01	0.5	0.500592	0.00465023	opengwasdb@a0656c0d073875c17088972b24cbb9568c0467a2	
GCST90281273	GCST90281273	skipped	non_quantitative_effect_scale				binary_trait								0.01	0.5			opengwasdb@a0656c0d073875c17088972b24cbb9568c0467a2	case-control effect scale; phenotype-SD estimation not applicable
GCST90281274	GCST90281274	passed		source		0.9044	estimated_from_source_maf	7156799						20000	0.01	0.5	0.9044	0.0134273	opengwasdb@a0656c0d073875c17088972b24cbb9568c0467a2	
GCST90281365	GCST90281365	passed		source		0.994837	estimated_from_source_maf	10255724						20000	0.01	0.5	0.994837	0.011247	opengwasdb@a0656c0d073875c17088972b24cbb9568c0467a2	
GCST90292488	GCST90292488	passed		source		3.39401	estimated_from_source_maf	1347351						20000	0.01	0.5	3.39401	0.071284	opengwasdb@a0656c0d073875c17088972b24cbb9568c0467a2	
GCST90292521	GCST90292521	skipped	non_quantitative_effect_scale				binary_trait								0.01	0.5			opengwasdb@a0656c0d073875c17088972b24cbb9568c0467a2	case-control effect scale; phenotype-SD estimation not applicable
GCST90292522	GCST90292522	skipped	non_quantitative_effect_scale				binary_trait								0.01	0.5			opengwasdb@a0656c0d073875c17088972b24cbb9568c0467a2	case-control effect scale; phenotype-SD estimation not applicable
GCST90292523	GCST90292523	skipped	non_quantitative_effect_scale				binary_trait								0.01	0.5			opengwasdb@a0656c0d073875c17088972b24cbb9568c0467a2	case-control effect scale; phenotype-SD estimation not applicable
GCST90292524	GCST90292524	skipped	non_quantitative_effect_scale				binary_trait								0.01	0.5			opengwasdb@a0656c0d073875c17088972b24cbb9568c0467a2	case-control effect scale; phenotype-SD estimation not applicable
GCST90292525	GCST90292525	skipped	non_quantitative_effect_scale				binary_trait								0.01	0.5			opengwasdb@a0656c0d073875c17088972b24cbb9568c0467a2	case-control effect scale; phenotype-SD estimation not applicable
GCST90292526	GCST90292526	skipped	non_quantitative_effect_scale				binary_trait								0.01	0.5			opengwasdb@a0656c0d073875c17088972b24cbb9568c0467a2	case-control effect scale; phenotype-SD estimation not applicable
GCST90292538	GCST90292538	skipped	non_quantitative_effect_scale				binary_trait								0.01	0.5			opengwasdb@a0656c0d073875c17088972b24cbb9568c0467a2	case-control effect scale; phenotype-SD estimation not applicable
GCST90292553	GCST90292553	passed		source		0.60214	estimated_from_source_maf	7773837						20000	0.01	0.5	0.60214	0.259008	opengwasdb@a0656c0d073875c17088972b24cbb9568c0467a2	
GCST90292604	GCST90292604	passed		source		1.05655	estimated_from_source_maf	9833682						20000	0.01	0.5	1.05655	0.00211716	opengwasdb@a0656c0d073875c17088972b24cbb9568c0467a2	
GCST90293085	GCST90293085	passed		source		0.656535	estimated_from_source_maf	2187074						20000	0.01	0.5	0.656535	0.0426351	opengwasdb@a0656c0d073875c17088972b24cbb9568c0467a2	
GCST90293086	GCST90293086	passed		source		0.595393	estimated_from_source_maf	2473253						20000	0.01	0.5	0.595393	0.0269495	opengwasdb@a0656c0d073875c17088972b24cbb9568c0467a2	
GCST90295917	GCST90295917	skipped	non_quantitative_effect_scale				binary_trait								0.01	0.5			opengwasdb@a0656c0d073875c17088972b24cbb9568c0467a2	case-control effect scale; phenotype-SD estimation not applicable
GCST90295922	GCST90295922	skipped	non_quantitative_effect_scale				binary_trait								0.01	0.5			opengwasdb@a0656c0d073875c17088972b24cbb9568c0467a2	case-control effect scale; phenotype-SD estimation not applicable
GCST90295945	GCST90295945	skipped	non_quantitative_effect_scale				binary_trait								0.01	0.5			opengwasdb@a0656c0d073875c17088972b24cbb9568c0467a2	case-control effect scale; phenotype-SD estimation not applicable
GCST90295946	GCST90295946	skipped	non_quantitative_effect_scale				binary_trait								0.01	0.5			opengwasdb@a0656c0d073875c17088972b24cbb9568c0467a2	case-control effect scale; phenotype-SD estimation not applicable
GCST90295949	GCST90295949	passed		source		1.14517	estimated_from_source_maf	9233174						20000	0.01	0.5	1.14517	0.00329009	opengwasdb@a0656c0d073875c17088972b24cbb9568c0467a2	
GCST90295950	GCST90295950	passed		source		1.05655	estimated_from_source_maf	9232847						20000	0.01	0.5	1.05655	0.00321241	opengwasdb@a0656c0d073875c17088972b24cbb9568c0467a2	
GCST90295951	GCST90295951	passed		source		1.04802	estimated_from_source_maf	9233161						20000	0.01	0.5	1.04802	0.00313488	opengwasdb@a0656c0d073875c17088972b24cbb9568c0467a2	
GCST90295971	GCST90295971	passed		source		1.41318	estimated_from_source_maf	9051765						20000	0.01	0.5	1.41318	0.0422484	opengwasdb@a0656c0d073875c17088972b24cbb9568c0467a2	
GCST90296096	GCST90296096	skipped	non_quantitative_effect_scale				binary_trait								0.01	0.5			opengwasdb@a0656c0d073875c17088972b24cbb9568c0467a2	case-control effect scale; phenotype-SD estimation not applicable
GCST90296097	GCST90296097	skipped	non_quantitative_effect_scale				binary_trait								0.01	0.5			opengwasdb@a0656c0d073875c17088972b24cbb9568c0467a2	case-control effect scale; phenotype-SD estimation not applicable
GCST90296098	GCST90296098	skipped	non_quantitative_effect_scale				binary_trait								0.01	0.5			opengwasdb@a0656c0d073875c17088972b24cbb9568c0467a2	case-control effect scale; phenotype-SD estimation not applicable
GCST90296333	GCST90296333	passed		source		1.09425	estimated_from_source_maf	11081512						20000	0.01	0.5	1.09425	0.0322408	opengwasdb@a0656c0d073875c17088972b24cbb9568c0467a2	
GCST90296484	GCST90296484	skipped	non_quantitative_effect_scale				binary_trait								0.01	0.5			opengwasdb@a0656c0d073875c17088972b24cbb9568c0467a2	case-control effect scale; phenotype-SD estimation not applicable
GCST90296499	GCST90296499	passed		source		1.49646	estimated_from_source_maf	9845494						20000	0.01	0.5	1.49646	0.0878674	opengwasdb@a0656c0d073875c17088972b24cbb9568c0467a2	
GCST90296636	GCST90296636	passed		source		0.769854	estimated_from_source_maf	7747670						20000	0.01	0.5	0.769854	0.00725587	opengwasdb@a0656c0d073875c17088972b24cbb9568c0467a2	
GCST90296637	GCST90296637	passed		source		0.777009	estimated_from_source_maf	7747670						20000	0.01	0.5	0.777009	0.0327446	opengwasdb@a0656c0d073875c17088972b24cbb9568c0467a2	
GCST90296638	GCST90296638	passed		source		0.776137	estimated_from_source_maf	7747670						20000	0.01	0.5	0.776137	0.028364	opengwasdb@a0656c0d073875c17088972b24cbb9568c0467a2	
GCST90296639	GCST90296639	passed		source		0.697431	estimated_from_source_maf	7747670						20000	0.01	0.5	0.697431	0.00668984	opengwasdb@a0656c0d073875c17088972b24cbb9568c0467a2	
GCST90296640	GCST90296640	passed		source		0.70446	estimated_from_source_maf	7747670						20000	0.01	0.5	0.70446	0.0299089	opengwasdb@a0656c0d073875c17088972b24cbb9568c0467a2	
GCST90296641	GCST90296641	passed		source		0.70469	estimated_from_source_maf	7747670						20000	0.01	0.5	0.70469	0.0258883	opengwasdb@a0656c0d073875c17088972b24cbb9568c0467a2	
GCST90296642	GCST90296642	passed		source		0.735125	estimated_from_source_maf	7747670						20000	0.01	0.5	0.735125	0.00695009	opengwasdb@a0656c0d073875c17088972b24cbb9568c0467a2	
GCST90296643	GCST90296643	passed		source		0.741122	estimated_from_source_maf	7747670						20000	0.01	0.5	0.741122	0.0311882	opengwasdb@a0656c0d073875c17088972b24cbb9568c0467a2	
GCST90296644	GCST90296644	passed		source		0.74179	estimated_from_source_maf	7747670						20000	0.01	0.5	0.74179	0.0271491	opengwasdb@a0656c0d073875c17088972b24cbb9568c0467a2	
GCST90296645	GCST90296645	passed		source		0.699716	estimated_from_source_maf	7747670						20000	0.01	0.5	0.699716	0.00666166	opengwasdb@a0656c0d073875c17088972b24cbb9568c0467a2	
GCST90296646	GCST90296646	passed		source		0.70664	estimated_from_source_maf	7747670						20000	0.01	0.5	0.70664	0.0298636	opengwasdb@a0656c0d073875c17088972b24cbb9568c0467a2	
GCST90296647	GCST90296647	passed		source		0.706872	estimated_from_source_maf	7747670						20000	0.01	0.5	0.706872	0.0258091	opengwasdb@a0656c0d073875c17088972b24cbb9568c0467a2	
GCST90296648	GCST90296648	passed		source		0.746637	estimated_from_source_maf	7747670						20000	0.01	0.5	0.746637	0.0069871	opengwasdb@a0656c0d073875c17088972b24cbb9568c0467a2	
GCST90296649	GCST90296649	passed		source		0.750879	estimated_from_source_maf	7747670						20000	0.01	0.5	0.750879	0.0317026	opengwasdb@a0656c0d073875c17088972b24cbb9568c0467a2	
GCST90296650	GCST90296650	passed		source		0.748167	estimated_from_source_maf	7747670						20000	0.01	0.5	0.748167	0.0272222	opengwasdb@a0656c0d073875c17088972b24cbb9568c0467a2	
GCST90296651	GCST90296651	passed		source		0.717056	estimated_from_source_maf	7747670						20000	0.01	0.5	0.717056	0.00677933	opengwasdb@a0656c0d073875c17088972b24cbb9568c0467a2	
GCST90296652	GCST90296652	passed		source		0.724036	estimated_from_source_maf	7747670						20000	0.01	0.5	0.724036	0.0304554	opengwasdb@a0656c0d073875c17088972b24cbb9568c0467a2	
GCST90296653	GCST90296653	passed		source		0.724369	estimated_from_source_maf	7747670						20000	0.01	0.5	0.724369	0.0263853	opengwasdb@a0656c0d073875c17088972b24cbb9568c0467a2	
GCST90296654	GCST90296654	passed		source		0.757833	estimated_from_source_maf	7747670						20000	0.01	0.5	0.757833	0.00710879	opengwasdb@a0656c0d073875c17088972b24cbb9568c0467a2	
GCST90296655	GCST90296655	passed		source		0.76529	estimated_from_source_maf	7747670						20000	0.01	0.5	0.76529	0.0321504	opengwasdb@a0656c0d073875c17088972b24cbb9568c0467a2	
GCST90296656	GCST90296656	passed		source		0.765496	estimated_from_source_maf	7747670						20000	0.01	0.5	0.765496	0.0279504	opengwasdb@a0656c0d073875c17088972b24cbb9568c0467a2	
GCST90296657	GCST90296657	passed		source		0.593828	estimated_from_source_maf	7747670						20000	0.01	0.5	0.593828	0.00555108	opengwasdb@a0656c0d073875c17088972b24cbb9568c0467a2	
GCST90296658	GCST90296658	passed		source		0.599633	estimated_from_source_maf	7747670						20000	0.01	0.5	0.599633	0.0252183	opengwasdb@a0656c0d073875c17088972b24cbb9568c0467a2	
GCST90296659	GCST90296659	passed		source		0.599792	estimated_from_source_maf	7747670						20000	0.01	0.5	0.599792	0.021915	opengwasdb@a0656c0d073875c17088972b24cbb9568c0467a2	
GCST90296666	GCST90296666	skipped	non_quantitative_effect_scale				binary_trait								0.01	0.5			opengwasdb@a0656c0d073875c17088972b24cbb9568c0467a2	case-control effect scale; phenotype-SD estimation not applicable
GCST90296696	GCST90296696	skipped	non_quantitative_effect_scale				binary_trait								0.01	0.5			opengwasdb@a0656c0d073875c17088972b24cbb9568c0467a2	case-control effect scale; phenotype-SD estimation not applicable
GCST90296697	GCST90296697	skipped	non_quantitative_effect_scale				binary_trait								0.01	0.5			opengwasdb@a0656c0d073875c17088972b24cbb9568c0467a2	case-control effect scale; phenotype-SD estimation not applicable
GCST90296698	GCST90296698	skipped	non_quantitative_effect_scale				binary_trait								0.01	0.5			opengwasdb@a0656c0d073875c17088972b24cbb9568c0467a2	case-control effect scale; phenotype-SD estimation not applicable
GCST90296699	GCST90296699	skipped	non_quantitative_effect_scale				binary_trait								0.01	0.5			opengwasdb@a0656c0d073875c17088972b24cbb9568c0467a2	case-control effect scale; phenotype-SD estimation not applicable
GCST90296700	GCST90296700	skipped	non_quantitative_effect_scale				binary_trait								0.01	0.5			opengwasdb@a0656c0d073875c17088972b24cbb9568c0467a2	case-control effect scale; phenotype-SD estimation not applicable
GCST90297560	GCST90297560	failed	no_qualifying_evidence	source			estimated_from_source_maf	0						0	0.01	0.5			opengwasdb@a0656c0d073875c17088972b24cbb9568c0467a2	unavailable: no_qualifying_evidence
GCST90297561	GCST90297561	failed	no_qualifying_evidence	source			estimated_from_source_maf	0						0	0.01	0.5			opengwasdb@a0656c0d073875c17088972b24cbb9568c0467a2	unavailable: no_qualifying_evidence
GCST90297793	GCST90297793	skipped	non_quantitative_effect_scale				binary_trait								0.01	0.5			opengwasdb@a0656c0d073875c17088972b24cbb9568c0467a2	case-control effect scale; phenotype-SD estimation not applicable
GCST90297795	GCST90297795	skipped	non_quantitative_effect_scale				binary_trait								0.01	0.5			opengwasdb@a0656c0d073875c17088972b24cbb9568c0467a2	case-control effect scale; phenotype-SD estimation not applicable
GCST90301252	GCST90301252	skipped	non_quantitative_effect_scale				binary_trait								0.01	0.5			opengwasdb@a0656c0d073875c17088972b24cbb9568c0467a2	case-control effect scale; phenotype-SD estimation not applicable
GCST90301368	GCST90301368	passed		source		12.3823	estimated_from_source_maf	6564450						20000	0.01	0.5	12.3823	0.0722392	opengwasdb@a0656c0d073875c17088972b24cbb9568c0467a2	
GCST90301369	GCST90301369	passed		source		11.9788	estimated_from_source_maf	6564525						20000	0.01	0.5	11.9788	0.082919	opengwasdb@a0656c0d073875c17088972b24cbb9568c0467a2	
GCST90301370	GCST90301370	passed		source		12.8361	estimated_from_source_maf	6564352						20000	0.01	0.5	12.8361	0.0969793	opengwasdb@a0656c0d073875c17088972b24cbb9568c0467a2	
GCST90301695	GCST90301695	passed		source		0.973844	estimated_from_source_maf	9242765						20000	0.01	0.5	0.973844	0.00299335	opengwasdb@a0656c0d073875c17088972b24cbb9568c0467a2	
GCST90301696	GCST90301696	passed		source		0.977891	estimated_from_source_maf	9242765						20000	0.01	0.5	0.977891	0.00311679	opengwasdb@a0656c0d073875c17088972b24cbb9568c0467a2	
GCST90301697	GCST90301697	passed		source		0.987613	estimated_from_source_maf	9242765						20000	0.01	0.5	0.987613	0.00299234	opengwasdb@a0656c0d073875c17088972b24cbb9568c0467a2	
GCST90301698	GCST90301698	passed		source		0.970067	estimated_from_source_maf	9242765						20000	0.01	0.5	0.970067	0.0030483	opengwasdb@a0656c0d073875c17088972b24cbb9568c0467a2	
GCST90301699	GCST90301699	passed		source		0.971434	estimated_from_source_maf	9242765						20000	0.01	0.5	0.971434	0.00319231	opengwasdb@a0656c0d073875c17088972b24cbb9568c0467a2	
GCST90301700	GCST90301700	passed		source		0.985805	estimated_from_source_maf	9242765						20000	0.01	0.5	0.985805	0.00298876	opengwasdb@a0656c0d073875c17088972b24cbb9568c0467a2	
GCST90301701	GCST90301701	passed		source		0.977351	estimated_from_source_maf	9242765						20000	0.01	0.5	0.977351	0.0029293	opengwasdb@a0656c0d073875c17088972b24cbb9568c0467a2	
GCST90301702	GCST90301702	passed		source		0.981678	estimated_from_source_maf	9242765						20000	0.01	0.5	0.981678	0.00304041	opengwasdb@a0656c0d073875c17088972b24cbb9568c0467a2	
GCST90301703	GCST90301703	passed		source		0.988271	estimated_from_source_maf	9242765						20000	0.01	0.5	0.988271	0.00297303	opengwasdb@a0656c0d073875c17088972b24cbb9568c0467a2	
GCST90301704	GCST90301704	skipped	non_quantitative_effect_scale				binary_trait								0.01	0.5			opengwasdb@a0656c0d073875c17088972b24cbb9568c0467a2	case-control effect scale; phenotype-SD estimation not applicable
GCST90302879	GCST90302879	passed		source		3.62957	estimated_from_source_maf	6352342						20000	0.01	0.5	3.62957	0.104431	opengwasdb@a0656c0d073875c17088972b24cbb9568c0467a2	
GCST90302880	GCST90302880	passed		source		1.07494	estimated_from_source_maf	10546692						20000	0.01	0.5	1.07494	0.00393263	opengwasdb@a0656c0d073875c17088972b24cbb9568c0467a2	
GCST90302881	GCST90302881	skipped	non_quantitative_effect_scale				binary_trait								0.01	0.5			opengwasdb@a0656c0d073875c17088972b24cbb9568c0467a2	case-control effect scale; phenotype-SD estimation not applicable
GCST90302882	GCST90302882	skipped	non_quantitative_effect_scale				binary_trait								0.01	0.5			opengwasdb@a0656c0d073875c17088972b24cbb9568c0467a2	case-control effect scale; phenotype-SD estimation not applicable
GCST90302883	GCST90302883	skipped	non_quantitative_effect_scale				binary_trait								0.01	0.5			opengwasdb@a0656c0d073875c17088972b24cbb9568c0467a2	case-control effect scale; phenotype-SD estimation not applicable
GCST90302884	GCST90302884	skipped	non_quantitative_effect_scale				binary_trait								0.01	0.5			opengwasdb@a0656c0d073875c17088972b24cbb9568c0467a2	case-control effect scale; phenotype-SD estimation not applicable
GCST90302885	GCST90302885	passed		source		2.75995	estimated_from_source_maf	10546904						20000	0.01	0.5	2.75995	0.00998111	opengwasdb@a0656c0d073875c17088972b24cbb9568c0467a2	
GCST90302886	GCST90302886	skipped	non_quantitative_effect_scale				binary_trait								0.01	0.5			opengwasdb@a0656c0d073875c17088972b24cbb9568c0467a2	case-control effect scale; phenotype-SD estimation not applicable
GCST90302887	GCST90302887	skipped	non_quantitative_effect_scale				binary_trait								0.01	0.5			opengwasdb@a0656c0d073875c17088972b24cbb9568c0467a2	case-control effect scale; phenotype-SD estimation not applicable
GCST90302888	GCST90302888	passed		source		0.840819	estimated_from_source_maf	10105083						20000	0.01	0.5	0.840819	0.00282533	opengwasdb@a0656c0d073875c17088972b24cbb9568c0467a2	
GCST90302889	GCST90302889	passed		source		0.94742	estimated_from_source_maf	10105019						20000	0.01	0.5	0.94742	0.00340222	opengwasdb@a0656c0d073875c17088972b24cbb9568c0467a2	
GCST90302890	GCST90302890	passed		source		0.587741	estimated_from_source_maf	10105089						20000	0.01	0.5	0.587741	0.00323072	opengwasdb@a0656c0d073875c17088972b24cbb9568c0467a2	
GCST90302891	GCST90302891	passed		source		0.822647	estimated_from_source_maf	10105073						20000	0.01	0.5	0.822647	0.00303737	opengwasdb@a0656c0d073875c17088972b24cbb9568c0467a2	
GCST90302892	GCST90302892	passed		source		0.423962	estimated_from_source_maf	10105063						20000	0.01	0.5	0.423962	0.00139443	opengwasdb@a0656c0d073875c17088972b24cbb9568c0467a2	
GCST90305767	GCST90305767	passed		source		0.788253	estimated_from_source_maf	7320699						20000	0.01	0.5	0.788253	0.0130195	opengwasdb@a0656c0d073875c17088972b24cbb9568c0467a2	
GCST90308598	GCST90308598	passed		source		0.559038	estimated_from_source_maf	9859284						20000	0.01	0.5	0.559038	0.00166963	opengwasdb@a0656c0d073875c17088972b24cbb9568c0467a2	
GCST90308599	GCST90308599	passed		source		0.685802	estimated_from_source_maf	9859284						20000	0.01	0.5	0.685802	0.00204628	opengwasdb@a0656c0d073875c17088972b24cbb9568c0467a2	
GCST90308600	GCST90308600	passed		source		0.853126	estimated_from_source_maf	9859387						20000	0.01	0.5	0.853126	0.00254712	opengwasdb@a0656c0d073875c17088972b24cbb9568c0467a2	
GCST90308601	GCST90308601	passed		source		0.54021	estimated_from_source_maf	9879370						20000	0.01	0.5	0.54021	0.001708	opengwasdb@a0656c0d073875c17088972b24cbb9568c0467a2	
GCST90308602	GCST90308602	passed		source		0.676356	estimated_from_source_maf	9879370						20000	0.01	0.5	0.676356	0.00214002	opengwasdb@a0656c0d073875c17088972b24cbb9568c0467a2	
GCST90308603	GCST90308603	passed		source		0.809505	estimated_from_source_maf	9879308						20000	0.01	0.5	0.809505	0.00254648	opengwasdb@a0656c0d073875c17088972b24cbb9568c0467a2	
GCST90308604	GCST90308604	warning		source		109.641	estimated_from_source_maf	9880466						20000	0.01	0.5	109.641	0.604865	opengwasdb@a0656c0d073875c17088972b24cbb9568c0467a2	
GCST90308682	GCST90308682	passed		source		1.82082	estimated_from_source_maf	9606987						20000	0.01	0.5	1.82082	0.00606521	opengwasdb@a0656c0d073875c17088972b24cbb9568c0467a2	
GCST90308719	GCST90308719	passed		source		0.433548	estimated_from_source_maf	8439066						20000	0.01	0.5	0.433548	0.0109349	opengwasdb@a0656c0d073875c17088972b24cbb9568c0467a2	
GCST90308774	GCST90308774	passed		source		1.00698	estimated_from_source_maf	8775186						20000	0.01	0.5	1.00698	0.00100573	opengwasdb@a0656c0d073875c17088972b24cbb9568c0467a2	
GCST90309336	GCST90309336	passed		source		1.2733	estimated_from_source_maf	10003474						20000	0.01	0.5	1.2733	0.00540787	opengwasdb@a0656c0d073875c17088972b24cbb9568c0467a2	
GCST90309337	GCST90309337	passed		source		1.01759	estimated_from_source_maf	10003474						20000	0.01	0.5	1.01759	0.00434988	opengwasdb@a0656c0d073875c17088972b24cbb9568c0467a2	
GCST90309338	GCST90309338	passed		source		1.09076	estimated_from_source_maf	10003474						20000	0.01	0.5	1.09076	0.00466075	opengwasdb@a0656c0d073875c17088972b24cbb9568c0467a2	
GCST90309339	GCST90309339	passed		source		0.900203	estimated_from_source_maf	10003474						20000	0.01	0.5	0.900203	0.00259576	opengwasdb@a0656c0d073875c17088972b24cbb9568c0467a2	
GCST90309340	GCST90309340	passed		source		1.17082	estimated_from_source_maf	10003474						20000	0.01	0.5	1.17082	0.0054772	opengwasdb@a0656c0d073875c17088972b24cbb9568c0467a2	
GCST90309341	GCST90309341	passed		source		1.22811	estimated_from_source_maf	10003474						20000	0.01	0.5	1.22811	0.00378871	opengwasdb@a0656c0d073875c17088972b24cbb9568c0467a2	
GCST90309342	GCST90309342	passed		source		1.1218	estimated_from_source_maf	10003474						20000	0.01	0.5	1.1218	0.00336556	opengwasdb@a0656c0d073875c17088972b24cbb9568c0467a2	
GCST90309343	GCST90309343	passed		source		1.03867	estimated_from_source_maf	10003474						20000	0.01	0.5	1.03867	0.00442899	opengwasdb@a0656c0d073875c17088972b24cbb9568c0467a2	
GCST90309344	GCST90309344	passed		source		1.07252	estimated_from_source_maf	10003474						20000	0.01	0.5	1.07252	0.0045065	opengwasdb@a0656c0d073875c17088972b24cbb9568c0467a2	
GCST90309345	GCST90309345	passed		source		1.15061	estimated_from_source_maf	10003474						20000	0.01	0.5	1.15061	0.00331906	opengwasdb@a0656c0d073875c17088972b24cbb9568c0467a2	
GCST90309346	GCST90309346	passed		source		1.08359	estimated_from_source_maf	10003474						20000	0.01	0.5	1.08359	0.00321242	opengwasdb@a0656c0d073875c17088972b24cbb9568c0467a2	
GCST90309347	GCST90309347	passed		source		1.30357	estimated_from_source_maf	10003474						20000	0.01	0.5	1.30357	0.0037444	opengwasdb@a0656c0d073875c17088972b24cbb9568c0467a2	
GCST90309348	GCST90309348	passed		source		1.14069	estimated_from_source_maf	10003474						20000	0.01	0.5	1.14069	0.00328004	opengwasdb@a0656c0d073875c17088972b24cbb9568c0467a2	
GCST90309349	GCST90309349	passed		source		1.16006	estimated_from_source_maf	10003474						20000	0.01	0.5	1.16006	0.00334894	opengwasdb@a0656c0d073875c17088972b24cbb9568c0467a2	
GCST90309350	GCST90309350	passed		source		1.55395	estimated_from_source_maf	10003474						20000	0.01	0.5	1.55395	0.00447854	opengwasdb@a0656c0d073875c17088972b24cbb9568c0467a2	
GCST90309351	GCST90309351	passed		source		1.35099	estimated_from_source_maf	10003474						20000	0.01	0.5	1.35099	0.0063218	opengwasdb@a0656c0d073875c17088972b24cbb9568c0467a2	
GCST90309352	GCST90309352	passed		source		1.3771	estimated_from_source_maf	10003474						20000	0.01	0.5	1.3771	0.00397627	opengwasdb@a0656c0d073875c17088972b24cbb9568c0467a2	
GCST90309353	GCST90309353	passed		source		1.07661	estimated_from_source_maf	10003474						20000	0.01	0.5	1.07661	0.00483146	opengwasdb@a0656c0d073875c17088972b24cbb9568c0467a2	
GCST90309354	GCST90309354	passed		source		1.09979	estimated_from_source_maf	10003474						20000	0.01	0.5	1.09979	0.00316568	opengwasdb@a0656c0d073875c17088972b24cbb9568c0467a2	
GCST90309355	GCST90309355	passed		source		1.11057	estimated_from_source_maf	10003474						20000	0.01	0.5	1.11057	0.0033192	opengwasdb@a0656c0d073875c17088972b24cbb9568c0467a2	
GCST90309356	GCST90309356	passed		source		1.07475	estimated_from_source_maf	10003474						20000	0.01	0.5	1.07475	0.00456691	opengwasdb@a0656c0d073875c17088972b24cbb9568c0467a2	
GCST90309357	GCST90309357	passed		source		1.03049	estimated_from_source_maf	10003474						20000	0.01	0.5	1.03049	0.00297431	opengwasdb@a0656c0d073875c17088972b24cbb9568c0467a2	
GCST90309358	GCST90309358	passed		source		1.32936	estimated_from_source_maf	10003474						20000	0.01	0.5	1.32936	0.00677987	opengwasdb@a0656c0d073875c17088972b24cbb9568c0467a2	
GCST90309359	GCST90309359	passed		source		1.48424	estimated_from_source_maf	10003474						20000	0.01	0.5	1.48424	0.0042758	opengwasdb@a0656c0d073875c17088972b24cbb9568c0467a2	
GCST90309360	GCST90309360	passed		source		1.21836	estimated_from_source_maf	10003474						20000	0.01	0.5	1.21836	0.00615942	opengwasdb@a0656c0d073875c17088972b24cbb9568c0467a2	
GCST90309361	GCST90309361	passed		source		1.35975	estimated_from_source_maf	10003474						20000	0.01	0.5	1.35975	0.00681385	opengwasdb@a0656c0d073875c17088972b24cbb9568c0467a2	
GCST90309362	GCST90309362	passed		source		1.74862	estimated_from_source_maf	10003474						20000	0.01	0.5	1.74862	0.00502614	opengwasdb@a0656c0d073875c17088972b24cbb9568c0467a2	
GCST90309363	GCST90309363	passed		source		1.03844	estimated_from_source_maf	10003474						20000	0.01	0.5	1.03844	0.00298601	opengwasdb@a0656c0d073875c17088972b24cbb9568c0467a2	
GCST90309364	GCST90309364	passed		source		1.16896	estimated_from_source_maf	10003474						20000	0.01	0.5	1.16896	0.00349556	opengwasdb@a0656c0d073875c17088972b24cbb9568c0467a2	
GCST90309365	GCST90309365	passed		source		1.40587	estimated_from_source_maf	10003474						20000	0.01	0.5	1.40587	0.00405229	opengwasdb@a0656c0d073875c17088972b24cbb9568c0467a2	
GCST90309366	GCST90309366	passed		source		1.06086	estimated_from_source_maf	10003474						20000	0.01	0.5	1.06086	0.00474782	opengwasdb@a0656c0d073875c17088972b24cbb9568c0467a2	
GCST90309367	GCST90309367	passed		source		0.710278	estimated_from_source_maf	10003474						20000	0.01	0.5	0.710278	0.00206836	opengwasdb@a0656c0d073875c17088972b24cbb9568c0467a2	
GCST90309368	GCST90309368	passed		source		1.11893	estimated_from_source_maf	10003474						20000	0.01	0.5	1.11893	0.00496115	opengwasdb@a0656c0d073875c17088972b24cbb9568c0467a2	
GCST90309369	GCST90309369	passed		source		1.20874	estimated_from_source_maf	10003474						20000	0.01	0.5	1.20874	0.00352819	opengwasdb@a0656c0d073875c17088972b24cbb9568c0467a2	
GCST90309370	GCST90309370	passed		source		1.27711	estimated_from_source_maf	10003474						20000	0.01	0.5	1.27711	0.00398164	opengwasdb@a0656c0d073875c17088972b24cbb9568c0467a2	
GCST90310293	GCST90310293	skipped	non_quantitative_effect_scale				binary_trait								0.01	0.5			opengwasdb@a0656c0d073875c17088972b24cbb9568c0467a2	case-control effect scale; phenotype-SD estimation not applicable
GCST90310294	GCST90310294	passed		source		17.5416	estimated_from_source_maf	7550174						20000	0.01	0.5	17.5416	0.269061	opengwasdb@a0656c0d073875c17088972b24cbb9568c0467a2	
GCST90310295	GCST90310295	passed		source		10.9028	estimated_from_source_maf	7563961						20000	0.01	0.5	10.9028	0.149494	opengwasdb@a0656c0d073875c17088972b24cbb9568c0467a2	
GCST90310296	GCST90310296	passed		source		12.4973	estimated_from_source_maf	7550137						20000	0.01	0.5	12.4973	0.182322	opengwasdb@a0656c0d073875c17088972b24cbb9568c0467a2	
GCST90315948	GCST90315948	skipped	non_quantitative_effect_scale				binary_trait								0.01	0.5			opengwasdb@a0656c0d073875c17088972b24cbb9568c0467a2	case-control effect scale; phenotype-SD estimation not applicable
GCST90319314	GCST90319314	passed		source		1.80177	estimated_from_source_maf	8715667						20000	0.01	0.5	1.80177	0.00710926	opengwasdb@a0656c0d073875c17088972b24cbb9568c0467a2	
GCST90319315	GCST90319315	passed		source		1.80611	estimated_from_source_maf	7514182						20000	0.01	0.5	1.80611	0.00906241	opengwasdb@a0656c0d073875c17088972b24cbb9568c0467a2	
GCST90319316	GCST90319316	passed		source		1.78952	estimated_from_source_maf	8715366						20000	0.01	0.5	1.78952	0.00708239	opengwasdb@a0656c0d073875c17088972b24cbb9568c0467a2	
GCST90319317	GCST90319317	passed		source		1.80696	estimated_from_source_maf	8716110						20000	0.01	0.5	1.80696	0.00719225	opengwasdb@a0656c0d073875c17088972b24cbb9568c0467a2	
GCST90319318	GCST90319318	passed		source		1.79867	estimated_from_source_maf	8716021						20000	0.01	0.5	1.79867	0.00711613	opengwasdb@a0656c0d073875c17088972b24cbb9568c0467a2	
GCST90319319	GCST90319319	skipped	non_quantitative_effect_scale				binary_trait								0.01	0.5			opengwasdb@a0656c0d073875c17088972b24cbb9568c0467a2	case-control effect scale; phenotype-SD estimation not applicable
GCST90319320	GCST90319320	skipped	non_quantitative_effect_scale				binary_trait								0.01	0.5			opengwasdb@a0656c0d073875c17088972b24cbb9568c0467a2	case-control effect scale; phenotype-SD estimation not applicable
GCST90319321	GCST90319321	passed		source		1.12444	estimated_from_source_maf	10656500						20000	0.01	0.5	1.12444	0.0581619	opengwasdb@a0656c0d073875c17088972b24cbb9568c0467a2	
GCST90319473	GCST90319473	passed		source		0.994169	estimated_from_source_maf	8439066						20000	0.01	0.5	0.994169	0.0260337	opengwasdb@a0656c0d073875c17088972b24cbb9568c0467a2	
GCST90319474	GCST90319474	passed		source		0.652137	estimated_from_source_maf	8439066						20000	0.01	0.5	0.652137	0.0161034	opengwasdb@a0656c0d073875c17088972b24cbb9568c0467a2	
GCST90319475	GCST90319475	passed		source		0.459157	estimated_from_source_maf	8439066						20000	0.01	0.5	0.459157	0.0112704	opengwasdb@a0656c0d073875c17088972b24cbb9568c0467a2	
GCST90319476	GCST90319476	passed		source		0.827848	estimated_from_source_maf	8439066						20000	0.01	0.5	0.827848	0.0204775	opengwasdb@a0656c0d073875c17088972b24cbb9568c0467a2	
GCST90319477	GCST90319477	passed		source		0.763174	estimated_from_source_maf	8439066						20000	0.01	0.5	0.763174	0.0188677	opengwasdb@a0656c0d073875c17088972b24cbb9568c0467a2	
GCST90319478	GCST90319478	passed		source		0.338673	estimated_from_source_maf	8439066						20000	0.01	0.5	0.338673	0.00835043	opengwasdb@a0656c0d073875c17088972b24cbb9568c0467a2	
GCST90319479	GCST90319479	passed		source		0.0949616	estimated_from_source_maf	8439066						20000	0.01	0.5	0.0949616	0.00236783	opengwasdb@a0656c0d073875c17088972b24cbb9568c0467a2	
GCST90319480	GCST90319480	passed		source		0.0656565	estimated_from_source_maf	8439066						20000	0.01	0.5	0.0656565	0.00165721	opengwasdb@a0656c0d073875c17088972b24cbb9568c0467a2	
GCST90319481	GCST90319481	passed		source		0.332309	estimated_from_source_maf	8439066						20000	0.01	0.5	0.332309	0.0105608	opengwasdb@a0656c0d073875c17088972b24cbb9568c0467a2	
GCST90319482	GCST90319482	passed		source		0.0604695	estimated_from_source_maf	8439066						20000	0.01	0.5	0.0604695	0.00148365	opengwasdb@a0656c0d073875c17088972b24cbb9568c0467a2	
GCST90319483	GCST90319483	passed		source		0.573976	estimated_from_source_maf	8439066						20000	0.01	0.5	0.573976	0.0141741	opengwasdb@a0656c0d073875c17088972b24cbb9568c0467a2	
GCST90319484	GCST90319484	passed		source		0.232618	estimated_from_source_maf	8439066						20000	0.01	0.5	0.232618	0.00572853	opengwasdb@a0656c0d073875c17088972b24cbb9568c0467a2	
GCST90319485	GCST90319485	passed		source		0.712143	estimated_from_source_maf	8439066						20000	0.01	0.5	0.712143	0.01968	opengwasdb@a0656c0d073875c17088972b24cbb9568c0467a2	
GCST90319486	GCST90319486	passed		source		0.212793	estimated_from_source_maf	8439066						20000	0.01	0.5	0.212793	0.00525248	opengwasdb@a0656c0d073875c17088972b24cbb9568c0467a2	
GCST90319487	GCST90319487	failed	no_qualifying_evidence	source			estimated_from_source_maf	0						0	0.01	0.5			opengwasdb@a0656c0d073875c17088972b24cbb9568c0467a2	unavailable: no_qualifying_evidence
GCST90319488	GCST90319488	failed	no_qualifying_evidence	source			estimated_from_source_maf	0						0	0.01	0.5			opengwasdb@a0656c0d073875c17088972b24cbb9568c0467a2	unavailable: no_qualifying_evidence
GCST90319489	GCST90319489	failed	no_qualifying_evidence	source			estimated_from_source_maf	0						0	0.01	0.5			opengwasdb@a0656c0d073875c17088972b24cbb9568c0467a2	unavailable: no_qualifying_evidence
GCST90319599	GCST90319599	passed		source		0.0568304	estimated_from_source_maf	7392303						20000	0.01	0.5	0.0568304	0.000104665	opengwasdb@a0656c0d073875c17088972b24cbb9568c0467a2	
GCST90319600	GCST90319600	passed		source		0.269997	estimated_from_source_maf	7394466						20000	0.01	0.5	0.269997	0.000489504	opengwasdb@a0656c0d073875c17088972b24cbb9568c0467a2	
GCST90319601	GCST90319601	passed		source		0.419948	estimated_from_source_maf	7394465						20000	0.01	0.5	0.419948	0.000762634	opengwasdb@a0656c0d073875c17088972b24cbb9568c0467a2	
GCST90319602	GCST90319602	passed		source		0.15689	estimated_from_source_maf	7392157						20000	0.01	0.5	0.15689	0.000289892	opengwasdb@a0656c0d073875c17088972b24cbb9568c0467a2	
GCST90319603	GCST90319603	passed		source		0.2191	estimated_from_source_maf	7394249						20000	0.01	0.5	0.2191	0.000397479	opengwasdb@a0656c0d073875c17088972b24cbb9568c0467a2	
GCST90319604	GCST90319604	passed		source		0.258578	estimated_from_source_maf	7394216						20000	0.01	0.5	0.258578	0.000470894	opengwasdb@a0656c0d073875c17088972b24cbb9568c0467a2	
GCST90319605	GCST90319605	passed		source		0.0398278	estimated_from_source_maf	7392327						20000	0.01	0.5	0.0398278	7.3378e-05	opengwasdb@a0656c0d073875c17088972b24cbb9568c0467a2	
GCST90319606	GCST90319606	passed		source		0.176902	estimated_from_source_maf	7394458						20000	0.01	0.5	0.176902	0.000320915	opengwasdb@a0656c0d073875c17088972b24cbb9568c0467a2	
GCST90319607	GCST90319607	passed		source		0.999303	estimated_from_source_maf	7394317						20000	0.01	0.5	0.999303	0.00181739	opengwasdb@a0656c0d073875c17088972b24cbb9568c0467a2	
GCST90319608	GCST90319608	passed		source		0.166669	estimated_from_source_maf	7394431						20000	0.01	0.5	0.166669	0.000302437	opengwasdb@a0656c0d073875c17088972b24cbb9568c0467a2	
GCST90319609	GCST90319609	passed		source		0.146481	estimated_from_source_maf	7394413						20000	0.01	0.5	0.146481	0.00026584	opengwasdb@a0656c0d073875c17088972b24cbb9568c0467a2	
GCST90319610	GCST90319610	passed		source		0.325362	estimated_from_source_maf	7390552						20000	0.01	0.5	0.325362	0.000615641	opengwasdb@a0656c0d073875c17088972b24cbb9568c0467a2	
GCST90319611	GCST90319611	passed		source		0.571098	estimated_from_source_maf	7394410						20000	0.01	0.5	0.571098	0.00103746	opengwasdb@a0656c0d073875c17088972b24cbb9568c0467a2	
GCST90319612	GCST90319612	passed		source		0.154315	estimated_from_source_maf	7392317						20000	0.01	0.5	0.154315	0.000285119	opengwasdb@a0656c0d073875c17088972b24cbb9568c0467a2	
GCST90319613	GCST90319613	passed		source		0.133079	estimated_from_source_maf	7393028						20000	0.01	0.5	0.133079	0.00024445	opengwasdb@a0656c0d073875c17088972b24cbb9568c0467a2	
GCST90319614	GCST90319614	passed		source		0.222568	estimated_from_source_maf	7392290						20000	0.01	0.5	0.222568	0.000411395	opengwasdb@a0656c0d073875c17088972b24cbb9568c0467a2	
GCST90319615	GCST90319615	passed		source		0.274004	estimated_from_source_maf	7394047						20000	0.01	0.5	0.274004	0.000499472	opengwasdb@a0656c0d073875c17088972b24cbb9568c0467a2	
GCST90319616	GCST90319616	passed		source		0.22419	estimated_from_source_maf	7394294						20000	0.01	0.5	0.22419	0.000407276	opengwasdb@a0656c0d073875c17088972b24cbb9568c0467a2	
GCST90319617	GCST90319617	passed		source		1.13634	estimated_from_source_maf	7390662						20000	0.01	0.5	1.13634	0.00214962	opengwasdb@a0656c0d073875c17088972b24cbb9568c0467a2	
GCST90319618	GCST90319618	passed		source		0.124835	estimated_from_source_maf	7392288						20000	0.01	0.5	0.124835	0.000230415	opengwasdb@a0656c0d073875c17088972b24cbb9568c0467a2	
GCST90319619	GCST90319619	passed		source		0.462766	estimated_from_source_maf	7392112						20000	0.01	0.5	0.462766	0.000855546	opengwasdb@a0656c0d073875c17088972b24cbb9568c0467a2	
GCST90319620	GCST90319620	passed		source		0.466436	estimated_from_source_maf	7391165						20000	0.01	0.5	0.466436	0.000872721	opengwasdb@a0656c0d073875c17088972b24cbb9568c0467a2	
GCST90319621	GCST90319621	passed		source		0.358211	estimated_from_source_maf	7394165						20000	0.01	0.5	0.358211	0.000651337	opengwasdb@a0656c0d073875c17088972b24cbb9568c0467a2	
GCST90319622	GCST90319622	passed		source		0.0555621	estimated_from_source_maf	7392298						20000	0.01	0.5	0.0555621	0.000102346	opengwasdb@a0656c0d073875c17088972b24cbb9568c0467a2	
GCST90319623	GCST90319623	passed		source		0.456298	estimated_from_source_maf	7394412						20000	0.01	0.5	0.456298	0.000828298	opengwasdb@a0656c0d073875c17088972b24cbb9568c0467a2	
GCST90319624	GCST90319624	passed		source		0.235141	estimated_from_source_maf	7394307						20000	0.01	0.5	0.235141	0.000427354	opengwasdb@a0656c0d073875c17088972b24cbb9568c0467a2	
GCST90319625	GCST90319625	passed		source		0.233161	estimated_from_source_maf	7394391						20000	0.01	0.5	0.233161	0.000423586	opengwasdb@a0656c0d073875c17088972b24cbb9568c0467a2	
GCST90319626	GCST90319626	passed		source		0.426405	estimated_from_source_maf	7383340						20000	0.01	0.5	0.426405	0.000784467	opengwasdb@a0656c0d073875c17088972b24cbb9568c0467a2	
GCST90319627	GCST90319627	passed		source		0.0554836	estimated_from_source_maf	7391332						20000	0.01	0.5	0.0554836	0.00010539	opengwasdb@a0656c0d073875c17088972b24cbb9568c0467a2	
GCST90319628	GCST90319628	passed		source		0.260639	estimated_from_source_maf	7392541						20000	0.01	0.5	0.260639	0.000489636	opengwasdb@a0656c0d073875c17088972b24cbb9568c0467a2	
GCST90319629	GCST90319629	passed		source		0.410393	estimated_from_source_maf	7392534						20000	0.01	0.5	0.410393	0.000770135	opengwasdb@a0656c0d073875c17088972b24cbb9568c0467a2	
GCST90319630	GCST90319630	passed		source		0.152761	estimated_from_source_maf	7391283						20000	0.01	0.5	0.152761	0.000291284	opengwasdb@a0656c0d073875c17088972b24cbb9568c0467a2	
GCST90319631	GCST90319631	passed		source		0.225222	estimated_from_source_maf	7392426						20000	0.01	0.5	0.225222	0.000422122	opengwasdb@a0656c0d073875c17088972b24cbb9568c0467a2	
GCST90319632	GCST90319632	passed		source		0.274072	estimated_from_source_maf	7392381						20000	0.01	0.5	0.274072	0.000515734	opengwasdb@a0656c0d073875c17088972b24cbb9568c0467a2	
GCST90319633	GCST90319633	passed		source		0.0370086	estimated_from_source_maf	7391333						20000	0.01	0.5	0.0370086	7.04352e-05	opengwasdb@a0656c0d073875c17088972b24cbb9568c0467a2	
GCST90319634	GCST90319634	passed		source		0.194055	estimated_from_source_maf	7392524						20000	0.01	0.5	0.194055	0.000364798	opengwasdb@a0656c0d073875c17088972b24cbb9568c0467a2	
GCST90319635	GCST90319635	passed		source		0.955604	estimated_from_source_maf	7392453						20000	0.01	0.5	0.955604	0.00179439	opengwasdb@a0656c0d073875c17088972b24cbb9568c0467a2	
GCST90319636	GCST90319636	passed		source		0.165374	estimated_from_source_maf	7392495						20000	0.01	0.5	0.165374	0.000310488	opengwasdb@a0656c0d073875c17088972b24cbb9568c0467a2	
GCST90319637	GCST90319637	passed		source		0.143924	estimated_from_source_maf	7392516						20000	0.01	0.5	0.143924	0.000270619	opengwasdb@a0656c0d073875c17088972b24cbb9568c0467a2	
GCST90319638	GCST90319638	passed		source		0.359723	estimated_from_source_maf	7391466						20000	0.01	0.5	0.359723	0.000681571	opengwasdb@a0656c0d073875c17088972b24cbb9568c0467a2	
GCST90319639	GCST90319639	passed		source		0.58536	estimated_from_source_maf	7392530						20000	0.01	0.5	0.58536	0.00109754	opengwasdb@a0656c0d073875c17088972b24cbb9568c0467a2	
GCST90319640	GCST90319640	passed		source		0.186446	estimated_from_source_maf	7391300						20000	0.01	0.5	0.186446	0.000355796	opengwasdb@a0656c0d073875c17088972b24cbb9568c0467a2	
GCST90319641	GCST90319641	passed		source		0.155577	estimated_from_source_maf	7391696						20000	0.01	0.5	0.155577	0.000293276	opengwasdb@a0656c0d073875c17088972b24cbb9568c0467a2	
GCST90319642	GCST90319642	passed		source		0.222838	estimated_from_source_maf	7391309						20000	0.01	0.5	0.222838	0.000424333	opengwasdb@a0656c0d073875c17088972b24cbb9568c0467a2	
GCST90319643	GCST90319643	passed		source		0.255533	estimated_from_source_maf	7392376						20000	0.01	0.5	0.255533	0.000480738	opengwasdb@a0656c0d073875c17088972b24cbb9568c0467a2	
GCST90319644	GCST90319644	passed		source		0.231016	estimated_from_source_maf	7392508						20000	0.01	0.5	0.231016	0.000433596	opengwasdb@a0656c0d073875c17088972b24cbb9568c0467a2	
GCST90319645	GCST90319645	passed		source		1.14007	estimated_from_source_maf	7389750						20000	0.01	0.5	1.14007	0.00224342	opengwasdb@a0656c0d073875c17088972b24cbb9568c0467a2	
GCST90319646	GCST90319646	passed		source		0.136924	estimated_from_source_maf	7391316						20000	0.01	0.5	0.136924	0.000260573	opengwasdb@a0656c0d073875c17088972b24cbb9568c0467a2	
GCST90319647	GCST90319647	passed		source		0.384755	estimated_from_source_maf	7391249						20000	0.01	0.5	0.384755	0.000731627	opengwasdb@a0656c0d073875c17088972b24cbb9568c0467a2	
GCST90319648	GCST90319648	passed		source		0.314047	estimated_from_source_maf	7392303						20000	0.01	0.5	0.314047	0.000591519	opengwasdb@a0656c0d073875c17088972b24cbb9568c0467a2	
GCST90319649	GCST90319649	passed		source		0.376202	estimated_from_source_maf	7392380						20000	0.01	0.5	0.376202	0.000708908	opengwasdb@a0656c0d073875c17088972b24cbb9568c0467a2	
GCST90319650	GCST90319650	passed		source		0.0545838	estimated_from_source_maf	7391352						20000	0.01	0.5	0.0545838	0.000103964	opengwasdb@a0656c0d073875c17088972b24cbb9568c0467a2	
GCST90319651	GCST90319651	passed		source		0.495709	estimated_from_source_maf	7392475						20000	0.01	0.5	0.495709	0.000927609	opengwasdb@a0656c0d073875c17088972b24cbb9568c0467a2	
GCST90319652	GCST90319652	passed		source		0.196278	estimated_from_source_maf	7392527						20000	0.01	0.5	0.196278	0.000368386	opengwasdb@a0656c0d073875c17088972b24cbb9568c0467a2	
GCST90319653	GCST90319653	passed		source		0.234764	estimated_from_source_maf	7392514						20000	0.01	0.5	0.234764	0.000441069	opengwasdb@a0656c0d073875c17088972b24cbb9568c0467a2	
GCST90319654	GCST90319654	passed		source		0.404183	estimated_from_source_maf	7392012						20000	0.01	0.5	0.404183	0.000764499	opengwasdb@a0656c0d073875c17088972b24cbb9568c0467a2	
GCST90319877	GCST90319877	skipped	non_quantitative_effect_scale				binary_trait								0.01	0.5			opengwasdb@a0656c0d073875c17088972b24cbb9568c0467a2	case-control effect scale; phenotype-SD estimation not applicable
GCST90319878	GCST90319878	skipped	non_quantitative_effect_scale				binary_trait								0.01	0.5			opengwasdb@a0656c0d073875c17088972b24cbb9568c0467a2	case-control effect scale; phenotype-SD estimation not applicable
GCST90319903	GCST90319903	skipped	non_quantitative_effect_scale				binary_trait								0.01	0.5			opengwasdb@a0656c0d073875c17088972b24cbb9568c0467a2	case-control effect scale; phenotype-SD estimation not applicable
GCST90319904	GCST90319904	passed		source		1.83052	estimated_from_source_maf	9128289						20000	0.01	0.5	1.83052	0.171018	opengwasdb@a0656c0d073875c17088972b24cbb9568c0467a2	
GCST90319906	GCST90319906	passed		source		1.60402	estimated_from_source_maf	7883455						20000	0.01	0.5	1.60402	0.0322186	opengwasdb@a0656c0d073875c17088972b24cbb9568c0467a2	
GCST90320054	GCST90320054	skipped	non_quantitative_effect_scale				binary_trait								0.01	0.5			opengwasdb@a0656c0d073875c17088972b24cbb9568c0467a2	case-control effect scale; phenotype-SD estimation not applicable
GCST90320055	GCST90320055	warning		source		29.5421	estimated_from_source_maf	24278930						20000	0.01	0.5	29.5421	20.6027	opengwasdb@a0656c0d073875c17088972b24cbb9568c0467a2	
GCST90320056	GCST90320056	warning		source		53.3875	estimated_from_source_maf	23958056						20000	0.01	0.5	53.3875	19.0777	opengwasdb@a0656c0d073875c17088972b24cbb9568c0467a2	
GCST90320057	GCST90320057	skipped	non_quantitative_effect_scale				binary_trait								0.01	0.5			opengwasdb@a0656c0d073875c17088972b24cbb9568c0467a2	case-control effect scale; phenotype-SD estimation not applicable
GCST90320058	GCST90320058	passed		source		8.82499	estimated_from_source_maf	13264860						20000	0.01	0.5	8.82499	0.385	opengwasdb@a0656c0d073875c17088972b24cbb9568c0467a2	
GCST90320059	GCST90320059	warning		source		21.7277	estimated_from_source_maf	13166365						20000	0.01	0.5	21.7277	0.990485	opengwasdb@a0656c0d073875c17088972b24cbb9568c0467a2	
GCST90320263	GCST90320263	passed		source		1.02915	estimated_from_source_maf	5425397						20000	0.01	0.5	1.02915	0.0146231	opengwasdb@a0656c0d073875c17088972b24cbb9568c0467a2	
GCST90320264	GCST90320264	passed		source		1.01283	estimated_from_source_maf	5425397						20000	0.01	0.5	1.01283	0.0144011	opengwasdb@a0656c0d073875c17088972b24cbb9568c0467a2	
GCST90320265	GCST90320265	passed		source		1.01832	estimated_from_source_maf	5425397						20000	0.01	0.5	1.01832	0.0145056	opengwasdb@a0656c0d073875c17088972b24cbb9568c0467a2	
GCST90320266	GCST90320266	passed		source		1.01142	estimated_from_source_maf	5425397						20000	0.01	0.5	1.01142	0.0144158	opengwasdb@a0656c0d073875c17088972b24cbb9568c0467a2	
GCST90320267	GCST90320267	passed		source		1.01113	estimated_from_source_maf	5425397						20000	0.01	0.5	1.01113	0.0144271	opengwasdb@a0656c0d073875c17088972b24cbb9568c0467a2	
GCST90320268	GCST90320268	passed		source		1.0135	estimated_from_source_maf	5425397						20000	0.01	0.5	1.0135	0.0143978	opengwasdb@a0656c0d073875c17088972b24cbb9568c0467a2	
GCST90320269	GCST90320269	passed		source		1.00984	estimated_from_source_maf	5425397						20000	0.01	0.5	1.00984	0.014367	opengwasdb@a0656c0d073875c17088972b24cbb9568c0467a2	
GCST90320270	GCST90320270	passed		source		0.996897	estimated_from_source_maf	5425397						20000	0.01	0.5	0.996897	0.0141839	opengwasdb@a0656c0d073875c17088972b24cbb9568c0467a2	
GCST90320271	GCST90320271	passed		source		1.02376	estimated_from_source_maf	5425397						20000	0.01	0.5	1.02376	0.0145807	opengwasdb@a0656c0d073875c17088972b24cbb9568c0467a2	
GCST90320272	GCST90320272	passed		source		1.01127	estimated_from_source_maf	5425397						20000	0.01	0.5	1.01127	0.0143645	opengwasdb@a0656c0d073875c17088972b24cbb9568c0467a2	
GCST90320273	GCST90320273	passed		source		1.01102	estimated_from_source_maf	5425397						20000	0.01	0.5	1.01102	0.0143756	opengwasdb@a0656c0d073875c17088972b24cbb9568c0467a2	
GCST90320274	GCST90320274	passed		source		1.00107	estimated_from_source_maf	5425397						20000	0.01	0.5	1.00107	0.0142397	opengwasdb@a0656c0d073875c17088972b24cbb9568c0467a2	
GCST90320275	GCST90320275	passed		source		1.02124	estimated_from_source_maf	5425397						20000	0.01	0.5	1.02124	0.0145311	opengwasdb@a0656c0d073875c17088972b24cbb9568c0467a2	
GCST90320276	GCST90320276	passed		source		1.01051	estimated_from_source_maf	5425397						20000	0.01	0.5	1.01051	0.0143753	opengwasdb@a0656c0d073875c17088972b24cbb9568c0467a2	
GCST90320277	GCST90320277	passed		source		1.03364	estimated_from_source_maf	5425397						20000	0.01	0.5	1.03364	0.0146907	opengwasdb@a0656c0d073875c17088972b24cbb9568c0467a2	
GCST90320278	GCST90320278	passed		source		1.01557	estimated_from_source_maf	5425397						20000	0.01	0.5	1.01557	0.014437	opengwasdb@a0656c0d073875c17088972b24cbb9568c0467a2	
GCST90320279	GCST90320279	passed		source		1.01825	estimated_from_source_maf	5425397						20000	0.01	0.5	1.01825	0.0144592	opengwasdb@a0656c0d073875c17088972b24cbb9568c0467a2	
GCST90320280	GCST90320280	passed		source		1.00958	estimated_from_source_maf	5425397						20000	0.01	0.5	1.00958	0.0143493	opengwasdb@a0656c0d073875c17088972b24cbb9568c0467a2	
GCST90320281	GCST90320281	passed		source		1.02654	estimated_from_source_maf	5425397						20000	0.01	0.5	1.02654	0.0145754	opengwasdb@a0656c0d073875c17088972b24cbb9568c0467a2	
GCST90320282	GCST90320282	passed		source		1.01854	estimated_from_source_maf	5425397						20000	0.01	0.5	1.01854	0.0144558	opengwasdb@a0656c0d073875c17088972b24cbb9568c0467a2	
GCST90320283	GCST90320283	passed		source		1.00547	estimated_from_source_maf	5425397						20000	0.01	0.5	1.00547	0.0142938	opengwasdb@a0656c0d073875c17088972b24cbb9568c0467a2	
GCST90320284	GCST90320284	passed		source		1.01627	estimated_from_source_maf	5425397						20000	0.01	0.5	1.01627	0.0144388	opengwasdb@a0656c0d073875c17088972b24cbb9568c0467a2	
GCST90320285	GCST90320285	passed		source		2.31883	estimated_from_source_maf	5425397						20000	0.01	0.5	2.31883	0.0469495	opengwasdb@a0656c0d073875c17088972b24cbb9568c0467a2	
GCST90328149	GCST90328149	skipped	non_quantitative_effect_scale				binary_trait								0.01	0.5			opengwasdb@a0656c0d073875c17088972b24cbb9568c0467a2	case-control effect scale; phenotype-SD estimation not applicable
GCST90328150	GCST90328150	skipped	non_quantitative_effect_scale				binary_trait								0.01	0.5			opengwasdb@a0656c0d073875c17088972b24cbb9568c0467a2	case-control effect scale; phenotype-SD estimation not applicable
GCST90335170	GCST90335170	passed		source		1.00002	estimated_from_source_maf	2450021						20000	0.01	0.5	1.00002	2.0546e-05	opengwasdb@a0656c0d073875c17088972b24cbb9568c0467a2	
GCST90335171	GCST90335171	passed		source		1.00003	estimated_from_source_maf	2451372						20000	0.01	0.5	1.00003	2.32263e-05	opengwasdb@a0656c0d073875c17088972b24cbb9568c0467a2	
GCST90335172	GCST90335172	passed		source		1.00003	estimated_from_source_maf	2454088						20000	0.01	0.5	1.00003	2.74188e-05	opengwasdb@a0656c0d073875c17088972b24cbb9568c0467a2	
GCST90335173	GCST90335173	passed		source		1.00004	estimated_from_source_maf	2453772						20000	0.01	0.5	1.00004	2.98086e-05	opengwasdb@a0656c0d073875c17088972b24cbb9568c0467a2	
GCST90335174	GCST90335174	passed		source		1.99336	estimated_from_source_maf	8563446						20000	0.01	0.5	1.99336	0.00697928	opengwasdb@a0656c0d073875c17088972b24cbb9568c0467a2	
GCST90335175	GCST90335175	passed		source		1.98862	estimated_from_source_maf	8563446						20000	0.01	0.5	1.98862	0.00690885	opengwasdb@a0656c0d073875c17088972b24cbb9568c0467a2	
GCST90335176	GCST90335176	passed		source		2.00374	estimated_from_source_maf	8563446						20000	0.01	0.5	2.00374	0.00708217	opengwasdb@a0656c0d073875c17088972b24cbb9568c0467a2	
GCST90399568	GCST90399568	skipped	non_quantitative_effect_scale				binary_trait								0.01	0.5			opengwasdb@a0656c0d073875c17088972b24cbb9568c0467a2	case-control effect scale; phenotype-SD estimation not applicable
GCST90399569	GCST90399569	skipped	non_quantitative_effect_scale				binary_trait								0.01	0.5			opengwasdb@a0656c0d073875c17088972b24cbb9568c0467a2	case-control effect scale; phenotype-SD estimation not applicable
GCST90399570	GCST90399570	skipped	non_quantitative_effect_scale				binary_trait								0.01	0.5			opengwasdb@a0656c0d073875c17088972b24cbb9568c0467a2	case-control effect scale; phenotype-SD estimation not applicable
GCST90399571	GCST90399571	skipped	non_quantitative_effect_scale				binary_trait								0.01	0.5			opengwasdb@a0656c0d073875c17088972b24cbb9568c0467a2	case-control effect scale; phenotype-SD estimation not applicable
GCST90399572	GCST90399572	skipped	non_quantitative_effect_scale				binary_trait								0.01	0.5			opengwasdb@a0656c0d073875c17088972b24cbb9568c0467a2	case-control effect scale; phenotype-SD estimation not applicable
GCST90399573	GCST90399573	skipped	non_quantitative_effect_scale				binary_trait								0.01	0.5			opengwasdb@a0656c0d073875c17088972b24cbb9568c0467a2	case-control effect scale; phenotype-SD estimation not applicable
GCST90399672	GCST90399672	skipped	non_quantitative_effect_scale				binary_trait								0.01	0.5			opengwasdb@a0656c0d073875c17088972b24cbb9568c0467a2	case-control effect scale; phenotype-SD estimation not applicable
GCST90399673	GCST90399673	skipped	non_quantitative_effect_scale				binary_trait								0.01	0.5			opengwasdb@a0656c0d073875c17088972b24cbb9568c0467a2	case-control effect scale; phenotype-SD estimation not applicable
GCST90399674	GCST90399674	skipped	non_quantitative_effect_scale				binary_trait								0.01	0.5			opengwasdb@a0656c0d073875c17088972b24cbb9568c0467a2	case-control effect scale; phenotype-SD estimation not applicable
GCST90399675	GCST90399675	skipped	non_quantitative_effect_scale				binary_trait								0.01	0.5			opengwasdb@a0656c0d073875c17088972b24cbb9568c0467a2	case-control effect scale; phenotype-SD estimation not applicable
GCST90399676	GCST90399676	skipped	non_quantitative_effect_scale				binary_trait								0.01	0.5			opengwasdb@a0656c0d073875c17088972b24cbb9568c0467a2	case-control effect scale; phenotype-SD estimation not applicable
GCST90399677	GCST90399677	skipped	non_quantitative_effect_scale				binary_trait								0.01	0.5			opengwasdb@a0656c0d073875c17088972b24cbb9568c0467a2	case-control effect scale; phenotype-SD estimation not applicable
GCST90399678	GCST90399678	skipped	non_quantitative_effect_scale				binary_trait								0.01	0.5			opengwasdb@a0656c0d073875c17088972b24cbb9568c0467a2	case-control effect scale; phenotype-SD estimation not applicable
GCST90399679	GCST90399679	skipped	non_quantitative_effect_scale				binary_trait								0.01	0.5			opengwasdb@a0656c0d073875c17088972b24cbb9568c0467a2	case-control effect scale; phenotype-SD estimation not applicable
GCST90399686	GCST90399686	skipped	non_quantitative_effect_scale				binary_trait								0.01	0.5			opengwasdb@a0656c0d073875c17088972b24cbb9568c0467a2	case-control effect scale; phenotype-SD estimation not applicable
GCST90399687	GCST90399687	skipped	non_quantitative_effect_scale				binary_trait								0.01	0.5			opengwasdb@a0656c0d073875c17088972b24cbb9568c0467a2	case-control effect scale; phenotype-SD estimation not applicable
GCST90399689	GCST90399689	skipped	non_quantitative_effect_scale				binary_trait								0.01	0.5			opengwasdb@a0656c0d073875c17088972b24cbb9568c0467a2	case-control effect scale; phenotype-SD estimation not applicable
GCST90399690	GCST90399690	skipped	non_quantitative_effect_scale				binary_trait								0.01	0.5			opengwasdb@a0656c0d073875c17088972b24cbb9568c0467a2	case-control effect scale; phenotype-SD estimation not applicable
GCST90399694	GCST90399694	skipped	non_quantitative_effect_scale				binary_trait								0.01	0.5			opengwasdb@a0656c0d073875c17088972b24cbb9568c0467a2	case-control effect scale; phenotype-SD estimation not applicable
GCST90399695	GCST90399695	skipped	non_quantitative_effect_scale				binary_trait								0.01	0.5			opengwasdb@a0656c0d073875c17088972b24cbb9568c0467a2	case-control effect scale; phenotype-SD estimation not applicable
GCST90399696	GCST90399696	skipped	non_quantitative_effect_scale				binary_trait								0.01	0.5			opengwasdb@a0656c0d073875c17088972b24cbb9568c0467a2	case-control effect scale; phenotype-SD estimation not applicable
GCST90399697	GCST90399697	skipped	non_quantitative_effect_scale				binary_trait								0.01	0.5			opengwasdb@a0656c0d073875c17088972b24cbb9568c0467a2	case-control effect scale; phenotype-SD estimation not applicable
GCST90399701	GCST90399701	skipped	non_quantitative_effect_scale				binary_trait								0.01	0.5			opengwasdb@a0656c0d073875c17088972b24cbb9568c0467a2	case-control effect scale; phenotype-SD estimation not applicable
GCST90399702	GCST90399702	skipped	non_quantitative_effect_scale				binary_trait								0.01	0.5			opengwasdb@a0656c0d073875c17088972b24cbb9568c0467a2	case-control effect scale; phenotype-SD estimation not applicable
GCST90399703	GCST90399703	skipped	non_quantitative_effect_scale				binary_trait								0.01	0.5			opengwasdb@a0656c0d073875c17088972b24cbb9568c0467a2	case-control effect scale; phenotype-SD estimation not applicable
GCST90399704	GCST90399704	skipped	non_quantitative_effect_scale				binary_trait								0.01	0.5			opengwasdb@a0656c0d073875c17088972b24cbb9568c0467a2	case-control effect scale; phenotype-SD estimation not applicable
GCST90399706	GCST90399706	skipped	non_quantitative_effect_scale				binary_trait								0.01	0.5			opengwasdb@a0656c0d073875c17088972b24cbb9568c0467a2	case-control effect scale; phenotype-SD estimation not applicable
GCST90399707	GCST90399707	skipped	non_quantitative_effect_scale				binary_trait								0.01	0.5			opengwasdb@a0656c0d073875c17088972b24cbb9568c0467a2	case-control effect scale; phenotype-SD estimation not applicable
GCST90399708	GCST90399708	skipped	non_quantitative_effect_scale				binary_trait								0.01	0.5			opengwasdb@a0656c0d073875c17088972b24cbb9568c0467a2	case-control effect scale; phenotype-SD estimation not applicable
GCST90399709	GCST90399709	skipped	non_quantitative_effect_scale				binary_trait								0.01	0.5			opengwasdb@a0656c0d073875c17088972b24cbb9568c0467a2	case-control effect scale; phenotype-SD estimation not applicable
GCST90399713	GCST90399713	skipped	non_quantitative_effect_scale				binary_trait								0.01	0.5			opengwasdb@a0656c0d073875c17088972b24cbb9568c0467a2	case-control effect scale; phenotype-SD estimation not applicable
GCST90399714	GCST90399714	skipped	non_quantitative_effect_scale				binary_trait								0.01	0.5			opengwasdb@a0656c0d073875c17088972b24cbb9568c0467a2	case-control effect scale; phenotype-SD estimation not applicable
GCST90399715	GCST90399715	skipped	non_quantitative_effect_scale				binary_trait								0.01	0.5			opengwasdb@a0656c0d073875c17088972b24cbb9568c0467a2	case-control effect scale; phenotype-SD estimation not applicable
GCST90399716	GCST90399716	skipped	non_quantitative_effect_scale				binary_trait								0.01	0.5			opengwasdb@a0656c0d073875c17088972b24cbb9568c0467a2	case-control effect scale; phenotype-SD estimation not applicable
GCST90399720	GCST90399720	skipped	non_quantitative_effect_scale				binary_trait								0.01	0.5			opengwasdb@a0656c0d073875c17088972b24cbb9568c0467a2	case-control effect scale; phenotype-SD estimation not applicable
GCST90399721	GCST90399721	skipped	non_quantitative_effect_scale				binary_trait								0.01	0.5			opengwasdb@a0656c0d073875c17088972b24cbb9568c0467a2	case-control effect scale; phenotype-SD estimation not applicable
GCST90399722	GCST90399722	skipped	non_quantitative_effect_scale				binary_trait								0.01	0.5			opengwasdb@a0656c0d073875c17088972b24cbb9568c0467a2	case-control effect scale; phenotype-SD estimation not applicable
GCST90399723	GCST90399723	skipped	non_quantitative_effect_scale				binary_trait								0.01	0.5			opengwasdb@a0656c0d073875c17088972b24cbb9568c0467a2	case-control effect scale; phenotype-SD estimation not applicable
GCST90399725	GCST90399725	skipped	non_quantitative_effect_scale				binary_trait								0.01	0.5			opengwasdb@a0656c0d073875c17088972b24cbb9568c0467a2	case-control effect scale; phenotype-SD estimation not applicable
GCST90399726	GCST90399726	skipped	non_quantitative_effect_scale				binary_trait								0.01	0.5			opengwasdb@a0656c0d073875c17088972b24cbb9568c0467a2	case-control effect scale; phenotype-SD estimation not applicable
GCST90399727	GCST90399727	skipped	non_quantitative_effect_scale				binary_trait								0.01	0.5			opengwasdb@a0656c0d073875c17088972b24cbb9568c0467a2	case-control effect scale; phenotype-SD estimation not applicable
GCST90399728	GCST90399728	skipped	non_quantitative_effect_scale				binary_trait								0.01	0.5			opengwasdb@a0656c0d073875c17088972b24cbb9568c0467a2	case-control effect scale; phenotype-SD estimation not applicable
GCST90399732	GCST90399732	skipped	non_quantitative_effect_scale				binary_trait								0.01	0.5			opengwasdb@a0656c0d073875c17088972b24cbb9568c0467a2	case-control effect scale; phenotype-SD estimation not applicable
GCST90399733	GCST90399733	skipped	non_quantitative_effect_scale				binary_trait								0.01	0.5			opengwasdb@a0656c0d073875c17088972b24cbb9568c0467a2	case-control effect scale; phenotype-SD estimation not applicable
GCST90399734	GCST90399734	skipped	non_quantitative_effect_scale				binary_trait								0.01	0.5			opengwasdb@a0656c0d073875c17088972b24cbb9568c0467a2	case-control effect scale; phenotype-SD estimation not applicable
GCST90399735	GCST90399735	skipped	non_quantitative_effect_scale				binary_trait								0.01	0.5			opengwasdb@a0656c0d073875c17088972b24cbb9568c0467a2	case-control effect scale; phenotype-SD estimation not applicable
GCST90399736	GCST90399736	skipped	non_quantitative_effect_scale				binary_trait								0.01	0.5			opengwasdb@a0656c0d073875c17088972b24cbb9568c0467a2	case-control effect scale; phenotype-SD estimation not applicable
GCST90399737	GCST90399737	skipped	non_quantitative_effect_scale				binary_trait								0.01	0.5			opengwasdb@a0656c0d073875c17088972b24cbb9568c0467a2	case-control effect scale; phenotype-SD estimation not applicable
GCST90399738	GCST90399738	skipped	non_quantitative_effect_scale				binary_trait								0.01	0.5			opengwasdb@a0656c0d073875c17088972b24cbb9568c0467a2	case-control effect scale; phenotype-SD estimation not applicable
GCST90399739	GCST90399739	skipped	non_quantitative_effect_scale				binary_trait								0.01	0.5			opengwasdb@a0656c0d073875c17088972b24cbb9568c0467a2	case-control effect scale; phenotype-SD estimation not applicable
GCST90399740	GCST90399740	skipped	non_quantitative_effect_scale				binary_trait								0.01	0.5			opengwasdb@a0656c0d073875c17088972b24cbb9568c0467a2	case-control effect scale; phenotype-SD estimation not applicable
GCST90399744	GCST90399744	skipped	non_quantitative_effect_scale				binary_trait								0.01	0.5			opengwasdb@a0656c0d073875c17088972b24cbb9568c0467a2	case-control effect scale; phenotype-SD estimation not applicable
GCST90399745	GCST90399745	skipped	non_quantitative_effect_scale				binary_trait								0.01	0.5			opengwasdb@a0656c0d073875c17088972b24cbb9568c0467a2	case-control effect scale; phenotype-SD estimation not applicable
GCST90399746	GCST90399746	skipped	non_quantitative_effect_scale				binary_trait								0.01	0.5			opengwasdb@a0656c0d073875c17088972b24cbb9568c0467a2	case-control effect scale; phenotype-SD estimation not applicable
GCST90399837	GCST90399837	passed		source		0.973826	estimated_from_source_maf	8360928						20000	0.01	0.5	0.973826	0.0171317	opengwasdb@a0656c0d073875c17088972b24cbb9568c0467a2	
GCST90399838	GCST90399838	passed		source		0.946472	estimated_from_source_maf	8360977						20000	0.01	0.5	0.946472	0.0124606	opengwasdb@a0656c0d073875c17088972b24cbb9568c0467a2	
GCST90399850	GCST90399850	passed		source		0.937242	estimated_from_source_maf	10029169						20000	0.01	0.5	0.937242	0.00307926	opengwasdb@a0656c0d073875c17088972b24cbb9568c0467a2	
GCST90399851	GCST90399851	passed		source		0.924743	estimated_from_source_maf	10029169						20000	0.01	0.5	0.924743	0.00406029	opengwasdb@a0656c0d073875c17088972b24cbb9568c0467a2	
GCST90399852	GCST90399852	passed		source		0.609045	estimated_from_source_maf	10029169						20000	0.01	0.5	0.609045	0.00213659	opengwasdb@a0656c0d073875c17088972b24cbb9568c0467a2	
GCST90399853	GCST90399853	passed		source		0.966779	estimated_from_source_maf	10029169						20000	0.01	0.5	0.966779	0.00298597	opengwasdb@a0656c0d073875c17088972b24cbb9568c0467a2	
GCST90399854	GCST90399854	passed		source		0.997592	estimated_from_source_maf	10029169						20000	0.01	0.5	0.997592	0.00302957	opengwasdb@a0656c0d073875c17088972b24cbb9568c0467a2	
GCST90399855	GCST90399855	passed		source		0.960785	estimated_from_source_maf	10029169						20000	0.01	0.5	0.960785	0.00333169	opengwasdb@a0656c0d073875c17088972b24cbb9568c0467a2	
GCST90399856	GCST90399856	passed		source		0.999506	estimated_from_source_maf	10029169						20000	0.01	0.5	0.999506	0.00302554	opengwasdb@a0656c0d073875c17088972b24cbb9568c0467a2	
GCST90399857	GCST90399857	passed		source		0.463713	estimated_from_source_maf	10029169						20000	0.01	0.5	0.463713	0.00172795	opengwasdb@a0656c0d073875c17088972b24cbb9568c0467a2	
GCST90399858	GCST90399858	passed		source		0.540057	estimated_from_source_maf	10029169						20000	0.01	0.5	0.540057	0.00203596	opengwasdb@a0656c0d073875c17088972b24cbb9568c0467a2	
GCST90399859	GCST90399859	passed		source		0.0600484	estimated_from_source_maf	10029169						20000	0.01	0.5	0.0600484	0.000241837	opengwasdb@a0656c0d073875c17088972b24cbb9568c0467a2	
GCST90399860	GCST90399860	passed		source		1.58176	estimated_from_source_maf	10029169						20000	0.01	0.5	1.58176	0.0051562	opengwasdb@a0656c0d073875c17088972b24cbb9568c0467a2	
GCST90399861	GCST90399861	passed		source		0.724295	estimated_from_source_maf	10029169						20000	0.01	0.5	0.724295	0.00327746	opengwasdb@a0656c0d073875c17088972b24cbb9568c0467a2	
GCST90399862	GCST90399862	passed		source		0.840873	estimated_from_source_maf	10031115						20000	0.01	0.5	0.840873	0.00288029	opengwasdb@a0656c0d073875c17088972b24cbb9568c0467a2	
GCST90399863	GCST90399863	passed		source		0.889514	estimated_from_source_maf	10031115						20000	0.01	0.5	0.889514	0.00297858	opengwasdb@a0656c0d073875c17088972b24cbb9568c0467a2	
GCST90399864	GCST90399864	passed		source		0.966066	estimated_from_source_maf	10031115						20000	0.01	0.5	0.966066	0.00322985	opengwasdb@a0656c0d073875c17088972b24cbb9568c0467a2	
GCST90399865	GCST90399865	passed		source		0.5794	estimated_from_source_maf	10031115						20000	0.01	0.5	0.5794	0.00192429	opengwasdb@a0656c0d073875c17088972b24cbb9568c0467a2	
GCST90399866	GCST90399866	passed		source		0.762779	estimated_from_source_maf	10031115						20000	0.01	0.5	0.762779	0.00254266	opengwasdb@a0656c0d073875c17088972b24cbb9568c0467a2	
GCST90399867	GCST90399867	passed		source		0.967026	estimated_from_source_maf	10031115						20000	0.01	0.5	0.967026	0.00322263	opengwasdb@a0656c0d073875c17088972b24cbb9568c0467a2	
GCST90399868	GCST90399868	passed		source		0.914747	estimated_from_source_maf	10031115						20000	0.01	0.5	0.914747	0.00303846	opengwasdb@a0656c0d073875c17088972b24cbb9568c0467a2	
GCST90399869	GCST90399869	passed		source		0.365386	estimated_from_source_maf	10031115						20000	0.01	0.5	0.365386	0.00121075	opengwasdb@a0656c0d073875c17088972b24cbb9568c0467a2	
GCST90399870	GCST90399870	passed		source		6.04764	estimated_from_source_maf	10031115						20000	0.01	0.5	6.04764	0.0203234	opengwasdb@a0656c0d073875c17088972b24cbb9568c0467a2	
GCST90399871	GCST90399871	passed		source		4.98505	estimated_from_source_maf	10031115						20000	0.01	0.5	4.98505	0.0166269	opengwasdb@a0656c0d073875c17088972b24cbb9568c0467a2	
GCST90399872	GCST90399872	passed		source		5.15873	estimated_from_source_maf	10031115						20000	0.01	0.5	5.15873	0.0172411	opengwasdb@a0656c0d073875c17088972b24cbb9568c0467a2	
GCST90399873	GCST90399873	passed		source		70.2714	estimated_from_source_maf	10031074						20000	0.01	0.5	70.2714	0.233464	opengwasdb@a0656c0d073875c17088972b24cbb9568c0467a2	
GCST90399874	GCST90399874	failed	no_qualifying_evidence	source			estimated_from_source_maf	0						0	0.01	0.5			opengwasdb@a0656c0d073875c17088972b24cbb9568c0467a2	unavailable: no_qualifying_evidence
GCST90399875	GCST90399875	failed	no_qualifying_evidence	source			estimated_from_source_maf	0						0	0.01	0.5			opengwasdb@a0656c0d073875c17088972b24cbb9568c0467a2	unavailable: no_qualifying_evidence
GCST90399876	GCST90399876	failed	no_qualifying_evidence	source			estimated_from_source_maf	0						0	0.01	0.5			opengwasdb@a0656c0d073875c17088972b24cbb9568c0467a2	unavailable: no_qualifying_evidence
GCST90399877	GCST90399877	failed	no_qualifying_evidence	source			estimated_from_source_maf	0						0	0.01	0.5			opengwasdb@a0656c0d073875c17088972b24cbb9568c0467a2	unavailable: no_qualifying_evidence
GCST90399878	GCST90399878	failed	no_qualifying_evidence	source			estimated_from_source_maf	0						0	0.01	0.5			opengwasdb@a0656c0d073875c17088972b24cbb9568c0467a2	unavailable: no_qualifying_evidence
GCST90399879	GCST90399879	failed	no_qualifying_evidence	source			estimated_from_source_maf	0						0	0.01	0.5			opengwasdb@a0656c0d073875c17088972b24cbb9568c0467a2	unavailable: no_qualifying_evidence
GCST90399880	GCST90399880	failed	no_qualifying_evidence	source			estimated_from_source_maf	0						0	0.01	0.5			opengwasdb@a0656c0d073875c17088972b24cbb9568c0467a2	unavailable: no_qualifying_evidence
GCST90399881	GCST90399881	failed	no_qualifying_evidence	source			estimated_from_source_maf	0						0	0.01	0.5			opengwasdb@a0656c0d073875c17088972b24cbb9568c0467a2	unavailable: no_qualifying_evidence
GCST90399882	GCST90399882	failed	no_qualifying_evidence	source			estimated_from_source_maf	0						0	0.01	0.5			opengwasdb@a0656c0d073875c17088972b24cbb9568c0467a2	unavailable: no_qualifying_evidence
GCST90399883	GCST90399883	failed	no_qualifying_evidence	source			estimated_from_source_maf	0						0	0.01	0.5			opengwasdb@a0656c0d073875c17088972b24cbb9568c0467a2	unavailable: no_qualifying_evidence
GCST90399884	GCST90399884	failed	no_qualifying_evidence	source			estimated_from_source_maf	0						0	0.01	0.5			opengwasdb@a0656c0d073875c17088972b24cbb9568c0467a2	unavailable: no_qualifying_evidence
GCST90399885	GCST90399885	failed	no_qualifying_evidence	source			estimated_from_source_maf	0						0	0.01	0.5			opengwasdb@a0656c0d073875c17088972b24cbb9568c0467a2	unavailable: no_qualifying_evidence
GCST90399886	GCST90399886	failed	no_qualifying_evidence	source			estimated_from_source_maf	0						0	0.01	0.5			opengwasdb@a0656c0d073875c17088972b24cbb9568c0467a2	unavailable: no_qualifying_evidence
GCST90399887	GCST90399887	failed	no_qualifying_evidence	source			estimated_from_source_maf	0						0	0.01	0.5			opengwasdb@a0656c0d073875c17088972b24cbb9568c0467a2	unavailable: no_qualifying_evidence
GCST90399888	GCST90399888	failed	no_qualifying_evidence	source			estimated_from_source_maf	0						0	0.01	0.5			opengwasdb@a0656c0d073875c17088972b24cbb9568c0467a2	unavailable: no_qualifying_evidence
GCST90399889	GCST90399889	failed	no_qualifying_evidence	source			estimated_from_source_maf	0						0	0.01	0.5			opengwasdb@a0656c0d073875c17088972b24cbb9568c0467a2	unavailable: no_qualifying_evidence
GCST90399890	GCST90399890	failed	no_qualifying_evidence	source			estimated_from_source_maf	0						0	0.01	0.5			opengwasdb@a0656c0d073875c17088972b24cbb9568c0467a2	unavailable: no_qualifying_evidence
GCST90399891	GCST90399891	failed	no_qualifying_evidence	source			estimated_from_source_maf	0						0	0.01	0.5			opengwasdb@a0656c0d073875c17088972b24cbb9568c0467a2	unavailable: no_qualifying_evidence
GCST90399892	GCST90399892	failed	no_qualifying_evidence	source			estimated_from_source_maf	0						0	0.01	0.5			opengwasdb@a0656c0d073875c17088972b24cbb9568c0467a2	unavailable: no_qualifying_evidence
GCST90399893	GCST90399893	failed	no_qualifying_evidence	source			estimated_from_source_maf	0						0	0.01	0.5			opengwasdb@a0656c0d073875c17088972b24cbb9568c0467a2	unavailable: no_qualifying_evidence
GCST90399894	GCST90399894	failed	no_qualifying_evidence	source			estimated_from_source_maf	0						0	0.01	0.5			opengwasdb@a0656c0d073875c17088972b24cbb9568c0467a2	unavailable: no_qualifying_evidence
GCST90399895	GCST90399895	failed	no_qualifying_evidence	source			estimated_from_source_maf	0						0	0.01	0.5			opengwasdb@a0656c0d073875c17088972b24cbb9568c0467a2	unavailable: no_qualifying_evidence
GCST90399896	GCST90399896	failed	no_qualifying_evidence	source			estimated_from_source_maf	0						0	0.01	0.5			opengwasdb@a0656c0d073875c17088972b24cbb9568c0467a2	unavailable: no_qualifying_evidence
GCST90399897	GCST90399897	failed	no_qualifying_evidence	source			estimated_from_source_maf	0						0	0.01	0.5			opengwasdb@a0656c0d073875c17088972b24cbb9568c0467a2	unavailable: no_qualifying_evidence
GCST90399898	GCST90399898	failed	no_qualifying_evidence	source			estimated_from_source_maf	0						0	0.01	0.5			opengwasdb@a0656c0d073875c17088972b24cbb9568c0467a2	unavailable: no_qualifying_evidence
GCST90399899	GCST90399899	failed	no_qualifying_evidence	source			estimated_from_source_maf	0						0	0.01	0.5			opengwasdb@a0656c0d073875c17088972b24cbb9568c0467a2	unavailable: no_qualifying_evidence
GCST90399900	GCST90399900	failed	no_qualifying_evidence	source			estimated_from_source_maf	0						0	0.01	0.5			opengwasdb@a0656c0d073875c17088972b24cbb9568c0467a2	unavailable: no_qualifying_evidence
GCST90399901	GCST90399901	failed	no_qualifying_evidence	source			estimated_from_source_maf	0						0	0.01	0.5			opengwasdb@a0656c0d073875c17088972b24cbb9568c0467a2	unavailable: no_qualifying_evidence
GCST90399902	GCST90399902	failed	no_qualifying_evidence	source			estimated_from_source_maf	0						0	0.01	0.5			opengwasdb@a0656c0d073875c17088972b24cbb9568c0467a2	unavailable: no_qualifying_evidence
GCST90399903	GCST90399903	failed	no_qualifying_evidence	source			estimated_from_source_maf	0						0	0.01	0.5			opengwasdb@a0656c0d073875c17088972b24cbb9568c0467a2	unavailable: no_qualifying_evidence
GCST90399904	GCST90399904	failed	no_qualifying_evidence	source			estimated_from_source_maf	0						0	0.01	0.5			opengwasdb@a0656c0d073875c17088972b24cbb9568c0467a2	unavailable: no_qualifying_evidence
GCST90399905	GCST90399905	failed	no_qualifying_evidence	source			estimated_from_source_maf	0						0	0.01	0.5			opengwasdb@a0656c0d073875c17088972b24cbb9568c0467a2	unavailable: no_qualifying_evidence
GCST90399906	GCST90399906	failed	no_qualifying_evidence	source			estimated_from_source_maf	0						0	0.01	0.5			opengwasdb@a0656c0d073875c17088972b24cbb9568c0467a2	unavailable: no_qualifying_evidence
GCST90399907	GCST90399907	failed	no_qualifying_evidence	source			estimated_from_source_maf	0						0	0.01	0.5			opengwasdb@a0656c0d073875c17088972b24cbb9568c0467a2	unavailable: no_qualifying_evidence
GCST90399908	GCST90399908	failed	no_qualifying_evidence	source			estimated_from_source_maf	0						0	0.01	0.5			opengwasdb@a0656c0d073875c17088972b24cbb9568c0467a2	unavailable: no_qualifying_evidence
GCST90399909	GCST90399909	failed	no_qualifying_evidence	source			estimated_from_source_maf	0						0	0.01	0.5			opengwasdb@a0656c0d073875c17088972b24cbb9568c0467a2	unavailable: no_qualifying_evidence
GCST90399910	GCST90399910	failed	no_qualifying_evidence	source			estimated_from_source_maf	0						0	0.01	0.5			opengwasdb@a0656c0d073875c17088972b24cbb9568c0467a2	unavailable: no_qualifying_evidence
GCST90399911	GCST90399911	failed	no_qualifying_evidence	source			estimated_from_source_maf	0						0	0.01	0.5			opengwasdb@a0656c0d073875c17088972b24cbb9568c0467a2	unavailable: no_qualifying_evidence
GCST90406924	GCST90406924	skipped	non_quantitative_effect_scale				binary_trait								0.01	0.5			opengwasdb@a0656c0d073875c17088972b24cbb9568c0467a2	case-control effect scale; phenotype-SD estimation not applicable
GCST90406925	GCST90406925	skipped	non_quantitative_effect_scale				binary_trait								0.01	0.5			opengwasdb@a0656c0d073875c17088972b24cbb9568c0467a2	case-control effect scale; phenotype-SD estimation not applicable
GCST90421022	GCST90421022	passed		source		0.763087	estimated_from_source_maf	9782985						20000	0.01	0.5	0.763087	0.0133533	opengwasdb@a0656c0d073875c17088972b24cbb9568c0467a2	
GCST90421023	GCST90421023	passed		source		0.72687	estimated_from_source_maf	9782985						20000	0.01	0.5	0.72687	0.0127199	opengwasdb@a0656c0d073875c17088972b24cbb9568c0467a2	
GCST90421024	GCST90421024	passed		source		0.774495	estimated_from_source_maf	9782985						20000	0.01	0.5	0.774495	0.0135642	opengwasdb@a0656c0d073875c17088972b24cbb9568c0467a2	
GCST90421025	GCST90421025	passed		source		0.698684	estimated_from_source_maf	10676806						20000	0.01	0.5	0.698684	0.00861413	opengwasdb@a0656c0d073875c17088972b24cbb9568c0467a2	
GCST90421026	GCST90421026	passed		source		0.694112	estimated_from_source_maf	9782985						20000	0.01	0.5	0.694112	0.0121614	opengwasdb@a0656c0d073875c17088972b24cbb9568c0467a2	
GCST90421027	GCST90421027	passed		source		0.945504	estimated_from_source_maf	9782985						20000	0.01	0.5	0.945504	0.0165624	opengwasdb@a0656c0d073875c17088972b24cbb9568c0467a2	
GCST90421028	GCST90421028	passed		source		0.809558	estimated_from_source_maf	9782985						20000	0.01	0.5	0.809558	0.0141722	opengwasdb@a0656c0d073875c17088972b24cbb9568c0467a2	
GCST90421029	GCST90421029	passed		source		0.867248	estimated_from_source_maf	9782985						20000	0.01	0.5	0.867248	0.0151736	opengwasdb@a0656c0d073875c17088972b24cbb9568c0467a2	
GCST90421030	GCST90421030	passed		source		0.701381	estimated_from_source_maf	10676806						20000	0.01	0.5	0.701381	0.00867904	opengwasdb@a0656c0d073875c17088972b24cbb9568c0467a2	
GCST90421031	GCST90421031	passed		source		0.74071	estimated_from_source_maf	9782985						20000	0.01	0.5	0.74071	0.0129682	opengwasdb@a0656c0d073875c17088972b24cbb9568c0467a2	
GCST90421032	GCST90421032	passed		source		0.763491	estimated_from_source_maf	9782985						20000	0.01	0.5	0.763491	0.0133674	opengwasdb@a0656c0d073875c17088972b24cbb9568c0467a2	
GCST90428068	GCST90428068	skipped	non_quantitative_effect_scale				binary_trait								0.01	0.5			opengwasdb@a0656c0d073875c17088972b24cbb9568c0467a2	case-control effect scale; phenotype-SD estimation not applicable
GCST90428069	GCST90428069	skipped	non_quantitative_effect_scale				binary_trait								0.01	0.5			opengwasdb@a0656c0d073875c17088972b24cbb9568c0467a2	case-control effect scale; phenotype-SD estimation not applicable
GCST90428086	GCST90428086	skipped	non_quantitative_effect_scale				binary_trait								0.01	0.5			opengwasdb@a0656c0d073875c17088972b24cbb9568c0467a2	case-control effect scale; phenotype-SD estimation not applicable
GCST90428087	GCST90428087	warning		source		15.8302	estimated_from_source_maf	7759892						20000	0.01	0.5	15.8302	0.724148	opengwasdb@a0656c0d073875c17088972b24cbb9568c0467a2	
GCST90428088	GCST90428088	passed		source		0.862088	estimated_from_source_maf	7767085						20000	0.01	0.5	0.862088	0.0407531	opengwasdb@a0656c0d073875c17088972b24cbb9568c0467a2	
GCST90428110	GCST90428110	passed		source		0.304216	estimated_from_source_maf	7758155						20000	0.01	0.5	0.304216	0.00323428	opengwasdb@a0656c0d073875c17088972b24cbb9568c0467a2	
GCST90428116	GCST90428116	skipped	non_quantitative_effect_scale				binary_trait								0.01	0.5			opengwasdb@a0656c0d073875c17088972b24cbb9568c0467a2	case-control effect scale; phenotype-SD estimation not applicable
GCST90428399	GCST90428399	passed		source		1.00202	estimated_from_source_maf	7484550						20000	0.01	0.5	1.00202	0.000108117	opengwasdb@a0656c0d073875c17088972b24cbb9568c0467a2	
GCST90428400	GCST90428400	passed		source		1.21344	estimated_from_source_maf	8793263						20000	0.01	0.5	1.21344	0.0408383	opengwasdb@a0656c0d073875c17088972b24cbb9568c0467a2	
GCST90428401	GCST90428401	passed		source		1.00176	estimated_from_source_maf	7544848						20000	0.01	0.5	1.00176	0.000101759	opengwasdb@a0656c0d073875c17088972b24cbb9568c0467a2	
GCST90428402	GCST90428402	passed		source		1.00178	estimated_from_source_maf	6733968						20000	0.01	0.5	1.00178	0.000101871	opengwasdb@a0656c0d073875c17088972b24cbb9568c0467a2	
GCST90428403	GCST90428403	passed		source		1.00177	estimated_from_source_maf	7543221						20000	0.01	0.5	1.00177	0.000101364	opengwasdb@a0656c0d073875c17088972b24cbb9568c0467a2	
GCST90428404	GCST90428404	passed		source		1.14107	estimated_from_source_maf	8933676						20000	0.01	0.5	1.14107	0.0342044	opengwasdb@a0656c0d073875c17088972b24cbb9568c0467a2	
GCST90428405	GCST90428405	passed		source		1.14322	estimated_from_source_maf	8902670						20000	0.01	0.5	1.14322	0.0319971	opengwasdb@a0656c0d073875c17088972b24cbb9568c0467a2	
GCST90428406	GCST90428406	passed		source		1.00178	estimated_from_source_maf	7540685						20000	0.01	0.5	1.00178	0.000101577	opengwasdb@a0656c0d073875c17088972b24cbb9568c0467a2	
GCST90428407	GCST90428407	passed		source		1.00179	estimated_from_source_maf	7547403						20000	0.01	0.5	1.00179	0.00010222	opengwasdb@a0656c0d073875c17088972b24cbb9568c0467a2	
GCST90428408	GCST90428408	passed		source		1.00202	estimated_from_source_maf	7470977						20000	0.01	0.5	1.00202	0.000108772	opengwasdb@a0656c0d073875c17088972b24cbb9568c0467a2	
GCST90428409	GCST90428409	passed		source		1.13118	estimated_from_source_maf	8935929						20000	0.01	0.5	1.13118	0.0331242	opengwasdb@a0656c0d073875c17088972b24cbb9568c0467a2	
GCST90428410	GCST90428410	passed		source		1.00177	estimated_from_source_maf	7539624						20000	0.01	0.5	1.00177	0.000102385	opengwasdb@a0656c0d073875c17088972b24cbb9568c0467a2	
GCST90428411	GCST90428411	passed		source		1.13086	estimated_from_source_maf	9609682						20000	0.01	0.5	1.13086	0.0332832	opengwasdb@a0656c0d073875c17088972b24cbb9568c0467a2	
GCST90428412	GCST90428412	passed		source		1.00204	estimated_from_source_maf	7308774						20000	0.01	0.5	1.00204	0.00010891	opengwasdb@a0656c0d073875c17088972b24cbb9568c0467a2	
GCST90428413	GCST90428413	passed		source		1.13222	estimated_from_source_maf	8934529						20000	0.01	0.5	1.13222	0.0331211	opengwasdb@a0656c0d073875c17088972b24cbb9568c0467a2	
GCST90428414	GCST90428414	passed		source		1.00203	estimated_from_source_maf	7345604						20000	0.01	0.5	1.00203	0.000108762	opengwasdb@a0656c0d073875c17088972b24cbb9568c0467a2	
GCST90428415	GCST90428415	passed		source		1.00202	estimated_from_source_maf	7374008						20000	0.01	0.5	1.00202	0.000109214	opengwasdb@a0656c0d073875c17088972b24cbb9568c0467a2	
GCST90428416	GCST90428416	passed		source		1.00176	estimated_from_source_maf	7540856						20000	0.01	0.5	1.00176	0.00010172	opengwasdb@a0656c0d073875c17088972b24cbb9568c0467a2	
GCST90428417	GCST90428417	passed		source		1.00215	estimated_from_source_maf	7421983						20000	0.01	0.5	1.00215	0.000109014	opengwasdb@a0656c0d073875c17088972b24cbb9568c0467a2	
GCST90428418	GCST90428418	passed		source		1.17114	estimated_from_source_maf	8757269						20000	0.01	0.5	1.17114	0.0337297	opengwasdb@a0656c0d073875c17088972b24cbb9568c0467a2	
GCST90428419	GCST90428419	passed		source		1.00203	estimated_from_source_maf	7336312						20000	0.01	0.5	1.00203	0.000108353	opengwasdb@a0656c0d073875c17088972b24cbb9568c0467a2	
GCST90428420	GCST90428420	passed		source		1.15529	estimated_from_source_maf	8888775						20000	0.01	0.5	1.15529	0.0351399	opengwasdb@a0656c0d073875c17088972b24cbb9568c0467a2	
GCST90428421	GCST90428421	passed		source		1.00202	estimated_from_source_maf	7370717						20000	0.01	0.5	1.00202	0.000108724	opengwasdb@a0656c0d073875c17088972b24cbb9568c0467a2	
GCST90428422	GCST90428422	passed		source		1.00202	estimated_from_source_maf	7369491						20000	0.01	0.5	1.00202	0.000109449	opengwasdb@a0656c0d073875c17088972b24cbb9568c0467a2	
GCST90428423	GCST90428423	passed		source		1.14448	estimated_from_source_maf	8876359						20000	0.01	0.5	1.14448	0.0356227	opengwasdb@a0656c0d073875c17088972b24cbb9568c0467a2	
GCST90428424	GCST90428424	passed		source		1.09797	estimated_from_source_maf	8949740						20000	0.01	0.5	1.09797	0.0287731	opengwasdb@a0656c0d073875c17088972b24cbb9568c0467a2	
GCST90428425	GCST90428425	passed		source		0.999188	estimated_from_source_maf	6314722						20000	0.01	0.5	0.999188	0.00011575	opengwasdb@a0656c0d073875c17088972b24cbb9568c0467a2	
GCST90428426	GCST90428426	passed		source		1.00203	estimated_from_source_maf	7357116						20000	0.01	0.5	1.00203	0.000109159	opengwasdb@a0656c0d073875c17088972b24cbb9568c0467a2	
GCST90428427	GCST90428427	passed		source		1.00202	estimated_from_source_maf	7371433						20000	0.01	0.5	1.00202	0.00010837	opengwasdb@a0656c0d073875c17088972b24cbb9568c0467a2	
GCST90428428	GCST90428428	passed		source		1.13248	estimated_from_source_maf	8935546						20000	0.01	0.5	1.13248	0.0331684	opengwasdb@a0656c0d073875c17088972b24cbb9568c0467a2	
GCST90428429	GCST90428429	passed		source		1.33975	estimated_from_source_maf	8520149						20000	0.01	0.5	1.33975	0.0691889	opengwasdb@a0656c0d073875c17088972b24cbb9568c0467a2	
GCST90428430	GCST90428430	passed		source		1.12099	estimated_from_source_maf	8946138						20000	0.01	0.5	1.12099	0.0303475	opengwasdb@a0656c0d073875c17088972b24cbb9568c0467a2	
GCST90428431	GCST90428431	passed		source		1.00211	estimated_from_source_maf	7350413						20000	0.01	0.5	1.00211	0.000109465	opengwasdb@a0656c0d073875c17088972b24cbb9568c0467a2	
GCST90428432	GCST90428432	passed		source		1.12099	estimated_from_source_maf	8946312						20000	0.01	0.5	1.12099	0.0303567	opengwasdb@a0656c0d073875c17088972b24cbb9568c0467a2	
GCST90428433	GCST90428433	passed		source		1.00202	estimated_from_source_maf	7371866						20000	0.01	0.5	1.00202	0.000108379	opengwasdb@a0656c0d073875c17088972b24cbb9568c0467a2	
GCST90428434	GCST90428434	passed		source		0.980904	estimated_from_source_maf	7524031						20000	0.01	0.5	0.980904	0.000100232	opengwasdb@a0656c0d073875c17088972b24cbb9568c0467a2	
GCST90428435	GCST90428435	passed		source		1.00203	estimated_from_source_maf	7338310						20000	0.01	0.5	1.00203	0.000109289	opengwasdb@a0656c0d073875c17088972b24cbb9568c0467a2	
GCST90428436	GCST90428436	passed		source		1.00257	estimated_from_source_maf	5367982						20000	0.01	0.5	1.00257	0.000115294	opengwasdb@a0656c0d073875c17088972b24cbb9568c0467a2	
GCST90428437	GCST90428437	passed		source		1.15324	estimated_from_source_maf	8853302						20000	0.01	0.5	1.15324	0.032159	opengwasdb@a0656c0d073875c17088972b24cbb9568c0467a2	
GCST90428438	GCST90428438	passed		source		1.14591	estimated_from_source_maf	8903582						20000	0.01	0.5	1.14591	0.0327718	opengwasdb@a0656c0d073875c17088972b24cbb9568c0467a2	
GCST90428446	GCST90428446	passed		source		0.927284	estimated_from_source_maf	10547621						20000	0.01	0.5	0.927284	0.00386638	opengwasdb@a0656c0d073875c17088972b24cbb9568c0467a2	
GCST90428447	GCST90428447	passed		source		0.942742	estimated_from_source_maf	10547597						20000	0.01	0.5	0.942742	0.00370628	opengwasdb@a0656c0d073875c17088972b24cbb9568c0467a2	
GCST90428448	GCST90428448	passed		source		0.919507	estimated_from_source_maf	10547615						20000	0.01	0.5	0.919507	0.00368584	opengwasdb@a0656c0d073875c17088972b24cbb9568c0467a2	
GCST90428462	GCST90428462	failed	no_qualifying_evidence	source			estimated_from_source_maf	0						0	0.01	0.5			opengwasdb@a0656c0d073875c17088972b24cbb9568c0467a2	unavailable: no_qualifying_evidence
GCST90428463	GCST90428463	failed	no_qualifying_evidence	source			estimated_from_source_maf	0						0	0.01	0.5			opengwasdb@a0656c0d073875c17088972b24cbb9568c0467a2	unavailable: no_qualifying_evidence
GCST90428600	GCST90428600	skipped	non_quantitative_effect_scale				binary_trait								0.01	0.5			opengwasdb@a0656c0d073875c17088972b24cbb9568c0467a2	case-control effect scale; phenotype-SD estimation not applicable
GCST90428601	GCST90428601	skipped	non_quantitative_effect_scale				binary_trait								0.01	0.5			opengwasdb@a0656c0d073875c17088972b24cbb9568c0467a2	case-control effect scale; phenotype-SD estimation not applicable
GCST90428602	GCST90428602	skipped	non_quantitative_effect_scale				binary_trait								0.01	0.5			opengwasdb@a0656c0d073875c17088972b24cbb9568c0467a2	case-control effect scale; phenotype-SD estimation not applicable
GCST90428625	GCST90428625	passed		source		0.874361	estimated_from_source_maf	8098600						20000	0.01	0.5	0.874361	0.0366786	opengwasdb@a0656c0d073875c17088972b24cbb9568c0467a2	
GCST90428785	GCST90428785	passed		source		0.295418	estimated_from_source_maf	9249019						20000	0.01	0.5	0.295418	0.00118524	opengwasdb@a0656c0d073875c17088972b24cbb9568c0467a2	
GCST90428786	GCST90428786	passed		source		0.729312	estimated_from_source_maf	9249256						20000	0.01	0.5	0.729312	0.00336678	opengwasdb@a0656c0d073875c17088972b24cbb9568c0467a2	
GCST90428787	GCST90428787	passed		source		0.334685	estimated_from_source_maf	9249114						20000	0.01	0.5	0.334685	0.00133017	opengwasdb@a0656c0d073875c17088972b24cbb9568c0467a2	
GCST90428788	GCST90428788	passed		source		0.195505	estimated_from_source_maf	9249207						20000	0.01	0.5	0.195505	0.000975383	opengwasdb@a0656c0d073875c17088972b24cbb9568c0467a2	
GCST90428789	GCST90428789	skipped	non_quantitative_effect_scale				binary_trait								0.01	0.5			opengwasdb@a0656c0d073875c17088972b24cbb9568c0467a2	case-control effect scale; phenotype-SD estimation not applicable
GCST90428838	GCST90428838	skipped	non_quantitative_effect_scale				binary_trait								0.01	0.5			opengwasdb@a0656c0d073875c17088972b24cbb9568c0467a2	case-control effect scale; phenotype-SD estimation not applicable
GCST90429062	GCST90429062	passed		source		0.966741	estimated_from_source_maf	7099967						20000	0.01	0.5	0.966741	0.00282244	opengwasdb@a0656c0d073875c17088972b24cbb9568c0467a2	
GCST90429699	GCST90429699	passed		source		1.00195	estimated_from_source_maf	9030043						20000	0.01	0.5	1.00195	0.00200026	opengwasdb@a0656c0d073875c17088972b24cbb9568c0467a2	
GCST90429765	GCST90429765	passed		source		0.981522	estimated_from_source_maf	8499066						20000	0.01	0.5	0.981522	0.00297858	opengwasdb@a0656c0d073875c17088972b24cbb9568c0467a2	
GCST90429766	GCST90429766	passed		source		1.00302	estimated_from_source_maf	8499066						20000	0.01	0.5	1.00302	0.00270154	opengwasdb@a0656c0d073875c17088972b24cbb9568c0467a2	
GCST90429767	GCST90429767	passed		source		0.553528	estimated_from_source_maf	8499066						20000	0.01	0.5	0.553528	0.00148658	opengwasdb@a0656c0d073875c17088972b24cbb9568c0467a2	
GCST90429768	GCST90429768	passed		source		0.545907	estimated_from_source_maf	8499066						20000	0.01	0.5	0.545907	0.0014691	opengwasdb@a0656c0d073875c17088972b24cbb9568c0467a2	
GCST90429769	GCST90429769	passed		source		0.553427	estimated_from_source_maf	8499066						20000	0.01	0.5	0.553427	0.00148855	opengwasdb@a0656c0d073875c17088972b24cbb9568c0467a2	
GCST90429770	GCST90429770	passed		source		0.976857	estimated_from_source_maf	8499286						20000	0.01	0.5	0.976857	0.00300634	opengwasdb@a0656c0d073875c17088972b24cbb9568c0467a2	
GCST90429771	GCST90429771	passed		source		1.00276	estimated_from_source_maf	8499286						20000	0.01	0.5	1.00276	0.00279967	opengwasdb@a0656c0d073875c17088972b24cbb9568c0467a2	
GCST90429772	GCST90429772	passed		source		0.551913	estimated_from_source_maf	8499286						20000	0.01	0.5	0.551913	0.00154037	opengwasdb@a0656c0d073875c17088972b24cbb9568c0467a2	
GCST90429773	GCST90429773	passed		source		0.54701	estimated_from_source_maf	8499286						20000	0.01	0.5	0.54701	0.0015271	opengwasdb@a0656c0d073875c17088972b24cbb9568c0467a2	
GCST90429774	GCST90429774	passed		source		0.555457	estimated_from_source_maf	8499286						20000	0.01	0.5	0.555457	0.00155169	opengwasdb@a0656c0d073875c17088972b24cbb9568c0467a2	
GCST90429775	GCST90429775	passed		source		0.966077	estimated_from_source_maf	8499614						20000	0.01	0.5	0.966077	0.0028931	opengwasdb@a0656c0d073875c17088972b24cbb9568c0467a2	
GCST90429776	GCST90429776	passed		source		1.0021	estimated_from_source_maf	8499614						20000	0.01	0.5	1.0021	0.00244355	opengwasdb@a0656c0d073875c17088972b24cbb9568c0467a2	
GCST90429777	GCST90429777	passed		source		0.551995	estimated_from_source_maf	8499614						20000	0.01	0.5	0.551995	0.00134668	opengwasdb@a0656c0d073875c17088972b24cbb9568c0467a2	
GCST90429778	GCST90429778	passed		source		0.546932	estimated_from_source_maf	8499614						20000	0.01	0.5	0.546932	0.00133725	opengwasdb@a0656c0d073875c17088972b24cbb9568c0467a2	
GCST90429779	GCST90429779	passed		source		0.552685	estimated_from_source_maf	8499614						20000	0.01	0.5	0.552685	0.00135065	opengwasdb@a0656c0d073875c17088972b24cbb9568c0467a2	
GCST90429780	GCST90429780	passed		source		0.965007	estimated_from_source_maf	8497926						20000	0.01	0.5	0.965007	0.00305476	opengwasdb@a0656c0d073875c17088972b24cbb9568c0467a2	
GCST90429781	GCST90429781	passed		source		1.00217	estimated_from_source_maf	8497926						20000	0.01	0.5	1.00217	0.00265373	opengwasdb@a0656c0d073875c17088972b24cbb9568c0467a2	
GCST90429782	GCST90429782	passed		source		0.540975	estimated_from_source_maf	8497926						20000	0.01	0.5	0.540975	0.00143147	opengwasdb@a0656c0d073875c17088972b24cbb9568c0467a2	
GCST90429783	GCST90429783	passed		source		0.533145	estimated_from_source_maf	8497926						20000	0.01	0.5	0.533145	0.00140965	opengwasdb@a0656c0d073875c17088972b24cbb9568c0467a2	
GCST90429784	GCST90429784	passed		source		0.535453	estimated_from_source_maf	8497926						20000	0.01	0.5	0.535453	0.00141698	opengwasdb@a0656c0d073875c17088972b24cbb9568c0467a2	
GCST90429785	GCST90429785	passed		source		0.964072	estimated_from_source_maf	8497759						20000	0.01	0.5	0.964072	0.00311182	opengwasdb@a0656c0d073875c17088972b24cbb9568c0467a2	
GCST90429786	GCST90429786	passed		source		1.00288	estimated_from_source_maf	8497759						20000	0.01	0.5	1.00288	0.00272981	opengwasdb@a0656c0d073875c17088972b24cbb9568c0467a2	
GCST90429787	GCST90429787	passed		source		0.510115	estimated_from_source_maf	8497759						20000	0.01	0.5	0.510115	0.0013923	opengwasdb@a0656c0d073875c17088972b24cbb9568c0467a2	
GCST90429788	GCST90429788	passed		source		0.504282	estimated_from_source_maf	8497759						20000	0.01	0.5	0.504282	0.00137536	opengwasdb@a0656c0d073875c17088972b24cbb9568c0467a2	
GCST90429789	GCST90429789	passed		source		0.512285	estimated_from_source_maf	8497759						20000	0.01	0.5	0.512285	0.00139878	opengwasdb@a0656c0d073875c17088972b24cbb9568c0467a2	
GCST90429790	GCST90429790	passed		source		0.9499	estimated_from_source_maf	8498054						20000	0.01	0.5	0.9499	0.00316672	opengwasdb@a0656c0d073875c17088972b24cbb9568c0467a2	
GCST90429791	GCST90429791	passed		source		1.00181	estimated_from_source_maf	8498054						20000	0.01	0.5	1.00181	0.00240972	opengwasdb@a0656c0d073875c17088972b24cbb9568c0467a2	
GCST90429792	GCST90429792	passed		source		0.525433	estimated_from_source_maf	8498054						20000	0.01	0.5	0.525433	0.00126331	opengwasdb@a0656c0d073875c17088972b24cbb9568c0467a2	
GCST90429793	GCST90429793	passed		source		0.520965	estimated_from_source_maf	8498054						20000	0.01	0.5	0.520965	0.00125216	opengwasdb@a0656c0d073875c17088972b24cbb9568c0467a2	
GCST90429794	GCST90429794	passed		source		0.527026	estimated_from_source_maf	8498054						20000	0.01	0.5	0.527026	0.00126805	opengwasdb@a0656c0d073875c17088972b24cbb9568c0467a2	
GCST90429795	GCST90429795	skipped	non_quantitative_effect_scale				binary_trait								0.01	0.5			opengwasdb@a0656c0d073875c17088972b24cbb9568c0467a2	case-control effect scale; phenotype-SD estimation not applicable
GCST90429796	GCST90429796	skipped	non_quantitative_effect_scale				binary_trait								0.01	0.5			opengwasdb@a0656c0d073875c17088972b24cbb9568c0467a2	case-control effect scale; phenotype-SD estimation not applicable
GCST90429797	GCST90429797	skipped	non_quantitative_effect_scale				binary_trait								0.01	0.5			opengwasdb@a0656c0d073875c17088972b24cbb9568c0467a2	case-control effect scale; phenotype-SD estimation not applicable
GCST90429798	GCST90429798	skipped	non_quantitative_effect_scale				binary_trait								0.01	0.5			opengwasdb@a0656c0d073875c17088972b24cbb9568c0467a2	case-control effect scale; phenotype-SD estimation not applicable
GCST90429799	GCST90429799	passed		source		1.00178	estimated_from_source_maf	5180409						20000	0.01	0.5	1.00178	0.013814	opengwasdb@a0656c0d073875c17088972b24cbb9568c0467a2	
GCST90429800	GCST90429800	passed		source		1.00958	estimated_from_source_maf	5180409						20000	0.01	0.5	1.00958	0.0138696	opengwasdb@a0656c0d073875c17088972b24cbb9568c0467a2	
GCST90429801	GCST90429801	passed		source		1.00337	estimated_from_source_maf	5180409						20000	0.01	0.5	1.00337	0.0138438	opengwasdb@a0656c0d073875c17088972b24cbb9568c0467a2	
GCST90429802	GCST90429802	passed		source		1.00651	estimated_from_source_maf	5180409						20000	0.01	0.5	1.00651	0.0138364	opengwasdb@a0656c0d073875c17088972b24cbb9568c0467a2	
GCST90429803	GCST90429803	passed		source		1.00676	estimated_from_source_maf	5180409						20000	0.01	0.5	1.00676	0.0138247	opengwasdb@a0656c0d073875c17088972b24cbb9568c0467a2	
GCST90429804	GCST90429804	passed		source		1.00384	estimated_from_source_maf	5180409						20000	0.01	0.5	1.00384	0.0138169	opengwasdb@a0656c0d073875c17088972b24cbb9568c0467a2	
GCST90429805	GCST90429805	passed		source		1.01037	estimated_from_source_maf	5180409						20000	0.01	0.5	1.01037	0.0138925	opengwasdb@a0656c0d073875c17088972b24cbb9568c0467a2	
GCST90429806	GCST90429806	passed		source		1.00208	estimated_from_source_maf	5180409						20000	0.01	0.5	1.00208	0.0137953	opengwasdb@a0656c0d073875c17088972b24cbb9568c0467a2	
GCST90429807	GCST90429807	passed		source		1.01362	estimated_from_source_maf	5180409						20000	0.01	0.5	1.01362	0.0139604	opengwasdb@a0656c0d073875c17088972b24cbb9568c0467a2	
GCST90429808	GCST90429808	passed		source		1.00574	estimated_from_source_maf	5180409						20000	0.01	0.5	1.00574	0.0137878	opengwasdb@a0656c0d073875c17088972b24cbb9568c0467a2	
GCST90429809	GCST90429809	passed		source		1.00442	estimated_from_source_maf	5180409						20000	0.01	0.5	1.00442	0.0137747	opengwasdb@a0656c0d073875c17088972b24cbb9568c0467a2	
GCST90429810	GCST90429810	passed		source		1.01016	estimated_from_source_maf	5180409						20000	0.01	0.5	1.01016	0.0139314	opengwasdb@a0656c0d073875c17088972b24cbb9568c0467a2	
GCST90429811	GCST90429811	passed		source		1.00205	estimated_from_source_maf	5180409						20000	0.01	0.5	1.00205	0.0137966	opengwasdb@a0656c0d073875c17088972b24cbb9568c0467a2	
GCST90429812	GCST90429812	passed		source		1.01398	estimated_from_source_maf	5180409						20000	0.01	0.5	1.01398	0.0140115	opengwasdb@a0656c0d073875c17088972b24cbb9568c0467a2	
GCST90429813	GCST90429813	passed		source		1.00246	estimated_from_source_maf	5180409						20000	0.01	0.5	1.00246	0.0138241	opengwasdb@a0656c0d073875c17088972b24cbb9568c0467a2	
GCST90429814	GCST90429814	passed		source		1.01636	estimated_from_source_maf	5180409						20000	0.01	0.5	1.01636	0.014029	opengwasdb@a0656c0d073875c17088972b24cbb9568c0467a2	
GCST90429815	GCST90429815	passed		source		1.00542	estimated_from_source_maf	5180409						20000	0.01	0.5	1.00542	0.0137872	opengwasdb@a0656c0d073875c17088972b24cbb9568c0467a2	
GCST90429816	GCST90429816	passed		source		1.01699	estimated_from_source_maf	5180409						20000	0.01	0.5	1.01699	0.0141692	opengwasdb@a0656c0d073875c17088972b24cbb9568c0467a2	
GCST90429817	GCST90429817	passed		source		1.00591	estimated_from_source_maf	5180409						20000	0.01	0.5	1.00591	0.0138552	opengwasdb@a0656c0d073875c17088972b24cbb9568c0467a2	
GCST90429818	GCST90429818	passed		source		1.0075	estimated_from_source_maf	5180409						20000	0.01	0.5	1.0075	0.0138207	opengwasdb@a0656c0d073875c17088972b24cbb9568c0467a2	
GCST90429819	GCST90429819	passed		source		1.00956	estimated_from_source_maf	5180409						20000	0.01	0.5	1.00956	0.0139051	opengwasdb@a0656c0d073875c17088972b24cbb9568c0467a2	
GCST90429820	GCST90429820	passed		source		1.00527	estimated_from_source_maf	5180409						20000	0.01	0.5	1.00527	0.0139084	opengwasdb@a0656c0d073875c17088972b24cbb9568c0467a2	
GCST90429821	GCST90429821	passed		source		1.00945	estimated_from_source_maf	5180409						20000	0.01	0.5	1.00945	0.0139716	opengwasdb@a0656c0d073875c17088972b24cbb9568c0467a2	
GCST90429822	GCST90429822	passed		source		1.01989	estimated_from_source_maf	5180409						20000	0.01	0.5	1.01989	0.0142364	opengwasdb@a0656c0d073875c17088972b24cbb9568c0467a2	
GCST90429823	GCST90429823	passed		source		1.00765	estimated_from_source_maf	5180409						20000	0.01	0.5	1.00765	0.0138684	opengwasdb@a0656c0d073875c17088972b24cbb9568c0467a2	
GCST90429824	GCST90429824	passed		source		1.01621	estimated_from_source_maf	5180409						20000	0.01	0.5	1.01621	0.0140433	opengwasdb@a0656c0d073875c17088972b24cbb9568c0467a2	
GCST90429825	GCST90429825	passed		source		1.00294	estimated_from_source_maf	5180409						20000	0.01	0.5	1.00294	0.0137673	opengwasdb@a0656c0d073875c17088972b24cbb9568c0467a2	
GCST90429826	GCST90429826	passed		source		1.05962	estimated_from_source_maf	5180409						20000	0.01	0.5	1.05962	0.0152424	opengwasdb@a0656c0d073875c17088972b24cbb9568c0467a2	
GCST90429827	GCST90429827	passed		source		1.02275	estimated_from_source_maf	5180409						20000	0.01	0.5	1.02275	0.0142168	opengwasdb@a0656c0d073875c17088972b24cbb9568c0467a2	
GCST90429828	GCST90429828	passed		source		1.00479	estimated_from_source_maf	5180409						20000	0.01	0.5	1.00479	0.013875	opengwasdb@a0656c0d073875c17088972b24cbb9568c0467a2	
GCST90429829	GCST90429829	passed		source		1.00643	estimated_from_source_maf	5180409						20000	0.01	0.5	1.00643	0.013856	opengwasdb@a0656c0d073875c17088972b24cbb9568c0467a2	
GCST90429830	GCST90429830	passed		source		1.04017	estimated_from_source_maf	5180409						20000	0.01	0.5	1.04017	0.0147539	opengwasdb@a0656c0d073875c17088972b24cbb9568c0467a2	
GCST90429831	GCST90429831	passed		source		1.00432	estimated_from_source_maf	5180409						20000	0.01	0.5	1.00432	0.013768	opengwasdb@a0656c0d073875c17088972b24cbb9568c0467a2	
GCST90429832	GCST90429832	passed		source		1.04552	estimated_from_source_maf	5180409						20000	0.01	0.5	1.04552	0.0149427	opengwasdb@a0656c0d073875c17088972b24cbb9568c0467a2	
GCST90429833	GCST90429833	passed		source		1.00558	estimated_from_source_maf	5180409						20000	0.01	0.5	1.00558	0.0139507	opengwasdb@a0656c0d073875c17088972b24cbb9568c0467a2	
GCST90429834	GCST90429834	passed		source		1.19513	estimated_from_source_maf	5180409						20000	0.01	0.5	1.19513	0.0196394	opengwasdb@a0656c0d073875c17088972b24cbb9568c0467a2	
GCST90429835	GCST90429835	passed		source		1.00737	estimated_from_source_maf	5180409						20000	0.01	0.5	1.00737	0.013889	opengwasdb@a0656c0d073875c17088972b24cbb9568c0467a2	
GCST90429836	GCST90429836	passed		source		1.09989	estimated_from_source_maf	5180409						20000	0.01	0.5	1.09989	0.0165584	opengwasdb@a0656c0d073875c17088972b24cbb9568c0467a2	
GCST90429837	GCST90429837	passed		source		1.33451	estimated_from_source_maf	5180406						20000	0.01	0.5	1.33451	0.0246377	opengwasdb@a0656c0d073875c17088972b24cbb9568c0467a2	
GCST90429838	GCST90429838	passed		source		1.23074	estimated_from_source_maf	5180409						20000	0.01	0.5	1.23074	0.0210997	opengwasdb@a0656c0d073875c17088972b24cbb9568c0467a2	
GCST90429839	GCST90429839	passed		source		1.00958	estimated_from_source_maf	5180409						20000	0.01	0.5	1.00958	0.0138435	opengwasdb@a0656c0d073875c17088972b24cbb9568c0467a2	
GCST90429840	GCST90429840	passed		source		1.03929	estimated_from_source_maf	5180409						20000	0.01	0.5	1.03929	0.0146839	opengwasdb@a0656c0d073875c17088972b24cbb9568c0467a2	
GCST90429841	GCST90429841	passed		source		1.00767	estimated_from_source_maf	5180409						20000	0.01	0.5	1.00767	0.0139068	opengwasdb@a0656c0d073875c17088972b24cbb9568c0467a2	
GCST90432066	GCST90432066	skipped	non_quantitative_effect_scale				binary_trait								0.01	0.5			opengwasdb@a0656c0d073875c17088972b24cbb9568c0467a2	case-control effect scale; phenotype-SD estimation not applicable
GCST90432068	GCST90432068	skipped	non_quantitative_effect_scale				binary_trait								0.01	0.5			opengwasdb@a0656c0d073875c17088972b24cbb9568c0467a2	case-control effect scale; phenotype-SD estimation not applicable
GCST90432071	GCST90432071	skipped	non_quantitative_effect_scale				binary_trait								0.01	0.5			opengwasdb@a0656c0d073875c17088972b24cbb9568c0467a2	case-control effect scale; phenotype-SD estimation not applicable
GCST90432073	GCST90432073	skipped	non_quantitative_effect_scale				binary_trait								0.01	0.5			opengwasdb@a0656c0d073875c17088972b24cbb9568c0467a2	case-control effect scale; phenotype-SD estimation not applicable
GCST90432107	GCST90432107	skipped	non_quantitative_effect_scale				binary_trait								0.01	0.5			opengwasdb@a0656c0d073875c17088972b24cbb9568c0467a2	case-control effect scale; phenotype-SD estimation not applicable
GCST90432156	GCST90432156	skipped	non_quantitative_effect_scale				binary_trait								0.01	0.5			opengwasdb@a0656c0d073875c17088972b24cbb9568c0467a2	case-control effect scale; phenotype-SD estimation not applicable
GCST90432157	GCST90432157	skipped	non_quantitative_effect_scale				binary_trait								0.01	0.5			opengwasdb@a0656c0d073875c17088972b24cbb9568c0467a2	case-control effect scale; phenotype-SD estimation not applicable
GCST90432158	GCST90432158	skipped	non_quantitative_effect_scale				binary_trait								0.01	0.5			opengwasdb@a0656c0d073875c17088972b24cbb9568c0467a2	case-control effect scale; phenotype-SD estimation not applicable
GCST90432179	GCST90432179	passed		source		5.12544	estimated_from_source_maf	10516600						20000	0.01	0.5	5.12544	0.0204513	opengwasdb@a0656c0d073875c17088972b24cbb9568c0467a2	
GCST90432180	GCST90432180	passed		source		5.72282	estimated_from_source_maf	10515369						20000	0.01	0.5	5.72282	0.0227425	opengwasdb@a0656c0d073875c17088972b24cbb9568c0467a2	
GCST90432181	GCST90432181	passed		source		10.8393	estimated_from_source_maf	10516276						20000	0.01	0.5	10.8393	0.0566687	opengwasdb@a0656c0d073875c17088972b24cbb9568c0467a2	
GCST90435134	GCST90435134	skipped	non_quantitative_effect_scale				binary_trait								0.01	0.5			opengwasdb@a0656c0d073875c17088972b24cbb9568c0467a2	case-control effect scale; phenotype-SD estimation not applicable
GCST90435135	GCST90435135	passed		source		2.9421	estimated_from_source_maf	7394942						20000	0.01	0.5	2.9421	0.121288	opengwasdb@a0656c0d073875c17088972b24cbb9568c0467a2	
GCST90435136	GCST90435136	skipped	non_quantitative_effect_scale				binary_trait								0.01	0.5			opengwasdb@a0656c0d073875c17088972b24cbb9568c0467a2	case-control effect scale; phenotype-SD estimation not applicable
GCST90435137	GCST90435137	skipped	non_quantitative_effect_scale				binary_trait								0.01	0.5			opengwasdb@a0656c0d073875c17088972b24cbb9568c0467a2	case-control effect scale; phenotype-SD estimation not applicable
GCST90435138	GCST90435138	passed		source		2.48074	estimated_from_source_maf	8008699						20000	0.01	0.5	2.48074	0.0730303	opengwasdb@a0656c0d073875c17088972b24cbb9568c0467a2	
GCST90435139	GCST90435139	skipped	non_quantitative_effect_scale				binary_trait								0.01	0.5			opengwasdb@a0656c0d073875c17088972b24cbb9568c0467a2	case-control effect scale; phenotype-SD estimation not applicable
GCST90435144	GCST90435144	passed		source		0.937278	estimated_from_source_maf	10299471						20000	0.01	0.5	0.937278	0.00337788	opengwasdb@a0656c0d073875c17088972b24cbb9568c0467a2	
GCST90435145	GCST90435145	passed		source		0.986113	estimated_from_source_maf	10299471						20000	0.01	0.5	0.986113	0.00324947	opengwasdb@a0656c0d073875c17088972b24cbb9568c0467a2	
GCST90435146	GCST90435146	skipped	non_quantitative_effect_scale				binary_trait								0.01	0.5			opengwasdb@a0656c0d073875c17088972b24cbb9568c0467a2	case-control effect scale; phenotype-SD estimation not applicable
GCST90435147	GCST90435147	skipped	non_quantitative_effect_scale				binary_trait								0.01	0.5			opengwasdb@a0656c0d073875c17088972b24cbb9568c0467a2	case-control effect scale; phenotype-SD estimation not applicable
GCST90435148	GCST90435148	skipped	non_quantitative_effect_scale				binary_trait								0.01	0.5			opengwasdb@a0656c0d073875c17088972b24cbb9568c0467a2	case-control effect scale; phenotype-SD estimation not applicable
GCST90435150	GCST90435150	passed		source		0.937494	estimated_from_source_maf	7385484						20000	0.01	0.5	0.937494	0.00726159	opengwasdb@a0656c0d073875c17088972b24cbb9568c0467a2	
GCST90435254	GCST90435254	skipped	non_quantitative_effect_scale				binary_trait								0.01	0.5			opengwasdb@a0656c0d073875c17088972b24cbb9568c0467a2	case-control effect scale; phenotype-SD estimation not applicable
GCST90435353	GCST90435353	passed		source		4.67603	estimated_from_source_maf	9121587						20000	0.01	0.5	4.67603	0.0134139	opengwasdb@a0656c0d073875c17088972b24cbb9568c0467a2	
GCST90435354	GCST90435354	passed		source		5.93157	estimated_from_source_maf	9125449						20000	0.01	0.5	5.93157	0.0169321	opengwasdb@a0656c0d073875c17088972b24cbb9568c0467a2	
GCST90435355	GCST90435355	passed		source		9.00277	estimated_from_source_maf	9135523						20000	0.01	0.5	9.00277	0.0267977	opengwasdb@a0656c0d073875c17088972b24cbb9568c0467a2	
GCST90435356	GCST90435356	passed		source		14.3753	estimated_from_source_maf	9141082						20000	0.01	0.5	14.3753	0.0450926	opengwasdb@a0656c0d073875c17088972b24cbb9568c0467a2	
GCST90435357	GCST90435357	passed		source		24.1636	estimated_from_source_maf	9144926						20000	0.01	0.5	24.1636	0.0763626	opengwasdb@a0656c0d073875c17088972b24cbb9568c0467a2	
GCST90435358	GCST90435358	passed		source		30.304	estimated_from_source_maf	9128960						20000	0.01	0.5	30.304	0.0899904	opengwasdb@a0656c0d073875c17088972b24cbb9568c0467a2	
GCST90435359	GCST90435359	passed		source		43.4085	estimated_from_source_maf	8775448						20000	0.01	0.5	43.4085	0.14193	opengwasdb@a0656c0d073875c17088972b24cbb9568c0467a2	
GCST90435360	GCST90435360	passed		source		35.1619	estimated_from_source_maf	9058023						20000	0.01	0.5	35.1619	0.123389	opengwasdb@a0656c0d073875c17088972b24cbb9568c0467a2	
GCST90435361	GCST90435361	passed		source		44.476	estimated_from_source_maf	8726056						20000	0.01	0.5	44.476	0.128149	opengwasdb@a0656c0d073875c17088972b24cbb9568c0467a2	
GCST90435362	GCST90435362	passed		source		69.3162	estimated_from_source_maf	7501967						20000	0.01	0.5	69.3162	0.189743	opengwasdb@a0656c0d073875c17088972b24cbb9568c0467a2	
GCST90435363	GCST90435363	passed		source		46.3893	estimated_from_source_maf	8633303						20000	0.01	0.5	46.3893	0.127309	opengwasdb@a0656c0d073875c17088972b24cbb9568c0467a2	
GCST90435364	GCST90435364	passed		source		27.4064	estimated_from_source_maf	9141928						20000	0.01	0.5	27.4064	0.0957203	opengwasdb@a0656c0d073875c17088972b24cbb9568c0467a2	
GCST90435365	GCST90435365	passed		source		5.00713	estimated_from_source_maf	10123387						20000	0.01	0.5	5.00713	0.179998	opengwasdb@a0656c0d073875c17088972b24cbb9568c0467a2	
GCST90435366	GCST90435366	passed		source		6.44155	estimated_from_source_maf	10124224						20000	0.01	0.5	6.44155	0.277989	opengwasdb@a0656c0d073875c17088972b24cbb9568c0467a2	
GCST90435367	GCST90435367	passed		source		9.4817	estimated_from_source_maf	10124510						20000	0.01	0.5	9.4817	0.264609	opengwasdb@a0656c0d073875c17088972b24cbb9568c0467a2	
GCST90435368	GCST90435368	warning		source		15.4413	estimated_from_source_maf	10116161						20000	0.01	0.5	15.4413	0.609114	opengwasdb@a0656c0d073875c17088972b24cbb9568c0467a2	
GCST90435369	GCST90435369	passed		source		24.6185	estimated_from_source_maf	10046707						20000	0.01	0.5	24.6185	0.472085	opengwasdb@a0656c0d073875c17088972b24cbb9568c0467a2	
GCST90435370	GCST90435370	warning		source		31.7275	estimated_from_source_maf	9846291						20000	0.01	0.5	31.7275	0.813294	opengwasdb@a0656c0d073875c17088972b24cbb9568c0467a2	
GCST90435371	GCST90435371	warning		source		42.8191	estimated_from_source_maf	9460565						20000	0.01	0.5	42.8191	1.12258	opengwasdb@a0656c0d073875c17088972b24cbb9568c0467a2	
GCST90435372	GCST90435372	warning		source		37.4489	estimated_from_source_maf	9638184						20000	0.01	0.5	37.4489	1.2058	opengwasdb@a0656c0d073875c17088972b24cbb9568c0467a2	
GCST90435373	GCST90435373	warning		source		45.585	estimated_from_source_maf	9321472						20000	0.01	0.5	45.585	1.1802	opengwasdb@a0656c0d073875c17088972b24cbb9568c0467a2	
GCST90435374	GCST90435374	warning		source		67.5834	estimated_from_source_maf	8106219						20000	0.01	0.5	67.5834	2.5928	opengwasdb@a0656c0d073875c17088972b24cbb9568c0467a2	
GCST90435375	GCST90435375	warning		source		50.5248	estimated_from_source_maf	9015883						20000	0.01	0.5	50.5248	1.42811	opengwasdb@a0656c0d073875c17088972b24cbb9568c0467a2	
GCST90435376	GCST90435376	warning		source		28.1083	estimated_from_source_maf	9957651						20000	0.01	0.5	28.1083	0.626095	opengwasdb@a0656c0d073875c17088972b24cbb9568c0467a2	
GCST90435377	GCST90435377	skipped	non_quantitative_effect_scale				binary_trait								0.01	0.5			opengwasdb@a0656c0d073875c17088972b24cbb9568c0467a2	case-control effect scale; phenotype-SD estimation not applicable
GCST90435378	GCST90435378	skipped	non_quantitative_effect_scale				binary_trait								0.01	0.5			opengwasdb@a0656c0d073875c17088972b24cbb9568c0467a2	case-control effect scale; phenotype-SD estimation not applicable
GCST90435387	GCST90435387	skipped	non_quantitative_effect_scale				binary_trait								0.01	0.5			opengwasdb@a0656c0d073875c17088972b24cbb9568c0467a2	case-control effect scale; phenotype-SD estimation not applicable
GCST90435416	GCST90435416	passed		source		0.711675	estimated_from_source_maf	7148203						20000	0.01	0.5	0.711675	0.0474427	opengwasdb@a0656c0d073875c17088972b24cbb9568c0467a2	
GCST90435417	GCST90435417	passed		source		0.698065	estimated_from_source_maf	7530724						20000	0.01	0.5	0.698065	0.0475229	opengwasdb@a0656c0d073875c17088972b24cbb9568c0467a2	
GCST90435503	GCST90435503	passed		source		1.60843	estimated_from_source_maf	434183						20000	0.01	0.5	1.60843	0.0171973	opengwasdb@a0656c0d073875c17088972b24cbb9568c0467a2	
GCST90435504	GCST90435504	passed		source		1.71065	estimated_from_source_maf	434183						20000	0.01	0.5	1.71065	0.0183752	opengwasdb@a0656c0d073875c17088972b24cbb9568c0467a2	
GCST90435505	GCST90435505	passed		source		1.85539	estimated_from_source_maf	434183						20000	0.01	0.5	1.85539	0.0199148	opengwasdb@a0656c0d073875c17088972b24cbb9568c0467a2	
GCST90435506	GCST90435506	passed		source		1.49572	estimated_from_source_maf	434183						20000	0.01	0.5	1.49572	0.016032	opengwasdb@a0656c0d073875c17088972b24cbb9568c0467a2	
GCST90435507	GCST90435507	passed		source		1.85964	estimated_from_source_maf	434183						20000	0.01	0.5	1.85964	0.0199935	opengwasdb@a0656c0d073875c17088972b24cbb9568c0467a2	
GCST90435508	GCST90435508	passed		source		1.75149	estimated_from_source_maf	434183						20000	0.01	0.5	1.75149	0.0187774	opengwasdb@a0656c0d073875c17088972b24cbb9568c0467a2	
GCST90444373	GCST90444373	skipped	non_quantitative_effect_scale				binary_trait								0.01	0.5			opengwasdb@a0656c0d073875c17088972b24cbb9568c0467a2	case-control effect scale; phenotype-SD estimation not applicable
GCST90444374	GCST90444374	passed		source		3.00273	estimated_from_source_maf	296668						20000	0.01	0.5	3.00273	0.1303	opengwasdb@a0656c0d073875c17088972b24cbb9568c0467a2	
GCST90444375	GCST90444375	passed		source		5.16741	estimated_from_source_maf	298102						20000	0.01	0.5	5.16741	0.117885	opengwasdb@a0656c0d073875c17088972b24cbb9568c0467a2	
GCST90444376	GCST90444376	passed		source		5.89191	estimated_from_source_maf	298120						20000	0.01	0.5	5.89191	0.124741	opengwasdb@a0656c0d073875c17088972b24cbb9568c0467a2	
GCST90444391	GCST90444391	skipped	non_quantitative_effect_scale				binary_trait								0.01	0.5			opengwasdb@a0656c0d073875c17088972b24cbb9568c0467a2	case-control effect scale; phenotype-SD estimation not applicable
GCST90444392	GCST90444392	skipped	non_quantitative_effect_scale				binary_trait								0.01	0.5			opengwasdb@a0656c0d073875c17088972b24cbb9568c0467a2	case-control effect scale; phenotype-SD estimation not applicable
GCST90444393	GCST90444393	skipped	non_quantitative_effect_scale				binary_trait								0.01	0.5			opengwasdb@a0656c0d073875c17088972b24cbb9568c0467a2	case-control effect scale; phenotype-SD estimation not applicable
GCST90444394	GCST90444394	skipped	non_quantitative_effect_scale				binary_trait								0.01	0.5			opengwasdb@a0656c0d073875c17088972b24cbb9568c0467a2	case-control effect scale; phenotype-SD estimation not applicable
GCST90444395	GCST90444395	passed		source		0.780372	estimated_from_source_maf	227138						20000	0.01	0.5	0.780372	0.00210452	opengwasdb@a0656c0d073875c17088972b24cbb9568c0467a2	
GCST90444397	GCST90444397	skipped	non_quantitative_effect_scale				binary_trait								0.01	0.5			opengwasdb@a0656c0d073875c17088972b24cbb9568c0467a2	case-control effect scale; phenotype-SD estimation not applicable
GCST90444478	GCST90444478	passed		source		0.571111	estimated_from_source_maf	7042316						20000	0.01	0.5	0.571111	0.0147572	opengwasdb@a0656c0d073875c17088972b24cbb9568c0467a2	
GCST90444480	GCST90444480	passed		source		0.861091	estimated_from_source_maf	4824226						20000	0.01	0.5	0.861091	0.169526	opengwasdb@a0656c0d073875c17088972b24cbb9568c0467a2	
GCST90444487	GCST90444487	passed		source		0.999273	estimated_from_source_maf	2261299						20000	0.01	0.5	0.999273	0.0172831	opengwasdb@a0656c0d073875c17088972b24cbb9568c0467a2	
GCST90444488	GCST90444488	passed		source		0.998335	estimated_from_source_maf	2229943						20000	0.01	0.5	0.998335	0.0196487	opengwasdb@a0656c0d073875c17088972b24cbb9568c0467a2	
GCST90446160	GCST90446160	passed		source		0.976505	estimated_from_source_maf	926138						20000	0.01	0.5	0.976505	0.00181943	opengwasdb@a0656c0d073875c17088972b24cbb9568c0467a2	
GCST90446162	GCST90446162	passed		source		0.984271	estimated_from_source_maf	926144						20000	0.01	0.5	0.984271	0.00183422	opengwasdb@a0656c0d073875c17088972b24cbb9568c0467a2	
GCST90446163	GCST90446163	passed		source		0.970703	estimated_from_source_maf	926138						20000	0.01	0.5	0.970703	0.00180828	opengwasdb@a0656c0d073875c17088972b24cbb9568c0467a2	
GCST90446168	GCST90446168	passed		source		0.999341	estimated_from_source_maf	7302188						20000	0.01	0.5	0.999341	0.027256	opengwasdb@a0656c0d073875c17088972b24cbb9568c0467a2	
GCST90446169	GCST90446169	passed		source		0.999105	estimated_from_source_maf	7305529						20000	0.01	0.5	0.999105	0.0270769	opengwasdb@a0656c0d073875c17088972b24cbb9568c0467a2	
GCST90446466	GCST90446466	skipped	non_quantitative_effect_scale				binary_trait								0.01	0.5			opengwasdb@a0656c0d073875c17088972b24cbb9568c0467a2	case-control effect scale; phenotype-SD estimation not applicable
GCST90446475	GCST90446475	passed		source		0.864653	estimated_from_source_maf	56718072						20000	0.01	0.5	0.864653	0.00228338	opengwasdb@a0656c0d073875c17088972b24cbb9568c0467a2	
GCST90446627	GCST90446627	passed		source		1.00083	estimated_from_source_maf	6844210						20000	0.01	0.5	1.00083	0.000772035	opengwasdb@a0656c0d073875c17088972b24cbb9568c0467a2	
GCST90446628	GCST90446628	passed		source		1.00082	estimated_from_source_maf	6845502						20000	0.01	0.5	1.00082	0.000757317	opengwasdb@a0656c0d073875c17088972b24cbb9568c0467a2	
GCST90446629	GCST90446629	passed		source		1.00082	estimated_from_source_maf	6844545						20000	0.01	0.5	1.00082	0.000768214	opengwasdb@a0656c0d073875c17088972b24cbb9568c0467a2	
GCST90446630	GCST90446630	passed		source		1.00083	estimated_from_source_maf	6844545						20000	0.01	0.5	1.00083	0.000773973	opengwasdb@a0656c0d073875c17088972b24cbb9568c0467a2	
GCST90446631	GCST90446631	passed		source		1.00082	estimated_from_source_maf	6845502						20000	0.01	0.5	1.00082	0.000762225	opengwasdb@a0656c0d073875c17088972b24cbb9568c0467a2	
GCST90446632	GCST90446632	passed		source		1.00082	estimated_from_source_maf	6845502						20000	0.01	0.5	1.00082	0.000762178	opengwasdb@a0656c0d073875c17088972b24cbb9568c0467a2	
GCST90446633	GCST90446633	passed		source		1.00082	estimated_from_source_maf	6844210						20000	0.01	0.5	1.00082	0.000767117	opengwasdb@a0656c0d073875c17088972b24cbb9568c0467a2	
GCST90446634	GCST90446634	passed		source		1.00082	estimated_from_source_maf	6842109						20000	0.01	0.5	1.00082	0.00075923	opengwasdb@a0656c0d073875c17088972b24cbb9568c0467a2	
GCST90446635	GCST90446635	passed		source		1.00083	estimated_from_source_maf	6844210						20000	0.01	0.5	1.00083	0.000771437	opengwasdb@a0656c0d073875c17088972b24cbb9568c0467a2	
GCST90446636	GCST90446636	passed		source		1.00081	estimated_from_source_maf	6844210						20000	0.01	0.5	1.00081	0.000758763	opengwasdb@a0656c0d073875c17088972b24cbb9568c0467a2	
GCST90446637	GCST90446637	passed		source		1.00083	estimated_from_source_maf	6844210						20000	0.01	0.5	1.00083	0.000778397	opengwasdb@a0656c0d073875c17088972b24cbb9568c0467a2	
GCST90446638	GCST90446638	passed		source		1.00083	estimated_from_source_maf	6844210						20000	0.01	0.5	1.00083	0.000771543	opengwasdb@a0656c0d073875c17088972b24cbb9568c0467a2	
GCST90446639	GCST90446639	passed		source		1.00083	estimated_from_source_maf	6844210						20000	0.01	0.5	1.00083	0.000774443	opengwasdb@a0656c0d073875c17088972b24cbb9568c0467a2	
GCST90446640	GCST90446640	passed		source		1.00082	estimated_from_source_maf	6844210						20000	0.01	0.5	1.00082	0.000766648	opengwasdb@a0656c0d073875c17088972b24cbb9568c0467a2	
GCST90446641	GCST90446641	passed		source		1.00203	estimated_from_source_maf	10308670						20000	0.01	0.5	1.00203	0.0020327	opengwasdb@a0656c0d073875c17088972b24cbb9568c0467a2	
GCST90446642	GCST90446642	passed		source		1.00199	estimated_from_source_maf	10307274						20000	0.01	0.5	1.00199	0.00199467	opengwasdb@a0656c0d073875c17088972b24cbb9568c0467a2	
GCST90446643	GCST90446643	passed		source		1.35793	estimated_from_source_maf	11763126						20000	0.01	0.5	1.35793	0.350381	opengwasdb@a0656c0d073875c17088972b24cbb9568c0467a2	
GCST90446644	GCST90446644	passed		source		1.4823	estimated_from_source_maf	16498831						20000	0.01	0.5	1.4823	0.470313	opengwasdb@a0656c0d073875c17088972b24cbb9568c0467a2	
GCST90446645	GCST90446645	passed		source		1.04249	estimated_from_source_maf	1007042						20000	0.01	0.5	1.04249	0.0164815	opengwasdb@a0656c0d073875c17088972b24cbb9568c0467a2	
GCST90446758	GCST90446758	passed		source		0.984392	estimated_from_source_maf	9186213						20000	0.01	0.5	0.984392	0.00669041	opengwasdb@a0656c0d073875c17088972b24cbb9568c0467a2	
GCST90446759	GCST90446759	passed		source		0.980897	estimated_from_source_maf	9186213						20000	0.01	0.5	0.980897	0.0064024	opengwasdb@a0656c0d073875c17088972b24cbb9568c0467a2	
GCST90446760	GCST90446760	passed		source		0.990462	estimated_from_source_maf	9186213						20000	0.01	0.5	0.990462	0.00606674	opengwasdb@a0656c0d073875c17088972b24cbb9568c0467a2	
GCST90446761	GCST90446761	passed		source		0.99194	estimated_from_source_maf	9186213						20000	0.01	0.5	0.99194	0.00608771	opengwasdb@a0656c0d073875c17088972b24cbb9568c0467a2	
GCST90446762	GCST90446762	passed		source		0.996853	estimated_from_source_maf	9186213						20000	0.01	0.5	0.996853	0.00611353	opengwasdb@a0656c0d073875c17088972b24cbb9568c0467a2	
GCST90446763	GCST90446763	passed		source		0.947213	estimated_from_source_maf	9186213						20000	0.01	0.5	0.947213	0.00592257	opengwasdb@a0656c0d073875c17088972b24cbb9568c0467a2	
GCST90446764	GCST90446764	passed		source		0.946508	estimated_from_source_maf	9186213						20000	0.01	0.5	0.946508	0.00587036	opengwasdb@a0656c0d073875c17088972b24cbb9568c0467a2	
GCST90446765	GCST90446765	passed		source		0.997062	estimated_from_source_maf	9186213						20000	0.01	0.5	0.997062	0.00621754	opengwasdb@a0656c0d073875c17088972b24cbb9568c0467a2	
GCST90446766	GCST90446766	passed		source		0.923674	estimated_from_source_maf	9186213						20000	0.01	0.5	0.923674	0.00565784	opengwasdb@a0656c0d073875c17088972b24cbb9568c0467a2	
GCST90446767	GCST90446767	passed		source		0.931148	estimated_from_source_maf	9186213						20000	0.01	0.5	0.931148	0.00570557	opengwasdb@a0656c0d073875c17088972b24cbb9568c0467a2	
GCST90446768	GCST90446768	passed		source		0.859095	estimated_from_source_maf	9186213						20000	0.01	0.5	0.859095	0.00523727	opengwasdb@a0656c0d073875c17088972b24cbb9568c0467a2	
GCST90446769	GCST90446769	passed		source		0.90216	estimated_from_source_maf	9186213						20000	0.01	0.5	0.90216	0.00549322	opengwasdb@a0656c0d073875c17088972b24cbb9568c0467a2	
GCST90446770	GCST90446770	passed		source		0.938247	estimated_from_source_maf	9186213						20000	0.01	0.5	0.938247	0.00576514	opengwasdb@a0656c0d073875c17088972b24cbb9568c0467a2	
GCST90446771	GCST90446771	passed		source		0.927989	estimated_from_source_maf	9186213						20000	0.01	0.5	0.927989	0.00567812	opengwasdb@a0656c0d073875c17088972b24cbb9568c0467a2	
GCST90446772	GCST90446772	passed		source		0.936659	estimated_from_source_maf	9186213						20000	0.01	0.5	0.936659	0.00574771	opengwasdb@a0656c0d073875c17088972b24cbb9568c0467a2	
GCST90446773	GCST90446773	passed		source		0.984233	estimated_from_source_maf	9186213						20000	0.01	0.5	0.984233	0.00603659	opengwasdb@a0656c0d073875c17088972b24cbb9568c0467a2	
GCST90446774	GCST90446774	passed		source		0.857225	estimated_from_source_maf	9186213						20000	0.01	0.5	0.857225	0.00523757	opengwasdb@a0656c0d073875c17088972b24cbb9568c0467a2	
GCST90446775	GCST90446775	passed		source		1.00498	estimated_from_source_maf	8260099						20000	0.01	0.5	1.00498	0.0122367	opengwasdb@a0656c0d073875c17088972b24cbb9568c0467a2	
GCST90446776	GCST90446776	passed		source		1.01257	estimated_from_source_maf	8262599						20000	0.01	0.5	1.01257	0.0123221	opengwasdb@a0656c0d073875c17088972b24cbb9568c0467a2	
GCST90446777	GCST90446777	passed		source		1.00454	estimated_from_source_maf	8262654						20000	0.01	0.5	1.00454	0.0122005	opengwasdb@a0656c0d073875c17088972b24cbb9568c0467a2	
GCST90446778	GCST90446778	passed		source		1.00255	estimated_from_source_maf	8262654						20000	0.01	0.5	1.00255	0.0120958	opengwasdb@a0656c0d073875c17088972b24cbb9568c0467a2	
GCST90446779	GCST90446779	passed		source		1.0167	estimated_from_source_maf	8262654						20000	0.01	0.5	1.0167	0.0122858	opengwasdb@a0656c0d073875c17088972b24cbb9568c0467a2	
GCST90446780	GCST90446780	passed		source		0.889647	estimated_from_source_maf	8262617						20000	0.01	0.5	0.889647	0.0118085	opengwasdb@a0656c0d073875c17088972b24cbb9568c0467a2	
GCST90446781	GCST90446781	passed		source		0.904695	estimated_from_source_maf	8262639						20000	0.01	0.5	0.904695	0.0120626	opengwasdb@a0656c0d073875c17088972b24cbb9568c0467a2	
GCST90446782	GCST90446782	passed		source		1.01583	estimated_from_source_maf	8262647						20000	0.01	0.5	1.01583	0.0122906	opengwasdb@a0656c0d073875c17088972b24cbb9568c0467a2	
GCST90446783	GCST90446783	passed		source		0.869035	estimated_from_source_maf	8262654						20000	0.01	0.5	0.869035	0.0115288	opengwasdb@a0656c0d073875c17088972b24cbb9568c0467a2	
GCST90446784	GCST90446784	passed		source		0.840167	estimated_from_source_maf	8262654						20000	0.01	0.5	0.840167	0.0115196	opengwasdb@a0656c0d073875c17088972b24cbb9568c0467a2	
GCST90446785	GCST90446785	passed		source		0.948293	estimated_from_source_maf	8262654						20000	0.01	0.5	0.948293	0.0117446	opengwasdb@a0656c0d073875c17088972b24cbb9568c0467a2	
GCST90446786	GCST90446786	passed		source		0.934356	estimated_from_source_maf	8262654						20000	0.01	0.5	0.934356	0.0116995	opengwasdb@a0656c0d073875c17088972b24cbb9568c0467a2	
GCST90446787	GCST90446787	passed		source		1.00795	estimated_from_source_maf	8262625						20000	0.01	0.5	1.00795	0.0124017	opengwasdb@a0656c0d073875c17088972b24cbb9568c0467a2	
GCST90446788	GCST90446788	passed		source		0.922017	estimated_from_source_maf	8262654						20000	0.01	0.5	0.922017	0.0119034	opengwasdb@a0656c0d073875c17088972b24cbb9568c0467a2	
GCST90446789	GCST90446789	passed		source		0.92355	estimated_from_source_maf	8262654						20000	0.01	0.5	0.92355	0.0121469	opengwasdb@a0656c0d073875c17088972b24cbb9568c0467a2	
GCST90446790	GCST90446790	passed		source		1.00841	estimated_from_source_maf	8262654						20000	0.01	0.5	1.00841	0.0122048	opengwasdb@a0656c0d073875c17088972b24cbb9568c0467a2	
GCST90446791	GCST90446791	passed		source		0.907829	estimated_from_source_maf	8262654						20000	0.01	0.5	0.907829	0.0114142	opengwasdb@a0656c0d073875c17088972b24cbb9568c0467a2	
GCST90446792	GCST90446792	skipped	non_quantitative_effect_scale				binary_trait								0.01	0.5			opengwasdb@a0656c0d073875c17088972b24cbb9568c0467a2	case-control effect scale; phenotype-SD estimation not applicable
GCST90446794	GCST90446794	skipped	non_quantitative_effect_scale				binary_trait								0.01	0.5			opengwasdb@a0656c0d073875c17088972b24cbb9568c0467a2	case-control effect scale; phenotype-SD estimation not applicable
GCST90448187	GCST90448187	skipped	non_quantitative_effect_scale				binary_trait								0.01	0.5			opengwasdb@a0656c0d073875c17088972b24cbb9568c0467a2	case-control effect scale; phenotype-SD estimation not applicable
GCST90448242	GCST90448242	skipped	non_quantitative_effect_scale				binary_trait								0.01	0.5			opengwasdb@a0656c0d073875c17088972b24cbb9568c0467a2	case-control effect scale; phenotype-SD estimation not applicable
GCST90448480	GCST90448480	passed		source		0.507723	estimated_from_source_maf	9125492						20000	0.01	0.5	0.507723	0.0019822	opengwasdb@a0656c0d073875c17088972b24cbb9568c0467a2	
GCST90448481	GCST90448481	passed		source		0.659172	estimated_from_source_maf	9125492						20000	0.01	0.5	0.659172	0.00247843	opengwasdb@a0656c0d073875c17088972b24cbb9568c0467a2	
GCST90448482	GCST90448482	passed		source		0.836531	estimated_from_source_maf	9125492						20000	0.01	0.5	0.836531	0.00315367	opengwasdb@a0656c0d073875c17088972b24cbb9568c0467a2	
GCST90448483	GCST90448483	passed		source		0.837417	estimated_from_source_maf	9125492						20000	0.01	0.5	0.837417	0.00316225	opengwasdb@a0656c0d073875c17088972b24cbb9568c0467a2	
GCST90448484	GCST90448484	passed		source		0.773179	estimated_from_source_maf	9125492						20000	0.01	0.5	0.773179	0.00291488	opengwasdb@a0656c0d073875c17088972b24cbb9568c0467a2	
GCST90448485	GCST90448485	passed		source		0.902414	estimated_from_source_maf	9125492						20000	0.01	0.5	0.902414	0.00335178	opengwasdb@a0656c0d073875c17088972b24cbb9568c0467a2	
GCST90448486	GCST90448486	passed		source		0.846862	estimated_from_source_maf	9125492						20000	0.01	0.5	0.846862	0.00315324	opengwasdb@a0656c0d073875c17088972b24cbb9568c0467a2	
GCST90448487	GCST90448487	passed		source		0.879657	estimated_from_source_maf	9125492						20000	0.01	0.5	0.879657	0.00325813	opengwasdb@a0656c0d073875c17088972b24cbb9568c0467a2	
GCST90448488	GCST90448488	passed		source		0.935965	estimated_from_source_maf	9125492						20000	0.01	0.5	0.935965	0.00351017	opengwasdb@a0656c0d073875c17088972b24cbb9568c0467a2	
GCST90448489	GCST90448489	passed		source		0.948987	estimated_from_source_maf	9125492						20000	0.01	0.5	0.948987	0.0035215	opengwasdb@a0656c0d073875c17088972b24cbb9568c0467a2	
GCST90448490	GCST90448490	passed		source		0.918006	estimated_from_source_maf	2182120						20000	0.01	0.5	0.918006	0.0042414	opengwasdb@a0656c0d073875c17088972b24cbb9568c0467a2	
GCST90448693	GCST90448693	skipped	non_quantitative_effect_scale				binary_trait								0.01	0.5			opengwasdb@a0656c0d073875c17088972b24cbb9568c0467a2	case-control effect scale; phenotype-SD estimation not applicable
GCST90448694	GCST90448694	skipped	non_quantitative_effect_scale				binary_trait								0.01	0.5			opengwasdb@a0656c0d073875c17088972b24cbb9568c0467a2	case-control effect scale; phenotype-SD estimation not applicable
GCST90448695	GCST90448695	skipped	non_quantitative_effect_scale				binary_trait								0.01	0.5			opengwasdb@a0656c0d073875c17088972b24cbb9568c0467a2	case-control effect scale; phenotype-SD estimation not applicable
GCST90448696	GCST90448696	skipped	non_quantitative_effect_scale				binary_trait								0.01	0.5			opengwasdb@a0656c0d073875c17088972b24cbb9568c0467a2	case-control effect scale; phenotype-SD estimation not applicable
GCST90448775	GCST90448775	passed		source		1.00077	estimated_from_source_maf	8110189						20000	0.01	0.5	1.00077	0.00887593	opengwasdb@a0656c0d073875c17088972b24cbb9568c0467a2	
GCST90448776	GCST90448776	passed		source		0.997623	estimated_from_source_maf	8110189						20000	0.01	0.5	0.997623	0.00890374	opengwasdb@a0656c0d073875c17088972b24cbb9568c0467a2	
GCST90448777	GCST90448777	passed		source		1.00003	estimated_from_source_maf	8110189						20000	0.01	0.5	1.00003	0.00894762	opengwasdb@a0656c0d073875c17088972b24cbb9568c0467a2	
GCST90448778	GCST90448778	passed		source		1.00145	estimated_from_source_maf	8110189						20000	0.01	0.5	1.00145	0.00890461	opengwasdb@a0656c0d073875c17088972b24cbb9568c0467a2	
GCST90448779	GCST90448779	passed		source		0.992711	estimated_from_source_maf	8110189						20000	0.01	0.5	0.992711	0.00884217	opengwasdb@a0656c0d073875c17088972b24cbb9568c0467a2	
GCST90448780	GCST90448780	passed		source		0.948227	estimated_from_source_maf	8110189						20000	0.01	0.5	0.948227	0.00844855	opengwasdb@a0656c0d073875c17088972b24cbb9568c0467a2	
GCST90448781	GCST90448781	passed		source		1.00267	estimated_from_source_maf	8110189						20000	0.01	0.5	1.00267	0.0109122	opengwasdb@a0656c0d073875c17088972b24cbb9568c0467a2	
GCST90448782	GCST90448782	passed		source		1.00232	estimated_from_source_maf	8110189						20000	0.01	0.5	1.00232	0.0109449	opengwasdb@a0656c0d073875c17088972b24cbb9568c0467a2	
GCST90448783	GCST90448783	passed		source		0.999599	estimated_from_source_maf	8110189						20000	0.01	0.5	0.999599	0.0105977	opengwasdb@a0656c0d073875c17088972b24cbb9568c0467a2	
GCST90448784	GCST90448784	passed		source		0.999628	estimated_from_source_maf	8110189						20000	0.01	0.5	0.999628	0.010671	opengwasdb@a0656c0d073875c17088972b24cbb9568c0467a2	
GCST90448785	GCST90448785	passed		source		1.00059	estimated_from_source_maf	8110189						20000	0.01	0.5	1.00059	0.0107678	opengwasdb@a0656c0d073875c17088972b24cbb9568c0467a2	
GCST90448786	GCST90448786	passed		source		1.00127	estimated_from_source_maf	8110189						20000	0.01	0.5	1.00127	0.0105581	opengwasdb@a0656c0d073875c17088972b24cbb9568c0467a2	
GCST90448787	GCST90448787	passed		source		1.00147	estimated_from_source_maf	8110189						20000	0.01	0.5	1.00147	0.0107213	opengwasdb@a0656c0d073875c17088972b24cbb9568c0467a2	
GCST90448788	GCST90448788	passed		source		1.00336	estimated_from_source_maf	8110189						20000	0.01	0.5	1.00336	0.0108394	opengwasdb@a0656c0d073875c17088972b24cbb9568c0467a2	
GCST90448789	GCST90448789	passed		source		1.00282	estimated_from_source_maf	8110189						20000	0.01	0.5	1.00282	0.0104781	opengwasdb@a0656c0d073875c17088972b24cbb9568c0467a2	
GCST90448790	GCST90448790	passed		source		0.99824	estimated_from_source_maf	8110189						20000	0.01	0.5	0.99824	0.0107094	opengwasdb@a0656c0d073875c17088972b24cbb9568c0467a2	
GCST90448791	GCST90448791	passed		source		0.999263	estimated_from_source_maf	8110189						20000	0.01	0.5	0.999263	0.0107441	opengwasdb@a0656c0d073875c17088972b24cbb9568c0467a2	
GCST90448792	GCST90448792	passed		source		0.996795	estimated_from_source_maf	8110189						20000	0.01	0.5	0.996795	0.0105163	opengwasdb@a0656c0d073875c17088972b24cbb9568c0467a2	
GCST90448793	GCST90448793	passed		source		0.991753	estimated_from_source_maf	8110189						20000	0.01	0.5	0.991753	0.0106738	opengwasdb@a0656c0d073875c17088972b24cbb9568c0467a2	
GCST90448794	GCST90448794	passed		source		0.995884	estimated_from_source_maf	8110189						20000	0.01	0.5	0.995884	0.0107753	opengwasdb@a0656c0d073875c17088972b24cbb9568c0467a2	
GCST90448795	GCST90448795	passed		source		0.995573	estimated_from_source_maf	8110189						20000	0.01	0.5	0.995573	0.0104786	opengwasdb@a0656c0d073875c17088972b24cbb9568c0467a2	
GCST90448796	GCST90448796	passed		source		0.956497	estimated_from_source_maf	8110189						20000	0.01	0.5	0.956497	0.0101843	opengwasdb@a0656c0d073875c17088972b24cbb9568c0467a2	
GCST90448797	GCST90448797	passed		source		0.954152	estimated_from_source_maf	8110189						20000	0.01	0.5	0.954152	0.010264	opengwasdb@a0656c0d073875c17088972b24cbb9568c0467a2	
GCST90448798	GCST90448798	passed		source		0.944576	estimated_from_source_maf	8110189						20000	0.01	0.5	0.944576	0.00990494	opengwasdb@a0656c0d073875c17088972b24cbb9568c0467a2	
GCST90448906	GCST90448906	passed		source		0.246153	estimated_from_source_maf	7189221						20000	0.01	0.5	0.246153	0.000622809	opengwasdb@a0656c0d073875c17088972b24cbb9568c0467a2	
GCST90448907	GCST90448907	passed		source		0.3066	estimated_from_source_maf	7189221						20000	0.01	0.5	0.3066	0.000830706	opengwasdb@a0656c0d073875c17088972b24cbb9568c0467a2	
GCST90448908	GCST90448908	passed		source		7.88716	estimated_from_source_maf	7189221						20000	0.01	0.5	7.88716	0.0198339	opengwasdb@a0656c0d073875c17088972b24cbb9568c0467a2	
GCST90448909	GCST90448909	passed		source		0.876903	estimated_from_source_maf	7189221						20000	0.01	0.5	0.876903	0.00225015	opengwasdb@a0656c0d073875c17088972b24cbb9568c0467a2	
GCST90448910	GCST90448910	passed		source		0.626051	estimated_from_source_maf	7189221						20000	0.01	0.5	0.626051	0.00168864	opengwasdb@a0656c0d073875c17088972b24cbb9568c0467a2	
GCST90448911	GCST90448911	passed		source		1.34525	estimated_from_source_maf	7189221						20000	0.01	0.5	1.34525	0.00375951	opengwasdb@a0656c0d073875c17088972b24cbb9568c0467a2	
GCST90448912	GCST90448912	passed		source		0.654159	estimated_from_source_maf	7189221						20000	0.01	0.5	0.654159	0.00193173	opengwasdb@a0656c0d073875c17088972b24cbb9568c0467a2	
GCST90448913	GCST90448913	passed		source		0.212997	estimated_from_source_maf	7189221						20000	0.01	0.5	0.212997	0.000680619	opengwasdb@a0656c0d073875c17088972b24cbb9568c0467a2	
GCST90448914	GCST90448914	passed		source		0.289305	estimated_from_source_maf	7189221						20000	0.01	0.5	0.289305	0.000927273	opengwasdb@a0656c0d073875c17088972b24cbb9568c0467a2	
GCST90448915	GCST90448915	passed		source		7.89417	estimated_from_source_maf	7189221						20000	0.01	0.5	7.89417	0.0249273	opengwasdb@a0656c0d073875c17088972b24cbb9568c0467a2	
GCST90448916	GCST90448916	passed		source		0.896406	estimated_from_source_maf	7189221						20000	0.01	0.5	0.896406	0.0028809	opengwasdb@a0656c0d073875c17088972b24cbb9568c0467a2	
GCST90448917	GCST90448917	passed		source		0.656924	estimated_from_source_maf	7189221						20000	0.01	0.5	0.656924	0.00212441	opengwasdb@a0656c0d073875c17088972b24cbb9568c0467a2	
GCST90448918	GCST90448918	passed		source		1.39274	estimated_from_source_maf	7189221						20000	0.01	0.5	1.39274	0.00447568	opengwasdb@a0656c0d073875c17088972b24cbb9568c0467a2	
GCST90448919	GCST90448919	passed		source		0.634863	estimated_from_source_maf	7189221						20000	0.01	0.5	0.634863	0.00211824	opengwasdb@a0656c0d073875c17088972b24cbb9568c0467a2	
GCST90448920	GCST90448920	passed		source		0.276704	estimated_from_source_maf	7189221						20000	0.01	0.5	0.276704	0.000880095	opengwasdb@a0656c0d073875c17088972b24cbb9568c0467a2	
GCST90448921	GCST90448921	passed		source		0.328665	estimated_from_source_maf	7189221						20000	0.01	0.5	0.328665	0.00105174	opengwasdb@a0656c0d073875c17088972b24cbb9568c0467a2	
GCST90448922	GCST90448922	passed		source		7.88332	estimated_from_source_maf	7189221						20000	0.01	0.5	7.88332	0.0250222	opengwasdb@a0656c0d073875c17088972b24cbb9568c0467a2	
GCST90448923	GCST90448923	passed		source		0.864535	estimated_from_source_maf	7189221						20000	0.01	0.5	0.864535	0.00272452	opengwasdb@a0656c0d073875c17088972b24cbb9568c0467a2	
GCST90448924	GCST90448924	passed		source		0.604142	estimated_from_source_maf	7189221						20000	0.01	0.5	0.604142	0.00196194	opengwasdb@a0656c0d073875c17088972b24cbb9568c0467a2	
GCST90448925	GCST90448925	passed		source		1.33764	estimated_from_source_maf	7189221						20000	0.01	0.5	1.33764	0.0042514	opengwasdb@a0656c0d073875c17088972b24cbb9568c0467a2	
GCST90448926	GCST90448926	passed		source		0.690971	estimated_from_source_maf	7189221						20000	0.01	0.5	0.690971	0.00225191	opengwasdb@a0656c0d073875c17088972b24cbb9568c0467a2	
GCST90448958	GCST90448958	skipped	non_quantitative_effect_scale				binary_trait								0.01	0.5			opengwasdb@a0656c0d073875c17088972b24cbb9568c0467a2	case-control effect scale; phenotype-SD estimation not applicable
GCST90448959	GCST90448959	skipped	non_quantitative_effect_scale				binary_trait								0.01	0.5			opengwasdb@a0656c0d073875c17088972b24cbb9568c0467a2	case-control effect scale; phenotype-SD estimation not applicable
GCST90448960	GCST90448960	skipped	non_quantitative_effect_scale				binary_trait								0.01	0.5			opengwasdb@a0656c0d073875c17088972b24cbb9568c0467a2	case-control effect scale; phenotype-SD estimation not applicable
GCST90448966	GCST90448966	passed		source		0.979207	estimated_from_source_maf	9241893						20000	0.01	0.5	0.979207	0.00324767	opengwasdb@a0656c0d073875c17088972b24cbb9568c0467a2	
GCST90448998	GCST90448998	passed		source		0.703015	estimated_from_source_maf	10089072						20000	0.01	0.5	0.703015	0.00628195	opengwasdb@a0656c0d073875c17088972b24cbb9568c0467a2	
GCST90449045	GCST90449045	skipped	non_quantitative_effect_scale				binary_trait								0.01	0.5			opengwasdb@a0656c0d073875c17088972b24cbb9568c0467a2	case-control effect scale; phenotype-SD estimation not applicable
GCST90449046	GCST90449046	skipped	non_quantitative_effect_scale				binary_trait								0.01	0.5			opengwasdb@a0656c0d073875c17088972b24cbb9568c0467a2	case-control effect scale; phenotype-SD estimation not applicable
GCST90449047	GCST90449047	skipped	non_quantitative_effect_scale				binary_trait								0.01	0.5			opengwasdb@a0656c0d073875c17088972b24cbb9568c0467a2	case-control effect scale; phenotype-SD estimation not applicable
GCST90449048	GCST90449048	skipped	non_quantitative_effect_scale				binary_trait								0.01	0.5			opengwasdb@a0656c0d073875c17088972b24cbb9568c0467a2	case-control effect scale; phenotype-SD estimation not applicable
GCST90449049	GCST90449049	skipped	non_quantitative_effect_scale				binary_trait								0.01	0.5			opengwasdb@a0656c0d073875c17088972b24cbb9568c0467a2	case-control effect scale; phenotype-SD estimation not applicable
GCST90449050	GCST90449050	skipped	non_quantitative_effect_scale				binary_trait								0.01	0.5			opengwasdb@a0656c0d073875c17088972b24cbb9568c0467a2	case-control effect scale; phenotype-SD estimation not applicable
GCST90449051	GCST90449051	skipped	non_quantitative_effect_scale				binary_trait								0.01	0.5			opengwasdb@a0656c0d073875c17088972b24cbb9568c0467a2	case-control effect scale; phenotype-SD estimation not applicable
GCST90449052	GCST90449052	skipped	non_quantitative_effect_scale				binary_trait								0.01	0.5			opengwasdb@a0656c0d073875c17088972b24cbb9568c0467a2	case-control effect scale; phenotype-SD estimation not applicable
GCST90449053	GCST90449053	skipped	non_quantitative_effect_scale				binary_trait								0.01	0.5			opengwasdb@a0656c0d073875c17088972b24cbb9568c0467a2	case-control effect scale; phenotype-SD estimation not applicable
GCST90449054	GCST90449054	skipped	non_quantitative_effect_scale				binary_trait								0.01	0.5			opengwasdb@a0656c0d073875c17088972b24cbb9568c0467a2	case-control effect scale; phenotype-SD estimation not applicable
GCST90449055	GCST90449055	skipped	non_quantitative_effect_scale				binary_trait								0.01	0.5			opengwasdb@a0656c0d073875c17088972b24cbb9568c0467a2	case-control effect scale; phenotype-SD estimation not applicable
GCST90449056	GCST90449056	passed		source		1.04777	estimated_from_source_maf	5741898						20000	0.01	0.5	1.04777	0.00185651	opengwasdb@a0656c0d073875c17088972b24cbb9568c0467a2	
GCST90449057	GCST90449057	passed		source		1.04198	estimated_from_source_maf	5741898						20000	0.01	0.5	1.04198	0.000690789	opengwasdb@a0656c0d073875c17088972b24cbb9568c0467a2	
GCST90449058	GCST90449058	skipped	non_quantitative_effect_scale				binary_trait								0.01	0.5			opengwasdb@a0656c0d073875c17088972b24cbb9568c0467a2	case-control effect scale; phenotype-SD estimation not applicable
GCST90449060	GCST90449060	skipped	non_quantitative_effect_scale				binary_trait								0.01	0.5			opengwasdb@a0656c0d073875c17088972b24cbb9568c0467a2	case-control effect scale; phenotype-SD estimation not applicable
GCST90449061	GCST90449061	passed		source		1.00137	estimated_from_source_maf	5886638						20000	0.01	0.5	1.00137	0.0238778	opengwasdb@a0656c0d073875c17088972b24cbb9568c0467a2	
GCST90449062	GCST90449062	skipped	non_quantitative_effect_scale				binary_trait								0.01	0.5			opengwasdb@a0656c0d073875c17088972b24cbb9568c0467a2	case-control effect scale; phenotype-SD estimation not applicable
GCST90449063	GCST90449063	skipped	non_quantitative_effect_scale				binary_trait								0.01	0.5			opengwasdb@a0656c0d073875c17088972b24cbb9568c0467a2	case-control effect scale; phenotype-SD estimation not applicable
GCST90449116	GCST90449116	passed		source		1.00293	estimated_from_source_maf	7099868						20000	0.01	0.5	1.00293	0.00268218	opengwasdb@a0656c0d073875c17088972b24cbb9568c0467a2	
GCST90449117	GCST90449117	passed		source		1.00197	estimated_from_source_maf	7099868						20000	0.01	0.5	1.00197	0.00268166	opengwasdb@a0656c0d073875c17088972b24cbb9568c0467a2	
GCST90449118	GCST90449118	passed		source		1.00145	estimated_from_source_maf	7099868						20000	0.01	0.5	1.00145	0.00267996	opengwasdb@a0656c0d073875c17088972b24cbb9568c0467a2	
GCST90449119	GCST90449119	passed		source		1.00215	estimated_from_source_maf	7099868						20000	0.01	0.5	1.00215	0.00268012	opengwasdb@a0656c0d073875c17088972b24cbb9568c0467a2	
GCST90449120	GCST90449120	passed		source		1.00429	estimated_from_source_maf	7099868						20000	0.01	0.5	1.00429	0.00268763	opengwasdb@a0656c0d073875c17088972b24cbb9568c0467a2	
GCST90449121	GCST90449121	passed		source		1.0034	estimated_from_source_maf	7099868						20000	0.01	0.5	1.0034	0.00268644	opengwasdb@a0656c0d073875c17088972b24cbb9568c0467a2	
GCST90449122	GCST90449122	passed		source		1.00195	estimated_from_source_maf	7099868						20000	0.01	0.5	1.00195	0.00267991	opengwasdb@a0656c0d073875c17088972b24cbb9568c0467a2	
GCST90449123	GCST90449123	passed		source		1.00129	estimated_from_source_maf	7099868						20000	0.01	0.5	1.00129	0.0026801	opengwasdb@a0656c0d073875c17088972b24cbb9568c0467a2	
GCST90449124	GCST90449124	passed		source		1.00274	estimated_from_source_maf	7099868						20000	0.01	0.5	1.00274	0.0026836	opengwasdb@a0656c0d073875c17088972b24cbb9568c0467a2	
GCST90449125	GCST90449125	passed		source		1.00195	estimated_from_source_maf	7099868						20000	0.01	0.5	1.00195	0.00267963	opengwasdb@a0656c0d073875c17088972b24cbb9568c0467a2	
GCST90449126	GCST90449126	passed		source		1.00115	estimated_from_source_maf	7099868						20000	0.01	0.5	1.00115	0.00267961	opengwasdb@a0656c0d073875c17088972b24cbb9568c0467a2	
GCST90449127	GCST90449127	passed		source		1.00292	estimated_from_source_maf	7099868						20000	0.01	0.5	1.00292	0.00268414	opengwasdb@a0656c0d073875c17088972b24cbb9568c0467a2	
GCST90449128	GCST90449128	passed		source		1.00198	estimated_from_source_maf	7099868						20000	0.01	0.5	1.00198	0.00268128	opengwasdb@a0656c0d073875c17088972b24cbb9568c0467a2	
GCST90449129	GCST90449129	passed		source		1.00168	estimated_from_source_maf	7099868						20000	0.01	0.5	1.00168	0.00268088	opengwasdb@a0656c0d073875c17088972b24cbb9568c0467a2	
GCST90449130	GCST90449130	passed		source		1.00169	estimated_from_source_maf	7099868						20000	0.01	0.5	1.00169	0.00267861	opengwasdb@a0656c0d073875c17088972b24cbb9568c0467a2	
GCST90449131	GCST90449131	passed		source		1.00386	estimated_from_source_maf	7099868						20000	0.01	0.5	1.00386	0.00268424	opengwasdb@a0656c0d073875c17088972b24cbb9568c0467a2	
GCST90449132	GCST90449132	passed		source		1.00381	estimated_from_source_maf	7099868						20000	0.01	0.5	1.00381	0.00268709	opengwasdb@a0656c0d073875c17088972b24cbb9568c0467a2	
GCST90449133	GCST90449133	passed		source		0.999324	estimated_from_source_maf	7099868						20000	0.01	0.5	0.999324	0.00267233	opengwasdb@a0656c0d073875c17088972b24cbb9568c0467a2	
GCST90449134	GCST90449134	passed		source		1.00347	estimated_from_source_maf	7099868						20000	0.01	0.5	1.00347	0.00268153	opengwasdb@a0656c0d073875c17088972b24cbb9568c0467a2	
GCST90449135	GCST90449135	passed		source		1.00127	estimated_from_source_maf	7099868						20000	0.01	0.5	1.00127	0.00267789	opengwasdb@a0656c0d073875c17088972b24cbb9568c0467a2	
GCST90449136	GCST90449136	passed		source		1.00278	estimated_from_source_maf	7099868						20000	0.01	0.5	1.00278	0.00267954	opengwasdb@a0656c0d073875c17088972b24cbb9568c0467a2	
GCST90449137	GCST90449137	passed		source		0.999499	estimated_from_source_maf	7099868						20000	0.01	0.5	0.999499	0.00267223	opengwasdb@a0656c0d073875c17088972b24cbb9568c0467a2	
GCST90449138	GCST90449138	passed		source		1.0029	estimated_from_source_maf	7099868						20000	0.01	0.5	1.0029	0.00267966	opengwasdb@a0656c0d073875c17088972b24cbb9568c0467a2	
GCST90449139	GCST90449139	passed		source		1.00416	estimated_from_source_maf	7099868						20000	0.01	0.5	1.00416	0.00268653	opengwasdb@a0656c0d073875c17088972b24cbb9568c0467a2	
GCST90449140	GCST90449140	passed		source		1.00254	estimated_from_source_maf	7099868						20000	0.01	0.5	1.00254	0.00267672	opengwasdb@a0656c0d073875c17088972b24cbb9568c0467a2	
GCST90451676	GCST90451676	skipped	non_quantitative_effect_scale				binary_trait								0.01	0.5			opengwasdb@a0656c0d073875c17088972b24cbb9568c0467a2	case-control effect scale; phenotype-SD estimation not applicable
GCST90451677	GCST90451677	skipped	non_quantitative_effect_scale				binary_trait								0.01	0.5			opengwasdb@a0656c0d073875c17088972b24cbb9568c0467a2	case-control effect scale; phenotype-SD estimation not applicable
GCST90451678	GCST90451678	skipped	non_quantitative_effect_scale				binary_trait								0.01	0.5			opengwasdb@a0656c0d073875c17088972b24cbb9568c0467a2	case-control effect scale; phenotype-SD estimation not applicable
GCST90451683	GCST90451683	passed		source		1.07105	estimated_from_source_maf	11354914						20000	0.01	0.5	1.07105	0.033313	opengwasdb@a0656c0d073875c17088972b24cbb9568c0467a2	
GCST90451684	GCST90451684	passed		source		1.02441	estimated_from_source_maf	10614791						20000	0.01	0.5	1.02441	0.0225314	opengwasdb@a0656c0d073875c17088972b24cbb9568c0467a2	
GCST90451702	GCST90451702	passed		source		0.948965	estimated_from_source_maf	8175877						20000	0.01	0.5	0.948965	0.0236146	opengwasdb@a0656c0d073875c17088972b24cbb9568c0467a2	
GCST90451703	GCST90451703	passed		source		1.02971	estimated_from_source_maf	8171416						20000	0.01	0.5	1.02971	0.0273825	opengwasdb@a0656c0d073875c17088972b24cbb9568c0467a2	
GCST90451704	GCST90451704	passed		source		0.984667	estimated_from_source_maf	8173080						20000	0.01	0.5	0.984667	0.022468	opengwasdb@a0656c0d073875c17088972b24cbb9568c0467a2	
GCST90451705	GCST90451705	passed		source		1.02014	estimated_from_source_maf	8171691						20000	0.01	0.5	1.02014	0.0268103	opengwasdb@a0656c0d073875c17088972b24cbb9568c0467a2	
GCST90451706	GCST90451706	passed		source		0.981392	estimated_from_source_maf	8173310						20000	0.01	0.5	0.981392	0.0246729	opengwasdb@a0656c0d073875c17088972b24cbb9568c0467a2	
GCST90451707	GCST90451707	passed		source		0.950162	estimated_from_source_maf	8161726						20000	0.01	0.5	0.950162	0.0219453	opengwasdb@a0656c0d073875c17088972b24cbb9568c0467a2	
GCST90451708	GCST90451708	passed		source		1.04777	estimated_from_source_maf	8167509						20000	0.01	0.5	1.04777	0.0281827	opengwasdb@a0656c0d073875c17088972b24cbb9568c0467a2	
GCST90451709	GCST90451709	passed		source		1.04098	estimated_from_source_maf	8169733						20000	0.01	0.5	1.04098	0.0276219	opengwasdb@a0656c0d073875c17088972b24cbb9568c0467a2	
GCST90451710	GCST90451710	passed		source		0.982297	estimated_from_source_maf	8166575						20000	0.01	0.5	0.982297	0.0248764	opengwasdb@a0656c0d073875c17088972b24cbb9568c0467a2	
GCST90451711	GCST90451711	passed		source		0.968302	estimated_from_source_maf	8172745						20000	0.01	0.5	0.968302	0.0242829	opengwasdb@a0656c0d073875c17088972b24cbb9568c0467a2	
GCST90451712	GCST90451712	passed		source		0.998645	estimated_from_source_maf	7065120						20000	0.01	0.5	0.998645	0.025882	opengwasdb@a0656c0d073875c17088972b24cbb9568c0467a2	
GCST90451713	GCST90451713	passed		source		0.990864	estimated_from_source_maf	8175999						20000	0.01	0.5	0.990864	0.0254164	opengwasdb@a0656c0d073875c17088972b24cbb9568c0467a2	
GCST90451714	GCST90451714	passed		source		1.02594	estimated_from_source_maf	8173391						20000	0.01	0.5	1.02594	0.0270795	opengwasdb@a0656c0d073875c17088972b24cbb9568c0467a2	
GCST90451715	GCST90451715	passed		source		1.04116	estimated_from_source_maf	8169727						20000	0.01	0.5	1.04116	0.0274125	opengwasdb@a0656c0d073875c17088972b24cbb9568c0467a2	
GCST90451716	GCST90451716	passed		source		1.02761	estimated_from_source_maf	8171737						20000	0.01	0.5	1.02761	0.0264841	opengwasdb@a0656c0d073875c17088972b24cbb9568c0467a2	
GCST90451717	GCST90451717	passed		source		0.974295	estimated_from_source_maf	8170332						20000	0.01	0.5	0.974295	0.0229949	opengwasdb@a0656c0d073875c17088972b24cbb9568c0467a2	
GCST90451718	GCST90451718	passed		source		1.03104	estimated_from_source_maf	8175458						20000	0.01	0.5	1.03104	0.0254725	opengwasdb@a0656c0d073875c17088972b24cbb9568c0467a2	
GCST90451719	GCST90451719	passed		source		1.0322	estimated_from_source_maf	8172996						20000	0.01	0.5	1.0322	0.0272169	opengwasdb@a0656c0d073875c17088972b24cbb9568c0467a2	
GCST90451720	GCST90451720	passed		source		1.0286	estimated_from_source_maf	8166359						20000	0.01	0.5	1.0286	0.0276379	opengwasdb@a0656c0d073875c17088972b24cbb9568c0467a2	
GCST90451721	GCST90451721	passed		source		1.0062	estimated_from_source_maf	8141139						20000	0.01	0.5	1.0062	0.0281932	opengwasdb@a0656c0d073875c17088972b24cbb9568c0467a2	
GCST90451722	GCST90451722	passed		source		1.02911	estimated_from_source_maf	8171573						20000	0.01	0.5	1.02911	0.0263482	opengwasdb@a0656c0d073875c17088972b24cbb9568c0467a2	
GCST90451723	GCST90451723	passed		source		1.0173	estimated_from_source_maf	8164444						20000	0.01	0.5	1.0173	0.0247237	opengwasdb@a0656c0d073875c17088972b24cbb9568c0467a2	
GCST90451724	GCST90451724	passed		source		1.01918	estimated_from_source_maf	8173842						20000	0.01	0.5	1.01918	0.02665	opengwasdb@a0656c0d073875c17088972b24cbb9568c0467a2	
GCST90451725	GCST90451725	passed		source		1.0295	estimated_from_source_maf	8131556						20000	0.01	0.5	1.0295	0.0275549	opengwasdb@a0656c0d073875c17088972b24cbb9568c0467a2	
GCST90451726	GCST90451726	passed		source		1.03209	estimated_from_source_maf	8163004						20000	0.01	0.5	1.03209	0.027132	opengwasdb@a0656c0d073875c17088972b24cbb9568c0467a2	
GCST90451727	GCST90451727	passed		source		1.03809	estimated_from_source_maf	8168738						20000	0.01	0.5	1.03809	0.026955	opengwasdb@a0656c0d073875c17088972b24cbb9568c0467a2	
GCST90451728	GCST90451728	passed		source		0.996708	estimated_from_source_maf	8098187						20000	0.01	0.5	0.996708	0.0281948	opengwasdb@a0656c0d073875c17088972b24cbb9568c0467a2	
GCST90451729	GCST90451729	passed		source		1.03454	estimated_from_source_maf	8171429						20000	0.01	0.5	1.03454	0.0264235	opengwasdb@a0656c0d073875c17088972b24cbb9568c0467a2	
GCST90451730	GCST90451730	passed		source		0.982706	estimated_from_source_maf	8170740						20000	0.01	0.5	0.982706	0.0247613	opengwasdb@a0656c0d073875c17088972b24cbb9568c0467a2	
GCST90451731	GCST90451731	passed		source		1.00728	estimated_from_source_maf	8170990						20000	0.01	0.5	1.00728	0.0262803	opengwasdb@a0656c0d073875c17088972b24cbb9568c0467a2	
GCST90451732	GCST90451732	passed		source		0.982606	estimated_from_source_maf	8133287						20000	0.01	0.5	0.982606	0.0169654	opengwasdb@a0656c0d073875c17088972b24cbb9568c0467a2	
GCST90451733	GCST90451733	passed		source		1.02222	estimated_from_source_maf	8156482						20000	0.01	0.5	1.02222	0.0273943	opengwasdb@a0656c0d073875c17088972b24cbb9568c0467a2	
GCST90451734	GCST90451734	passed		source		1.00004	estimated_from_source_maf	8172947						20000	0.01	0.5	1.00004	0.0256747	opengwasdb@a0656c0d073875c17088972b24cbb9568c0467a2	
GCST90451735	GCST90451735	passed		source		1.02361	estimated_from_source_maf	8174838						20000	0.01	0.5	1.02361	0.0266836	opengwasdb@a0656c0d073875c17088972b24cbb9568c0467a2	
GCST90451736	GCST90451736	passed		source		0.999216	estimated_from_source_maf	8169703						20000	0.01	0.5	0.999216	0.0259712	opengwasdb@a0656c0d073875c17088972b24cbb9568c0467a2	
GCST90451737	GCST90451737	passed		source		0.906056	estimated_from_source_maf	8137473						20000	0.01	0.5	0.906056	0.0216615	opengwasdb@a0656c0d073875c17088972b24cbb9568c0467a2	
GCST90451738	GCST90451738	passed		source		1.02451	estimated_from_source_maf	8151371						20000	0.01	0.5	1.02451	0.0272762	opengwasdb@a0656c0d073875c17088972b24cbb9568c0467a2	
GCST90451739	GCST90451739	passed		source		0.959413	estimated_from_source_maf	8174270						20000	0.01	0.5	0.959413	0.0238075	opengwasdb@a0656c0d073875c17088972b24cbb9568c0467a2	
GCST90451740	GCST90451740	passed		source		1.01943	estimated_from_source_maf	8169360						20000	0.01	0.5	1.01943	0.0271399	opengwasdb@a0656c0d073875c17088972b24cbb9568c0467a2	
GCST90451741	GCST90451741	passed		source		1.02992	estimated_from_source_maf	8170432						20000	0.01	0.5	1.02992	0.027331	opengwasdb@a0656c0d073875c17088972b24cbb9568c0467a2	
GCST90451742	GCST90451742	passed		source		1.03744	estimated_from_source_maf	8168404						20000	0.01	0.5	1.03744	0.0279613	opengwasdb@a0656c0d073875c17088972b24cbb9568c0467a2	
GCST90451743	GCST90451743	passed		source		1.00464	estimated_from_source_maf	8116675						20000	0.01	0.5	1.00464	0.0187782	opengwasdb@a0656c0d073875c17088972b24cbb9568c0467a2	
GCST90451744	GCST90451744	passed		source		1.04451	estimated_from_source_maf	8169963						20000	0.01	0.5	1.04451	0.027825	opengwasdb@a0656c0d073875c17088972b24cbb9568c0467a2	
GCST90451745	GCST90451745	passed		source		1.01371	estimated_from_source_maf	8172648						20000	0.01	0.5	1.01371	0.0265321	opengwasdb@a0656c0d073875c17088972b24cbb9568c0467a2	
GCST90451746	GCST90451746	passed		source		1.03383	estimated_from_source_maf	8125910						20000	0.01	0.5	1.03383	0.0282813	opengwasdb@a0656c0d073875c17088972b24cbb9568c0467a2	
GCST90451747	GCST90451747	passed		source		0.978038	estimated_from_source_maf	8173303						20000	0.01	0.5	0.978038	0.0247042	opengwasdb@a0656c0d073875c17088972b24cbb9568c0467a2	
GCST90451748	GCST90451748	passed		source		1.02644	estimated_from_source_maf	8171165						20000	0.01	0.5	1.02644	0.0266185	opengwasdb@a0656c0d073875c17088972b24cbb9568c0467a2	
GCST90451749	GCST90451749	passed		source		1.03938	estimated_from_source_maf	8168747						20000	0.01	0.5	1.03938	0.0277472	opengwasdb@a0656c0d073875c17088972b24cbb9568c0467a2	
GCST90451750	GCST90451750	passed		source		1.01683	estimated_from_source_maf	8172448						20000	0.01	0.5	1.01683	0.0266589	opengwasdb@a0656c0d073875c17088972b24cbb9568c0467a2	
GCST90451751	GCST90451751	passed		source		1.00281	estimated_from_source_maf	8174025						20000	0.01	0.5	1.00281	0.0259682	opengwasdb@a0656c0d073875c17088972b24cbb9568c0467a2	
GCST90451752	GCST90451752	passed		source		1.03871	estimated_from_source_maf	8167101						20000	0.01	0.5	1.03871	0.0277485	opengwasdb@a0656c0d073875c17088972b24cbb9568c0467a2	
GCST90451753	GCST90451753	passed		source		0.987096	estimated_from_source_maf	8175103						20000	0.01	0.5	0.987096	0.0252039	opengwasdb@a0656c0d073875c17088972b24cbb9568c0467a2	
GCST90451754	GCST90451754	passed		source		1.02009	estimated_from_source_maf	8170860						20000	0.01	0.5	1.02009	0.0257812	opengwasdb@a0656c0d073875c17088972b24cbb9568c0467a2	
GCST90451757	GCST90451757	skipped	non_quantitative_effect_scale				binary_trait								0.01	0.5			opengwasdb@a0656c0d073875c17088972b24cbb9568c0467a2	case-control effect scale; phenotype-SD estimation not applicable
GCST90454186	GCST90454186	skipped	non_quantitative_effect_scale				binary_trait								0.01	0.5			opengwasdb@a0656c0d073875c17088972b24cbb9568c0467a2	case-control effect scale; phenotype-SD estimation not applicable
GCST90454190	GCST90454190	skipped	non_quantitative_effect_scale				binary_trait								0.01	0.5			opengwasdb@a0656c0d073875c17088972b24cbb9568c0467a2	case-control effect scale; phenotype-SD estimation not applicable
GCST90454191	GCST90454191	skipped	non_quantitative_effect_scale				binary_trait								0.01	0.5			opengwasdb@a0656c0d073875c17088972b24cbb9568c0467a2	case-control effect scale; phenotype-SD estimation not applicable
GCST90454200	GCST90454200	passed		source		0	estimated_from_source_maf	7350294						20000	0.01	0.5	0	0	opengwasdb@a0656c0d073875c17088972b24cbb9568c0467a2	
GCST90454201	GCST90454201	passed		source		0	estimated_from_source_maf	7347881						20000	0.01	0.5	0	0	opengwasdb@a0656c0d073875c17088972b24cbb9568c0467a2	
GCST90454202	GCST90454202	skipped	non_quantitative_effect_scale				binary_trait								0.01	0.5			opengwasdb@a0656c0d073875c17088972b24cbb9568c0467a2	case-control effect scale; phenotype-SD estimation not applicable
GCST90454203	GCST90454203	skipped	non_quantitative_effect_scale				binary_trait								0.01	0.5			opengwasdb@a0656c0d073875c17088972b24cbb9568c0467a2	case-control effect scale; phenotype-SD estimation not applicable
GCST90454204	GCST90454204	skipped	non_quantitative_effect_scale				binary_trait								0.01	0.5			opengwasdb@a0656c0d073875c17088972b24cbb9568c0467a2	case-control effect scale; phenotype-SD estimation not applicable
GCST90454205	GCST90454205	skipped	non_quantitative_effect_scale				binary_trait								0.01	0.5			opengwasdb@a0656c0d073875c17088972b24cbb9568c0467a2	case-control effect scale; phenotype-SD estimation not applicable
GCST90454206	GCST90454206	skipped	non_quantitative_effect_scale				binary_trait								0.01	0.5			opengwasdb@a0656c0d073875c17088972b24cbb9568c0467a2	case-control effect scale; phenotype-SD estimation not applicable
GCST90454207	GCST90454207	skipped	non_quantitative_effect_scale				binary_trait								0.01	0.5			opengwasdb@a0656c0d073875c17088972b24cbb9568c0467a2	case-control effect scale; phenotype-SD estimation not applicable
GCST90454208	GCST90454208	skipped	non_quantitative_effect_scale				binary_trait								0.01	0.5			opengwasdb@a0656c0d073875c17088972b24cbb9568c0467a2	case-control effect scale; phenotype-SD estimation not applicable
GCST90454209	GCST90454209	skipped	non_quantitative_effect_scale				binary_trait								0.01	0.5			opengwasdb@a0656c0d073875c17088972b24cbb9568c0467a2	case-control effect scale; phenotype-SD estimation not applicable
GCST90454210	GCST90454210	skipped	non_quantitative_effect_scale				binary_trait								0.01	0.5			opengwasdb@a0656c0d073875c17088972b24cbb9568c0467a2	case-control effect scale; phenotype-SD estimation not applicable
GCST90454211	GCST90454211	skipped	non_quantitative_effect_scale				binary_trait								0.01	0.5			opengwasdb@a0656c0d073875c17088972b24cbb9568c0467a2	case-control effect scale; phenotype-SD estimation not applicable
GCST90454212	GCST90454212	skipped	non_quantitative_effect_scale				binary_trait								0.01	0.5			opengwasdb@a0656c0d073875c17088972b24cbb9568c0467a2	case-control effect scale; phenotype-SD estimation not applicable
GCST90454213	GCST90454213	skipped	non_quantitative_effect_scale				binary_trait								0.01	0.5			opengwasdb@a0656c0d073875c17088972b24cbb9568c0467a2	case-control effect scale; phenotype-SD estimation not applicable
GCST90454214	GCST90454214	skipped	non_quantitative_effect_scale				binary_trait								0.01	0.5			opengwasdb@a0656c0d073875c17088972b24cbb9568c0467a2	case-control effect scale; phenotype-SD estimation not applicable
GCST90454215	GCST90454215	skipped	non_quantitative_effect_scale				binary_trait								0.01	0.5			opengwasdb@a0656c0d073875c17088972b24cbb9568c0467a2	case-control effect scale; phenotype-SD estimation not applicable
GCST90454216	GCST90454216	skipped	non_quantitative_effect_scale				binary_trait								0.01	0.5			opengwasdb@a0656c0d073875c17088972b24cbb9568c0467a2	case-control effect scale; phenotype-SD estimation not applicable
GCST90454217	GCST90454217	skipped	non_quantitative_effect_scale				binary_trait								0.01	0.5			opengwasdb@a0656c0d073875c17088972b24cbb9568c0467a2	case-control effect scale; phenotype-SD estimation not applicable
GCST90454218	GCST90454218	skipped	non_quantitative_effect_scale				binary_trait								0.01	0.5			opengwasdb@a0656c0d073875c17088972b24cbb9568c0467a2	case-control effect scale; phenotype-SD estimation not applicable
GCST90454219	GCST90454219	skipped	non_quantitative_effect_scale				binary_trait								0.01	0.5			opengwasdb@a0656c0d073875c17088972b24cbb9568c0467a2	case-control effect scale; phenotype-SD estimation not applicable
GCST90454220	GCST90454220	skipped	non_quantitative_effect_scale				binary_trait								0.01	0.5			opengwasdb@a0656c0d073875c17088972b24cbb9568c0467a2	case-control effect scale; phenotype-SD estimation not applicable
GCST90454221	GCST90454221	skipped	non_quantitative_effect_scale				binary_trait								0.01	0.5			opengwasdb@a0656c0d073875c17088972b24cbb9568c0467a2	case-control effect scale; phenotype-SD estimation not applicable
GCST90454222	GCST90454222	skipped	non_quantitative_effect_scale				binary_trait								0.01	0.5			opengwasdb@a0656c0d073875c17088972b24cbb9568c0467a2	case-control effect scale; phenotype-SD estimation not applicable
GCST90454223	GCST90454223	skipped	non_quantitative_effect_scale				binary_trait								0.01	0.5			opengwasdb@a0656c0d073875c17088972b24cbb9568c0467a2	case-control effect scale; phenotype-SD estimation not applicable
GCST90454224	GCST90454224	skipped	non_quantitative_effect_scale				binary_trait								0.01	0.5			opengwasdb@a0656c0d073875c17088972b24cbb9568c0467a2	case-control effect scale; phenotype-SD estimation not applicable
GCST90454225	GCST90454225	skipped	non_quantitative_effect_scale				binary_trait								0.01	0.5			opengwasdb@a0656c0d073875c17088972b24cbb9568c0467a2	case-control effect scale; phenotype-SD estimation not applicable
GCST90454226	GCST90454226	skipped	non_quantitative_effect_scale				binary_trait								0.01	0.5			opengwasdb@a0656c0d073875c17088972b24cbb9568c0467a2	case-control effect scale; phenotype-SD estimation not applicable
GCST90454227	GCST90454227	skipped	non_quantitative_effect_scale				binary_trait								0.01	0.5			opengwasdb@a0656c0d073875c17088972b24cbb9568c0467a2	case-control effect scale; phenotype-SD estimation not applicable
GCST90454228	GCST90454228	skipped	non_quantitative_effect_scale				binary_trait								0.01	0.5			opengwasdb@a0656c0d073875c17088972b24cbb9568c0467a2	case-control effect scale; phenotype-SD estimation not applicable
GCST90454229	GCST90454229	skipped	non_quantitative_effect_scale				binary_trait								0.01	0.5			opengwasdb@a0656c0d073875c17088972b24cbb9568c0467a2	case-control effect scale; phenotype-SD estimation not applicable
GCST90454230	GCST90454230	skipped	non_quantitative_effect_scale				binary_trait								0.01	0.5			opengwasdb@a0656c0d073875c17088972b24cbb9568c0467a2	case-control effect scale; phenotype-SD estimation not applicable
GCST90454231	GCST90454231	skipped	non_quantitative_effect_scale				binary_trait								0.01	0.5			opengwasdb@a0656c0d073875c17088972b24cbb9568c0467a2	case-control effect scale; phenotype-SD estimation not applicable
GCST90454232	GCST90454232	skipped	non_quantitative_effect_scale				binary_trait								0.01	0.5			opengwasdb@a0656c0d073875c17088972b24cbb9568c0467a2	case-control effect scale; phenotype-SD estimation not applicable
GCST90454233	GCST90454233	skipped	non_quantitative_effect_scale				binary_trait								0.01	0.5			opengwasdb@a0656c0d073875c17088972b24cbb9568c0467a2	case-control effect scale; phenotype-SD estimation not applicable
GCST90454234	GCST90454234	skipped	non_quantitative_effect_scale				binary_trait								0.01	0.5			opengwasdb@a0656c0d073875c17088972b24cbb9568c0467a2	case-control effect scale; phenotype-SD estimation not applicable
GCST90454235	GCST90454235	skipped	non_quantitative_effect_scale				binary_trait								0.01	0.5			opengwasdb@a0656c0d073875c17088972b24cbb9568c0467a2	case-control effect scale; phenotype-SD estimation not applicable
GCST90454236	GCST90454236	skipped	non_quantitative_effect_scale				binary_trait								0.01	0.5			opengwasdb@a0656c0d073875c17088972b24cbb9568c0467a2	case-control effect scale; phenotype-SD estimation not applicable
GCST90454237	GCST90454237	skipped	non_quantitative_effect_scale				binary_trait								0.01	0.5			opengwasdb@a0656c0d073875c17088972b24cbb9568c0467a2	case-control effect scale; phenotype-SD estimation not applicable
GCST90454238	GCST90454238	skipped	non_quantitative_effect_scale				binary_trait								0.01	0.5			opengwasdb@a0656c0d073875c17088972b24cbb9568c0467a2	case-control effect scale; phenotype-SD estimation not applicable
GCST90454239	GCST90454239	skipped	non_quantitative_effect_scale				binary_trait								0.01	0.5			opengwasdb@a0656c0d073875c17088972b24cbb9568c0467a2	case-control effect scale; phenotype-SD estimation not applicable
GCST90454240	GCST90454240	skipped	non_quantitative_effect_scale				binary_trait								0.01	0.5			opengwasdb@a0656c0d073875c17088972b24cbb9568c0467a2	case-control effect scale; phenotype-SD estimation not applicable
GCST90454241	GCST90454241	skipped	non_quantitative_effect_scale				binary_trait								0.01	0.5			opengwasdb@a0656c0d073875c17088972b24cbb9568c0467a2	case-control effect scale; phenotype-SD estimation not applicable
GCST90454242	GCST90454242	skipped	non_quantitative_effect_scale				binary_trait								0.01	0.5			opengwasdb@a0656c0d073875c17088972b24cbb9568c0467a2	case-control effect scale; phenotype-SD estimation not applicable
GCST90454243	GCST90454243	skipped	non_quantitative_effect_scale				binary_trait								0.01	0.5			opengwasdb@a0656c0d073875c17088972b24cbb9568c0467a2	case-control effect scale; phenotype-SD estimation not applicable
GCST90454293	GCST90454293	passed		source		0.958504	estimated_from_source_maf	8157701						20000	0.01	0.5	0.958504	0.0027183	opengwasdb@a0656c0d073875c17088972b24cbb9568c0467a2	
GCST90454294	GCST90454294	passed		source		0.961914	estimated_from_source_maf	8157701						20000	0.01	0.5	0.961914	0.00271989	opengwasdb@a0656c0d073875c17088972b24cbb9568c0467a2	
GCST90454295	GCST90454295	passed		source		0.956275	estimated_from_source_maf	8157701						20000	0.01	0.5	0.956275	0.00270974	opengwasdb@a0656c0d073875c17088972b24cbb9568c0467a2	
GCST90454344	GCST90454344	skipped	non_quantitative_effect_scale				binary_trait								0.01	0.5			opengwasdb@a0656c0d073875c17088972b24cbb9568c0467a2	case-control effect scale; phenotype-SD estimation not applicable
GCST90454345	GCST90454345	skipped	non_quantitative_effect_scale				binary_trait								0.01	0.5			opengwasdb@a0656c0d073875c17088972b24cbb9568c0467a2	case-control effect scale; phenotype-SD estimation not applicable
GCST90454346	GCST90454346	skipped	non_quantitative_effect_scale				binary_trait								0.01	0.5			opengwasdb@a0656c0d073875c17088972b24cbb9568c0467a2	case-control effect scale; phenotype-SD estimation not applicable
GCST90454347	GCST90454347	skipped	non_quantitative_effect_scale				binary_trait								0.01	0.5			opengwasdb@a0656c0d073875c17088972b24cbb9568c0467a2	case-control effect scale; phenotype-SD estimation not applicable
GCST90454348	GCST90454348	skipped	non_quantitative_effect_scale				binary_trait								0.01	0.5			opengwasdb@a0656c0d073875c17088972b24cbb9568c0467a2	case-control effect scale; phenotype-SD estimation not applicable
GCST90454483	GCST90454483	passed		source		0.934643	estimated_from_source_maf	1908403						20000	0.01	0.5	0.934643	0.00202512	opengwasdb@a0656c0d073875c17088972b24cbb9568c0467a2	
GCST90454484	GCST90454484	passed		source		0.970658	estimated_from_source_maf	1908403						20000	0.01	0.5	0.970658	0.0021059	opengwasdb@a0656c0d073875c17088972b24cbb9568c0467a2	
GCST90454485	GCST90454485	passed		source		0.983335	estimated_from_source_maf	1908403						20000	0.01	0.5	0.983335	0.0021296	opengwasdb@a0656c0d073875c17088972b24cbb9568c0467a2	
GCST90454486	GCST90454486	passed		source		0.964682	estimated_from_source_maf	1908403						20000	0.01	0.5	0.964682	0.0020897	opengwasdb@a0656c0d073875c17088972b24cbb9568c0467a2	
GCST90454487	GCST90454487	passed		source		0.995383	estimated_from_source_maf	1908403						20000	0.01	0.5	0.995383	0.0021748	opengwasdb@a0656c0d073875c17088972b24cbb9568c0467a2	
GCST90454488	GCST90454488	passed		source		0.992029	estimated_from_source_maf	1908403						20000	0.01	0.5	0.992029	0.00214667	opengwasdb@a0656c0d073875c17088972b24cbb9568c0467a2	
GCST90454489	GCST90454489	passed		source		0.967725	estimated_from_source_maf	1908403						20000	0.01	0.5	0.967725	0.0020968	opengwasdb@a0656c0d073875c17088972b24cbb9568c0467a2	
GCST90454490	GCST90454490	passed		source		0.996303	estimated_from_source_maf	1908403						20000	0.01	0.5	0.996303	0.00218106	opengwasdb@a0656c0d073875c17088972b24cbb9568c0467a2	
GCST90454540	GCST90454540	skipped	non_quantitative_effect_scale				binary_trait								0.01	0.5			opengwasdb@a0656c0d073875c17088972b24cbb9568c0467a2	case-control effect scale; phenotype-SD estimation not applicable
GCST90454541	GCST90454541	skipped	non_quantitative_effect_scale				binary_trait								0.01	0.5			opengwasdb@a0656c0d073875c17088972b24cbb9568c0467a2	case-control effect scale; phenotype-SD estimation not applicable
GCST90454542	GCST90454542	skipped	non_quantitative_effect_scale				binary_trait								0.01	0.5			opengwasdb@a0656c0d073875c17088972b24cbb9568c0467a2	case-control effect scale; phenotype-SD estimation not applicable
GCST90454543	GCST90454543	skipped	non_quantitative_effect_scale				binary_trait								0.01	0.5			opengwasdb@a0656c0d073875c17088972b24cbb9568c0467a2	case-control effect scale; phenotype-SD estimation not applicable
GCST90455543	GCST90455543	passed		source		0.18581	estimated_from_source_maf	9858522						20000	0.01	0.5	0.18581	0.00076171	opengwasdb@a0656c0d073875c17088972b24cbb9568c0467a2	
GCST90455544	GCST90455544	passed		source		0.218323	estimated_from_source_maf	9858522						20000	0.01	0.5	0.218323	0.000895531	opengwasdb@a0656c0d073875c17088972b24cbb9568c0467a2	
GCST90455545	GCST90455545	passed		source		0.186395	estimated_from_source_maf	9858522						20000	0.01	0.5	0.186395	0.000763692	opengwasdb@a0656c0d073875c17088972b24cbb9568c0467a2	
GCST90455546	GCST90455546	passed		source		0.175345	estimated_from_source_maf	9858522						20000	0.01	0.5	0.175345	0.000718772	opengwasdb@a0656c0d073875c17088972b24cbb9568c0467a2	
GCST90455589	GCST90455589	passed		source		0.941748	estimated_from_source_maf	5389822						20000	0.01	0.5	0.941748	0.0053909	opengwasdb@a0656c0d073875c17088972b24cbb9568c0467a2	
GCST90455590	GCST90455590	passed		source		0.943729	estimated_from_source_maf	5389822						20000	0.01	0.5	0.943729	0.00540436	opengwasdb@a0656c0d073875c17088972b24cbb9568c0467a2	
GCST90455591	GCST90455591	passed		source		0.852071	estimated_from_source_maf	5387137						20000	0.01	0.5	0.852071	0.0103633	opengwasdb@a0656c0d073875c17088972b24cbb9568c0467a2	
GCST90455592	GCST90455592	passed		source		0.853403	estimated_from_source_maf	5387137						20000	0.01	0.5	0.853403	0.0104434	opengwasdb@a0656c0d073875c17088972b24cbb9568c0467a2	
GCST90455593	GCST90455593	passed		source		0.951811	estimated_from_source_maf	5390645						20000	0.01	0.5	0.951811	0.00438358	opengwasdb@a0656c0d073875c17088972b24cbb9568c0467a2	
GCST90455594	GCST90455594	passed		source		0.952749	estimated_from_source_maf	5390645						20000	0.01	0.5	0.952749	0.00437596	opengwasdb@a0656c0d073875c17088972b24cbb9568c0467a2	
GCST90455595	GCST90455595	passed		source		0.890046	estimated_from_source_maf	5389397						20000	0.01	0.5	0.890046	0.00829421	opengwasdb@a0656c0d073875c17088972b24cbb9568c0467a2	
GCST90455596	GCST90455596	passed		source		0.891365	estimated_from_source_maf	5389397						20000	0.01	0.5	0.891365	0.00830026	opengwasdb@a0656c0d073875c17088972b24cbb9568c0467a2	
GCST90455597	GCST90455597	passed		source		0.924042	estimated_from_source_maf	5388875						20000	0.01	0.5	0.924042	0.00746949	opengwasdb@a0656c0d073875c17088972b24cbb9568c0467a2	
GCST90455598	GCST90455598	passed		source		0.925377	estimated_from_source_maf	5388875						20000	0.01	0.5	0.925377	0.00748048	opengwasdb@a0656c0d073875c17088972b24cbb9568c0467a2	
GCST90455599	GCST90455599	passed		source		0.921046	estimated_from_source_maf	5387992						20000	0.01	0.5	0.921046	0.00746291	opengwasdb@a0656c0d073875c17088972b24cbb9568c0467a2	
GCST90455600	GCST90455600	passed		source		0.92357	estimated_from_source_maf	5387992						20000	0.01	0.5	0.92357	0.0074228	opengwasdb@a0656c0d073875c17088972b24cbb9568c0467a2	
GCST90455601	GCST90455601	passed		source		0.965743	estimated_from_source_maf	5389807						20000	0.01	0.5	0.965743	0.0058123	opengwasdb@a0656c0d073875c17088972b24cbb9568c0467a2	
GCST90455602	GCST90455602	passed		source		0.968679	estimated_from_source_maf	5389807						20000	0.01	0.5	0.968679	0.00580977	opengwasdb@a0656c0d073875c17088972b24cbb9568c0467a2	
GCST90455603	GCST90455603	passed		source		0.990299	estimated_from_source_maf	5389354						20000	0.01	0.5	0.990299	0.00298345	opengwasdb@a0656c0d073875c17088972b24cbb9568c0467a2	
GCST90455604	GCST90455604	passed		source		0.989122	estimated_from_source_maf	5389354						20000	0.01	0.5	0.989122	0.00300572	opengwasdb@a0656c0d073875c17088972b24cbb9568c0467a2	
GCST90455605	GCST90455605	passed		source		0.967999	estimated_from_source_maf	5389414						20000	0.01	0.5	0.967999	0.00326362	opengwasdb@a0656c0d073875c17088972b24cbb9568c0467a2	
GCST90455606	GCST90455606	passed		source		0.962575	estimated_from_source_maf	5389414						20000	0.01	0.5	0.962575	0.00324908	opengwasdb@a0656c0d073875c17088972b24cbb9568c0467a2	
GCST90455607	GCST90455607	passed		source		0.969414	estimated_from_source_maf	5389830						20000	0.01	0.5	0.969414	0.00281886	opengwasdb@a0656c0d073875c17088972b24cbb9568c0467a2	
GCST90455608	GCST90455608	passed		source		0.961232	estimated_from_source_maf	5389830						20000	0.01	0.5	0.961232	0.00278155	opengwasdb@a0656c0d073875c17088972b24cbb9568c0467a2	
GCST90455657	GCST90455657	skipped	non_quantitative_effect_scale				binary_trait								0.01	0.5			opengwasdb@a0656c0d073875c17088972b24cbb9568c0467a2	case-control effect scale; phenotype-SD estimation not applicable
GCST90455658	GCST90455658	skipped	non_quantitative_effect_scale				binary_trait								0.01	0.5			opengwasdb@a0656c0d073875c17088972b24cbb9568c0467a2	case-control effect scale; phenotype-SD estimation not applicable
GCST90455659	GCST90455659	passed		source		3.02756	estimated_from_source_maf	10266083						20000	0.01	0.5	3.02756	0.0725641	opengwasdb@a0656c0d073875c17088972b24cbb9568c0467a2	
GCST90455660	GCST90455660	passed		source		4.13635	estimated_from_source_maf	10281560						20000	0.01	0.5	4.13635	0.0770784	opengwasdb@a0656c0d073875c17088972b24cbb9568c0467a2	
GCST90455661	GCST90455661	passed		source		5.09799	estimated_from_source_maf	10143442						20000	0.01	0.5	5.09799	0.107914	opengwasdb@a0656c0d073875c17088972b24cbb9568c0467a2	
GCST90455721	GCST90455721	warning		source		2032.3	estimated_from_source_maf	8260831						20000	0.01	0.5	2032.3	9.02393	opengwasdb@a0656c0d073875c17088972b24cbb9568c0467a2	
GCST90455722	GCST90455722	warning		source		1088.33	estimated_from_source_maf	8260831						20000	0.01	0.5	1088.33	4.83822	opengwasdb@a0656c0d073875c17088972b24cbb9568c0467a2	
GCST90455723	GCST90455723	warning		source		377.126	estimated_from_source_maf	8260831						20000	0.01	0.5	377.126	1.67398	opengwasdb@a0656c0d073875c17088972b24cbb9568c0467a2	
GCST90455724	GCST90455724	warning		source		323.833	estimated_from_source_maf	8260831						20000	0.01	0.5	323.833	1.43825	opengwasdb@a0656c0d073875c17088972b24cbb9568c0467a2	
GCST90455725	GCST90455725	warning		source		288.975	estimated_from_source_maf	8260831						20000	0.01	0.5	288.975	1.28371	opengwasdb@a0656c0d073875c17088972b24cbb9568c0467a2	
GCST90455726	GCST90455726	warning		source		250.993	estimated_from_source_maf	8260831						20000	0.01	0.5	250.993	1.11485	opengwasdb@a0656c0d073875c17088972b24cbb9568c0467a2	
GCST90461907	GCST90461907	warning		source		1.97085	estimated_from_source_maf	25608855						20000	0.01	0.5	1.97085	0.977661	opengwasdb@a0656c0d073875c17088972b24cbb9568c0467a2	
GCST90461957	GCST90461957	skipped	non_quantitative_effect_scale				binary_trait								0.01	0.5			opengwasdb@a0656c0d073875c17088972b24cbb9568c0467a2	case-control effect scale; phenotype-SD estimation not applicable
GCST90461958	GCST90461958	skipped	non_quantitative_effect_scale				binary_trait								0.01	0.5			opengwasdb@a0656c0d073875c17088972b24cbb9568c0467a2	case-control effect scale; phenotype-SD estimation not applicable
GCST90472771	GCST90472771	skipped	non_quantitative_effect_scale				binary_trait								0.01	0.5			opengwasdb@a0656c0d073875c17088972b24cbb9568c0467a2	case-control effect scale; phenotype-SD estimation not applicable
GCST90472777	GCST90472777	passed		source		10.3322	estimated_from_source_maf	10055110						20000	0.01	0.5	10.3322	0.0223684	opengwasdb@a0656c0d073875c17088972b24cbb9568c0467a2	
GCST90472778	GCST90472778	passed		source		10.2677	estimated_from_source_maf	10055110						20000	0.01	0.5	10.2677	0.0314624	opengwasdb@a0656c0d073875c17088972b24cbb9568c0467a2	
GCST90472779	GCST90472779	passed		source		10.4127	estimated_from_source_maf	10055110						20000	0.01	0.5	10.4127	0.0337256	opengwasdb@a0656c0d073875c17088972b24cbb9568c0467a2	
GCST90472780	GCST90472780	passed		source		18.4444	estimated_from_source_maf	10055110						20000	0.01	0.5	18.4444	0.0399783	opengwasdb@a0656c0d073875c17088972b24cbb9568c0467a2	
GCST90472781	GCST90472781	passed		source		18.8538	estimated_from_source_maf	10055110						20000	0.01	0.5	18.8538	0.0578288	opengwasdb@a0656c0d073875c17088972b24cbb9568c0467a2	
GCST90472782	GCST90472782	passed		source		17.8882	estimated_from_source_maf	10055110						20000	0.01	0.5	17.8882	0.0578447	opengwasdb@a0656c0d073875c17088972b24cbb9568c0467a2	
GCST90472783	GCST90472783	passed		source		12.7762	estimated_from_source_maf	10055110						20000	0.01	0.5	12.7762	0.0276815	opengwasdb@a0656c0d073875c17088972b24cbb9568c0467a2	
GCST90472784	GCST90472784	passed		source		13.1413	estimated_from_source_maf	10055110						20000	0.01	0.5	13.1413	0.0402692	opengwasdb@a0656c0d073875c17088972b24cbb9568c0467a2	
GCST90472785	GCST90472785	passed		source		12.2626	estimated_from_source_maf	10055110						20000	0.01	0.5	12.2626	0.039657	opengwasdb@a0656c0d073875c17088972b24cbb9568c0467a2	
GCST90472808	GCST90472808	passed		source		0.913756	estimated_from_source_maf	8868891						20000	0.01	0.5	0.913756	0.00320775	opengwasdb@a0656c0d073875c17088972b24cbb9568c0467a2	
GCST90472809	GCST90472809	passed		source		3.85963	estimated_from_source_maf	8868895						20000	0.01	0.5	3.85963	0.0147599	opengwasdb@a0656c0d073875c17088972b24cbb9568c0467a2	
GCST90472810	GCST90472810	passed		source		3.86417	estimated_from_source_maf	8868878						20000	0.01	0.5	3.86417	0.0142669	opengwasdb@a0656c0d073875c17088972b24cbb9568c0467a2	
GCST90473003	GCST90473003	skipped	non_quantitative_effect_scale				binary_trait								0.01	0.5			opengwasdb@a0656c0d073875c17088972b24cbb9568c0467a2	case-control effect scale; phenotype-SD estimation not applicable
GCST90473004	GCST90473004	skipped	non_quantitative_effect_scale				binary_trait								0.01	0.5			opengwasdb@a0656c0d073875c17088972b24cbb9568c0467a2	case-control effect scale; phenotype-SD estimation not applicable
GCST90473005	GCST90473005	skipped	non_quantitative_effect_scale				binary_trait								0.01	0.5			opengwasdb@a0656c0d073875c17088972b24cbb9568c0467a2	case-control effect scale; phenotype-SD estimation not applicable
GCST90474667	GCST90474667	skipped	non_quantitative_effect_scale				binary_trait								0.01	0.5			opengwasdb@a0656c0d073875c17088972b24cbb9568c0467a2	case-control effect scale; phenotype-SD estimation not applicable
GCST90482691	GCST90482691	skipped	non_quantitative_effect_scale				binary_trait								0.01	0.5			opengwasdb@a0656c0d073875c17088972b24cbb9568c0467a2	case-control effect scale; phenotype-SD estimation not applicable
GCST90482704	GCST90482704	passed		source		0.971035	estimated_from_source_maf	5907793						20000	0.01	0.5	0.971035	0.0427812	opengwasdb@a0656c0d073875c17088972b24cbb9568c0467a2	
GCST90482705	GCST90482705	passed		source		1.01933	estimated_from_source_maf	5906025						20000	0.01	0.5	1.01933	0.040777	opengwasdb@a0656c0d073875c17088972b24cbb9568c0467a2	
GCST90482706	GCST90482706	passed		source		0.975047	estimated_from_source_maf	5907684						20000	0.01	0.5	0.975047	0.0422081	opengwasdb@a0656c0d073875c17088972b24cbb9568c0467a2	
GCST90482707	GCST90482707	passed		source		1.00858	estimated_from_source_maf	5908310						20000	0.01	0.5	1.00858	0.0473895	opengwasdb@a0656c0d073875c17088972b24cbb9568c0467a2	
GCST90482708	GCST90482708	passed		source		1.04008	estimated_from_source_maf	5909299						20000	0.01	0.5	1.04008	0.0518551	opengwasdb@a0656c0d073875c17088972b24cbb9568c0467a2	
GCST90482709	GCST90482709	passed		source		0.990416	estimated_from_source_maf	5908962						20000	0.01	0.5	0.990416	0.0492938	opengwasdb@a0656c0d073875c17088972b24cbb9568c0467a2	
GCST90482710	GCST90482710	passed		source		1.0282	estimated_from_source_maf	5909174						20000	0.01	0.5	1.0282	0.0524907	opengwasdb@a0656c0d073875c17088972b24cbb9568c0467a2	
GCST90482711	GCST90482711	passed		source		1.01966	estimated_from_source_maf	5907186						20000	0.01	0.5	1.01966	0.0436087	opengwasdb@a0656c0d073875c17088972b24cbb9568c0467a2	
GCST90482712	GCST90482712	passed		source		0.991004	estimated_from_source_maf	5907681						20000	0.01	0.5	0.991004	0.043261	opengwasdb@a0656c0d073875c17088972b24cbb9568c0467a2	
GCST90482713	GCST90482713	passed		source		1.02518	estimated_from_source_maf	5907940						20000	0.01	0.5	1.02518	0.0462209	opengwasdb@a0656c0d073875c17088972b24cbb9568c0467a2	
GCST90483368	GCST90483368	skipped	non_quantitative_effect_scale				binary_trait								0.01	0.5			opengwasdb@a0656c0d073875c17088972b24cbb9568c0467a2	case-control effect scale; phenotype-SD estimation not applicable
GCST90483373	GCST90483373	passed		source		3.63818	estimated_from_source_maf	9031401						20000	0.01	0.5	3.63818	0.0293909	opengwasdb@a0656c0d073875c17088972b24cbb9568c0467a2	
GCST90483374	GCST90483374	passed		source		3.41256	estimated_from_source_maf	9031400						20000	0.01	0.5	3.41256	0.0255418	opengwasdb@a0656c0d073875c17088972b24cbb9568c0467a2	
GCST90483375	GCST90483375	passed		source		0.969614	estimated_from_source_maf	9031401						20000	0.01	0.5	0.969614	0.0050957	opengwasdb@a0656c0d073875c17088972b24cbb9568c0467a2	
GCST90483376	GCST90483376	skipped	non_quantitative_effect_scale				binary_trait								0.01	0.5			opengwasdb@a0656c0d073875c17088972b24cbb9568c0467a2	case-control effect scale; phenotype-SD estimation not applicable
GCST90483463	GCST90483463	skipped	non_quantitative_effect_scale				binary_trait								0.01	0.5			opengwasdb@a0656c0d073875c17088972b24cbb9568c0467a2	case-control effect scale; phenotype-SD estimation not applicable
GCST90483464	GCST90483464	skipped	non_quantitative_effect_scale				binary_trait								0.01	0.5			opengwasdb@a0656c0d073875c17088972b24cbb9568c0467a2	case-control effect scale; phenotype-SD estimation not applicable
GCST90483465	GCST90483465	skipped	non_quantitative_effect_scale				binary_trait								0.01	0.5			opengwasdb@a0656c0d073875c17088972b24cbb9568c0467a2	case-control effect scale; phenotype-SD estimation not applicable
GCST90483466	GCST90483466	skipped	non_quantitative_effect_scale				binary_trait								0.01	0.5			opengwasdb@a0656c0d073875c17088972b24cbb9568c0467a2	case-control effect scale; phenotype-SD estimation not applicable
GCST90483467	GCST90483467	skipped	non_quantitative_effect_scale				binary_trait								0.01	0.5			opengwasdb@a0656c0d073875c17088972b24cbb9568c0467a2	case-control effect scale; phenotype-SD estimation not applicable
GCST90483468	GCST90483468	skipped	non_quantitative_effect_scale				binary_trait								0.01	0.5			opengwasdb@a0656c0d073875c17088972b24cbb9568c0467a2	case-control effect scale; phenotype-SD estimation not applicable
GCST90483475	GCST90483475	passed		source		1.07695	estimated_from_source_maf	11280512						20000	0.01	0.5	1.07695	0.0423335	opengwasdb@a0656c0d073875c17088972b24cbb9568c0467a2	
GCST90483476	GCST90483476	passed		source		1.0282	estimated_from_source_maf	10762945						20000	0.01	0.5	1.0282	0.0192967	opengwasdb@a0656c0d073875c17088972b24cbb9568c0467a2	
GCST90483477	GCST90483477	passed		source		1.0836	estimated_from_source_maf	11245342						20000	0.01	0.5	1.0836	0.0374917	opengwasdb@a0656c0d073875c17088972b24cbb9568c0467a2	
GCST90483478	GCST90483478	passed		source		1.06294	estimated_from_source_maf	11287824						20000	0.01	0.5	1.06294	0.0290546	opengwasdb@a0656c0d073875c17088972b24cbb9568c0467a2	
GCST90483479	GCST90483479	passed		source		0.984352	estimated_from_source_maf	10741571						20000	0.01	0.5	0.984352	0.0179684	opengwasdb@a0656c0d073875c17088972b24cbb9568c0467a2	
GCST90483480	GCST90483480	passed		source		1.08318	estimated_from_source_maf	11246882						20000	0.01	0.5	1.08318	0.0370038	opengwasdb@a0656c0d073875c17088972b24cbb9568c0467a2	
GCST90483481	GCST90483481	passed		source		1.02025	estimated_from_source_maf	11210996						20000	0.01	0.5	1.02025	0.0320697	opengwasdb@a0656c0d073875c17088972b24cbb9568c0467a2	
GCST90483482	GCST90483482	passed		source		0.917612	estimated_from_source_maf	10815163						20000	0.01	0.5	0.917612	0.0291418	opengwasdb@a0656c0d073875c17088972b24cbb9568c0467a2	
GCST90483483	GCST90483483	passed		source		1.03257	estimated_from_source_maf	11188359						20000	0.01	0.5	1.03257	0.069835	opengwasdb@a0656c0d073875c17088972b24cbb9568c0467a2	
GCST90483484	GCST90483484	passed		source		1.07978	estimated_from_source_maf	11381466						20000	0.01	0.5	1.07978	0.0581298	opengwasdb@a0656c0d073875c17088972b24cbb9568c0467a2	
GCST90483485	GCST90483485	passed		source		0.962416	estimated_from_source_maf	11369664						20000	0.01	0.5	0.962416	0.04418	opengwasdb@a0656c0d073875c17088972b24cbb9568c0467a2	
GCST90483486	GCST90483486	passed		source		1.01386	estimated_from_source_maf	11034983						20000	0.01	0.5	1.01386	0.0197764	opengwasdb@a0656c0d073875c17088972b24cbb9568c0467a2	
GCST90483487	GCST90483487	passed		source		0.946232	estimated_from_source_maf	11056380						20000	0.01	0.5	0.946232	0.0387445	opengwasdb@a0656c0d073875c17088972b24cbb9568c0467a2	
GCST90483488	GCST90483488	passed		source		1.0034	estimated_from_source_maf	11014459						20000	0.01	0.5	1.0034	0.0228323	opengwasdb@a0656c0d073875c17088972b24cbb9568c0467a2	
GCST90483500	GCST90483500	skipped	non_quantitative_effect_scale				binary_trait								0.01	0.5			opengwasdb@a0656c0d073875c17088972b24cbb9568c0467a2	case-control effect scale; phenotype-SD estimation not applicable
GCST90483501	GCST90483501	skipped	non_quantitative_effect_scale				binary_trait								0.01	0.5			opengwasdb@a0656c0d073875c17088972b24cbb9568c0467a2	case-control effect scale; phenotype-SD estimation not applicable
GCST90483502	GCST90483502	skipped	non_quantitative_effect_scale				binary_trait								0.01	0.5			opengwasdb@a0656c0d073875c17088972b24cbb9568c0467a2	case-control effect scale; phenotype-SD estimation not applicable
GCST90487900	GCST90487900	skipped	non_quantitative_effect_scale				binary_trait								0.01	0.5			opengwasdb@a0656c0d073875c17088972b24cbb9568c0467a2	case-control effect scale; phenotype-SD estimation not applicable
GCST90501352	GCST90501352	passed		source		0.357309	estimated_from_source_maf	7515441						20000	0.01	0.5	0.357309	0.00305673	opengwasdb@a0656c0d073875c17088972b24cbb9568c0467a2	
GCST90501353	GCST90501353	passed		source		0.362028	estimated_from_source_maf	7515466						20000	0.01	0.5	0.362028	0.00296556	opengwasdb@a0656c0d073875c17088972b24cbb9568c0467a2	
GCST90501670	GCST90501670	passed		source		2.09768	estimated_from_source_maf	9789873						20000	0.01	0.5	2.09768	0.253182	opengwasdb@a0656c0d073875c17088972b24cbb9568c0467a2	
GCST90501671	GCST90501671	passed		source		2.08117	estimated_from_source_maf	9788591						20000	0.01	0.5	2.08117	0.223816	opengwasdb@a0656c0d073875c17088972b24cbb9568c0467a2	
GCST90501672	GCST90501672	passed		source		2.09922	estimated_from_source_maf	9790664						20000	0.01	0.5	2.09922	0.18908	opengwasdb@a0656c0d073875c17088972b24cbb9568c0467a2	
GCST90502754	GCST90502754	skipped	non_quantitative_effect_scale				binary_trait								0.01	0.5			opengwasdb@a0656c0d073875c17088972b24cbb9568c0467a2	case-control effect scale; phenotype-SD estimation not applicable
GCST90502755	GCST90502755	skipped	non_quantitative_effect_scale				binary_trait								0.01	0.5			opengwasdb@a0656c0d073875c17088972b24cbb9568c0467a2	case-control effect scale; phenotype-SD estimation not applicable
GCST90502757	GCST90502757	passed		source		1.15288	estimated_from_source_maf	8235344						20000	0.01	0.5	1.15288	0.0409149	opengwasdb@a0656c0d073875c17088972b24cbb9568c0467a2	
GCST90502821	GCST90502821	skipped	non_quantitative_effect_scale				binary_trait								0.01	0.5			opengwasdb@a0656c0d073875c17088972b24cbb9568c0467a2	case-control effect scale; phenotype-SD estimation not applicable
GCST90502822	GCST90502822	skipped	non_quantitative_effect_scale				binary_trait								0.01	0.5			opengwasdb@a0656c0d073875c17088972b24cbb9568c0467a2	case-control effect scale; phenotype-SD estimation not applicable
GCST90502823	GCST90502823	skipped	non_quantitative_effect_scale				binary_trait								0.01	0.5			opengwasdb@a0656c0d073875c17088972b24cbb9568c0467a2	case-control effect scale; phenotype-SD estimation not applicable
GCST90502911	GCST90502911	passed		source		1.01564	estimated_from_source_maf	85226719						20000	0.01	0.5	1.01564	0.011506	opengwasdb@a0656c0d073875c17088972b24cbb9568c0467a2	
GCST90502912	GCST90502912	passed		source		1.01102	estimated_from_source_maf	21541041						20000	0.01	0.5	1.01102	0.00342482	opengwasdb@a0656c0d073875c17088972b24cbb9568c0467a2	
GCST90502916	GCST90502916	passed		source		0.94255	estimated_from_source_maf	1145324						20000	0.01	0.5	0.94255	0.0141466	opengwasdb@a0656c0d073875c17088972b24cbb9568c0467a2	
GCST90503074	GCST90503074	passed		source		0.741239	estimated_from_source_maf	7601009						20000	0.01	0.5	0.741239	0.0059356	opengwasdb@a0656c0d073875c17088972b24cbb9568c0467a2	
GCST90503075	GCST90503075	passed		source		2.12762	estimated_from_source_maf	7601310						20000	0.01	0.5	2.12762	0.0173101	opengwasdb@a0656c0d073875c17088972b24cbb9568c0467a2	
GCST90503076	GCST90503076	passed		source		1.98057	estimated_from_source_maf	7601310						20000	0.01	0.5	1.98057	0.0157488	opengwasdb@a0656c0d073875c17088972b24cbb9568c0467a2	
GCST90503108	GCST90503108	skipped	non_quantitative_effect_scale				binary_trait								0.01	0.5			opengwasdb@a0656c0d073875c17088972b24cbb9568c0467a2	case-control effect scale; phenotype-SD estimation not applicable
GCST90503109	GCST90503109	skipped	non_quantitative_effect_scale				binary_trait								0.01	0.5			opengwasdb@a0656c0d073875c17088972b24cbb9568c0467a2	case-control effect scale; phenotype-SD estimation not applicable
GCST90503115	GCST90503115	passed		source		0.997775	estimated_from_source_maf	1503914						20000	0.01	0.5	0.997775	0.015491	opengwasdb@a0656c0d073875c17088972b24cbb9568c0467a2	
GCST90503116	GCST90503116	passed		source		0.997977	estimated_from_source_maf	1503915						20000	0.01	0.5	0.997977	0.0158432	opengwasdb@a0656c0d073875c17088972b24cbb9568c0467a2	
GCST90503117	GCST90503117	passed		source		0.997719	estimated_from_source_maf	1503915						20000	0.01	0.5	0.997719	0.0155848	opengwasdb@a0656c0d073875c17088972b24cbb9568c0467a2	
GCST90503313	GCST90503313	passed		source		0.997782	estimated_from_source_maf	10574013						20000	0.01	0.5	0.997782	0.00775048	opengwasdb@a0656c0d073875c17088972b24cbb9568c0467a2	
GCST90503314	GCST90503314	passed		source		0.978298	estimated_from_source_maf	10531808						20000	0.01	0.5	0.978298	0.0087516	opengwasdb@a0656c0d073875c17088972b24cbb9568c0467a2	
GCST90503315	GCST90503315	passed		source		0.924987	estimated_from_source_maf	10531828						20000	0.01	0.5	0.924987	0.0100425	opengwasdb@a0656c0d073875c17088972b24cbb9568c0467a2	
GCST90503316	GCST90503316	passed		source		2.02417	estimated_from_source_maf	10531829						20000	0.01	0.5	2.02417	0.0152649	opengwasdb@a0656c0d073875c17088972b24cbb9568c0467a2	
GCST90503482	GCST90503482	skipped	non_quantitative_effect_scale				binary_trait								0.01	0.5			opengwasdb@a0656c0d073875c17088972b24cbb9568c0467a2	case-control effect scale; phenotype-SD estimation not applicable
GCST90503483	GCST90503483	skipped	non_quantitative_effect_scale				binary_trait								0.01	0.5			opengwasdb@a0656c0d073875c17088972b24cbb9568c0467a2	case-control effect scale; phenotype-SD estimation not applicable
GCST90551832	GCST90551832	passed		source		0.951219	estimated_from_source_maf	8383406						20000	0.01	0.5	0.951219	0.0025745	opengwasdb@a0656c0d073875c17088972b24cbb9568c0467a2	
GCST90551833	GCST90551833	passed		source		3.58794	estimated_from_source_maf	8383406						20000	0.01	0.5	3.58794	0.0116776	opengwasdb@a0656c0d073875c17088972b24cbb9568c0467a2	
GCST90551834	GCST90551834	passed		source		4.41377	estimated_from_source_maf	8383406						20000	0.01	0.5	4.41377	0.0149472	opengwasdb@a0656c0d073875c17088972b24cbb9568c0467a2	
GCST90551835	GCST90551835	passed		source		3.90409	estimated_from_source_maf	8383406						20000	0.01	0.5	3.90409	0.0138672	opengwasdb@a0656c0d073875c17088972b24cbb9568c0467a2	
GCST90551836	GCST90551836	passed		source		6.36595	estimated_from_source_maf	8383406						20000	0.01	0.5	6.36595	0.0245845	opengwasdb@a0656c0d073875c17088972b24cbb9568c0467a2	
GCST90551837	GCST90551837	passed		source		3.68724	estimated_from_source_maf	8383406						20000	0.01	0.5	3.68724	0.0119233	opengwasdb@a0656c0d073875c17088972b24cbb9568c0467a2	
GCST90551838	GCST90551838	passed		source		0.86352	estimated_from_source_maf	8382845						20000	0.01	0.5	0.86352	0.00270901	opengwasdb@a0656c0d073875c17088972b24cbb9568c0467a2	
GCST90551839	GCST90551839	passed		source		4.19202	estimated_from_source_maf	8382845						20000	0.01	0.5	4.19202	0.0178986	opengwasdb@a0656c0d073875c17088972b24cbb9568c0467a2	
GCST90551840	GCST90551840	passed		source		4.58993	estimated_from_source_maf	8382845						20000	0.01	0.5	4.58993	0.0193933	opengwasdb@a0656c0d073875c17088972b24cbb9568c0467a2	
GCST90551841	GCST90551841	passed		source		3.8624	estimated_from_source_maf	8382845						20000	0.01	0.5	3.8624	0.0166723	opengwasdb@a0656c0d073875c17088972b24cbb9568c0467a2	
GCST90551842	GCST90551842	passed		source		6.50732	estimated_from_source_maf	8382845						20000	0.01	0.5	6.50732	0.0353431	opengwasdb@a0656c0d073875c17088972b24cbb9568c0467a2	
GCST90551843	GCST90551843	passed		source		4.46184	estimated_from_source_maf	8382845						20000	0.01	0.5	4.46184	0.0195053	opengwasdb@a0656c0d073875c17088972b24cbb9568c0467a2	
GCST90551844	GCST90551844	passed		source		1.01227	estimated_from_source_maf	8383698						20000	0.01	0.5	1.01227	0.00303274	opengwasdb@a0656c0d073875c17088972b24cbb9568c0467a2	
GCST90551845	GCST90551845	passed		source		3.32341	estimated_from_source_maf	8383698						20000	0.01	0.5	3.32341	0.0125896	opengwasdb@a0656c0d073875c17088972b24cbb9568c0467a2	
GCST90551846	GCST90551846	passed		source		4.3646	estimated_from_source_maf	8383698						20000	0.01	0.5	4.3646	0.0187948	opengwasdb@a0656c0d073875c17088972b24cbb9568c0467a2	
GCST90551847	GCST90551847	passed		source		3.98019	estimated_from_source_maf	8383698						20000	0.01	0.5	3.98019	0.0163723	opengwasdb@a0656c0d073875c17088972b24cbb9568c0467a2	
GCST90551848	GCST90551848	passed		source		6.34273	estimated_from_source_maf	8383698						20000	0.01	0.5	6.34273	0.0311383	opengwasdb@a0656c0d073875c17088972b24cbb9568c0467a2	
GCST90551849	GCST90551849	passed		source		3.35698	estimated_from_source_maf	8383698						20000	0.01	0.5	3.35698	0.0125985	opengwasdb@a0656c0d073875c17088972b24cbb9568c0467a2	
GCST90551884	GCST90551884	passed		source		0.296125	estimated_from_source_maf	10567734						20000	0.01	0.5	0.296125	0.0010139	opengwasdb@a0656c0d073875c17088972b24cbb9568c0467a2	
GCST90551885	GCST90551885	passed		source		0.336382	estimated_from_source_maf	10568320						20000	0.01	0.5	0.336382	0.00121587	opengwasdb@a0656c0d073875c17088972b24cbb9568c0467a2	
GCST90551886	GCST90551886	passed		source		0.257012	estimated_from_source_maf	10567301						20000	0.01	0.5	0.257012	0.000910139	opengwasdb@a0656c0d073875c17088972b24cbb9568c0467a2	
GCST90558034	GCST90558034	passed		source		3.11925	estimated_from_source_maf	8673797						20000	0.01	0.5	3.11925	0.0105306	opengwasdb@a0656c0d073875c17088972b24cbb9568c0467a2	
GCST90558035	GCST90558035	skipped	non_quantitative_effect_scale				binary_trait								0.01	0.5			opengwasdb@a0656c0d073875c17088972b24cbb9568c0467a2	case-control effect scale; phenotype-SD estimation not applicable
GCST90558036	GCST90558036	skipped	non_quantitative_effect_scale				binary_trait								0.01	0.5			opengwasdb@a0656c0d073875c17088972b24cbb9568c0467a2	case-control effect scale; phenotype-SD estimation not applicable
GCST90558037	GCST90558037	skipped	non_quantitative_effect_scale				binary_trait								0.01	0.5			opengwasdb@a0656c0d073875c17088972b24cbb9568c0467a2	case-control effect scale; phenotype-SD estimation not applicable
GCST90558086	GCST90558086	skipped	non_quantitative_effect_scale				binary_trait								0.01	0.5			opengwasdb@a0656c0d073875c17088972b24cbb9568c0467a2	case-control effect scale; phenotype-SD estimation not applicable
GCST90558087	GCST90558087	skipped	non_quantitative_effect_scale				binary_trait								0.01	0.5			opengwasdb@a0656c0d073875c17088972b24cbb9568c0467a2	case-control effect scale; phenotype-SD estimation not applicable
GCST90558088	GCST90558088	skipped	non_quantitative_effect_scale				binary_trait								0.01	0.5			opengwasdb@a0656c0d073875c17088972b24cbb9568c0467a2	case-control effect scale; phenotype-SD estimation not applicable
GCST90558089	GCST90558089	skipped	non_quantitative_effect_scale				binary_trait								0.01	0.5			opengwasdb@a0656c0d073875c17088972b24cbb9568c0467a2	case-control effect scale; phenotype-SD estimation not applicable
GCST90558090	GCST90558090	skipped	non_quantitative_effect_scale				binary_trait								0.01	0.5			opengwasdb@a0656c0d073875c17088972b24cbb9568c0467a2	case-control effect scale; phenotype-SD estimation not applicable
GCST90558091	GCST90558091	skipped	non_quantitative_effect_scale				binary_trait								0.01	0.5			opengwasdb@a0656c0d073875c17088972b24cbb9568c0467a2	case-control effect scale; phenotype-SD estimation not applicable
GCST90558092	GCST90558092	skipped	non_quantitative_effect_scale				binary_trait								0.01	0.5			opengwasdb@a0656c0d073875c17088972b24cbb9568c0467a2	case-control effect scale; phenotype-SD estimation not applicable
GCST90558093	GCST90558093	skipped	non_quantitative_effect_scale				binary_trait								0.01	0.5			opengwasdb@a0656c0d073875c17088972b24cbb9568c0467a2	case-control effect scale; phenotype-SD estimation not applicable
GCST90558094	GCST90558094	skipped	non_quantitative_effect_scale				binary_trait								0.01	0.5			opengwasdb@a0656c0d073875c17088972b24cbb9568c0467a2	case-control effect scale; phenotype-SD estimation not applicable
GCST90558095	GCST90558095	skipped	non_quantitative_effect_scale				binary_trait								0.01	0.5			opengwasdb@a0656c0d073875c17088972b24cbb9568c0467a2	case-control effect scale; phenotype-SD estimation not applicable
GCST90558096	GCST90558096	skipped	non_quantitative_effect_scale				binary_trait								0.01	0.5			opengwasdb@a0656c0d073875c17088972b24cbb9568c0467a2	case-control effect scale; phenotype-SD estimation not applicable
GCST90558097	GCST90558097	skipped	non_quantitative_effect_scale				binary_trait								0.01	0.5			opengwasdb@a0656c0d073875c17088972b24cbb9568c0467a2	case-control effect scale; phenotype-SD estimation not applicable
GCST90558098	GCST90558098	skipped	non_quantitative_effect_scale				binary_trait								0.01	0.5			opengwasdb@a0656c0d073875c17088972b24cbb9568c0467a2	case-control effect scale; phenotype-SD estimation not applicable
GCST90558099	GCST90558099	skipped	non_quantitative_effect_scale				binary_trait								0.01	0.5			opengwasdb@a0656c0d073875c17088972b24cbb9568c0467a2	case-control effect scale; phenotype-SD estimation not applicable
GCST90558100	GCST90558100	skipped	non_quantitative_effect_scale				binary_trait								0.01	0.5			opengwasdb@a0656c0d073875c17088972b24cbb9568c0467a2	case-control effect scale; phenotype-SD estimation not applicable
GCST90558101	GCST90558101	skipped	non_quantitative_effect_scale				binary_trait								0.01	0.5			opengwasdb@a0656c0d073875c17088972b24cbb9568c0467a2	case-control effect scale; phenotype-SD estimation not applicable
GCST90558258	GCST90558258	skipped	non_quantitative_effect_scale				binary_trait								0.01	0.5			opengwasdb@a0656c0d073875c17088972b24cbb9568c0467a2	case-control effect scale; phenotype-SD estimation not applicable
GCST90558311	GCST90558311	skipped	non_quantitative_effect_scale				binary_trait								0.01	0.5			opengwasdb@a0656c0d073875c17088972b24cbb9568c0467a2	case-control effect scale; phenotype-SD estimation not applicable
GCST90558312	GCST90558312	skipped	non_quantitative_effect_scale				binary_trait								0.01	0.5			opengwasdb@a0656c0d073875c17088972b24cbb9568c0467a2	case-control effect scale; phenotype-SD estimation not applicable
GCST90558313	GCST90558313	skipped	non_quantitative_effect_scale				binary_trait								0.01	0.5			opengwasdb@a0656c0d073875c17088972b24cbb9568c0467a2	case-control effect scale; phenotype-SD estimation not applicable
GCST90558314	GCST90558314	skipped	non_quantitative_effect_scale				binary_trait								0.01	0.5			opengwasdb@a0656c0d073875c17088972b24cbb9568c0467a2	case-control effect scale; phenotype-SD estimation not applicable
GCST90559107	GCST90559107	passed		source		0.805754	estimated_from_source_maf	15917						15917	0.01	0.5	0.805754	0.00231234	opengwasdb@a0656c0d073875c17088972b24cbb9568c0467a2	
GCST90559108	GCST90559108	passed		source		0.916155	estimated_from_source_maf	14794						14794	0.01	0.5	0.916155	0.00273542	opengwasdb@a0656c0d073875c17088972b24cbb9568c0467a2	
GCST90559109	GCST90559109	passed		source		0.89108	estimated_from_source_maf	15212						15212	0.01	0.5	0.89108	0.00262855	opengwasdb@a0656c0d073875c17088972b24cbb9568c0467a2	
GCST90559110	GCST90559110	passed		source		0.781026	estimated_from_source_maf	15911						15911	0.01	0.5	0.781026	0.00234472	opengwasdb@a0656c0d073875c17088972b24cbb9568c0467a2	
GCST90559111	GCST90559111	passed		source		0.754193	estimated_from_source_maf	17132						17132	0.01	0.5	0.754193	0.00225364	opengwasdb@a0656c0d073875c17088972b24cbb9568c0467a2	
GCST90559112	GCST90559112	passed		source		0.753425	estimated_from_source_maf	17082						17082	0.01	0.5	0.753425	0.00224468	opengwasdb@a0656c0d073875c17088972b24cbb9568c0467a2	
GCST90559113	GCST90559113	passed		source		0.686323	estimated_from_source_maf	16914						16914	0.01	0.5	0.686323	0.00200058	opengwasdb@a0656c0d073875c17088972b24cbb9568c0467a2	
GCST90559114	GCST90559114	passed		source		0.713497	estimated_from_source_maf	17515						17515	0.01	0.5	0.713497	0.00208955	opengwasdb@a0656c0d073875c17088972b24cbb9568c0467a2	
GCST90559115	GCST90559115	passed		source		0.665347	estimated_from_source_maf	17106						17106	0.01	0.5	0.665347	0.00197688	opengwasdb@a0656c0d073875c17088972b24cbb9568c0467a2	
GCST90559116	GCST90559116	passed		source		0.656073	estimated_from_source_maf	17281						17281	0.01	0.5	0.656073	0.00191763	opengwasdb@a0656c0d073875c17088972b24cbb9568c0467a2	
GCST90559117	GCST90559117	passed		source		0.677041	estimated_from_source_maf	17172						17172	0.01	0.5	0.677041	0.00198196	opengwasdb@a0656c0d073875c17088972b24cbb9568c0467a2	
GCST90559118	GCST90559118	passed		source		0.681092	estimated_from_source_maf	18031						18031	0.01	0.5	0.681092	0.0019356	opengwasdb@a0656c0d073875c17088972b24cbb9568c0467a2	
GCST90559119	GCST90559119	passed		source		0.745237	estimated_from_source_maf	15101						15101	0.01	0.5	0.745237	0.00226591	opengwasdb@a0656c0d073875c17088972b24cbb9568c0467a2	
GCST90559120	GCST90559120	passed		source		0.717081	estimated_from_source_maf	15727						15727	0.01	0.5	0.717081	0.00212718	opengwasdb@a0656c0d073875c17088972b24cbb9568c0467a2	
GCST90559121	GCST90559121	passed		source		0.736458	estimated_from_source_maf	15081						15081	0.01	0.5	0.736458	0.00222421	opengwasdb@a0656c0d073875c17088972b24cbb9568c0467a2	
GCST90559122	GCST90559122	passed		source		0.743419	estimated_from_source_maf	15623						15623	0.01	0.5	0.743419	0.00223027	opengwasdb@a0656c0d073875c17088972b24cbb9568c0467a2	
GCST90559123	GCST90559123	passed		source		0.969924	estimated_from_source_maf	14916						14916	0.01	0.5	0.969924	0.00282674	opengwasdb@a0656c0d073875c17088972b24cbb9568c0467a2	
GCST90559124	GCST90559124	passed		source		0.892712	estimated_from_source_maf	15921						15921	0.01	0.5	0.892712	0.00253714	opengwasdb@a0656c0d073875c17088972b24cbb9568c0467a2	
GCST90559125	GCST90559125	passed		source		0.976697	estimated_from_source_maf	14788						14788	0.01	0.5	0.976697	0.00277015	opengwasdb@a0656c0d073875c17088972b24cbb9568c0467a2	
GCST90559126	GCST90559126	passed		source		0.988816	estimated_from_source_maf	14113						14113	0.01	0.5	0.988816	0.00293076	opengwasdb@a0656c0d073875c17088972b24cbb9568c0467a2	
GCST90559127	GCST90559127	passed		source		0.95473	estimated_from_source_maf	14362						14362	0.01	0.5	0.95473	0.00288379	opengwasdb@a0656c0d073875c17088972b24cbb9568c0467a2	
GCST90559128	GCST90559128	passed		source		0.980815	estimated_from_source_maf	15106						15106	0.01	0.5	0.980815	0.00289751	opengwasdb@a0656c0d073875c17088972b24cbb9568c0467a2	
GCST90559129	GCST90559129	passed		source		0.931071	estimated_from_source_maf	15729						15729	0.01	0.5	0.931071	0.00264833	opengwasdb@a0656c0d073875c17088972b24cbb9568c0467a2	
GCST90559130	GCST90559130	passed		source		0.957894	estimated_from_source_maf	15650						15650	0.01	0.5	0.957894	0.00271701	opengwasdb@a0656c0d073875c17088972b24cbb9568c0467a2	
GCST90559131	GCST90559131	passed		source		0.963328	estimated_from_source_maf	16331						16331	0.01	0.5	0.963328	0.0027076	opengwasdb@a0656c0d073875c17088972b24cbb9568c0467a2	
GCST90559132	GCST90559132	passed		source		0.98843	estimated_from_source_maf	13517						13517	0.01	0.5	0.98843	0.00290017	opengwasdb@a0656c0d073875c17088972b24cbb9568c0467a2	
GCST90559133	GCST90559133	passed		source		0.965693	estimated_from_source_maf	14916						14916	0.01	0.5	0.965693	0.00286859	opengwasdb@a0656c0d073875c17088972b24cbb9568c0467a2	
GCST90559134	GCST90559134	passed		source		0.9611	estimated_from_source_maf	13755						13755	0.01	0.5	0.9611	0.00291633	opengwasdb@a0656c0d073875c17088972b24cbb9568c0467a2	
GCST90559135	GCST90559135	passed		source		0.943827	estimated_from_source_maf	16345						16345	0.01	0.5	0.943827	0.00271664	opengwasdb@a0656c0d073875c17088972b24cbb9568c0467a2	
GCST90559136	GCST90559136	passed		source		0.956378	estimated_from_source_maf	15685						15685	0.01	0.5	0.956378	0.00268436	opengwasdb@a0656c0d073875c17088972b24cbb9568c0467a2	
GCST90559137	GCST90559137	passed		source		0.978526	estimated_from_source_maf	15695						15695	0.01	0.5	0.978526	0.00278653	opengwasdb@a0656c0d073875c17088972b24cbb9568c0467a2	
GCST90559138	GCST90559138	passed		source		0.978344	estimated_from_source_maf	15961						15961	0.01	0.5	0.978344	0.00276765	opengwasdb@a0656c0d073875c17088972b24cbb9568c0467a2	
GCST90559139	GCST90559139	passed		source		0.96803	estimated_from_source_maf	14249						14249	0.01	0.5	0.96803	0.00289238	opengwasdb@a0656c0d073875c17088972b24cbb9568c0467a2	
GCST90559140	GCST90559140	passed		source		0.944024	estimated_from_source_maf	13695						13695	0.01	0.5	0.944024	0.00288534	opengwasdb@a0656c0d073875c17088972b24cbb9568c0467a2	
GCST90559141	GCST90559141	passed		source		0.921908	estimated_from_source_maf	15359						15359	0.01	0.5	0.921908	0.00268445	opengwasdb@a0656c0d073875c17088972b24cbb9568c0467a2	
GCST90559142	GCST90559142	passed		source		0.920959	estimated_from_source_maf	14901						14901	0.01	0.5	0.920959	0.00268381	opengwasdb@a0656c0d073875c17088972b24cbb9568c0467a2	
GCST90559143	GCST90559143	passed		source		0.95428	estimated_from_source_maf	15456						15456	0.01	0.5	0.95428	0.00274863	opengwasdb@a0656c0d073875c17088972b24cbb9568c0467a2	
GCST90559144	GCST90559144	passed		source		0.979978	estimated_from_source_maf	15372						15372	0.01	0.5	0.979978	0.00289991	opengwasdb@a0656c0d073875c17088972b24cbb9568c0467a2	
GCST90559145	GCST90559145	passed		source		0.942914	estimated_from_source_maf	14846						14846	0.01	0.5	0.942914	0.00281372	opengwasdb@a0656c0d073875c17088972b24cbb9568c0467a2	
GCST90559146	GCST90559146	passed		source		0.940617	estimated_from_source_maf	14553						14553	0.01	0.5	0.940617	0.00278914	opengwasdb@a0656c0d073875c17088972b24cbb9568c0467a2	
GCST90559147	GCST90559147	passed		source		0.936301	estimated_from_source_maf	15617						15617	0.01	0.5	0.936301	0.00273013	opengwasdb@a0656c0d073875c17088972b24cbb9568c0467a2	
GCST90559148	GCST90559148	passed		source		0.952082	estimated_from_source_maf	15290						15290	0.01	0.5	0.952082	0.0028082	opengwasdb@a0656c0d073875c17088972b24cbb9568c0467a2	
GCST90559149	GCST90559149	passed		source		0.946347	estimated_from_source_maf	14827						14827	0.01	0.5	0.946347	0.00284625	opengwasdb@a0656c0d073875c17088972b24cbb9568c0467a2	
GCST90559150	GCST90559150	passed		source		0.944697	estimated_from_source_maf	14808						14808	0.01	0.5	0.944697	0.00274768	opengwasdb@a0656c0d073875c17088972b24cbb9568c0467a2	
GCST90559151	GCST90559151	passed		source		0.953922	estimated_from_source_maf	14424						14424	0.01	0.5	0.953922	0.00280309	opengwasdb@a0656c0d073875c17088972b24cbb9568c0467a2	
GCST90559152	GCST90559152	passed		source		0.942235	estimated_from_source_maf	15328						15328	0.01	0.5	0.942235	0.00273002	opengwasdb@a0656c0d073875c17088972b24cbb9568c0467a2	
GCST90559153	GCST90559153	passed		source		0.952582	estimated_from_source_maf	16131						16131	0.01	0.5	0.952582	0.00276253	opengwasdb@a0656c0d073875c17088972b24cbb9568c0467a2	
GCST90559154	GCST90559154	passed		source		0.96559	estimated_from_source_maf	15014						15014	0.01	0.5	0.96559	0.00285944	opengwasdb@a0656c0d073875c17088972b24cbb9568c0467a2	
GCST90559155	GCST90559155	passed		source		0.804562	estimated_from_source_maf	123822						20000	0.01	0.5	0.804562	0.000436311	opengwasdb@a0656c0d073875c17088972b24cbb9568c0467a2	
GCST90559156	GCST90559156	passed		source		0.915163	estimated_from_source_maf	123418						20000	0.01	0.5	0.915163	0.000488517	opengwasdb@a0656c0d073875c17088972b24cbb9568c0467a2	
GCST90559157	GCST90559157	passed		source		0.889593	estimated_from_source_maf	123504						20000	0.01	0.5	0.889593	0.000496869	opengwasdb@a0656c0d073875c17088972b24cbb9568c0467a2	
GCST90559158	GCST90559158	passed		source		0.780586	estimated_from_source_maf	122825						20000	0.01	0.5	0.780586	0.000508603	opengwasdb@a0656c0d073875c17088972b24cbb9568c0467a2	
GCST90559159	GCST90559159	passed		source		0.753466	estimated_from_source_maf	124293						20000	0.01	0.5	0.753466	0.000471323	opengwasdb@a0656c0d073875c17088972b24cbb9568c0467a2	
GCST90559160	GCST90559160	passed		source		0.752231	estimated_from_source_maf	124064						20000	0.01	0.5	0.752231	0.000436131	opengwasdb@a0656c0d073875c17088972b24cbb9568c0467a2	
GCST90559161	GCST90559161	passed		source		0.684941	estimated_from_source_maf	124656						20000	0.01	0.5	0.684941	0.000385393	opengwasdb@a0656c0d073875c17088972b24cbb9568c0467a2	
GCST90559162	GCST90559162	passed		source		0.712661	estimated_from_source_maf	125121						20000	0.01	0.5	0.712661	0.000481025	opengwasdb@a0656c0d073875c17088972b24cbb9568c0467a2	
GCST90559163	GCST90559163	passed		source		0.664477	estimated_from_source_maf	125261						20000	0.01	0.5	0.664477	0.000397008	opengwasdb@a0656c0d073875c17088972b24cbb9568c0467a2	
GCST90559164	GCST90559164	passed		source		0.65533	estimated_from_source_maf	125176						20000	0.01	0.5	0.65533	0.000420315	opengwasdb@a0656c0d073875c17088972b24cbb9568c0467a2	
GCST90559165	GCST90559165	passed		source		0.675615	estimated_from_source_maf	125309						20000	0.01	0.5	0.675615	0.000528129	opengwasdb@a0656c0d073875c17088972b24cbb9568c0467a2	
GCST90559166	GCST90559166	passed		source		0.680415	estimated_from_source_maf	125391						20000	0.01	0.5	0.680415	0.000490915	opengwasdb@a0656c0d073875c17088972b24cbb9568c0467a2	
GCST90559167	GCST90559167	passed		source		0.74391	estimated_from_source_maf	123230						20000	0.01	0.5	0.74391	0.000352157	opengwasdb@a0656c0d073875c17088972b24cbb9568c0467a2	
GCST90559168	GCST90559168	passed		source		0.7157	estimated_from_source_maf	123129						20000	0.01	0.5	0.7157	0.000464522	opengwasdb@a0656c0d073875c17088972b24cbb9568c0467a2	
GCST90559169	GCST90559169	passed		source		0.735021	estimated_from_source_maf	123325						20000	0.01	0.5	0.735021	0.000411658	opengwasdb@a0656c0d073875c17088972b24cbb9568c0467a2	
GCST90559170	GCST90559170	passed		source		0.741765	estimated_from_source_maf	122838						20000	0.01	0.5	0.741765	0.00035471	opengwasdb@a0656c0d073875c17088972b24cbb9568c0467a2	
GCST90559171	GCST90559171	passed		source		0.96808	estimated_from_source_maf	123205						20000	0.01	0.5	0.96808	0.000631708	opengwasdb@a0656c0d073875c17088972b24cbb9568c0467a2	
GCST90559172	GCST90559172	passed		source		0.891064	estimated_from_source_maf	124186						20000	0.01	0.5	0.891064	0.000441472	opengwasdb@a0656c0d073875c17088972b24cbb9568c0467a2	
GCST90559173	GCST90559173	passed		source		0.97491	estimated_from_source_maf	123219						20000	0.01	0.5	0.97491	0.000488776	opengwasdb@a0656c0d073875c17088972b24cbb9568c0467a2	
GCST90559174	GCST90559174	passed		source		0.986571	estimated_from_source_maf	121158						20000	0.01	0.5	0.986571	0.000629884	opengwasdb@a0656c0d073875c17088972b24cbb9568c0467a2	
GCST90559175	GCST90559175	passed		source		0.953287	estimated_from_source_maf	122299						20000	0.01	0.5	0.953287	0.000522642	opengwasdb@a0656c0d073875c17088972b24cbb9568c0467a2	
GCST90559176	GCST90559176	passed		source		0.978619	estimated_from_source_maf	122729						20000	0.01	0.5	0.978619	0.000535871	opengwasdb@a0656c0d073875c17088972b24cbb9568c0467a2	
GCST90559177	GCST90559177	passed		source		0.930134	estimated_from_source_maf	123318						20000	0.01	0.5	0.930134	0.000415833	opengwasdb@a0656c0d073875c17088972b24cbb9568c0467a2	
GCST90559178	GCST90559178	passed		source		0.9574	estimated_from_source_maf	123329						20000	0.01	0.5	0.9574	0.000494665	opengwasdb@a0656c0d073875c17088972b24cbb9568c0467a2	
GCST90559179	GCST90559179	passed		source		0.962002	estimated_from_source_maf	124538						20000	0.01	0.5	0.962002	0.000537918	opengwasdb@a0656c0d073875c17088972b24cbb9568c0467a2	
GCST90559180	GCST90559180	passed		source		0.98608	estimated_from_source_maf	122090						20000	0.01	0.5	0.98608	0.000488096	opengwasdb@a0656c0d073875c17088972b24cbb9568c0467a2	
GCST90559181	GCST90559181	passed		source		0.962759	estimated_from_source_maf	122321						20000	0.01	0.5	0.962759	0.0004821	opengwasdb@a0656c0d073875c17088972b24cbb9568c0467a2	
GCST90559182	GCST90559182	passed		source		0.959491	estimated_from_source_maf	122470						20000	0.01	0.5	0.959491	0.00038854	opengwasdb@a0656c0d073875c17088972b24cbb9568c0467a2	
GCST90559183	GCST90559183	passed		source		0.94269	estimated_from_source_maf	124903						20000	0.01	0.5	0.94269	0.000630596	opengwasdb@a0656c0d073875c17088972b24cbb9568c0467a2	
GCST90559184	GCST90559184	passed		source		0.954683	estimated_from_source_maf	124815						20000	0.01	0.5	0.954683	0.000661876	opengwasdb@a0656c0d073875c17088972b24cbb9568c0467a2	
GCST90559185	GCST90559185	passed		source		0.976537	estimated_from_source_maf	124191						20000	0.01	0.5	0.976537	0.000578434	opengwasdb@a0656c0d073875c17088972b24cbb9568c0467a2	
GCST90559186	GCST90559186	passed		source		0.976438	estimated_from_source_maf	123699						20000	0.01	0.5	0.976438	0.00054753	opengwasdb@a0656c0d073875c17088972b24cbb9568c0467a2	
GCST90559187	GCST90559187	passed		source		0.965694	estimated_from_source_maf	123079						20000	0.01	0.5	0.965694	0.00054006	opengwasdb@a0656c0d073875c17088972b24cbb9568c0467a2	
GCST90559188	GCST90559188	passed		source		0.94289	estimated_from_source_maf	122569						20000	0.01	0.5	0.94289	0.000509067	opengwasdb@a0656c0d073875c17088972b24cbb9568c0467a2	
GCST90559189	GCST90559189	passed		source		0.919762	estimated_from_source_maf	123232						20000	0.01	0.5	0.919762	0.000473636	opengwasdb@a0656c0d073875c17088972b24cbb9568c0467a2	
GCST90559190	GCST90559190	passed		source		0.918438	estimated_from_source_maf	122874						20000	0.01	0.5	0.918438	0.000514962	opengwasdb@a0656c0d073875c17088972b24cbb9568c0467a2	
GCST90559191	GCST90559191	passed		source		0.953463	estimated_from_source_maf	122316						20000	0.01	0.5	0.953463	0.00051438	opengwasdb@a0656c0d073875c17088972b24cbb9568c0467a2	
GCST90559192	GCST90559192	passed		source		0.976931	estimated_from_source_maf	123576						20000	0.01	0.5	0.976931	0.000555754	opengwasdb@a0656c0d073875c17088972b24cbb9568c0467a2	
GCST90559193	GCST90559193	passed		source		0.941591	estimated_from_source_maf	123603						20000	0.01	0.5	0.941591	0.000579962	opengwasdb@a0656c0d073875c17088972b24cbb9568c0467a2	
GCST90559194	GCST90559194	passed		source		0.939046	estimated_from_source_maf	123111						20000	0.01	0.5	0.939046	0.000546557	opengwasdb@a0656c0d073875c17088972b24cbb9568c0467a2	
GCST90559195	GCST90559195	passed		source		0.934887	estimated_from_source_maf	123143						20000	0.01	0.5	0.934887	0.000576239	opengwasdb@a0656c0d073875c17088972b24cbb9568c0467a2	
GCST90559196	GCST90559196	passed		source		0.948348	estimated_from_source_maf	123222						20000	0.01	0.5	0.948348	0.000624836	opengwasdb@a0656c0d073875c17088972b24cbb9568c0467a2	
GCST90559197	GCST90559197	passed		source		0.943717	estimated_from_source_maf	123208						20000	0.01	0.5	0.943717	0.000550583	opengwasdb@a0656c0d073875c17088972b24cbb9568c0467a2	
GCST90559198	GCST90559198	passed		source		0.941995	estimated_from_source_maf	123377						20000	0.01	0.5	0.941995	0.000654757	opengwasdb@a0656c0d073875c17088972b24cbb9568c0467a2	
GCST90559199	GCST90559199	passed		source		0.951319	estimated_from_source_maf	124252						20000	0.01	0.5	0.951319	0.000591915	opengwasdb@a0656c0d073875c17088972b24cbb9568c0467a2	
GCST90559200	GCST90559200	passed		source		0.940915	estimated_from_source_maf	123724						20000	0.01	0.5	0.940915	0.00053486	opengwasdb@a0656c0d073875c17088972b24cbb9568c0467a2	
GCST90559201	GCST90559201	passed		source		0.950839	estimated_from_source_maf	124893						20000	0.01	0.5	0.950839	0.000572602	opengwasdb@a0656c0d073875c17088972b24cbb9568c0467a2	
GCST90559202	GCST90559202	passed		source		0.963239	estimated_from_source_maf	123537						20000	0.01	0.5	0.963239	0.000613007	opengwasdb@a0656c0d073875c17088972b24cbb9568c0467a2	
GCST90559203	GCST90559203	passed		source		0.623952	estimated_from_source_maf	126589						20000	0.01	0.5	0.623952	0.000530403	opengwasdb@a0656c0d073875c17088972b24cbb9568c0467a2	
GCST90559204	GCST90559204	passed		source		0.905684	estimated_from_source_maf	126063						20000	0.01	0.5	0.905684	0.000735649	opengwasdb@a0656c0d073875c17088972b24cbb9568c0467a2	
GCST90559205	GCST90559205	passed		source		0.902878	estimated_from_source_maf	125459						20000	0.01	0.5	0.902878	0.000615334	opengwasdb@a0656c0d073875c17088972b24cbb9568c0467a2	
GCST90559206	GCST90559206	passed		source		1.00156	estimated_from_source_maf	8062592						20000	0.01	0.5	1.00156	0.0014373	opengwasdb@a0656c0d073875c17088972b24cbb9568c0467a2	
GCST90559207	GCST90559207	passed		source		1.00157	estimated_from_source_maf	8062592						20000	0.01	0.5	1.00157	0.00144168	opengwasdb@a0656c0d073875c17088972b24cbb9568c0467a2	
GCST90559208	GCST90559208	passed		source		1.00157	estimated_from_source_maf	8062592						20000	0.01	0.5	1.00157	0.00143873	opengwasdb@a0656c0d073875c17088972b24cbb9568c0467a2	
GCST90559209	GCST90559209	passed		source		1.00157	estimated_from_source_maf	8062592						20000	0.01	0.5	1.00157	0.00143927	opengwasdb@a0656c0d073875c17088972b24cbb9568c0467a2	
GCST90559210	GCST90559210	passed		source		1.00157	estimated_from_source_maf	8062592						20000	0.01	0.5	1.00157	0.00143714	opengwasdb@a0656c0d073875c17088972b24cbb9568c0467a2	
GCST90559211	GCST90559211	passed		source		1.00157	estimated_from_source_maf	8062592						20000	0.01	0.5	1.00157	0.00144338	opengwasdb@a0656c0d073875c17088972b24cbb9568c0467a2	
GCST90559212	GCST90559212	passed		source		1.00158	estimated_from_source_maf	8062592						20000	0.01	0.5	1.00158	0.001446	opengwasdb@a0656c0d073875c17088972b24cbb9568c0467a2	
GCST90559213	GCST90559213	passed		source		1.00157	estimated_from_source_maf	8062592						20000	0.01	0.5	1.00157	0.00143889	opengwasdb@a0656c0d073875c17088972b24cbb9568c0467a2	
GCST90559214	GCST90559214	passed		source		1.00157	estimated_from_source_maf	8062592						20000	0.01	0.5	1.00157	0.00144155	opengwasdb@a0656c0d073875c17088972b24cbb9568c0467a2	
GCST90559215	GCST90559215	passed		source		1.00157	estimated_from_source_maf	8062592						20000	0.01	0.5	1.00157	0.001441	opengwasdb@a0656c0d073875c17088972b24cbb9568c0467a2	
GCST90559216	GCST90559216	passed		source		1.00157	estimated_from_source_maf	8062592						20000	0.01	0.5	1.00157	0.00144286	opengwasdb@a0656c0d073875c17088972b24cbb9568c0467a2	
GCST90559217	GCST90559217	passed		source		1.00157	estimated_from_source_maf	8062592						20000	0.01	0.5	1.00157	0.00144293	opengwasdb@a0656c0d073875c17088972b24cbb9568c0467a2	
GCST90559218	GCST90559218	passed		source		1.00157	estimated_from_source_maf	8062592						20000	0.01	0.5	1.00157	0.00143996	opengwasdb@a0656c0d073875c17088972b24cbb9568c0467a2	
GCST90559219	GCST90559219	passed		source		1.00157	estimated_from_source_maf	8062592						20000	0.01	0.5	1.00157	0.00144213	opengwasdb@a0656c0d073875c17088972b24cbb9568c0467a2	
GCST90559220	GCST90559220	passed		source		1.00157	estimated_from_source_maf	8062592						20000	0.01	0.5	1.00157	0.00144191	opengwasdb@a0656c0d073875c17088972b24cbb9568c0467a2	
GCST90559221	GCST90559221	passed		source		1.00158	estimated_from_source_maf	8062592						20000	0.01	0.5	1.00158	0.00144536	opengwasdb@a0656c0d073875c17088972b24cbb9568c0467a2	
GCST90559222	GCST90559222	passed		source		1.00158	estimated_from_source_maf	8062592						20000	0.01	0.5	1.00158	0.00144419	opengwasdb@a0656c0d073875c17088972b24cbb9568c0467a2	
GCST90559223	GCST90559223	passed		source		1.00157	estimated_from_source_maf	8062592						20000	0.01	0.5	1.00157	0.00144305	opengwasdb@a0656c0d073875c17088972b24cbb9568c0467a2	
GCST90559224	GCST90559224	passed		source		1.00157	estimated_from_source_maf	8062592						20000	0.01	0.5	1.00157	0.00143922	opengwasdb@a0656c0d073875c17088972b24cbb9568c0467a2	
GCST90559225	GCST90559225	passed		source		1.00157	estimated_from_source_maf	8062592						20000	0.01	0.5	1.00157	0.00144405	opengwasdb@a0656c0d073875c17088972b24cbb9568c0467a2	
GCST90559226	GCST90559226	passed		source		1.00157	estimated_from_source_maf	8062592						20000	0.01	0.5	1.00157	0.00144141	opengwasdb@a0656c0d073875c17088972b24cbb9568c0467a2	
GCST90559227	GCST90559227	passed		source		1.00157	estimated_from_source_maf	8062592						20000	0.01	0.5	1.00157	0.00143829	opengwasdb@a0656c0d073875c17088972b24cbb9568c0467a2	
GCST90559243	GCST90559243	passed		source		1.01491	estimated_from_source_maf	10811881						20000	0.01	0.5	1.01491	0.0129135	opengwasdb@a0656c0d073875c17088972b24cbb9568c0467a2	
GCST90559244	GCST90559244	passed		source		1.01048	estimated_from_source_maf	10811881						20000	0.01	0.5	1.01048	0.0129215	opengwasdb@a0656c0d073875c17088972b24cbb9568c0467a2	
GCST90559245	GCST90559245	passed		source		1.01584	estimated_from_source_maf	10811881						20000	0.01	0.5	1.01584	0.0129751	opengwasdb@a0656c0d073875c17088972b24cbb9568c0467a2	
GCST90559246	GCST90559246	passed		source		1.01086	estimated_from_source_maf	10811881						20000	0.01	0.5	1.01086	0.0128875	opengwasdb@a0656c0d073875c17088972b24cbb9568c0467a2	
GCST90559247	GCST90559247	passed		source		1.0053	estimated_from_source_maf	10811881						20000	0.01	0.5	1.0053	0.0129028	opengwasdb@a0656c0d073875c17088972b24cbb9568c0467a2	
GCST90559248	GCST90559248	passed		source		0.999864	estimated_from_source_maf	10811881						20000	0.01	0.5	0.999864	0.0127406	opengwasdb@a0656c0d073875c17088972b24cbb9568c0467a2	
GCST90559249	GCST90559249	passed		source		1.01159	estimated_from_source_maf	10811881						20000	0.01	0.5	1.01159	0.0128861	opengwasdb@a0656c0d073875c17088972b24cbb9568c0467a2	
GCST90559250	GCST90559250	passed		source		1.01341	estimated_from_source_maf	10811881						20000	0.01	0.5	1.01341	0.0129524	opengwasdb@a0656c0d073875c17088972b24cbb9568c0467a2	
GCST90559251	GCST90559251	passed		source		1.01398	estimated_from_source_maf	10811881						20000	0.01	0.5	1.01398	0.0129404	opengwasdb@a0656c0d073875c17088972b24cbb9568c0467a2	
GCST90559252	GCST90559252	passed		source		1.00773	estimated_from_source_maf	10811881						20000	0.01	0.5	1.00773	0.0128869	opengwasdb@a0656c0d073875c17088972b24cbb9568c0467a2	
GCST90559253	GCST90559253	passed		source		1.01727	estimated_from_source_maf	10811881						20000	0.01	0.5	1.01727	0.0129354	opengwasdb@a0656c0d073875c17088972b24cbb9568c0467a2	
GCST90559254	GCST90559254	passed		source		0.970595	estimated_from_source_maf	10811881						20000	0.01	0.5	0.970595	0.0123642	opengwasdb@a0656c0d073875c17088972b24cbb9568c0467a2	
GCST90559255	GCST90559255	passed		source		1.01534	estimated_from_source_maf	10811881						20000	0.01	0.5	1.01534	0.0129417	opengwasdb@a0656c0d073875c17088972b24cbb9568c0467a2	
GCST90559256	GCST90559256	passed		source		1.00156	estimated_from_source_maf	10811881						20000	0.01	0.5	1.00156	0.0127956	opengwasdb@a0656c0d073875c17088972b24cbb9568c0467a2	
GCST90559257	GCST90559257	passed		source		1.01628	estimated_from_source_maf	10811881						20000	0.01	0.5	1.01628	0.0129193	opengwasdb@a0656c0d073875c17088972b24cbb9568c0467a2	
GCST90559258	GCST90559258	passed		source		0.979005	estimated_from_source_maf	10811881						20000	0.01	0.5	0.979005	0.0125155	opengwasdb@a0656c0d073875c17088972b24cbb9568c0467a2	
GCST90559259	GCST90559259	passed		source		1.01195	estimated_from_source_maf	10811881						20000	0.01	0.5	1.01195	0.0129124	opengwasdb@a0656c0d073875c17088972b24cbb9568c0467a2	
GCST90559260	GCST90559260	passed		source		1.00158	estimated_from_source_maf	10811881						20000	0.01	0.5	1.00158	0.0127898	opengwasdb@a0656c0d073875c17088972b24cbb9568c0467a2	
GCST90559261	GCST90559261	passed		source		1.01856	estimated_from_source_maf	10811881						20000	0.01	0.5	1.01856	0.0129619	opengwasdb@a0656c0d073875c17088972b24cbb9568c0467a2	
GCST90559262	GCST90559262	passed		source		1.00945	estimated_from_source_maf	10811881						20000	0.01	0.5	1.00945	0.0128426	opengwasdb@a0656c0d073875c17088972b24cbb9568c0467a2	
GCST90559263	GCST90559263	passed		source		1.01611	estimated_from_source_maf	10811881						20000	0.01	0.5	1.01611	0.0129534	opengwasdb@a0656c0d073875c17088972b24cbb9568c0467a2	
GCST90559264	GCST90559264	passed		source		1.00025	estimated_from_source_maf	10811881						20000	0.01	0.5	1.00025	0.0128139	opengwasdb@a0656c0d073875c17088972b24cbb9568c0467a2	
GCST90559265	GCST90559265	passed		source		0.99055	estimated_from_source_maf	10811881						20000	0.01	0.5	0.99055	0.0126165	opengwasdb@a0656c0d073875c17088972b24cbb9568c0467a2	
GCST90559266	GCST90559266	passed		source		1.01727	estimated_from_source_maf	10811881						20000	0.01	0.5	1.01727	0.0129506	opengwasdb@a0656c0d073875c17088972b24cbb9568c0467a2	
GCST90559267	GCST90559267	passed		source		0.98842	estimated_from_source_maf	10811881						20000	0.01	0.5	0.98842	0.0126198	opengwasdb@a0656c0d073875c17088972b24cbb9568c0467a2	
GCST90565360	GCST90565360	skipped	non_quantitative_effect_scale				binary_trait								0.01	0.5			opengwasdb@a0656c0d073875c17088972b24cbb9568c0467a2	case-control effect scale; phenotype-SD estimation not applicable
GCST90565439	GCST90565439	skipped	non_quantitative_effect_scale				binary_trait								0.01	0.5			opengwasdb@a0656c0d073875c17088972b24cbb9568c0467a2	case-control effect scale; phenotype-SD estimation not applicable
GCST90565469	GCST90565469	passed		source		0.272684	estimated_from_source_maf	9291403						20000	0.01	0.5	0.272684	0.00494614	opengwasdb@a0656c0d073875c17088972b24cbb9568c0467a2	
GCST90565470	GCST90565470	passed		source		0.295163	estimated_from_source_maf	9256585						20000	0.01	0.5	0.295163	0.00509544	opengwasdb@a0656c0d073875c17088972b24cbb9568c0467a2	
GCST90565471	GCST90565471	passed		source		0.215498	estimated_from_source_maf	9133901						20000	0.01	0.5	0.215498	0.00590977	opengwasdb@a0656c0d073875c17088972b24cbb9568c0467a2	
GCST90565472	GCST90565472	passed		source		0.294571	estimated_from_source_maf	9298715						20000	0.01	0.5	0.294571	0.00449421	opengwasdb@a0656c0d073875c17088972b24cbb9568c0467a2	
GCST90565473	GCST90565473	passed		source		0.281573	estimated_from_source_maf	9283182						20000	0.01	0.5	0.281573	0.00439097	opengwasdb@a0656c0d073875c17088972b24cbb9568c0467a2	
GCST90565474	GCST90565474	passed		source		0.294	estimated_from_source_maf	9242699						20000	0.01	0.5	0.294	0.0048636	opengwasdb@a0656c0d073875c17088972b24cbb9568c0467a2	
GCST90565475	GCST90565475	passed		source		0.259381	estimated_from_source_maf	9166031						20000	0.01	0.5	0.259381	0.00519896	opengwasdb@a0656c0d073875c17088972b24cbb9568c0467a2	
GCST90565476	GCST90565476	passed		source		0.241427	estimated_from_source_maf	9251060						20000	0.01	0.5	0.241427	0.00466827	opengwasdb@a0656c0d073875c17088972b24cbb9568c0467a2	
GCST90565484	GCST90565484	passed		source		0.824003	estimated_from_source_maf	7499824						20000	0.01	0.5	0.824003	0.00876332	opengwasdb@a0656c0d073875c17088972b24cbb9568c0467a2	
GCST90565570	GCST90565570	passed		source		1.98009	estimated_from_source_maf	7503879						20000	0.01	0.5	1.98009	0.00797486	opengwasdb@a0656c0d073875c17088972b24cbb9568c0467a2	
GCST90565571	GCST90565571	passed		source		2.03916	estimated_from_source_maf	7503879						20000	0.01	0.5	2.03916	0.00814256	opengwasdb@a0656c0d073875c17088972b24cbb9568c0467a2	
GCST90565572	GCST90565572	passed		source		2.10866	estimated_from_source_maf	7503879						20000	0.01	0.5	2.10866	0.00831582	opengwasdb@a0656c0d073875c17088972b24cbb9568c0467a2	
GCST90565573	GCST90565573	passed		source		2.08991	estimated_from_source_maf	7503879						20000	0.01	0.5	2.08991	0.00811486	opengwasdb@a0656c0d073875c17088972b24cbb9568c0467a2	
GCST90565574	GCST90565574	passed		source		1.99108	estimated_from_source_maf	7503879						20000	0.01	0.5	1.99108	0.00783255	opengwasdb@a0656c0d073875c17088972b24cbb9568c0467a2	
GCST90565575	GCST90565575	passed		source		1.99376	estimated_from_source_maf	7503879						20000	0.01	0.5	1.99376	0.0078304	opengwasdb@a0656c0d073875c17088972b24cbb9568c0467a2	
GCST90565576	GCST90565576	passed		source		2.07708	estimated_from_source_maf	7503879						20000	0.01	0.5	2.07708	0.0082144	opengwasdb@a0656c0d073875c17088972b24cbb9568c0467a2	
GCST90565577	GCST90565577	passed		source		2.05709	estimated_from_source_maf	7503879						20000	0.01	0.5	2.05709	0.00799345	opengwasdb@a0656c0d073875c17088972b24cbb9568c0467a2	
GCST90565578	GCST90565578	passed		source		2.05649	estimated_from_source_maf	7503879						20000	0.01	0.5	2.05649	0.00820838	opengwasdb@a0656c0d073875c17088972b24cbb9568c0467a2	
GCST90565579	GCST90565579	passed		source		2.12057	estimated_from_source_maf	7503879						20000	0.01	0.5	2.12057	0.0083856	opengwasdb@a0656c0d073875c17088972b24cbb9568c0467a2	
GCST90565580	GCST90565580	passed		source		2.10225	estimated_from_source_maf	7503879						20000	0.01	0.5	2.10225	0.00820466	opengwasdb@a0656c0d073875c17088972b24cbb9568c0467a2	
GCST90565581	GCST90565581	passed		source		2.0698	estimated_from_source_maf	7503879						20000	0.01	0.5	2.0698	0.00820598	opengwasdb@a0656c0d073875c17088972b24cbb9568c0467a2	
GCST90565582	GCST90565582	passed		source		2.08993	estimated_from_source_maf	7503879						20000	0.01	0.5	2.08993	0.0083077	opengwasdb@a0656c0d073875c17088972b24cbb9568c0467a2	
GCST90565583	GCST90565583	passed		source		2.00006	estimated_from_source_maf	7503879						20000	0.01	0.5	2.00006	0.00782653	opengwasdb@a0656c0d073875c17088972b24cbb9568c0467a2	
GCST90565679	GCST90565679	passed		source		1.06249	estimated_from_source_maf	6691663						20000	0.01	0.5	1.06249	0.00194345	opengwasdb@a0656c0d073875c17088972b24cbb9568c0467a2	
GCST90565680	GCST90565680	passed		source		1.06266	estimated_from_source_maf	6691663						20000	0.01	0.5	1.06266	0.00194155	opengwasdb@a0656c0d073875c17088972b24cbb9568c0467a2	
GCST90565681	GCST90565681	passed		source		1.06278	estimated_from_source_maf	6691663						20000	0.01	0.5	1.06278	0.00194495	opengwasdb@a0656c0d073875c17088972b24cbb9568c0467a2	
GCST90565682	GCST90565682	passed		source		1.0627	estimated_from_source_maf	6649332						20000	0.01	0.5	1.0627	0.0019425	opengwasdb@a0656c0d073875c17088972b24cbb9568c0467a2	
GCST90565683	GCST90565683	passed		source		1.06248	estimated_from_source_maf	6691663						20000	0.01	0.5	1.06248	0.00194282	opengwasdb@a0656c0d073875c17088972b24cbb9568c0467a2	
GCST90565684	GCST90565684	passed		source		1.06275	estimated_from_source_maf	6691663						20000	0.01	0.5	1.06275	0.00194438	opengwasdb@a0656c0d073875c17088972b24cbb9568c0467a2	
GCST90565685	GCST90565685	passed		source		1.06274	estimated_from_source_maf	6691663						20000	0.01	0.5	1.06274	0.00194563	opengwasdb@a0656c0d073875c17088972b24cbb9568c0467a2	
GCST90565686	GCST90565686	passed		source		1.06252	estimated_from_source_maf	6691663						20000	0.01	0.5	1.06252	0.00194401	opengwasdb@a0656c0d073875c17088972b24cbb9568c0467a2	
GCST90565687	GCST90565687	passed		source		1.06252	estimated_from_source_maf	6691663						20000	0.01	0.5	1.06252	0.00194474	opengwasdb@a0656c0d073875c17088972b24cbb9568c0467a2	
GCST90565688	GCST90565688	passed		source		1.06271	estimated_from_source_maf	6691663						20000	0.01	0.5	1.06271	0.00194422	opengwasdb@a0656c0d073875c17088972b24cbb9568c0467a2	
GCST90565689	GCST90565689	passed		source		1.06273	estimated_from_source_maf	6597211						20000	0.01	0.5	1.06273	0.00194196	opengwasdb@a0656c0d073875c17088972b24cbb9568c0467a2	
GCST90565690	GCST90565690	passed		source		1.06275	estimated_from_source_maf	6691663						20000	0.01	0.5	1.06275	0.00194546	opengwasdb@a0656c0d073875c17088972b24cbb9568c0467a2	
GCST90565691	GCST90565691	passed		source		1.06277	estimated_from_source_maf	6691663						20000	0.01	0.5	1.06277	0.00194564	opengwasdb@a0656c0d073875c17088972b24cbb9568c0467a2	
GCST90565692	GCST90565692	passed		source		1.06276	estimated_from_source_maf	6691663						20000	0.01	0.5	1.06276	0.00194429	opengwasdb@a0656c0d073875c17088972b24cbb9568c0467a2	
GCST90565693	GCST90565693	passed		source		1.06268	estimated_from_source_maf	6691663						20000	0.01	0.5	1.06268	0.00194392	opengwasdb@a0656c0d073875c17088972b24cbb9568c0467a2	
GCST90565694	GCST90565694	passed		source		1.06268	estimated_from_source_maf	6691663						20000	0.01	0.5	1.06268	0.00194402	opengwasdb@a0656c0d073875c17088972b24cbb9568c0467a2	
GCST90565695	GCST90565695	passed		source		1.06266	estimated_from_source_maf	6691663						20000	0.01	0.5	1.06266	0.00194095	opengwasdb@a0656c0d073875c17088972b24cbb9568c0467a2	
GCST90565696	GCST90565696	passed		source		1.0626	estimated_from_source_maf	6691663						20000	0.01	0.5	1.0626	0.00194324	opengwasdb@a0656c0d073875c17088972b24cbb9568c0467a2	
GCST90565697	GCST90565697	passed		source		1.06246	estimated_from_source_maf	6691663						20000	0.01	0.5	1.06246	0.00194247	opengwasdb@a0656c0d073875c17088972b24cbb9568c0467a2	
GCST90565698	GCST90565698	passed		source		1.06282	estimated_from_source_maf	6691663						20000	0.01	0.5	1.06282	0.00194445	opengwasdb@a0656c0d073875c17088972b24cbb9568c0467a2	
GCST90565699	GCST90565699	passed		source		1.06282	estimated_from_source_maf	6691663						20000	0.01	0.5	1.06282	0.00194217	opengwasdb@a0656c0d073875c17088972b24cbb9568c0467a2	
GCST90565700	GCST90565700	passed		source		1.06274	estimated_from_source_maf	6691663						20000	0.01	0.5	1.06274	0.00194318	opengwasdb@a0656c0d073875c17088972b24cbb9568c0467a2	
GCST90565701	GCST90565701	passed		source		1.06278	estimated_from_source_maf	6691663						20000	0.01	0.5	1.06278	0.00194387	opengwasdb@a0656c0d073875c17088972b24cbb9568c0467a2	
GCST90565702	GCST90565702	passed		source		1.06266	estimated_from_source_maf	6691663						20000	0.01	0.5	1.06266	0.00194087	opengwasdb@a0656c0d073875c17088972b24cbb9568c0467a2	
GCST90565703	GCST90565703	passed		source		1.06266	estimated_from_source_maf	6691663						20000	0.01	0.5	1.06266	0.00194162	opengwasdb@a0656c0d073875c17088972b24cbb9568c0467a2	
GCST90565704	GCST90565704	passed		source		1.06275	estimated_from_source_maf	6691663						20000	0.01	0.5	1.06275	0.0019457	opengwasdb@a0656c0d073875c17088972b24cbb9568c0467a2	
GCST90565705	GCST90565705	passed		source		1.06274	estimated_from_source_maf	6691663						20000	0.01	0.5	1.06274	0.00194436	opengwasdb@a0656c0d073875c17088972b24cbb9568c0467a2	
GCST90565706	GCST90565706	passed		source		1.06248	estimated_from_source_maf	6691663						20000	0.01	0.5	1.06248	0.00194304	opengwasdb@a0656c0d073875c17088972b24cbb9568c0467a2	
GCST90565707	GCST90565707	passed		source		1.06275	estimated_from_source_maf	6691663						20000	0.01	0.5	1.06275	0.00194458	opengwasdb@a0656c0d073875c17088972b24cbb9568c0467a2	
GCST90565775	GCST90565775	skipped	non_quantitative_effect_scale				binary_trait								0.01	0.5			opengwasdb@a0656c0d073875c17088972b24cbb9568c0467a2	case-control effect scale; phenotype-SD estimation not applicable
GCST90565836	GCST90565836	passed		source		0.792457	estimated_from_source_maf	9242434						20000	0.01	0.5	0.792457	0.00213228	opengwasdb@a0656c0d073875c17088972b24cbb9568c0467a2	
GCST90565837	GCST90565837	passed		source		0.475166	estimated_from_source_maf	9242388						20000	0.01	0.5	0.475166	0.00161009	opengwasdb@a0656c0d073875c17088972b24cbb9568c0467a2	
GCST90565838	GCST90565838	passed		source		0.945862	estimated_from_source_maf	9242404						20000	0.01	0.5	0.945862	0.0025155	opengwasdb@a0656c0d073875c17088972b24cbb9568c0467a2	
GCST90565839	GCST90565839	passed		source		0.971255	estimated_from_source_maf	9242646						20000	0.01	0.5	0.971255	0.0027993	opengwasdb@a0656c0d073875c17088972b24cbb9568c0467a2	
GCST90565840	GCST90565840	passed		source		0.963118	estimated_from_source_maf	9242490						20000	0.01	0.5	0.963118	0.00282344	opengwasdb@a0656c0d073875c17088972b24cbb9568c0467a2	
GCST90565841	GCST90565841	passed		source		0.976023	estimated_from_source_maf	9242707						20000	0.01	0.5	0.976023	0.00280458	opengwasdb@a0656c0d073875c17088972b24cbb9568c0467a2	
GCST90565842	GCST90565842	passed		source		0.943727	estimated_from_source_maf	9243192						20000	0.01	0.5	0.943727	0.00278256	opengwasdb@a0656c0d073875c17088972b24cbb9568c0467a2	
GCST90565843	GCST90565843	passed		source		0.576692	estimated_from_source_maf	9242409						20000	0.01	0.5	0.576692	0.00275489	opengwasdb@a0656c0d073875c17088972b24cbb9568c0467a2	
GCST90565844	GCST90565844	passed		source		0.73862	estimated_from_source_maf	9242190						20000	0.01	0.5	0.73862	0.00207902	opengwasdb@a0656c0d073875c17088972b24cbb9568c0467a2	
GCST90565845	GCST90565845	passed		source		0.642587	estimated_from_source_maf	9242417						20000	0.01	0.5	0.642587	0.00174853	opengwasdb@a0656c0d073875c17088972b24cbb9568c0467a2	
GCST90565846	GCST90565846	passed		source		0.591412	estimated_from_source_maf	9242357						20000	0.01	0.5	0.591412	0.00183114	opengwasdb@a0656c0d073875c17088972b24cbb9568c0467a2	
GCST90565847	GCST90565847	passed		source		0.653232	estimated_from_source_maf	9242284						20000	0.01	0.5	0.653232	0.00213019	opengwasdb@a0656c0d073875c17088972b24cbb9568c0467a2	
GCST90565848	GCST90565848	passed		source		0.995056	estimated_from_source_maf	9241739						20000	0.01	0.5	0.995056	0.00328272	opengwasdb@a0656c0d073875c17088972b24cbb9568c0467a2	
GCST90565849	GCST90565849	passed		source		1.00056	estimated_from_source_maf	9242356						20000	0.01	0.5	1.00056	0.00326259	opengwasdb@a0656c0d073875c17088972b24cbb9568c0467a2	
GCST90565850	GCST90565850	passed		source		0.979672	estimated_from_source_maf	9240724						20000	0.01	0.5	0.979672	0.00375324	opengwasdb@a0656c0d073875c17088972b24cbb9568c0467a2	
GCST90565851	GCST90565851	passed		source		0.987274	estimated_from_source_maf	9242037						20000	0.01	0.5	0.987274	0.00311645	opengwasdb@a0656c0d073875c17088972b24cbb9568c0467a2	
GCST90565852	GCST90565852	passed		source		0.992873	estimated_from_source_maf	9242745						20000	0.01	0.5	0.992873	0.00298166	opengwasdb@a0656c0d073875c17088972b24cbb9568c0467a2	
GCST90565853	GCST90565853	passed		source		0.995736	estimated_from_source_maf	9242248						20000	0.01	0.5	0.995736	0.00325203	opengwasdb@a0656c0d073875c17088972b24cbb9568c0467a2	
GCST90565854	GCST90565854	passed		source		0.988978	estimated_from_source_maf	9242450						20000	0.01	0.5	0.988978	0.00355826	opengwasdb@a0656c0d073875c17088972b24cbb9568c0467a2	
GCST90565855	GCST90565855	passed		source		0.988875	estimated_from_source_maf	9242342						20000	0.01	0.5	0.988875	0.00323097	opengwasdb@a0656c0d073875c17088972b24cbb9568c0467a2	
GCST90565856	GCST90565856	passed		source		0.587545	estimated_from_source_maf	9242357						20000	0.01	0.5	0.587545	0.00181941	opengwasdb@a0656c0d073875c17088972b24cbb9568c0467a2	
GCST90565857	GCST90565857	passed		source		0.65184	estimated_from_source_maf	9242284						20000	0.01	0.5	0.65184	0.00212762	opengwasdb@a0656c0d073875c17088972b24cbb9568c0467a2	
GCST90565858	GCST90565858	passed		source		0.989971	estimated_from_source_maf	9241739						20000	0.01	0.5	0.989971	0.0032665	opengwasdb@a0656c0d073875c17088972b24cbb9568c0467a2	
GCST90565859	GCST90565859	passed		source		0.997475	estimated_from_source_maf	9242356						20000	0.01	0.5	0.997475	0.00324374	opengwasdb@a0656c0d073875c17088972b24cbb9568c0467a2	
GCST90565860	GCST90565860	passed		source		0.996326	estimated_from_source_maf	9240724						20000	0.01	0.5	0.996326	0.00382017	opengwasdb@a0656c0d073875c17088972b24cbb9568c0467a2	
GCST90565861	GCST90565861	passed		source		0.998342	estimated_from_source_maf	9242037						20000	0.01	0.5	0.998342	0.00315499	opengwasdb@a0656c0d073875c17088972b24cbb9568c0467a2	
GCST90565862	GCST90565862	passed		source		1.00483	estimated_from_source_maf	9242745						20000	0.01	0.5	1.00483	0.00301427	opengwasdb@a0656c0d073875c17088972b24cbb9568c0467a2	
GCST90565863	GCST90565863	passed		source		0.998742	estimated_from_source_maf	9242248						20000	0.01	0.5	0.998742	0.00326174	opengwasdb@a0656c0d073875c17088972b24cbb9568c0467a2	
GCST90565864	GCST90565864	passed		source		0.99554	estimated_from_source_maf	9242450						20000	0.01	0.5	0.99554	0.00359414	opengwasdb@a0656c0d073875c17088972b24cbb9568c0467a2	
GCST90565865	GCST90565865	passed		source		0.982769	estimated_from_source_maf	9242342						20000	0.01	0.5	0.982769	0.00321478	opengwasdb@a0656c0d073875c17088972b24cbb9568c0467a2	
GCST90565869	GCST90565869	skipped	non_quantitative_effect_scale				binary_trait								0.01	0.5			opengwasdb@a0656c0d073875c17088972b24cbb9568c0467a2	case-control effect scale; phenotype-SD estimation not applicable
GCST90565870	GCST90565870	skipped	non_quantitative_effect_scale				binary_trait								0.01	0.5			opengwasdb@a0656c0d073875c17088972b24cbb9568c0467a2	case-control effect scale; phenotype-SD estimation not applicable
GCST90565871	GCST90565871	skipped	non_quantitative_effect_scale				binary_trait								0.01	0.5			opengwasdb@a0656c0d073875c17088972b24cbb9568c0467a2	case-control effect scale; phenotype-SD estimation not applicable
GCST90565872	GCST90565872	skipped	non_quantitative_effect_scale				binary_trait								0.01	0.5			opengwasdb@a0656c0d073875c17088972b24cbb9568c0467a2	case-control effect scale; phenotype-SD estimation not applicable
GCST90566392	GCST90566392	passed		source		5.19976	estimated_from_source_maf	10171042						20000	0.01	0.5	5.19976	0.110972	opengwasdb@a0656c0d073875c17088972b24cbb9568c0467a2	
GCST90566393	GCST90566393	passed		source		5.34068	estimated_from_source_maf	10167600						20000	0.01	0.5	5.34068	0.113977	opengwasdb@a0656c0d073875c17088972b24cbb9568c0467a2	
GCST90566440	GCST90566440	passed		source		2.53933	estimated_from_source_maf	8747372						20000	0.01	0.5	2.53933	0.0391939	opengwasdb@a0656c0d073875c17088972b24cbb9568c0467a2	
GCST90566441	GCST90566441	passed		source		1.54523	estimated_from_source_maf	8760725						20000	0.01	0.5	1.54523	0.013097	opengwasdb@a0656c0d073875c17088972b24cbb9568c0467a2	
GCST90566442	GCST90566442	passed		source		0.663877	estimated_from_source_maf	8753214						20000	0.01	0.5	0.663877	0.00730245	opengwasdb@a0656c0d073875c17088972b24cbb9568c0467a2	
GCST90566682	GCST90566682	passed		source		0.900139	estimated_from_source_maf	9294352						20000	0.01	0.5	0.900139	0.00391926	opengwasdb@a0656c0d073875c17088972b24cbb9568c0467a2	
GCST90566683	GCST90566683	passed		source		0.884724	estimated_from_source_maf	9294299						20000	0.01	0.5	0.884724	0.00428756	opengwasdb@a0656c0d073875c17088972b24cbb9568c0467a2	
GCST90566684	GCST90566684	passed		source		0.855809	estimated_from_source_maf	9294337						20000	0.01	0.5	0.855809	0.0035477	opengwasdb@a0656c0d073875c17088972b24cbb9568c0467a2	
GCST90566685	GCST90566685	passed		source		0.838846	estimated_from_source_maf	9294607						20000	0.01	0.5	0.838846	0.00364261	opengwasdb@a0656c0d073875c17088972b24cbb9568c0467a2	
GCST90566686	GCST90566686	passed		source		0.881434	estimated_from_source_maf	9294445						20000	0.01	0.5	0.881434	0.00365679	opengwasdb@a0656c0d073875c17088972b24cbb9568c0467a2	
GCST90566687	GCST90566687	warning		source		80718.1	estimated_from_source_maf	9294015						20000	0.01	0.5	80718.1	333.834	opengwasdb@a0656c0d073875c17088972b24cbb9568c0467a2	
GCST90566688	GCST90566688	warning		source		57006.8	estimated_from_source_maf	9294005						20000	0.01	0.5	57006.8	232.769	opengwasdb@a0656c0d073875c17088972b24cbb9568c0467a2	
GCST90566689	GCST90566689	warning		source		17290.3	estimated_from_source_maf	9294010						20000	0.01	0.5	17290.3	70.9302	opengwasdb@a0656c0d073875c17088972b24cbb9568c0467a2	
GCST90566690	GCST90566690	warning		source		34827.8	estimated_from_source_maf	9294019						20000	0.01	0.5	34827.8	139.997	opengwasdb@a0656c0d073875c17088972b24cbb9568c0467a2	
GCST90566691	GCST90566691	passed		source		0.912723	estimated_from_source_maf	9294136						20000	0.01	0.5	0.912723	0.003702	opengwasdb@a0656c0d073875c17088972b24cbb9568c0467a2	
GCST90566692	GCST90566692	warning		source		34556.2	estimated_from_source_maf	9294116						20000	0.01	0.5	34556.2	141.958	opengwasdb@a0656c0d073875c17088972b24cbb9568c0467a2	
GCST90566693	GCST90566693	passed		source		1.30338	estimated_from_source_maf	9294120						20000	0.01	0.5	1.30338	0.0053713	opengwasdb@a0656c0d073875c17088972b24cbb9568c0467a2	
GCST90566694	GCST90566694	warning		source		36793.6	estimated_from_source_maf	9294003						20000	0.01	0.5	36793.6	150.858	opengwasdb@a0656c0d073875c17088972b24cbb9568c0467a2	
GCST90566695	GCST90566695	passed		source		0.436173	estimated_from_source_maf	9292743						20000	0.01	0.5	0.436173	0.00134377	opengwasdb@a0656c0d073875c17088972b24cbb9568c0467a2	
GCST90566696	GCST90566696	passed		source		1.00514	estimated_from_source_maf	8534420						20000	0.01	0.5	1.00514	0.00514213	opengwasdb@a0656c0d073875c17088972b24cbb9568c0467a2	
GCST90566697	GCST90566697	passed		source		1.05024	estimated_from_source_maf	6750049						20000	0.01	0.5	1.05024	0.00726326	opengwasdb@a0656c0d073875c17088972b24cbb9568c0467a2	
GCST90566698	GCST90566698	passed		source		1.06901	estimated_from_source_maf	9293142						20000	0.01	0.5	1.06901	0.00320422	opengwasdb@a0656c0d073875c17088972b24cbb9568c0467a2	
GCST90566699	GCST90566699	passed		source		1.53532	estimated_from_source_maf	8513440						20000	0.01	0.5	1.53532	0.153835	opengwasdb@a0656c0d073875c17088972b24cbb9568c0467a2	
GCST90566700	GCST90566700	passed		source		1.06725	estimated_from_source_maf	6750811						20000	0.01	0.5	1.06725	0.00387396	opengwasdb@a0656c0d073875c17088972b24cbb9568c0467a2	
GCST90566701	GCST90566701	passed		source		14.588	estimated_from_source_maf	9293595						20000	0.01	0.5	14.588	0.0454657	opengwasdb@a0656c0d073875c17088972b24cbb9568c0467a2	
GCST90566702	GCST90566702	passed		source		14.5846	estimated_from_source_maf	9293461						20000	0.01	0.5	14.5846	0.0447258	opengwasdb@a0656c0d073875c17088972b24cbb9568c0467a2	
GCST90566703	GCST90566703	passed		source		0.9892	estimated_from_source_maf	6747522						20000	0.01	0.5	0.9892	0.00524965	opengwasdb@a0656c0d073875c17088972b24cbb9568c0467a2	
GCST90566704	GCST90566704	passed		source		2.77117	estimated_from_source_maf	9293243						20000	0.01	0.5	2.77117	0.00827436	opengwasdb@a0656c0d073875c17088972b24cbb9568c0467a2	
GCST90566705	GCST90566705	passed		source		2.75921	estimated_from_source_maf	9812499						20000	0.01	0.5	2.75921	0.0093227	opengwasdb@a0656c0d073875c17088972b24cbb9568c0467a2	
GCST90566706	GCST90566706	passed		source		1.00064	estimated_from_source_maf	6749934						20000	0.01	0.5	1.00064	0.00136419	opengwasdb@a0656c0d073875c17088972b24cbb9568c0467a2	
GCST90566707	GCST90566707	passed		source		0.998583	estimated_from_source_maf	7443701						20000	0.01	0.5	0.998583	0.0263529	opengwasdb@a0656c0d073875c17088972b24cbb9568c0467a2	
GCST90566708	GCST90566708	passed		source		1.0366	estimated_from_source_maf	7441998						20000	0.01	0.5	1.0366	0.0995774	opengwasdb@a0656c0d073875c17088972b24cbb9568c0467a2	
GCST90566709	GCST90566709	passed		source		3.16386	estimated_from_source_maf	6362616						20000	0.01	0.5	3.16386	0.0414543	opengwasdb@a0656c0d073875c17088972b24cbb9568c0467a2	
GCST90566710	GCST90566710	passed		source		0.11511	estimated_from_source_maf	6362616						20000	0.01	0.5	0.11511	0.00150759	opengwasdb@a0656c0d073875c17088972b24cbb9568c0467a2	
GCST90566711	GCST90566711	passed		source		10.1886	estimated_from_source_maf	6362616						20000	0.01	0.5	10.1886	0.13343	opengwasdb@a0656c0d073875c17088972b24cbb9568c0467a2	
GCST90566712	GCST90566712	passed		source		10.9792	estimated_from_source_maf	6362616						20000	0.01	0.5	10.9792	0.143794	opengwasdb@a0656c0d073875c17088972b24cbb9568c0467a2	
GCST90566713	GCST90566713	warning		source		89.504	estimated_from_source_maf	6362616						20000	0.01	0.5	89.504	1.17279	opengwasdb@a0656c0d073875c17088972b24cbb9568c0467a2	
GCST90566714	GCST90566714	passed		source		7.19491	estimated_from_source_maf	6362616						20000	0.01	0.5	7.19491	0.0941627	opengwasdb@a0656c0d073875c17088972b24cbb9568c0467a2	
GCST90566715	GCST90566715	passed		source		3.63216	estimated_from_source_maf	6362616						20000	0.01	0.5	3.63216	0.0212937	opengwasdb@a0656c0d073875c17088972b24cbb9568c0467a2	
GCST90566716	GCST90566716	passed		source		0.103734	estimated_from_source_maf	6362616						20000	0.01	0.5	0.103734	0.000608486	opengwasdb@a0656c0d073875c17088972b24cbb9568c0467a2	
GCST90566717	GCST90566717	passed		source		5.72178	estimated_from_source_maf	6362616						20000	0.01	0.5	5.72178	0.0335229	opengwasdb@a0656c0d073875c17088972b24cbb9568c0467a2	
GCST90566718	GCST90566718	passed		source		6.1749	estimated_from_source_maf	6362616						20000	0.01	0.5	6.1749	0.0361806	opengwasdb@a0656c0d073875c17088972b24cbb9568c0467a2	
GCST90566719	GCST90566719	passed		source		76.9493	estimated_from_source_maf	6362616						20000	0.01	0.5	76.9493	0.451064	opengwasdb@a0656c0d073875c17088972b24cbb9568c0467a2	
GCST90566720	GCST90566720	passed		source		6.60978	estimated_from_source_maf	6362616						20000	0.01	0.5	6.60978	0.0387599	opengwasdb@a0656c0d073875c17088972b24cbb9568c0467a2	
GCST90566721	GCST90566721	passed		source		9.06833	estimated_from_source_maf	6362616						20000	0.01	0.5	9.06833	0.0284287	opengwasdb@a0656c0d073875c17088972b24cbb9568c0467a2	
GCST90566722	GCST90566722	passed		source		0.123174	estimated_from_source_maf	6362616						20000	0.01	0.5	0.123174	0.000386194	opengwasdb@a0656c0d073875c17088972b24cbb9568c0467a2	
GCST90566723	GCST90566723	passed		source		6.66997	estimated_from_source_maf	6362616						20000	0.01	0.5	6.66997	0.0209147	opengwasdb@a0656c0d073875c17088972b24cbb9568c0467a2	
GCST90566724	GCST90566724	passed		source		7.22863	estimated_from_source_maf	6362616						20000	0.01	0.5	7.22863	0.0226659	opengwasdb@a0656c0d073875c17088972b24cbb9568c0467a2	
GCST90566725	GCST90566725	passed		source		103.737	estimated_from_source_maf	6362616						20000	0.01	0.5	103.737	0.325283	opengwasdb@a0656c0d073875c17088972b24cbb9568c0467a2	
GCST90566726	GCST90566726	passed		source		8.23687	estimated_from_source_maf	6362616						20000	0.01	0.5	8.23687	0.0258333	opengwasdb@a0656c0d073875c17088972b24cbb9568c0467a2	
GCST90566727	GCST90566727	passed		source		10.5238	estimated_from_source_maf	6362616						20000	0.01	0.5	10.5238	0.0321386	opengwasdb@a0656c0d073875c17088972b24cbb9568c0467a2	
GCST90566728	GCST90566728	passed		source		0.12978	estimated_from_source_maf	6362616						20000	0.01	0.5	0.12978	0.000396434	opengwasdb@a0656c0d073875c17088972b24cbb9568c0467a2	
GCST90566729	GCST90566729	passed		source		7.0144	estimated_from_source_maf	6362616						20000	0.01	0.5	7.0144	0.0214224	opengwasdb@a0656c0d073875c17088972b24cbb9568c0467a2	
GCST90566730	GCST90566730	passed		source		7.60854	estimated_from_source_maf	6362616						20000	0.01	0.5	7.60854	0.0232426	opengwasdb@a0656c0d073875c17088972b24cbb9568c0467a2	
GCST90566731	GCST90566731	passed		source		109.544	estimated_from_source_maf	6362616						20000	0.01	0.5	109.544	0.334589	opengwasdb@a0656c0d073875c17088972b24cbb9568c0467a2	
GCST90566732	GCST90566732	passed		source		8.53957	estimated_from_source_maf	6362616						20000	0.01	0.5	8.53957	0.0260783	opengwasdb@a0656c0d073875c17088972b24cbb9568c0467a2	
GCST90566733	GCST90566733	passed		source		10.9707	estimated_from_source_maf	6362616						20000	0.01	0.5	10.9707	0.0334894	opengwasdb@a0656c0d073875c17088972b24cbb9568c0467a2	
GCST90566734	GCST90566734	passed		source		0.132501	estimated_from_source_maf	6362616						20000	0.01	0.5	0.132501	0.000404729	opengwasdb@a0656c0d073875c17088972b24cbb9568c0467a2	
GCST90566735	GCST90566735	passed		source		7.10536	estimated_from_source_maf	6362616						20000	0.01	0.5	7.10536	0.0216975	opengwasdb@a0656c0d073875c17088972b24cbb9568c0467a2	
GCST90566736	GCST90566736	passed		source		7.70892	estimated_from_source_maf	6362616						20000	0.01	0.5	7.70892	0.0235376	opengwasdb@a0656c0d073875c17088972b24cbb9568c0467a2	
GCST90566737	GCST90566737	passed		source		111.235	estimated_from_source_maf	6362616						20000	0.01	0.5	111.235	0.339709	opengwasdb@a0656c0d073875c17088972b24cbb9568c0467a2	
GCST90566738	GCST90566738	passed		source		8.64358	estimated_from_source_maf	6362616						20000	0.01	0.5	8.64358	0.0263985	opengwasdb@a0656c0d073875c17088972b24cbb9568c0467a2	
GCST90566739	GCST90566739	passed		source		47.9764	estimated_from_source_maf	6362616						20000	0.01	0.5	47.9764	0.342339	opengwasdb@a0656c0d073875c17088972b24cbb9568c0467a2	
GCST90566740	GCST90566740	passed		source		0.429878	estimated_from_source_maf	6362616						20000	0.01	0.5	0.429878	0.00306881	opengwasdb@a0656c0d073875c17088972b24cbb9568c0467a2	
GCST90566741	GCST90566741	passed		source		8.21369	estimated_from_source_maf	6362616						20000	0.01	0.5	8.21369	0.0586235	opengwasdb@a0656c0d073875c17088972b24cbb9568c0467a2	
GCST90566742	GCST90566742	passed		source		8.9677	estimated_from_source_maf	6362616						20000	0.01	0.5	8.9677	0.0640013	opengwasdb@a0656c0d073875c17088972b24cbb9568c0467a2	
GCST90566743	GCST90566743	warning		source		151.524	estimated_from_source_maf	6362616						20000	0.01	0.5	151.524	1.0818	opengwasdb@a0656c0d073875c17088972b24cbb9568c0467a2	
GCST90566744	GCST90566744	passed		source		13.617	estimated_from_source_maf	6362616						20000	0.01	0.5	13.617	0.0972018	opengwasdb@a0656c0d073875c17088972b24cbb9568c0467a2	
GCST90566745	GCST90566745	passed		source		11.0655	estimated_from_source_maf	6362616						20000	0.01	0.5	11.0655	0.0339344	opengwasdb@a0656c0d073875c17088972b24cbb9568c0467a2	
GCST90566746	GCST90566746	passed		source		0.127963	estimated_from_source_maf	6362616						20000	0.01	0.5	0.127963	0.000392552	opengwasdb@a0656c0d073875c17088972b24cbb9568c0467a2	
GCST90566747	GCST90566747	passed		source		7.06864	estimated_from_source_maf	6362616						20000	0.01	0.5	7.06864	0.0216797	opengwasdb@a0656c0d073875c17088972b24cbb9568c0467a2	
GCST90566748	GCST90566748	passed		source		7.66759	estimated_from_source_maf	6362616						20000	0.01	0.5	7.66759	0.0235138	opengwasdb@a0656c0d073875c17088972b24cbb9568c0467a2	
GCST90566749	GCST90566749	passed		source		109.041	estimated_from_source_maf	6362616						20000	0.01	0.5	109.041	0.334535	opengwasdb@a0656c0d073875c17088972b24cbb9568c0467a2	
GCST90566750	GCST90566750	passed		source		8.41946	estimated_from_source_maf	6362616						20000	0.01	0.5	8.41946	0.0258348	opengwasdb@a0656c0d073875c17088972b24cbb9568c0467a2	
GCST90566751	GCST90566751	warning		source		86.62	estimated_from_source_maf	6362616						20000	0.01	0.5	86.62	1.1284	opengwasdb@a0656c0d073875c17088972b24cbb9568c0467a2	
GCST90566752	GCST90566752	passed		source		0.731099	estimated_from_source_maf	6362616						20000	0.01	0.5	0.731099	0.00951655	opengwasdb@a0656c0d073875c17088972b24cbb9568c0467a2	
GCST90566753	GCST90566753	passed		source		4.04639	estimated_from_source_maf	6362616						20000	0.01	0.5	4.04639	0.0526795	opengwasdb@a0656c0d073875c17088972b24cbb9568c0467a2	
GCST90566754	GCST90566754	passed		source		4.44531	estimated_from_source_maf	6362616						20000	0.01	0.5	4.44531	0.0578679	opengwasdb@a0656c0d073875c17088972b24cbb9568c0467a2	
GCST90566755	GCST90566755	warning		source		114.797	estimated_from_source_maf	6362616						20000	0.01	0.5	114.797	1.49344	opengwasdb@a0656c0d073875c17088972b24cbb9568c0467a2	
GCST90566756	GCST90566756	passed		source		15.497	estimated_from_source_maf	6362616						20000	0.01	0.5	15.497	0.201533	opengwasdb@a0656c0d073875c17088972b24cbb9568c0467a2	
GCST90566757	GCST90566757	passed		source		31.525	estimated_from_source_maf	6362616						20000	0.01	0.5	31.525	0.182583	opengwasdb@a0656c0d073875c17088972b24cbb9568c0467a2	
GCST90566758	GCST90566758	passed		source		0.312569	estimated_from_source_maf	6362616						20000	0.01	0.5	0.312569	0.00181016	opengwasdb@a0656c0d073875c17088972b24cbb9568c0467a2	
GCST90566759	GCST90566759	passed		source		3.42833	estimated_from_source_maf	6362616						20000	0.01	0.5	3.42833	0.0198419	opengwasdb@a0656c0d073875c17088972b24cbb9568c0467a2	
GCST90566760	GCST90566760	passed		source		3.75416	estimated_from_source_maf	6362616						20000	0.01	0.5	3.75416	0.0217305	opengwasdb@a0656c0d073875c17088972b24cbb9568c0467a2	
GCST90566761	GCST90566761	warning		source		93.4497	estimated_from_source_maf	6362616						20000	0.01	0.5	93.4497	0.541201	opengwasdb@a0656c0d073875c17088972b24cbb9568c0467a2	
GCST90566762	GCST90566762	passed		source		11.077	estimated_from_source_maf	6362616						20000	0.01	0.5	11.077	0.0641198	opengwasdb@a0656c0d073875c17088972b24cbb9568c0467a2	
GCST90566763	GCST90566763	warning		source		64.5991	estimated_from_source_maf	6362616						20000	0.01	0.5	64.5991	0.644672	opengwasdb@a0656c0d073875c17088972b24cbb9568c0467a2	
GCST90566764	GCST90566764	passed		source		0.578838	estimated_from_source_maf	6362616						20000	0.01	0.5	0.578838	0.00578481	opengwasdb@a0656c0d073875c17088972b24cbb9568c0467a2	
GCST90566765	GCST90566765	passed		source		3.87418	estimated_from_source_maf	6362616						20000	0.01	0.5	3.87418	0.0386538	opengwasdb@a0656c0d073875c17088972b24cbb9568c0467a2	
GCST90566766	GCST90566766	passed		source		4.25151	estimated_from_source_maf	6362616						20000	0.01	0.5	4.25151	0.0424226	opengwasdb@a0656c0d073875c17088972b24cbb9568c0467a2	
GCST90566767	GCST90566767	warning		source		112.788	estimated_from_source_maf	6362616						20000	0.01	0.5	112.788	1.12479	opengwasdb@a0656c0d073875c17088972b24cbb9568c0467a2	
GCST90566768	GCST90566768	passed		source		14.6381	estimated_from_source_maf	6362616						20000	0.01	0.5	14.6381	0.146109	opengwasdb@a0656c0d073875c17088972b24cbb9568c0467a2	
GCST90566795	GCST90566795	skipped	non_quantitative_effect_scale				binary_trait								0.01	0.5			opengwasdb@a0656c0d073875c17088972b24cbb9568c0467a2	case-control effect scale; phenotype-SD estimation not applicable
GCST90566796	GCST90566796	skipped	non_quantitative_effect_scale				binary_trait								0.01	0.5			opengwasdb@a0656c0d073875c17088972b24cbb9568c0467a2	case-control effect scale; phenotype-SD estimation not applicable
GCST90566797	GCST90566797	skipped	non_quantitative_effect_scale				binary_trait								0.01	0.5			opengwasdb@a0656c0d073875c17088972b24cbb9568c0467a2	case-control effect scale; phenotype-SD estimation not applicable
GCST90566798	GCST90566798	skipped	non_quantitative_effect_scale				binary_trait								0.01	0.5			opengwasdb@a0656c0d073875c17088972b24cbb9568c0467a2	case-control effect scale; phenotype-SD estimation not applicable
GCST90566799	GCST90566799	skipped	non_quantitative_effect_scale				binary_trait								0.01	0.5			opengwasdb@a0656c0d073875c17088972b24cbb9568c0467a2	case-control effect scale; phenotype-SD estimation not applicable
GCST90566800	GCST90566800	skipped	non_quantitative_effect_scale				binary_trait								0.01	0.5			opengwasdb@a0656c0d073875c17088972b24cbb9568c0467a2	case-control effect scale; phenotype-SD estimation not applicable
GCST90566801	GCST90566801	skipped	non_quantitative_effect_scale				binary_trait								0.01	0.5			opengwasdb@a0656c0d073875c17088972b24cbb9568c0467a2	case-control effect scale; phenotype-SD estimation not applicable
GCST90566802	GCST90566802	skipped	non_quantitative_effect_scale				binary_trait								0.01	0.5			opengwasdb@a0656c0d073875c17088972b24cbb9568c0467a2	case-control effect scale; phenotype-SD estimation not applicable
GCST90566803	GCST90566803	skipped	non_quantitative_effect_scale				binary_trait								0.01	0.5			opengwasdb@a0656c0d073875c17088972b24cbb9568c0467a2	case-control effect scale; phenotype-SD estimation not applicable
GCST90566804	GCST90566804	skipped	non_quantitative_effect_scale				binary_trait								0.01	0.5			opengwasdb@a0656c0d073875c17088972b24cbb9568c0467a2	case-control effect scale; phenotype-SD estimation not applicable
GCST90566805	GCST90566805	skipped	non_quantitative_effect_scale				binary_trait								0.01	0.5			opengwasdb@a0656c0d073875c17088972b24cbb9568c0467a2	case-control effect scale; phenotype-SD estimation not applicable
GCST90566817	GCST90566817	passed		source		0.984226	estimated_from_source_maf	9914635						20000	0.01	0.5	0.984226	0.00420547	opengwasdb@a0656c0d073875c17088972b24cbb9568c0467a2	
GCST90566818	GCST90566818	passed		source		1.00479	estimated_from_source_maf	9915523						20000	0.01	0.5	1.00479	0.00441469	opengwasdb@a0656c0d073875c17088972b24cbb9568c0467a2	
GCST90566819	GCST90566819	passed		source		0.971063	estimated_from_source_maf	9915523						20000	0.01	0.5	0.971063	0.00426812	opengwasdb@a0656c0d073875c17088972b24cbb9568c0467a2	
GCST90568440	GCST90568440	passed		source		0.544336	estimated_from_source_maf	7532311						20000	0.01	0.5	0.544336	0.0369459	opengwasdb@a0656c0d073875c17088972b24cbb9568c0467a2	
GCST90568441	GCST90568441	passed		source		1.13322	estimated_from_source_maf	6561545						20000	0.01	0.5	1.13322	0.0329116	opengwasdb@a0656c0d073875c17088972b24cbb9568c0467a2	
GCST90568442	GCST90568442	passed		source		1.01249	estimated_from_source_maf	8979361						20000	0.01	0.5	1.01249	0.00377126	opengwasdb@a0656c0d073875c17088972b24cbb9568c0467a2	
GCST90568443	GCST90568443	passed		source		0.983621	estimated_from_source_maf	8979387						20000	0.01	0.5	0.983621	0.00376375	opengwasdb@a0656c0d073875c17088972b24cbb9568c0467a2	
GCST90568444	GCST90568444	passed		source		0.993765	estimated_from_source_maf	8979432						20000	0.01	0.5	0.993765	0.00371352	opengwasdb@a0656c0d073875c17088972b24cbb9568c0467a2	
GCST90568445	GCST90568445	passed		source		0.998612	estimated_from_source_maf	8979299						20000	0.01	0.5	0.998612	0.00368496	opengwasdb@a0656c0d073875c17088972b24cbb9568c0467a2	
GCST90568446	GCST90568446	passed		source		0.983967	estimated_from_source_maf	8979429						20000	0.01	0.5	0.983967	0.00359718	opengwasdb@a0656c0d073875c17088972b24cbb9568c0467a2	
GCST90568447	GCST90568447	passed		source		0.951791	estimated_from_source_maf	8979510						20000	0.01	0.5	0.951791	0.00368099	opengwasdb@a0656c0d073875c17088972b24cbb9568c0467a2	
GCST90568448	GCST90568448	passed		source		1.0406	estimated_from_source_maf	5775757						20000	0.01	0.5	1.0406	0.0085315	opengwasdb@a0656c0d073875c17088972b24cbb9568c0467a2	
GCST90568449	GCST90568449	passed		source		1.03832	estimated_from_source_maf	5775757						20000	0.01	0.5	1.03832	0.0085948	opengwasdb@a0656c0d073875c17088972b24cbb9568c0467a2	
GCST90568450	GCST90568450	passed		source		1.0403	estimated_from_source_maf	5775757						20000	0.01	0.5	1.0403	0.00862302	opengwasdb@a0656c0d073875c17088972b24cbb9568c0467a2	
GCST90568451	GCST90568451	passed		source		1.03841	estimated_from_source_maf	5775757						20000	0.01	0.5	1.03841	0.00863754	opengwasdb@a0656c0d073875c17088972b24cbb9568c0467a2	
GCST90568452	GCST90568452	passed		source		1.03808	estimated_from_source_maf	5775757						20000	0.01	0.5	1.03808	0.00859813	opengwasdb@a0656c0d073875c17088972b24cbb9568c0467a2	
GCST90568453	GCST90568453	passed		source		1.03846	estimated_from_source_maf	5775757						20000	0.01	0.5	1.03846	0.00858669	opengwasdb@a0656c0d073875c17088972b24cbb9568c0467a2	
GCST90568454	GCST90568454	passed		source		1.0401	estimated_from_source_maf	5775757						20000	0.01	0.5	1.0401	0.00862068	opengwasdb@a0656c0d073875c17088972b24cbb9568c0467a2	
GCST90568455	GCST90568455	passed		source		1.0401	estimated_from_source_maf	5775757						20000	0.01	0.5	1.0401	0.00864043	opengwasdb@a0656c0d073875c17088972b24cbb9568c0467a2	
GCST90568456	GCST90568456	passed		source		1.04	estimated_from_source_maf	5775757						20000	0.01	0.5	1.04	0.00863616	opengwasdb@a0656c0d073875c17088972b24cbb9568c0467a2	
GCST90568457	GCST90568457	passed		source		1.03823	estimated_from_source_maf	5775757						20000	0.01	0.5	1.03823	0.00859101	opengwasdb@a0656c0d073875c17088972b24cbb9568c0467a2	
GCST90568458	GCST90568458	passed		source		1.03994	estimated_from_source_maf	5775757						20000	0.01	0.5	1.03994	0.00866949	opengwasdb@a0656c0d073875c17088972b24cbb9568c0467a2	
GCST90568459	GCST90568459	skipped	non_quantitative_effect_scale				binary_trait								0.01	0.5			opengwasdb@a0656c0d073875c17088972b24cbb9568c0467a2	case-control effect scale; phenotype-SD estimation not applicable
GCST90568460	GCST90568460	skipped	non_quantitative_effect_scale				binary_trait								0.01	0.5			opengwasdb@a0656c0d073875c17088972b24cbb9568c0467a2	case-control effect scale; phenotype-SD estimation not applicable
GCST90568461	GCST90568461	skipped	non_quantitative_effect_scale				binary_trait								0.01	0.5			opengwasdb@a0656c0d073875c17088972b24cbb9568c0467a2	case-control effect scale; phenotype-SD estimation not applicable
GCST90568462	GCST90568462	passed		source		1.57047	estimated_from_source_maf	9619040						20000	0.01	0.5	1.57047	0.0241451	opengwasdb@a0656c0d073875c17088972b24cbb9568c0467a2	
GCST90568463	GCST90568463	passed		source		1.11377	estimated_from_source_maf	9632788						20000	0.01	0.5	1.11377	0.0110339	opengwasdb@a0656c0d073875c17088972b24cbb9568c0467a2	
GCST90568464	GCST90568464	passed		source		1.26786	estimated_from_source_maf	9707263						20000	0.01	0.5	1.26786	0.0112608	opengwasdb@a0656c0d073875c17088972b24cbb9568c0467a2	
GCST90568465	GCST90568465	passed		source		1.71847	estimated_from_source_maf	9576046						20000	0.01	0.5	1.71847	0.0384252	opengwasdb@a0656c0d073875c17088972b24cbb9568c0467a2	
GCST90568466	GCST90568466	passed		source		1.43804	estimated_from_source_maf	9505650						20000	0.01	0.5	1.43804	0.0332426	opengwasdb@a0656c0d073875c17088972b24cbb9568c0467a2	
GCST90568467	GCST90568467	passed		source		1.54854	estimated_from_source_maf	9593363						20000	0.01	0.5	1.54854	0.0243264	opengwasdb@a0656c0d073875c17088972b24cbb9568c0467a2	
GCST90570047	GCST90570047	passed		source		0.926937	estimated_from_source_maf	7150858						20000	0.01	0.5	0.926937	0.0032968	opengwasdb@a0656c0d073875c17088972b24cbb9568c0467a2	
GCST90570048	GCST90570048	passed		source		0.856762	estimated_from_source_maf	7150859						20000	0.01	0.5	0.856762	0.0030103	opengwasdb@a0656c0d073875c17088972b24cbb9568c0467a2	
GCST90570521	GCST90570521	skipped	non_quantitative_effect_scale				binary_trait								0.01	0.5			opengwasdb@a0656c0d073875c17088972b24cbb9568c0467a2	case-control effect scale; phenotype-SD estimation not applicable
GCST90570522	GCST90570522	skipped	non_quantitative_effect_scale				binary_trait								0.01	0.5			opengwasdb@a0656c0d073875c17088972b24cbb9568c0467a2	case-control effect scale; phenotype-SD estimation not applicable
GCST90570524	GCST90570524	skipped	non_quantitative_effect_scale				binary_trait								0.01	0.5			opengwasdb@a0656c0d073875c17088972b24cbb9568c0467a2	case-control effect scale; phenotype-SD estimation not applicable
GCST90570525	GCST90570525	skipped	non_quantitative_effect_scale				binary_trait								0.01	0.5			opengwasdb@a0656c0d073875c17088972b24cbb9568c0467a2	case-control effect scale; phenotype-SD estimation not applicable
GCST90570526	GCST90570526	skipped	non_quantitative_effect_scale				binary_trait								0.01	0.5			opengwasdb@a0656c0d073875c17088972b24cbb9568c0467a2	case-control effect scale; phenotype-SD estimation not applicable
GCST90570665	GCST90570665	passed		source		0.94252	estimated_from_source_maf	7056219						20000	0.01	0.5	0.94252	0.0905868	opengwasdb@a0656c0d073875c17088972b24cbb9568c0467a2	
GCST90570666	GCST90570666	passed		source		1.00138	estimated_from_source_maf	7056219						20000	0.01	0.5	1.00138	0.0870326	opengwasdb@a0656c0d073875c17088972b24cbb9568c0467a2	
GCST90570667	GCST90570667	passed		source		0.709972	estimated_from_source_maf	7295890						20000	0.01	0.5	0.709972	0.0520744	opengwasdb@a0656c0d073875c17088972b24cbb9568c0467a2	
GCST90570668	GCST90570668	passed		source		0.749857	estimated_from_source_maf	7295890						20000	0.01	0.5	0.749857	0.0527836	opengwasdb@a0656c0d073875c17088972b24cbb9568c0467a2	
GCST90570669	GCST90570669	passed		source		1.06704	estimated_from_source_maf	7925249						20000	0.01	0.5	1.06704	0.0272938	opengwasdb@a0656c0d073875c17088972b24cbb9568c0467a2	
GCST90570670	GCST90570670	passed		source		1.07349	estimated_from_source_maf	7925249						20000	0.01	0.5	1.07349	0.0310025	opengwasdb@a0656c0d073875c17088972b24cbb9568c0467a2	
GCST90570671	GCST90570671	warning		source		183.666	estimated_from_source_maf	7035411						20000	0.01	0.5	183.666	11.4576	opengwasdb@a0656c0d073875c17088972b24cbb9568c0467a2	
GCST90570672	GCST90570672	warning		source		197.062	estimated_from_source_maf	7035411						20000	0.01	0.5	197.062	12.2053	opengwasdb@a0656c0d073875c17088972b24cbb9568c0467a2	
GCST90570673	GCST90570673	warning		source		135.946	estimated_from_source_maf	7295151						20000	0.01	0.5	135.946	7.76488	opengwasdb@a0656c0d073875c17088972b24cbb9568c0467a2	
GCST90570674	GCST90570674	warning		source		141.169	estimated_from_source_maf	7295151						20000	0.01	0.5	141.169	8.43656	opengwasdb@a0656c0d073875c17088972b24cbb9568c0467a2	
GCST90570675	GCST90570675	warning		source		154.194	estimated_from_source_maf	7964983						20000	0.01	0.5	154.194	4.47944	opengwasdb@a0656c0d073875c17088972b24cbb9568c0467a2	
GCST90570676	GCST90570676	warning		source		155.825	estimated_from_source_maf	7964983						20000	0.01	0.5	155.825	4.77093	opengwasdb@a0656c0d073875c17088972b24cbb9568c0467a2	
GCST90570677	GCST90570677	passed		source		2.03624	estimated_from_source_maf	7036743						20000	0.01	0.5	2.03624	0.185778	opengwasdb@a0656c0d073875c17088972b24cbb9568c0467a2	
GCST90570678	GCST90570678	passed		source		2.17962	estimated_from_source_maf	7036745						20000	0.01	0.5	2.17962	0.184404	opengwasdb@a0656c0d073875c17088972b24cbb9568c0467a2	
GCST90570679	GCST90570679	passed		source		1.36908	estimated_from_source_maf	7304116						20000	0.01	0.5	1.36908	0.0899279	opengwasdb@a0656c0d073875c17088972b24cbb9568c0467a2	
GCST90570680	GCST90570680	passed		source		1.45017	estimated_from_source_maf	7304116						20000	0.01	0.5	1.45017	0.0943845	opengwasdb@a0656c0d073875c17088972b24cbb9568c0467a2	
GCST90570681	GCST90570681	passed		source		2.07076	estimated_from_source_maf	7964171						20000	0.01	0.5	2.07076	0.0554631	opengwasdb@a0656c0d073875c17088972b24cbb9568c0467a2	
GCST90570682	GCST90570682	passed		source		2.07888	estimated_from_source_maf	7964171						20000	0.01	0.5	2.07888	0.0589122	opengwasdb@a0656c0d073875c17088972b24cbb9568c0467a2	
GCST90570695	GCST90570695	passed		source		1.0331	estimated_from_source_maf	8201145						20000	0.01	0.5	1.0331	0.146785	opengwasdb@a0656c0d073875c17088972b24cbb9568c0467a2	
GCST90570696	GCST90570696	passed		source		1.09742	estimated_from_source_maf	8201145						20000	0.01	0.5	1.09742	0.1395	opengwasdb@a0656c0d073875c17088972b24cbb9568c0467a2	
GCST90570697	GCST90570697	passed		source		1.06089	estimated_from_source_maf	13866820						20000	0.01	0.5	1.06089	0.376181	opengwasdb@a0656c0d073875c17088972b24cbb9568c0467a2	
GCST90570698	GCST90570698	passed		source		1.15732	estimated_from_source_maf	13867234						20000	0.01	0.5	1.15732	0.431401	opengwasdb@a0656c0d073875c17088972b24cbb9568c0467a2	
GCST90570699	GCST90570699	passed		source		1.06147	estimated_from_source_maf	13171434						20000	0.01	0.5	1.06147	0.207219	opengwasdb@a0656c0d073875c17088972b24cbb9568c0467a2	
GCST90570700	GCST90570700	passed		source		1.17609	estimated_from_source_maf	13171415						20000	0.01	0.5	1.17609	0.301105	opengwasdb@a0656c0d073875c17088972b24cbb9568c0467a2	
GCST90570701	GCST90570701	warning		source		187.808	estimated_from_source_maf	8189054						20000	0.01	0.5	187.808	17.5134	opengwasdb@a0656c0d073875c17088972b24cbb9568c0467a2	
GCST90570702	GCST90570702	warning		source		202.518	estimated_from_source_maf	8189054						20000	0.01	0.5	202.518	20.3192	opengwasdb@a0656c0d073875c17088972b24cbb9568c0467a2	
GCST90570703	GCST90570703	warning		source		165.435	estimated_from_source_maf	13816504						20000	0.01	0.5	165.435	50.9815	opengwasdb@a0656c0d073875c17088972b24cbb9568c0467a2	
GCST90570704	GCST90570704	warning		source		179.979	estimated_from_source_maf	13815229						20000	0.01	0.5	179.979	59.0323	opengwasdb@a0656c0d073875c17088972b24cbb9568c0467a2	
GCST90570705	GCST90570705	warning		source		146.191	estimated_from_source_maf	13154288						20000	0.01	0.5	146.191	28.9989	opengwasdb@a0656c0d073875c17088972b24cbb9568c0467a2	
GCST90570706	GCST90570706	warning		source		161.218	estimated_from_source_maf	13154275						20000	0.01	0.5	161.218	41.4462	opengwasdb@a0656c0d073875c17088972b24cbb9568c0467a2	
GCST90570707	GCST90570707	passed		source		2.25313	estimated_from_source_maf	8078376						20000	0.01	0.5	2.25313	0.304141	opengwasdb@a0656c0d073875c17088972b24cbb9568c0467a2	
GCST90570708	GCST90570708	passed		source		2.42834	estimated_from_source_maf	8078377						20000	0.01	0.5	2.42834	0.308742	opengwasdb@a0656c0d073875c17088972b24cbb9568c0467a2	
GCST90570709	GCST90570709	warning		source		2.13466	estimated_from_source_maf	13604242						20000	0.01	0.5	2.13466	0.721022	opengwasdb@a0656c0d073875c17088972b24cbb9568c0467a2	
GCST90570710	GCST90570710	warning		source		2.37681	estimated_from_source_maf	13604239						20000	0.01	0.5	2.37681	0.874673	opengwasdb@a0656c0d073875c17088972b24cbb9568c0467a2	
GCST90570711	GCST90570711	passed		source		1.88337	estimated_from_source_maf	13190483						20000	0.01	0.5	1.88337	0.361587	opengwasdb@a0656c0d073875c17088972b24cbb9568c0467a2	
GCST90570712	GCST90570712	warning		source		2.05642	estimated_from_source_maf	13190462						20000	0.01	0.5	2.05642	0.51023	opengwasdb@a0656c0d073875c17088972b24cbb9568c0467a2	
GCST90572694	GCST90572694	passed		source		1.003	estimated_from_source_maf	7830526						20000	0.01	0.5	1.003	0.00272104	opengwasdb@a0656c0d073875c17088972b24cbb9568c0467a2	
GCST90572695	GCST90572695	passed		source		1.00328	estimated_from_source_maf	7830526						20000	0.01	0.5	1.00328	0.00272285	opengwasdb@a0656c0d073875c17088972b24cbb9568c0467a2	
GCST90572696	GCST90572696	passed		source		1.00285	estimated_from_source_maf	7830526						20000	0.01	0.5	1.00285	0.00272159	opengwasdb@a0656c0d073875c17088972b24cbb9568c0467a2	
GCST90572697	GCST90572697	passed		source		1.00224	estimated_from_source_maf	7830526						20000	0.01	0.5	1.00224	0.00271918	opengwasdb@a0656c0d073875c17088972b24cbb9568c0467a2	
GCST90572698	GCST90572698	passed		source		1.00302	estimated_from_source_maf	7830526						20000	0.01	0.5	1.00302	0.00272163	opengwasdb@a0656c0d073875c17088972b24cbb9568c0467a2	
GCST90572699	GCST90572699	passed		source		1.00311	estimated_from_source_maf	7830526						20000	0.01	0.5	1.00311	0.00272225	opengwasdb@a0656c0d073875c17088972b24cbb9568c0467a2	
GCST90572700	GCST90572700	passed		source		1.00344	estimated_from_source_maf	7830526						20000	0.01	0.5	1.00344	0.00272375	opengwasdb@a0656c0d073875c17088972b24cbb9568c0467a2	
GCST90572701	GCST90572701	passed		source		1.00286	estimated_from_source_maf	7830526						20000	0.01	0.5	1.00286	0.00272204	opengwasdb@a0656c0d073875c17088972b24cbb9568c0467a2	
GCST90572702	GCST90572702	passed		source		1.00316	estimated_from_source_maf	7830526						20000	0.01	0.5	1.00316	0.0027221	opengwasdb@a0656c0d073875c17088972b24cbb9568c0467a2	
GCST90572703	GCST90572703	passed		source		1.00327	estimated_from_source_maf	7830526						20000	0.01	0.5	1.00327	0.00272247	opengwasdb@a0656c0d073875c17088972b24cbb9568c0467a2	
GCST90572704	GCST90572704	passed		source		1.00286	estimated_from_source_maf	7830526						20000	0.01	0.5	1.00286	0.00272239	opengwasdb@a0656c0d073875c17088972b24cbb9568c0467a2	
GCST90572705	GCST90572705	passed		source		1.00307	estimated_from_source_maf	7830526						20000	0.01	0.5	1.00307	0.00272157	opengwasdb@a0656c0d073875c17088972b24cbb9568c0467a2	
GCST90572706	GCST90572706	passed		source		1.00303	estimated_from_source_maf	7830526						20000	0.01	0.5	1.00303	0.00272132	opengwasdb@a0656c0d073875c17088972b24cbb9568c0467a2	
GCST90572707	GCST90572707	passed		source		1.0031	estimated_from_source_maf	7830526						20000	0.01	0.5	1.0031	0.00272129	opengwasdb@a0656c0d073875c17088972b24cbb9568c0467a2	
GCST90572708	GCST90572708	passed		source		1.0031	estimated_from_source_maf	7830526						20000	0.01	0.5	1.0031	0.00272195	opengwasdb@a0656c0d073875c17088972b24cbb9568c0467a2	
GCST90572709	GCST90572709	passed		source		1.00324	estimated_from_source_maf	7830526						20000	0.01	0.5	1.00324	0.00272163	opengwasdb@a0656c0d073875c17088972b24cbb9568c0467a2	
GCST90572710	GCST90572710	passed		source		1.00303	estimated_from_source_maf	7830526						20000	0.01	0.5	1.00303	0.00272093	opengwasdb@a0656c0d073875c17088972b24cbb9568c0467a2	
GCST90572711	GCST90572711	passed		source		1.00305	estimated_from_source_maf	7830526						20000	0.01	0.5	1.00305	0.00272151	opengwasdb@a0656c0d073875c17088972b24cbb9568c0467a2	
GCST90572712	GCST90572712	passed		source		1.00297	estimated_from_source_maf	7830526						20000	0.01	0.5	1.00297	0.0027215	opengwasdb@a0656c0d073875c17088972b24cbb9568c0467a2	
GCST90572713	GCST90572713	passed		source		1.00326	estimated_from_source_maf	7830526						20000	0.01	0.5	1.00326	0.00272338	opengwasdb@a0656c0d073875c17088972b24cbb9568c0467a2	
GCST90572714	GCST90572714	passed		source		1.00308	estimated_from_source_maf	7830526						20000	0.01	0.5	1.00308	0.00272218	opengwasdb@a0656c0d073875c17088972b24cbb9568c0467a2	
GCST90572735	GCST90572735	skipped	non_quantitative_effect_scale				binary_trait								0.01	0.5			opengwasdb@a0656c0d073875c17088972b24cbb9568c0467a2	case-control effect scale; phenotype-SD estimation not applicable
GCST90572736	GCST90572736	skipped	non_quantitative_effect_scale				binary_trait								0.01	0.5			opengwasdb@a0656c0d073875c17088972b24cbb9568c0467a2	case-control effect scale; phenotype-SD estimation not applicable
GCST90572737	GCST90572737	skipped	non_quantitative_effect_scale				binary_trait								0.01	0.5			opengwasdb@a0656c0d073875c17088972b24cbb9568c0467a2	case-control effect scale; phenotype-SD estimation not applicable
GCST90572740	GCST90572740	skipped	non_quantitative_effect_scale				binary_trait								0.01	0.5			opengwasdb@a0656c0d073875c17088972b24cbb9568c0467a2	case-control effect scale; phenotype-SD estimation not applicable
GCST90572741	GCST90572741	skipped	non_quantitative_effect_scale				binary_trait								0.01	0.5			opengwasdb@a0656c0d073875c17088972b24cbb9568c0467a2	case-control effect scale; phenotype-SD estimation not applicable
GCST90572746	GCST90572746	passed		source		0.206117	estimated_from_source_maf	7226423						20000	0.01	0.5	0.206117	0.00487967	opengwasdb@a0656c0d073875c17088972b24cbb9568c0467a2	
GCST90572747	GCST90572747	skipped	non_quantitative_effect_scale				binary_trait								0.01	0.5			opengwasdb@a0656c0d073875c17088972b24cbb9568c0467a2	case-control effect scale; phenotype-SD estimation not applicable
GCST90572755	GCST90572755	passed		source		2.24742	estimated_from_source_maf	612643						20000	0.01	0.5	2.24742	0.0231758	opengwasdb@a0656c0d073875c17088972b24cbb9568c0467a2	
GCST90572789	GCST90572789	passed		source		1.11935	estimated_from_source_maf	2723629						20000	0.01	0.5	1.11935	0.079921	opengwasdb@a0656c0d073875c17088972b24cbb9568c0467a2	
GCST90572790	GCST90572790	passed		source		1.13608	estimated_from_source_maf	2660250						20000	0.01	0.5	1.13608	0.148691	opengwasdb@a0656c0d073875c17088972b24cbb9568c0467a2	
GCST90572791	GCST90572791	skipped	non_quantitative_effect_scale				binary_trait								0.01	0.5			opengwasdb@a0656c0d073875c17088972b24cbb9568c0467a2	case-control effect scale; phenotype-SD estimation not applicable
GCST90573175	GCST90573175	skipped	non_quantitative_effect_scale				binary_trait								0.01	0.5			opengwasdb@a0656c0d073875c17088972b24cbb9568c0467a2	case-control effect scale; phenotype-SD estimation not applicable
GCST90573176	GCST90573176	skipped	non_quantitative_effect_scale				binary_trait								0.01	0.5			opengwasdb@a0656c0d073875c17088972b24cbb9568c0467a2	case-control effect scale; phenotype-SD estimation not applicable
GCST90573177	GCST90573177	skipped	non_quantitative_effect_scale				binary_trait								0.01	0.5			opengwasdb@a0656c0d073875c17088972b24cbb9568c0467a2	case-control effect scale; phenotype-SD estimation not applicable
GCST90590312	GCST90590312	passed		source		0.879755	estimated_from_source_maf	9162289						20000	0.01	0.5	0.879755	0.0034234	opengwasdb@a0656c0d073875c17088972b24cbb9568c0467a2	
GCST90590313	GCST90590313	passed		source		0.911807	estimated_from_source_maf	9162289						20000	0.01	0.5	0.911807	0.00338997	opengwasdb@a0656c0d073875c17088972b24cbb9568c0467a2	
GCST90590314	GCST90590314	passed		source		0.920345	estimated_from_source_maf	9162289						20000	0.01	0.5	0.920345	0.0033919	opengwasdb@a0656c0d073875c17088972b24cbb9568c0467a2	
GCST90590315	GCST90590315	passed		source		0.790714	estimated_from_source_maf	9162269						20000	0.01	0.5	0.790714	0.00295898	opengwasdb@a0656c0d073875c17088972b24cbb9568c0467a2	
GCST90590316	GCST90590316	passed		source		0.846373	estimated_from_source_maf	9162289						20000	0.01	0.5	0.846373	0.00309399	opengwasdb@a0656c0d073875c17088972b24cbb9568c0467a2	
GCST90590317	GCST90590317	passed		source		1.03993	estimated_from_source_maf	9161591						20000	0.01	0.5	1.03993	0.00418418	opengwasdb@a0656c0d073875c17088972b24cbb9568c0467a2	
GCST90590319	GCST90590319	passed		source		1.04605	estimated_from_source_maf	9161411						20000	0.01	0.5	1.04605	0.00413783	opengwasdb@a0656c0d073875c17088972b24cbb9568c0467a2	
GCST90590320	GCST90590320	passed		source		1.21759	estimated_from_source_maf	9160347						20000	0.01	0.5	1.21759	0.00509227	opengwasdb@a0656c0d073875c17088972b24cbb9568c0467a2	
GCST90590321	GCST90590321	passed		source		0.937054	estimated_from_source_maf	9162269						20000	0.01	0.5	0.937054	0.00345851	opengwasdb@a0656c0d073875c17088972b24cbb9568c0467a2	
GCST90590336	GCST90590336	passed		source		0.47034	estimated_from_source_maf	8951136						20000	0.01	0.5	0.47034	0.182379	opengwasdb@a0656c0d073875c17088972b24cbb9568c0467a2	
GCST90590337	GCST90590337	passed		source		0.47034	estimated_from_source_maf	8951136						20000	0.01	0.5	0.47034	0.182379	opengwasdb@a0656c0d073875c17088972b24cbb9568c0467a2	
GCST90590338	GCST90590338	passed		source		0.47034	estimated_from_source_maf	8951136						20000	0.01	0.5	0.47034	0.182379	opengwasdb@a0656c0d073875c17088972b24cbb9568c0467a2	
GCST90590339	GCST90590339	passed		source		0.47034	estimated_from_source_maf	8951136						20000	0.01	0.5	0.47034	0.182379	opengwasdb@a0656c0d073875c17088972b24cbb9568c0467a2	
GCST90624046	GCST90624046	passed		source		0.997807	estimated_from_source_maf	3056473						20000	0.01	0.5	0.997807	0.0294454	opengwasdb@a0656c0d073875c17088972b24cbb9568c0467a2	
GCST90624047	GCST90624047	passed		source		0.998931	estimated_from_source_maf	5414828						20000	0.01	0.5	0.998931	0.024854	opengwasdb@a0656c0d073875c17088972b24cbb9568c0467a2	
GCST90624048	GCST90624048	passed		source		0.999165	estimated_from_source_maf	5391812						20000	0.01	0.5	0.999165	0.020591	opengwasdb@a0656c0d073875c17088972b24cbb9568c0467a2	
GCST90624049	GCST90624049	passed		source		0.998281	estimated_from_source_maf	4991716						20000	0.01	0.5	0.998281	0.0249522	opengwasdb@a0656c0d073875c17088972b24cbb9568c0467a2	
GCST90624050	GCST90624050	passed		source		0.99822	estimated_from_source_maf	2342355						20000	0.01	0.5	0.99822	0.0245525	opengwasdb@a0656c0d073875c17088972b24cbb9568c0467a2	
GCST90624051	GCST90624051	passed		source		0.998754	estimated_from_source_maf	5376422						20000	0.01	0.5	0.998754	0.024779	opengwasdb@a0656c0d073875c17088972b24cbb9568c0467a2	
GCST90624052	GCST90624052	passed		source		0.999394	estimated_from_source_maf	5410521						20000	0.01	0.5	0.999394	0.0251681	opengwasdb@a0656c0d073875c17088972b24cbb9568c0467a2	
GCST90624053	GCST90624053	skipped	non_quantitative_effect_scale				binary_trait								0.01	0.5			opengwasdb@a0656c0d073875c17088972b24cbb9568c0467a2	case-control effect scale; phenotype-SD estimation not applicable
GCST90624101	GCST90624101	passed		source		0.999768	estimated_from_source_maf	952425						20000	0.01	0.5	0.999768	0.0161381	opengwasdb@a0656c0d073875c17088972b24cbb9568c0467a2	
GCST90624167	GCST90624167	warning		source		27.6466	estimated_from_source_maf	15902777						20000	0.01	0.5	27.6466	5.75312	opengwasdb@a0656c0d073875c17088972b24cbb9568c0467a2	
GCST90624168	GCST90624168	warning		source		27.2877	estimated_from_source_maf	15540050						20000	0.01	0.5	27.2877	5.3394	opengwasdb@a0656c0d073875c17088972b24cbb9568c0467a2	
GCST90624169	GCST90624169	warning		source		16.483	estimated_from_source_maf	15897967						20000	0.01	0.5	16.483	3.37154	opengwasdb@a0656c0d073875c17088972b24cbb9568c0467a2	
GCST90624170	GCST90624170	warning		source		16.2276	estimated_from_source_maf	15535977						20000	0.01	0.5	16.2276	3.09621	opengwasdb@a0656c0d073875c17088972b24cbb9568c0467a2	
GCST90624171	GCST90624171	warning		source		19.4742	estimated_from_source_maf	15908587						20000	0.01	0.5	19.4742	4.27188	opengwasdb@a0656c0d073875c17088972b24cbb9568c0467a2	
GCST90624172	GCST90624172	warning		source		19.1109	estimated_from_source_maf	15544655						20000	0.01	0.5	19.1109	3.95794	opengwasdb@a0656c0d073875c17088972b24cbb9568c0467a2	
GCST90624173	GCST90624173	warning		source		55.8624	estimated_from_source_maf	15892656						20000	0.01	0.5	55.8624	10.719	opengwasdb@a0656c0d073875c17088972b24cbb9568c0467a2	
GCST90624174	GCST90624174	warning		source		54.404	estimated_from_source_maf	15523188						20000	0.01	0.5	54.404	9.52588	opengwasdb@a0656c0d073875c17088972b24cbb9568c0467a2	
GCST90624175	GCST90624175	warning		source		33.3447	estimated_from_source_maf	15889206						20000	0.01	0.5	33.3447	6.3973	opengwasdb@a0656c0d073875c17088972b24cbb9568c0467a2	
GCST90624176	GCST90624176	warning		source		32.319	estimated_from_source_maf	15519805						20000	0.01	0.5	32.319	5.69142	opengwasdb@a0656c0d073875c17088972b24cbb9568c0467a2	
GCST90624177	GCST90624177	warning		source		39.9059	estimated_from_source_maf	15899612						20000	0.01	0.5	39.9059	8.24026	opengwasdb@a0656c0d073875c17088972b24cbb9568c0467a2	
GCST90624178	GCST90624178	warning		source		39.396	estimated_from_source_maf	15530449						20000	0.01	0.5	39.396	7.53459	opengwasdb@a0656c0d073875c17088972b24cbb9568c0467a2	
GCST90624179	GCST90624179	warning		source		55.858	estimated_from_source_maf	15890220						20000	0.01	0.5	55.858	10.7148	opengwasdb@a0656c0d073875c17088972b24cbb9568c0467a2	
GCST90624180	GCST90624180	warning		source		54.404	estimated_from_source_maf	15521051						20000	0.01	0.5	54.404	9.52505	opengwasdb@a0656c0d073875c17088972b24cbb9568c0467a2	
GCST90624181	GCST90624181	warning		source		33.3416	estimated_from_source_maf	15886858						20000	0.01	0.5	33.3416	6.39302	opengwasdb@a0656c0d073875c17088972b24cbb9568c0467a2	
GCST90624182	GCST90624182	warning		source		32.3175	estimated_from_source_maf	15517730						20000	0.01	0.5	32.3175	5.68983	opengwasdb@a0656c0d073875c17088972b24cbb9568c0467a2	
GCST90624183	GCST90624183	warning		source		39.9007	estimated_from_source_maf	15897233						20000	0.01	0.5	39.9007	8.23559	opengwasdb@a0656c0d073875c17088972b24cbb9568c0467a2	
GCST90624184	GCST90624184	warning		source		39.3903	estimated_from_source_maf	15528353						20000	0.01	0.5	39.3903	7.52902	opengwasdb@a0656c0d073875c17088972b24cbb9568c0467a2	
GCST90624222	GCST90624222	passed		source		1.06632	estimated_from_source_maf	6976854						20000	0.01	0.5	1.06632	0.0440614	opengwasdb@a0656c0d073875c17088972b24cbb9568c0467a2	
GCST90624411	GCST90624411	skipped	non_quantitative_effect_scale				binary_trait								0.01	0.5			opengwasdb@a0656c0d073875c17088972b24cbb9568c0467a2	case-control effect scale; phenotype-SD estimation not applicable
GCST90624412	GCST90624412	skipped	non_quantitative_effect_scale				binary_trait								0.01	0.5			opengwasdb@a0656c0d073875c17088972b24cbb9568c0467a2	case-control effect scale; phenotype-SD estimation not applicable
GCST90624413	GCST90624413	skipped	non_quantitative_effect_scale				binary_trait								0.01	0.5			opengwasdb@a0656c0d073875c17088972b24cbb9568c0467a2	case-control effect scale; phenotype-SD estimation not applicable
GCST90624414	GCST90624414	skipped	non_quantitative_effect_scale				binary_trait								0.01	0.5			opengwasdb@a0656c0d073875c17088972b24cbb9568c0467a2	case-control effect scale; phenotype-SD estimation not applicable
GCST90624455	GCST90624455	skipped	non_quantitative_effect_scale				binary_trait								0.01	0.5			opengwasdb@a0656c0d073875c17088972b24cbb9568c0467a2	case-control effect scale; phenotype-SD estimation not applicable
GCST90624635	GCST90624635	passed		source		0.943712	estimated_from_source_maf	8773278						20000	0.01	0.5	0.943712	0.00144717	opengwasdb@a0656c0d073875c17088972b24cbb9568c0467a2	
GCST90624636	GCST90624636	passed		source		1.0009	estimated_from_source_maf	8773278						20000	0.01	0.5	1.0009	0.00153502	opengwasdb@a0656c0d073875c17088972b24cbb9568c0467a2	
GCST90624699	GCST90624699	passed		source		0.867352	estimated_from_source_maf	10046836						20000	0.01	0.5	0.867352	0.00463417	opengwasdb@a0656c0d073875c17088972b24cbb9568c0467a2	
GCST90624700	GCST90624700	passed		source		4.87014	estimated_from_source_maf	10046836						20000	0.01	0.5	4.87014	0.0255355	opengwasdb@a0656c0d073875c17088972b24cbb9568c0467a2	
GCST90624701	GCST90624701	passed		source		5.36437	estimated_from_source_maf	10041956						20000	0.01	0.5	5.36437	0.0340281	opengwasdb@a0656c0d073875c17088972b24cbb9568c0467a2	
GCST90624702	GCST90624702	passed		source		10.2636	estimated_from_source_maf	10046751						20000	0.01	0.5	10.2636	0.0543105	opengwasdb@a0656c0d073875c17088972b24cbb9568c0467a2	
GCST90624703	GCST90624703	passed		source		0.116345	estimated_from_source_maf	10052446						20000	0.01	0.5	0.116345	0.000585287	opengwasdb@a0656c0d073875c17088972b24cbb9568c0467a2	
GCST90624704	GCST90624704	passed		source		5.15027	estimated_from_source_maf	10045076						20000	0.01	0.5	5.15027	0.0279175	opengwasdb@a0656c0d073875c17088972b24cbb9568c0467a2	
GCST90624705	GCST90624705	passed		source		3.73898	estimated_from_source_maf	10045076						20000	0.01	0.5	3.73898	0.0202675	opengwasdb@a0656c0d073875c17088972b24cbb9568c0467a2	
GCST90624736	GCST90624736	skipped	non_quantitative_effect_scale				binary_trait								0.01	0.5			opengwasdb@a0656c0d073875c17088972b24cbb9568c0467a2	case-control effect scale; phenotype-SD estimation not applicable
GCST90624737	GCST90624737	skipped	non_quantitative_effect_scale				binary_trait								0.01	0.5			opengwasdb@a0656c0d073875c17088972b24cbb9568c0467a2	case-control effect scale; phenotype-SD estimation not applicable
GCST90624738	GCST90624738	skipped	non_quantitative_effect_scale				binary_trait								0.01	0.5			opengwasdb@a0656c0d073875c17088972b24cbb9568c0467a2	case-control effect scale; phenotype-SD estimation not applicable
GCST90624739	GCST90624739	skipped	non_quantitative_effect_scale				binary_trait								0.01	0.5			opengwasdb@a0656c0d073875c17088972b24cbb9568c0467a2	case-control effect scale; phenotype-SD estimation not applicable
GCST90624740	GCST90624740	skipped	non_quantitative_effect_scale				binary_trait								0.01	0.5			opengwasdb@a0656c0d073875c17088972b24cbb9568c0467a2	case-control effect scale; phenotype-SD estimation not applicable
GCST90624741	GCST90624741	skipped	non_quantitative_effect_scale				binary_trait								0.01	0.5			opengwasdb@a0656c0d073875c17088972b24cbb9568c0467a2	case-control effect scale; phenotype-SD estimation not applicable
GCST90624742	GCST90624742	skipped	non_quantitative_effect_scale				binary_trait								0.01	0.5			opengwasdb@a0656c0d073875c17088972b24cbb9568c0467a2	case-control effect scale; phenotype-SD estimation not applicable
GCST90624743	GCST90624743	skipped	non_quantitative_effect_scale				binary_trait								0.01	0.5			opengwasdb@a0656c0d073875c17088972b24cbb9568c0467a2	case-control effect scale; phenotype-SD estimation not applicable
GCST90624744	GCST90624744	skipped	non_quantitative_effect_scale				binary_trait								0.01	0.5			opengwasdb@a0656c0d073875c17088972b24cbb9568c0467a2	case-control effect scale; phenotype-SD estimation not applicable
GCST90624745	GCST90624745	skipped	non_quantitative_effect_scale				binary_trait								0.01	0.5			opengwasdb@a0656c0d073875c17088972b24cbb9568c0467a2	case-control effect scale; phenotype-SD estimation not applicable
GCST90624746	GCST90624746	skipped	non_quantitative_effect_scale				binary_trait								0.01	0.5			opengwasdb@a0656c0d073875c17088972b24cbb9568c0467a2	case-control effect scale; phenotype-SD estimation not applicable
GCST90624747	GCST90624747	skipped	non_quantitative_effect_scale				binary_trait								0.01	0.5			opengwasdb@a0656c0d073875c17088972b24cbb9568c0467a2	case-control effect scale; phenotype-SD estimation not applicable
GCST90624748	GCST90624748	skipped	non_quantitative_effect_scale				binary_trait								0.01	0.5			opengwasdb@a0656c0d073875c17088972b24cbb9568c0467a2	case-control effect scale; phenotype-SD estimation not applicable
GCST90624749	GCST90624749	skipped	non_quantitative_effect_scale				binary_trait								0.01	0.5			opengwasdb@a0656c0d073875c17088972b24cbb9568c0467a2	case-control effect scale; phenotype-SD estimation not applicable
GCST90624750	GCST90624750	skipped	non_quantitative_effect_scale				binary_trait								0.01	0.5			opengwasdb@a0656c0d073875c17088972b24cbb9568c0467a2	case-control effect scale; phenotype-SD estimation not applicable
GCST90624774	GCST90624774	passed		source		1.0514	estimated_from_source_maf	9572746						20000	0.01	0.5	1.0514	0.0655586	opengwasdb@a0656c0d073875c17088972b24cbb9568c0467a2	
GCST90624775	GCST90624775	passed		source		1.07459	estimated_from_source_maf	10268642						20000	0.01	0.5	1.07459	0.0765828	opengwasdb@a0656c0d073875c17088972b24cbb9568c0467a2	
GCST90624776	GCST90624776	passed		source		1.04654	estimated_from_source_maf	11047470						20000	0.01	0.5	1.04654	0.0588042	opengwasdb@a0656c0d073875c17088972b24cbb9568c0467a2	
GCST90624777	GCST90624777	passed		source		1.03947	estimated_from_source_maf	11080866						20000	0.01	0.5	1.03947	0.0581347	opengwasdb@a0656c0d073875c17088972b24cbb9568c0467a2	
GCST90624778	GCST90624778	passed		source		1.02941	estimated_from_source_maf	11036973						20000	0.01	0.5	1.02941	0.0324346	opengwasdb@a0656c0d073875c17088972b24cbb9568c0467a2	
GCST90624779	GCST90624779	passed		source		1.04572	estimated_from_source_maf	9265026						20000	0.01	0.5	1.04572	0.0641662	opengwasdb@a0656c0d073875c17088972b24cbb9568c0467a2	
GCST90624780	GCST90624780	passed		source		1.07191	estimated_from_source_maf	10652872						20000	0.01	0.5	1.07191	0.0687205	opengwasdb@a0656c0d073875c17088972b24cbb9568c0467a2	
GCST90624781	GCST90624781	passed		source		1.05465	estimated_from_source_maf	11128097						20000	0.01	0.5	1.05465	0.0718099	opengwasdb@a0656c0d073875c17088972b24cbb9568c0467a2	
GCST90624782	GCST90624782	passed		source		1.05813	estimated_from_source_maf	11081958						20000	0.01	0.5	1.05813	0.0731319	opengwasdb@a0656c0d073875c17088972b24cbb9568c0467a2	
GCST90624783	GCST90624783	passed		source		0.696634	estimated_from_source_maf	11228927						20000	0.01	0.5	0.696634	0.0272422	opengwasdb@a0656c0d073875c17088972b24cbb9568c0467a2	
GCST90624784	GCST90624784	passed		source		1.07538	estimated_from_source_maf	8960918						20000	0.01	0.5	1.07538	0.0681142	opengwasdb@a0656c0d073875c17088972b24cbb9568c0467a2	
GCST90624785	GCST90624785	passed		source		1.07982	estimated_from_source_maf	9289768						20000	0.01	0.5	1.07982	0.0694424	opengwasdb@a0656c0d073875c17088972b24cbb9568c0467a2	
GCST90624786	GCST90624786	passed		source		1.03878	estimated_from_source_maf	11206100						20000	0.01	0.5	1.03878	0.0394758	opengwasdb@a0656c0d073875c17088972b24cbb9568c0467a2	
GCST90624787	GCST90624787	passed		source		1.0725	estimated_from_source_maf	10319050						20000	0.01	0.5	1.0725	0.0748844	opengwasdb@a0656c0d073875c17088972b24cbb9568c0467a2	
GCST90624788	GCST90624788	passed		source		1.06952	estimated_from_source_maf	10640574						20000	0.01	0.5	1.06952	0.0688317	opengwasdb@a0656c0d073875c17088972b24cbb9568c0467a2	
GCST90624789	GCST90624789	passed		source		1.03861	estimated_from_source_maf	11049689						20000	0.01	0.5	1.03861	0.0435817	opengwasdb@a0656c0d073875c17088972b24cbb9568c0467a2	
GCST90624790	GCST90624790	passed		source		1.0399	estimated_from_source_maf	11100359						20000	0.01	0.5	1.0399	0.0450577	opengwasdb@a0656c0d073875c17088972b24cbb9568c0467a2	
GCST90624791	GCST90624791	passed		source		1.05384	estimated_from_source_maf	9489397						20000	0.01	0.5	1.05384	0.0664875	opengwasdb@a0656c0d073875c17088972b24cbb9568c0467a2	
GCST90624792	GCST90624792	passed		source		1.05876	estimated_from_source_maf	10231826						20000	0.01	0.5	1.05876	0.0653022	opengwasdb@a0656c0d073875c17088972b24cbb9568c0467a2	
GCST90624793	GCST90624793	passed		source		1.02896	estimated_from_source_maf	10997188						20000	0.01	0.5	1.02896	0.032344	opengwasdb@a0656c0d073875c17088972b24cbb9568c0467a2	
GCST90624794	GCST90624794	passed		source		1.05567	estimated_from_source_maf	10264212						20000	0.01	0.5	1.05567	0.0644807	opengwasdb@a0656c0d073875c17088972b24cbb9568c0467a2	
GCST90624795	GCST90624795	passed		source		1.04252	estimated_from_source_maf	9164467						20000	0.01	0.5	1.04252	0.0637602	opengwasdb@a0656c0d073875c17088972b24cbb9568c0467a2	
GCST90624797	GCST90624797	skipped	non_quantitative_effect_scale				binary_trait								0.01	0.5			opengwasdb@a0656c0d073875c17088972b24cbb9568c0467a2	case-control effect scale; phenotype-SD estimation not applicable
GCST90624804	GCST90624804	skipped	non_quantitative_effect_scale				binary_trait								0.01	0.5			opengwasdb@a0656c0d073875c17088972b24cbb9568c0467a2	case-control effect scale; phenotype-SD estimation not applicable
GCST90627740	GCST90627740	skipped	non_quantitative_effect_scale				binary_trait								0.01	0.5			opengwasdb@a0656c0d073875c17088972b24cbb9568c0467a2	case-control effect scale; phenotype-SD estimation not applicable
GCST90627744	GCST90627744	skipped	non_quantitative_effect_scale				binary_trait								0.01	0.5			opengwasdb@a0656c0d073875c17088972b24cbb9568c0467a2	case-control effect scale; phenotype-SD estimation not applicable
GCST90627749	GCST90627749	skipped	non_quantitative_effect_scale				binary_trait								0.01	0.5			opengwasdb@a0656c0d073875c17088972b24cbb9568c0467a2	case-control effect scale; phenotype-SD estimation not applicable
GCST90627754	GCST90627754	skipped	non_quantitative_effect_scale				binary_trait								0.01	0.5			opengwasdb@a0656c0d073875c17088972b24cbb9568c0467a2	case-control effect scale; phenotype-SD estimation not applicable
GCST90627758	GCST90627758	skipped	non_quantitative_effect_scale				binary_trait								0.01	0.5			opengwasdb@a0656c0d073875c17088972b24cbb9568c0467a2	case-control effect scale; phenotype-SD estimation not applicable
GCST90627763	GCST90627763	skipped	non_quantitative_effect_scale				binary_trait								0.01	0.5			opengwasdb@a0656c0d073875c17088972b24cbb9568c0467a2	case-control effect scale; phenotype-SD estimation not applicable
GCST90627765	GCST90627765	skipped	non_quantitative_effect_scale				binary_trait								0.01	0.5			opengwasdb@a0656c0d073875c17088972b24cbb9568c0467a2	case-control effect scale; phenotype-SD estimation not applicable
GCST90627767	GCST90627767	skipped	non_quantitative_effect_scale				binary_trait								0.01	0.5			opengwasdb@a0656c0d073875c17088972b24cbb9568c0467a2	case-control effect scale; phenotype-SD estimation not applicable
GCST90627769	GCST90627769	skipped	non_quantitative_effect_scale				binary_trait								0.01	0.5			opengwasdb@a0656c0d073875c17088972b24cbb9568c0467a2	case-control effect scale; phenotype-SD estimation not applicable
GCST90627771	GCST90627771	skipped	non_quantitative_effect_scale				binary_trait								0.01	0.5			opengwasdb@a0656c0d073875c17088972b24cbb9568c0467a2	case-control effect scale; phenotype-SD estimation not applicable
GCST90627773	GCST90627773	skipped	non_quantitative_effect_scale				binary_trait								0.01	0.5			opengwasdb@a0656c0d073875c17088972b24cbb9568c0467a2	case-control effect scale; phenotype-SD estimation not applicable
GCST90627775	GCST90627775	skipped	non_quantitative_effect_scale				binary_trait								0.01	0.5			opengwasdb@a0656c0d073875c17088972b24cbb9568c0467a2	case-control effect scale; phenotype-SD estimation not applicable
GCST90627781	GCST90627781	skipped	non_quantitative_effect_scale				binary_trait								0.01	0.5			opengwasdb@a0656c0d073875c17088972b24cbb9568c0467a2	case-control effect scale; phenotype-SD estimation not applicable
GCST90627994	GCST90627994	passed		source		4.48501	estimated_from_source_maf	9888890						20000	0.01	0.5	4.48501	0.0809458	opengwasdb@a0656c0d073875c17088972b24cbb9568c0467a2	
GCST90627995	GCST90627995	passed		source		4.79929	estimated_from_source_maf	9904487						20000	0.01	0.5	4.79929	0.113401	opengwasdb@a0656c0d073875c17088972b24cbb9568c0467a2	
GCST90627996	GCST90627996	passed		source		4.20696	estimated_from_source_maf	9920075						20000	0.01	0.5	4.20696	0.0958683	opengwasdb@a0656c0d073875c17088972b24cbb9568c0467a2	
GCST90627997	GCST90627997	passed		source		2.75842	estimated_from_source_maf	9890247						20000	0.01	0.5	2.75842	0.0352507	opengwasdb@a0656c0d073875c17088972b24cbb9568c0467a2	
GCST90627998	GCST90627998	passed		source		2.73127	estimated_from_source_maf	9911036						20000	0.01	0.5	2.73127	0.0393719	opengwasdb@a0656c0d073875c17088972b24cbb9568c0467a2	
GCST90627999	GCST90627999	passed		source		2.76353	estimated_from_source_maf	9922946						20000	0.01	0.5	2.76353	0.0442223	opengwasdb@a0656c0d073875c17088972b24cbb9568c0467a2	
GCST90628000	GCST90628000	passed		source		2.42533	estimated_from_source_maf	9890538						20000	0.01	0.5	2.42533	0.0302978	opengwasdb@a0656c0d073875c17088972b24cbb9568c0467a2	
GCST90628001	GCST90628001	passed		source		2.38067	estimated_from_source_maf	9911619						20000	0.01	0.5	2.38067	0.0336945	opengwasdb@a0656c0d073875c17088972b24cbb9568c0467a2	
GCST90628002	GCST90628002	passed		source		2.36404	estimated_from_source_maf	9922833						20000	0.01	0.5	2.36404	0.0348497	opengwasdb@a0656c0d073875c17088972b24cbb9568c0467a2	
GCST90628003	GCST90628003	passed		source		4.93789	estimated_from_source_maf	9888260						20000	0.01	0.5	4.93789	0.0956685	opengwasdb@a0656c0d073875c17088972b24cbb9568c0467a2	
GCST90628004	GCST90628004	passed		source		5.62424	estimated_from_source_maf	9900307						20000	0.01	0.5	5.62424	0.145759	opengwasdb@a0656c0d073875c17088972b24cbb9568c0467a2	
GCST90628005	GCST90628005	passed		source		4.41078	estimated_from_source_maf	9919139						20000	0.01	0.5	4.41078	0.10371	opengwasdb@a0656c0d073875c17088972b24cbb9568c0467a2	
GCST90628006	GCST90628006	passed		source		3.72843	estimated_from_source_maf	9890524						20000	0.01	0.5	3.72843	0.0622562	opengwasdb@a0656c0d073875c17088972b24cbb9568c0467a2	
GCST90628007	GCST90628007	passed		source		3.86222	estimated_from_source_maf	9911641						20000	0.01	0.5	3.86222	0.0798645	opengwasdb@a0656c0d073875c17088972b24cbb9568c0467a2	
GCST90628008	GCST90628008	passed		source		3.59282	estimated_from_source_maf	9923673						20000	0.01	0.5	3.59282	0.0756158	opengwasdb@a0656c0d073875c17088972b24cbb9568c0467a2	
GCST90628009	GCST90628009	passed		source		2.18638	estimated_from_source_maf	9890318						20000	0.01	0.5	2.18638	0.0210197	opengwasdb@a0656c0d073875c17088972b24cbb9568c0467a2	
GCST90628010	GCST90628010	passed		source		2.20598	estimated_from_source_maf	9910774						20000	0.01	0.5	2.20598	0.0257404	opengwasdb@a0656c0d073875c17088972b24cbb9568c0467a2	
GCST90628011	GCST90628011	passed		source		2.19638	estimated_from_source_maf	9922252						20000	0.01	0.5	2.19638	0.0260634	opengwasdb@a0656c0d073875c17088972b24cbb9568c0467a2	
GCST90628012	GCST90628012	passed		source		3.44859	estimated_from_source_maf	9890487						20000	0.01	0.5	3.44859	0.052525	opengwasdb@a0656c0d073875c17088972b24cbb9568c0467a2	
GCST90628013	GCST90628013	passed		source		3.84113	estimated_from_source_maf	9910424						20000	0.01	0.5	3.84113	0.0777244	opengwasdb@a0656c0d073875c17088972b24cbb9568c0467a2	
GCST90628014	GCST90628014	passed		source		3.08404	estimated_from_source_maf	9923198						20000	0.01	0.5	3.08404	0.0536712	opengwasdb@a0656c0d073875c17088972b24cbb9568c0467a2	
GCST90628015	GCST90628015	passed		source		3.71449	estimated_from_source_maf	9890330						20000	0.01	0.5	3.71449	0.0578308	opengwasdb@a0656c0d073875c17088972b24cbb9568c0467a2	
GCST90628016	GCST90628016	passed		source		3.90254	estimated_from_source_maf	9910419						20000	0.01	0.5	3.90254	0.0767205	opengwasdb@a0656c0d073875c17088972b24cbb9568c0467a2	
GCST90628017	GCST90628017	passed		source		3.56486	estimated_from_source_maf	9923149						20000	0.01	0.5	3.56486	0.0700571	opengwasdb@a0656c0d073875c17088972b24cbb9568c0467a2	
GCST90628018	GCST90628018	passed		source		3.48067	estimated_from_source_maf	9889998						20000	0.01	0.5	3.48067	0.0624991	opengwasdb@a0656c0d073875c17088972b24cbb9568c0467a2	
GCST90628019	GCST90628019	passed		source		4.07779	estimated_from_source_maf	9907429						20000	0.01	0.5	4.07779	0.0856845	opengwasdb@a0656c0d073875c17088972b24cbb9568c0467a2	
GCST90628020	GCST90628020	passed		source		3.05246	estimated_from_source_maf	9922498						20000	0.01	0.5	3.05246	0.0584292	opengwasdb@a0656c0d073875c17088972b24cbb9568c0467a2	
GCST90628021	GCST90628021	passed		source		2.22181	estimated_from_source_maf	9873516						20000	0.01	0.5	2.22181	0.0296491	opengwasdb@a0656c0d073875c17088972b24cbb9568c0467a2	
GCST90628022	GCST90628022	passed		source		2.24383	estimated_from_source_maf	9911892						20000	0.01	0.5	2.24383	0.0310131	opengwasdb@a0656c0d073875c17088972b24cbb9568c0467a2	
GCST90628023	GCST90628023	passed		source		2.19093	estimated_from_source_maf	9923885						20000	0.01	0.5	2.19093	0.0293347	opengwasdb@a0656c0d073875c17088972b24cbb9568c0467a2	
GCST90628024	GCST90628024	passed		source		4.06143	estimated_from_source_maf	9890623						20000	0.01	0.5	4.06143	0.0692154	opengwasdb@a0656c0d073875c17088972b24cbb9568c0467a2	
GCST90628025	GCST90628025	passed		source		5.06133	estimated_from_source_maf	9911801						20000	0.01	0.5	5.06133	0.139556	opengwasdb@a0656c0d073875c17088972b24cbb9568c0467a2	
GCST90628026	GCST90628026	passed		source		3.42545	estimated_from_source_maf	9923992						20000	0.01	0.5	3.42545	0.0640344	opengwasdb@a0656c0d073875c17088972b24cbb9568c0467a2	
GCST90628027	GCST90628027	passed		source		3.80641	estimated_from_source_maf	9889503						20000	0.01	0.5	3.80641	0.0713433	opengwasdb@a0656c0d073875c17088972b24cbb9568c0467a2	
GCST90628028	GCST90628028	passed		source		4.17798	estimated_from_source_maf	9907136						20000	0.01	0.5	4.17798	0.0987059	opengwasdb@a0656c0d073875c17088972b24cbb9568c0467a2	
GCST90628029	GCST90628029	passed		source		3.49519	estimated_from_source_maf	9920658						20000	0.01	0.5	3.49519	0.0751491	opengwasdb@a0656c0d073875c17088972b24cbb9568c0467a2	
GCST90628030	GCST90628030	passed		source		1.22985	estimated_from_source_maf	9898186						20000	0.01	0.5	1.22985	0.0309149	opengwasdb@a0656c0d073875c17088972b24cbb9568c0467a2	
GCST90628031	GCST90628031	passed		source		1.20843	estimated_from_source_maf	9922850						20000	0.01	0.5	1.20843	0.0291031	opengwasdb@a0656c0d073875c17088972b24cbb9568c0467a2	
GCST90628032	GCST90628032	passed		source		1.26696	estimated_from_source_maf	9947707						20000	0.01	0.5	1.26696	0.0389797	opengwasdb@a0656c0d073875c17088972b24cbb9568c0467a2	
GCST90633788	GCST90633788	skipped	non_quantitative_effect_scale				binary_trait								0.01	0.5			opengwasdb@a0656c0d073875c17088972b24cbb9568c0467a2	case-control effect scale; phenotype-SD estimation not applicable
GCST90633789	GCST90633789	skipped	non_quantitative_effect_scale				binary_trait								0.01	0.5			opengwasdb@a0656c0d073875c17088972b24cbb9568c0467a2	case-control effect scale; phenotype-SD estimation not applicable
GCST90633790	GCST90633790	skipped	non_quantitative_effect_scale				binary_trait								0.01	0.5			opengwasdb@a0656c0d073875c17088972b24cbb9568c0467a2	case-control effect scale; phenotype-SD estimation not applicable
GCST90651070	GCST90651070	passed		source		1.05742	estimated_from_source_maf	1060942						20000	0.01	0.5	1.05742	0.0011421	opengwasdb@a0656c0d073875c17088972b24cbb9568c0467a2	
GCST90651071	GCST90651071	passed		source		0.943702	estimated_from_source_maf	1060942						20000	0.01	0.5	0.943702	0.000444432	opengwasdb@a0656c0d073875c17088972b24cbb9568c0467a2	
GCST90651072	GCST90651072	passed		source		0.942861	estimated_from_source_maf	1060942						20000	0.01	0.5	0.942861	0.000442229	opengwasdb@a0656c0d073875c17088972b24cbb9568c0467a2	
GCST90651073	GCST90651073	passed		source		0.969131	estimated_from_source_maf	1060942						20000	0.01	0.5	0.969131	0.000278367	opengwasdb@a0656c0d073875c17088972b24cbb9568c0467a2	
GCST90651074	GCST90651074	skipped	non_quantitative_effect_scale				binary_trait								0.01	0.5			opengwasdb@a0656c0d073875c17088972b24cbb9568c0467a2	case-control effect scale; phenotype-SD estimation not applicable
GCST90651075	GCST90651075	passed		source		0.987639	estimated_from_source_maf	1087802						20000	0.01	0.5	0.987639	0.00557087	opengwasdb@a0656c0d073875c17088972b24cbb9568c0467a2	
GCST90651076	GCST90651076	passed		source		0.985849	estimated_from_source_maf	1087802						20000	0.01	0.5	0.985849	0.00556386	opengwasdb@a0656c0d073875c17088972b24cbb9568c0467a2	
GCST90651077	GCST90651077	passed		source		0.979473	estimated_from_source_maf	1087805						20000	0.01	0.5	0.979473	0.00548549	opengwasdb@a0656c0d073875c17088972b24cbb9568c0467a2	
GCST90651078	GCST90651078	passed		source		2.15354	estimated_from_source_maf	6860221						20000	0.01	0.5	2.15354	0.0797129	opengwasdb@a0656c0d073875c17088972b24cbb9568c0467a2	
GCST90651079	GCST90651079	passed		source		2.15607	estimated_from_source_maf	6807834						20000	0.01	0.5	2.15607	0.0798548	opengwasdb@a0656c0d073875c17088972b24cbb9568c0467a2	
GCST90651080	GCST90651080	passed		source		2.13278	estimated_from_source_maf	6808024						20000	0.01	0.5	2.13278	0.0778145	opengwasdb@a0656c0d073875c17088972b24cbb9568c0467a2	
GCST90652244	GCST90652244	passed		source		1.01324	estimated_from_source_maf	10610175						20000	0.01	0.5	1.01324	0.0145756	opengwasdb@a0656c0d073875c17088972b24cbb9568c0467a2	
GCST90652380	GCST90652380	passed		source		0.98376	estimated_from_source_maf	8087278						20000	0.01	0.5	0.98376	0.00280554	opengwasdb@a0656c0d073875c17088972b24cbb9568c0467a2	
GCST90652381	GCST90652381	passed		source		0.979911	estimated_from_source_maf	8087565						20000	0.01	0.5	0.979911	0.00285668	opengwasdb@a0656c0d073875c17088972b24cbb9568c0467a2	
GCST90652382	GCST90652382	passed		source		0.979908	estimated_from_source_maf	8087549						20000	0.01	0.5	0.979908	0.00284021	opengwasdb@a0656c0d073875c17088972b24cbb9568c0467a2	
GCST90652383	GCST90652383	passed		source		0.978076	estimated_from_source_maf	8087117						20000	0.01	0.5	0.978076	0.00285297	opengwasdb@a0656c0d073875c17088972b24cbb9568c0467a2	
GCST90652384	GCST90652384	passed		source		0.981801	estimated_from_source_maf	8087396						20000	0.01	0.5	0.981801	0.00283829	opengwasdb@a0656c0d073875c17088972b24cbb9568c0467a2	
GCST90652385	GCST90652385	passed		source		0.975433	estimated_from_source_maf	8087177						20000	0.01	0.5	0.975433	0.00294245	opengwasdb@a0656c0d073875c17088972b24cbb9568c0467a2	
GCST90652386	GCST90652386	passed		source		0.985239	estimated_from_source_maf	8087324						20000	0.01	0.5	0.985239	0.00278532	opengwasdb@a0656c0d073875c17088972b24cbb9568c0467a2	
GCST90652387	GCST90652387	passed		source		0.98219	estimated_from_source_maf	8086779						20000	0.01	0.5	0.98219	0.00280408	opengwasdb@a0656c0d073875c17088972b24cbb9568c0467a2	
GCST90652388	GCST90652388	passed		source		0.98249	estimated_from_source_maf	8086334						20000	0.01	0.5	0.98249	0.00284245	opengwasdb@a0656c0d073875c17088972b24cbb9568c0467a2	
GCST90652389	GCST90652389	passed		source		0.984557	estimated_from_source_maf	8087311						20000	0.01	0.5	0.984557	0.00278987	opengwasdb@a0656c0d073875c17088972b24cbb9568c0467a2	
GCST90652390	GCST90652390	passed		source		0.987537	estimated_from_source_maf	8086806						20000	0.01	0.5	0.987537	0.00274442	opengwasdb@a0656c0d073875c17088972b24cbb9568c0467a2	
GCST90652391	GCST90652391	passed		source		0.978355	estimated_from_source_maf	8086215						20000	0.01	0.5	0.978355	0.00291011	opengwasdb@a0656c0d073875c17088972b24cbb9568c0467a2	
GCST90652392	GCST90652392	passed		source		0.978958	estimated_from_source_maf	8086613						20000	0.01	0.5	0.978958	0.00278563	opengwasdb@a0656c0d073875c17088972b24cbb9568c0467a2	
GCST90652393	GCST90652393	passed		source		0.979759	estimated_from_source_maf	8087174						20000	0.01	0.5	0.979759	0.00277392	opengwasdb@a0656c0d073875c17088972b24cbb9568c0467a2	
GCST90652394	GCST90652394	passed		source		0.978636	estimated_from_source_maf	8086862						20000	0.01	0.5	0.978636	0.00275147	opengwasdb@a0656c0d073875c17088972b24cbb9568c0467a2	
GCST90652471	GCST90652471	passed		source		0.762173	estimated_from_source_maf	7981507						20000	0.01	0.5	0.762173	0.00329544	opengwasdb@a0656c0d073875c17088972b24cbb9568c0467a2	
GCST90652472	GCST90652472	passed		source		0.832447	estimated_from_source_maf	7981507						20000	0.01	0.5	0.832447	0.00345102	opengwasdb@a0656c0d073875c17088972b24cbb9568c0467a2	
GCST90652487	GCST90652487	skipped	non_quantitative_effect_scale				binary_trait								0.01	0.5			opengwasdb@a0656c0d073875c17088972b24cbb9568c0467a2	case-control effect scale; phenotype-SD estimation not applicable
GCST90652488	GCST90652488	skipped	non_quantitative_effect_scale				binary_trait								0.01	0.5			opengwasdb@a0656c0d073875c17088972b24cbb9568c0467a2	case-control effect scale; phenotype-SD estimation not applicable
GCST90652505	GCST90652505	skipped	non_quantitative_effect_scale				binary_trait								0.01	0.5			opengwasdb@a0656c0d073875c17088972b24cbb9568c0467a2	case-control effect scale; phenotype-SD estimation not applicable
GCST90652517	GCST90652517	skipped	non_quantitative_effect_scale				binary_trait								0.01	0.5			opengwasdb@a0656c0d073875c17088972b24cbb9568c0467a2	case-control effect scale; phenotype-SD estimation not applicable
GCST90652529	GCST90652529	skipped	non_quantitative_effect_scale				binary_trait								0.01	0.5			opengwasdb@a0656c0d073875c17088972b24cbb9568c0467a2	case-control effect scale; phenotype-SD estimation not applicable
GCST90652530	GCST90652530	skipped	non_quantitative_effect_scale				binary_trait								0.01	0.5			opengwasdb@a0656c0d073875c17088972b24cbb9568c0467a2	case-control effect scale; phenotype-SD estimation not applicable
GCST90652531	GCST90652531	skipped	non_quantitative_effect_scale				binary_trait								0.01	0.5			opengwasdb@a0656c0d073875c17088972b24cbb9568c0467a2	case-control effect scale; phenotype-SD estimation not applicable
GCST90652532	GCST90652532	skipped	non_quantitative_effect_scale				binary_trait								0.01	0.5			opengwasdb@a0656c0d073875c17088972b24cbb9568c0467a2	case-control effect scale; phenotype-SD estimation not applicable
GCST90652548	GCST90652548	passed		source		0.856862	estimated_from_source_maf	7710484						20000	0.01	0.5	0.856862	0.00251459	opengwasdb@a0656c0d073875c17088972b24cbb9568c0467a2	
GCST90652549	GCST90652549	passed		source		0.0117369	estimated_from_source_maf	7710484						20000	0.01	0.5	0.0117369	3.95711e-05	opengwasdb@a0656c0d073875c17088972b24cbb9568c0467a2	
GCST90652550	GCST90652550	failed	no_qualifying_evidence	source			estimated_from_source_maf	0						0	0.01	0.5			opengwasdb@a0656c0d073875c17088972b24cbb9568c0467a2	unavailable: no_qualifying_evidence
GCST90652551	GCST90652551	passed		source		0.850059	estimated_from_source_maf	7710484						20000	0.01	0.5	0.850059	0.00356461	opengwasdb@a0656c0d073875c17088972b24cbb9568c0467a2	
GCST90652552	GCST90652552	passed		source		0.827811	estimated_from_source_maf	7710484						20000	0.01	0.5	0.827811	0.00316606	opengwasdb@a0656c0d073875c17088972b24cbb9568c0467a2	
GCST90652553	GCST90652553	passed		source		0.868173	estimated_from_source_maf	7710484						20000	0.01	0.5	0.868173	0.00392884	opengwasdb@a0656c0d073875c17088972b24cbb9568c0467a2	
GCST90652554	GCST90652554	passed		source		0.811682	estimated_from_source_maf	7710484						20000	0.01	0.5	0.811682	0.00304825	opengwasdb@a0656c0d073875c17088972b24cbb9568c0467a2	
GCST90652555	GCST90652555	passed		source		0.706779	estimated_from_source_maf	7710484						20000	0.01	0.5	0.706779	0.00388832	opengwasdb@a0656c0d073875c17088972b24cbb9568c0467a2	
GCST90652556	GCST90652556	passed		source		0.771789	estimated_from_source_maf	7710484						20000	0.01	0.5	0.771789	0.00410625	opengwasdb@a0656c0d073875c17088972b24cbb9568c0467a2	
GCST90652557	GCST90652557	passed		source		0.856191	estimated_from_source_maf	7710484						20000	0.01	0.5	0.856191	0.00422646	opengwasdb@a0656c0d073875c17088972b24cbb9568c0467a2	
GCST90652558	GCST90652558	passed		source		0.936231	estimated_from_source_maf	7710484						20000	0.01	0.5	0.936231	0.00446112	opengwasdb@a0656c0d073875c17088972b24cbb9568c0467a2	
GCST90652559	GCST90652559	passed		source		0.956118	estimated_from_source_maf	7710484						20000	0.01	0.5	0.956118	0.00448086	opengwasdb@a0656c0d073875c17088972b24cbb9568c0467a2	
GCST90654627	GCST90654627	skipped	non_quantitative_effect_scale				binary_trait								0.01	0.5			opengwasdb@a0656c0d073875c17088972b24cbb9568c0467a2	case-control effect scale; phenotype-SD estimation not applicable
GCST90654628	GCST90654628	skipped	non_quantitative_effect_scale				binary_trait								0.01	0.5			opengwasdb@a0656c0d073875c17088972b24cbb9568c0467a2	case-control effect scale; phenotype-SD estimation not applicable
GCST90654629	GCST90654629	skipped	non_quantitative_effect_scale				binary_trait								0.01	0.5			opengwasdb@a0656c0d073875c17088972b24cbb9568c0467a2	case-control effect scale; phenotype-SD estimation not applicable
GCST90654630	GCST90654630	skipped	non_quantitative_effect_scale				binary_trait								0.01	0.5			opengwasdb@a0656c0d073875c17088972b24cbb9568c0467a2	case-control effect scale; phenotype-SD estimation not applicable
GCST90664487	GCST90664487	skipped	non_quantitative_effect_scale				binary_trait								0.01	0.5			opengwasdb@a0656c0d073875c17088972b24cbb9568c0467a2	case-control effect scale; phenotype-SD estimation not applicable
GCST90667997	GCST90667997	passed		source		0.924891	estimated_from_source_maf	9231688						20000	0.01	0.5	0.924891	0.00346722	opengwasdb@a0656c0d073875c17088972b24cbb9568c0467a2	
GCST90667998	GCST90667998	passed		source		0.881106	estimated_from_source_maf	9231688						20000	0.01	0.5	0.881106	0.00329118	opengwasdb@a0656c0d073875c17088972b24cbb9568c0467a2	
GCST90667999	GCST90667999	passed		source		0.934701	estimated_from_source_maf	9231688						20000	0.01	0.5	0.934701	0.00347893	opengwasdb@a0656c0d073875c17088972b24cbb9568c0467a2	
GCST90668000	GCST90668000	passed		source		0.873001	estimated_from_source_maf	9231688						20000	0.01	0.5	0.873001	0.00361502	opengwasdb@a0656c0d073875c17088972b24cbb9568c0467a2	
GCST90668013	GCST90668013	skipped	non_quantitative_effect_scale				binary_trait								0.01	0.5			opengwasdb@a0656c0d073875c17088972b24cbb9568c0467a2	case-control effect scale; phenotype-SD estimation not applicable
GCST90668014	GCST90668014	skipped	non_quantitative_effect_scale				binary_trait								0.01	0.5			opengwasdb@a0656c0d073875c17088972b24cbb9568c0467a2	case-control effect scale; phenotype-SD estimation not applicable
GCST90668015	GCST90668015	skipped	non_quantitative_effect_scale				binary_trait								0.01	0.5			opengwasdb@a0656c0d073875c17088972b24cbb9568c0467a2	case-control effect scale; phenotype-SD estimation not applicable
GCST90668016	GCST90668016	skipped	non_quantitative_effect_scale				binary_trait								0.01	0.5			opengwasdb@a0656c0d073875c17088972b24cbb9568c0467a2	case-control effect scale; phenotype-SD estimation not applicable
GCST90671996	GCST90671996	passed		source		2.64565	estimated_from_source_maf	6405511						20000	0.01	0.5	2.64565	0.328044	opengwasdb@a0656c0d073875c17088972b24cbb9568c0467a2	
GCST90672009	GCST90672009	warning		source		241.044	estimated_from_source_maf	4666268						20000	0.01	0.5	241.044	103.429	opengwasdb@a0656c0d073875c17088972b24cbb9568c0467a2	
GCST90672010	GCST90672010	passed		source		0.851898	estimated_from_source_maf	4666268						20000	0.01	0.5	0.851898	0.00629273	opengwasdb@a0656c0d073875c17088972b24cbb9568c0467a2	
GCST90672011	GCST90672011	warning		source		82.1562	estimated_from_source_maf	4666268						20000	0.01	0.5	82.1562	23.3566	opengwasdb@a0656c0d073875c17088972b24cbb9568c0467a2	
GCST90672012	GCST90672012	passed		source		1.90297	estimated_from_source_maf	4666268						20000	0.01	0.5	1.90297	0.0119758	opengwasdb@a0656c0d073875c17088972b24cbb9568c0467a2	
GCST90672013	GCST90672013	passed		source		10.0439	estimated_from_source_maf	4666268						20000	0.01	0.5	10.0439	0.0664409	opengwasdb@a0656c0d073875c17088972b24cbb9568c0467a2	
GCST90672014	GCST90672014	passed		source		0.781567	estimated_from_source_maf	4666268						20000	0.01	0.5	0.781567	0.0050628	opengwasdb@a0656c0d073875c17088972b24cbb9568c0467a2	
GCST90672015	GCST90672015	passed		source		9.50413	estimated_from_source_maf	4666268						20000	0.01	0.5	9.50413	0.0599268	opengwasdb@a0656c0d073875c17088972b24cbb9568c0467a2	
GCST90672016	GCST90672016	passed		source		0.725396	estimated_from_source_maf	4666268						20000	0.01	0.5	0.725396	0.0046	opengwasdb@a0656c0d073875c17088972b24cbb9568c0467a2	
GCST90672017	GCST90672017	passed		source		10.3659	estimated_from_source_maf	4666268						20000	0.01	0.5	10.3659	0.0692973	opengwasdb@a0656c0d073875c17088972b24cbb9568c0467a2	
GCST90672018	GCST90672018	passed		source		0.992047	estimated_from_source_maf	4666268						20000	0.01	0.5	0.992047	0.00681826	opengwasdb@a0656c0d073875c17088972b24cbb9568c0467a2	
GCST90672019	GCST90672019	warning		source		98.74	estimated_from_source_maf	4666268						20000	0.01	0.5	98.74	73.7186	opengwasdb@a0656c0d073875c17088972b24cbb9568c0467a2	
GCST90672020	GCST90672020	passed		source		1.74575	estimated_from_source_maf	4666268						20000	0.01	0.5	1.74575	0.010955	opengwasdb@a0656c0d073875c17088972b24cbb9568c0467a2	
GCST90672032	GCST90672032	passed		source		0.939664	estimated_from_source_maf	6473128						20000	0.01	0.5	0.939664	0.00323856	opengwasdb@a0656c0d073875c17088972b24cbb9568c0467a2	
GCST90672033	GCST90672033	passed		source		0.942374	estimated_from_source_maf	6472874						20000	0.01	0.5	0.942374	0.00324479	opengwasdb@a0656c0d073875c17088972b24cbb9568c0467a2	
GCST90672034	GCST90672034	passed		source		0.901379	estimated_from_source_maf	6473567						20000	0.01	0.5	0.901379	0.00469367	opengwasdb@a0656c0d073875c17088972b24cbb9568c0467a2	
GCST90672035	GCST90672035	passed		source		0.90538	estimated_from_source_maf	6472372						20000	0.01	0.5	0.90538	0.00453036	opengwasdb@a0656c0d073875c17088972b24cbb9568c0467a2	
GCST90672036	GCST90672036	passed		source		0.910947	estimated_from_source_maf	6472087						20000	0.01	0.5	0.910947	0.00449691	opengwasdb@a0656c0d073875c17088972b24cbb9568c0467a2	
GCST90672037	GCST90672037	passed		source		0.907171	estimated_from_source_maf	6474123						20000	0.01	0.5	0.907171	0.00466573	opengwasdb@a0656c0d073875c17088972b24cbb9568c0467a2	
GCST90672038	GCST90672038	passed		source		0.915855	estimated_from_source_maf	6474231						20000	0.01	0.5	0.915855	0.00453949	opengwasdb@a0656c0d073875c17088972b24cbb9568c0467a2	
GCST90672039	GCST90672039	passed		source		0.913052	estimated_from_source_maf	6472653						20000	0.01	0.5	0.913052	0.00443864	opengwasdb@a0656c0d073875c17088972b24cbb9568c0467a2	
GCST90672040	GCST90672040	passed		source		0.933548	estimated_from_source_maf	6473949						20000	0.01	0.5	0.933548	0.00378044	opengwasdb@a0656c0d073875c17088972b24cbb9568c0467a2	
GCST90672045	GCST90672045	skipped	non_quantitative_effect_scale				binary_trait								0.01	0.5			opengwasdb@a0656c0d073875c17088972b24cbb9568c0467a2	case-control effect scale; phenotype-SD estimation not applicable
GCST90672046	GCST90672046	passed		source		0.464818	estimated_from_source_maf	8238049						20000	0.01	0.5	0.464818	0.183551	opengwasdb@a0656c0d073875c17088972b24cbb9568c0467a2	
GCST90702447	GCST90702447	passed		source		0.00674181	estimated_from_source_maf	7210371						20000	0.01	0.5	0.00674181	1.75442e-05	opengwasdb@a0656c0d073875c17088972b24cbb9568c0467a2	
GCST90702448	GCST90702448	passed		source		0.0316322	estimated_from_source_maf	7210371						20000	0.01	0.5	0.0316322	7.34291e-05	opengwasdb@a0656c0d073875c17088972b24cbb9568c0467a2	
GCST90702449	GCST90702449	passed		source		0.0230522	estimated_from_source_maf	7210371						20000	0.01	0.5	0.0230522	6.11879e-05	opengwasdb@a0656c0d073875c17088972b24cbb9568c0467a2	
GCST90702450	GCST90702450	passed		source		0.0410659	estimated_from_source_maf	7210371						20000	0.01	0.5	0.0410659	0.000102652	opengwasdb@a0656c0d073875c17088972b24cbb9568c0467a2	
GCST90702451	GCST90702451	passed		source		0.0157086	estimated_from_source_maf	7210371						20000	0.01	0.5	0.0157086	3.63095e-05	opengwasdb@a0656c0d073875c17088972b24cbb9568c0467a2	
GCST90702452	GCST90702452	passed		source		0.00389251	estimated_from_source_maf	7210371						20000	0.01	0.5	0.00389251	1.30546e-05	opengwasdb@a0656c0d073875c17088972b24cbb9568c0467a2	
GCST90702453	GCST90702453	passed		source		0.018607	estimated_from_source_maf	7210371						20000	0.01	0.5	0.018607	4.37646e-05	opengwasdb@a0656c0d073875c17088972b24cbb9568c0467a2	
GCST90702454	GCST90702454	passed		source		0.0136026	estimated_from_source_maf	7210371						20000	0.01	0.5	0.0136026	4.49654e-05	opengwasdb@a0656c0d073875c17088972b24cbb9568c0467a2	
GCST90702455	GCST90702455	passed		source		0.0238774	estimated_from_source_maf	7210371						20000	0.01	0.5	0.0238774	8.95409e-05	opengwasdb@a0656c0d073875c17088972b24cbb9568c0467a2	
GCST90702456	GCST90702456	passed		source		0.00929953	estimated_from_source_maf	7210371						20000	0.01	0.5	0.00929953	2.37144e-05	opengwasdb@a0656c0d073875c17088972b24cbb9568c0467a2	
GCST90702485	GCST90702485	skipped	non_quantitative_effect_scale				binary_trait								0.01	0.5			opengwasdb@a0656c0d073875c17088972b24cbb9568c0467a2	case-control effect scale; phenotype-SD estimation not applicable
GCST90704615	GCST90704615	passed		source		0.969646	estimated_from_source_maf	10260405						20000	0.01	0.5	0.969646	0.00460693	opengwasdb@a0656c0d073875c17088972b24cbb9568c0467a2	
GCST90704616	GCST90704616	passed		source		0.974993	estimated_from_source_maf	8716168						20000	0.01	0.5	0.974993	0.0558977	opengwasdb@a0656c0d073875c17088972b24cbb9568c0467a2	
GCST90704617	GCST90704617	passed		source		1.0031	estimated_from_source_maf	10282642						20000	0.01	0.5	1.0031	0.00412396	opengwasdb@a0656c0d073875c17088972b24cbb9568c0467a2	
GCST90704618	GCST90704618	passed		source		0.99916	estimated_from_source_maf	10282784						20000	0.01	0.5	0.99916	0.00473318	opengwasdb@a0656c0d073875c17088972b24cbb9568c0467a2	
GCST90704619	GCST90704619	passed		source		0.943718	estimated_from_source_maf	9811611						20000	0.01	0.5	0.943718	0.00249862	opengwasdb@a0656c0d073875c17088972b24cbb9568c0467a2	
GCST90704620	GCST90704620	passed		source		0.963092	estimated_from_source_maf	9954793						20000	0.01	0.5	0.963092	0.143882	opengwasdb@a0656c0d073875c17088972b24cbb9568c0467a2	
GCST90704621	GCST90704621	passed		source		1.00117	estimated_from_source_maf	10282707						20000	0.01	0.5	1.00117	0.00412526	opengwasdb@a0656c0d073875c17088972b24cbb9568c0467a2	
GCST90704622	GCST90704622	passed		source		0.766206	estimated_from_source_maf	9826445						20000	0.01	0.5	0.766206	0.00112465	opengwasdb@a0656c0d073875c17088972b24cbb9568c0467a2	
GCST90704625	GCST90704625	passed		source		0.880797	estimated_from_source_maf	9970109						20000	0.01	0.5	0.880797	0.123342	opengwasdb@a0656c0d073875c17088972b24cbb9568c0467a2	
GCST90704626	GCST90704626	passed		source		0.0437403	estimated_from_source_maf	9012937						20000	0.01	0.5	0.0437403	0.000778862	opengwasdb@a0656c0d073875c17088972b24cbb9568c0467a2	
GCST90704627	GCST90704627	passed		source		0.0167829	estimated_from_source_maf	9012937						20000	0.01	0.5	0.0167829	0.000677258	opengwasdb@a0656c0d073875c17088972b24cbb9568c0467a2	
GCST90704628	GCST90704628	passed		source		0.0816772	estimated_from_source_maf	9012937						20000	0.01	0.5	0.0816772	0.000725517	opengwasdb@a0656c0d073875c17088972b24cbb9568c0467a2	
GCST90704629	GCST90704629	passed		source		0.0129282	estimated_from_source_maf	9012937						20000	0.01	0.5	0.0129282	0.000564916	opengwasdb@a0656c0d073875c17088972b24cbb9568c0467a2	
GCST90704630	GCST90704630	passed		source		0.0110096	estimated_from_source_maf	9012937						20000	0.01	0.5	0.0110096	0.000743389	opengwasdb@a0656c0d073875c17088972b24cbb9568c0467a2	
GCST90704631	GCST90704631	passed		source		0.108872	estimated_from_source_maf	9012937						20000	0.01	0.5	0.108872	0.000854037	opengwasdb@a0656c0d073875c17088972b24cbb9568c0467a2	
GCST90704632	GCST90704632	passed		source		0.0046342	estimated_from_source_maf	9012937						20000	0.01	0.5	0.0046342	0.00053564	opengwasdb@a0656c0d073875c17088972b24cbb9568c0467a2	
GCST90704633	GCST90704633	passed		source		0.0279172	estimated_from_source_maf	9012937						20000	0.01	0.5	0.0279172	0.000697485	opengwasdb@a0656c0d073875c17088972b24cbb9568c0467a2	
GCST90704634	GCST90704634	passed		source		0.0391266	estimated_from_source_maf	9012937						20000	0.01	0.5	0.0391266	0.00076523	opengwasdb@a0656c0d073875c17088972b24cbb9568c0467a2	
GCST90704635	GCST90704635	passed		source		0.0700534	estimated_from_source_maf	9012937						20000	0.01	0.5	0.0700534	0.000853316	opengwasdb@a0656c0d073875c17088972b24cbb9568c0467a2	
GCST90704636	GCST90704636	passed		source		0.125549	estimated_from_source_maf	9012937						20000	0.01	0.5	0.125549	0.000980358	opengwasdb@a0656c0d073875c17088972b24cbb9568c0467a2	
GCST90704637	GCST90704637	passed		source		0.130215	estimated_from_source_maf	9012937						20000	0.01	0.5	0.130215	0.000972504	opengwasdb@a0656c0d073875c17088972b24cbb9568c0467a2	
GCST90704638	GCST90704638	passed		source		0.0174199	estimated_from_source_maf	9012937						20000	0.01	0.5	0.0174199	0.000596214	opengwasdb@a0656c0d073875c17088972b24cbb9568c0467a2	
GCST90704639	GCST90704639	passed		source		0.0309694	estimated_from_source_maf	9012937						20000	0.01	0.5	0.0309694	0.0006598	opengwasdb@a0656c0d073875c17088972b24cbb9568c0467a2	
GCST90704640	GCST90704640	passed		source		0.0123137	estimated_from_source_maf	9012937						20000	0.01	0.5	0.0123137	0.000664066	opengwasdb@a0656c0d073875c17088972b24cbb9568c0467a2	
GCST90704641	GCST90704641	passed		source		0.0363103	estimated_from_source_maf	9012937						20000	0.01	0.5	0.0363103	0.000609635	opengwasdb@a0656c0d073875c17088972b24cbb9568c0467a2	
GCST90704642	GCST90704642	passed		source		0.0503157	estimated_from_source_maf	9012937						20000	0.01	0.5	0.0503157	0.00068817	opengwasdb@a0656c0d073875c17088972b24cbb9568c0467a2	
GCST90704646	GCST90704646	skipped	non_quantitative_effect_scale				binary_trait								0.01	0.5			opengwasdb@a0656c0d073875c17088972b24cbb9568c0467a2	case-control effect scale; phenotype-SD estimation not applicable
GCST90704647	GCST90704647	skipped	non_quantitative_effect_scale				binary_trait								0.01	0.5			opengwasdb@a0656c0d073875c17088972b24cbb9568c0467a2	case-control effect scale; phenotype-SD estimation not applicable
GCST90704648	GCST90704648	skipped	non_quantitative_effect_scale				binary_trait								0.01	0.5			opengwasdb@a0656c0d073875c17088972b24cbb9568c0467a2	case-control effect scale; phenotype-SD estimation not applicable
GCST90705038	GCST90705038	skipped	non_quantitative_effect_scale				binary_trait								0.01	0.5			opengwasdb@a0656c0d073875c17088972b24cbb9568c0467a2	case-control effect scale; phenotype-SD estimation not applicable
GCST90705042	GCST90705042	skipped	non_quantitative_effect_scale				binary_trait								0.01	0.5			opengwasdb@a0656c0d073875c17088972b24cbb9568c0467a2	case-control effect scale; phenotype-SD estimation not applicable
GCST90705066	GCST90705066	skipped	non_quantitative_effect_scale				binary_trait								0.01	0.5			opengwasdb@a0656c0d073875c17088972b24cbb9568c0467a2	case-control effect scale; phenotype-SD estimation not applicable
GCST90707263	GCST90707263	skipped	non_quantitative_effect_scale				binary_trait								0.01	0.5			opengwasdb@a0656c0d073875c17088972b24cbb9568c0467a2	case-control effect scale; phenotype-SD estimation not applicable
GCST90707271	GCST90707271	skipped	non_quantitative_effect_scale				binary_trait								0.01	0.5			opengwasdb@a0656c0d073875c17088972b24cbb9568c0467a2	case-control effect scale; phenotype-SD estimation not applicable
GCST90707272	GCST90707272	skipped	non_quantitative_effect_scale				binary_trait								0.01	0.5			opengwasdb@a0656c0d073875c17088972b24cbb9568c0467a2	case-control effect scale; phenotype-SD estimation not applicable
GCST90707273	GCST90707273	skipped	non_quantitative_effect_scale				binary_trait								0.01	0.5			opengwasdb@a0656c0d073875c17088972b24cbb9568c0467a2	case-control effect scale; phenotype-SD estimation not applicable
GCST90707274	GCST90707274	skipped	non_quantitative_effect_scale				binary_trait								0.01	0.5			opengwasdb@a0656c0d073875c17088972b24cbb9568c0467a2	case-control effect scale; phenotype-SD estimation not applicable
GCST90707291	GCST90707291	passed		source		6.29171	estimated_from_source_maf	10567183						20000	0.01	0.5	6.29171	0.0124805	opengwasdb@a0656c0d073875c17088972b24cbb9568c0467a2	
GCST90709864	GCST90709864	skipped	non_quantitative_effect_scale				binary_trait								0.01	0.5			opengwasdb@a0656c0d073875c17088972b24cbb9568c0467a2	case-control effect scale; phenotype-SD estimation not applicable
GCST90709865	GCST90709865	skipped	non_quantitative_effect_scale				binary_trait								0.01	0.5			opengwasdb@a0656c0d073875c17088972b24cbb9568c0467a2	case-control effect scale; phenotype-SD estimation not applicable
GCST90709866	GCST90709866	skipped	non_quantitative_effect_scale				binary_trait								0.01	0.5			opengwasdb@a0656c0d073875c17088972b24cbb9568c0467a2	case-control effect scale; phenotype-SD estimation not applicable
GCST90709867	GCST90709867	skipped	non_quantitative_effect_scale				binary_trait								0.01	0.5			opengwasdb@a0656c0d073875c17088972b24cbb9568c0467a2	case-control effect scale; phenotype-SD estimation not applicable
GCST90709868	GCST90709868	skipped	non_quantitative_effect_scale				binary_trait								0.01	0.5			opengwasdb@a0656c0d073875c17088972b24cbb9568c0467a2	case-control effect scale; phenotype-SD estimation not applicable
GCST90709869	GCST90709869	skipped	non_quantitative_effect_scale				binary_trait								0.01	0.5			opengwasdb@a0656c0d073875c17088972b24cbb9568c0467a2	case-control effect scale; phenotype-SD estimation not applicable
GCST90709870	GCST90709870	skipped	non_quantitative_effect_scale				binary_trait								0.01	0.5			opengwasdb@a0656c0d073875c17088972b24cbb9568c0467a2	case-control effect scale; phenotype-SD estimation not applicable
GCST90709871	GCST90709871	skipped	non_quantitative_effect_scale				binary_trait								0.01	0.5			opengwasdb@a0656c0d073875c17088972b24cbb9568c0467a2	case-control effect scale; phenotype-SD estimation not applicable
GCST90711138	GCST90711138	passed		source		0.878281	estimated_from_source_maf	9406165						20000	0.01	0.5	0.878281	0.00865135	opengwasdb@a0656c0d073875c17088972b24cbb9568c0467a2	
GCST90726344	GCST90726344	skipped	non_quantitative_effect_scale				binary_trait								0.01	0.5			opengwasdb@a0656c0d073875c17088972b24cbb9568c0467a2	case-control effect scale; phenotype-SD estimation not applicable
GCST90726345	GCST90726345	skipped	non_quantitative_effect_scale				binary_trait								0.01	0.5			opengwasdb@a0656c0d073875c17088972b24cbb9568c0467a2	case-control effect scale; phenotype-SD estimation not applicable
GCST90726346	GCST90726346	skipped	non_quantitative_effect_scale				binary_trait								0.01	0.5			opengwasdb@a0656c0d073875c17088972b24cbb9568c0467a2	case-control effect scale; phenotype-SD estimation not applicable
GCST90726356	GCST90726356	skipped	non_quantitative_effect_scale				binary_trait								0.01	0.5			opengwasdb@a0656c0d073875c17088972b24cbb9568c0467a2	case-control effect scale; phenotype-SD estimation not applicable
GCST90726357	GCST90726357	skipped	non_quantitative_effect_scale				binary_trait								0.01	0.5			opengwasdb@a0656c0d073875c17088972b24cbb9568c0467a2	case-control effect scale; phenotype-SD estimation not applicable
GCST90726358	GCST90726358	skipped	non_quantitative_effect_scale				binary_trait								0.01	0.5			opengwasdb@a0656c0d073875c17088972b24cbb9568c0467a2	case-control effect scale; phenotype-SD estimation not applicable
GCST90726359	GCST90726359	skipped	non_quantitative_effect_scale				binary_trait								0.01	0.5			opengwasdb@a0656c0d073875c17088972b24cbb9568c0467a2	case-control effect scale; phenotype-SD estimation not applicable
GCST90726360	GCST90726360	skipped	non_quantitative_effect_scale				binary_trait								0.01	0.5			opengwasdb@a0656c0d073875c17088972b24cbb9568c0467a2	case-control effect scale; phenotype-SD estimation not applicable
GCST90726361	GCST90726361	skipped	non_quantitative_effect_scale				binary_trait								0.01	0.5			opengwasdb@a0656c0d073875c17088972b24cbb9568c0467a2	case-control effect scale; phenotype-SD estimation not applicable
GCST90726362	GCST90726362	skipped	non_quantitative_effect_scale				binary_trait								0.01	0.5			opengwasdb@a0656c0d073875c17088972b24cbb9568c0467a2	case-control effect scale; phenotype-SD estimation not applicable
GCST90726363	GCST90726363	skipped	non_quantitative_effect_scale				binary_trait								0.01	0.5			opengwasdb@a0656c0d073875c17088972b24cbb9568c0467a2	case-control effect scale; phenotype-SD estimation not applicable
GCST90726364	GCST90726364	skipped	non_quantitative_effect_scale				binary_trait								0.01	0.5			opengwasdb@a0656c0d073875c17088972b24cbb9568c0467a2	case-control effect scale; phenotype-SD estimation not applicable
GCST90726396	GCST90726396	failed	no_qualifying_evidence	source			estimated_from_source_maf	0						0	0.01	0.5			opengwasdb@a0656c0d073875c17088972b24cbb9568c0467a2	unavailable: no_qualifying_evidence
GCST90726397	GCST90726397	failed	no_qualifying_evidence	source			estimated_from_source_maf	0						0	0.01	0.5			opengwasdb@a0656c0d073875c17088972b24cbb9568c0467a2	unavailable: no_qualifying_evidence
GCST90726398	GCST90726398	failed	no_qualifying_evidence	source			estimated_from_source_maf	0						0	0.01	0.5			opengwasdb@a0656c0d073875c17088972b24cbb9568c0467a2	unavailable: no_qualifying_evidence
GCST90726498	GCST90726498	skipped	non_quantitative_effect_scale				binary_trait								0.01	0.5			opengwasdb@a0656c0d073875c17088972b24cbb9568c0467a2	case-control effect scale; phenotype-SD estimation not applicable
GCST90726499	GCST90726499	skipped	non_quantitative_effect_scale				binary_trait								0.01	0.5			opengwasdb@a0656c0d073875c17088972b24cbb9568c0467a2	case-control effect scale; phenotype-SD estimation not applicable
GCST90726500	GCST90726500	skipped	non_quantitative_effect_scale				binary_trait								0.01	0.5			opengwasdb@a0656c0d073875c17088972b24cbb9568c0467a2	case-control effect scale; phenotype-SD estimation not applicable
GCST90726609	GCST90726609	skipped	non_quantitative_effect_scale				binary_trait								0.01	0.5			opengwasdb@a0656c0d073875c17088972b24cbb9568c0467a2	case-control effect scale; phenotype-SD estimation not applicable
GCST90727422	GCST90727422	skipped	non_quantitative_effect_scale				binary_trait								0.01	0.5			opengwasdb@a0656c0d073875c17088972b24cbb9568c0467a2	case-control effect scale; phenotype-SD estimation not applicable
GCST90728570	GCST90728570	passed		source		1.94562	estimated_from_source_maf	8544419						20000	0.01	0.5	1.94562	2.3882e-12	opengwasdb@a0656c0d073875c17088972b24cbb9568c0467a2	
GCST90728584	GCST90728584	passed		source		0.771038	estimated_from_source_maf	10444599						20000	0.01	0.5	0.771038	0.00762913	opengwasdb@a0656c0d073875c17088972b24cbb9568c0467a2	
GCST90728585	GCST90728585	passed		source		0.925313	estimated_from_source_maf	10444650						20000	0.01	0.5	0.925313	0.00470799	opengwasdb@a0656c0d073875c17088972b24cbb9568c0467a2	
GCST90728586	GCST90728586	passed		source		0.865571	estimated_from_source_maf	10444693						20000	0.01	0.5	0.865571	0.00585619	opengwasdb@a0656c0d073875c17088972b24cbb9568c0467a2	
GCST90728587	GCST90728587	passed		source		0.817517	estimated_from_source_maf	10444643						20000	0.01	0.5	0.817517	0.00669371	opengwasdb@a0656c0d073875c17088972b24cbb9568c0467a2	
GCST90728588	GCST90728588	warning		source		6.97158	estimated_from_source_maf	16139130						20000	0.01	0.5	6.97158	5.92322	opengwasdb@a0656c0d073875c17088972b24cbb9568c0467a2	
GCST90797570	GCST90797570	passed		source		0.989718	estimated_from_source_maf	9883934						20000	0.01	0.5	0.989718	0.00419685	opengwasdb@a0656c0d073875c17088972b24cbb9568c0467a2	
GCST90797571	GCST90797571	passed		source		0.989171	estimated_from_source_maf	9883934						20000	0.01	0.5	0.989171	0.00420243	opengwasdb@a0656c0d073875c17088972b24cbb9568c0467a2	
GCST90797572	GCST90797572	passed		source		0.998446	estimated_from_source_maf	9883943						20000	0.01	0.5	0.998446	0.00421458	opengwasdb@a0656c0d073875c17088972b24cbb9568c0467a2	
GCST90797573	GCST90797573	passed		source		0.988532	estimated_from_source_maf	9883938						20000	0.01	0.5	0.988532	0.00420051	opengwasdb@a0656c0d073875c17088972b24cbb9568c0467a2	
GCST90797574	GCST90797574	passed		source		0.98956	estimated_from_source_maf	9883938						20000	0.01	0.5	0.98956	0.00420772	opengwasdb@a0656c0d073875c17088972b24cbb9568c0467a2	
GCST90797575	GCST90797575	passed		source		1.00012	estimated_from_source_maf	9883943						20000	0.01	0.5	1.00012	0.00420692	opengwasdb@a0656c0d073875c17088972b24cbb9568c0467a2	
GCST90797576	GCST90797576	passed		source		0.988149	estimated_from_source_maf	9883934						20000	0.01	0.5	0.988149	0.00420843	opengwasdb@a0656c0d073875c17088972b24cbb9568c0467a2	
GCST90797577	GCST90797577	passed		source		0.995859	estimated_from_source_maf	9883943						20000	0.01	0.5	0.995859	0.0042231	opengwasdb@a0656c0d073875c17088972b24cbb9568c0467a2	
GCST90797578	GCST90797578	passed		source		0.989038	estimated_from_source_maf	9883934						20000	0.01	0.5	0.989038	0.00421027	opengwasdb@a0656c0d073875c17088972b24cbb9568c0467a2	
GCST90797579	GCST90797579	passed		source		0.98583	estimated_from_source_maf	9883934						20000	0.01	0.5	0.98583	0.00418788	opengwasdb@a0656c0d073875c17088972b24cbb9568c0467a2	
GCST90797580	GCST90797580	passed		source		0.997551	estimated_from_source_maf	9883943						20000	0.01	0.5	0.997551	0.00423602	opengwasdb@a0656c0d073875c17088972b24cbb9568c0467a2	
GCST90797581	GCST90797581	passed		source		0.996911	estimated_from_source_maf	9883943						20000	0.01	0.5	0.996911	0.00422669	opengwasdb@a0656c0d073875c17088972b24cbb9568c0467a2	
GCST90797582	GCST90797582	passed		source		0.990796	estimated_from_source_maf	9883955						20000	0.01	0.5	0.990796	0.00419704	opengwasdb@a0656c0d073875c17088972b24cbb9568c0467a2	
GCST90797583	GCST90797583	passed		source		0.990689	estimated_from_source_maf	9883955						20000	0.01	0.5	0.990689	0.00419811	opengwasdb@a0656c0d073875c17088972b24cbb9568c0467a2	
GCST90797584	GCST90797584	passed		source		0.996724	estimated_from_source_maf	9883941						20000	0.01	0.5	0.996724	0.00422478	opengwasdb@a0656c0d073875c17088972b24cbb9568c0467a2	
GCST90797585	GCST90797585	passed		source		0.986782	estimated_from_source_maf	9883949						20000	0.01	0.5	0.986782	0.00419425	opengwasdb@a0656c0d073875c17088972b24cbb9568c0467a2	
GCST90797586	GCST90797586	passed		source		0.98761	estimated_from_source_maf	9883949						20000	0.01	0.5	0.98761	0.00418724	opengwasdb@a0656c0d073875c17088972b24cbb9568c0467a2	
GCST90797587	GCST90797587	passed		source		1.00011	estimated_from_source_maf	9883929						20000	0.01	0.5	1.00011	0.004241	opengwasdb@a0656c0d073875c17088972b24cbb9568c0467a2	
GCST90797588	GCST90797588	passed		source		0.99776	estimated_from_source_maf	9883941						20000	0.01	0.5	0.99776	0.00420698	opengwasdb@a0656c0d073875c17088972b24cbb9568c0467a2	
GCST90797589	GCST90797589	passed		source		0.99765	estimated_from_source_maf	9883941						20000	0.01	0.5	0.99765	0.00422004	opengwasdb@a0656c0d073875c17088972b24cbb9568c0467a2	
GCST90797590	GCST90797590	passed		source		0.989746	estimated_from_source_maf	6975162						20000	0.01	0.5	0.989746	0.00365215	opengwasdb@a0656c0d073875c17088972b24cbb9568c0467a2	
GCST90797591	GCST90797591	passed		source		0.978052	estimated_from_source_maf	6975165						20000	0.01	0.5	0.978052	0.00359465	opengwasdb@a0656c0d073875c17088972b24cbb9568c0467a2	
GCST90797592	GCST90797592	passed		source		0.969008	estimated_from_source_maf	6975162						20000	0.01	0.5	0.969008	0.00355466	opengwasdb@a0656c0d073875c17088972b24cbb9568c0467a2	
GCST90797593	GCST90797593	passed		source		0.983331	estimated_from_source_maf	6975165						20000	0.01	0.5	0.983331	0.00362979	opengwasdb@a0656c0d073875c17088972b24cbb9568c0467a2	
GCST90797594	GCST90797594	passed		source		0.9772	estimated_from_source_maf	6975288						20000	0.01	0.5	0.9772	0.00357664	opengwasdb@a0656c0d073875c17088972b24cbb9568c0467a2	
GCST90797595	GCST90797595	passed		source		0.96674	estimated_from_source_maf	6975162						20000	0.01	0.5	0.96674	0.00353133	opengwasdb@a0656c0d073875c17088972b24cbb9568c0467a2	
GCST90797596	GCST90797596	passed		source		0.986082	estimated_from_source_maf	6975162						20000	0.01	0.5	0.986082	0.00363	opengwasdb@a0656c0d073875c17088972b24cbb9568c0467a2	
GCST90797597	GCST90797597	passed		source		1.0018	estimated_from_source_maf	6975288						20000	0.01	0.5	1.0018	0.00367573	opengwasdb@a0656c0d073875c17088972b24cbb9568c0467a2	
GCST90797598	GCST90797598	passed		source		0.974441	estimated_from_source_maf	6975165						20000	0.01	0.5	0.974441	0.00353454	opengwasdb@a0656c0d073875c17088972b24cbb9568c0467a2	
GCST90797599	GCST90797599	passed		source		1.00557	estimated_from_source_maf	6975165						20000	0.01	0.5	1.00557	0.00370233	opengwasdb@a0656c0d073875c17088972b24cbb9568c0467a2	
GCST90797600	GCST90797600	passed		source		0.933409	estimated_from_source_maf	6975165						20000	0.01	0.5	0.933409	0.00335593	opengwasdb@a0656c0d073875c17088972b24cbb9568c0467a2	
GCST90797601	GCST90797601	passed		source		0.936436	estimated_from_source_maf	6975165						20000	0.01	0.5	0.936436	0.0033694	opengwasdb@a0656c0d073875c17088972b24cbb9568c0467a2	
GCST90797602	GCST90797602	passed		source		0.998313	estimated_from_source_maf	6975324						20000	0.01	0.5	0.998313	0.00369114	opengwasdb@a0656c0d073875c17088972b24cbb9568c0467a2	
GCST90797603	GCST90797603	passed		source		0.968174	estimated_from_source_maf	6975217						20000	0.01	0.5	0.968174	0.00352674	opengwasdb@a0656c0d073875c17088972b24cbb9568c0467a2	
GCST90797604	GCST90797604	passed		source		0.965963	estimated_from_source_maf	6975217						20000	0.01	0.5	0.965963	0.00353737	opengwasdb@a0656c0d073875c17088972b24cbb9568c0467a2	
GCST90797605	GCST90797605	passed		source		0.975926	estimated_from_source_maf	6975217						20000	0.01	0.5	0.975926	0.00355537	opengwasdb@a0656c0d073875c17088972b24cbb9568c0467a2	
GCST90797606	GCST90797606	passed		source		0.97053	estimated_from_source_maf	6975217						20000	0.01	0.5	0.97053	0.0035544	opengwasdb@a0656c0d073875c17088972b24cbb9568c0467a2	
GCST90797607	GCST90797607	passed		source		0.944105	estimated_from_source_maf	6975324						20000	0.01	0.5	0.944105	0.00343227	opengwasdb@a0656c0d073875c17088972b24cbb9568c0467a2	
GCST90797608	GCST90797608	passed		source		0.944105	estimated_from_source_maf	6975324						20000	0.01	0.5	0.944105	0.00343227	opengwasdb@a0656c0d073875c17088972b24cbb9568c0467a2	
GCST90797609	GCST90797609	passed		source		0.998031	estimated_from_source_maf	6975217						20000	0.01	0.5	0.998031	0.00368843	opengwasdb@a0656c0d073875c17088972b24cbb9568c0467a2	
GCST90797610	GCST90797610	passed		source		1	estimated_from_source_maf	6975217						20000	0.01	0.5	1	0.00368357	opengwasdb@a0656c0d073875c17088972b24cbb9568c0467a2	
GCST90797611	GCST90797611	passed		source		0.998313	estimated_from_source_maf	6975324						20000	0.01	0.5	0.998313	0.00369114	opengwasdb@a0656c0d073875c17088972b24cbb9568c0467a2	
GCST90797612	GCST90797612	passed		source		0.955878	estimated_from_source_maf	6975217						20000	0.01	0.5	0.955878	0.00344679	opengwasdb@a0656c0d073875c17088972b24cbb9568c0467a2	
GCST90797613	GCST90797613	passed		source		0.957417	estimated_from_source_maf	6975217						20000	0.01	0.5	0.957417	0.00345504	opengwasdb@a0656c0d073875c17088972b24cbb9568c0467a2	
GCST90797639	GCST90797639	passed		source		1.06557	estimated_from_source_maf	8152888						20000	0.01	0.5	1.06557	0.047748	opengwasdb@a0656c0d073875c17088972b24cbb9568c0467a2	
GCST90797640	GCST90797640	passed		source		1.0654	estimated_from_source_maf	8152332						20000	0.01	0.5	1.0654	0.0466047	opengwasdb@a0656c0d073875c17088972b24cbb9568c0467a2	
GCST90797641	GCST90797641	passed		source		1.06414	estimated_from_source_maf	8146467						20000	0.01	0.5	1.06414	0.0476168	opengwasdb@a0656c0d073875c17088972b24cbb9568c0467a2	
GCST90797642	GCST90797642	passed		source		1.06643	estimated_from_source_maf	8146434						20000	0.01	0.5	1.06643	0.0476363	opengwasdb@a0656c0d073875c17088972b24cbb9568c0467a2	
GCST90797643	GCST90797643	passed		source		1.06751	estimated_from_source_maf	8199396						20000	0.01	0.5	1.06751	0.0494141	opengwasdb@a0656c0d073875c17088972b24cbb9568c0467a2	
GCST90809294	GCST90809294	skipped	non_quantitative_effect_scale				binary_trait								0.01	0.5			opengwasdb@a0656c0d073875c17088972b24cbb9568c0467a2	case-control effect scale; phenotype-SD estimation not applicable
GCST90809296	GCST90809296	skipped	non_quantitative_effect_scale				binary_trait								0.01	0.5			opengwasdb@a0656c0d073875c17088972b24cbb9568c0467a2	case-control effect scale; phenotype-SD estimation not applicable
GCST90809305	GCST90809305	skipped	non_quantitative_effect_scale				binary_trait								0.01	0.5			opengwasdb@a0656c0d073875c17088972b24cbb9568c0467a2	case-control effect scale; phenotype-SD estimation not applicable
GCST90809368	GCST90809368	warning		source		15.1819	estimated_from_source_maf	13817674						20000	0.01	0.5	15.1819	2.33174	opengwasdb@a0656c0d073875c17088972b24cbb9568c0467a2	
GCST90809369	GCST90809369	warning		source		17.1415	estimated_from_source_maf	13817647						20000	0.01	0.5	17.1415	2.34768	opengwasdb@a0656c0d073875c17088972b24cbb9568c0467a2	
GCST90809370	GCST90809370	warning		source		25.4095	estimated_from_source_maf	13817323						20000	0.01	0.5	25.4095	3.94518	opengwasdb@a0656c0d073875c17088972b24cbb9568c0467a2	
GCST90809377	GCST90809377	passed		source		12.475	estimated_from_source_maf	8618980						20000	0.01	0.5	12.475	0.287982	opengwasdb@a0656c0d073875c17088972b24cbb9568c0467a2	
GCST90809378	GCST90809378	passed		source		14.5105	estimated_from_source_maf	8618986						20000	0.01	0.5	14.5105	0.301888	opengwasdb@a0656c0d073875c17088972b24cbb9568c0467a2	
GCST90809379	GCST90809379	passed		source		20.8412	estimated_from_source_maf	8628525						20000	0.01	0.5	20.8412	0.484435	opengwasdb@a0656c0d073875c17088972b24cbb9568c0467a2	
GCST90809389	GCST90809389	passed		source		29.746	estimated_from_source_maf	8624489						20000	0.01	0.5	29.746	0.397441	opengwasdb@a0656c0d073875c17088972b24cbb9568c0467a2	
GCST90809390	GCST90809390	passed		source		34.3155	estimated_from_source_maf	8631395						20000	0.01	0.5	34.3155	0.462331	opengwasdb@a0656c0d073875c17088972b24cbb9568c0467a2	
GCST90809391	GCST90809391	warning		source		50.4285	estimated_from_source_maf	8640150						20000	0.01	0.5	50.4285	0.732715	opengwasdb@a0656c0d073875c17088972b24cbb9568c0467a2	
GCST90809395	GCST90809395	warning		source		34.5116	estimated_from_source_maf	14289427						20000	0.01	0.5	34.5116	4.56588	opengwasdb@a0656c0d073875c17088972b24cbb9568c0467a2	
GCST90809396	GCST90809396	warning		source		39.189	estimated_from_source_maf	14253202						20000	0.01	0.5	39.189	5.27573	opengwasdb@a0656c0d073875c17088972b24cbb9568c0467a2	
GCST90809397	GCST90809397	warning		source		58.4456	estimated_from_source_maf	14291646						20000	0.01	0.5	58.4456	8.14349	opengwasdb@a0656c0d073875c17088972b24cbb9568c0467a2	
GCST90809398	GCST90809398	warning		source		12.0459	estimated_from_source_maf	14834164						20000	0.01	0.5	12.0459	1.53858	opengwasdb@a0656c0d073875c17088972b24cbb9568c0467a2	
GCST90809399	GCST90809399	warning		source		13.8014	estimated_from_source_maf	14833984						20000	0.01	0.5	13.8014	1.74691	opengwasdb@a0656c0d073875c17088972b24cbb9568c0467a2	
GCST90809400	GCST90809400	warning		source		20.0456	estimated_from_source_maf	14833665						20000	0.01	0.5	20.0456	2.59955	opengwasdb@a0656c0d073875c17088972b24cbb9568c0467a2	
GCST90809401	GCST90809401	passed		source		10.1522	estimated_from_source_maf	8737405						20000	0.01	0.5	10.1522	0.104206	opengwasdb@a0656c0d073875c17088972b24cbb9568c0467a2	
GCST90809402	GCST90809402	passed		source		11.837	estimated_from_source_maf	8737129						20000	0.01	0.5	11.837	0.115672	opengwasdb@a0656c0d073875c17088972b24cbb9568c0467a2	
GCST90809403	GCST90809403	passed		source		16.941	estimated_from_source_maf	8737402						20000	0.01	0.5	16.941	0.184039	opengwasdb@a0656c0d073875c17088972b24cbb9568c0467a2	
GCST90809413	GCST90809413	warning		source		14.6914	estimated_from_source_maf	16455174						20000	0.01	0.5	14.6914	4.36381	opengwasdb@a0656c0d073875c17088972b24cbb9568c0467a2	
GCST90809414	GCST90809414	warning		source		16.444	estimated_from_source_maf	16330646						20000	0.01	0.5	16.444	4.57916	opengwasdb@a0656c0d073875c17088972b24cbb9568c0467a2	
GCST90809415	GCST90809415	warning		source		23.9783	estimated_from_source_maf	16370978						20000	0.01	0.5	23.9783	6.89994	opengwasdb@a0656c0d073875c17088972b24cbb9568c0467a2	
GCST90809425	GCST90809425	passed		source		10.1739	estimated_from_source_maf	8870772						20000	0.01	0.5	10.1739	0.13615	opengwasdb@a0656c0d073875c17088972b24cbb9568c0467a2	
GCST90809426	GCST90809426	passed		source		11.8611	estimated_from_source_maf	8908410						20000	0.01	0.5	11.8611	0.162344	opengwasdb@a0656c0d073875c17088972b24cbb9568c0467a2	
GCST90809427	GCST90809427	passed		source		16.9091	estimated_from_source_maf	8895267						20000	0.01	0.5	16.9091	0.239998	opengwasdb@a0656c0d073875c17088972b24cbb9568c0467a2	
GCST90809464	GCST90809464	passed		source		0.999874	estimated_from_source_maf	6761653						20000	0.01	0.5	0.999874	0.00874905	opengwasdb@a0656c0d073875c17088972b24cbb9568c0467a2	
GCST90809802	GCST90809802	passed		source		0.595919	estimated_from_source_maf	13617763						20000	0.01	0.5	0.595919	0.000722603	opengwasdb@a0656c0d073875c17088972b24cbb9568c0467a2	
GCST90809803	GCST90809803	passed		source		0.629921	estimated_from_source_maf	10204136						20000	0.01	0.5	0.629921	0.069508	opengwasdb@a0656c0d073875c17088972b24cbb9568c0467a2	
GCST90809804	GCST90809804	passed		source		0.625468	estimated_from_source_maf	10199822						20000	0.01	0.5	0.625468	0.00248861	opengwasdb@a0656c0d073875c17088972b24cbb9568c0467a2	
GCST90809805	GCST90809805	skipped	non_quantitative_effect_scale				binary_trait								0.01	0.5			opengwasdb@a0656c0d073875c17088972b24cbb9568c0467a2	case-control effect scale; phenotype-SD estimation not applicable
GCST90809806	GCST90809806	passed		source		1.00396	estimated_from_source_maf	8732467						20000	0.01	0.5	1.00396	0.00302091	opengwasdb@a0656c0d073875c17088972b24cbb9568c0467a2	
GCST90809807	GCST90809807	skipped	non_quantitative_effect_scale				binary_trait								0.01	0.5			opengwasdb@a0656c0d073875c17088972b24cbb9568c0467a2	case-control effect scale; phenotype-SD estimation not applicable
GCST90809808	GCST90809808	skipped	non_quantitative_effect_scale				binary_trait								0.01	0.5			opengwasdb@a0656c0d073875c17088972b24cbb9568c0467a2	case-control effect scale; phenotype-SD estimation not applicable
GCST90809809	GCST90809809	skipped	non_quantitative_effect_scale				binary_trait								0.01	0.5			opengwasdb@a0656c0d073875c17088972b24cbb9568c0467a2	case-control effect scale; phenotype-SD estimation not applicable
GCST90809810	GCST90809810	passed		source		0.322197	estimated_from_source_maf	8744780						20000	0.01	0.5	0.322197	0.000339471	opengwasdb@a0656c0d073875c17088972b24cbb9568c0467a2	
GCST90809811	GCST90809811	passed		source		0.297653	estimated_from_source_maf	8679046						20000	0.01	0.5	0.297653	0.0110849	opengwasdb@a0656c0d073875c17088972b24cbb9568c0467a2	
GCST90809812	GCST90809812	passed		source		0.287251	estimated_from_source_maf	8900170						20000	0.01	0.5	0.287251	0.000939045	opengwasdb@a0656c0d073875c17088972b24cbb9568c0467a2	
GCST90809813	GCST90809813	skipped	non_quantitative_effect_scale				binary_trait								0.01	0.5			opengwasdb@a0656c0d073875c17088972b24cbb9568c0467a2	case-control effect scale; phenotype-SD estimation not applicable
GCST90809815	GCST90809815	passed		source		0.605157	estimated_from_source_maf	13618699						20000	0.01	0.5	0.605157	0.000735462	opengwasdb@a0656c0d073875c17088972b24cbb9568c0467a2	
GCST90809816	GCST90809816	passed		source		0.575782	estimated_from_source_maf	10195352						20000	0.01	0.5	0.575782	0.0487217	opengwasdb@a0656c0d073875c17088972b24cbb9568c0467a2	
GCST90809817	GCST90809817	passed		source		0.547425	estimated_from_source_maf	10199814						20000	0.01	0.5	0.547425	0.00216534	opengwasdb@a0656c0d073875c17088972b24cbb9568c0467a2	
GCST90809818	GCST90809818	skipped	non_quantitative_effect_scale				binary_trait								0.01	0.5			opengwasdb@a0656c0d073875c17088972b24cbb9568c0467a2	case-control effect scale; phenotype-SD estimation not applicable
GCST90809819	GCST90809819	passed		source		0.907399	estimated_from_source_maf	8734377						20000	0.01	0.5	0.907399	0.00219588	opengwasdb@a0656c0d073875c17088972b24cbb9568c0467a2	
GCST90809820	GCST90809820	skipped	non_quantitative_effect_scale				binary_trait								0.01	0.5			opengwasdb@a0656c0d073875c17088972b24cbb9568c0467a2	case-control effect scale; phenotype-SD estimation not applicable
GCST90809821	GCST90809821	passed		source		0.290078	estimated_from_source_maf	8744712						20000	0.01	0.5	0.290078	0.000311022	opengwasdb@a0656c0d073875c17088972b24cbb9568c0467a2	
GCST90809822	GCST90809822	passed		source		0.281518	estimated_from_source_maf	8679556						20000	0.01	0.5	0.281518	0.00891935	opengwasdb@a0656c0d073875c17088972b24cbb9568c0467a2	
GCST90809823	GCST90809823	passed		source		0.268769	estimated_from_source_maf	8900219						20000	0.01	0.5	0.268769	0.000886837	opengwasdb@a0656c0d073875c17088972b24cbb9568c0467a2	
GCST90809824	GCST90809824	passed		source		0.327742	estimated_from_source_maf	8744712						20000	0.01	0.5	0.327742	0.000346927	opengwasdb@a0656c0d073875c17088972b24cbb9568c0467a2	
GCST90809825	GCST90809825	passed		source		0.284237	estimated_from_source_maf	8679558						20000	0.01	0.5	0.284237	0.00791864	opengwasdb@a0656c0d073875c17088972b24cbb9568c0467a2	
GCST90809826	GCST90809826	passed		source		0.262472	estimated_from_source_maf	8900219						20000	0.01	0.5	0.262472	0.000857022	opengwasdb@a0656c0d073875c17088972b24cbb9568c0467a2	
GCST90809827	GCST90809827	passed		source		0.253727	estimated_from_source_maf	8744712						20000	0.01	0.5	0.253727	0.000266177	opengwasdb@a0656c0d073875c17088972b24cbb9568c0467a2	
GCST90809828	GCST90809828	passed		source		0.191997	estimated_from_source_maf	8679562						20000	0.01	0.5	0.191997	0.00973071	opengwasdb@a0656c0d073875c17088972b24cbb9568c0467a2	
GCST90809829	GCST90809829	passed		source		0.175184	estimated_from_source_maf	8900219						20000	0.01	0.5	0.175184	0.000571662	opengwasdb@a0656c0d073875c17088972b24cbb9568c0467a2	
GCST90809869	GCST90809869	skipped	non_quantitative_effect_scale				binary_trait								0.01	0.5			opengwasdb@a0656c0d073875c17088972b24cbb9568c0467a2	case-control effect scale; phenotype-SD estimation not applicable
GCST90809871	GCST90809871	skipped	non_quantitative_effect_scale				binary_trait								0.01	0.5			opengwasdb@a0656c0d073875c17088972b24cbb9568c0467a2	case-control effect scale; phenotype-SD estimation not applicable
GCST90809875	GCST90809875	skipped	non_quantitative_effect_scale				binary_trait								0.01	0.5			opengwasdb@a0656c0d073875c17088972b24cbb9568c0467a2	case-control effect scale; phenotype-SD estimation not applicable
GCST90809876	GCST90809876	skipped	non_quantitative_effect_scale				binary_trait								0.01	0.5			opengwasdb@a0656c0d073875c17088972b24cbb9568c0467a2	case-control effect scale; phenotype-SD estimation not applicable
GCST90809877	GCST90809877	skipped	non_quantitative_effect_scale				binary_trait								0.01	0.5			opengwasdb@a0656c0d073875c17088972b24cbb9568c0467a2	case-control effect scale; phenotype-SD estimation not applicable
GCST90824100	GCST90824100	skipped	non_quantitative_effect_scale				binary_trait								0.01	0.5			opengwasdb@a0656c0d073875c17088972b24cbb9568c0467a2	case-control effect scale; phenotype-SD estimation not applicable
GCST90824101	GCST90824101	skipped	non_quantitative_effect_scale				binary_trait								0.01	0.5			opengwasdb@a0656c0d073875c17088972b24cbb9568c0467a2	case-control effect scale; phenotype-SD estimation not applicable
GCST90824102	GCST90824102	skipped	non_quantitative_effect_scale				binary_trait								0.01	0.5			opengwasdb@a0656c0d073875c17088972b24cbb9568c0467a2	case-control effect scale; phenotype-SD estimation not applicable
GCST90824104	GCST90824104	passed		source		56.1091	estimated_from_source_maf	9168763						20000	0.01	0.5	56.1091	0.178407	opengwasdb@a0656c0d073875c17088972b24cbb9568c0467a2	
GCST90824105	GCST90824105	passed		source		0.0854911	estimated_from_source_maf	9168763						20000	0.01	0.5	0.0854911	0.000269821	opengwasdb@a0656c0d073875c17088972b24cbb9568c0467a2	
GCST90824106	GCST90824106	passed		source		35.2489	estimated_from_source_maf	9168763						20000	0.01	0.5	35.2489	0.118104	opengwasdb@a0656c0d073875c17088972b24cbb9568c0467a2	
GCST90824107	GCST90824107	passed		source		53.993	estimated_from_source_maf	9168763						20000	0.01	0.5	53.993	0.171697	opengwasdb@a0656c0d073875c17088972b24cbb9568c0467a2	
GCST90824163	GCST90824163	skipped	non_quantitative_effect_scale				binary_trait								0.01	0.5			opengwasdb@a0656c0d073875c17088972b24cbb9568c0467a2	case-control effect scale; phenotype-SD estimation not applicable
GCST90824165	GCST90824165	passed		source		1.41836	estimated_from_source_maf	17060135						20000	0.01	0.5	1.41836	0.376414	opengwasdb@a0656c0d073875c17088972b24cbb9568c0467a2	
GCST90827692	GCST90827692	passed		source		2.24011	estimated_from_source_maf	9784613						20000	0.01	0.5	2.24011	0.103106	opengwasdb@a0656c0d073875c17088972b24cbb9568c0467a2	
GCST90827693	GCST90827693	passed		source		2.27932	estimated_from_source_maf	9918886						20000	0.01	0.5	2.27932	0.151526	opengwasdb@a0656c0d073875c17088972b24cbb9568c0467a2	
GCST90832109	GCST90832109	skipped	non_quantitative_effect_scale				binary_trait								0.01	0.5			opengwasdb@a0656c0d073875c17088972b24cbb9568c0467a2	case-control effect scale; phenotype-SD estimation not applicable
GCST90832110	GCST90832110	skipped	non_quantitative_effect_scale				binary_trait								0.01	0.5			opengwasdb@a0656c0d073875c17088972b24cbb9568c0467a2	case-control effect scale; phenotype-SD estimation not applicable
GCST90832113	GCST90832113	skipped	non_quantitative_effect_scale				binary_trait								0.01	0.5			opengwasdb@a0656c0d073875c17088972b24cbb9568c0467a2	case-control effect scale; phenotype-SD estimation not applicable
GCST90832981	GCST90832981	skipped	non_quantitative_effect_scale				binary_trait								0.01	0.5			opengwasdb@a0656c0d073875c17088972b24cbb9568c0467a2	case-control effect scale; phenotype-SD estimation not applicable
GCST90832988	GCST90832988	skipped	non_quantitative_effect_scale				binary_trait								0.01	0.5			opengwasdb@a0656c0d073875c17088972b24cbb9568c0467a2	case-control effect scale; phenotype-SD estimation not applicable
GCST90832989	GCST90832989	passed		source		1.98967	estimated_from_source_maf	8563049						20000	0.01	0.5	1.98967	0.00742467	opengwasdb@a0656c0d073875c17088972b24cbb9568c0467a2	
GCST90832990	GCST90832990	passed		source		1.04877	estimated_from_source_maf	8563049						20000	0.01	0.5	1.04877	0.00657149	opengwasdb@a0656c0d073875c17088972b24cbb9568c0467a2	
GCST90832991	GCST90832991	passed		source		0.865164	estimated_from_source_maf	8563049						20000	0.01	0.5	0.865164	0.00340098	opengwasdb@a0656c0d073875c17088972b24cbb9568c0467a2	
GCST90832992	GCST90832992	passed		source		0.339768	estimated_from_source_maf	8563049						20000	0.01	0.5	0.339768	0.00106689	opengwasdb@a0656c0d073875c17088972b24cbb9568c0467a2	
GCST90832993	GCST90832993	passed		source		0.96719	estimated_from_source_maf	7184627						20000	0.01	0.5	0.96719	0.00342932	opengwasdb@a0656c0d073875c17088972b24cbb9568c0467a2	
GCST90832994	GCST90832994	passed		source		0.959597	estimated_from_source_maf	7139143						20000	0.01	0.5	0.959597	0.00196017	opengwasdb@a0656c0d073875c17088972b24cbb9568c0467a2	
GCST90833020	GCST90833020	passed		source		1.03998	estimated_from_source_maf	2966659						20000	0.01	0.5	1.03998	0.0225615	opengwasdb@a0656c0d073875c17088972b24cbb9568c0467a2	
GCST90833021	GCST90833021	passed		source		0.892951	estimated_from_source_maf	2966659						20000	0.01	0.5	0.892951	0.345544	opengwasdb@a0656c0d073875c17088972b24cbb9568c0467a2	
GCST90833023	GCST90833023	passed		source		1.00929	estimated_from_source_maf	8844496						20000	0.01	0.5	1.00929	0.0151744	opengwasdb@a0656c0d073875c17088972b24cbb9568c0467a2	
GCST90833024	GCST90833024	passed		source		1.00851	estimated_from_source_maf	8091253						20000	0.01	0.5	1.00851	0.0166368	opengwasdb@a0656c0d073875c17088972b24cbb9568c0467a2	
GCST90833026	GCST90833026	passed		source		1.02022	estimated_from_source_maf	9637318						20000	0.01	0.5	1.02022	0.0223088	opengwasdb@a0656c0d073875c17088972b24cbb9568c0467a2	
GCST90833057	GCST90833057	passed		source		0.936594	estimated_from_source_maf	10394278						20000	0.01	0.5	0.936594	0.00408753	opengwasdb@a0656c0d073875c17088972b24cbb9568c0467a2	
GCST90835923	GCST90835923	skipped	non_quantitative_effect_scale				binary_trait								0.01	0.5			opengwasdb@a0656c0d073875c17088972b24cbb9568c0467a2	case-control effect scale; phenotype-SD estimation not applicable
GCST90836767	GCST90836767	passed		source		0.163422	estimated_from_source_maf	8862490						20000	0.01	0.5	0.163422	0.00186074	opengwasdb@a0656c0d073875c17088972b24cbb9568c0467a2	
GCST90836768	GCST90836768	passed		source		0.0903181	estimated_from_source_maf	8862490						20000	0.01	0.5	0.0903181	0.00107238	opengwasdb@a0656c0d073875c17088972b24cbb9568c0467a2	
GCST90836769	GCST90836769	passed		source		0.194689	estimated_from_source_maf	8862490						20000	0.01	0.5	0.194689	0.00211443	opengwasdb@a0656c0d073875c17088972b24cbb9568c0467a2	
GCST90836770	GCST90836770	passed		source		0.16692	estimated_from_source_maf	9004398						20000	0.01	0.5	0.16692	0.00199247	opengwasdb@a0656c0d073875c17088972b24cbb9568c0467a2	
GCST90836771	GCST90836771	passed		source		0.206551	estimated_from_source_maf	8517228						20000	0.01	0.5	0.206551	0.00328987	opengwasdb@a0656c0d073875c17088972b24cbb9568c0467a2	
GCST90836772	GCST90836772	passed		source		0.255144	estimated_from_source_maf	8517228						20000	0.01	0.5	0.255144	0.00490297	opengwasdb@a0656c0d073875c17088972b24cbb9568c0467a2	
GCST90836773	GCST90836773	passed		source		0.203778	estimated_from_source_maf	8517228						20000	0.01	0.5	0.203778	0.00332866	opengwasdb@a0656c0d073875c17088972b24cbb9568c0467a2	
GCST90836774	GCST90836774	passed		source		0.428179	estimated_from_source_maf	8517395						20000	0.01	0.5	0.428179	0.00703763	opengwasdb@a0656c0d073875c17088972b24cbb9568c0467a2	
GCST90836775	GCST90836775	passed		source		0.320032	estimated_from_source_maf	8517228						20000	0.01	0.5	0.320032	0.00549481	opengwasdb@a0656c0d073875c17088972b24cbb9568c0467a2	
GCST90836776	GCST90836776	passed		source		0.119361	estimated_from_source_maf	8944051						20000	0.01	0.5	0.119361	0.00689611	opengwasdb@a0656c0d073875c17088972b24cbb9568c0467a2	
GCST90836777	GCST90836777	passed		source		0.466987	estimated_from_source_maf	8767783						20000	0.01	0.5	0.466987	0.00944626	opengwasdb@a0656c0d073875c17088972b24cbb9568c0467a2	
GCST90836778	GCST90836778	passed		source		0.260366	estimated_from_source_maf	8944051						20000	0.01	0.5	0.260366	0.00561633	opengwasdb@a0656c0d073875c17088972b24cbb9568c0467a2	
GCST90836779	GCST90836779	passed		source		0.399851	estimated_from_source_maf	8852084						20000	0.01	0.5	0.399851	0.00466976	opengwasdb@a0656c0d073875c17088972b24cbb9568c0467a2	
GCST90836780	GCST90836780	passed		source		0.440091	estimated_from_source_maf	8852084						20000	0.01	0.5	0.440091	0.00515526	opengwasdb@a0656c0d073875c17088972b24cbb9568c0467a2	
GCST90837174	GCST90837174	skipped	non_quantitative_effect_scale				binary_trait								0.01	0.5			opengwasdb@a0656c0d073875c17088972b24cbb9568c0467a2	case-control effect scale; phenotype-SD estimation not applicable
GCST90837175	GCST90837175	skipped	non_quantitative_effect_scale				binary_trait								0.01	0.5			opengwasdb@a0656c0d073875c17088972b24cbb9568c0467a2	case-control effect scale; phenotype-SD estimation not applicable
GCST90837176	GCST90837176	skipped	non_quantitative_effect_scale				binary_trait								0.01	0.5			opengwasdb@a0656c0d073875c17088972b24cbb9568c0467a2	case-control effect scale; phenotype-SD estimation not applicable
GCST90837177	GCST90837177	skipped	non_quantitative_effect_scale				binary_trait								0.01	0.5			opengwasdb@a0656c0d073875c17088972b24cbb9568c0467a2	case-control effect scale; phenotype-SD estimation not applicable
GCST90837178	GCST90837178	skipped	non_quantitative_effect_scale				binary_trait								0.01	0.5			opengwasdb@a0656c0d073875c17088972b24cbb9568c0467a2	case-control effect scale; phenotype-SD estimation not applicable
GCST90837179	GCST90837179	skipped	non_quantitative_effect_scale				binary_trait								0.01	0.5			opengwasdb@a0656c0d073875c17088972b24cbb9568c0467a2	case-control effect scale; phenotype-SD estimation not applicable
GCST90837180	GCST90837180	skipped	non_quantitative_effect_scale				binary_trait								0.01	0.5			opengwasdb@a0656c0d073875c17088972b24cbb9568c0467a2	case-control effect scale; phenotype-SD estimation not applicable
GCST90837181	GCST90837181	skipped	non_quantitative_effect_scale				binary_trait								0.01	0.5			opengwasdb@a0656c0d073875c17088972b24cbb9568c0467a2	case-control effect scale; phenotype-SD estimation not applicable
GCST90837182	GCST90837182	skipped	non_quantitative_effect_scale				binary_trait								0.01	0.5			opengwasdb@a0656c0d073875c17088972b24cbb9568c0467a2	case-control effect scale; phenotype-SD estimation not applicable
GCST90837183	GCST90837183	skipped	non_quantitative_effect_scale				binary_trait								0.01	0.5			opengwasdb@a0656c0d073875c17088972b24cbb9568c0467a2	case-control effect scale; phenotype-SD estimation not applicable
GCST90837184	GCST90837184	skipped	non_quantitative_effect_scale				binary_trait								0.01	0.5			opengwasdb@a0656c0d073875c17088972b24cbb9568c0467a2	case-control effect scale; phenotype-SD estimation not applicable
GCST90837185	GCST90837185	skipped	non_quantitative_effect_scale				binary_trait								0.01	0.5			opengwasdb@a0656c0d073875c17088972b24cbb9568c0467a2	case-control effect scale; phenotype-SD estimation not applicable
GCST90837186	GCST90837186	skipped	non_quantitative_effect_scale				binary_trait								0.01	0.5			opengwasdb@a0656c0d073875c17088972b24cbb9568c0467a2	case-control effect scale; phenotype-SD estimation not applicable
GCST90837187	GCST90837187	skipped	non_quantitative_effect_scale				binary_trait								0.01	0.5			opengwasdb@a0656c0d073875c17088972b24cbb9568c0467a2	case-control effect scale; phenotype-SD estimation not applicable
GCST90837188	GCST90837188	skipped	non_quantitative_effect_scale				binary_trait								0.01	0.5			opengwasdb@a0656c0d073875c17088972b24cbb9568c0467a2	case-control effect scale; phenotype-SD estimation not applicable
GCST90837189	GCST90837189	skipped	non_quantitative_effect_scale				binary_trait								0.01	0.5			opengwasdb@a0656c0d073875c17088972b24cbb9568c0467a2	case-control effect scale; phenotype-SD estimation not applicable
GCST90837190	GCST90837190	skipped	non_quantitative_effect_scale				binary_trait								0.01	0.5			opengwasdb@a0656c0d073875c17088972b24cbb9568c0467a2	case-control effect scale; phenotype-SD estimation not applicable
GCST90837191	GCST90837191	skipped	non_quantitative_effect_scale				binary_trait								0.01	0.5			opengwasdb@a0656c0d073875c17088972b24cbb9568c0467a2	case-control effect scale; phenotype-SD estimation not applicable
GCST90837192	GCST90837192	skipped	non_quantitative_effect_scale				binary_trait								0.01	0.5			opengwasdb@a0656c0d073875c17088972b24cbb9568c0467a2	case-control effect scale; phenotype-SD estimation not applicable
GCST90837193	GCST90837193	skipped	non_quantitative_effect_scale				binary_trait								0.01	0.5			opengwasdb@a0656c0d073875c17088972b24cbb9568c0467a2	case-control effect scale; phenotype-SD estimation not applicable
GCST90837194	GCST90837194	skipped	non_quantitative_effect_scale				binary_trait								0.01	0.5			opengwasdb@a0656c0d073875c17088972b24cbb9568c0467a2	case-control effect scale; phenotype-SD estimation not applicable
GCST90837195	GCST90837195	skipped	non_quantitative_effect_scale				binary_trait								0.01	0.5			opengwasdb@a0656c0d073875c17088972b24cbb9568c0467a2	case-control effect scale; phenotype-SD estimation not applicable
GCST90837196	GCST90837196	skipped	non_quantitative_effect_scale				binary_trait								0.01	0.5			opengwasdb@a0656c0d073875c17088972b24cbb9568c0467a2	case-control effect scale; phenotype-SD estimation not applicable
GCST90837197	GCST90837197	skipped	non_quantitative_effect_scale				binary_trait								0.01	0.5			opengwasdb@a0656c0d073875c17088972b24cbb9568c0467a2	case-control effect scale; phenotype-SD estimation not applicable
GCST90837198	GCST90837198	skipped	non_quantitative_effect_scale				binary_trait								0.01	0.5			opengwasdb@a0656c0d073875c17088972b24cbb9568c0467a2	case-control effect scale; phenotype-SD estimation not applicable
GCST90837199	GCST90837199	skipped	non_quantitative_effect_scale				binary_trait								0.01	0.5			opengwasdb@a0656c0d073875c17088972b24cbb9568c0467a2	case-control effect scale; phenotype-SD estimation not applicable
GCST90837200	GCST90837200	skipped	non_quantitative_effect_scale				binary_trait								0.01	0.5			opengwasdb@a0656c0d073875c17088972b24cbb9568c0467a2	case-control effect scale; phenotype-SD estimation not applicable
GCST90837201	GCST90837201	skipped	non_quantitative_effect_scale				binary_trait								0.01	0.5			opengwasdb@a0656c0d073875c17088972b24cbb9568c0467a2	case-control effect scale; phenotype-SD estimation not applicable
GCST90837202	GCST90837202	skipped	non_quantitative_effect_scale				binary_trait								0.01	0.5			opengwasdb@a0656c0d073875c17088972b24cbb9568c0467a2	case-control effect scale; phenotype-SD estimation not applicable
GCST90837203	GCST90837203	skipped	non_quantitative_effect_scale				binary_trait								0.01	0.5			opengwasdb@a0656c0d073875c17088972b24cbb9568c0467a2	case-control effect scale; phenotype-SD estimation not applicable
GCST90838601	GCST90838601	skipped	non_quantitative_effect_scale				binary_trait								0.01	0.5			opengwasdb@a0656c0d073875c17088972b24cbb9568c0467a2	case-control effect scale; phenotype-SD estimation not applicable
GCST90838602	GCST90838602	skipped	non_quantitative_effect_scale				binary_trait								0.01	0.5			opengwasdb@a0656c0d073875c17088972b24cbb9568c0467a2	case-control effect scale; phenotype-SD estimation not applicable
GCST90838647	GCST90838647	skipped	non_quantitative_effect_scale				binary_trait								0.01	0.5			opengwasdb@a0656c0d073875c17088972b24cbb9568c0467a2	case-control effect scale; phenotype-SD estimation not applicable
GCST90838648	GCST90838648	skipped	non_quantitative_effect_scale				binary_trait								0.01	0.5			opengwasdb@a0656c0d073875c17088972b24cbb9568c0467a2	case-control effect scale; phenotype-SD estimation not applicable
GCST90838655	GCST90838655	passed		source		22.2157	estimated_from_source_maf	7868167						20000	0.01	0.5	22.2157	0.088282	opengwasdb@a0656c0d073875c17088972b24cbb9568c0467a2	
GCST90838656	GCST90838656	passed		source		21.2153	estimated_from_source_maf	7854654						20000	0.01	0.5	21.2153	0.0906653	opengwasdb@a0656c0d073875c17088972b24cbb9568c0467a2	
GCST90838657	GCST90838657	passed		source		22.8878	estimated_from_source_maf	7903344						20000	0.01	0.5	22.8878	0.105169	opengwasdb@a0656c0d073875c17088972b24cbb9568c0467a2	
GCST90838658	GCST90838658	passed		source		12.0271	estimated_from_source_maf	7868167						20000	0.01	0.5	12.0271	0.0498332	opengwasdb@a0656c0d073875c17088972b24cbb9568c0467a2	
GCST90838659	GCST90838659	passed		source		12.3067	estimated_from_source_maf	7854654						20000	0.01	0.5	12.3067	0.05434	opengwasdb@a0656c0d073875c17088972b24cbb9568c0467a2	
GCST90838660	GCST90838660	passed		source		10.9374	estimated_from_source_maf	7903344						20000	0.01	0.5	10.9374	0.0492402	opengwasdb@a0656c0d073875c17088972b24cbb9568c0467a2	
GCST90838733	GCST90838733	skipped	non_quantitative_effect_scale				binary_trait								0.01	0.5			opengwasdb@a0656c0d073875c17088972b24cbb9568c0467a2	case-control effect scale; phenotype-SD estimation not applicable
GCST90840657	GCST90840657	passed		source		0.456139	estimated_from_source_maf	8377355						20000	0.01	0.5	0.456139	0.0068268	opengwasdb@a0656c0d073875c17088972b24cbb9568c0467a2	
GCST90841074	GCST90841074	skipped	non_quantitative_effect_scale				binary_trait								0.01	0.5			opengwasdb@a0656c0d073875c17088972b24cbb9568c0467a2	case-control effect scale; phenotype-SD estimation not applicable
GCST90841457	GCST90841457	skipped	non_quantitative_effect_scale				binary_trait								0.01	0.5			opengwasdb@a0656c0d073875c17088972b24cbb9568c0467a2	case-control effect scale; phenotype-SD estimation not applicable
GCST90841459	GCST90841459	passed		source		0.553551	estimated_from_source_maf	8900039						20000	0.01	0.5	0.553551	0.0132192	opengwasdb@a0656c0d073875c17088972b24cbb9568c0467a2	
GCST90841461	GCST90841461	passed		source		1.49907	estimated_from_source_maf	8829030						20000	0.01	0.5	1.49907	0.052355	opengwasdb@a0656c0d073875c17088972b24cbb9568c0467a2	
GCST90841463	GCST90841463	passed		source		1.26788	estimated_from_source_maf	8614052						20000	0.01	0.5	1.26788	0.0353913	opengwasdb@a0656c0d073875c17088972b24cbb9568c0467a2	
GCST90841465	GCST90841465	passed		source		0.464249	estimated_from_source_maf	8742542						20000	0.01	0.5	0.464249	0.00701654	opengwasdb@a0656c0d073875c17088972b24cbb9568c0467a2	
GCST90841466	GCST90841466	skipped	non_quantitative_effect_scale				binary_trait								0.01	0.5			opengwasdb@a0656c0d073875c17088972b24cbb9568c0467a2	case-control effect scale; phenotype-SD estimation not applicable
GCST90841467	GCST90841467	passed		source		0.546506	estimated_from_source_maf	8096991						20000	0.01	0.5	0.546506	0.00776355	opengwasdb@a0656c0d073875c17088972b24cbb9568c0467a2	
GCST90841468	GCST90841468	passed		source		1.91787	estimated_from_source_maf	8539124						20000	0.01	0.5	1.91787	0.0693766	opengwasdb@a0656c0d073875c17088972b24cbb9568c0467a2	
GCST90841469	GCST90841469	passed		source		1.62412	estimated_from_source_maf	8217403						20000	0.01	0.5	1.62412	0.0532667	opengwasdb@a0656c0d073875c17088972b24cbb9568c0467a2	
GCST90859373	GCST90859373	skipped	non_quantitative_effect_scale				binary_trait								0.01	0.5			opengwasdb@a0656c0d073875c17088972b24cbb9568c0467a2	case-control effect scale; phenotype-SD estimation not applicable
GCST90859374	GCST90859374	skipped	non_quantitative_effect_scale				binary_trait								0.01	0.5			opengwasdb@a0656c0d073875c17088972b24cbb9568c0467a2	case-control effect scale; phenotype-SD estimation not applicable
GCST90859375	GCST90859375	skipped	non_quantitative_effect_scale				binary_trait								0.01	0.5			opengwasdb@a0656c0d073875c17088972b24cbb9568c0467a2	case-control effect scale; phenotype-SD estimation not applicable
GCST90859376	GCST90859376	skipped	non_quantitative_effect_scale				binary_trait								0.01	0.5			opengwasdb@a0656c0d073875c17088972b24cbb9568c0467a2	case-control effect scale; phenotype-SD estimation not applicable
GCST90859377	GCST90859377	skipped	non_quantitative_effect_scale				binary_trait								0.01	0.5			opengwasdb@a0656c0d073875c17088972b24cbb9568c0467a2	case-control effect scale; phenotype-SD estimation not applicable
GCST90859379	GCST90859379	skipped	non_quantitative_effect_scale				binary_trait								0.01	0.5			opengwasdb@a0656c0d073875c17088972b24cbb9568c0467a2	case-control effect scale; phenotype-SD estimation not applicable
