trait_label	confidence	runner_up_margin	runner_up_id	runner_up_label	probabilities	chooser_id	chooser_version	ontology_release	recorded_at
beef intake	0.990000	0.980000	EFO:0010810	protein intake measurement	{"EFO:0003939":0.0,"EFO:0005183":0.0,"EFO:0009374":0.0,"EFO:0010809":0.0,"EFO:0010810":0.01,"EFO:0020078":0.0,"EFO:0020079":0.0,"EFO:0020084":0.0,"EFO:0020088":0.0,"EFO:0020897":0.0,"none_suitable":0.99}	jev	jev-1.13.0	efo/v3.94.0	2026-09-28
dried fruit intake	1.000000	1.000000	EFO:0020897	citrus intake measurement	{"EFO:0003939":0.0,"EFO:0009374":0.0,"EFO:0010158":0.0,"EFO:0010811":0.0,"EFO:0020077":0.0,"EFO:0020080":0.0,"EFO:0020082":0.0,"EFO:0020086":0.0,"EFO:0020088":0.0,"EFO:0020897":0.0,"none_suitable":1.0}	jev	jev-1.13.0	efo/v3.94.0	2026-09-28
number of correct matches in round	1.000000	1.000000	CL:0002015	Kit-negative, Ly-76 high polychromatophilic erythroblast	{"CL:0002015":0.0,"CL:0002017":0.0,"CL:0002019":0.0,"EFO:0000627":0.0,"EFO:0004368":0.0,"EFO:0004863":0.0,"EFO:0009438":0.0,"EFO:0009713":0.0,"EFO:0009722":0.0,"EFO:0020949":0.0,"none_suitable":1.0}	jev	jev-1.13.0	efo/v3.94.0	2026-09-28
number of incorrect matches in round	1.000000	1.000000	EFO:0000627	number of injections	{"BTO:0001093":0.0,"CL:0002015":0.0,"CL:0002017":0.0,"EFO:0000627":0.0,"EFO:0004368":0.0,"EFO:0009438":0.0,"EFO:0009713":0.0,"EFO:0009722":0.0,"MONDO:0100404":0.0,"PO:0007113":0.0,"none_suitable":1.0}	jev	jev-1.13.0	efo/v3.94.0	2026-09-28
pork intake	1.000000	1.000000	EFO:0009374	energy intake measurement	{"EFO:0003939":0.0,"EFO:0007678":0.0,"EFO:0008355":0.0,"EFO:0009374":0.0,"EFO:0010809":0.0,"EFO:0010810":0.0,"EFO:0020081":0.0,"EFO:0020087":0.0,"EFO:0020088":0.0,"EFO:0020091":0.0,"none_suitable":1.0}	jev	jev-1.13.0	efo/v3.94.0	2026-09-28
poultry intake	0.990000	0.980000	EFO:0020897	citrus intake measurement	{"EFO:0003939":0.0,"EFO:0006521":0.0,"EFO:0008539":0.0,"EFO:0009374":0.0,"EFO:0010810":0.0,"EFO:0020077":0.0,"EFO:0020081":0.0,"EFO:0020087":0.0,"EFO:0020088":0.0,"EFO:0020897":0.01,"none_suitable":0.99}	jev	jev-1.13.0	efo/v3.94.0	2026-09-28
3mm cylindrical power (left)	1.000000	1.000000	OBA:VT0004063	left atrium capacity	{"EFO:0001083":0.0,"EFO:0001658":0.0,"EFO:0001715":0.0,"EFO:0002238":0.0,"EFO:0004294":0.0,"EFO:0004295":0.0,"EFO:0004387":0.0,"EFO:0006793":0.0,"OBA:VT0004063":0.0,"UBERON:0002084":0.0,"none_suitable":1.0}	jev	jev-1.13.0	efo/v3.94.0	2026-09-28
3mm cylindrical power (right)	0.990000	0.980000	EFO:0001659	right	{"EFO:0001083":0.0,"EFO:0001659":0.01,"EFO:0001715":0.0,"EFO:0020939":0.0,"MONDO:0008058":0.0,"OBA:2045228":0.0,"OBI:0400106":0.0,"OBI:0400118":0.0,"UBERON:0002078":0.0,"UBERON:0002080":0.0,"none_suitable":0.99}	jev	jev-1.13.0	efo/v3.94.0	2026-09-28
3mm cylindrical power angle (left)	1.000000	1.000000	UO:0000121	angle unit	{"EFO:0001658":0.0,"EFO:0001715":0.0,"EFO:0002238":0.0,"EFO:0004294":0.0,"EFO:0004295":0.0,"OBA:VT0004063":0.0,"UBERON:0002084":0.0,"UBERON:2001156":0.0,"UO:0000121":0.0,"UO:0000185":0.0,"none_suitable":1.0}	jev	jev-1.13.0	efo/v3.94.0	2026-09-28
3mm cylindrical power angle (right)	0.990000	0.980000	EFO:0020071	alpha angle measurement	{"EFO:0001659":0.0,"EFO:0001715":0.0,"EFO:0020071":0.01,"EFO:0020097":0.0,"OBA:2050011":0.0,"UBERON:0002078":0.0,"UBERON:0002080":0.0,"UBERON:2001156":0.0,"UO:0000121":0.0,"UO:0000185":0.0,"none_suitable":0.99}	jev	jev-1.13.0	efo/v3.94.0	2026-09-28
3mm regularity index (left)	0.920000	0.880000	EFO:0008205	left ventricular structural measurement	{"EFO:0001658":0.0,"EFO:0008204":0.0,"EFO:0008205":0.04,"EFO:0008399":0.01,"EFO:0009289":0.0,"EFO:0009290":0.0,"EFO:0009804":0.0,"EFO:0020938":0.01,"EFO:0920012":0.0,"HP:0030682":0.02,"none_suitable":0.92}	jev	jev-1.13.0	efo/v3.94.0	2026-09-28
3mm regularity index (right)	0.970000	0.960000	EFO:0021824	right atrial fractional area change measurement	{"EFO:0001659":0.01,"EFO:0006929":0.0,"EFO:0009804":0.0,"EFO:0020938":0.0,"EFO:0021814":0.0,"EFO:0021817":0.0,"EFO:0021821":0.0,"EFO:0021823":0.0,"EFO:0021824":0.01,"EFO:0920103":0.01,"none_suitable":0.97}	jev	jev-1.13.0	efo/v3.94.0	2026-09-28
3mm strong meridian (left)	0.940000	0.910000	EFO:0001658	left	{"EFO:0001010":0.03,"EFO:0001658":0.03,"EFO:0004294":0.0,"EFO:0004295":0.0,"OBA:2050252":0.0,"OBA:2050280":0.0,"OBA:2050317":0.0,"PO:0007080":0.0,"UBERON:0002079":0.0,"UBERON:0002084":0.0,"none_suitable":0.9400000000000001}	jev	jev-1.13.0	efo/v3.94.0	2026-09-28
3mm strong meridian (right)	0.880000	0.810000	EFO:0001659	right	{"EFO:0001659":0.07,"EFO:0020939":0.0,"EFO:0022608":0.0,"EFO:0920002":0.05,"OBA:2050252":0.0,"OBA:2050317":0.0,"PO:0007080":0.0,"UBERON:0002078":0.0,"UBERON:0002080":0.0,"UBERON:0005573":0.0,"none_suitable":0.88}	jev	jev-1.13.0	efo/v3.94.0	2026-09-28
3mm strong meridian angle (left)	0.970000	0.960000	UO:0000121	angle unit	{"EFO:0001010":0.0,"EFO:0001658":0.01,"EFO:0004294":0.0,"EFO:0004295":0.01,"OBA:2045359":0.0,"OBA:2050317":0.0,"PO:0007080":0.0,"UBERON:0002084":0.0,"UBERON:0005573":0.0,"UO:0000121":0.01,"none_suitable":0.97}	jev	jev-1.13.0	efo/v3.94.0	2026-09-28
3mm strong meridian angle (right)	0.920000	0.880000	EFO:0020097	QRS-T angle	{"EFO:0001659":0.01,"EFO:0020071":0.02,"EFO:0020097":0.04,"OBA:2050317":0.0,"PO:0007080":0.0,"UBERON:0002078":0.0,"UBERON:0002080":0.0,"UBERON:0005573":0.0,"UBERON:2001280":0.0,"UO:0000121":0.01,"none_suitable":0.92}	jev	jev-1.13.0	efo/v3.94.0	2026-09-28
3mm weak meridian (left)	0.960000	0.930000	EFO:0001658	left	{"EFO:0001658":0.03,"EFO:0004294":0.0,"EFO:0004295":0.01,"FBbt:00005544":0.0,"OBA:2057370":0.0,"OBA:2059007":0.0,"OBA:2059188":0.0,"OBA:2081748":0.0,"UBERON:0002079":0.0,"UBERON:0002084":0.0,"none_suitable":0.96}	jev	jev-1.13.0	efo/v3.94.0	2026-09-28
3mm weak meridian (right)	0.970000	0.940000	EFO:0001659	right	{"EFO:0001659":0.03,"EFO:0020939":0.0,"EFO:0022608":0.0,"FBbt:00005544":0.0,"HP:0012747":0.0,"OBA:2081748":0.0,"PO:0007080":0.0,"UBERON:0002078":0.0,"UBERON:0002080":0.0,"UBERON:0005573":0.0,"none_suitable":0.97}	jev	jev-1.13.0	efo/v3.94.0	2026-09-28
3mm weak meridian angle (left)	0.970000	0.950000	EFO:0001658	left	{"EFO:0001658":0.02,"EFO:0004294":0.0,"EFO:0004295":0.0,"OBA:2057303":0.0,"OBA:2057370":0.0,"OBA:2059007":0.0,"OBA:2059829":0.0,"PO:0007080":0.0,"UBERON:0002084":0.0,"UO:0000121":0.01,"none_suitable":0.97}	jev	jev-1.13.0	efo/v3.94.0	2026-09-28
3mm weak meridian angle (right)	0.970000	0.950000	EFO:0020071	alpha angle measurement	{"EFO:0001659":0.01,"EFO:0020071":0.02,"HP:0012803":0.0,"OBA:1000197":0.0,"OBA:2057851":0.0,"OBA:2059829":0.0,"PO:0007080":0.0,"UBERON:0002078":0.0,"UBERON:0002080":0.0,"UO:0000121":0.0,"none_suitable":0.97}	jev	jev-1.13.0	efo/v3.94.0	2026-09-28
6mm cylindrical power (left)	0.990000	0.980000	EFO:0001658	left	{"EFO:0001083":0.0,"EFO:0001658":0.01,"EFO:0002238":0.0,"EFO:0004294":0.0,"EFO:0004295":0.0,"EFO:0004387":0.0,"OBA:VT0004063":0.0,"OBI:0400106":0.0,"OBI:0400112":0.0,"UBERON:0002084":0.0,"none_suitable":0.99}	jev	jev-1.13.0	efo/v3.94.0	2026-09-28
6mm cylindrical power (right)	0.990000	0.980000	EFO:0001659	right	{"EFO:0001659":0.01,"EFO:0004387":0.0,"EFO:0020939":0.0,"EFO:0920056":0.0,"MONDO:0008058":0.0,"OBA:2045228":0.0,"OBI:0400106":0.0,"OBI:0400118":0.0,"UBERON:0002078":0.0,"UBERON:0002080":0.0,"none_suitable":0.99}	jev	jev-1.13.0	efo/v3.94.0	2026-09-28
6mm cylindrical power angle (left)	0.990000	0.980000	UO:0000185	degree	{"EFO:0001658":0.0,"EFO:0002238":0.0,"EFO:0004294":0.0,"EFO:0004295":0.0,"OBA:2050011":0.0,"OBA:VT0004063":0.0,"UBERON:0002084":0.0,"UBERON:2001156":0.0,"UO:0000121":0.0,"UO:0000185":0.01,"none_suitable":0.99}	jev	jev-1.13.0	efo/v3.94.0	2026-09-28
6mm cylindrical power angle (right)	0.990000	0.980000	EFO:0001659	right	{"EFO:0001659":0.01,"EFO:0020071":0.0,"EFO:0020097":0.0,"OBA:2045280":0.0,"OBA:2050011":0.0,"UBERON:0002078":0.0,"UBERON:0002080":0.0,"UBERON:2001156":0.0,"UO:0000121":0.0,"UO:0000185":0.0,"none_suitable":0.99}	jev	jev-1.13.0	efo/v3.94.0	2026-09-28
6mm regularity index (left)	0.860000	0.780000	EFO:0008205	left ventricular structural measurement	{"EFO:0001658":0.0,"EFO:0004298":0.01,"EFO:0006340":0.0,"EFO:0006929":0.0,"EFO:0008205":0.08,"EFO:0009289":0.0,"EFO:0009290":0.0,"EFO:0009804":0.0,"EFO:0020938":0.04,"EFO:0803376":0.01,"none_suitable":0.86}	jev	jev-1.13.0	efo/v3.94.0	2026-09-28
6mm regularity index (right)	0.970000	0.950000	EFO:0020938	left ventricle sphericity index	{"EFO:0001659":0.01,"EFO:0006929":0.0,"EFO:0009804":0.0,"EFO:0020938":0.02,"EFO:0020939":0.0,"EFO:0021814":0.0,"EFO:0021815":0.0,"EFO:0021817":0.0,"EFO:0021823":0.0,"EFO:0021824":0.0,"none_suitable":0.97}	jev	jev-1.13.0	efo/v3.94.0	2026-09-28
6mm strong meridian (left)	0.960000	0.940000	EFO:0001658	left	{"EFO:0001010":0.0,"EFO:0001658":0.02,"EFO:0002829":0.0,"EFO:0004294":0.0,"EFO:0004295":0.01,"OBA:2050252":0.0,"OBA:2050256":0.0,"UBERON:0002079":0.0,"UBERON:0002084":0.0,"UBERON:0005582":0.01,"none_suitable":0.96}	jev	jev-1.13.0	efo/v3.94.0	2026-09-28
6mm strong meridian (right)	0.930000	0.870000	EFO:0001659	right	{"EFO:0001659":0.06,"EFO:0002829":0.0,"EFO:0020939":0.0,"EFO:0022608":0.0,"HP:0005168":0.0,"OBA:2050252":0.0,"UBERON:0002078":0.0,"UBERON:0002080":0.0,"UBERON:0005566":0.0,"UBERON:0005582":0.01,"none_suitable":0.93}	jev	jev-1.13.0	efo/v3.94.0	2026-09-28
6mm strong meridian angle (left)	0.960000	0.930000	EFO:0004295	left ventricular function	{"EFO:0001010":0.0,"EFO:0001018":0.0,"EFO:0001658":0.0,"EFO:0002238":0.0,"EFO:0004294":0.0,"EFO:0004295":0.03,"OBA:1000996":0.0,"UBERON:0002084":0.0,"UBERON:2001156":0.0,"UO:0000121":0.01,"none_suitable":0.96}	jev	jev-1.13.0	efo/v3.94.0	2026-09-28
6mm strong meridian angle (right)	0.950000	0.930000	EFO:0020071	alpha angle measurement	{"EFO:0001659":0.01,"EFO:0002829":0.0,"EFO:0020071":0.02,"EFO:0020097":0.02,"UBERON:0002078":0.0,"UBERON:0002080":0.0,"UBERON:0005582":0.0,"UBERON:2001156":0.0,"UO:0000121":0.0,"UO:0000185":0.0,"none_suitable":0.95}	jev	jev-1.13.0	efo/v3.94.0	2026-09-28
6mm weak meridian (left)	0.950000	0.930000	EFO:0001658	left	{"EFO:0001010":0.01,"EFO:0001018":0.01,"EFO:0001658":0.02,"EFO:0004294":0.0,"EFO:0004295":0.01,"FBbt:00005544":0.0,"FBbt:00005618":0.0,"OBA:2081748":0.0,"UBERON:0002079":0.0,"UBERON:0002084":0.0,"none_suitable":0.95}	jev	jev-1.13.0	efo/v3.94.0	2026-09-28
6mm weak meridian (right)	0.950000	0.910000	EFO:0001659	right	{"EFO:0001229":0.0,"EFO:0001230":0.0,"EFO:0001659":0.04,"EFO:0020939":0.0,"EFO:0022608":0.0,"FBbt:00005544":0.0,"UBERON:0002078":0.0,"UBERON:0002080":0.0,"UBERON:0005566":0.0,"UBERON:0005582":0.01,"none_suitable":0.95}	jev	jev-1.13.0	efo/v3.94.0	2026-09-28
6mm weak meridian angle (left)	0.970000	0.960000	EFO:0001658	left	{"EFO:0001658":0.01,"EFO:0004294":0.0,"EFO:0004295":0.0,"EFO:0007906":0.0,"HP:0012803":0.01,"MONDO:0012033":0.0,"OBA:1000197":0.01,"OBA:2059352":0.0,"UBERON:0002084":0.0,"UO:0000121":0.0,"none_suitable":0.97}	jev	jev-1.13.0	efo/v3.94.0	2026-09-28
6mm weak meridian angle (right)	0.939394	0.898990	HP:0005446	Obtuse angle of mandible	{"EFO:0001659":0.0101010101010101,"EFO:0007906":0.0,"EFO:0020071":0.0101010101010101,"HP:0005446":0.0404040404040404,"HP:0012803":0.0,"MONDO:0012033":0.0,"OBA:1000197":0.0,"UBERON:0002078":0.0,"UBERON:0002080":0.0,"UO:0000121":0.0,"none_suitable":0.9393939393939393}	jev	jev-1.13.0	efo/v3.94.0	2026-09-28
able to confide	0.920000	0.840000	EFO:0007914	openness measurement	{"ECTO:0000001":0.0,"ECTO:0000530":0.0,"ECTO:0000724":0.0,"ECTO:0000726":0.0,"EFO:0004317":0.0,"EFO:0004823":0.0,"EFO:0007914":0.08,"EFO:0009720":0.0,"HP:0040082":0.0,"HP:0100024":0.0,"none_suitable":0.92}	jev	jev-1.13.0	efo/v3.94.0	2026-09-28
added milk to espresso	0.980000	0.960000	OBA:VT0015043	milk amount	{"ECTO:0000001":0.0,"ECTO:0000530":0.0,"ECTO:0000724":0.0,"ECTO:0000726":0.0,"EFO:0007019":0.0,"EFO:0007369":0.0,"EFO:0022598":0.0,"HP:0100829":0.0,"OBA:VT0015043":0.02,"UBERON:0001913":0.0,"none_suitable":0.98}	jev	jev-1.13.0	efo/v3.94.0	2026-09-28
added milk to filtered coffee	0.900000	0.850000	EFO:0006781	coffee consumption measurement	{"ECTO:0000001":0.0,"ECTO:0000530":0.0,"EFO:0004330":0.04,"EFO:0006781":0.05,"EFO:0007019":0.0,"EFO:0007369":0.0,"EFO:0022598":0.0,"NCBITaxon:13442":0.0,"OBA:VT0015043":0.01,"UBERON:0001913":0.0,"none_suitable":0.9}	jev	jev-1.13.0	efo/v3.94.0	2026-09-28
added milk to instant coffee	0.900000	0.840000	EFO:0006781	coffee consumption measurement	{"ECTO:0000001":0.0,"ECTO:0000530":0.0,"EFO:0004330":0.03,"EFO:0006781":0.060000000000000005,"EFO:0007019":0.0,"EFO:0007369":0.0,"EFO:0022598":0.0,"NCBITaxon:13442":0.0,"OBA:VT0015043":0.01,"UBERON:0001913":0.0,"none_suitable":0.9}	jev	jev-1.13.0	efo/v3.94.0	2026-09-28
added milk to rooibos tea	0.970000	0.950000	OBA:VT0015043	milk amount	{"ECTO:0000001":0.0,"ECTO:0000530":0.0,"ECTO:0000724":0.0,"ECTO:0000726":0.0,"EFO:0007019":0.0,"EFO:0007369":0.0,"EFO:0022598":0.0,"NCBITaxon:3993":0.0,"OBA:VT0015043":0.02,"UBERON:0001913":0.01,"none_suitable":0.97}	jev	jev-1.13.0	efo/v3.94.0	2026-09-28
adopted as a child	1.000000	1.000000	UBERON:0034919	juvenile stage	{"EFO:0002755":0.0,"EFO:0009633":0.0,"EFO:0022514":0.0,"GO:0022414":0.0,"MONDO:0014903":0.0,"Orphanet:102010":0.0,"Orphanet:98638":0.0,"PR:000009888":0.0,"PR:000014510":0.0,"UBERON:0034919":0.0,"none_suitable":1.0}	jev	jev-1.13.0	efo/v3.94.0	2026-09-28
age at last live birth	0.950000	0.920000	EFO:0009101	age at first birth measurement	{"EFO:0004703":0.0,"EFO:0004704":0.0,"EFO:0004847":0.0,"EFO:0005056":0.0,"EFO:0008007":0.0,"EFO:0009101":0.03,"EFO:0009440":0.02,"EFO:0009716":0.0,"EFO:0009721":0.0,"EFO:0009749":0.0,"none_suitable":0.95}	jev	jev-1.13.0	efo/v3.94.0	2026-09-28
age completed full time education	0.980000	0.970000	EFO:0000246	age	{"EFO:0000246":0.01,"EFO:0004703":0.0,"EFO:0004704":0.0,"EFO:0004847":0.0,"EFO:0005112":0.0,"EFO:0008007":0.01,"EFO:0009440":0.0,"EFO:0010602":0.0,"EFO:0021781":0.0,"HP:0003674":0.0,"none_suitable":0.98}	jev	jev-1.13.0	efo/v3.94.0	2026-09-28
age last used hormone-replacement therapy (hrt)	0.920000	0.840000	EFO:0021780	age at initiation of hormone replacement therapy	{"EFO:0000246":0.0,"EFO:0003961":0.0,"EFO:0004704":0.0,"EFO:0007613":0.0,"EFO:0009440":0.0,"EFO:0021780":0.08,"MONDO:0001119":0.0,"MONDO:0013732":0.0,"MONDO:0019851":0.0,"OBA:VT0002903":0.0,"none_suitable":0.92}	jev	jev-1.13.0	efo/v3.94.0	2026-09-28
age of stopping smoking	0.890000	0.790000	EFO:0004319	smoking cessation	{"EFO:0004318":0.0,"EFO:0004319":0.1,"EFO:0005670":0.0,"EFO:0021780":0.0,"EFO:0021784":0.01,"EFO:0021785":0.0,"HP:0003674":0.0,"OBA:2001001":0.0,"OBA:2040153":0.0,"OBA:2050116":0.0,"none_suitable":0.89}	jev	jev-1.13.0	efo/v3.94.0	2026-09-28
age stopped smoking	0.860000	0.750000	EFO:0004319	smoking cessation	{"ECTO:6000029":0.0,"EFO:0004318":0.0,"EFO:0004319":0.11,"EFO:0004704":0.0,"EFO:0005670":0.0,"EFO:0006527":0.0,"EFO:0021784":0.03,"EFO:0600051":0.0,"HP:0003674":0.0,"OBA:2050116":0.0,"none_suitable":0.86}	jev	jev-1.13.0	efo/v3.94.0	2026-09-28
age when last ate meat	0.970000	0.950000	EFO:0004847	age at onset	{"EFO:0000246":0.01,"EFO:0004703":0.0,"EFO:0004847":0.02,"EFO:0005602":0.0,"EFO:0008007":0.0,"EFO:0009716":0.0,"EFO:0009749":0.0,"HP:0003674":0.0,"OBA:2050099":0.0,"OBA:2050355":0.0,"none_suitable":0.97}	jev	jev-1.13.0	efo/v3.94.0	2026-09-28
age when last used oral contraceptive pill	0.970000	0.940000	EFO:0021782	age at initiation of oral contraceptive pill use	{"EFO:0000246":0.0,"EFO:0004703":0.0,"EFO:0004704":0.0,"EFO:0005112":0.0,"EFO:0009440":0.0,"EFO:0009520":0.0,"EFO:0009749":0.0,"EFO:0021780":0.0,"EFO:0021782":0.03,"HP:0003674":0.0,"none_suitable":0.97}	jev	jev-1.13.0	efo/v3.94.0	2026-09-28
aide-memoire completed	0.990000	0.980000	EFO:0030038	follow-up status	{"EFO:0001732":0.0,"EFO:0003935":0.0,"EFO:0007058":0.0,"EFO:0009517":0.0,"EFO:0009630":0.0,"EFO:0030038":0.01,"EFO:0030040":0.0,"EFO:0030041":0.0,"EFO:0030048":0.0,"EFO:0030049":0.0,"none_suitable":0.99}	jev	jev-1.13.0	efo/v3.94.0	2026-09-28
ankle spacing width	1.000000	1.000000	HP:0006466	Ankle flexion contracture	{"EFO:0007855":0.0,"EFO:0009615":0.0,"EFO:1002021":0.0,"HP:0006466":0.0,"HP:0008365":0.0,"HP:0100559":0.0,"MONDO:0017491":0.0,"OBA:0003330":0.0,"UBERON:0001488":0.0,"UBERON:0004454":0.0,"none_suitable":1.0}	jev	jev-1.13.0	efo/v3.94.0	2026-09-28
ankle spacing width (left)	1.000000	1.000000	HP:0006466	Ankle flexion contracture	{"EFO:0001658":0.0,"EFO:0008205":0.0,"EFO:0009289":0.0,"EFO:0009615":0.0,"EFO:0020938":0.0,"EFO:1002021":0.0,"HP:0006466":0.0,"HP:0100559":0.0,"MONDO:0005533":0.0,"OBA:VT0004063":0.0,"none_suitable":1.0}	jev	jev-1.13.0	efo/v3.94.0	2026-09-28
ankle spacing width (right)	0.980000	0.970000	EFO:0001659	right	{"EFO:0001659":0.01,"EFO:0007855":0.0,"EFO:0009615":0.0,"EFO:1002021":0.0,"HP:0006466":0.0,"HP:0100559":0.0,"MONDO:0017491":0.0,"MONDO:0017493":0.0,"OBA:0003330":0.01,"UBERON:0001488":0.0,"none_suitable":0.98}	jev	jev-1.13.0	efo/v3.94.0	2026-09-28
answered sexual history questions	0.990000	0.980000	GSSO:000414	seksualitet {xref="https://lgbt.dk/ordbog/seksualitet/"}	{"EFO:0004444":0.0,"EFO:0004714":0.0,"EFO:0005951":0.0,"EFO:0009749":0.0,"EFO:0009849":0.0,"GSSO:000413":0.0,"GSSO:000414":0.01,"GSSO:000705":0.0,"MONDO:0000595":0.0,"OBA:2045293":0.0,"none_suitable":0.99}	jev	jev-1.13.0	efo/v3.94.0	2026-09-28
apple intake	0.990000	0.980000	EFO:0020897	citrus intake measurement	{"EFO:0009374":0.0,"EFO:0010809":0.0,"EFO:0010810":0.0,"EFO:0010811":0.0,"EFO:0020077":0.0,"EFO:0020081":0.0,"EFO:0020086":0.0,"EFO:0020087":0.0,"EFO:0020088":0.0,"EFO:0020897":0.01,"none_suitable":0.99}	jev	jev-1.13.0	efo/v3.94.0	2026-09-28
arm fat percentage (left)	0.900000	0.820000	EFO:0007800	body fat percentage	{"EFO:0001658":0.01,"EFO:0007678":0.0,"EFO:0007800":0.08,"EFO:0020098":0.0,"OBA:2045224":0.0,"OBA:2050198":0.0,"OBA:VT0005452":0.01,"OBA:VT0010482":0.0,"UBERON:0001460":0.0,"UBERON:0035818":0.0,"none_suitable":0.9}	jev	jev-1.13.0	efo/v3.94.0	2026-09-28
arm fat percentage (right)	0.950000	0.900000	EFO:0007800	body fat percentage	{"EFO:0007678":0.0,"EFO:0007800":0.05,"EFO:0010809":0.0,"EFO:0010821":0.0,"EFO:0020098":0.0,"EFO:0021534":0.0,"OBA:2045224":0.0,"OBA:2050196":0.0,"OBA:2050198":0.0,"OBA:VT0010482":0.0,"none_suitable":0.95}	jev	jev-1.13.0	efo/v3.94.0	2026-09-28
arm fat-free mass (left)	0.970000	0.950000	EFO:0001658	left	{"CL:0002617":0.0,"EFO:0001658":0.02,"OBA:0004528":0.0,"OBA:2050198":0.0,"OBA:VT0010482":0.0,"UBERON:0001347":0.0,"UBERON:0001460":0.01,"UBERON:0003916":0.0,"UBERON:0035814":0.0,"UBERON:0035818":0.0,"none_suitable":0.97}	jev	jev-1.13.0	efo/v3.94.0	2026-09-28
arm fat-free mass (right)	0.980000	0.970000	OBA:VT0010482	body fat mass	{"EFO:0001659":0.01,"OBA:0004528":0.0,"OBA:1000030":0.0,"OBA:2050198":0.0,"OBA:VT0010482":0.01,"UBERON:0001347":0.0,"UBERON:0001460":0.0,"UBERON:0003916":0.0,"UBERON:0035814":0.0,"UBERON:0035818":0.0,"none_suitable":0.98}	jev	jev-1.13.0	efo/v3.94.0	2026-09-28
arm predicted mass (left)	0.850000	0.770000	EFO:0008452	mid-arm muscle circumference measurement	{"EFO:0001658":0.0,"EFO:0004980":0.07,"EFO:0005108":0.0,"EFO:0008205":0.0,"EFO:0008452":0.08,"EFO:0009289":0.0,"HP:0004991":0.0,"OBA:1000030":0.0,"OBA:2045559":0.0,"UBERON:0001460":0.0,"none_suitable":0.85}	jev	jev-1.13.0	efo/v3.94.0	2026-09-28
attendance/disability/mobility allowance: attendance allowance	0.950000	0.900000	EFO:0008451	activities of daily living score measurement	{"EFO:0004784":0.0,"EFO:0008451":0.05,"EFO:0009603":0.0,"EFO:0010761":0.0,"EFO:0022381":0.0,"EFO:0022487":0.0,"EFO:0803536":0.0,"HP:0001328":0.0,"MONDO:0004681":0.0,"MONDO:0005287":0.0,"none_suitable":0.95}	jev	jev-1.13.0	efo/v3.94.0	2026-09-28
attendance/disability/mobility allowance: blue badge	0.990000	0.980000	EFO:0008451	activities of daily living score measurement	{"EFO:0004784":0.0,"EFO:0008451":0.01,"EFO:0009603":0.0,"EFO:0022487":0.0,"HP:0001328":0.0,"HP:0030350":0.0,"MONDO:0004681":0.0,"MONDO:0005287":0.0,"OBA:2040570":0.0,"OBA:2050585":0.0,"none_suitable":0.99}	jev	jev-1.13.0	efo/v3.94.0	2026-09-28
attendance/disability/mobility allowance: disability living allowance	0.980000	0.960000	EFO:0008451	activities of daily living score measurement	{"EFO:0008451":0.02,"EFO:0009583":0.0,"EFO:0009603":0.0,"EFO:0009711":0.0,"EFO:0022381":0.0,"EFO:0022487":0.0,"EFO:0803536":0.0,"HP:0001328":0.0,"MONDO:0004681":0.0,"MONDO:0005287":0.0,"none_suitable":0.98}	jev	jev-1.13.0	efo/v3.94.0	2026-09-28
attendance/disability/mobility allowance: none of the above	0.980000	0.960000	EFO:0020981	dependence on enabling machines and devices	{"EFO:0005427":0.0,"EFO:0009147":0.0,"EFO:0020981":0.02,"EFO:1000369":0.0,"HP:0000014":0.0,"HP:0000769":0.0,"HP:0001574":0.0,"HP:0004378":0.0,"HP:0006915":0.0,"MONDO:0010843":0.0,"none_suitable":0.98}	jev	jev-1.13.0	efo/v3.94.0	2026-09-28
average monthly beer plus cider intake	1.000000	1.000000	EFO:0020897	citrus intake measurement	{"EFO:0008539":0.0,"EFO:0009374":0.0,"EFO:0010158":0.0,"EFO:0010811":0.0,"EFO:0020078":0.0,"EFO:0020079":0.0,"EFO:0020081":0.0,"EFO:0020084":0.0,"EFO:0020086":0.0,"EFO:0020897":0.0,"none_suitable":1.0}	jev	jev-1.13.0	efo/v3.94.0	2026-09-28
average monthly champagne plus white wine intake	0.970000	0.950000	EFO:0006948	white wine liking measurement	{"EFO:0006947":0.0,"EFO:0006948":0.02,"EFO:0006949":0.01,"EFO:0020078":0.0,"EFO:0020079":0.0,"EFO:0020081":0.0,"EFO:0020082":0.0,"EFO:0020086":0.0,"EFO:0020090":0.0,"EFO:0020897":0.0,"none_suitable":0.97}	jev	jev-1.13.0	efo/v3.94.0	2026-09-28
average monthly fortified wine intake	1.000000	1.000000	EFO:0006949	wine liking measurement	{"EFO:0003939":0.0,"EFO:0006947":0.0,"EFO:0006948":0.0,"EFO:0006949":0.0,"EFO:0008539":0.0,"EFO:0009374":0.0,"EFO:0020082":0.0,"EFO:0020085":0.0,"EFO:0020086":0.0,"EFO:0020897":0.0,"none_suitable":1.0}	jev	jev-1.13.0	efo/v3.94.0	2026-09-28
average monthly red wine intake	0.960000	0.920000	EFO:0006947	red wine liking measurement	{"EFO:0006947":0.04,"EFO:0006948":0.0,"EFO:0006949":0.0,"EFO:0008539":0.0,"EFO:0020077":0.0,"EFO:0020080":0.0,"EFO:0020082":0.0,"EFO:0020085":0.0,"EFO:0020086":0.0,"EFO:0020897":0.0,"none_suitable":0.96}	jev	jev-1.13.0	efo/v3.94.0	2026-09-28
average weekly beer plus cider intake	1.000000	1.000000	EFO:0020897	citrus intake measurement	{"EFO:0003939":0.0,"EFO:0008539":0.0,"EFO:0009374":0.0,"EFO:0010158":0.0,"EFO:0020078":0.0,"EFO:0020079":0.0,"EFO:0020081":0.0,"EFO:0020086":0.0,"EFO:0020087":0.0,"EFO:0020897":0.0,"none_suitable":1.0}	jev	jev-1.13.0	efo/v3.94.0	2026-09-28
average weekly champagne plus white wine intake	0.980000	0.970000	EFO:0006948	white wine liking measurement	{"EFO:0003939":0.0,"EFO:0006947":0.0,"EFO:0006948":0.01,"EFO:0006949":0.01,"EFO:0010809":0.0,"EFO:0020081":0.0,"EFO:0020086":0.0,"EFO:0020088":0.0,"EFO:0020090":0.0,"EFO:0020897":0.0,"none_suitable":0.98}	jev	jev-1.13.0	efo/v3.94.0	2026-09-28
average weekly fortified wine intake	1.000000	1.000000	EFO:0006949	wine liking measurement	{"EFO:0003939":0.0,"EFO:0006947":0.0,"EFO:0006948":0.0,"EFO:0006949":0.0,"EFO:0008539":0.0,"EFO:0009374":0.0,"EFO:0020082":0.0,"EFO:0020086":0.0,"EFO:0020090":0.0,"EFO:0020897":0.0,"none_suitable":1.0}	jev	jev-1.13.0	efo/v3.94.0	2026-09-28
average weekly red wine intake	0.960000	0.920000	EFO:0006947	red wine liking measurement	{"EFO:0006947":0.04,"EFO:0006948":0.0,"EFO:0006949":0.0,"EFO:0008539":0.0,"EFO:0020077":0.0,"EFO:0020080":0.0,"EFO:0020082":0.0,"EFO:0020085":0.0,"EFO:0020086":0.0,"EFO:0020897":0.0,"none_suitable":0.96}	jev	jev-1.13.0	efo/v3.94.0	2026-09-28
avocado intake	0.970000	0.940000	NCBITaxon:3435	Persea americana	{"EFO:0009374":0.0,"EFO:0020077":0.0,"EFO:0020081":0.0,"EFO:0020082":0.0,"EFO:0020084":0.0,"EFO:0020085":0.0,"EFO:0020086":0.0,"EFO:0020089":0.0,"EFO:0020897":0.0,"NCBITaxon:3435":0.03,"none_suitable":0.97}	jev	jev-1.13.0	efo/v3.94.0	2026-09-28
bacon intake	0.980000	0.970000	EFO:0010809	fat intake measurement	{"EFO:0003939":0.0,"EFO:0007678":0.0,"EFO:0007684":0.0,"EFO:0009374":0.0,"EFO:0010809":0.01,"EFO:0010810":0.01,"EFO:0020081":0.0,"EFO:0020087":0.0,"EFO:0020088":0.0,"EFO:0020897":0.0,"none_suitable":0.98}	jev	jev-1.13.0	efo/v3.94.0	2026-09-28
baguette intake	0.990000	0.980000	EFO:0010811	carbohydrate intake measurement	{"EFO:0003939":0.0,"EFO:0009374":0.0,"EFO:0010811":0.01,"EFO:0020078":0.0,"EFO:0020079":0.0,"EFO:0020084":0.0,"EFO:0020086":0.0,"EFO:0020088":0.0,"EFO:0020089":0.0,"EFO:0020897":0.0,"none_suitable":0.99}	jev	jev-1.13.0	efo/v3.94.0	2026-09-28
baked bean intake	0.990000	0.980000	EFO:0020088	dietary fiber intake measurement	{"EFO:0003939":0.0,"EFO:0008355":0.0,"EFO:0009374":0.0,"EFO:0010810":0.0,"EFO:0010811":0.0,"EFO:0020078":0.0,"EFO:0020079":0.0,"EFO:0020084":0.0,"EFO:0020088":0.01,"EFO:0020897":0.0,"none_suitable":0.99}	jev	jev-1.13.0	efo/v3.94.0	2026-09-28
banana intake	0.990000	0.980000	NCBITaxon:4641	Musa acuminata	{"EFO:0009374":0.0,"EFO:0010158":0.0,"EFO:0010810":0.0,"EFO:0020078":0.0,"EFO:0020079":0.0,"EFO:0020081":0.0,"EFO:0020084":0.0,"EFO:0020088":0.0,"EFO:0020897":0.0,"NCBITaxon:4641":0.01,"none_suitable":0.99}	jev	jev-1.13.0	efo/v3.94.0	2026-09-28
beer/cider intake	1.000000	1.000000	EFO:0020897	citrus intake measurement	{"EFO:0003939":0.0,"EFO:0008539":0.0,"EFO:0009374":0.0,"EFO:0010158":0.0,"EFO:0020078":0.0,"EFO:0020079":0.0,"EFO:0020082":0.0,"EFO:0020086":0.0,"EFO:0020087":0.0,"EFO:0020897":0.0,"none_suitable":1.0}	jev	jev-1.13.0	efo/v3.94.0	2026-09-28
beetroot intake	0.990000	0.980000	EFO:0020086	dietary carotene intake measurement	{"EFO:0003939":0.0,"EFO:0006521":0.0,"EFO:0007894":0.0,"EFO:0009374":0.0,"EFO:0010158":0.0,"EFO:0020078":0.0,"EFO:0020079":0.0,"EFO:0020084":0.0,"EFO:0020086":0.01,"EFO:0020897":0.0,"none_suitable":0.99}	jev	jev-1.13.0	efo/v3.94.0	2026-09-28
berry intake	1.000000	1.000000	EFO:0020897	citrus intake measurement	{"EFO:0003939":0.0,"EFO:0009374":0.0,"EFO:0010158":0.0,"EFO:0010811":0.0,"EFO:0020078":0.0,"EFO:0020079":0.0,"EFO:0020084":0.0,"EFO:0020086":0.0,"EFO:0020088":0.0,"EFO:0020897":0.0,"none_suitable":1.0}	jev	jev-1.13.0	efo/v3.94.0	2026-09-28
blood clot, dvt, bronchitis, emphysema, asthma, rhinitis, eczema, allergy diagnosed by doctor: none of the above	1.000000	1.000000	EFO:1000965	Henoch-Schoenlein purpura	{"EFO:1000965":0.0,"HP:0002204":0.0,"HP:0002597":0.0,"HP:0008046":0.0,"HP:0100659":0.0,"MONDO:0005984":0.0,"MONDO:0015943":0.0,"MONDO:0024610":0.0,"MONDO:0100177":0.0,"OBA:2045225":0.0,"none_suitable":1.0}	jev	jev-1.13.0	efo/v3.94.0	2026-09-28
blue cheese intake	1.000000	1.000000	EFO:0020897	citrus intake measurement	{"EFO:0006521":0.0,"EFO:0009374":0.0,"EFO:0010811":0.0,"EFO:0020078":0.0,"EFO:0020079":0.0,"EFO:0020084":0.0,"EFO:0020086":0.0,"EFO:0020088":0.0,"EFO:0020090":0.0,"EFO:0020897":0.0,"none_suitable":1.0}	jev	jev-1.13.0	efo/v3.94.0	2026-09-28
boiled/baked potatoes intake	0.970000	0.940000	NCBITaxon:4113	Solanum tuberosum	{"EFO:0003939":0.0,"EFO:0008355":0.0,"EFO:0009374":0.0,"EFO:0010810":0.0,"EFO:0020080":0.0,"EFO:0020086":0.0,"EFO:0020087":0.0,"EFO:0020088":0.0,"EFO:0020091":0.0,"NCBITaxon:4113":0.03,"none_suitable":0.97}	jev	jev-1.13.0	efo/v3.94.0	2026-09-28
bran cereal intake	1.000000	1.000000	EFO:0009374	energy intake measurement	{"EFO:0003939":0.0,"EFO:0007678":0.0,"EFO:0009374":0.0,"EFO:0010809":0.0,"EFO:0010810":0.0,"EFO:0020078":0.0,"EFO:0020079":0.0,"EFO:0020087":0.0,"EFO:0020088":0.0,"EFO:0020897":0.0,"none_suitable":1.0}	jev	jev-1.13.0	efo/v3.94.0	2026-09-28
bread intake	0.920000	0.840000	EFO:0010811	carbohydrate intake measurement	{"EFO:0003939":0.0,"EFO:0009374":0.0,"EFO:0010158":0.0,"EFO:0010809":0.0,"EFO:0010810":0.0,"EFO:0010811":0.08,"EFO:0020078":0.0,"EFO:0020079":0.0,"EFO:0020088":0.0,"EFO:0020897":0.0,"none_suitable":0.92}	jev	jev-1.13.0	efo/v3.94.0	2026-09-28
bread roll intake	0.980000	0.960000	EFO:0010811	carbohydrate intake measurement	{"EFO:0007678":0.0,"EFO:0009374":0.0,"EFO:0010158":0.0,"EFO:0010809":0.0,"EFO:0010810":0.0,"EFO:0010811":0.02,"EFO:0020079":0.0,"EFO:0020087":0.0,"EFO:0020088":0.0,"EFO:0020897":0.0,"none_suitable":0.98}	jev	jev-1.13.0	efo/v3.94.0	2026-09-28
broad bean intake	0.990000	0.980000	NCBITaxon:3885	Phaseolus vulgaris	{"EFO:0009374":0.0,"EFO:0010810":0.0,"EFO:0010811":0.0,"EFO:0020078":0.0,"EFO:0020079":0.0,"EFO:0020083":0.0,"EFO:0020084":0.0,"EFO:0020088":0.0,"EFO:0020897":0.0,"NCBITaxon:3885":0.01,"none_suitable":0.99}	jev	jev-1.13.0	efo/v3.94.0	2026-09-28
broccoli intake	1.000000	1.000000	EFO:0020897	citrus intake measurement	{"EFO:0009374":0.0,"EFO:0010811":0.0,"EFO:0020078":0.0,"EFO:0020079":0.0,"EFO:0020083":0.0,"EFO:0020084":0.0,"EFO:0020086":0.0,"EFO:0020088":0.0,"EFO:0020089":0.0,"EFO:0020897":0.0,"none_suitable":1.0}	jev	jev-1.13.0	efo/v3.94.0	2026-09-28
butternut squash intake	0.890000	0.780000	EFO:0020086	dietary carotene intake measurement	{"EFO:0003939":0.0,"EFO:0009374":0.0,"EFO:0010810":0.0,"EFO:0020078":0.0,"EFO:0020079":0.0,"EFO:0020081":0.0,"EFO:0020084":0.0,"EFO:0020086":0.11,"EFO:0020088":0.0,"EFO:0020897":0.0,"none_suitable":0.89}	jev	jev-1.13.0	efo/v3.94.0	2026-09-28
cabbage/kale intake	0.980000	0.960000	NCBITaxon:3714	Brassica oleracea var. alboglabra	{"EFO:0009374":0.0,"EFO:0010811":0.0,"EFO:0020082":0.0,"EFO:0020086":0.0,"EFO:0020088":0.0,"EFO:0020090":0.0,"EFO:0020897":0.0,"NCBITaxon:3714":0.02,"NCBITaxon:51336":0.0,"NCBITaxon:51351":0.0,"none_suitable":0.98}	jev	jev-1.13.0	efo/v3.94.0	2026-09-28
cake intake	0.960000	0.930000	EFO:0010158	sugar consumption measurement	{"EFO:0009374":0.0,"EFO:0010158":0.03,"EFO:0010809":0.0,"EFO:0010810":0.0,"EFO:0010811":0.01,"EFO:0020078":0.0,"EFO:0020079":0.0,"EFO:0020087":0.0,"EFO:0020088":0.0,"EFO:0020897":0.0,"none_suitable":0.96}	jev	jev-1.13.0	efo/v3.94.0	2026-09-28
cancer code, self-reported: prostate cancer	0.920000	0.880000	MONDO:0004956	metastatic prostate carcinoma	{"BTO:0001033":0.0,"BTO:0001130":0.01,"EFO:0005615":0.0,"EFO:0009800":0.01,"EFO:0600083":0.0,"MONDO:0004956":0.04,"MONDO:0023122":0.0,"MONDO:0700275":0.01,"MONDO:0971170":0.01,"Orphanet:1331":0.0,"none_suitable":0.92}	jev	jev-1.13.0	efo/v3.94.0	2026-09-28
cancer diagnosed by doctor	0.970000	0.940000	MONDO:0020665	high grade malignant neoplasm	{"EFO:0000312":0.0,"EFO:0001639":0.0,"EFO:0004948":0.0,"EFO:0009640":0.0,"MONDO:0004956":0.0,"MONDO:0020665":0.03,"MONDO:0021058":0.0,"MONDO:0024881":0.0,"MONDO:0036501":0.0,"MONDO:1011828":0.0,"none_suitable":0.97}	jev	jev-1.13.0	efo/v3.94.0	2026-09-28
canned soup intake	0.990000	0.980000	EFO:0020080	dietary sodium intake measurement	{"EFO:0003939":0.0,"EFO:0006521":0.0,"EFO:0009374":0.0,"EFO:0020077":0.0,"EFO:0020080":0.01,"EFO:0020082":0.0,"EFO:0020083":0.0,"EFO:0020086":0.0,"EFO:0020088":0.0,"EFO:0020897":0.0,"none_suitable":0.99}	jev	jev-1.13.0	efo/v3.94.0	2026-09-28
cappuccino intake	1.000000	1.000000	EFO:0020897	citrus intake measurement	{"EFO:0003939":0.0,"EFO:0006521":0.0,"EFO:0009374":0.0,"EFO:0010811":0.0,"EFO:0020078":0.0,"EFO:0020081":0.0,"EFO:0020082":0.0,"EFO:0020086":0.0,"EFO:0020088":0.0,"EFO:0020897":0.0,"none_suitable":1.0}	jev	jev-1.13.0	efo/v3.94.0	2026-09-28
carer support indicators: no	0.939394	0.898990	OBA:2050118	helping behavior trait	{"EFO:0004424":0.0,"EFO:0006976":0.0,"EFO:0007796":0.0,"EFO:0008451":0.0202020202020202,"EFO:0030039":0.0,"EO:0007270":0.0,"HP:0001344":0.0,"HP:0002033":0.0,"MONDO:0003295":0.0,"OBA:2050118":0.0404040404040404,"none_suitable":0.9393939393939393}	jev	jev-1.13.0	efo/v3.94.0	2026-09-28
carer support indicators: yes	0.910000	0.840000	OBA:2050118	helping behavior trait	{"EFO:0004424":0.0,"EFO:0008451":0.02,"EFO:0009726":0.0,"EFO:0020832":0.0,"EFO:0030041":0.0,"OBA:2050118":0.07,"OBA:2052729":0.0,"OBA:2056863":0.0,"PR:000017528":0.0,"PR:P07947":0.0,"none_suitable":0.91}	jev	jev-1.13.0	efo/v3.94.0	2026-09-28
cauliflower intake	0.990000	0.980000	EFO:0020082	dietary vitamin C intake measurement	{"EFO:0003939":0.0,"EFO:0006521":0.0,"EFO:0009374":0.0,"EFO:0010810":0.0,"EFO:0010811":0.0,"EFO:0020082":0.01,"EFO:0020083":0.0,"EFO:0020086":0.0,"EFO:0020088":0.0,"EFO:0020897":0.0,"none_suitable":0.99}	jev	jev-1.13.0	efo/v3.94.0	2026-09-28
celery intake	1.000000	1.000000	EFO:0020897	citrus intake measurement	{"EFO:0003939":0.0,"EFO:0006521":0.0,"EFO:0009374":0.0,"EFO:0010809":0.0,"EFO:0010811":0.0,"EFO:0020082":0.0,"EFO:0020086":0.0,"EFO:0020088":0.0,"EFO:0020090":0.0,"EFO:0020897":0.0,"none_suitable":1.0}	jev	jev-1.13.0	efo/v3.94.0	2026-09-28
cereal bar intake	0.990000	0.980000	EFO:0010811	carbohydrate intake measurement	{"EFO:0009374":0.0,"EFO:0010158":0.0,"EFO:0010809":0.0,"EFO:0010810":0.0,"EFO:0010811":0.01,"EFO:0020078":0.0,"EFO:0020079":0.0,"EFO:0020087":0.0,"EFO:0020088":0.0,"EFO:0020897":0.0,"none_suitable":0.99}	jev	jev-1.13.0	efo/v3.94.0	2026-09-28
cereal intake	0.920000	0.840000	EFO:0010811	carbohydrate intake measurement	{"CHEBI:33284":0.0,"EFO:0003939":0.0,"EFO:0009374":0.0,"EFO:0010809":0.0,"EFO:0010810":0.0,"EFO:0010811":0.08,"EFO:0020080":0.0,"EFO:0020087":0.0,"EFO:0020088":0.0,"EFO:0020897":0.0,"none_suitable":0.92}	jev	jev-1.13.0	efo/v3.94.0	2026-09-28
cheese consumers	0.990000	0.980000	EFO:0010095	non-grapefruit juice consumption measurement	{"EFO:0007019":0.0,"EFO:0010095":0.01,"EFO:0600066":0.0,"HP:0030195":0.0,"NCBITaxon:104955":0.0,"NCBITaxon:1263":0.0,"NCBITaxon:1578":0.0,"NCBITaxon:231049":0.0,"NCBITaxon:52766":0.0,"UBERON:0001913":0.0,"none_suitable":0.99}	jev	jev-1.13.0	efo/v3.94.0	2026-09-28
cheese intake	0.990000	0.980000	EFO:0010809	fat intake measurement	{"EFO:0006521":0.0,"EFO:0008539":0.0,"EFO:0009374":0.0,"EFO:0010158":0.0,"EFO:0010809":0.01,"EFO:0010811":0.0,"EFO:0020086":0.0,"EFO:0020088":0.0,"EFO:0020090":0.0,"EFO:0020897":0.0,"none_suitable":0.99}	jev	jev-1.13.0	efo/v3.94.0	2026-09-28
cheese spread intake	1.000000	1.000000	EFO:0010809	fat intake measurement	{"EFO:0003939":0.0,"EFO:0007678":0.0,"EFO:0008539":0.0,"EFO:0009374":0.0,"EFO:0010809":0.0,"EFO:0020086":0.0,"EFO:0020088":0.0,"EFO:0020090":0.0,"EFO:0020897":0.0,"EFO:0600066":0.0,"none_suitable":1.0}	jev	jev-1.13.0	efo/v3.94.0	2026-09-28
cheesecake intake	0.970000	0.950000	EFO:0010158	sugar consumption measurement	{"EFO:0008539":0.0,"EFO:0009374":0.01,"EFO:0010158":0.02,"EFO:0010811":0.0,"EFO:0020078":0.0,"EFO:0020083":0.0,"EFO:0020086":0.0,"EFO:0020088":0.0,"EFO:0020090":0.0,"EFO:0020897":0.0,"none_suitable":0.97}	jev	jev-1.13.0	efo/v3.94.0	2026-09-28
cheesy biscuits intake	1.000000	1.000000	EFO:0009374	energy intake measurement	{"EFO:0003939":0.0,"EFO:0006521":0.0,"EFO:0009374":0.0,"EFO:0010158":0.0,"EFO:0010811":0.0,"EFO:0020083":0.0,"EFO:0020086":0.0,"EFO:0020088":0.0,"EFO:0020090":0.0,"EFO:0020897":0.0,"none_suitable":1.0}	jev	jev-1.13.0	efo/v3.94.0	2026-09-28
cherry intake	1.000000	1.000000	EFO:0020897	citrus intake measurement	{"EFO:0003939":0.0,"EFO:0009374":0.0,"EFO:0010158":0.0,"EFO:0010811":0.0,"EFO:0020081":0.0,"EFO:0020082":0.0,"EFO:0020086":0.0,"EFO:0020087":0.0,"EFO:0020088":0.0,"EFO:0020897":0.0,"none_suitable":1.0}	jev	jev-1.13.0	efo/v3.94.0	2026-09-28
chocolate bar intake	0.960000	0.920000	EFO:0010158	sugar consumption measurement	{"EFO:0003939":0.0,"EFO:0006521":0.0,"EFO:0009374":0.0,"EFO:0010158":0.04,"EFO:0010811":0.0,"EFO:0020078":0.0,"EFO:0020086":0.0,"EFO:0020088":0.0,"EFO:0020090":0.0,"EFO:0020897":0.0,"none_suitable":0.96}	jev	jev-1.13.0	efo/v3.94.0	2026-09-28
chocolate biscuits intake	0.970000	0.940000	EFO:0010158	sugar consumption measurement	{"EFO:0003939":0.0,"EFO:0006521":0.0,"EFO:0009374":0.0,"EFO:0010158":0.03,"EFO:0010811":0.0,"EFO:0020078":0.0,"EFO:0020079":0.0,"EFO:0020086":0.0,"EFO:0020088":0.0,"EFO:0020897":0.0,"none_suitable":0.97}	jev	jev-1.13.0	efo/v3.94.0	2026-09-28
chocolate-covered biscuits intake	0.960000	0.920000	EFO:0010158	sugar consumption measurement	{"EFO:0003939":0.0,"EFO:0006521":0.0,"EFO:0009374":0.0,"EFO:0010158":0.04,"EFO:0010811":0.0,"EFO:0020078":0.0,"EFO:0020079":0.0,"EFO:0020086":0.0,"EFO:0020088":0.0,"EFO:0020897":0.0,"none_suitable":0.96}	jev	jev-1.13.0	efo/v3.94.0	2026-09-28
chocolate-covered raisin intake	0.970000	0.940000	EFO:0010158	sugar consumption measurement	{"EFO:0003939":0.0,"EFO:0008539":0.0,"EFO:0009374":0.0,"EFO:0010158":0.03,"EFO:0010811":0.0,"EFO:0020085":0.0,"EFO:0020086":0.0,"EFO:0020087":0.0,"EFO:0020088":0.0,"EFO:0020897":0.0,"none_suitable":0.97}	jev	jev-1.13.0	efo/v3.94.0	2026-09-28
close to major road	1.000000	1.000000	ECTO:0000001	exposure to radiation	{"BFO:0000029":0.0,"ECTO:0000001":0.0,"ECTO:0000530":0.0,"ECTO:0000724":0.0,"ECTO:0000726":0.0,"ECTO:1000034":0.0,"EFO:0001661":0.0,"EFO:0002593":0.0,"EFO:0002594":0.0,"MONDO:0045042":0.0,"none_suitable":1.0}	jev	jev-1.13.0	efo/v3.94.0	2026-09-28
coleslaw intake	0.990000	0.980000	EFO:0020088	dietary fiber intake measurement	{"EFO:0006521":0.0,"EFO:0007678":0.0,"EFO:0009374":0.0,"EFO:0010809":0.0,"EFO:0010811":0.0,"EFO:0020086":0.0,"EFO:0020087":0.0,"EFO:0020088":0.01,"EFO:0020090":0.0,"EFO:0020897":0.0,"none_suitable":0.99}	jev	jev-1.13.0	efo/v3.94.0	2026-09-28
contra-indications for spirometry	1.000000	1.000000	EFO:0022917	preserved ratio impaired spirometry	{"EFO:0009628":0.0,"EFO:0010062":0.0,"EFO:0021523":0.0,"EFO:0022917":0.0,"EFO:0700012":0.0,"HP:0005957":0.0,"HP:0030878":0.0,"MONDO:0000675":0.0,"OBA:VT0001942":0.0,"PR:000005147":0.0,"none_suitable":1.0}	jev	jev-1.13.0	efo/v3.94.0	2026-09-28
cooked vegetable intake	0.990000	0.980000	EFO:0020088	dietary fiber intake measurement	{"EFO:0003939":0.0,"EFO:0009374":0.0,"EFO:0020081":0.0,"EFO:0020082":0.0,"EFO:0020084":0.0,"EFO:0020086":0.0,"EFO:0020088":0.01,"EFO:0020089":0.0,"EFO:0020091":0.0,"EFO:0020897":0.0,"none_suitable":0.99}	jev	jev-1.13.0	efo/v3.94.0	2026-09-28
cottage cheese intake	1.000000	1.000000	EFO:0020897	citrus intake measurement	{"EFO:0003939":0.0,"EFO:0006521":0.0,"EFO:0008539":0.0,"EFO:0009374":0.0,"EFO:0020078":0.0,"EFO:0020082":0.0,"EFO:0020086":0.0,"EFO:0020088":0.0,"EFO:0020090":0.0,"EFO:0020897":0.0,"none_suitable":1.0}	jev	jev-1.13.0	efo/v3.94.0	2026-09-28
courgette intake	1.000000	1.000000	EFO:0020897	citrus intake measurement	{"EFO:0008539":0.0,"EFO:0009374":0.0,"EFO:0010811":0.0,"EFO:0020078":0.0,"EFO:0020082":0.0,"EFO:0020084":0.0,"EFO:0020086":0.0,"EFO:0020087":0.0,"EFO:0020088":0.0,"EFO:0020897":0.0,"none_suitable":1.0}	jev	jev-1.13.0	efo/v3.94.0	2026-09-28
couscous intake	0.990000	0.980000	EFO:0010811	carbohydrate intake measurement	{"EFO:0003939":0.0,"EFO:0006521":0.0,"EFO:0007678":0.0,"EFO:0009374":0.0,"EFO:0010811":0.01,"EFO:0020082":0.0,"EFO:0020086":0.0,"EFO:0020087":0.0,"EFO:0020088":0.0,"EFO:0020897":0.0,"none_suitable":0.99}	jev	jev-1.13.0	efo/v3.94.0	2026-09-28
crispbread intake	0.990000	0.980000	EFO:0010811	carbohydrate intake measurement	{"EFO:0007678":0.0,"EFO:0007684":0.0,"EFO:0009374":0.0,"EFO:0010158":0.0,"EFO:0010809":0.0,"EFO:0010811":0.01,"EFO:0020087":0.0,"EFO:0020088":0.0,"EFO:0020090":0.0,"EFO:0020897":0.0,"none_suitable":0.99}	jev	jev-1.13.0	efo/v3.94.0	2026-09-28
croissant intake	1.000000	1.000000	EFO:0020897	citrus intake measurement	{"EFO:0003939":0.0,"EFO:0006521":0.0,"EFO:0009374":0.0,"EFO:0010811":0.0,"EFO:0020081":0.0,"EFO:0020082":0.0,"EFO:0020086":0.0,"EFO:0020087":0.0,"EFO:0020088":0.0,"EFO:0020897":0.0,"none_suitable":1.0}	jev	jev-1.13.0	efo/v3.94.0	2026-09-28
crumbed or deep-fried poultry intake	1.000000	1.000000	EFO:0009374	energy intake measurement	{"EFO:0003939":0.0,"EFO:0007678":0.0,"EFO:0008539":0.0,"EFO:0009374":0.0,"EFO:0010809":0.0,"EFO:0020081":0.0,"EFO:0020084":0.0,"EFO:0020087":0.0,"EFO:0020088":0.0,"EFO:0800000":0.0,"none_suitable":1.0}	jev	jev-1.13.0	efo/v3.94.0	2026-09-28
crumble intake	0.920000	0.900000	EFO:0010811	carbohydrate intake measurement	{"EFO:0006521":0.01,"EFO:0008539":0.0,"EFO:0009374":0.01,"EFO:0009825":0.01,"EFO:0010158":0.02,"EFO:0010811":0.02,"EFO:0020086":0.0,"EFO:0020087":0.01,"EFO:0020088":0.0,"EFO:0020897":0.0,"none_suitable":0.92}	jev	jev-1.13.0	efo/v3.94.0	2026-09-28
cucumber intake	0.980000	0.960000	NCBITaxon:3659	Cucumis sativus	{"EFO:0003939":0.0,"EFO:0006521":0.0,"EFO:0009374":0.0,"EFO:0010811":0.0,"EFO:0020081":0.0,"EFO:0020082":0.0,"EFO:0020086":0.0,"EFO:0020088":0.0,"EFO:0020897":0.0,"NCBITaxon:3659":0.02,"none_suitable":0.98}	jev	jev-1.13.0	efo/v3.94.0	2026-09-28
cylindrical power (left)	0.990000	0.980000	EFO:0001658	left	{"EFO:0001658":0.01,"EFO:0002238":0.0,"EFO:0004294":0.0,"EFO:0006793":0.0,"EFO:0008373":0.0,"EFO:0021821":0.0,"OBA:2045241":0.0,"OBA:2050011":0.0,"OBA:VT0004063":0.0,"UBERON:0002084":0.0,"none_suitable":0.99}	jev	jev-1.13.0	efo/v3.94.0	2026-09-28
cylindrical power (right)	0.990000	0.980000	EFO:0001659	right	{"EFO:0001659":0.01,"EFO:0020864":0.0,"EFO:0020939":0.0,"EFO:0021817":0.0,"EFO:0021821":0.0,"MONDO:0008058":0.0,"OBA:2050011":0.0,"OBA:2050039":0.0,"UBERON:0002078":0.0,"UBERON:0002080":0.0,"none_suitable":0.99}	jev	jev-1.13.0	efo/v3.94.0	2026-09-28
dairy smoothie intake	1.000000	1.000000	EFO:0003939	energy intake	{"EFO:0003939":0.0,"EFO:0006521":0.0,"EFO:0008539":0.0,"EFO:0009374":0.0,"EFO:0020078":0.0,"EFO:0020079":0.0,"EFO:0020082":0.0,"EFO:0020084":0.0,"EFO:0020086":0.0,"EFO:0020897":0.0,"none_suitable":1.0}	jev	jev-1.13.0	efo/v3.94.0	2026-09-28
danish pastry intake	0.990000	0.980000	EFO:0010158	sugar consumption measurement	{"EFO:0007684":0.0,"EFO:0008539":0.0,"EFO:0009374":0.0,"EFO:0010139":0.0,"EFO:0010158":0.01,"EFO:0010809":0.0,"EFO:0010811":0.0,"EFO:0020081":0.0,"EFO:0020087":0.0,"EFO:0020088":0.0,"none_suitable":0.99}	jev	jev-1.13.0	efo/v3.94.0	2026-09-28
dark chocolate intake	1.000000	1.000000	EFO:0020897	citrus intake measurement	{"EFO:0003939":0.0,"EFO:0008539":0.0,"EFO:0009374":0.0,"EFO:0010158":0.0,"EFO:0010811":0.0,"EFO:0020078":0.0,"EFO:0020079":0.0,"EFO:0020086":0.0,"EFO:0020088":0.0,"EFO:0020897":0.0,"none_suitable":1.0}	jev	jev-1.13.0	efo/v3.94.0	2026-09-28
decaffeinated coffee	0.900000	0.830000	EFO:0004330	coffee consumption	{"AfPO:0000258":0.0,"CHEBI:27732":0.0,"CHEBI:53115":0.0,"EFO:0004330":0.07,"EFO:0006781":0.01,"EFO:0006782":0.0,"EFO:0021177":0.02,"NCBITaxon:13442":0.0,"NCBITaxon:13443":0.0,"NCBITaxon:3641":0.0,"none_suitable":0.9}	jev	jev-1.13.0	efo/v3.94.0	2026-09-28
destinations on discharge from hospital (recoded): transfer to other nhs provider: general ward, young physically disabled, a&e	1.000000	1.000000	MONDO:0005287	developmental disability	{"ECTO:9000057":0.0,"EFO:0009291":0.0,"EFO:0010678":0.0,"EFO:0030051":0.0,"MONDO:0001586":0.0,"MONDO:0005287":0.0,"MONDO:0008608":0.0,"MONDO:0011759":0.0,"MONDO:0015448":0.0,"MONDO:0100319":0.0,"none_suitable":1.0}	jev	jev-1.13.0	efo/v3.94.0	2026-09-28
destinations on discharge from hospital (recoded): transfer within nhs provider	0.980000	0.960000	EFO:0020922	hospitalisation	{"EFO:0001729":0.0,"EFO:0001730":0.0,"EFO:0009789":0.0,"EFO:0010678":0.0,"EFO:0020922":0.02,"HP:0004552":0.0,"HP:0009921":0.0,"MONDO:0022202":0.0,"MONDO:0043543":0.0,"MONDO:0043544":0.0,"none_suitable":0.98}	jev	jev-1.13.0	efo/v3.94.0	2026-09-28
destinations on discharge from hospital (recoded): transfer within nhs provider: medical specialty	0.990000	0.980000	EFO:0020922	hospitalisation	{"EFO:0001729":0.0,"EFO:0009789":0.0,"EFO:0010678":0.0,"EFO:0020922":0.01,"HP:0004552":0.0,"HP:0009921":0.0,"MONDO:0005136":0.0,"MONDO:0019805":0.0,"MONDO:0043543":0.0,"MONDO:0043544":0.0,"none_suitable":0.99}	jev	jev-1.13.0	efo/v3.94.0	2026-09-28
destinations on discharge from hospital (recoded): transfer within nhs provider: surgical specialty	0.970000	0.940000	EFO:0009789	encounter with health service related to previous surgical history	{"EFO:0007686":0.0,"EFO:0009580":0.0,"EFO:0009789":0.03,"EFO:0009951":0.0,"EFO:0010678":0.0,"HP:0004552":0.0,"HP:0009921":0.0,"MONDO:0019805":0.0,"MONDO:0043543":0.0,"MONDO:0043544":0.0,"none_suitable":0.97}	jev	jev-1.13.0	efo/v3.94.0	2026-09-28
diagnoses - main icd10: c44.3 skin of other and unspecified parts of face	0.900000	0.860000	MONDO:0003091	cutaneous mucoepidermoid carcinoma	{"EFO:0021907":0.0,"HP:0011121":0.0,"MONDO:0001672":0.01,"MONDO:0002246":0.0,"MONDO:0003091":0.04,"MONDO:0004429":0.03,"MONDO:0006607":0.01,"OBA:0002174":0.0,"UBERON:0000014":0.01,"UBERON:0010171":0.0,"none_suitable":0.9}	jev	jev-1.13.0	efo/v3.94.0	2026-09-28
diagnoses - main icd10: c44.5 skin of trunk	0.860000	0.780000	UBERON:0001416	skin of abdomen	{"MONDO:0003091":0.03,"OBA:0002174":0.0,"OBA:0003615":0.0,"OBA:1000459":0.0,"OBA:VT0002095":0.0,"UBERON:0000014":0.03,"UBERON:0001331":0.0,"UBERON:0001415":0.0,"UBERON:0001416":0.08,"UBERON:0001471":0.0,"none_suitable":0.86}	jev	jev-1.13.0	efo/v3.94.0	2026-09-28
diagnoses - main icd10: c61 malignant neoplasm of prostate	0.900000	0.850000	BTO:0001130	prostate gland cancer cell	{"BTO:0001033":0.0,"BTO:0001130":0.05,"EFO:0002095":0.0,"EFO:0009640":0.0,"EFO:0022645":0.0,"MONDO:0000955":0.0,"MONDO:0000993":0.04,"MONDO:0001350":0.0,"MONDO:0002132":0.0,"MONDO:0021102":0.01,"none_suitable":0.9}	jev	jev-1.13.0	efo/v3.94.0	2026-09-28
diagnoses - main icd10: j45.9 asthma, unspecified	0.890000	0.850000	EFO:0010638	atopic asthma	{"EFO:0007614":0.0,"EFO:0009759":0.03,"EFO:0010049":0.0,"EFO:0010638":0.04,"EFO:1002011":0.01,"HP:0012042":0.0,"MONDO:0004766":0.0,"MONDO:0004784":0.02,"MONDO:0005405":0.01,"MONDO:0956975":0.0,"none_suitable":0.89}	jev	jev-1.13.0	efo/v3.94.0	2026-09-28
diagnoses - main icd10: k08.3 retained dental root	0.980000	0.970000	MONDO:0006957	root caries	{"CHEBI:20070":0.0,"CHEBI:57998":0.0,"MONDO:0001251":0.0,"MONDO:0006897":0.0,"MONDO:0006899":0.0,"MONDO:0006957":0.01,"MONDO:0015613":0.01,"PO:0003023":0.0,"PO:0009005":0.0,"UBERON:2001143":0.0,"none_suitable":0.98}	jev	jev-1.13.0	efo/v3.94.0	2026-09-28
diagnoses - main icd10: k59.0 constipation	0.850000	0.700000	HP:0012719	Functional abnormality of the gastrointestinal tract	{"EFO:0006965":0.0,"EFO:0006967":0.0,"EFO:0006972":0.0,"EFO:0006974":0.0,"EFO:0006976":0.0,"EFO:0009523":0.0,"EFO:0022342":0.0,"HP:0012719":0.15,"MONDO:0033643":0.0,"MONDO:0054849":0.0,"none_suitable":0.85}	jev	jev-1.13.0	efo/v3.94.0	2026-09-28
diagnoses - main icd10: k92.0 haematemesis	0.990000	0.980000	HP:0002153	Hyperkalemia	{"EFO:0002221":0.0,"EFO:0006283":0.0,"EFO:0006965":0.0,"EFO:0006967":0.0,"EFO:0006972":0.0,"EFO:0006974":0.0,"EFO:0006976":0.0,"EFO:0006978":0.0,"HP:0002153":0.01,"PR:000009420":0.0,"none_suitable":0.99}	jev	jev-1.13.0	efo/v3.94.0	2026-09-28
diagnoses - main icd10: k92.1 melaena	0.990000	0.980000	HP:0001070	Mottled pigmentation	{"CHEBI:36459":0.0,"EFO:0001194":0.0,"EFO:0002048":0.0,"EFO:0002049":0.0,"EFO:0002707":0.0,"HP:0001070":0.01,"HP:0007441":0.0,"HP:0012733":0.0,"MONDO:0018134":0.0,"PO:0007112":0.0,"none_suitable":0.99}	jev	jev-1.13.0	efo/v3.94.0	2026-09-28
diagnoses - main icd10: m67.4 ganglion	0.900000	0.800000	UBERON:0000045	ganglion	{"EFO:0000890":0.0,"UBERON:0000045":0.1,"UBERON:0002058":0.0,"UBERON:0002827":0.0,"UBERON:0007134":0.0,"UBERON:2000120":0.0,"UBERON:2001302":0.0,"UBERON:2001303":0.0,"UBERON:2001304":0.0,"UBERON:2001305":0.0,"none_suitable":0.9}	jev	jev-1.13.0	efo/v3.94.0	2026-09-28
diagnoses - main icd10: n81.1 cystocele	0.980000	0.960000	HP:0000015	Bladder diverticulum	{"CHEBI:36459":0.0,"EFO:0001194":0.0,"EFO:0002048":0.0,"EFO:0002049":0.0,"EFO:0002707":0.0,"HP:0000015":0.02,"MONDO:0008628":0.0,"MONDO:0017077":0.0,"MONDO:0018844":0.0,"PO:0007112":0.0,"none_suitable":0.98}	jev	jev-1.13.0	efo/v3.94.0	2026-09-28
diagnoses - main icd10: o04.9 complete or unspecified, without complication	0.990000	0.980000	EFO:0001756	disease state design	{"EFO:0001756":0.01,"MONDO:0004995":0.0,"MONDO:0005252":0.0,"MONDO:0005300":0.0,"MONDO:0006805":0.0,"MONDO:0008608":0.0,"MONDO:0013911":0.0,"MONDO:0100346":0.0,"MONDO:0859382":0.0,"MONDO:0957815":0.0,"none_suitable":0.99}	jev	jev-1.13.0	efo/v3.94.0	2026-09-28
diagnoses - main icd10: t39.1 4-aminophenol derivatives	0.950000	0.910000	CHEBI:28924	3-aminophenol	{"CHEBI:28618":0.0,"CHEBI:28924":0.04,"CHEBI:33853":0.01,"CHEBI:35907":0.0,"CHEBI:42017":0.0,"CHEBI:44975":0.0,"CHEBI:53110":0.0,"EFO:0001316":0.0,"EFO:0020666":0.0,"EFO:0800015":0.0,"none_suitable":0.95}	jev	jev-1.13.0	efo/v3.94.0	2026-09-28
diagnoses - main icd10: z03.8 observation for other suspected diseases and conditions	1.000000	1.000000	MONDO:0000001	disease	{"EFO:0030051":0.0,"MONDO:0000001":0.0,"MONDO:0004980":0.0,"MONDO:0005151":0.0,"MONDO:0005230":0.0,"MONDO:0005550":0.0,"MONDO:0017145":0.0,"MONDO:0100369":0.0,"MONDO:0700007":0.0,"Orphanet:91088":0.0,"none_suitable":1.0}	jev	jev-1.13.0	efo/v3.94.0	2026-09-28
diagnoses - main icd10: z30.2 sterilisation	0.980000	0.960000	HP:0000789	Infertility	{"CHEBI:142420":0.0,"CHEBI:36458":0.0,"CHEBI:76273":0.0,"EFO:0001102":0.0,"EFO:0001756":0.0,"EFO:0002045":0.0,"HP:0000789":0.02,"MONDO:0000271":0.0,"MONDO:0000315":0.0,"MONDO:0979572":0.0,"none_suitable":0.98}	jev	jev-1.13.0	efo/v3.94.0	2026-09-28
diagnoses - main icd10: z53.8 procedure not carried out for other reasons	0.990000	0.980000	EFO:0010063	Therapeutic Procedure	{"EFO:0006654":0.0,"EFO:0006737":0.0,"EFO:0009519":0.0,"EFO:0009655":0.0,"EFO:0010063":0.01,"EFO:0022810":0.0,"MONDO:0004995":0.0,"MONDO:0100427":0.0,"PR:000014660":0.0,"PR:000019132":0.0,"none_suitable":0.99}	jev	jev-1.13.0	efo/v3.94.0	2026-09-28
diagnoses - main icd9: v252 sterilization	0.980000	0.960000	HP:0000789	Infertility	{"CHEBI:33579":0.0,"FBbt:00005501":0.0,"HP:0000789":0.02,"MONDO:0957584":0.0,"MONDO:0957593":0.0,"MONDO:0971002":0.0,"MONDO:0979572":0.0,"PO:0007112":0.0,"UBERON:0002058":0.0,"UBERON:0002185":0.0,"none_suitable":0.98}	jev	jev-1.13.0	efo/v3.94.0	2026-09-28
diagnoses - secondary icd10: e10.9 without complications	1.000000	1.000000	EFO:0006485	SCC-9	{"EFO:0006485":0.0,"EFO:0009642":0.0,"EFO:0022745":0.0,"EFO:0022817":0.0,"EFO:0030038":0.0,"EFO:0030043":0.0,"MONDO:0001200":0.0,"MONDO:0005255":0.0,"MONDO:0009633":0.0,"OBA:2059220":0.0,"none_suitable":1.0}	jev	jev-1.13.0	efo/v3.94.0	2026-09-28
diagnoses - secondary icd10: e11.9 without complications	0.990000	0.980000	MONDO:0001200	secondary hypertension	{"EFO:0006485":0.0,"EFO:0009642":0.0,"EFO:0022745":0.0,"EFO:0022817":0.0,"EFO:0030038":0.0,"EFO:0030043":0.0,"MONDO:0001200":0.01,"MONDO:0005255":0.0,"MONDO:0009633":0.0,"MONDO:0017335":0.0,"none_suitable":0.99}	jev	jev-1.13.0	efo/v3.94.0	2026-09-28
diagnoses - secondary icd10: e14.9 without complications	1.000000	1.000000	EFO:0006485	SCC-9	{"EFO:0006485":0.0,"EFO:0007075":0.0,"EFO:0009642":0.0,"EFO:0022745":0.0,"EFO:0022817":0.0,"EFO:0030038":0.0,"EFO:0030043":0.0,"MONDO:0001200":0.0,"MONDO:0004728":0.0,"MONDO:0005436":0.0,"none_suitable":1.0}	jev	jev-1.13.0	efo/v3.94.0	2026-09-28
diagnoses - secondary icd10: f10.2 dependence syndrome	0.990000	0.980000	MONDO:0011685	polysubstance abuse, susceptibility to	{"EFO:0010253":0.0,"EFO:0803368":0.0,"MONDO:0010297":0.0,"MONDO:0011685":0.01,"MONDO:0013728":0.0,"MONDO:0015084":0.0,"MONDO:0016783":0.0,"MONDO:0100119":0.0,"MONDO:0859576":0.0,"MONDO:0859577":0.0,"none_suitable":0.99}	jev	jev-1.13.0	efo/v3.94.0	2026-09-28
diagnoses - secondary icd10: k29.8 duodenitis	0.990000	0.980000	MONDO:0018640	secondary vasculitis	{"EFO:0002222":0.0,"EFO:0002305":0.0,"EFO:0006283":0.0,"EFO:0006654":0.0,"EFO:0006737":0.0,"EFO:0022554":0.0,"EFO:0022810":0.0,"MONDO:0001200":0.0,"MONDO:0018640":0.01,"MONDO:0054849":0.0,"none_suitable":0.99}	jev	jev-1.13.0	efo/v3.94.0	2026-09-28
diagnoses - secondary icd10: m10.99 gout, unspecified (site unspecified)	0.990000	0.980000	MONDO:0006966	secondary Parkinson disease	{"BFO:0000029":0.0,"CHEBI:19289":0.0,"EFO:0000288":0.0,"EFO:0000688":0.0,"EFO:0008892":0.0,"EFO:0008926":0.0,"MONDO:0006966":0.01,"OBA:2043347":0.0,"PR:000005516":0.0,"PR:000010566":0.0,"none_suitable":0.99}	jev	jev-1.13.0	efo/v3.94.0	2026-09-28
diagnoses - secondary icd10: m17.9 gonarthrosis, unspecified	1.000000	1.000000	MONDO:0024881	secondary malignant neoplasm	{"EFO:0004929":0.0,"EFO:0004930":0.0,"EFO:0006485":0.0,"EFO:0022745":0.0,"EFO:0022817":0.0,"HP:0008180":0.0,"MONDO:0006966":0.0,"MONDO:0011198":0.0,"MONDO:0024881":0.0,"UBERON:0001927":0.0,"none_suitable":1.0}	jev	jev-1.13.0	efo/v3.94.0	2026-09-28
diagnoses - secondary icd10: n81.1 cystocele	0.970000	0.950000	HP:0000015	Bladder diverticulum	{"CHEBI:36459":0.0,"EFO:0001194":0.0,"EFO:0002048":0.0,"EFO:0002049":0.0,"EFO:0002707":0.0,"EFO:0002803":0.0,"HP:0000015":0.02,"MONDO:0008628":0.01,"MONDO:0010805":0.0,"MONDO:0018844":0.0,"none_suitable":0.97}	jev	jev-1.13.0	efo/v3.94.0	2026-09-28
diagnoses - secondary icd10: n95.0 postmenopausal bleeding	0.860000	0.750000	EFO:0010685	menopausal or post-menopausal disease	{"EFO:0002721":0.02,"EFO:0006965":0.0,"EFO:0006967":0.0,"EFO:0006972":0.0,"EFO:0010685":0.11,"MONDO:0001200":0.0,"MONDO:0001410":0.01,"MONDO:0005928":0.0,"MONDO:0018640":0.0,"MONDO:0020115":0.0,"none_suitable":0.86}	jev	jev-1.13.0	efo/v3.94.0	2026-09-28
diagnoses - secondary icd10: r50.9 fever, unspecified	1.000000	1.000000	EFO:0004401	Theiler stage 9	{"EFO:0002248":0.0,"EFO:0004401":0.0,"EFO:0004409":0.0,"EFO:0006485":0.0,"EFO:0022745":0.0,"MONDO:0005920":0.0,"MONDO:0005947":0.0,"MONDO:0006941":0.0,"MONDO:0006966":0.0,"MONDO:0021670":0.0,"none_suitable":1.0}	jev	jev-1.13.0	efo/v3.94.0	2026-09-28
diagnoses - secondary icd10: r69 unknown and unspecified causes of morbidity	0.939394	0.888889	EFO:0003952	fever of unknown origin	{"EFO:0001756":0.0,"EFO:0003952":0.050505050505050504,"EFO:0009518":0.0101010101010101,"EFO:0030051":0.0,"HP:0000175":0.0,"MONDO:0001672":0.0,"MONDO:0002246":0.0,"MONDO:0004995":0.0,"MONDO:0005154":0.0,"MONDO:0006533":0.0,"none_suitable":0.9393939393939393}	jev	jev-1.13.0	efo/v3.94.0	2026-09-28
diagnoses - secondary icd10: w01.0 home	0.990000	0.980000	EFO:0001756	disease state design	{"EFO:0001756":0.01,"EFO:0002249":0.0,"EFO:0006965":0.0,"EFO:0006967":0.0,"EFO:0006972":0.0,"EFO:0006974":0.0,"EFO:0006976":0.0,"EFO:0009642":0.0,"EFO:0030043":0.0,"EFO:0030046":0.0,"none_suitable":0.99}	jev	jev-1.13.0	efo/v3.94.0	2026-09-28
diagnoses - secondary icd10: w01.9 unspecified place	0.950000	0.910000	MONDO:0001200	secondary hypertension	{"EFO:0006485":0.0,"EFO:0022745":0.0,"EFO:0022817":0.0,"MONDO:0001200":0.04,"MONDO:0006966":0.01,"PO:0007067":0.0,"PO:0007072":0.0,"PO:0007094":0.0,"PO:0007119":0.0,"PO:0007120":0.0,"none_suitable":0.95}	jev	jev-1.13.0	efo/v3.94.0	2026-09-28
diagnoses - secondary icd10: w10.0 home	0.990000	0.980000	EFO:0001756	disease state design	{"EFO:0001756":0.01,"EFO:0002249":0.0,"EFO:0006965":0.0,"EFO:0006967":0.0,"EFO:0006972":0.0,"EFO:0006974":0.0,"EFO:0006976":0.0,"EFO:0009642":0.0,"EFO:0030043":0.0,"EFO:0030046":0.0,"none_suitable":0.99}	jev	jev-1.13.0	efo/v3.94.0	2026-09-28
diagnoses - secondary icd10: w19.9 unspecified place	0.990000	0.980000	MONDO:0005426	MRI defined brain infarct	{"EFO:0006485":0.0,"EFO:0022745":0.0,"EFO:0022817":0.0,"MONDO:0001200":0.0,"MONDO:0005426":0.01,"MONDO:0006966":0.0,"PO:0007067":0.0,"PO:0007072":0.0,"PO:0007119":0.0,"PO:0007120":0.0,"none_suitable":0.99}	jev	jev-1.13.0	efo/v3.94.0	2026-09-28
diagnoses - secondary icd10: x59.9 unspecified place	1.000000	1.000000	EFO:0020581	mitogen-activated protein kinase 9 measurement	{"EFO:0006485":0.0,"EFO:0020581":0.0,"EFO:0022745":0.0,"EFO:0022817":0.0,"MONDO:0001200":0.0,"MONDO:0006966":0.0,"MONDO:0859614":0.0,"OBA:2057880":0.0,"PO:0007117":0.0,"PO:0007120":0.0,"none_suitable":1.0}	jev	jev-1.13.0	efo/v3.94.0	2026-09-28
diagnoses - secondary icd10: y43.3 other antineoplastic drugs	0.920000	0.890000	OBA:2040028	trait in response to melphalan	{"CHEBI:20070":0.0,"CHEBI:57998":0.0,"EFO:0002046":0.0,"EFO:0002854":0.0,"EFO:0030047":0.0,"MONDO:0024878":0.01,"MONDO:0024881":0.01,"MONDO:0024882":0.03,"MONDO:0045054":0.0,"OBA:2040028":0.03,"none_suitable":0.92}	jev	jev-1.13.0	efo/v3.94.0	2026-09-28
diagnoses - secondary icd10: z03.4 observation for suspected myocardial infarction	0.970000	0.960000	MONDO:0005068	myocardial infarction	{"EFO:0008584":0.0,"EFO:0008585":0.0,"EFO:0008586":0.0,"EFO:0009953":0.0,"EFO:0920101":0.0,"MONDO:0002824":0.0,"MONDO:0004781":0.01,"MONDO:0005068":0.01,"MONDO:0006803":0.0,"MONDO:0024644":0.01,"none_suitable":0.97}	jev	jev-1.13.0	efo/v3.94.0	2026-09-28
diagnoses - secondary icd10: z03.8 observation for other suspected diseases and conditions	1.000000	1.000000	MONDO:0000001	disease	{"EFO:0009518":0.0,"EFO:0030050":0.0,"EFO:0030051":0.0,"MONDO:0000001":0.0,"MONDO:0004980":0.0,"MONDO:0005151":0.0,"MONDO:0005230":0.0,"MONDO:0017145":0.0,"MONDO:0043543":0.0,"Orphanet:91088":0.0,"none_suitable":1.0}	jev	jev-1.13.0	efo/v3.94.0	2026-09-28
diagnoses - secondary icd10: z13.0 special screening examination for diseases of the blood and blood-forming organs and certain disorders involving the immune mechanism	0.980000	0.970000	MONDO:0005570	hematologic disorder	{"EFO:0005635":0.0,"HP:0001871":0.01,"HP:0002715":0.0,"HP:0010978":0.0,"MONDO:0002977":0.0,"MONDO:0004805":0.0,"MONDO:0005046":0.0,"MONDO:0005570":0.01,"MONDO:0009042":0.0,"MONDO:0044986":0.0,"none_suitable":0.98}	jev	jev-1.13.0	efo/v3.94.0	2026-09-28
diagnoses - secondary icd10: z37.0 single live birth	0.940000	0.910000	EFO:0006921	birth measurement	{"EFO:0004804":0.03,"EFO:0006917":0.0,"EFO:0006921":0.03,"EFO:0006965":0.0,"EFO:0006967":0.0,"EFO:0022963":0.0,"HP:0001525":0.0,"HP:0003826":0.0,"HP:0008846":0.0,"HP:0008897":0.0,"none_suitable":0.9400000000000001}	jev	jev-1.13.0	efo/v3.94.0	2026-09-28
diagnoses - secondary icd10: z50.1 other physical therapy	1.000000	1.000000	MONDO:0001200	secondary hypertension	{"CHEBI:36459":0.0,"EFO:0001194":0.0,"EFO:0002048":0.0,"EFO:0002049":0.0,"EFO:0009518":0.0,"EFO:0009519":0.0,"EFO:0030051":0.0,"MONDO:0001200":0.0,"MONDO:0004995":0.0,"MONDO:0005172":0.0,"none_suitable":1.0}	jev	jev-1.13.0	efo/v3.94.0	2026-09-28
diagnoses - secondary icd10: z51.0 radiotherapy session	0.930000	0.860000	EFO:0010950	response to cranial radiation therapy	{"EFO:0004952":0.0,"EFO:0006965":0.0,"EFO:0006967":0.0,"EFO:0006972":0.0,"EFO:0006974":0.0,"EFO:0006976":0.0,"EFO:0007754":0.0,"EFO:0010950":0.07,"EFO:0030043":0.0,"OBA:2040091":0.0,"none_suitable":0.93}	jev	jev-1.13.0	efo/v3.94.0	2026-09-28
diagnoses - secondary icd10: z51.1 chemotherapy session for neoplasm	0.920000	0.850000	EFO:0007965	response to combination chemotherapy	{"EFO:0007965":0.07,"EFO:0020844":0.0,"EFO:0021523":0.0,"EFO:0021535":0.01,"EFO:0030047":0.0,"GO:1990054":0.0,"MONDO:0024881":0.0,"MONDO:0024882":0.0,"OBA:2040028":0.0,"OBA:2040091":0.0,"none_suitable":0.92}	jev	jev-1.13.0	efo/v3.94.0	2026-09-28
diagnoses - secondary icd10: z51.2 other chemotherapy	0.980000	0.970000	MONDO:0024878	secondary carcinoma	{"CHEBI:142420":0.0,"CHEBI:36458":0.0,"CHEBI:76273":0.0,"EFO:0007965":0.01,"EFO:0021535":0.0,"EFO:0030047":0.0,"GO:1990054":0.0,"MONDO:0005585":0.0,"MONDO:0024878":0.01,"OBA:2040028":0.0,"none_suitable":0.98}	jev	jev-1.13.0	efo/v3.94.0	2026-09-28
diagnoses - secondary icd10: z51.5 palliative care	1.000000	1.000000	MONDO:0024878	secondary carcinoma	{"EFO:0002047":0.0,"EFO:0002075":0.0,"EFO:0002855":0.0,"EFO:0002861":0.0,"EFO:0006308":0.0,"EFO:0030043":0.0,"EFO:0030047":0.0,"EFO:0030050":0.0,"MONDO:0024878":0.0,"MONDO:0045054":0.0,"none_suitable":1.0}	jev	jev-1.13.0	efo/v3.94.0	2026-09-28
diagnoses - secondary icd10: z53.0 procedure not carried out because of contraindication	1.000000	1.000000	MONDO:0001530	secondary hyperparathyroidism of renal origin	{"HP:0007185":0.0,"MONDO:0000375":0.0,"MONDO:0001530":0.0,"MONDO:0002691":0.0,"MONDO:0003315":0.0,"PR:000018802":0.0,"PR:000020266":0.0,"PR:000020273":0.0,"PR:000020275":0.0,"PR:000020277":0.0,"none_suitable":1.0}	jev	jev-1.13.0	efo/v3.94.0	2026-09-28
diagnoses - secondary icd10: z53.2 procedure not carried out because of patient's decision for other and unspecified reasons	1.000000	1.000000	MONDO:0004995	cardiovascular disorder	{"GO:0051726":0.0,"MONDO:0001672":0.0,"MONDO:0002246":0.0,"MONDO:0004995":0.0,"MONDO:0005085":0.0,"MONDO:0006363":0.0,"MONDO:0019040":0.0,"Orphanet:68335":0.0,"Orphanet:79062":0.0,"PR:000002088":0.0,"none_suitable":1.0}	jev	jev-1.13.0	efo/v3.94.0	2026-09-28
diagnoses - secondary icd10: z53.8 procedure not carried out for other reasons	0.950000	0.900000	EFO:0009518	complication	{"EFO:0006654":0.0,"EFO:0006737":0.0,"EFO:0009518":0.05,"MONDO:0002691":0.0,"MONDO:0004995":0.0,"MONDO:0016598":0.0,"PR:000019290":0.0,"PR:000020266":0.0,"PR:000020273":0.0,"PR:000021876":0.0,"none_suitable":0.95}	jev	jev-1.13.0	efo/v3.94.0	2026-09-28
diagnoses - secondary icd10: z53.9 procedure not carried out, unspecified reason	0.990000	0.980000	EFO:0020002	lack of efficacy	{"EFO:0009518":0.0,"EFO:0009519":0.0,"EFO:0020002":0.01,"MONDO:0004964":0.0,"MONDO:0004995":0.0,"MONDO:0005436":0.0,"MONDO:0006966":0.0,"MONDO:0016598":0.0,"OBA:2043340":0.0,"PR:000020273":0.0,"none_suitable":0.99}	jev	jev-1.13.0	efo/v3.94.0	2026-09-28
diagnoses - secondary icd10: z85.5 personal history of malignant neoplasm of urinary tract	0.870000	0.750000	MONDO:0006295	malignant urinary system neoplasm	{"EFO:0006771":0.0,"EFO:0009640":0.01,"EFO:0022648":0.0,"MONDO:0003443":0.0,"MONDO:0003755":0.0,"MONDO:0004504":0.0,"MONDO:0005519":0.0,"MONDO:0006295":0.12,"MONDO:0021296":0.0,"MONDO:0040678":0.0,"none_suitable":0.87}	jev	jev-1.13.0	efo/v3.94.0	2026-09-28
diagnoses - secondary icd10: z85.8 personal history of malignant neoplasms of other organs and systems	0.960000	0.940000	MONDO:0045054	cancer-related condition	{"EFO:0009140":0.0,"EFO:0009640":0.01,"EFO:1000858":0.0,"MONDO:0001672":0.0,"MONDO:0003046":0.0,"MONDO:0003312":0.0,"MONDO:0004956":0.0,"MONDO:0021355":0.0,"MONDO:0024881":0.01,"MONDO:0045054":0.02,"none_suitable":0.96}	jev	jev-1.13.0	efo/v3.94.0	2026-09-28
diagnoses - secondary icd10: z86.0 personal history of other neoplasms	0.970000	0.950000	MONDO:0045054	cancer-related condition	{"EFO:0021423":0.0,"EFO:0021798":0.0,"EFO:0030047":0.0,"EFO:0600083":0.0,"EFO:0900004":0.0,"EFO:0900005":0.0,"MONDO:0002807":0.0,"MONDO:0004956":0.0,"MONDO:0024881":0.01,"MONDO:0045054":0.02,"none_suitable":0.97}	jev	jev-1.13.0	efo/v3.94.0	2026-09-28
diagnoses - secondary icd10: z86.1 personal history of infectious and parasitic diseases	0.950000	0.900000	MONDO:0005550	infectious disease	{"EFO:0021915":0.0,"MONDO:0002269":0.0,"MONDO:0002917":0.0,"MONDO:0005135":0.0,"MONDO:0005136":0.0,"MONDO:0005550":0.05,"MONDO:0005894":0.0,"MONDO:0019121":0.0,"MONDO:0024610":0.0,"MONDO:0024969":0.0,"none_suitable":0.95}	jev	jev-1.13.0	efo/v3.94.0	2026-09-28
diagnoses - secondary icd10: z86.6 personal history of diseases of the nervous system and sense organs	0.940000	0.880000	MONDO:0005071	nervous system disorder	{"HP:0007367":0.0,"MONDO:0000568":0.0,"MONDO:0002602":0.0,"MONDO:0003620":0.0,"MONDO:0005071":0.06,"MONDO:0005559":0.0,"MONDO:0020010":0.0,"MONDO:0020800":0.0,"MONDO:0024619":0.0,"UBERON:0000955":0.0,"none_suitable":0.9400000000000001}	jev	jev-1.13.0	efo/v3.94.0	2026-09-28
diagnoses - secondary icd10: z87.1 personal history of diseases of the digestive system	0.850000	0.750000	EFO:0010282	gastrointestinal disease	{"EFO:0010282":0.1,"GO:0044058":0.0,"HP:0011024":0.0,"HP:0012718":0.0,"HP:0025031":0.0,"MONDO:0004335":0.05,"MONDO:0005020":0.0,"MONDO:0006181":0.0,"MONDO:0021223":0.0,"UBERON:0001007":0.0,"none_suitable":0.85}	jev	jev-1.13.0	efo/v3.94.0	2026-09-28
diagnoses - secondary icd10: z90.1 acquired absence of breast(s)	0.960000	0.940000	HP:0100783	Breast aplasia	{"EFO:0008500":0.0,"HP:0000769":0.02,"HP:0100783":0.02,"MONDO:0002648":0.0,"MONDO:0002657":0.0,"MONDO:0003126":0.0,"MONDO:0003725":0.0,"MONDO:0004534":0.0,"MONDO:0006118":0.0,"OBA:1000025":0.0,"none_suitable":0.96}	jev	jev-1.13.0	efo/v3.94.0	2026-09-28
diagnoses - secondary icd10: z90.4 acquired absence of other parts of digestive tract	0.980000	0.970000	HP:0025031	Abnormality of the digestive system	{"EFO:0700116":0.0,"HP:0012719":0.0,"HP:0025031":0.01,"MONDO:0000777":0.0,"Orphanet:183545":0.0,"UBERON:0001007":0.0,"UBERON:0001555":0.01,"UBERON:0004907":0.0,"UBERON:0004908":0.0,"UBERON:0009854":0.0,"none_suitable":0.98}	jev	jev-1.13.0	efo/v3.94.0	2026-09-28
diagnoses - secondary icd10: z92.2 personal history of long-term (current) use of other medicaments	0.950000	0.910000	MONDO:0005303	drug dependence	{"EFO:0009714":0.0,"EFO:0021798":0.01,"HP:0011010":0.0,"HP:0012532":0.0,"MONDO:0002046":0.0,"MONDO:0005303":0.04,"MONDO:0005689":0.0,"MONDO:0016901":0.0,"MONDO:0016953":0.0,"OBA:2050907":0.0,"none_suitable":0.95}	jev	jev-1.13.0	efo/v3.94.0	2026-09-28
diagnoses - secondary icd10: z92.3 personal history of irradiation	1.000000	1.000000	EFO:0006912	Radiation-induced nausea and vomiting	{"EFO:0004952":0.0,"EFO:0006912":0.0,"EFO:0008608":0.0,"EFO:0021423":0.0,"EFO:0021798":0.0,"EFO:0030043":0.0,"EFO:0600083":0.0,"EFO:0900004":0.0,"EFO:0900005":0.0,"MONDO:0005087":0.0,"none_suitable":1.0}	jev	jev-1.13.0	efo/v3.94.0	2026-09-28
diagnoses - secondary icd10: z96.1 presence of intraocular lens	0.990000	0.980000	HP:0000517	Abnormal lens morphology	{"EFO:0008625":0.0,"EFO:0800648":0.0,"EFO:0800650":0.0,"HP:0000517":0.01,"MONDO:0001176":0.0,"MONDO:0020355":0.0,"MONDO:0045050":0.0,"MONDO:0045051":0.0,"UBERON:0000389":0.0,"UBERON:0000390":0.0,"none_suitable":0.99}	jev	jev-1.13.0	efo/v3.94.0	2026-09-28
diagnoses - secondary icd10: z96.6 presence of orthopaedic joint implants	0.970000	0.950000	EFO:0020974	revision of total joint arthroplasty	{"EFO:0009761":0.01,"EFO:0020974":0.02,"HP:0410257":0.0,"MONDO:0001530":0.0,"MONDO:0005578":0.0,"MONDO:0006816":0.0,"MONDO:0037847":0.0,"MONDO:0041903":0.0,"UBERON:0000982":0.0,"UBERON:0004770":0.0,"none_suitable":0.97}	jev	jev-1.13.0	efo/v3.94.0	2026-09-28
difference in mobile phone use compared to two years previously	1.000000	1.000000	AfPO:0000435	Dendi	{"AfPO:0000435":0.0,"EFO:0802180":0.0,"MONDO:0006139":0.0,"MONDO:0011957":0.0,"OBA:2040000":0.0,"OBA:2040001":0.0,"OBA:2040003":0.0,"OBA:2040004":0.0,"OBA:2040005":0.0,"OBA:2050125":0.0,"none_suitable":1.0}	jev	jev-1.13.0	efo/v3.94.0	2026-09-28
distance between home and job workplace	0.980000	0.960000	EFO:0009583	place of residence measurement	{"EFO:0005241":0.0,"EFO:0007881":0.0,"EFO:0009583":0.02,"EFO:0009723":0.0,"EFO:0022046":0.0,"HP:0000668":0.0,"HP:0002342":0.0,"HP:0002575":0.0,"HP:0008107":0.0,"OBI:0001620":0.0,"none_suitable":0.98}	jev	jev-1.13.0	efo/v3.94.0	2026-09-28
doctor restricts physical activity due to heart condition	0.970000	0.950000	EFO:0003940	physical activity	{"EFO:0003940":0.02,"EFO:0005768":0.0,"EFO:0008002":0.0,"EFO:1001771":0.0,"GO:0008016":0.0,"GO:0045822":0.0,"HP:0011025":0.0,"MONDO:0005267":0.01,"MONDO:0005572":0.0,"MONDO:0012693":0.0,"none_suitable":0.97}	jev	jev-1.13.0	efo/v3.94.0	2026-09-28
double crust pastry intake	1.000000	1.000000	EFO:0009374	energy intake measurement	{"EFO:0003939":0.0,"EFO:0008539":0.0,"EFO:0009374":0.0,"EFO:0010809":0.0,"EFO:0020078":0.0,"EFO:0020079":0.0,"EFO:0020084":0.0,"EFO:0020086":0.0,"EFO:0020087":0.0,"EFO:0020088":0.0,"none_suitable":1.0}	jev	jev-1.13.0	efo/v3.94.0	2026-09-28
doughnut intake	0.980000	0.960000	EFO:0010158	sugar consumption measurement	{"EFO:0003939":0.0,"EFO:0007678":0.0,"EFO:0009374":0.0,"EFO:0010158":0.02,"EFO:0010809":0.0,"EFO:0010810":0.0,"EFO:0010811":0.0,"EFO:0020086":0.0,"EFO:0020088":0.0,"EFO:0020897":0.0,"none_suitable":0.98}	jev	jev-1.13.0	efo/v3.94.0	2026-09-28
dried fruit added to cereal	1.000000	1.000000	PO:0025507	fruit size 50 to 70% stage	{"CHEBI:50505":0.0,"CHEBI:50733":0.0,"NCBITaxon:3750":0.0,"NCBITaxon:4641":0.0,"PO:0007027":0.0,"PO:0007029":0.0,"PO:0025504":0.0,"PO:0025506":0.0,"PO:0025507":0.0,"PO:0025508":0.0,"none_suitable":1.0}	jev	jev-1.13.0	efo/v3.94.0	2026-09-28
drive faster than motorway speed limit	0.960000	0.940000	HP:0000752	Hyperactivity	{"EFO:0004363":0.0,"EFO:0009886":0.0,"EFO:0011062":0.0,"HP:0000752":0.02,"HP:0002983":0.0,"HP:0003561":0.0,"HP:0004325":0.0,"HP:0004972":0.0,"MONDO:0004763":0.0,"PATO:0000912":0.02,"none_suitable":0.96}	jev	jev-1.13.0	efo/v3.94.0	2026-09-28
duration walking for pleasure	0.860000	0.780000	EFO:0000433	duration	{"EFO:0000433":0.08,"EFO:0000483":0.04,"EFO:0005094":0.0,"EFO:0006864":0.0,"EFO:0009822":0.02,"EFO:0010131":0.0,"HP:0001288":0.0,"HP:0030051":0.0,"OBA:1000869":0.0,"OBA:1001086":0.0,"none_suitable":0.86}	jev	jev-1.13.0	efo/v3.94.0	2026-09-28
ease of skin tanning	0.910000	0.850000	OBA:VT0005501	skin physiology trait	{"HP:0011122":0.0,"MONDO:0019289":0.0,"OBA:0002174":0.0,"OBA:0003615":0.0,"OBA:1000459":0.0,"OBA:2050202":0.01,"OBA:2055809":0.0,"OBA:2055811":0.0,"OBA:VT0002095":0.02,"OBA:VT0005501":0.06,"none_suitable":0.91}	jev	jev-1.13.0	efo/v3.94.0	2026-09-28
ecg, load	0.870000	0.800000	EFO:0020939	right ventricular function	{"EFO:0008333":0.01,"EFO:0008335":0.01,"EFO:0008398":0.01,"EFO:0008585":0.0,"EFO:0008586":0.0,"EFO:0009184":0.0,"EFO:0010125":0.01,"EFO:0020939":0.07,"HP:0003115":0.0,"OBA:2045275":0.02,"none_suitable":0.87}	jev	jev-1.13.0	efo/v3.94.0	2026-09-28
ecg, number of stages in a phase	0.910000	0.880000	EFO:0008335	ventricular repolarisation duration measurement	{"EFO:0007928":0.02,"EFO:0008003":0.01,"EFO:0008335":0.03,"GO:0061337":0.01,"OBA:1001086":0.02,"OBA:2051709":0.0,"OBA:2051782":0.0,"OBA:2051965":0.0,"OBA:2052035":0.0,"OBA:2052280":0.0,"none_suitable":0.91}	jev	jev-1.13.0	efo/v3.94.0	2026-09-28
eggs in sandwiches intake	1.000000	1.000000	EFO:0009374	energy intake measurement	{"EFO:0000561":0.0,"EFO:0001795":0.0,"EFO:0007018":0.0,"EFO:0007678":0.0,"EFO:0009374":0.0,"EFO:0010809":0.0,"EFO:0010810":0.0,"EFO:0020081":0.0,"EFO:0020083":0.0,"EFO:0020088":0.0,"none_suitable":1.0}	jev	jev-1.13.0	efo/v3.94.0	2026-09-28
errors before selecting correct item in alphanumeric path (trail #2)	0.990000	0.980000	MONDO:0002039	cognitive disorder	{"MONDO:0002039":0.01,"MONDO:0014224":0.0,"OBA:2050386":0.0,"OBA:2050547":0.0,"OBA:2050575":0.0,"OBA:2050791":0.0,"OBA:2052351":0.0,"PR:000003540":0.0,"PR:Q8TF09":0.0,"PR:Q9BYE9":0.0,"none_suitable":0.99}	jev	jev-1.13.0	efo/v3.94.0	2026-09-28
errors before selecting correct item in numeric path (trail #1)	1.000000	1.000000	OBA:2043305	level of roundabout homolog 1 in blood serum	{"CLO:0027048":0.0,"EFO:0001321":0.0,"EFO:0008949":0.0,"EFO:0010201":0.0,"MONDO:0008575":0.0,"OBA:2043305":0.0,"OBA:2050597":0.0,"OBA:2050621":0.0,"OBA:2050661":0.0,"OBA:2050663":0.0,"none_suitable":1.0}	jev	jev-1.13.0	efo/v3.94.0	2026-09-28
ever had breast cancer screening / mammogram	1.000000	1.000000	EFO:0002885	breast cancer cell line	{"EFO:0002885":0.0,"EFO:0005603":0.0,"EFO:0005606":0.0,"EFO:0009649":0.0,"EFO:0022984":0.0,"HP:0006625":0.0,"HP:0032408":0.0,"MONDO:0000618":0.0,"MONDO:0004990":0.0,"OBA:2050192":0.0,"none_suitable":1.0}	jev	jev-1.13.0	efo/v3.94.0	2026-09-28
ever had cervical smear test	0.990000	0.980000	EFO:0009511	abnormal PAP smear	{"EFO:0009511":0.01,"EFO:0022934":0.0,"EFO:1000165":0.0,"MONDO:0000751":0.0,"MONDO:0002761":0.0,"MONDO:0003631":0.0,"MONDO:0006137":0.0,"MONDO:0006139":0.0,"MONDO:0006696":0.0,"UBERON:0004801":0.0,"none_suitable":0.99}	jev	jev-1.13.0	efo/v3.94.0	2026-09-28
ever had prostate specific antigen (psa) test	0.990000	0.980000	OBA:2040412	level of prostate-specific antigen in blood serum	{"MONDO:0003105":0.0,"OBA:2040412":0.01,"OBA:2050200":0.0,"OBA:2051654":0.0,"OBA:2056835":0.0,"PR:000003015":0.0,"PR:000013340":0.0,"PR:000018779":0.0,"PR:000018780":0.0,"PR:P07288":0.0,"none_suitable":0.99}	jev	jev-1.13.0	efo/v3.94.0	2026-09-28
external causes: w01.9 unspecified place	0.880000	0.760000	EFO:0009629	event	{"AfPO:0000270":0.0,"EFO:0001351":0.0,"EFO:0002246":0.0,"EFO:0006485":0.0,"EFO:0009629":0.12,"EFO:0022745":0.0,"EFO:0022817":0.0,"MONDO:0019498":0.0,"MONDO:0957572":0.0,"PR:000002318":0.0,"none_suitable":0.88}	jev	jev-1.13.0	efo/v3.94.0	2026-09-28
external causes: w19.9 unspecified place	0.900000	0.800000	EFO:0009629	event	{"AfPO:0000270":0.0,"EFO:0002175":0.0,"EFO:0002342":0.0,"EFO:0006485":0.0,"EFO:0009629":0.1,"EFO:0022745":0.0,"EFO:0022817":0.0,"MONDO:0019498":0.0,"MONDO:0957572":0.0,"PR:000002318":0.0,"none_suitable":0.9}	jev	jev-1.13.0	efo/v3.94.0	2026-09-28
external causes: x59.9 unspecified place	1.000000	1.000000	EFO:0020581	mitogen-activated protein kinase 9 measurement	{"ECTO:0000724":0.0,"EFO:0006485":0.0,"EFO:0006957":0.0,"EFO:0020581":0.0,"EFO:0022745":0.0,"EFO:0022817":0.0,"HP:0030234":0.0,"MONDO:0030465":0.0,"MONDO:0957572":0.0,"PR:000021864":0.0,"none_suitable":1.0}	jev	jev-1.13.0	efo/v3.94.0	2026-09-28
external causes: y83.8 other surgical procedures	0.870000	0.810000	EFO:0002571	medical procedure	{"EFO:0002571":0.06,"EFO:0006654":0.0,"EFO:0006737":0.0,"EFO:0007686":0.0,"EFO:0009658":0.02,"EFO:0009744":0.02,"EFO:0009951":0.01,"EFO:0030051":0.0,"MONDO:0100369":0.0,"MONDO:0100426":0.02,"none_suitable":0.87}	jev	jev-1.13.0	efo/v3.94.0	2026-09-28
family relationship satisfaction	0.860000	0.740000	EFO:0004424	family relationship	{"EFO:0000493":0.0,"EFO:0001429":0.0,"EFO:0003935":0.0,"EFO:0004424":0.12,"EFO:0004802":0.0,"EFO:0009724":0.0,"EFO:0009725":0.02,"EFO:0009726":0.0,"OBA:1000407":0.0,"PR:000003425":0.0,"none_suitable":0.86}	jev	jev-1.13.0	efo/v3.94.0	2026-09-28
fat removed from meat	0.950000	0.920000	EFO:0010809	fat intake measurement	{"CL:0000136":0.0,"EFO:0007678":0.01,"EFO:0007684":0.0,"EFO:0007800":0.01,"EFO:0010809":0.03,"EFO:0020098":0.0,"EFO:0021534":0.0,"OBA:2050196":0.0,"UBERON:0001347":0.0,"UBERON:0035818":0.0,"none_suitable":0.95}	jev	jev-1.13.0	efo/v3.94.0	2026-09-28
father's age	0.900000	0.840000	EFO:0009712	father's age at death	{"EFO:0000246":0.03,"EFO:0004703":0.0,"EFO:0004847":0.0,"EFO:0004918":0.0,"EFO:0005056":0.0,"EFO:0008007":0.01,"EFO:0009101":0.0,"EFO:0009712":0.06,"EFO:0009721":0.0,"HP:0003674":0.0,"none_suitable":0.9}	jev	jev-1.13.0	efo/v3.94.0	2026-09-28
feta intake	0.970000	0.950000	EFO:0010809	fat intake measurement	{"EFO:0003939":0.0,"EFO:0006521":0.01,"EFO:0008355":0.0,"EFO:0009374":0.0,"EFO:0010809":0.02,"EFO:0020081":0.0,"EFO:0020082":0.0,"EFO:0020086":0.0,"EFO:0020088":0.0,"EFO:0800000":0.0,"none_suitable":0.97}	jev	jev-1.13.0	efo/v3.94.0	2026-09-28
fi1 : numeric addition test	0.960000	0.920000	EFO:0000720	test result	{"EFO:0000644":0.0,"EFO:0000720":0.04,"EFO:0004307":0.0,"EFO:0004328":0.0,"EFO:0009643":0.0,"EFO:0020674":0.0,"EFO:0022950":0.0,"EFO:0803040":0.0,"EFO:0803312":0.0,"EFO:0920043":0.0,"none_suitable":0.96}	jev	jev-1.13.0	efo/v3.94.0	2026-09-28
fizzy drink intake	0.890000	0.780000	EFO:0010158	sugar consumption measurement	{"EFO:0003939":0.0,"EFO:0008539":0.0,"EFO:0009374":0.0,"EFO:0010158":0.11,"EFO:0010809":0.0,"EFO:0020082":0.0,"EFO:0020086":0.0,"EFO:0020087":0.0,"EFO:0020088":0.0,"EFO:0020897":0.0,"none_suitable":0.89}	jev	jev-1.13.0	efo/v3.94.0	2026-09-28
flavoured milk intake	0.970000	0.950000	OBA:VT0015043	milk amount	{"EFO:0003939":0.0,"EFO:0007019":0.0,"EFO:0009374":0.01,"EFO:0020086":0.0,"EFO:0020897":0.0,"EFO:0022598":0.0,"EFO:0030020":0.0,"HP:0100829":0.0,"OBA:VT0015043":0.02,"UBERON:0001913":0.0,"none_suitable":0.97}	jev	jev-1.13.0	efo/v3.94.0	2026-09-28
food weight	0.970000	0.940000	EFO:0004338	body weight	{"EFO:0002904":0.0,"EFO:0004338":0.03,"EFO:0004344":0.0,"EFO:0004384":0.0,"EFO:0004566":0.0,"EFO:0005354":0.0,"EFO:0020099":0.0,"HP:0001824":0.0,"OBA:2045292":0.0,"UO:0000163":0.0,"none_suitable":0.97}	jev	jev-1.13.0	efo/v3.94.0	2026-09-28
former alcohol drinker	0.900000	0.830000	EFO:0004329	alcohol drinking	{"ECTO:9000026":0.0,"EFO:0004329":0.07,"EFO:0005602":0.0,"EFO:0007645":0.02,"EFO:0009113":0.0,"MONDO:0002326":0.0,"MONDO:0005432":0.0,"MONDO:0005433":0.0,"MONDO:0007079":0.0,"OBA:1000840":0.01,"none_suitable":0.9}	jev	jev-1.13.0	efo/v3.94.0	2026-09-28
fortified wine intake	1.000000	1.000000	EFO:0006949	wine liking measurement	{"EFO:0003939":0.0,"EFO:0006947":0.0,"EFO:0006948":0.0,"EFO:0006949":0.0,"EFO:0008539":0.0,"EFO:0009374":0.0,"EFO:0010158":0.0,"EFO:0020082":0.0,"EFO:0020086":0.0,"EFO:0020897":0.0,"none_suitable":1.0}	jev	jev-1.13.0	efo/v3.94.0	2026-09-28
frequency of friend/family visits	0.980000	0.960000	EFO:0009725	friendship satisfaction measurement	{"EFO:0004424":0.0,"EFO:0004802":0.0,"EFO:0005606":0.0,"EFO:0009725":0.02,"EFO:0009788":0.0,"EFO:0021423":0.0,"EFO:0600083":0.0,"EFO:0900004":0.0,"EFO:0900005":0.0,"OBA:2045221":0.0,"none_suitable":0.98}	jev	jev-1.13.0	efo/v3.94.0	2026-09-28
frequency of heavy diy in last 4 weeks	0.980000	0.960000	MONDO:0005582	binge eating disorder	{"EO:0007199":0.0,"MONDO:0005582":0.02,"MONDO:0015191":0.0,"MONDO:0017574":0.0,"OBA:2041995":0.0,"OBA:2050442":0.0,"OBA:2050935":0.0,"OBA:2051079":0.0,"OBA:2051552":0.0,"Orphanet:104078":0.0,"none_suitable":0.98}	jev	jev-1.13.0	efo/v3.94.0	2026-09-28
frequency of solarium/sunlamp use	0.870000	0.740000	EFO:0010729	sun exposure measurement	{"EFO:0005430":0.0,"EFO:0006869":0.0,"EFO:0007827":0.0,"EFO:0007828":0.0,"EFO:0010729":0.13,"EFO:0021781":0.0,"EFO:0021782":0.0,"EFO:0021785":0.0,"EO:0007153":0.0,"OBA:2045221":0.0,"none_suitable":0.87}	jev	jev-1.13.0	efo/v3.94.0	2026-09-28
frequency of travelling from home to job workplace	0.940000	0.880000	EFO:0008002	physical activity measurement	{"EFO:0007828":0.0,"EFO:0007881":0.0,"EFO:0008002":0.06,"EFO:0008627":0.0,"EFO:0009723":0.0,"EFO:0600081":0.0,"GO:0048583":0.0,"HP:0002505":0.0,"HP:0002719":0.0,"OBA:2045221":0.0,"none_suitable":0.94}	jev	jev-1.13.0	efo/v3.94.0	2026-09-28
fresh fruit intake	0.960000	0.930000	EFO:0020897	citrus intake measurement	{"EFO:0009374":0.0,"EFO:0010158":0.0,"EFO:0020077":0.0,"EFO:0020081":0.0,"EFO:0020082":0.01,"EFO:0020084":0.0,"EFO:0020085":0.0,"EFO:0020086":0.0,"EFO:0020088":0.0,"EFO:0020897":0.03,"none_suitable":0.96}	jev	jev-1.13.0	efo/v3.94.0	2026-09-28
fresh tomato intake	0.930000	0.870000	NCBITaxon:4081	Solanum lycopersicum	{"EFO:0020077":0.0,"EFO:0020080":0.0,"EFO:0020082":0.01,"EFO:0020083":0.0,"EFO:0020085":0.0,"EFO:0020086":0.0,"EFO:0020088":0.0,"EFO:0020089":0.0,"EFO:0020897":0.0,"NCBITaxon:4081":0.06,"none_suitable":0.93}	jev	jev-1.13.0	efo/v3.94.0	2026-09-28
fried potatoes intake	1.000000	1.000000	EFO:0009374	energy intake measurement	{"EFO:0003939":0.0,"EFO:0007678":0.0,"EFO:0007684":0.0,"EFO:0009374":0.0,"EFO:0010809":0.0,"EFO:0020080":0.0,"EFO:0020087":0.0,"EFO:0020088":0.0,"MONDO:0019428":0.0,"NCBITaxon:4113":0.0,"none_suitable":1.0}	jev	jev-1.13.0	efo/v3.94.0	2026-09-28
fruit consumers	0.850000	0.700000	EFO:0020897	citrus intake measurement	{"EFO:0020897":0.15,"HANCESTRO:0498":0.0,"NCBITaxon:4641":0.0,"OBA:2045292":0.0,"PO:0001002":0.0,"PO:0007001":0.0,"PO:0009001":0.0,"PO:0025501":0.0,"PO:0025502":0.0,"PO:0025507":0.0,"none_suitable":0.85}	jev	jev-1.13.0	efo/v3.94.0	2026-09-28
fruit smoothie intake	1.000000	1.000000	EFO:0020897	citrus intake measurement	{"EFO:0003939":0.0,"EFO:0008539":0.0,"EFO:0009374":0.0,"EFO:0010158":0.0,"EFO:0010811":0.0,"EFO:0020082":0.0,"EFO:0020084":0.0,"EFO:0020086":0.0,"EFO:0020088":0.0,"EFO:0020897":0.0,"none_suitable":1.0}	jev	jev-1.13.0	efo/v3.94.0	2026-09-28
fruitcake intake	1.000000	1.000000	EFO:0020897	citrus intake measurement	{"EFO:0009374":0.0,"EFO:0010158":0.0,"EFO:0010810":0.0,"EFO:0010811":0.0,"EFO:0020078":0.0,"EFO:0020079":0.0,"EFO:0020084":0.0,"EFO:0020087":0.0,"EFO:0020088":0.0,"EFO:0020897":0.0,"none_suitable":1.0}	jev	jev-1.13.0	efo/v3.94.0	2026-09-28
garlic bread intake	1.000000	1.000000	EFO:0010158	sugar consumption measurement	{"EFO:0003939":0.0,"EFO:0006521":0.0,"EFO:0009374":0.0,"EFO:0010157":0.0,"EFO:0010158":0.0,"EFO:0010811":0.0,"EFO:0020087":0.0,"EFO:0020088":0.0,"EFO:0020897":0.0,"GO:0050892":0.0,"none_suitable":1.0}	jev	jev-1.13.0	efo/v3.94.0	2026-09-28
garlic intake	1.000000	1.000000	EFO:0020897	citrus intake measurement	{"EFO:0003939":0.0,"EFO:0006521":0.0,"EFO:0009825":0.0,"EFO:0010158":0.0,"EFO:0010811":0.0,"EFO:0020080":0.0,"EFO:0020087":0.0,"EFO:0020088":0.0,"EFO:0020897":0.0,"GO:0050892":0.0,"none_suitable":1.0}	jev	jev-1.13.0	efo/v3.94.0	2026-09-28
gas or solid-fuel cooking/heating: a gas fire that you use regularly in winter time	0.980000	0.970000	EFO:0020910	thermal burn	{"EFO:0001702":0.0,"EFO:0009924":0.0,"EFO:0020910":0.01,"EO:0007319":0.01,"HANCESTRO:0807":0.0,"OBA:2040068":0.0,"OBA:2051965":0.0,"OBI:0400108":0.0,"Orphanet:309136":0.0,"UO:0000005":0.0,"none_suitable":0.98}	jev	jev-1.13.0	efo/v3.94.0	2026-09-28
gas or solid-fuel cooking/heating: a gas hob or gas cooker	1.000000	1.000000	OBI:0400108	heating block	{"CHEBI:138675":0.0,"COB:0000026":0.0,"EFO:0009821":0.0,"EFO:0020910":0.0,"EO:0001055":0.0,"EO:0007319":0.0,"MONDO:0004990":0.0,"MONDO:0005767":0.0,"OBI:0400108":0.0,"OBI:0400155":0.0,"none_suitable":1.0}	jev	jev-1.13.0	efo/v3.94.0	2026-09-28
gas or solid-fuel cooking/heating: an open solid fuel fire that you use regularly in winter time	0.990000	0.980000	EO:0007319	warm/hot air temperature regimen	{"CHEBI:138675":0.0,"EFO:0001702":0.0,"EFO:0009924":0.0,"EFO:0009926":0.0,"EFO:0020910":0.0,"EO:0001055":0.0,"EO:0007319":0.01,"HANCESTRO:0807":0.0,"OBI:0400108":0.0,"UO:0000005":0.0,"none_suitable":0.99}	jev	jev-1.13.0	efo/v3.94.0	2026-09-28
gas or solid-fuel cooking/heating: none of the above	1.000000	1.000000	EFO:0020910	thermal burn	{"EFO:0010717":0.0,"EFO:0020910":0.0,"EFO:1000542":0.0,"EO:0001055":0.0,"EO:0007319":0.0,"MONDO:0002545":0.0,"MONDO:0003532":0.0,"MONDO:0004382":0.0,"MONDO:0100010":0.0,"NCBITaxon:13773":0.0,"none_suitable":1.0}	jev	jev-1.13.0	efo/v3.94.0	2026-09-28
goat's cheese intake	1.000000	1.000000	EFO:0009374	energy intake measurement	{"EFO:0003939":0.0,"EFO:0006521":0.0,"EFO:0009374":0.0,"EFO:0010811":0.0,"EFO:0020082":0.0,"EFO:0020085":0.0,"EFO:0020086":0.0,"EFO:0020088":0.0,"EFO:0020089":0.0,"EFO:0020090":0.0,"none_suitable":1.0}	jev	jev-1.13.0	efo/v3.94.0	2026-09-28
grape intake	0.980000	0.970000	EFO:0020897	citrus intake measurement	{"EFO:0009374":0.0,"EFO:0010158":0.0,"EFO:0010811":0.0,"EFO:0020081":0.0,"EFO:0020082":0.0,"EFO:0020086":0.0,"EFO:0020088":0.0,"EFO:0020089":0.0,"EFO:0020897":0.01,"NCBITaxon:29760":0.01,"none_suitable":0.98}	jev	jev-1.13.0	efo/v3.94.0	2026-09-28
green bean intake	1.000000	1.000000	EFO:0020897	citrus intake measurement	{"EFO:0008355":0.0,"EFO:0009374":0.0,"EFO:0010810":0.0,"EFO:0010811":0.0,"EFO:0020084":0.0,"EFO:0020086":0.0,"EFO:0020088":0.0,"EFO:0020089":0.0,"EFO:0020897":0.0,"EO:0007248":0.0,"none_suitable":1.0}	jev	jev-1.13.0	efo/v3.94.0	2026-09-28
ham intake	0.970000	0.950000	EFO:0008355	dietary heme iron intake measurement	{"EFO:0003939":0.0,"EFO:0008355":0.02,"EFO:0009374":0.0,"EFO:0010810":0.01,"EFO:0020077":0.0,"EFO:0020078":0.0,"EFO:0020081":0.0,"EFO:0020083":0.0,"EFO:0020087":0.0,"EFO:0020088":0.0,"none_suitable":0.97}	jev	jev-1.13.0	efo/v3.94.0	2026-09-28
hands-free device/speakerphone use with mobile phone in last 3 month	1.000000	1.000000	EFO:0022267	free cholesterol in medium HDL measurement	{"EFO:0008802":0.0,"EFO:0009242":0.0,"EFO:0022181":0.0,"EFO:0022264":0.0,"EFO:0022267":0.0,"EFO:0022282":0.0,"EFO:0022617":0.0,"MONDO:0010641":0.0,"OBA:0003460":0.0,"OBA:2044314":0.0,"none_suitable":1.0}	jev	jev-1.13.0	efo/v3.94.0	2026-09-28
hard cheese intake	1.000000	1.000000	EFO:0006521	calcium intake measurement	{"EFO:0003939":0.0,"EFO:0006521":0.0,"EFO:0008539":0.0,"EFO:0009374":0.0,"EFO:0010158":0.0,"EFO:0010809":0.0,"EFO:0020086":0.0,"EFO:0020088":0.0,"EFO:0020090":0.0,"EFO:0020897":0.0,"none_suitable":1.0}	jev	jev-1.13.0	efo/v3.94.0	2026-09-28
heating type(s) in home: electric storage heaters	0.970000	0.940000	EFO:0006924	household air pollution measurement	{"CL:0000211":0.0,"EFO:0005109":0.0,"EFO:0006924":0.03,"MONDO:0014265":0.0,"OBA:2041038":0.0,"OBA:2052776":0.0,"OBA:2100198":0.0,"OBA:2100271":0.0,"OBI:0400108":0.0,"OBI:0400117":0.0,"none_suitable":0.97}	jev	jev-1.13.0	efo/v3.94.0	2026-09-28
heating type(s) in home: gas central heating	0.930000	0.870000	EFO:0006924	household air pollution measurement	{"CHEBI:23014":0.0,"EFO:0006924":0.06,"EO:0001055":0.0,"EO:0007319":0.01,"HANCESTRO:0773":0.0,"HANCESTRO:0834":0.0,"MONDO:0008302":0.0,"MONDO:0014137":0.0,"MONDO:0014265":0.0,"OBI:0400108":0.0,"none_suitable":0.93}	jev	jev-1.13.0	efo/v3.94.0	2026-09-28
heating type(s) in home: none of the above	1.000000	1.000000	EFO:0010717	afebrile	{"EFO:0001702":0.0,"EFO:0010717":0.0,"EFO:0020910":0.0,"EO:0007319":0.0,"MONDO:0042493":0.0,"OBA:2041038":0.0,"OBA:2052776":0.0,"OBA:2100198":0.0,"OBA:2100271":0.0,"OBI:0400108":0.0,"none_suitable":1.0}	jev	jev-1.13.0	efo/v3.94.0	2026-09-28
heating type(s) in home: oil (kerosene) central heating	0.890000	0.780000	EFO:0006924	household air pollution measurement	{"CHEBI:23014":0.0,"EFO:0001702":0.0,"EFO:0006924":0.11,"MONDO:0008302":0.0,"MONDO:0014137":0.0,"MONDO:0014265":0.0,"OBA:2041038":0.0,"OBA:2052776":0.0,"OBI:0400108":0.0,"UO:0000012":0.0,"none_suitable":0.89}	jev	jev-1.13.0	efo/v3.94.0	2026-09-28
homemade soup intake	1.000000	1.000000	EFO:0003939	energy intake	{"EFO:0003939":0.0,"EFO:0006521":0.0,"EFO:0008539":0.0,"EFO:0009374":0.0,"EFO:0020080":0.0,"EFO:0020081":0.0,"EFO:0020083":0.0,"EFO:0020086":0.0,"EFO:0020087":0.0,"EFO:0020088":0.0,"none_suitable":1.0}	jev	jev-1.13.0	efo/v3.94.0	2026-09-28
hot chocolate intake	0.990000	0.980000	EFO:0009825	sign or symptom concerning food and fluid intake	{"EFO:0003939":0.0,"EFO:0006521":0.0,"EFO:0008355":0.0,"EFO:0009374":0.0,"EFO:0009825":0.01,"EFO:0010811":0.0,"EFO:0020082":0.0,"EFO:0020086":0.0,"EFO:0020087":0.0,"EFO:0020897":0.0,"none_suitable":0.99}	jev	jev-1.13.0	efo/v3.94.0	2026-09-28
how are people in household related to participant: other unrelated	0.960000	0.930000	EFO:0004424	family relationship	{"EFO:0001429":0.0,"EFO:0004424":0.03,"EFO:0004430":0.01,"EFO:0009695":0.0,"EFO:0022940":0.0,"HANCESTRO:0305":0.0,"HANCESTRO:0573":0.0,"MONDO:0021094":0.0,"MONDO:0700220":0.0,"Orphanet:331193":0.0,"none_suitable":0.96}	jev	jev-1.13.0	efo/v3.94.0	2026-09-28
ice-cream intake	0.990000	0.980000	EFO:0010158	sugar consumption measurement	{"EFO:0003939":0.0,"EFO:0006521":0.0,"EFO:0009374":0.0,"EFO:0010158":0.01,"EFO:0010809":0.0,"EFO:0010811":0.0,"EFO:0020086":0.0,"EFO:0020087":0.0,"EFO:0020090":0.0,"EFO:0020897":0.0,"none_suitable":0.99}	jev	jev-1.13.0	efo/v3.94.0	2026-09-28
illness, injury, bereavement, stress in last 2 years: death of a close relative	0.860000	0.730000	EFO:0010098	stress-related disorder	{"EFO:0000493":0.0,"EFO:0004424":0.01,"EFO:0010098":0.13,"HP:0001699":0.0,"HP:0100613":0.0,"OBA:2041924":0.0,"OBA:2042497":0.0,"OBA:2050495":0.0,"OBA:2052019":0.0,"OBA:2052153":0.0,"none_suitable":0.86}	jev	jev-1.13.0	efo/v3.94.0	2026-09-28
illness, injury, bereavement, stress in last 2 years: death of a spouse or partner	0.930000	0.860000	EFO:0010098	stress-related disorder	{"EFO:0010098":0.07,"EFO:0030050":0.0,"EFO:0030051":0.0,"HP:0001699":0.0,"HP:0005268":0.0,"OBA:2041924":0.0,"OBA:2042497":0.0,"OBA:2050495":0.0,"OBA:2052019":0.0,"OBA:2052153":0.0,"none_suitable":0.93}	jev	jev-1.13.0	efo/v3.94.0	2026-09-28
illness, injury, bereavement, stress in last 2 years: serious illness, injury or assault to yourself	0.990000	0.980000	HP:0100716	Self-injurious behavior	{"EFO:0004321":0.0,"EFO:0006882":0.0,"EFO:0009833":0.0,"HP:0000742":0.0,"HP:0100716":0.01,"MONDO:0005485":0.0,"MONDO:0005821":0.0,"MONDO:0013724":0.0,"MONDO:0024264":0.0,"OBA:2040131":0.0,"none_suitable":0.99}	jev	jev-1.13.0	efo/v3.94.0	2026-09-28
illnesses of father: none of the above (group 1)	1.000000	1.000000	EFO:1000436	Ovarian Tumor of the Thecoma/Fibroma Group	{"EFO:0009712":0.0,"EFO:1000369":0.0,"EFO:1000436":0.0,"MONDO:0012368":0.0,"MONDO:0016650":0.0,"MONDO:0016883":0.0,"MONDO:0016952":0.0,"MONDO:0017012":0.0,"Orphanet:399786":0.0,"Orphanet:98154":0.0,"none_suitable":1.0}	jev	jev-1.13.0	efo/v3.94.0	2026-09-28
illnesses of father: none of the above (group 2)	0.990000	0.980000	MONDO:0021152	inherited	{"EFO:0009712":0.0,"EFO:1000369":0.0,"EFO:1000436":0.0,"MONDO:0016884":0.0,"MONDO:0016901":0.0,"MONDO:0016939":0.0,"MONDO:0016953":0.0,"MONDO:0021152":0.01,"Orphanet:399980":0.0,"Orphanet:98154":0.0,"none_suitable":0.99}	jev	jev-1.13.0	efo/v3.94.0	2026-09-28
illnesses of mother: none of the above (group 1)	0.990000	0.980000	MONDO:0700003	obstetric disorder	{"EFO:0009573":0.0,"EFO:1000436":0.0,"HP:0000769":0.0,"HP:0001197":0.0,"MONDO:0012368":0.0,"MONDO:0016651":0.0,"MONDO:0016883":0.0,"MONDO:0016952":0.0,"MONDO:0017012":0.0,"MONDO:0700003":0.01,"none_suitable":0.99}	jev	jev-1.13.0	efo/v3.94.0	2026-09-28
illnesses of mother: none of the above (group 2)	0.990000	0.980000	EFO:0009573	high-risk pregnancy	{"EFO:0009573":0.01,"EFO:1000436":0.0,"HP:0000769":0.0,"HP:0010311":0.0,"MONDO:0002263":0.0,"MONDO:0016884":0.0,"MONDO:0016901":0.0,"MONDO:0016939":0.0,"MONDO:0016953":0.0,"MONDO:0700003":0.0,"none_suitable":0.99}	jev	jev-1.13.0	efo/v3.94.0	2026-09-28
impedance of arm (left)	0.990000	0.980000	EFO:0001658	left	{"EFO:0001658":0.01,"EFO:0005108":0.0,"HP:0002817":0.0,"HP:0008997":0.0,"OBA:1000030":0.0,"OBA:2042675":0.0,"OBA:2051591":0.0,"OBA:VT0004063":0.0,"UBERON:0001460":0.0,"UBERON:0006566":0.0,"none_suitable":0.99}	jev	jev-1.13.0	efo/v3.94.0	2026-09-28
impedance of arm (right)	0.990000	0.980000	EFO:0001659	right	{"EFO:0001659":0.01,"EFO:0005108":0.0,"HP:0002817":0.0,"MONDO:0019760":0.0,"OBA:1000030":0.0,"OBA:2051591":0.0,"UBERON:0001460":0.0,"UBERON:0001461":0.0,"UBERON:0002078":0.0,"UBERON:0009472":0.0,"none_suitable":0.99}	jev	jev-1.13.0	efo/v3.94.0	2026-09-28
impedance of leg (left)	1.000000	1.000000	MONDO:0006569	leg dermatosis	{"EFO:0001658":0.0,"EFO:0004295":0.0,"EFO:0020107":0.0,"FMA:24984":0.0,"MONDO:0006569":0.0,"OBA:1000082":0.0,"OBA:1000869":0.0,"Orphanet:2310":0.0,"UBERON:0002084":0.0,"UBERON:0006566":0.0,"none_suitable":1.0}	jev	jev-1.13.0	efo/v3.94.0	2026-09-28
impedance of leg (right)	0.990000	0.980000	EFO:0001659	right	{"EFO:0001659":0.01,"EFO:0020107":0.0,"EFO:0020931":0.0,"EFO:0020935":0.0,"MONDO:0006569":0.0,"MONDO:0009516":0.0,"OBA:1000082":0.0,"OBA:1000869":0.0,"Orphanet:2310":0.0,"UBERON:0002078":0.0,"none_suitable":0.99}	jev	jev-1.13.0	efo/v3.94.0	2026-09-28
impedance of whole body	0.910000	0.840000	EFO:0005106	body composition measurement	{"EFO:0005106":0.07,"EFO:0009805":0.02,"OBA:0000036":0.0,"OBA:0002174":0.0,"OBA:1000459":0.0,"OBA:2045431":0.0,"OBA:VT0002095":0.0,"OBA:VT0010482":0.0,"UBERON:0002097":0.0,"UBERON:0013702":0.0,"none_suitable":0.91}	jev	jev-1.13.0	efo/v3.94.0	2026-09-28
indian snacks intake	1.000000	1.000000	EFO:0020897	citrus intake measurement	{"EFO:0009374":0.0,"EFO:0010158":0.0,"EFO:0010809":0.0,"EFO:0010811":0.0,"EFO:0020083":0.0,"EFO:0020086":0.0,"EFO:0020087":0.0,"EFO:0020088":0.0,"EFO:0020897":0.0,"HANCESTRO:0487":0.0,"none_suitable":1.0}	jev	jev-1.13.0	efo/v3.94.0	2026-09-28
ingredients in canned soup: vegetables	1.000000	1.000000	EFO:0001795	in preparation	{"EFO:0000561":0.0,"EFO:0001795":0.0,"EFO:0004963":0.0,"EFO:0009838":0.0,"EFO:0009974":0.0,"NCBITaxon:3708":0.0,"NCBITaxon:3711":0.0,"NCBITaxon:3712":0.0,"NCBITaxon:3714":0.0,"NCBITaxon:51351":0.0,"none_suitable":1.0}	jev	jev-1.13.0	efo/v3.94.0	2026-09-28
ingredients in homemade soup: vegetables	1.000000	1.000000	EFO:0001795	in preparation	{"EFO:0000561":0.0,"EFO:0001795":0.0,"EFO:0004963":0.0,"EFO:0009838":0.0,"EFO:0009974":0.0,"NCBITaxon:3708":0.0,"NCBITaxon:3711":0.0,"NCBITaxon:3712":0.0,"NCBITaxon:3714":0.0,"NCBITaxon:51351":0.0,"none_suitable":1.0}	jev	jev-1.13.0	efo/v3.94.0	2026-09-28
intake of artificial sweetener added to cereal	0.930000	0.860000	EFO:0010096	artificially sweetened beverage consumption measurement	{"CHEBI:50505":0.0,"EFO:0007684":0.0,"EFO:0009374":0.0,"EFO:0010090":0.0,"EFO:0010096":0.07,"EFO:0010156":0.0,"EFO:0010535":0.0,"EFO:0010690":0.0,"GO:0048583":0.0,"HP:0002505":0.0,"none_suitable":0.93}	jev	jev-1.13.0	efo/v3.94.0	2026-09-28
intended management of patient (recoded): no overnight hospital stay	0.920000	0.840000	EFO:0020922	hospitalisation	{"EFO:0007058":0.0,"EFO:0020922":0.08,"EFO:0020982":0.0,"EFO:0030039":0.0,"EFO:0030041":0.0,"HP:0001344":0.0,"MONDO:0004953":0.0,"MONDO:0006953":0.0,"MONDO:0021636":0.0,"MONDO:0043543":0.0,"none_suitable":0.92}	jev	jev-1.13.0	efo/v3.94.0	2026-09-28
inverse distance to the nearest road	1.000000	1.000000	EFO:0008348	response to ranibizumab	{"EFO:0004831":0.0,"EFO:0005405":0.0,"EFO:0008348":0.0,"EFO:0010735":0.0,"GO:0036270":0.0,"HP:0000539":0.0,"MONDO:0012511":0.0,"MONDO:0024868":0.0,"MONDO:0024884":0.0,"OBA:2040083":0.0,"none_suitable":1.0}	jev	jev-1.13.0	efo/v3.94.0	2026-09-28
invitation to complete online 24-hour recall dietary questionnaire, acceptance	0.990000	0.980000	EFO:0010095	non-grapefruit juice consumption measurement	{"EFO:0002755":0.0,"EFO:0005403":0.0,"EFO:0005844":0.0,"EFO:0007714":0.0,"EFO:0007830":0.0,"EFO:0010095":0.01,"EFO:0600021":0.0,"EFO:0600066":0.0,"EFO:0803365":0.0,"OBA:2100006":0.0,"none_suitable":0.99}	jev	jev-1.13.0	efo/v3.94.0	2026-09-28
invitation to physical activity study, acceptance	0.990000	0.980000	EFO:0003940	physical activity	{"ECTO:0000001":0.0,"EFO:0000483":0.0,"EFO:0003940":0.01,"EFO:0007768":0.0,"EFO:0007818":0.0,"EFO:0008002":0.0,"EFO:0008454":0.0,"GO:0015267":0.0,"GO:0016740":0.0,"MONDO:0006599":0.0,"none_suitable":0.99}	jev	jev-1.13.0	efo/v3.94.0	2026-09-28
job involve night shift work	0.970000	0.950000	MONDO:0024361	circadian rhythm sleep disorder	{"EFO:0007827":0.01,"EFO:0007828":0.0,"EFO:0007881":0.0,"EFO:0009723":0.0,"GO:0042752":0.0,"HP:0007830":0.0,"MONDO:0001296":0.0,"MONDO:0004588":0.0,"MONDO:0024361":0.02,"PR:000012549":0.0,"none_suitable":0.97}	jev	jev-1.13.0	efo/v3.94.0	2026-09-28
job involves mainly walking or standing	0.940000	0.880000	EFO:0000483	exercise	{"EFO:0000483":0.06,"EFO:0010131":0.0,"HP:0001288":0.0,"HP:0002362":0.0,"HP:0002505":0.0,"HP:0003391":0.0,"HP:0003551":0.0,"HP:0003698":0.0,"HP:0025236":0.0,"HP:0030051":0.0,"none_suitable":0.94}	jev	jev-1.13.0	efo/v3.94.0	2026-09-28
job involves shift work	0.940000	0.880000	MONDO:0024361	circadian rhythm sleep disorder	{"EFO:0007881":0.0,"EFO:0009723":0.0,"HP:0002310":0.0,"MONDO:0000478":0.0,"MONDO:0005467":0.0,"MONDO:0007818":0.0,"MONDO:0024361":0.06,"MONDO:0024363":0.0,"MONDO:0100366":0.0,"Orphanet:2314":0.0,"none_suitable":0.94}	jev	jev-1.13.0	efo/v3.94.0	2026-09-28
lamb intake	0.910000	0.830000	EFO:0008111	diet measurement	{"EFO:0002755":0.01,"EFO:0003939":0.0,"EFO:0006521":0.0,"EFO:0008111":0.08,"EFO:0009374":0.0,"EFO:0010809":0.0,"EFO:0010810":0.0,"EFO:0020088":0.0,"EFO:0020882":0.0,"NCBITaxon:167481":0.0,"none_suitable":0.91}	jev	jev-1.13.0	efo/v3.94.0	2026-09-28
lamb/mutton intake	0.990000	0.980000	EFO:0002755	diet	{"EFO:0002755":0.01,"EFO:0003939":0.0,"EFO:0006521":0.0,"EFO:0008355":0.0,"EFO:0009374":0.0,"EFO:0010810":0.0,"EFO:0020078":0.0,"EFO:0020079":0.0,"EFO:0020084":0.0,"EFO:0020088":0.0,"none_suitable":0.99}	jev	jev-1.13.0	efo/v3.94.0	2026-09-28
leek intake	1.000000	1.000000	EFO:0020897	citrus intake measurement	{"EFO:0008539":0.0,"EFO:0009374":0.0,"EFO:0010810":0.0,"EFO:0010811":0.0,"EFO:0020080":0.0,"EFO:0020083":0.0,"EFO:0020086":0.0,"EFO:0020088":0.0,"EFO:0020089":0.0,"EFO:0020897":0.0,"none_suitable":1.0}	jev	jev-1.13.0	efo/v3.94.0	2026-09-28
leg fat percentage (left)	0.890000	0.790000	EFO:0007800	body fat percentage	{"EFO:0007678":0.0,"EFO:0007800":0.1,"EFO:0010809":0.0,"EFO:0020098":0.0,"EFO:0020900":0.01,"EFO:0021534":0.0,"OBA:2045224":0.0,"OBA:2050198":0.0,"OBA:VT0010482":0.0,"UBERON:0035818":0.0,"none_suitable":0.89}	jev	jev-1.13.0	efo/v3.94.0	2026-09-28
leg fat percentage (right)	0.910000	0.840000	EFO:0007800	body fat percentage	{"EFO:0007678":0.0,"EFO:0007800":0.07,"EFO:0010809":0.0,"EFO:0020098":0.0,"EFO:0020900":0.01,"EFO:0020934":0.01,"EFO:0021534":0.0,"OBA:2050198":0.0,"OBA:VT0010482":0.0,"UBERON:0035818":0.0,"none_suitable":0.91}	jev	jev-1.13.0	efo/v3.94.0	2026-09-28
leg fat-free mass (left)	0.980000	0.970000	OBA:VT0010482	body fat mass	{"CL:0002617":0.0,"EFO:0004341":0.01,"OBA:0004528":0.0,"OBA:2050198":0.0,"OBA:VT0010482":0.01,"UBERON:0001013":0.0,"UBERON:0001347":0.0,"UBERON:0003916":0.0,"UBERON:0035814":0.0,"UBERON:0035818":0.0,"none_suitable":0.98}	jev	jev-1.13.0	efo/v3.94.0	2026-09-28
leisure/social activities: adult education class	0.980000	0.970000	OBA:1000407	social behavior quality	{"EFO:0001272":0.0,"EFO:0003925":0.01,"EFO:0004874":0.0,"EFO:0005300":0.0,"EFO:0005427":0.0,"EFO:0009696":0.0,"HP:0012760":0.0,"MONDO:0100486":0.0,"OBA:1000407":0.01,"UBERON:0034919":0.0,"none_suitable":0.98}	jev	jev-1.13.0	efo/v3.94.0	2026-09-28
leisure/social activities: none of the above	0.920000	0.850000	OBA:1000407	social behavior quality	{"EFO:0004316":0.0,"EFO:0009696":0.01,"EFO:1000369":0.0,"HP:0000014":0.0,"HP:0000769":0.0,"HP:0001574":0.0,"HP:0012760":0.0,"OBA:1000278":0.0,"OBA:1000407":0.07,"OBA:2045261":0.0,"none_suitable":0.92}	jev	jev-1.13.0	efo/v3.94.0	2026-09-28
length of mobile phone use	1.000000	1.000000	OBA:0003784	chromosome, telomeric region length	{"EFO:0006869":0.0,"EFO:0007828":0.0,"EFO:0009264":0.0,"EFO:0009934":0.0,"EFO:0600076":0.0,"EO:0007199":0.0,"HP:0000470":0.0,"OBA:0003784":0.0,"OBA:2040170":0.0,"OBA:VT0005372":0.0,"none_suitable":1.0}	jev	jev-1.13.0	efo/v3.94.0	2026-09-28
length of working week for main job	1.000000	1.000000	UO:0000034	week	{"EFO:0007881":0.0,"EFO:0008362":0.0,"EFO:0009723":0.0,"EFO:0022958":0.0,"EO:0007199":0.0,"HP:0000470":0.0,"HP:0002000":0.0,"OBA:0003784":0.0,"OBA:VT0005372":0.0,"UO:0000034":0.0,"none_suitable":1.0}	jev	jev-1.13.0	efo/v3.94.0	2026-09-28
lettuce intake	0.990000	0.980000	NCBITaxon:4236	Lactuca sativa	{"EFO:0003939":0.0,"EFO:0006521":0.0,"EFO:0009374":0.0,"EFO:0010809":0.0,"EFO:0020088":0.0,"EFO:0020897":0.0,"EFO:0021130":0.0,"EFO:0021620":0.0,"NCBITaxon:4006":0.0,"NCBITaxon:4236":0.01,"none_suitable":0.99}	jev	jev-1.13.0	efo/v3.94.0	2026-09-28
lifetime number of same-sex sexual partners	0.880000	0.800000	OBA:2045293	sexual activity behaviour attribute	{"EFO:0000627":0.0,"EFO:0001271":0.0,"EFO:0004368":0.0,"EFO:0004820":0.0,"EFO:0009438":0.0,"GSSO:000413":0.02,"GSSO:000705":0.02,"MONDO:0002134":0.0,"MONDO:0020971":0.0,"OBA:2045293":0.08,"none_suitable":0.88}	jev	jev-1.13.0	efo/v3.94.0	2026-09-28
lifetime number of sexual partners	0.910000	0.830000	OBA:2045293	sexual activity behaviour attribute	{"EFO:0000627":0.0,"EFO:0004368":0.0,"EFO:0009438":0.0,"EFO:0009713":0.0,"EFO:0009722":0.0,"GSSO:000413":0.01,"GSSO:000705":0.0,"MONDO:0001551":0.0,"MONDO:0020971":0.0,"OBA:2045293":0.08,"none_suitable":0.91}	jev	jev-1.13.0	efo/v3.94.0	2026-09-28
likelihood of resuming smoking	0.900000	0.860000	OBA:2050116	smoking behavior trait	{"ECTO:6000029":0.0,"EFO:0004318":0.01,"EFO:0004319":0.03,"EFO:0005430":0.0,"EFO:0005670":0.01,"EFO:0006527":0.01,"EFO:0009362":0.0,"EFO:0021784":0.0,"EFO:0920132":0.0,"OBA:2050116":0.04,"none_suitable":0.9}	jev	jev-1.13.0	efo/v3.94.0	2026-09-28
liquid used to make porridge: porridge with milk	0.939394	0.898990	UBERON:0001913	milk	{"EFO:0001046":0.0,"EFO:0009720":0.0,"EFO:0009787":0.0,"EFO:0022598":0.0,"MONDO:0013607":0.0,"MONDO:0016319":0.0,"MONDO:0100246":0.0,"MONDO:0975847":0.0,"OBA:VT0015043":0.0202020202020202,"UBERON:0001913":0.0404040404040404,"none_suitable":0.9393939393939393}	jev	jev-1.13.0	efo/v3.94.0	2026-09-28
liquid used to make porridge: porridge with water	1.000000	1.000000	OBI:0400155	water bath	{"CHEBI:37585":0.0,"EFO:0000534":0.0,"EFO:0000994":0.0,"EFO:0009720":0.0,"EFO:0009787":0.0,"EO:0007067":0.0,"GO:0009415":0.0,"MONDO:0013607":0.0,"OBI:0400155":0.0,"UBERON:0001913":0.0,"none_suitable":1.0}	jev	jev-1.13.0	efo/v3.94.0	2026-09-28
liver intake	0.960000	0.940000	EFO:0010821	liver fat measurement	{"EFO:0003939":0.01,"EFO:0009374":0.01,"EFO:0010810":0.0,"EFO:0010821":0.02,"EFO:0020086":0.0,"EFO:0020087":0.0,"EFO:0020088":0.0,"EFO:0020897":0.0,"MONDO:0100192":0.0,"OBA:2050033":0.0,"none_suitable":0.96}	jev	jev-1.13.0	efo/v3.94.0	2026-09-28
logmar, final (left)	0.950000	0.910000	EFO:0000720	test result	{"EFO:0000720":0.04,"EFO:0001658":0.01,"EFO:0002238":0.0,"EFO:0004295":0.0,"EFO:0004951":0.0,"EFO:0009289":0.0,"EFO:0009290":0.0,"EFO:0020938":0.0,"OBA:2050109":0.0,"UBERON:0002084":0.0,"none_suitable":0.95}	jev	jev-1.13.0	efo/v3.94.0	2026-09-28
logmar, final (right)	0.939394	0.888889	EFO:0000720	test result	{"EFO:0000719":0.0,"EFO:0000720":0.050505050505050504,"EFO:0001659":0.0101010101010101,"EFO:0002658":0.0,"EFO:0004951":0.0,"EFO:0020939":0.0,"EFO:0022608":0.0,"PR:000007158":0.0,"UBERON:0002078":0.0,"UBERON:0002080":0.0,"none_suitable":0.9393939393939393}	jev	jev-1.13.0	efo/v3.94.0	2026-09-28
low fat hard cheese intake	0.920000	0.880000	EFO:0002758	low fat diet	{"EFO:0002758":0.04,"EFO:0003939":0.0,"EFO:0007678":0.01,"EFO:0009374":0.0,"EFO:0010731":0.0,"EFO:0010809":0.03,"EFO:0010816":0.0,"EFO:0020086":0.0,"EFO:0020088":0.0,"EFO:0020090":0.0,"none_suitable":0.92}	jev	jev-1.13.0	efo/v3.94.0	2026-09-28
main speciality of consultant (recoded): accident and emergency (a&e)	0.910000	0.820000	EFO:0001732	consultant	{"EFO:0001732":0.09,"EFO:0004278":0.0,"EFO:0009291":0.0,"EFO:0009743":0.0,"MONDO:0005044":0.0,"MONDO:0005269":0.0,"MONDO:0800064":0.0,"OBA:2041924":0.0,"OBA:2041925":0.0,"OBA:2052267":0.0,"none_suitable":0.91}	jev	jev-1.13.0	efo/v3.94.0	2026-09-28
main speciality of consultant (recoded): anaesthetics	0.920000	0.850000	EFO:0001732	consultant	{"CHEBI:38870":0.0,"CHEBI:38877":0.0,"CL:0002551":0.0,"CL:0002553":0.0,"EFO:0000627":0.0,"EFO:0001732":0.07,"EFO:0005643":0.01,"EFO:0009868":0.0,"PATO:0000033":0.0,"UBERON:0002333":0.0,"none_suitable":0.92}	jev	jev-1.13.0	efo/v3.94.0	2026-09-28
main speciality of consultant (recoded): cardiology	0.900000	0.820000	EFO:0001732	consultant	{"CL:0002551":0.0,"CL:0002553":0.0,"EFO:0000627":0.0,"EFO:0001732":0.08,"EFO:0003951":0.0,"MONDO:0004995":0.02,"MONDO:0005267":0.0,"MONDO:0006715":0.0,"PATO:0000033":0.0,"UBERON:0002333":0.0,"none_suitable":0.9}	jev	jev-1.13.0	efo/v3.94.0	2026-09-28
main speciality of consultant (recoded): cardiothoracic surgery	0.940000	0.880000	EFO:0001732	consultant	{"CL:0002551":0.0,"EFO:0001732":0.06,"EFO:0003951":0.0,"EFO:0009580":0.0,"HP:0001626":0.0,"MONDO:0004995":0.0,"MONDO:0005267":0.0,"OBA:2045558":0.0,"PATO:0000033":0.0,"UBERON:0002333":0.0,"none_suitable":0.9400000000000001}	jev	jev-1.13.0	efo/v3.94.0	2026-09-28
main speciality of consultant (recoded): clinical haematology	0.950000	0.910000	EFO:0001732	consultant	{"EFO:0001732":0.04,"EFO:0002883":0.0,"EFO:0004503":0.0,"EFO:0007056":0.0,"EFO:0010283":0.01,"EFO:0010569":0.0,"EFO:0030083":0.0,"OBA:1000617":0.0,"UBERON:0002333":0.0,"UBERON:0002390":0.0,"none_suitable":0.95}	jev	jev-1.13.0	efo/v3.94.0	2026-09-28
main speciality of consultant (recoded): clinical oncology/ radiotherapy	0.910000	0.830000	EFO:0001732	consultant	{"EFO:0000355":0.01,"EFO:0001732":0.08,"EFO:0007056":0.0,"EFO:0010569":0.0,"EFO:0010950":0.0,"MONDO:0024881":0.0,"MONDO:0045054":0.0,"OBA:2040037":0.0,"OBA:2045558":0.0,"UBERON:0002333":0.0,"none_suitable":0.91}	jev	jev-1.13.0	efo/v3.94.0	2026-09-28
main speciality of consultant (recoded): dermatology	0.930000	0.870000	EFO:0001732	consultant	{"CHEBI:50177":0.0,"CL:0002551":0.0,"CL:0002553":0.0,"EFO:0001732":0.06,"HP:0001574":0.0,"HP:0011122":0.0,"MONDO:0005093":0.01,"MONDO:0021154":0.0,"PATO:0000033":0.0,"UBERON:0002333":0.0,"none_suitable":0.93}	jev	jev-1.13.0	efo/v3.94.0	2026-09-28
main speciality of consultant (recoded): ear, nose and throat (ent)	0.950000	0.900000	MONDO:0024623	otorhinolaryngologic disease	{"EFO:0000524":0.0,"EFO:0009479":0.0,"EFO:0022925":0.0,"HP:0000152":0.0,"MONDO:0000587":0.0,"MONDO:0002409":0.0,"MONDO:0003276":0.0,"MONDO:0015476":0.0,"MONDO:0021205":0.0,"MONDO:0024623":0.05,"none_suitable":0.95}	jev	jev-1.13.0	efo/v3.94.0	2026-09-28
main speciality of consultant (recoded): endocrinology	0.880000	0.780000	EFO:0001732	consultant	{"CL:0002551":0.0,"CL:0002553":0.0,"EFO:0001732":0.1,"GO:0046883":0.0,"GO:0070092":0.0,"HP:0000818":0.02,"MONDO:0015126":0.0,"PATO:0000033":0.0,"UBERON:0001053":0.0,"UBERON:0002333":0.0,"none_suitable":0.88}	jev	jev-1.13.0	efo/v3.94.0	2026-09-28
main speciality of consultant (recoded): gastroenterology	0.910000	0.830000	EFO:0001732	consultant	{"CL:0002551":0.0,"CL:0002553":0.0,"EFO:0000627":0.0,"EFO:0001732":0.08,"EFO:0010282":0.01,"HP:0004386":0.0,"MONDO:0005020":0.0,"PATO:0000033":0.0,"UBERON:0001007":0.0,"UBERON:0002333":0.0,"none_suitable":0.91}	jev	jev-1.13.0	efo/v3.94.0	2026-09-28
main speciality of consultant (recoded): general medicine	0.870000	0.770000	EFO:0001732	consultant	{"EFO:0001732":0.1,"EFO:0007058":0.0,"EFO:0009517":0.0,"EFO:0009740":0.03,"EFO:0009820":0.0,"MONDO:0005044":0.0,"OBA:2041816":0.0,"OBA:2050980":0.0,"OBA:2052757":0.0,"UBERON:0002333":0.0,"none_suitable":0.87}	jev	jev-1.13.0	efo/v3.94.0	2026-09-28
main speciality of consultant (recoded): general surgery	0.890000	0.830000	EFO:0001732	consultant	{"EFO:0001732":0.06,"EFO:0009580":0.0,"EFO:0009744":0.0,"EFO:0009789":0.0,"EFO:0010173":0.0,"EFO:0010722":0.0,"EFO:0020979":0.05,"OBA:2050980":0.0,"OBA:2052757":0.0,"UBERON:0002333":0.0,"none_suitable":0.89}	jev	jev-1.13.0	efo/v3.94.0	2026-09-28
main speciality of consultant (recoded): geriatric medicine	0.900000	0.800000	EFO:0001732	consultant	{"CHEBI:23888":0.0,"CL:0002551":0.0,"CL:0002553":0.0,"EFO:0001732":0.1,"HP:0000083":0.0,"HP:0002180":0.0,"MONDO:0001987":0.0,"OBA:2045558":0.0,"PATO:0000033":0.0,"UBERON:0002333":0.0,"none_suitable":0.9}	jev	jev-1.13.0	efo/v3.94.0	2026-09-28
main speciality of consultant (recoded): gynaecology	0.870000	0.770000	EFO:0001732	consultant	{"CL:0002551":0.0,"CL:0002553":0.0,"EFO:0001732":0.1,"EFO:0009787":0.02,"HP:0000008":0.0,"MONDO:0002263":0.0,"MONDO:0005039":0.0,"PATO:0000033":0.0,"UBERON:0000474":0.01,"UBERON:0002333":0.0,"none_suitable":0.87}	jev	jev-1.13.0	efo/v3.94.0	2026-09-28
main speciality of consultant (recoded): infectious diseases	0.890000	0.780000	MONDO:0005550	infectious disease	{"BTO:0000152":0.0,"EFO:0000643":0.0,"EFO:0000648":0.0,"MONDO:0000314":0.0,"MONDO:0002657":0.0,"MONDO:0004369":0.0,"MONDO:0005113":0.0,"MONDO:0005550":0.11,"MONDO:0005766":0.0,"MONDO:0021669":0.0,"none_suitable":0.89}	jev	jev-1.13.0	efo/v3.94.0	2026-09-28
main speciality of consultant (recoded): medical oncology	0.900000	0.810000	EFO:0001732	consultant	{"CL:0001063":0.0,"EFO:0001732":0.09,"EFO:0008339":0.0,"EFO:0021779":0.0,"MONDO:0004992":0.01,"MONDO:0020665":0.0,"MONDO:0024881":0.0,"MONDO:0045054":0.0,"PATO:0000033":0.0,"UBERON:0002333":0.0,"none_suitable":0.9}	jev	jev-1.13.0	efo/v3.94.0	2026-09-28
main speciality of consultant (recoded): midwifery	0.890000	0.780000	EFO:0001732	consultant	{"CL:0002551":0.0,"CL:0002553":0.0,"EFO:0000627":0.0,"EFO:0001732":0.11,"MONDO:0002654":0.0,"PATO:0000033":0.0,"PR:000010489":0.0,"UBERON:0001296":0.0,"UBERON:0002333":0.0,"UBERON:0010391":0.0,"none_suitable":0.89}	jev	jev-1.13.0	efo/v3.94.0	2026-09-28
main speciality of consultant (recoded): nephrology	0.940000	0.910000	EFO:0001732	consultant	{"CL:0002551":0.0,"CL:0002553":0.0,"EFO:0001732":0.03,"HP:0000112":0.01,"MONDO:0005240":0.01,"MONDO:0024327":0.0,"OBA:2050015":0.0,"PATO:0000033":0.0,"UBERON:0001008":0.01,"UBERON:0002333":0.0,"none_suitable":0.94}	jev	jev-1.13.0	efo/v3.94.0	2026-09-28
main speciality of consultant (recoded): neurology	0.880000	0.780000	EFO:0001732	consultant	{"CL:0002551":0.0,"CL:0002553":0.0,"EFO:0000627":0.0,"EFO:0001732":0.1,"EFO:0002963":0.0,"MONDO:0002602":0.01,"MONDO:0005071":0.01,"PATO:0000033":0.0,"UBERON:0001016":0.0,"UBERON:0002333":0.0,"none_suitable":0.88}	jev	jev-1.13.0	efo/v3.94.0	2026-09-28
main speciality of consultant (recoded): neurosurgery	0.910000	0.820000	EFO:0001732	consultant	{"CL:0002551":0.0,"CL:0002553":0.0,"EFO:0000627":0.0,"EFO:0001732":0.09,"MONDO:0002602":0.0,"MONDO:0005071":0.0,"MONDO:0006130":0.0,"MONDO:0044745":0.0,"PATO:0000033":0.0,"UBERON:0002333":0.0,"none_suitable":0.91}	jev	jev-1.13.0	efo/v3.94.0	2026-09-28
main speciality of consultant (recoded): obstetrics	0.930000	0.890000	EFO:0001732	consultant	{"CL:0002551":0.0,"CL:0002553":0.0,"EFO:0001732":0.04,"EFO:0009787":0.02,"EFO:0022939":0.0,"MONDO:0005919":0.0,"MONDO:0006737":0.0,"MONDO:0700003":0.01,"PATO:0000033":0.0,"UBERON:0002333":0.0,"none_suitable":0.93}	jev	jev-1.13.0	efo/v3.94.0	2026-09-28
main speciality of consultant (recoded): ophthalmology	0.940000	0.900000	EFO:0001732	consultant	{"CL:0002551":0.0,"CL:0002553":0.0,"EFO:0001732":0.04,"EFO:0010679":0.0,"EFO:0010722":0.02,"HP:0000478":0.0,"MONDO:0005328":0.0,"MONDO:0006875":0.0,"PATO:0000033":0.0,"UBERON:0002333":0.0,"none_suitable":0.94}	jev	jev-1.13.0	efo/v3.94.0	2026-09-28
main speciality of consultant (recoded): oral and maxillo facial surgery	1.000000	1.000000	MONDO:0023369	disorder of facial skeleton	{"EFO:0009468":0.0,"HP:0030791":0.0,"MONDO:0005473":0.0,"MONDO:0006858":0.0,"MONDO:0015476":0.0,"MONDO:0021245":0.0,"MONDO:0021445":0.0,"MONDO:0023369":0.0,"MONDO:0030986":0.0,"OBA:VT0000452":0.0,"none_suitable":1.0}	jev	jev-1.13.0	efo/v3.94.0	2026-09-28
main speciality of consultant (recoded): oral surgery	0.930000	0.880000	EFO:0001732	consultant	{"EFO:0001732":0.05,"EFO:0020979":0.02,"MONDO:0005886":0.0,"MONDO:0005887":0.0,"MONDO:0006858":0.0,"MONDO:0015476":0.0,"MONDO:0021245":0.0,"MONDO:0021445":0.0,"OBA:VT0000452":0.0,"UBERON:0001729":0.0,"none_suitable":0.93}	jev	jev-1.13.0	efo/v3.94.0	2026-09-28
main speciality of consultant (recoded): plastic surgery	0.910000	0.830000	EFO:0001732	consultant	{"EFO:0001732":0.08,"EFO:0009580":0.0,"EFO:0009789":0.0,"EFO:0020978":0.01,"EFO:0020979":0.0,"HP:0000769":0.0,"HP:0001574":0.0,"MONDO:0021630":0.0,"PATO:0000033":0.0,"UBERON:0002333":0.0,"none_suitable":0.91}	jev	jev-1.13.0	efo/v3.94.0	2026-09-28
main speciality of consultant (recoded): radiology	0.880000	0.800000	EFO:0001732	consultant	{"CL:0002551":0.0,"CL:0002553":0.0,"EFO:0000627":0.0,"EFO:0001732":0.08,"EFO:0006887":0.01,"EFO:0009827":0.0,"FBbi:00001000":0.02,"FBbi:00001001":0.01,"PATO:0000033":0.0,"UBERON:0002333":0.0,"none_suitable":0.88}	jev	jev-1.13.0	efo/v3.94.0	2026-09-28
main speciality of consultant (recoded): respiratory medicine	0.940000	0.880000	EFO:0001732	consultant	{"EFO:0001732":0.06,"EFO:0007939":0.0,"EFO:0009834":0.0,"EFO:0022941":0.0,"HP:0002086":0.0,"MONDO:0000270":0.0,"MONDO:0004867":0.0,"MONDO:0005087":0.0,"Orphanet:183622":0.0,"UBERON:0000065":0.0,"none_suitable":0.94}	jev	jev-1.13.0	efo/v3.94.0	2026-09-28
main speciality of consultant (recoded): rheumatology	0.860000	0.740000	EFO:0001732	consultant	{"CL:0002551":0.0,"CL:0002553":0.0,"EFO:0001732":0.12,"EFO:0022379":0.0,"HP:0001370":0.01,"MONDO:0006816":0.0,"MONDO:0008383":0.01,"MONDO:0019735":0.0,"PATO:0000033":0.0,"UBERON:0002333":0.0,"none_suitable":0.86}	jev	jev-1.13.0	efo/v3.94.0	2026-09-28
main speciality of consultant (recoded): trauma and orthopaedics	0.990000	0.980000	EFO:0009577	orthopedic nursing	{"EFO:0000524":0.0,"EFO:0009577":0.01,"EFO:0009888":0.0,"MONDO:0000836":0.0,"MONDO:0005085":0.0,"MONDO:0005172":0.0,"MONDO:0005315":0.0,"MONDO:0005381":0.0,"MONDO:0009403":0.0,"MONDO:0043510":0.0,"none_suitable":0.99}	jev	jev-1.13.0	efo/v3.94.0	2026-09-28
main speciality of consultant (recoded): urology	0.890000	0.800000	EFO:0001732	consultant	{"CL:0002551":0.0,"CL:0002553":0.0,"EFO:0000627":0.0,"EFO:0001732":0.09,"EFO:0009663":0.0,"HP:0000079":0.0,"MONDO:0001506":0.0,"PATO:0000033":0.0,"UBERON:0002333":0.0,"UBERON:0004122":0.02,"none_suitable":0.89}	jev	jev-1.13.0	efo/v3.94.0	2026-09-28
mango intake	0.990000	0.980000	EFO:0020897	citrus intake measurement	{"EFO:0003939":0.0,"EFO:0004845":0.0,"EFO:0006521":0.0,"EFO:0006958":0.0,"EFO:0007678":0.0,"EFO:0009374":0.0,"EFO:0010919":0.0,"EFO:0020897":0.01,"EFO:0021649":0.0,"EFO:0800142":0.0,"none_suitable":0.99}	jev	jev-1.13.0	efo/v3.94.0	2026-09-28
mashed potato intake	1.000000	1.000000	EFO:0009374	energy intake measurement	{"EFO:0003939":0.0,"EFO:0006521":0.0,"EFO:0008355":0.0,"EFO:0009374":0.0,"EFO:0020080":0.0,"EFO:0020087":0.0,"EFO:0020088":0.0,"EFO:0020091":0.0,"EFO:0021649":0.0,"NCBITaxon:4113":0.0,"none_suitable":1.0}	jev	jev-1.13.0	efo/v3.94.0	2026-09-28
mean signal-to-noise ratio (snr), (left)	0.990000	0.980000	EFO:0920012	mean diffusivity measurement	{"EFO:0005665":0.0,"EFO:0007956":0.0,"EFO:0008320":0.0,"EFO:0009241":0.0,"EFO:0021818":0.0,"EFO:0021819":0.0,"EFO:0021820":0.0,"EFO:0021821":0.0,"EFO:0600088":0.0,"EFO:0920012":0.01,"none_suitable":0.99}	jev	jev-1.13.0	efo/v3.94.0	2026-09-28
mean signal-to-noise ratio (snr), (right)	0.990000	0.980000	EFO:0020097	QRS-T angle	{"EFO:0008446":0.0,"EFO:0009241":0.0,"EFO:0009257":0.0,"EFO:0020097":0.01,"EFO:0021818":0.0,"EFO:0021819":0.0,"EFO:0021820":0.0,"EFO:0021821":0.0,"EFO:0021823":0.0,"EFO:0801953":0.0,"none_suitable":0.99}	jev	jev-1.13.0	efo/v3.94.0	2026-09-28
medication for cholesterol, blood pressure, diabetes, or take exogenous hormones: none of the above	0.990000	0.980000	EFO:0000195	metabolic syndrome	{"CHEBI:35526":0.0,"CHEBI:50855":0.0,"EFO:0000195":0.01,"EFO:0004456":0.0,"EFO:0010977":0.0,"EFO:0900006":0.0,"MONDO:0002545":0.0,"MONDO:0004382":0.0,"MONDO:0005015":0.0,"OBA:VT0000183":0.0,"none_suitable":0.99}	jev	jev-1.13.0	efo/v3.94.0	2026-09-28
medication for cholesterol, blood pressure, diabetes, or take exogenous hormones: oral contraceptive pill or minipill	0.850000	0.730000	EFO:0009520	contraception	{"CHEBI:35526":0.0,"CHEBI:35674":0.01,"CHEBI:35679":0.01,"EFO:0004456":0.0,"EFO:0006335":0.0,"EFO:0009520":0.12,"EFO:0021782":0.01,"HP:0003233":0.0,"OBA:VT0000183":0.0,"OBA:VT0005144":0.0,"none_suitable":0.85}	jev	jev-1.13.0	efo/v3.94.0	2026-09-28
medication for pain relief, constipation, heartburn: laxatives (e.g. dulcolax, senokot)	0.860000	0.730000	HP:0002019	Constipation	{"CHEBI:32599":0.01,"CHEBI:48561":0.0,"CHEBI:50919":0.0,"EFO:0005762":0.0,"HP:0002019":0.13,"HP:0012531":0.0,"MONDO:0000675":0.0,"MONDO:0004335":0.0,"PR:000013350":0.0,"PR:P11465":0.0,"none_suitable":0.86}	jev	jev-1.13.0	efo/v3.94.0	2026-09-28
medication for pain relief, constipation, heartburn: none of the above	0.960000	0.930000	MONDO:0002268	dyspepsia	{"EFO:0008330":0.0,"EFO:0009369":0.0,"EFO:1000369":0.0,"HP:0000014":0.0,"HP:0000769":0.0,"HP:0002019":0.01,"HP:0012719":0.0,"HP:0025031":0.0,"MONDO:0002268":0.03,"MONDO:0005020":0.0,"none_suitable":0.96}	jev	jev-1.13.0	efo/v3.94.0	2026-09-28
melon intake	0.939394	0.888889	NCBITaxon:3656	Cucumis melo	{"EFO:0003939":0.0,"EFO:0006521":0.0,"EFO:0009374":0.0,"EFO:0010919":0.0,"EFO:0020084":0.0,"EFO:0020897":0.0101010101010101,"EFO:0021649":0.0,"EFO:0800142":0.0,"NCBITaxon:3654":0.0,"NCBITaxon:3656":0.050505050505050504,"none_suitable":0.9393939393939393}	jev	jev-1.13.0	efo/v3.94.0	2026-09-28
methods of admission to hospital (recoded): emergency admission: other injury	0.990000	0.980000	EFO:0009509	limb injury	{"EFO:0009502":0.0,"EFO:0009504":0.0,"EFO:0009508":0.0,"EFO:0009509":0.01,"EFO:0009833":0.0,"EFO:0009886":0.0,"EFO:0009887":0.0,"EFO:0022940":0.0,"MONDO:0037747":0.0,"MONDO:0044745":0.0,"none_suitable":0.99}	jev	jev-1.13.0	efo/v3.94.0	2026-09-28
methods of admission to hospital (recoded): transfer	0.850000	0.700000	EFO:0020922	hospitalisation	{"EFO:0007043":0.0,"EFO:0010682":0.0,"EFO:0020922":0.15,"EFO:0022844":0.0,"EFO:0022928":0.0,"GO:0048583":0.0,"HP:0002505":0.0,"HP:0002637":0.0,"MONDO:0002233":0.0,"MONDO:0007125":0.0,"none_suitable":0.85}	jev	jev-1.13.0	efo/v3.94.0	2026-09-28
methods of discharge from hospital (recoded): discharged on clinical advice/consent	1.000000	1.000000	EFO:0010678	eye discharge	{"EFO:0005684":0.0,"EFO:0007056":0.0,"EFO:0007058":0.0,"EFO:0008627":0.0,"EFO:0010678":0.0,"EFO:0020922":0.0,"EFO:0030040":0.0,"EFO:0030041":0.0,"HP:0004552":0.0,"MONDO:0041448":0.0,"none_suitable":1.0}	jev	jev-1.13.0	efo/v3.94.0	2026-09-28
methods of discharge from hospital (recoded): discharged on clinical advice/consent: from inpatient/daycase care	0.990000	0.980000	EFO:0020922	hospitalisation	{"EFO:0005684":0.0,"EFO:0007056":0.0,"EFO:0007058":0.0,"EFO:0008627":0.0,"EFO:0010678":0.0,"EFO:0020922":0.01,"EFO:0030040":0.0,"EFO:0030041":0.0,"HP:0004552":0.0,"MONDO:0041448":0.0,"none_suitable":0.99}	jev	jev-1.13.0	efo/v3.94.0	2026-09-28
methods of discharge from hospital (recoded): discharged on clinical advice/consent: transfer to another provider	0.980000	0.970000	EFO:0020922	hospitalisation	{"EFO:0009789":0.0,"EFO:0010678":0.0,"EFO:0020922":0.01,"EFO:0030040":0.01,"GO:0048583":0.0,"HP:0004552":0.0,"MONDO:0005136":0.0,"MONDO:0019805":0.0,"MONDO:0043543":0.0,"OBA:2055552":0.0,"none_suitable":0.98}	jev	jev-1.13.0	efo/v3.94.0	2026-09-28
methods of discharge from hospital (recoded): discharged on clinical advice/consent: transfer within provider	0.990000	0.980000	EFO:0020922	hospitalisation	{"EFO:0000355":0.0,"EFO:0000395":0.0,"EFO:0007056":0.0,"EFO:0008627":0.0,"EFO:0010678":0.0,"EFO:0020922":0.01,"EFO:0030040":0.0,"HP:0004552":0.0,"MONDO:0041448":0.0,"MONDO:0043543":0.0,"none_suitable":0.99}	jev	jev-1.13.0	efo/v3.94.0	2026-09-28
methods of discharge from hospital (recoded): discharged without clinical advice/consent: self, relative or advocate	1.000000	1.000000	EFO:0004321	attempted suicide	{"EFO:0004321":0.0,"EFO:0004890":0.0,"EFO:0007624":0.0,"EFO:0009803":0.0,"HP:0000742":0.0,"HP:0001396":0.0,"MONDO:0006642":0.0,"MONDO:0008887":0.0,"MONDO:0014857":0.0,"MONDO:0976261":0.0,"none_suitable":1.0}	jev	jev-1.13.0	efo/v3.94.0	2026-09-28
milk added to cereal	0.990000	0.980000	OBA:VT0015043	milk amount	{"ECTO:0000001":0.0,"ECTO:0000530":0.0,"ECTO:0000724":0.0,"ECTO:0000726":0.0,"EFO:0007019":0.0,"EFO:0007369":0.0,"EFO:0022598":0.0,"HP:0100829":0.0,"OBA:VT0015043":0.01,"UBERON:0001913":0.0,"none_suitable":0.99}	jev	jev-1.13.0	efo/v3.94.0	2026-09-28
milk chocolate intake	0.970000	0.940000	EFO:0010158	sugar consumption measurement	{"EFO:0003939":0.0,"EFO:0006521":0.0,"EFO:0009374":0.0,"EFO:0010158":0.03,"EFO:0010811":0.0,"EFO:0020086":0.0,"EFO:0020897":0.0,"EFO:0022598":0.0,"OBA:VT0015043":0.0,"UBERON:0001913":0.0,"none_suitable":0.97}	jev	jev-1.13.0	efo/v3.94.0	2026-09-28
milk-based pudding intake	0.990000	0.980000	EFO:0009374	energy intake measurement	{"EFO:0003939":0.0,"EFO:0007019":0.0,"EFO:0008539":0.0,"EFO:0009374":0.01,"EFO:0010810":0.0,"EFO:0022598":0.0,"EFO:0030020":0.0,"HP:0100829":0.0,"OBA:VT0015043":0.0,"UBERON:0001913":0.0,"none_suitable":0.99}	jev	jev-1.13.0	efo/v3.94.0	2026-09-28
mixed fruit intake	0.990000	0.980000	EFO:0020897	citrus intake measurement	{"EFO:0008539":0.0,"EFO:0009374":0.0,"EFO:0010158":0.0,"EFO:0010811":0.0,"EFO:0020082":0.0,"EFO:0020084":0.0,"EFO:0020086":0.0,"EFO:0020087":0.0,"EFO:0020088":0.0,"EFO:0020897":0.01,"none_suitable":0.99}	jev	jev-1.13.0	efo/v3.94.0	2026-09-28
mixed vegetable intake	1.000000	1.000000	EFO:0020897	citrus intake measurement	{"EFO:0008539":0.0,"EFO:0009374":0.0,"EFO:0010811":0.0,"EFO:0020081":0.0,"EFO:0020082":0.0,"EFO:0020084":0.0,"EFO:0020086":0.0,"EFO:0020087":0.0,"EFO:0020088":0.0,"EFO:0020897":0.0,"none_suitable":1.0}	jev	jev-1.13.0	efo/v3.94.0	2026-09-28
mother's age	0.900000	0.840000	EFO:0009721	mother's age at death	{"EFO:0000246":0.03,"EFO:0004703":0.0,"EFO:0004704":0.0,"EFO:0004847":0.0,"EFO:0004918":0.0,"EFO:0005112":0.0,"EFO:0008007":0.01,"EFO:0009712":0.0,"EFO:0009721":0.06,"EFO:0022598":0.0,"none_suitable":0.9}	jev	jev-1.13.0	efo/v3.94.0	2026-09-28
mozzarella intake	1.000000	1.000000	EFO:0009374	energy intake measurement	{"EFO:0009374":0.0,"EFO:0020078":0.0,"EFO:0020079":0.0,"EFO:0020081":0.0,"EFO:0020082":0.0,"EFO:0020083":0.0,"EFO:0020084":0.0,"EFO:0020086":0.0,"EFO:0020088":0.0,"EFO:0020897":0.0,"none_suitable":1.0}	jev	jev-1.13.0	efo/v3.94.0	2026-09-28
muesli intake	1.000000	1.000000	EFO:0020897	citrus intake measurement	{"EFO:0003939":0.0,"EFO:0006521":0.0,"EFO:0007678":0.0,"EFO:0009374":0.0,"EFO:0010156":0.0,"EFO:0010919":0.0,"EFO:0020088":0.0,"EFO:0020897":0.0,"EFO:0021649":0.0,"EFO:0800142":0.0,"none_suitable":1.0}	jev	jev-1.13.0	efo/v3.94.0	2026-09-28
mushroom intake	0.970000	0.940000	NCBITaxon:5353	Lentinula edodes	{"EFO:0009374":0.0,"EFO:0020078":0.0,"EFO:0020079":0.0,"EFO:0020081":0.0,"EFO:0020084":0.0,"EFO:0020086":0.0,"EFO:0020087":0.0,"EFO:0020088":0.0,"EFO:0020897":0.0,"NCBITaxon:5353":0.03,"none_suitable":0.97}	jev	jev-1.13.0	efo/v3.94.0	2026-09-28
naan bread intake	0.990000	0.980000	EFO:0009374	energy intake measurement	{"EFO:0009374":0.01,"EFO:0010809":0.0,"EFO:0020077":0.0,"EFO:0020081":0.0,"EFO:0020083":0.0,"EFO:0020085":0.0,"EFO:0020086":0.0,"EFO:0020087":0.0,"EFO:0020088":0.0,"EFO:0020897":0.0,"none_suitable":0.99}	jev	jev-1.13.0	efo/v3.94.0	2026-09-28
never eat eggs, dairy, wheat, sugar: eggs or foods containing eggs	0.890000	0.790000	EFO:0007248	egg allergy	{"EFO:0002756":0.0,"EFO:0007018":0.0,"EFO:0007248":0.1,"EFO:1001243":0.0,"GO:0008643":0.0,"GO:0032991":0.0,"MONDO:0021126":0.0,"MONDO:0021139":0.0,"MONDO:0700226":0.01,"PR:000014813":0.0,"none_suitable":0.89}	jev	jev-1.13.0	efo/v3.94.0	2026-09-28
never eat eggs, dairy, wheat, sugar: i eat all of the above	0.990000	0.980000	MONDO:0700226	food allergy	{"EFO:0007248":0.0,"EFO:0007369":0.0,"EFO:1000369":0.0,"HP:0000014":0.0,"HP:0000769":0.0,"HP:0001574":0.0,"HP:0004789":0.0,"HP:0006118":0.0,"MONDO:0006065":0.0,"MONDO:0700226":0.01,"none_suitable":0.99}	jev	jev-1.13.0	efo/v3.94.0	2026-09-28
never eat eggs, dairy, wheat, sugar: wheat products	0.910000	0.830000	EFO:1001243	wheat allergic reaction	{"EFO:0002756":0.0,"EFO:0007248":0.0,"EFO:0010097":0.0,"EFO:0010158":0.01,"EFO:1001243":0.08,"GO:0008643":0.0,"MONDO:0006065":0.0,"MONDO:0700226":0.0,"NCBITaxon:31741":0.0,"NCBITaxon:4565":0.0,"none_suitable":0.91}	jev	jev-1.13.0	efo/v3.94.0	2026-09-28
nitrogen dioxide air pollution; 2010	0.990000	0.980000	CHEBI:51143	nitrogen molecular entity	{"CHEBI:25555":0.0,"CHEBI:51143":0.01,"EFO:0005190":0.0,"EO:0001056":0.0,"GO:0008152":0.0,"GO:0009058":0.0,"HP:0004364":0.0,"OBA:1000947":0.0,"OBA:1000957":0.0,"OBA:VT0005265":0.0,"none_suitable":0.99}	jev	jev-1.13.0	efo/v3.94.0	2026-09-28
non-cancer illness code, self-reported: type 2 diabetes	0.900000	0.830000	EFO:0009801	number of non-cancer illnesses, self-reported	{"EFO:0004997":0.02,"EFO:0009757":0.0,"EFO:0009801":0.07,"MONDO:0005408":0.01,"MONDO:0006920":0.0,"MONDO:0007454":0.0,"MONDO:0015967":0.0,"MONDO:0017189":0.0,"MONDO:0030087":0.0,"MONDO:0978299":0.0,"none_suitable":0.9}	jev	jev-1.13.0	efo/v3.94.0	2026-09-28
number of attempts	0.940000	0.910000	EFO:0000627	number of injections	{"EFO:0000627":0.03,"EFO:0004368":0.0,"EFO:0004863":0.0,"EFO:0007061":0.01,"EFO:0008002":0.01,"EFO:0009438":0.0,"EFO:0009713":0.0,"EFO:0009722":0.0,"EFO:0030067":0.0,"UO:0000189":0.01,"none_suitable":0.94}	jev	jev-1.13.0	efo/v3.94.0	2026-09-28
number of baguettes with butter/margarine	1.000000	1.000000	EFO:0000627	number of injections	{"EFO:0000627":0.0,"EFO:0004368":0.0,"EFO:0009438":0.0,"EFO:0009713":0.0,"EFO:0009722":0.0,"EFO:0020078":0.0,"EFO:0020079":0.0,"EFO:0800569":0.0,"EFO:0801421":0.0,"OBA:2042279":0.0,"none_suitable":1.0}	jev	jev-1.13.0	efo/v3.94.0	2026-09-28
number of baps with  butter/margarine	1.000000	1.000000	EFO:0000627	number of injections	{"EFO:0000627":0.0,"EFO:0004368":0.0,"EFO:0007789":0.0,"EFO:0009438":0.0,"EFO:0009713":0.0,"EFO:0009722":0.0,"EFO:0020078":0.0,"EFO:0020079":0.0,"EFO:0800168":0.0,"EFO:0800640":0.0,"none_suitable":1.0}	jev	jev-1.13.0	efo/v3.94.0	2026-09-28
number of blood samples taken	0.910000	0.840000	EFO:0920055	sample volume	{"EFO:0000627":0.02,"EFO:0004305":0.0,"EFO:0004309":0.0,"EFO:0004368":0.0,"EFO:0004503":0.0,"EFO:0009713":0.0,"EFO:0920055":0.07,"OBA:0004561":0.0,"OBA:1000866":0.0,"OBA:VT0000237":0.0,"none_suitable":0.91}	jev	jev-1.13.0	efo/v3.94.0	2026-09-28
number of bread rolls with  butter/margarine	1.000000	1.000000	EFO:0000627	number of injections	{"EFO:0000627":0.0,"EFO:0004368":0.0,"EFO:0009438":0.0,"EFO:0009713":0.0,"EFO:0009722":0.0,"EFO:0022251":0.0,"EFO:0022252":0.0,"EFO:0800528":0.0,"EFO:0801421":0.0,"EFO:0803343":0.0,"none_suitable":1.0}	jev	jev-1.13.0	efo/v3.94.0	2026-09-28
number of bread slices with butter/margarine	1.000000	1.000000	EFO:0000627	number of injections	{"EFO:0000627":0.0,"EFO:0004368":0.0,"EFO:0009438":0.0,"EFO:0009713":0.0,"EFO:0009722":0.0,"EFO:0020098":0.0,"EFO:0022237":0.0,"EFO:0022251":0.0,"EFO:0022252":0.0,"EFO:0803343":0.0,"none_suitable":1.0}	jev	jev-1.13.0	efo/v3.94.0	2026-09-28
number of crackers/crispbreads with butter/margarine	0.960000	0.920000	EFO:0010809	fat intake measurement	{"EFO:0000627":0.0,"EFO:0004368":0.0,"EFO:0007016":0.0,"EFO:0009438":0.0,"EFO:0009713":0.0,"EFO:0009722":0.0,"EFO:0010156":0.0,"EFO:0010809":0.04,"EFO:0010816":0.0,"OBA:2045292":0.0,"none_suitable":0.96}	jev	jev-1.13.0	efo/v3.94.0	2026-09-28
number of diet questionnaires completed	0.960000	0.940000	EFO:0008111	diet measurement	{"EFO:0000627":0.0,"EFO:0004368":0.0,"EFO:0007830":0.0,"EFO:0008111":0.02,"EFO:0009374":0.02,"EFO:0009438":0.0,"EFO:0009713":0.0,"EFO:0009722":0.0,"EFO:0010095":0.0,"EFO:0010139":0.0,"none_suitable":0.96}	jev	jev-1.13.0	efo/v3.94.0	2026-09-28
number of measurements made	0.890000	0.840000	EFO:0000627	number of injections	{"EFO:0000627":0.05,"EFO:0000720":0.0,"EFO:0001444":0.04,"EFO:0004368":0.0,"EFO:0007061":0.01,"EFO:0009713":0.01,"EFO:0022261":0.0,"EFO:0030067":0.0,"OBA:2050006":0.0,"OBI:0000070":0.0,"none_suitable":0.89}	jev	jev-1.13.0	efo/v3.94.0	2026-09-28
number of oatcakes with  butter/margarine	1.000000	1.000000	EFO:0000627	number of injections	{"EFO:0000627":0.0,"EFO:0004368":0.0,"EFO:0009438":0.0,"EFO:0009713":0.0,"EFO:0009722":0.0,"EFO:0010816":0.0,"EFO:0021649":0.0,"EFO:0800527":0.0,"EFO:0800528":0.0,"OBA:2045292":0.0,"none_suitable":1.0}	jev	jev-1.13.0	efo/v3.94.0	2026-09-28
number of other bread types with  butter/margarine	1.000000	1.000000	EFO:0000627	number of injections	{"EFO:0000627":0.0,"EFO:0004368":0.0,"EFO:0009438":0.0,"EFO:0009713":0.0,"EFO:0009722":0.0,"EFO:0021649":0.0,"EFO:0800142":0.0,"EFO:0801421":0.0,"EFO:0803343":0.0,"NCBITaxon:4641":0.0,"none_suitable":1.0}	jev	jev-1.13.0	efo/v3.94.0	2026-09-28
number of symbol digit matches attempted	1.000000	1.000000	EFO:0030067	copy number loss	{"EFO:0000627":0.0,"EFO:0004368":0.0,"EFO:0009438":0.0,"EFO:0009713":0.0,"EFO:0009722":0.0,"EFO:0010753":0.0,"EFO:0030065":0.0,"EFO:0030067":0.0,"OBA:2050585":0.0,"OBA:2052047":0.0,"none_suitable":1.0}	jev	jev-1.13.0	efo/v3.94.0	2026-09-28
number of symbol digit matches made correctly	1.000000	1.000000	EFO:0000627	number of injections	{"EFO:0000627":0.0,"EFO:0004368":0.0,"EFO:0009438":0.0,"EFO:0009713":0.0,"EFO:0009722":0.0,"EFO:0030065":0.0,"EFO:0803039":0.0,"MONDO:0015240":0.0,"OBA:2044189":0.0,"PR:Q96HY6":0.0,"none_suitable":1.0}	jev	jev-1.13.0	efo/v3.94.0	2026-09-28
number of times snap-button pressed	0.880000	0.770000	EFO:0008002	physical activity measurement	{"EFO:0000627":0.01,"EFO:0004368":0.0,"EFO:0008002":0.11,"EFO:0009438":0.0,"EFO:0009713":0.0,"EFO:0009722":0.0,"EFO:0021813":0.0,"EFO:0801651":0.0,"EFO:0803084":0.0,"OBA:2045221":0.0,"none_suitable":0.88}	jev	jev-1.13.0	efo/v3.94.0	2026-09-28
number of trend entries	0.990000	0.980000	EFO:0007061	passage number	{"EFO:0000627":0.0,"EFO:0004352":0.0,"EFO:0004368":0.0,"EFO:0004798":0.0,"EFO:0007061":0.01,"EFO:0009713":0.0,"EFO:0010193":0.0,"EFO:0010752":0.0,"EFO:0030067":0.0,"EFO:0030070":0.0,"none_suitable":0.99}	jev	jev-1.13.0	efo/v3.94.0	2026-09-28
number of triplets attempted (left)	0.920000	0.860000	EFO:0009439	multiple births measurement	{"EFO:0000627":0.0,"EFO:0004368":0.0,"EFO:0006921":0.0,"EFO:0006922":0.0,"EFO:0009102":0.01,"EFO:0009439":0.06,"EFO:0009636":0.0,"EFO:0009713":0.0,"EFO:0009722":0.0,"EFO:0009814":0.01,"none_suitable":0.92}	jev	jev-1.13.0	efo/v3.94.0	2026-09-28
number of triplets attempted (right)	0.960000	0.940000	EFO:0009576	multiple gestation	{"EFO:0000627":0.0,"EFO:0004368":0.0,"EFO:0007061":0.0,"EFO:0009102":0.0,"EFO:0009438":0.01,"EFO:0009439":0.01,"EFO:0009576":0.02,"EFO:0009713":0.0,"EFO:0009722":0.0,"EFO:0009814":0.0,"none_suitable":0.96}	jev	jev-1.13.0	efo/v3.94.0	2026-09-28
number of unsuccessful stop-smoking attempts	0.890000	0.780000	EFO:0004319	smoking cessation	{"ECTO:6000029":0.0,"EFO:0000627":0.0,"EFO:0004318":0.0,"EFO:0004319":0.11,"EFO:0005670":0.0,"EFO:0006527":0.0,"EFO:0009800":0.0,"EFO:0021784":0.0,"EFO:0030067":0.0,"OBA:2050116":0.0,"none_suitable":0.89}	jev	jev-1.13.0	efo/v3.94.0	2026-09-28
number of vehicles in household	0.960000	0.930000	EFO:0009583	place of residence measurement	{"EFO:0000627":0.0,"EFO:0004368":0.0,"EFO:0008255":0.0,"EFO:0009438":0.0,"EFO:0009583":0.03,"EFO:0009695":0.01,"EFO:0009713":0.0,"EFO:0009722":0.0,"EFO:0009814":0.0,"EFO:0010234":0.0,"none_suitable":0.96}	jev	jev-1.13.0	efo/v3.94.0	2026-09-28
oat crunch intake	0.990000	0.980000	EFO:0020088	dietary fiber intake measurement	{"EFO:0003939":0.0,"EFO:0006521":0.0,"EFO:0007684":0.0,"EFO:0009374":0.0,"EFO:0010811":0.0,"EFO:0020086":0.0,"EFO:0020087":0.0,"EFO:0020088":0.01,"EFO:0020897":0.0,"GO:0050892":0.0,"none_suitable":0.99}	jev	jev-1.13.0	efo/v3.94.0	2026-09-28
oatcakes intake	1.000000	1.000000	EFO:0009374	energy intake measurement	{"EFO:0003939":0.0,"EFO:0007684":0.0,"EFO:0009374":0.0,"EFO:0010809":0.0,"EFO:0010810":0.0,"EFO:0010811":0.0,"EFO:0020087":0.0,"EFO:0020088":0.0,"EFO:0020091":0.0,"EFO:0020897":0.0,"none_suitable":1.0}	jev	jev-1.13.0	efo/v3.94.0	2026-09-28
olives intake	0.990000	0.980000	EFO:0020897	citrus intake measurement	{"EFO:0003939":0.0,"EFO:0006521":0.0,"EFO:0009374":0.0,"EFO:0020077":0.0,"EFO:0020085":0.0,"EFO:0020086":0.0,"EFO:0020087":0.0,"EFO:0020089":0.0,"EFO:0020897":0.01,"OBA:2045292":0.0,"none_suitable":0.99}	jev	jev-1.13.0	efo/v3.94.0	2026-09-28
omelette intake	0.990000	0.980000	EFO:0010810	protein intake measurement	{"EFO:0003939":0.0,"EFO:0009374":0.0,"EFO:0010810":0.01,"EFO:0010811":0.0,"EFO:0020081":0.0,"EFO:0020083":0.0,"EFO:0020086":0.0,"EFO:0020088":0.0,"EFO:0020089":0.0,"EFO:0020897":0.0,"none_suitable":0.99}	jev	jev-1.13.0	efo/v3.94.0	2026-09-28
onion intake	0.950000	0.910000	NCBITaxon:4679	Allium cepa	{"EFO:0003939":0.0,"EFO:0006521":0.0,"EFO:0010158":0.0,"EFO:0010810":0.0,"EFO:0020077":0.0,"EFO:0020080":0.0,"EFO:0020087":0.0,"EFO:0020088":0.0,"EFO:0020897":0.01,"NCBITaxon:4679":0.04,"none_suitable":0.95}	jev	jev-1.13.0	efo/v3.94.0	2026-09-28
operation code: abdominal/pelvic adhesion surgery	0.870000	0.760000	EFO:0020979	digestive system surgery	{"EFO:0009502":0.0,"EFO:0009580":0.0,"EFO:0009951":0.01,"EFO:0010681":0.01,"EFO:0010722":0.0,"EFO:0020979":0.11,"HP:0004298":0.0,"HP:0004299":0.0,"HP:0004872":0.0,"MONDO:0100298":0.0,"none_suitable":0.87}	jev	jev-1.13.0	efo/v3.94.0	2026-09-28
operation code: adenoid surgery / adenoidectomy	0.960000	0.920000	EFO:0010174	tonsillectomy	{"EFO:0009951":0.0,"EFO:0010174":0.04,"EFO:0010722":0.0,"EFO:0020979":0.0,"HP:0031458":0.0,"HP:3000033":0.0,"MONDO:0000715":0.0,"MONDO:0006367":0.0,"MONDO:0021300":0.0,"UBERON:0001732":0.0,"none_suitable":0.96}	jev	jev-1.13.0	efo/v3.94.0	2026-09-28
operation code: ankle surgery	0.990000	0.980000	EFO:0009729	surgery on leg artery	{"EFO:0009615":0.0,"EFO:0009729":0.01,"EFO:1002021":0.0,"HP:0006466":0.0,"HP:0008365":0.0,"MONDO:0003816":0.0,"MONDO:0005246":0.0,"MONDO:0006816":0.0,"UBERON:0001488":0.0,"UBERON:0004454":0.0,"none_suitable":0.99}	jev	jev-1.13.0	efo/v3.94.0	2026-09-28
operation code: anterior/posterior repair bladder/uterus	0.940000	0.900000	EFO:1001862	urinary bladder fistula	{"EFO:0003881":0.02,"EFO:1001862":0.04,"HP:0000014":0.0,"HP:0000774":0.0,"MONDO:0006026":0.0,"MONDO:0006032":0.0,"MONDO:0007197":0.0,"MONDO:0010805":0.0,"MONDO:0015833":0.0,"UBERON:0000995":0.0,"none_suitable":0.94}	jev	jev-1.13.0	efo/v3.94.0	2026-09-28
operation code: arthroscopy nos	1.000000	1.000000	EFO:0010722	ophthalmic procedure	{"EFO:0005637":0.0,"EFO:0005647":0.0,"EFO:0007127":0.0,"EFO:0010681":0.0,"EFO:0010722":0.0,"HP:0001369":0.0,"HP:0001386":0.0,"HP:0003040":0.0,"MONDO:0005578":0.0,"MONDO:0006816":0.0,"none_suitable":1.0}	jev	jev-1.13.0	efo/v3.94.0	2026-09-28
operation code: bladder surgery	0.950000	0.900000	EFO:0009951	response to surgery	{"EFO:0009580":0.0,"EFO:0009951":0.05,"EFO:0020979":0.0,"EFO:1001862":0.0,"HP:0000014":0.0,"HP:0000015":0.0,"MONDO:0006032":0.0,"MONDO:0006678":0.0,"MONDO:0010805":0.0,"UBERON:0001259":0.0,"none_suitable":0.95}	jev	jev-1.13.0	efo/v3.94.0	2026-09-28
operation code: brain surgery	1.000000	1.000000	MONDO:0005291	brain aneurysm	{"EFO:1001276":0.0,"FBbt:00005662":0.0,"FBbt:00015256":0.0,"GO:0007420":0.0,"MONDO:0001291":0.0,"MONDO:0005291":0.0,"OBA:2045210":0.0,"OBA:2045271":0.0,"OBA:2045295":0.0,"UBERON:6001060":0.0,"none_suitable":1.0}	jev	jev-1.13.0	efo/v3.94.0	2026-09-28
operation code: breast cyst/abscess removal	0.960000	0.920000	EFO:1000848	breast cyst	{"EFO:0008492":0.0,"EFO:1000848":0.04,"HP:0000769":0.0,"HP:0032408":0.0,"MONDO:0002058":0.0,"MONDO:0002657":0.0,"MONDO:0003725":0.0,"MONDO:0004270":0.0,"MONDO:0021100":0.0,"UBERON:0008367":0.0,"none_suitable":0.96}	jev	jev-1.13.0	efo/v3.94.0	2026-09-28
operation code: breast surgery	1.000000	1.000000	EFO:0008492	breast hyperplasia	{"EFO:0002885":0.0,"EFO:0008492":0.0,"HP:0000769":0.0,"HP:0003187":0.0,"HP:0032408":0.0,"MONDO:0002058":0.0,"MONDO:0002657":0.0,"MONDO:0003593":0.0,"MONDO:0006027":0.0,"UBERON:0008367":0.0,"none_suitable":1.0}	jev	jev-1.13.0	efo/v3.94.0	2026-09-28
operation code: carpal tunnel surgery	0.900000	0.840000	MONDO:0007275	carpal tunnel syndrome	{"EFO:0005643":0.0,"EFO:0009580":0.0,"EFO:0009951":0.03,"EFO:0010722":0.0,"EFO:1001301":0.0,"HP:0012185":0.01,"MONDO:0001458":0.0,"MONDO:0006940":0.0,"MONDO:0007275":0.06,"MONDO:0030883":0.0,"none_suitable":0.9}	jev	jev-1.13.0	efo/v3.94.0	2026-09-28
operation code: cervix surgery	0.920000	0.850000	EFO:0009580	prophylactic surgery	{"EFO:0009511":0.0,"EFO:0009580":0.07,"HP:0030160":0.0,"MONDO:0001080":0.0,"MONDO:0002256":0.01,"MONDO:0004788":0.0,"MONDO:0006696":0.0,"MONDO:0006736":0.0,"MONDO:0021157":0.0,"UBERON:0004801":0.0,"none_suitable":0.92}	jev	jev-1.13.0	efo/v3.94.0	2026-09-28
operation code: cone biopsy	0.980000	0.960000	EFO:0000287	biopsy number	{"CL:0000573":0.0,"EFO:0000287":0.02,"EFO:0009151":0.0,"EFO:0022919":0.0,"GO:0007411":0.0,"HP:0000510":0.0,"MONDO:0015993":0.0,"MONDO:0958326":0.0,"Orphanet:1871":0.0,"Orphanet:1872":0.0,"none_suitable":0.98}	jev	jev-1.13.0	efo/v3.94.0	2026-09-28
operation code: coronary angiogram	0.950000	0.930000	EFO:0003951	percutaneous transluminal coronary angioplasty	{"CL:2000018":0.0,"EFO:0003951":0.02,"EFO:0004723":0.0,"EFO:0007938":0.01,"EFO:0022928":0.02,"HP:0006702":0.0,"MONDO:0005010":0.0,"MONDO:0006716":0.0,"UBERON:0001621":0.0,"UBERON:0005985":0.0,"none_suitable":0.95}	jev	jev-1.13.0	efo/v3.94.0	2026-09-28
operation code: cruciate ligament surgery	0.940000	0.880000	EFO:1002012	ligament rupture	{"CL:0000384":0.0,"EFO:0001967":0.0,"EFO:0009729":0.0,"EFO:0009951":0.0,"EFO:0010722":0.0,"EFO:0010726":0.0,"EFO:0020972":0.0,"EFO:1002012":0.06,"MONDO:0045044":0.0,"UBERON:0000211":0.0,"none_suitable":0.9400000000000001}	jev	jev-1.13.0	efo/v3.94.0	2026-09-28
operation code: dental/tooth surgery	0.890000	0.780000	EFO:0020979	digestive system surgery	{"EFO:0009580":0.0,"EFO:0009951":0.0,"EFO:0010722":0.0,"EFO:0020979":0.11,"HP:0000164":0.0,"HP:0030757":0.0,"MONDO:0005486":0.0,"MONDO:0006937":0.0,"MONDO:0006957":0.0,"MONDO:0006999":0.0,"none_suitable":0.89}	jev	jev-1.13.0	efo/v3.94.0	2026-09-28
operation code: discectomy	0.960000	0.920000	EFO:1001800	Intervertebral Disc Displacement	{"EFO:0005636":0.0,"EFO:0005637":0.0,"EFO:0005647":0.0,"EFO:0009951":0.0,"EFO:0010681":0.0,"EFO:0010722":0.0,"EFO:1001800":0.04,"MONDO:0037847":0.0,"MONDO:8000000":0.0,"UBERON:0001066":0.0,"none_suitable":0.96}	jev	jev-1.13.0	efo/v3.94.0	2026-09-28
operation code: ear surgery	0.850000	0.710000	EFO:0009951	response to surgery	{"EFO:0009951":0.14,"HP:0000377":0.0,"HP:0000598":0.0,"HP:0031703":0.0,"MONDO:0002776":0.0,"MONDO:0003276":0.0,"MONDO:0007500":0.0,"MONDO:0021205":0.01,"MONDO:0021666":0.0,"UBERON:0001690":0.0,"none_suitable":0.85}	jev	jev-1.13.0	efo/v3.94.0	2026-09-28
operation code: ectopic pregnancy surgery	0.880000	0.800000	HP:0031456	Ectopic pregnancy	{"EFO:0003881":0.02,"EFO:0009580":0.0,"EFO:0009636":0.01,"EFO:0009951":0.0,"EFO:0010722":0.0,"EFO:1001491":0.01,"HP:0031456":0.08,"MONDO:0006248":0.0,"MONDO:0016785":0.0,"MONDO:0024575":0.0,"none_suitable":0.88}	jev	jev-1.13.0	efo/v3.94.0	2026-09-28
operation code: elbow surgery	0.990000	0.980000	EFO:0009580	prophylactic surgery	{"EFO:0009580":0.01,"EFO:0010722":0.0,"HP:0002987":0.0,"HP:0010485":0.0,"MONDO:0001557":0.0,"MONDO:0017469":0.0,"MONDO:0017558":0.0,"MONDO:0017559":0.0,"UBERON:0001461":0.0,"UBERON:0001490":0.0,"none_suitable":0.99}	jev	jev-1.13.0	efo/v3.94.0	2026-09-28
operation code: endometrial ablation	1.000000	1.000000	MONDO:0006096	atypical endometrial hyperplasia	{"EFO:0004230":0.0,"EFO:1000235":0.0,"EFO:1000241":0.0,"EFO:1001514":0.0,"MONDO:0000931":0.0,"MONDO:0006096":0.0,"MONDO:0006169":0.0,"MONDO:0006195":0.0,"MONDO:0021251":0.0,"MONDO:0021471":0.0,"none_suitable":1.0}	jev	jev-1.13.0	efo/v3.94.0	2026-09-28
operation code: foot surgery	0.970000	0.950000	EFO:0009951	response to surgery	{"EFO:0009618":0.0,"EFO:0009729":0.01,"EFO:0009951":0.02,"EFO:0010722":0.0,"EFO:1001459":0.0,"HP:0001026":0.0,"HP:0005656":0.0,"MONDO:0017450":0.0,"MONDO:0017513":0.0,"MONDO:0017514":0.0,"none_suitable":0.97}	jev	jev-1.13.0	efo/v3.94.0	2026-09-28
operation code: hand/finger surgery	1.000000	1.000000	EFO:0009616	finger fracture	{"EFO:0009616":0.0,"HP:0001161":0.0,"HP:0005639":0.0,"HP:0006101":0.0,"HP:0006159":0.0,"HP:0009380":0.0,"MONDO:0006632":0.0,"MONDO:0017449":0.0,"MONDO:0017511":0.0,"MONDO:0017512":0.0,"none_suitable":1.0}	jev	jev-1.13.0	efo/v3.94.0	2026-09-28
operation code: hip surgery (not replacement)	1.000000	1.000000	EFO:0009806	total hip arthroplasty	{"EFO:0004685":0.0,"EFO:0009580":0.0,"EFO:0009806":0.0,"EFO:0009951":0.0,"EFO:0020973":0.0,"MONDO:0005327":0.0,"MONDO:0006629":0.0,"OBA:1000032":0.0,"UBERON:0001464":0.0,"UBERON:0008202":0.0,"none_suitable":1.0}	jev	jev-1.13.0	efo/v3.94.0	2026-09-28
operation code: inguinal hernia repair	0.850000	0.700000	HP:0000023	Inguinal hernia	{"EFO:0008561":0.0,"EFO:1001791":0.0,"EFO:1001861":0.0,"EFO:1001866":0.0,"HP:0000023":0.15,"HP:0004299":0.0,"HP:0004872":0.0,"HP:0100790":0.0,"MONDO:0010606":0.0,"UBERON:0008337":0.0,"none_suitable":0.85}	jev	jev-1.13.0	efo/v3.94.0	2026-09-28
operation code: inguinal/femoral hernia repair	0.890000	0.800000	HP:0000023	Inguinal hernia	{"EFO:0008561":0.0,"EFO:1001791":0.01,"EFO:1001861":0.0,"HP:0000023":0.09,"HP:0004299":0.0,"HP:0004872":0.0,"HP:0100790":0.01,"MONDO:0010606":0.0,"MONDO:0016032":0.0,"UBERON:0008337":0.0,"none_suitable":0.89}	jev	jev-1.13.0	efo/v3.94.0	2026-09-28
operation code: knee surgery (not replacement)	1.000000	1.000000	EFO:0009507	knee injury	{"EFO:0009507":0.0,"EFO:0009617":0.0,"EFO:0009729":0.0,"EFO:0010726":0.0,"EFO:0020972":0.0,"EFO:0020975":0.0,"MONDO:0005416":0.0,"MONDO:0017470":0.0,"UBERON:0001465":0.0,"UBERON:0001485":0.0,"none_suitable":1.0}	jev	jev-1.13.0	efo/v3.94.0	2026-09-28
operation code: laparoscopy	0.850000	0.720000	EFO:0020979	digestive system surgery	{"EFO:0005636":0.0,"EFO:0005637":0.0,"EFO:0005643":0.0,"EFO:0005647":0.0,"EFO:0009951":0.0,"EFO:0010681":0.0,"EFO:0020979":0.13,"EFO:0022929":0.01,"EFO:0600086":0.01,"HP:0001438":0.0,"none_suitable":0.85}	jev	jev-1.13.0	efo/v3.94.0	2026-09-28
operation code: mammoplasty/cosmetic operation on breast	0.900000	0.800000	EFO:0020978	encounter with health service for breast reconstruction following mastectomy	{"EFO:0002885":0.0,"EFO:0008492":0.0,"EFO:0020978":0.1,"HP:0000769":0.0,"HP:0003187":0.0,"HP:0032408":0.0,"MONDO:0002058":0.0,"MONDO:0002657":0.0,"OBA:1000025":0.0,"UBERON:0008367":0.0,"none_suitable":0.9}	jev	jev-1.13.0	efo/v3.94.0	2026-09-28
operation code: maxillo-facial surgery	1.000000	1.000000	EFO:0010722	ophthalmic procedure	{"EFO:0004743":0.0,"EFO:0009468":0.0,"EFO:0009580":0.0,"EFO:0009625":0.0,"EFO:0009951":0.0,"EFO:0010722":0.0,"EFO:0020979":0.0,"HP:0030791":0.0,"MONDO:0005841":0.0,"MONDO:0023369":0.0,"none_suitable":1.0}	jev	jev-1.13.0	efo/v3.94.0	2026-09-28
operation code: muscle/soft tissue surgery	0.990000	0.980000	EFO:0009951	response to surgery	{"EFO:0009470":0.0,"EFO:0009951":0.01,"EFO:0010686":0.0,"EFO:0010722":0.0,"HP:0003198":0.0,"MONDO:0002848":0.0,"MONDO:0006424":0.0,"UBERON:0001015":0.0,"UBERON:0001134":0.0,"UBERON:0002385":0.0,"none_suitable":0.99}	jev	jev-1.13.0	efo/v3.94.0	2026-09-28
operation code: myomectomy/fibroids removed	0.890000	0.840000	EFO:0003881	hysterectomy	{"EFO:0003881":0.05,"EFO:0005636":0.0,"EFO:0005637":0.0,"EFO:0005643":0.0,"EFO:0005647":0.0,"EFO:0010681":0.0,"HP:0000131":0.02,"MONDO:0003704":0.0,"MONDO:0007886":0.04,"MONDO:0022560":0.0,"none_suitable":0.89}	jev	jev-1.13.0	efo/v3.94.0	2026-09-28
operation code: nasal polyp surgery / nasal polypectomy	0.880000	0.830000	HP:0100582	Nasal polyposis	{"EFO:0009580":0.0,"EFO:0009951":0.01,"EFO:0010722":0.0,"EFO:0020979":0.01,"EFO:1002029":0.03,"HP:0100582":0.05,"MONDO:0006314":0.02,"MONDO:0021075":0.0,"MONDO:0021475":0.0,"MONDO:0975835":0.0,"none_suitable":0.88}	jev	jev-1.13.0	efo/v3.94.0	2026-09-28
operation code: nasal/sinus/nose surgery	0.970000	0.940000	EFO:0009951	response to surgery	{"EFO:0009623":0.0,"EFO:0009951":0.03,"EFO:0010722":0.0,"HP:0000366":0.0,"HP:0040057":0.0,"MONDO:0002436":0.0,"MONDO:0056819":0.0,"MONDO:0056820":0.0,"UBERON:0000004":0.0,"UBERON:0001825":0.0,"none_suitable":0.97}	jev	jev-1.13.0	efo/v3.94.0	2026-09-28
operation code: other thoracic surgery	0.980000	0.960000	EFO:0009951	response to surgery	{"EFO:0009951":0.02,"EFO:0010722":0.0,"EFO:0020979":0.0,"HP:0005257":0.0,"HP:0005659":0.0,"HP:0100749":0.0,"MONDO:0003274":0.0,"MONDO:0015929":0.0,"MONDO:0017075":0.0,"MONDO:0020001":0.0,"none_suitable":0.98}	jev	jev-1.13.0	efo/v3.94.0	2026-09-28
operation code: other urological surgery	0.950000	0.910000	EFO:0020684	radical prostatectomy	{"EFO:0003953":0.01,"EFO:0009580":0.0,"EFO:0009951":0.0,"EFO:0010681":0.0,"EFO:0010722":0.0,"EFO:0020684":0.04,"EFO:0020979":0.0,"GO:0044217":0.0,"HP:0000079":0.0,"MONDO:0015228":0.0,"none_suitable":0.95}	jev	jev-1.13.0	efo/v3.94.0	2026-09-28
operation code: ovarian cyst removal/surgery	0.990000	0.980000	HP:0000138	Ovarian cyst	{"EFO:1000422":0.0,"HP:0000138":0.01,"MONDO:0000646":0.0,"MONDO:0002697":0.0,"MONDO:0003281":0.0,"MONDO:0005179":0.0,"MONDO:0005558":0.0,"MONDO:0006337":0.0,"MONDO:0011972":0.0,"MONDO:0021068":0.0,"none_suitable":0.99}	jev	jev-1.13.0	efo/v3.94.0	2026-09-28
operation code: ovarian/tubal surgery	1.000000	1.000000	MONDO:0001889	ovarian dysfunction	{"EFO:0021795":0.0,"HP:0000137":0.0,"HP:0031067":0.0,"MONDO:0001889":0.0,"MONDO:0005387":0.0,"MONDO:0005558":0.0,"MONDO:0011972":0.0,"UBERON:2001263":0.0,"UBERON:2001265":0.0,"UBERON:2001266":0.0,"none_suitable":1.0}	jev	jev-1.13.0	efo/v3.94.0	2026-09-28
operation code: percutaneous/open kidney stone surgery/lithotripsy	0.970000	0.960000	MONDO:0008171	nephrolithiasis	{"EFO:0009833":0.0,"EFO:0010134":0.01,"EFO:0020979":0.0,"GO:0003014":0.0,"HP:0000112":0.0,"HP:0004724":0.0,"HP:0008672":0.0,"MONDO:0007009":0.0,"MONDO:0008171":0.01,"MONDO:0024647":0.01,"none_suitable":0.97}	jev	jev-1.13.0	efo/v3.94.0	2026-09-28
operation code: prostate operation	0.870000	0.750000	EFO:0009951	response to surgery	{"EFO:0002891":0.0,"EFO:0009951":0.12,"EFO:0010722":0.0,"MONDO:0001776":0.0,"MONDO:0003105":0.0,"MONDO:0005280":0.0,"MONDO:0010811":0.01,"MONDO:0021510":0.0,"PR:000018779":0.0,"PR:000020874":0.0,"none_suitable":0.87}	jev	jev-1.13.0	efo/v3.94.0	2026-09-28
operation code: rectal or colon polypectomy	0.940000	0.920000	EFO:0010681	ileostomy	{"EFO:0010681":0.02,"MONDO:0002169":0.0,"MONDO:0003409":0.0,"MONDO:0005008":0.0,"MONDO:0005401":0.0,"MONDO:0006392":0.0,"MONDO:0021398":0.02,"MONDO:0021400":0.02,"MONDO:0024331":0.0,"MONDO:0100290":0.0,"none_suitable":0.94}	jev	jev-1.13.0	efo/v3.94.0	2026-09-28
operation code: reduction or fixation of bone fracture	0.970000	0.940000	MONDO:0005315	bone fracture	{"EFO:0009514":0.0,"MONDO:0000836":0.0,"MONDO:0002185":0.0,"MONDO:0005172":0.0,"MONDO:0005309":0.0,"MONDO:0005315":0.03,"MONDO:0005320":0.0,"MONDO:0005322":0.0,"MONDO:0005381":0.0,"MONDO:0005497":0.0,"none_suitable":0.97}	jev	jev-1.13.0	efo/v3.94.0	2026-09-28
operation code: removal of mole/skin lesion	0.990000	0.980000	EFO:0000625	nevus	{"EFO:0000625":0.01,"HP:0011121":0.0,"MONDO:0002531":0.0,"MONDO:0003110":0.0,"MONDO:0005073":0.0,"MONDO:0006414":0.0,"MONDO:0021440":0.0,"MONDO:0021583":0.0,"MONDO:0021634":0.0,"OBA:0002174":0.0,"none_suitable":0.99}	jev	jev-1.13.0	efo/v3.94.0	2026-09-28
operation code: removal of testicle/orchidectomy	1.000000	1.000000	UBERON:0000473	testis	{"CL:0002551":0.0,"CL:0002553":0.0,"EFO:0000627":0.0,"EFO:0009717":0.0,"EFO:0010173":0.0,"EFO:0020684":0.0,"MONDO:0005836":0.0,"MONDO:0017967":0.0,"PATO:0000033":0.0,"UBERON:0000473":0.0,"none_suitable":1.0}	jev	jev-1.13.0	efo/v3.94.0	2026-09-28
operation code: rhinoplasty / nose surgery	1.000000	1.000000	EFO:0010722	ophthalmic procedure	{"EFO:0009580":0.0,"EFO:0009623":0.0,"EFO:0009951":0.0,"EFO:0010722":0.0,"EFO:0020979":0.0,"HP:0000366":0.0,"HP:0012810":0.0,"MONDO:0002436":0.0,"OBA:VT0002233":0.0,"UBERON:0000004":0.0,"none_suitable":1.0}	jev	jev-1.13.0	efo/v3.94.0	2026-09-28
operation code: shoulder surgery	0.850000	0.700000	EFO:0009951	response to surgery	{"EFO:0009621":0.0,"EFO:0009951":0.15,"EFO:0022864":0.0,"HP:0003835":0.0,"HP:0006467":0.0,"HP:0030834":0.0,"MONDO:0006968":0.0,"MONDO:0008217":0.0,"MONDO:0017468":0.0,"UBERON:0001467":0.0,"none_suitable":0.85}	jev	jev-1.13.0	efo/v3.94.0	2026-09-28
operation code: sinus surgery	0.990000	0.980000	EFO:0009951	response to surgery	{"EFO:0008419":0.0,"EFO:0009580":0.0,"EFO:0009951":0.01,"EFO:0010722":0.0,"EFO:0020979":0.0,"HP:0011108":0.0,"MONDO:0001735":0.0,"MONDO:0006353":0.0,"MONDO:0056820":0.0,"UBERON:0001825":0.0,"none_suitable":0.99}	jev	jev-1.13.0	efo/v3.94.0	2026-09-28
operation code: skin operation or plastic surgery	0.900000	0.850000	EFO:0009951	response to surgery	{"EFO:0005756":0.0,"EFO:0009580":0.05,"EFO:0009951":0.05,"HP:0031292":0.0,"HP:0200041":0.0,"HP:0200042":0.0,"MONDO:0005093":0.0,"MONDO:0021201":0.0,"OBA:0002174":0.0,"UBERON:0000014":0.0,"none_suitable":0.9}	jev	jev-1.13.0	efo/v3.94.0	2026-09-28
operation code: spinal laminectomy	0.980000	0.960000	EFO:0022932	spinal fusion	{"EFO:0008576":0.0,"EFO:0022932":0.02,"EFO:1001847":0.0,"HP:0003422":0.0,"HP:0009713":0.0,"MONDO:0001790":0.0,"MONDO:0001894":0.0,"MONDO:0002545":0.0,"MONDO:0006630":0.0,"MONDO:0037747":0.0,"none_suitable":0.98}	jev	jev-1.13.0	efo/v3.94.0	2026-09-28
operation code: sterilisation	0.930000	0.880000	EFO:0009951	response to surgery	{"BFO:0000016":0.0,"EFO:0001758":0.0,"EFO:0005636":0.0,"EFO:0005637":0.0,"EFO:0005643":0.0,"EFO:0005647":0.0,"EFO:0007686":0.0,"EFO:0009951":0.05,"EFO:0010681":0.01,"EFO:1001491":0.01,"none_suitable":0.93}	jev	jev-1.13.0	efo/v3.94.0	2026-09-28
operation code: testicular hydrocoele surgery / drainage	0.910000	0.860000	EFO:1001859	testicular hydrocele	{"EFO:1001859":0.05,"HP:0000029":0.0,"HP:0000034":0.04,"MONDO:0002329":0.0,"MONDO:0002698":0.0,"MONDO:0005437":0.0,"MONDO:0005758":0.0,"MONDO:0016674":0.0,"MONDO:0017967":0.0,"Orphanet:983":0.0,"none_suitable":0.91}	jev	jev-1.13.0	efo/v3.94.0	2026-09-28
operation code: testicular/scrotal operation	0.990000	0.980000	MONDO:0045003	scrotal disorder	{"MONDO:0002329":0.0,"MONDO:0002861":0.0,"MONDO:0003319":0.0,"MONDO:0005437":0.0,"MONDO:0005447":0.0,"MONDO:0005758":0.0,"MONDO:0017967":0.0,"MONDO:0021112":0.0,"MONDO:0045003":0.01,"Orphanet:983":0.0,"none_suitable":0.99}	jev	jev-1.13.0	efo/v3.94.0	2026-09-28
operation code: throat/larynx surgery (incl tracheostomy)	0.930000	0.860000	EFO:0009951	response to surgery	{"EFO:0009479":0.0,"EFO:0009951":0.07,"EFO:1000227":0.0,"HP:0001600":0.0,"HP:0025423":0.0,"MONDO:0002358":0.0,"MONDO:0006264":0.0,"MONDO:0007879":0.0,"MONDO:0021071":0.0,"UBERON:0001737":0.0,"none_suitable":0.93}	jev	jev-1.13.0	efo/v3.94.0	2026-09-28
operation code: thyroidectomy/partial thyroidectomy	0.990000	0.980000	EFO:0009951	response to surgery	{"EFO:0009600":0.0,"EFO:0009951":0.01,"EFO:0010173":0.0,"EFO:0010681":0.0,"HP:0000820":0.0,"HP:0006101":0.0,"MONDO:0000014":0.0,"MONDO:0020361":0.0,"MONDO:0027767":0.0,"PR:000018515":0.0,"none_suitable":0.99}	jev	jev-1.13.0	efo/v3.94.0	2026-09-28
operation code: transurethral resection of prostate (turp)	0.940000	0.890000	EFO:0020684	radical prostatectomy	{"CL:0002231":0.0,"EFO:0020684":0.05,"EFO:0600083":0.0,"MONDO:0003105":0.0,"MONDO:0005082":0.0,"MONDO:0005159":0.0,"MONDO:0010811":0.01,"MONDO:0021102":0.0,"MONDO:0021259":0.0,"MONDO:0021510":0.0,"none_suitable":0.94}	jev	jev-1.13.0	efo/v3.94.0	2026-09-28
operation code: unclassifiable	0.980000	0.960000	EFO:0005647	ATC Code V Various	{"EFO:0005636":0.0,"EFO:0005637":0.0,"EFO:0005643":0.0,"EFO:0005647":0.02,"EFO:0009658":0.0,"EFO:0009951":0.0,"EFO:0010681":0.0,"HP:0031628":0.0,"MONDO:0100426":0.0,"MONDO:0100427":0.0,"none_suitable":0.98}	jev	jev-1.13.0	efo/v3.94.0	2026-09-28
operation code: upper limb surgery	0.990000	0.980000	EFO:0009514	upper extremity fracture	{"EFO:0009514":0.01,"HP:0002817":0.0,"HP:0009810":0.0,"HP:0009824":0.0,"HP:0040070":0.0,"HP:0100560":0.0,"MONDO:0017476":0.0,"UBERON:0001460":0.0,"UBERON:0001461":0.0,"UBERON:0002102":0.0,"none_suitable":0.99}	jev	jev-1.13.0	efo/v3.94.0	2026-09-28
operation code: uterine surgery	0.890000	0.830000	EFO:0009580	prophylactic surgery	{"EFO:0009580":0.06,"EFO:0009951":0.04,"EFO:1001864":0.0,"HP:0000130":0.0,"MONDO:0001786":0.0,"MONDO:0002654":0.01,"MONDO:0004701":0.0,"MONDO:0004936":0.0,"MONDO:0015843":0.0,"UBERON:0036262":0.0,"none_suitable":0.89}	jev	jev-1.13.0	efo/v3.94.0	2026-09-28
operation code: varicose vein surgery	0.920000	0.870000	MONDO:0008638	varicose disease	{"EFO:0009580":0.0,"EFO:0009729":0.01,"EFO:0010722":0.0,"EFO:0020979":0.0,"HP:0002619":0.02,"HP:0002624":0.0,"MONDO:0004634":0.0,"MONDO:0006786":0.0,"MONDO:0006951":0.0,"MONDO:0008638":0.05,"none_suitable":0.92}	jev	jev-1.13.0	efo/v3.94.0	2026-09-28
operation code: wisdom teeth surgery	0.920000	0.850000	EFO:0020979	digestive system surgery	{"EFO:0009951":0.01,"EFO:0010722":0.0,"EFO:0020979":0.07,"HP:0000164":0.0,"HP:0011090":0.0,"MONDO:0006999":0.0,"MONDO:0008007":0.0,"MONDO:0010103":0.0,"OBA:2045279":0.0,"Orphanet:1077":0.0,"none_suitable":0.92}	jev	jev-1.13.0	efo/v3.94.0	2026-09-28
operative procedures - main opcs: a52.2 therapeutic sacral epidural injection	1.000000	1.000000	EFO:0010960	lumbar puncture	{"CHEBI:142420":0.0,"CHEBI:36458":0.0,"CHEBI:76273":0.0,"EFO:0001102":0.0,"EFO:0008544":0.0,"EFO:0009954":0.0,"EFO:0010960":0.0,"HP:0003418":0.0,"MONDO:0005752":0.0,"PO:0007080":0.0,"none_suitable":1.0}	jev	jev-1.13.0	efo/v3.94.0	2026-09-28
operative procedures - main opcs: a61.1 excision of lesion of peripheral nerve	0.970000	0.950000	MONDO:0024334	peripheral nerve lesion	{"EFO:0002581":0.01,"MONDO:0001458":0.0,"MONDO:0001543":0.0,"MONDO:0001829":0.0,"MONDO:0003154":0.0,"MONDO:0006940":0.0,"MONDO:0024334":0.02,"MONDO:0056804":0.0,"MONDO:0056805":0.0,"OBA:1000471":0.0,"none_suitable":0.97}	jev	jev-1.13.0	efo/v3.94.0	2026-09-28
operative procedures - main opcs: a65.1 carpal tunnel release	0.930000	0.870000	MONDO:0007275	carpal tunnel syndrome	{"EFO:0009632":0.01,"EFO:0801870":0.0,"HP:0012185":0.0,"MONDO:0001458":0.0,"MONDO:0006940":0.0,"MONDO:0007006":0.0,"MONDO:0007275":0.06,"MONDO:0020730":0.0,"MONDO:0030883":0.0,"PO:0007112":0.0,"none_suitable":0.93}	jev	jev-1.13.0	efo/v3.94.0	2026-09-28
operative procedures - main opcs: a73.5 injection of therapeutic substance around peripheral nerve	1.000000	1.000000	MONDO:0001543	lesion of sciatic nerve	{"EFO:0009510":0.0,"MONDO:0001458":0.0,"MONDO:0001543":0.0,"MONDO:0003620":0.0,"MONDO:0006759":0.0,"MONDO:0006940":0.0,"MONDO:0024334":0.0,"OBA:1000471":0.0,"OBA:2045229":0.0,"UBERON:0001021":0.0,"none_suitable":1.0}	jev	jev-1.13.0	efo/v3.94.0	2026-09-28
operative procedures - main opcs: b28.2 partial excision of breast nec	0.950000	0.900000	MONDO:0021100	breast neoplasm	{"HP:0000769":0.0,"HP:0100783":0.0,"MONDO:0002648":0.0,"MONDO:0002657":0.0,"MONDO:0002975":0.0,"MONDO:0003126":0.0,"MONDO:0003959":0.0,"MONDO:0004360":0.0,"MONDO:0021100":0.05,"OBA:1000025":0.0,"none_suitable":0.95}	jev	jev-1.13.0	efo/v3.94.0	2026-09-28
operative procedures - main opcs: b28.3 excision of lesion of breast nec	0.850000	0.700000	MONDO:0021100	breast neoplasm	{"HP:0000769":0.0,"MONDO:0000970":0.0,"MONDO:0002648":0.0,"MONDO:0002657":0.0,"MONDO:0002975":0.0,"MONDO:0003126":0.0,"MONDO:0003896":0.0,"MONDO:0004360":0.0,"MONDO:0006118":0.0,"MONDO:0021100":0.15,"none_suitable":0.85}	jev	jev-1.13.0	efo/v3.94.0	2026-09-28
operative procedures - main opcs: b28.5 wire guided partial excision of breast	0.990000	0.980000	MONDO:0021100	breast neoplasm	{"HP:0000769":0.0,"MONDO:0002648":0.0,"MONDO:0002657":0.0,"MONDO:0002975":0.0,"MONDO:0003126":0.0,"MONDO:0003959":0.0,"MONDO:0005590":0.0,"MONDO:0006118":0.0,"MONDO:0021100":0.01,"OBA:2050351":0.0,"none_suitable":0.99}	jev	jev-1.13.0	efo/v3.94.0	2026-09-28
operative procedures - main opcs: c12.1 excision of lesion of eyelid nec	0.980000	0.960000	MONDO:0003382	eyelid disorder	{"HP:0009743":0.0,"MONDO:0001334":0.0,"MONDO:0001335":0.0,"MONDO:0002137":0.0,"MONDO:0003382":0.02,"MONDO:0003876":0.0,"MONDO:0007769":0.0,"OBA:0002128":0.0,"UBERON:0001457":0.0,"UBERON:0013229":0.0,"none_suitable":0.98}	jev	jev-1.13.0	efo/v3.94.0	2026-09-28
operative procedures - main opcs: c12.4 curettage of lesion of eyelid	1.000000	1.000000	MONDO:0001335	hypotrichosis of eyelid	{"HP:0009743":0.0,"MONDO:0001334":0.0,"MONDO:0001335":0.0,"MONDO:0002137":0.0,"MONDO:0003382":0.0,"MONDO:0003876":0.0,"MONDO:0005800":0.0,"MONDO:0007769":0.0,"OBA:0002128":0.0,"UBERON:0013229":0.0,"none_suitable":1.0}	jev	jev-1.13.0	efo/v3.94.0	2026-09-28
operative procedures - main opcs: d02.1 excision of lesion of external ear	0.980000	0.970000	MONDO:0021235	external ear neoplasm	{"EFO:0002581":0.01,"HP:0000377":0.0,"MONDO:0000973":0.0,"MONDO:0002776":0.0,"MONDO:0002943":0.0,"MONDO:0002944":0.0,"MONDO:0003501":0.0,"MONDO:0006532":0.0,"MONDO:0021235":0.01,"UBERON:0001691":0.0,"none_suitable":0.98}	jev	jev-1.13.0	efo/v3.94.0	2026-09-28
operative procedures - main opcs: d15.1 myringotomy with insertion of ventilation tube through tympanic membrane	0.960000	0.940000	EFO:0022927	mastoidectomy	{"EFO:0009472":0.01,"EFO:0022927":0.02,"MONDO:0003276":0.0,"MONDO:0003648":0.0,"MONDO:0005892":0.01,"MONDO:0024616":0.0,"OBA:2050446":0.0,"OBA:2052001":0.0,"PR:000016529":0.0,"UBERON:0002364":0.0,"none_suitable":0.96}	jev	jev-1.13.0	efo/v3.94.0	2026-09-28
operative procedures - main opcs: e03.6 septoplasty of nose nec	0.940000	0.880000	HP:0004411	Deviated nasal septum	{"EFO:0010721":0.0,"EFO:0010722":0.0,"HP:0000366":0.0,"HP:0003196":0.0,"HP:0004411":0.06,"HP:0009927":0.0,"HP:0012810":0.0,"MONDO:0002436":0.0,"OBA:VT0002233":0.0,"UBERON:0001826":0.0,"none_suitable":0.9400000000000001}	jev	jev-1.13.0	efo/v3.94.0	2026-09-28
operative procedures - main opcs: e08.1 polypectomy of internal nose	0.980000	0.960000	MONDO:0006314	nasal cavity polyp	{"EFO:0800648":0.0,"EFO:0800650":0.0,"EFO:1002029":0.0,"HP:0100582":0.0,"MONDO:0004756":0.0,"MONDO:0004917":0.0,"MONDO:0006314":0.02,"MONDO:0021475":0.0,"MONDO:0957408":0.0,"OBA:VT0002233":0.0,"none_suitable":0.98}	jev	jev-1.13.0	efo/v3.94.0	2026-09-28
operative procedures - main opcs: e36.9 unspecified diagnostic endoscopic examination of larynx	1.000000	1.000000	EFO:1000227	Dysplasia of Larynx	{"EFO:1000227":0.0,"HP:0001600":0.0,"HP:0025423":0.0,"MONDO:0002354":0.0,"MONDO:0002647":0.0,"MONDO:0004382":0.0,"MONDO:0004427":0.0,"MONDO:0007879":0.0,"MONDO:0021071":0.0,"UBERON:0001737":0.0,"none_suitable":1.0}	jev	jev-1.13.0	efo/v3.94.0	2026-09-28
operative procedures - main opcs: e49.9 unspecified diagnostic fibreoptic endoscopic examination of lower respiratory tract	0.900000	0.810000	EFO:0030036	bronchoscopic microsampling	{"EFO:0010721":0.01,"EFO:0030036":0.09,"HP:0002086":0.0,"HP:0002783":0.0,"MONDO:0000270":0.0,"MONDO:0005087":0.0,"MONDO:0005922":0.0,"MONDO:0020641":0.0,"UBERON:0000065":0.0,"UBERON:0001558":0.0,"none_suitable":0.9}	jev	jev-1.13.0	efo/v3.94.0	2026-09-28
operative procedures - main opcs: f02.1 excision of lesion of lip	0.980000	0.970000	EFO:0002581	pancreatectomy	{"EFO:0002581":0.01,"HP:0000204":0.0,"MONDO:0002102":0.0,"MONDO:0004748":0.0,"MONDO:0005060":0.0,"MONDO:0007904":0.0,"MONDO:0021249":0.01,"MONDO:0021333":0.0,"MONDO:0021496":0.0,"OBA:VT0003769":0.0,"none_suitable":0.98}	jev	jev-1.13.0	efo/v3.94.0	2026-09-28
operative procedures - main opcs: f09.1 surgical removal of impacted wisdom tooth	0.880000	0.760000	HP:0011079	Impacted tooth	{"EFO:0800648":0.0,"EFO:0800650":0.0,"HP:0011079":0.12,"MONDO:0005486":0.0,"MONDO:0006999":0.0,"MONDO:0007434":0.0,"MONDO:0008533":0.0,"MONDO:0021192":0.0,"OBA:0003210":0.0,"Orphanet:1077":0.0,"none_suitable":0.88}	jev	jev-1.13.0	efo/v3.94.0	2026-09-28
operative procedures - main opcs: f09.5 surgical removal of retained root of tooth	0.970000	0.950000	HP:0011079	Impacted tooth	{"EFO:0010693":0.0,"HP:0011079":0.02,"MONDO:0002220":0.0,"MONDO:0005593":0.0,"MONDO:0006897":0.0,"MONDO:0006957":0.01,"MONDO:0006999":0.0,"MONDO:0021192":0.0,"OBA:0003210":0.0,"Orphanet:1077":0.0,"none_suitable":0.97}	jev	jev-1.13.0	efo/v3.94.0	2026-09-28
operative procedures - main opcs: f12.1 apicectomy of tooth	0.890000	0.780000	EFO:0020979	digestive system surgery	{"EFO:0020979":0.11,"EFO:0800648":0.0,"EFO:0800650":0.0,"HP:0001592":0.0,"MONDO:0005486":0.0,"MONDO:0006999":0.0,"MONDO:0007434":0.0,"MONDO:0021192":0.0,"OBA:0003210":0.0,"UBERON:0003672":0.0,"none_suitable":0.89}	jev	jev-1.13.0	efo/v3.94.0	2026-09-28
operative procedures - main opcs: j13.2 percutaneous biopsy of lesion of liver nec	0.940000	0.910000	EFO:0009293	percutaneous kidney biopsy	{"EFO:0009293":0.03,"EFO:0010682":0.0,"EFO:0020920":0.03,"HP:0001392":0.0,"HP:0002896":0.0,"HP:0031207":0.0,"MONDO:0002404":0.0,"MONDO:0005787":0.0,"MONDO:0700051":0.0,"OBA:VT0000599":0.0,"none_suitable":0.94}	jev	jev-1.13.0	efo/v3.94.0	2026-09-28
operative procedures - main opcs: k63.1 angiocardiography of combination of right and left side of heart	0.970000	0.950000	EFO:0004298	cardiovascular measurement	{"EFO:0004298":0.02,"EFO:0010673":0.01,"EFO:0022611":0.0,"EFO:0600032":0.0,"HP:0001651":0.0,"HP:0012382":0.0,"MONDO:0005584":0.0,"OBA:2045275":0.0,"OBA:VT0000266":0.0,"UBERON:0013768":0.0,"none_suitable":0.97}	jev	jev-1.13.0	efo/v3.94.0	2026-09-28
operative procedures - main opcs: k63.3 angiocardiography of left side of heart nec	0.980000	0.970000	EFO:0010673	cardiac transplant	{"EFO:0010673":0.01,"EFO:0022611":0.01,"HP:0001711":0.0,"MONDO:0001707":0.0,"MONDO:0005267":0.0,"MONDO:0024636":0.0,"OBA:2045275":0.0,"OBA:VT0000266":0.0,"UBERON:0002079":0.0,"UBERON:0013768":0.0,"none_suitable":0.98}	jev	jev-1.13.0	efo/v3.94.0	2026-09-28
operative procedures - main opcs: k63.4 coronary arteriography using two catheters	0.900000	0.850000	EFO:0022928	coronary revascularization procedure	{"EFO:0003951":0.03,"EFO:0004723":0.0,"EFO:0006601":0.0,"EFO:0006623":0.0,"EFO:0006624":0.0,"EFO:0007938":0.02,"EFO:0022928":0.05,"MONDO:0005010":0.0,"UBERON:0001621":0.0,"UBERON:0005985":0.0,"none_suitable":0.9}	jev	jev-1.13.0	efo/v3.94.0	2026-09-28
operative procedures - main opcs: l84.1 combined operations on primary long saphenous vein	0.870000	0.740000	EFO:0003776	coronary artery bypass	{"EFO:0003776":0.13,"EFO:0003953":0.0,"EFO:0004923":0.0,"EFO:0009632":0.0,"EFO:0009729":0.0,"MONDO:0004869":0.0,"MONDO:0007600":0.0,"MONDO:0009823":0.0,"MONDO:0100316":0.0,"PO:0007112":0.0,"none_suitable":0.87}	jev	jev-1.13.0	efo/v3.94.0	2026-09-28
operative procedures - main opcs: l85.1 ligation of long saphenous vein	0.990000	0.980000	EFO:0009729	surgery on leg artery	{"EFO:0003953":0.0,"EFO:0008899":0.0,"EFO:0009632":0.0,"EFO:0009729":0.01,"EFO:1001923":0.0,"MONDO:0004625":0.0,"MONDO:0004634":0.0,"MONDO:0016952":0.0,"MONDO:0022756":0.0,"Orphanet:262001":0.0,"none_suitable":0.99}	jev	jev-1.13.0	efo/v3.94.0	2026-09-28
operative procedures - main opcs: l87.4 avulsion of varicose vein of leg	0.960000	0.940000	EFO:0009729	surgery on leg artery	{"CL:0002618":0.0,"EFO:0003953":0.0,"EFO:0009632":0.01,"EFO:0009729":0.02,"HP:0002814":0.0,"MONDO:0004625":0.0,"MONDO:0004634":0.01,"MONDO:0004869":0.0,"MONDO:0017444":0.0,"MONDO:0021642":0.0,"none_suitable":0.96}	jev	jev-1.13.0	efo/v3.94.0	2026-09-28
operative procedures - main opcs: m14.1 extracorporeal shock wave lithotripsy of calculus of kidney	0.890000	0.800000	MONDO:0008171	nephrolithiasis	{"EFO:0009955":0.01,"HP:0000077":0.0,"HP:0012580":0.0,"MONDO:0004826":0.0,"MONDO:0004828":0.0,"MONDO:0005240":0.0,"MONDO:0007009":0.0,"MONDO:0008171":0.09,"MONDO:0024647":0.01,"OBA:2042080":0.0,"none_suitable":0.89}	jev	jev-1.13.0	efo/v3.94.0	2026-09-28
operative procedures - main opcs: m29.3 endoscopic removal of tubal prosthesis from ureter	1.000000	1.000000	MONDO:0007009	ureterolithiasis	{"EFO:0010134":0.0,"HP:0000069":0.0,"MONDO:0001398":0.0,"MONDO:0001399":0.0,"MONDO:0001926":0.0,"MONDO:0002674":0.0,"MONDO:0007009":0.0,"MONDO:0021111":0.0,"MONDO:0021960":0.0,"UBERON:0000056":0.0,"none_suitable":1.0}	jev	jev-1.13.0	efo/v3.94.0	2026-09-28
operative procedures - main opcs: m42.1 endoscopic resection of lesion of bladder	0.990000	0.980000	MONDO:0006111	bladder flat intraepithelial lesion	{"HP:0000014":0.0,"MONDO:0001374":0.0,"MONDO:0001634":0.0,"MONDO:0002751":0.0,"MONDO:0003439":0.0,"MONDO:0004272":0.0,"MONDO:0006026":0.0,"MONDO:0006032":0.0,"MONDO:0006111":0.01,"MONDO:0007197":0.0,"none_suitable":0.99}	jev	jev-1.13.0	efo/v3.94.0	2026-09-28
operative procedures - main opcs: m45.1 diagnostic endoscopic examination of bladder and biopsy of lesion of bladder nec	0.960000	0.940000	MONDO:0006111	bladder flat intraepithelial lesion	{"EFO:0009293":0.01,"HP:0000014":0.0,"MONDO:0000384":0.0,"MONDO:0001374":0.0,"MONDO:0001634":0.0,"MONDO:0004272":0.0,"MONDO:0006026":0.01,"MONDO:0006032":0.0,"MONDO:0006111":0.02,"MONDO:0007197":0.0,"none_suitable":0.96}	jev	jev-1.13.0	efo/v3.94.0	2026-09-28
operative procedures - main opcs: m45.8 other specified diagnostic endoscopic examination of bladder	1.000000	1.000000	HP:0000014	Abnormality of the bladder	{"HP:0000014":0.0,"MONDO:0000384":0.0,"MONDO:0001374":0.0,"MONDO:0001634":0.0,"MONDO:0004272":0.0,"MONDO:0006026":0.0,"MONDO:0006032":0.0,"MONDO:0006679":0.0,"MONDO:0007197":0.0,"MONDO:0010805":0.0,"none_suitable":1.0}	jev	jev-1.13.0	efo/v3.94.0	2026-09-28
operative procedures - main opcs: m45.9 unspecified diagnostic endoscopic examination of bladder	1.000000	1.000000	HP:0000014	Abnormality of the bladder	{"HP:0000014":0.0,"MONDO:0000384":0.0,"MONDO:0001374":0.0,"MONDO:0001634":0.0,"MONDO:0004272":0.0,"MONDO:0004987":0.0,"MONDO:0006026":0.0,"MONDO:0006032":0.0,"MONDO:0007197":0.0,"MONDO:0010805":0.0,"none_suitable":1.0}	jev	jev-1.13.0	efo/v3.94.0	2026-09-28
operative procedures - main opcs: m47.3 removal of urethral catheter from bladder	1.000000	1.000000	MONDO:0001374	bladder sarcoma	{"MONDO:0000384":0.0,"MONDO:0001374":0.0,"MONDO:0002751":0.0,"MONDO:0004197":0.0,"MONDO:0004331":0.0,"MONDO:0004986":0.0,"MONDO:0006026":0.0,"MONDO:0006032":0.0,"MONDO:0006679":0.0,"MONDO:0021327":0.0,"none_suitable":1.0}	jev	jev-1.13.0	efo/v3.94.0	2026-09-28
operative procedures - main opcs: m47.4 urodynamic studies using catheter	0.990000	0.980000	HP:0011277	Abnormality of the urinary system physiology	{"EFO:0006601":0.0,"EFO:0006623":0.0,"EFO:0006624":0.0,"EFO:0006703":0.0,"EFO:0022736":0.0,"GO:0014848":0.0,"HP:0000079":0.0,"HP:0011277":0.01,"UBERON:0001008":0.0,"UBERON:0001556":0.0,"none_suitable":0.99}	jev	jev-1.13.0	efo/v3.94.0	2026-09-28
operative procedures - main opcs: m47.8 other specified urethral catheterisation of bladder	1.000000	1.000000	MONDO:0001374	bladder sarcoma	{"HP:0000014":0.0,"MONDO:0000384":0.0,"MONDO:0001374":0.0,"MONDO:0001634":0.0,"MONDO:0004331":0.0,"MONDO:0004987":0.0,"MONDO:0006026":0.0,"MONDO:0006032":0.0,"MONDO:0006112":0.0,"MONDO:0006679":0.0,"none_suitable":1.0}	jev	jev-1.13.0	efo/v3.94.0	2026-09-28
operative procedures - main opcs: m47.9 unspecified urethral catheterisation of bladder	1.000000	1.000000	MONDO:0001374	bladder sarcoma	{"HP:0000014":0.0,"MONDO:0000384":0.0,"MONDO:0001187":0.0,"MONDO:0001374":0.0,"MONDO:0001634":0.0,"MONDO:0004987":0.0,"MONDO:0006026":0.0,"MONDO:0006032":0.0,"MONDO:0006112":0.0,"MONDO:0006679":0.0,"none_suitable":1.0}	jev	jev-1.13.0	efo/v3.94.0	2026-09-28
operative procedures - main opcs: m65.1 endoscopic resection of prostate using electrotome	0.950000	0.900000	EFO:0020684	radical prostatectomy	{"CL:0000371":0.0,"CL:0002231":0.0,"EFO:0020684":0.05,"MONDO:0000993":0.0,"MONDO:0003105":0.0,"MONDO:0005082":0.0,"MONDO:0005159":0.0,"MONDO:0006389":0.0,"MONDO:0015228":0.0,"OBA:2042766":0.0,"none_suitable":0.95}	jev	jev-1.13.0	efo/v3.94.0	2026-09-28
operative procedures - main opcs: m65.3 endoscopic resection of prostate nec	0.920000	0.840000	EFO:0020684	radical prostatectomy	{"CL:0002231":0.0,"EFO:0020684":0.08,"EFO:0600083":0.0,"MONDO:0002854":0.0,"MONDO:0003105":0.0,"MONDO:0006389":0.0,"MONDO:0006390":0.0,"PR:000018779":0.0,"PR:000018877":0.0,"PR:000020874":0.0,"none_suitable":0.92}	jev	jev-1.13.0	efo/v3.94.0	2026-09-28
operative procedures - main opcs: m70.3 rectal needle biopsy of prostate	0.960000	0.920000	EFO:0020684	radical prostatectomy	{"CL:0002231":0.0,"EFO:0020684":0.04,"EFO:0600083":0.0,"MONDO:0002854":0.0,"MONDO:0003105":0.0,"MONDO:0003368":0.0,"MONDO:0006389":0.0,"MONDO:0021259":0.0,"MONDO:0021510":0.0,"PR:000020874":0.0,"none_suitable":0.96}	jev	jev-1.13.0	efo/v3.94.0	2026-09-28
operative procedures - main opcs: m76.4 endoscopic dilation of urethra	0.990000	0.980000	MONDO:0004184	urethral disorder	{"GO:0014848":0.0,"MONDO:0002222":0.0,"MONDO:0004177":0.0,"MONDO:0004184":0.01,"MONDO:0005297":0.0,"MONDO:0006550":0.0,"MONDO:0015195":0.0,"MONDO:0015228":0.0,"MONDO:0016529":0.0,"UBERON:0004917":0.0,"none_suitable":0.99}	jev	jev-1.13.0	efo/v3.94.0	2026-09-28
operative procedures - main opcs: n17.1 bilateral vasectomy	0.980000	0.960000	EFO:0003953	circumcision	{"CHEBI:36459":0.0,"EFO:0001194":0.0,"EFO:0002048":0.0,"EFO:0003953":0.02,"EFO:0009717":0.0,"MONDO:0009047":0.0,"MONDO:0017524":0.0,"MONDO:0017967":0.0,"MONDO:0018801":0.0,"PO:0007112":0.0,"none_suitable":0.98}	jev	jev-1.13.0	efo/v3.94.0	2026-09-28
operative procedures - main opcs: o29.1 subacromial decompression	0.950000	0.900000	MONDO:0006968	shoulder impingement syndrome	{"CHEBI:36459":0.0,"EFO:0001194":0.0,"EFO:0002048":0.0,"EFO:0002049":0.0,"EFO:0002707":0.0,"FBbt:00017010":0.0,"MONDO:0006968":0.05,"MONDO:0017476":0.0,"PO:0007112":0.0,"UBERON:0001467":0.0,"none_suitable":0.95}	jev	jev-1.13.0	efo/v3.94.0	2026-09-28
operative procedures - main opcs: p23.2 anterior colporrhaphy nec	0.890000	0.800000	MONDO:0001592	prolapse of female genital organ	{"EFO:0009954":0.0,"EFO:0010689":0.0,"EFO:0020152":0.0,"EFO:1001837":0.02,"HP:0030369":0.0,"MONDO:0001592":0.09,"MONDO:0015228":0.0,"OBA:2056570":0.0,"PO:0007080":0.0,"PR:000018927":0.0,"none_suitable":0.89}	jev	jev-1.13.0	efo/v3.94.0	2026-09-28
operative procedures - main opcs: p23.3 posterior colporrhaphy nec	0.870000	0.740000	MONDO:0001592	prolapse of female genital organ	{"EFO:0009954":0.0,"EFO:0010689":0.0,"FBbt:00000447":0.0,"FBbt:00005551":0.0,"MONDO:0001592":0.13,"MONDO:0008075":0.0,"MONDO:0012200":0.0,"MONDO:0015228":0.0,"MONDO:0015606":0.0,"ZFA:0001370":0.0,"none_suitable":0.87}	jev	jev-1.13.0	efo/v3.94.0	2026-09-28
operative procedures - main opcs: p27.3 colposcopy of vagina	1.000000	1.000000	MONDO:0001433	vaginal disorder	{"HP:0000008":0.0,"MONDO:0001288":0.0,"MONDO:0001433":0.0,"MONDO:0001536":0.0,"MONDO:0002140":0.0,"MONDO:0003369":0.0,"MONDO:0004679":0.0,"MONDO:0006758":0.0,"MONDO:0021050":0.0,"MONDO:0021394":0.0,"none_suitable":1.0}	jev	jev-1.13.0	efo/v3.94.0	2026-09-28
operative procedures - main opcs: q01.3 excision of lesion of cervix uteri	0.970000	0.950000	MONDO:0000751	cervical polyp	{"MONDO:0000644":0.0,"MONDO:0000751":0.02,"MONDO:0002876":0.0,"MONDO:0004788":0.0,"MONDO:0006736":0.0,"MONDO:0016280":0.0,"MONDO:0016282":0.0,"MONDO:0016283":0.0,"MONDO:0021230":0.01,"MONDO:0042491":0.0,"none_suitable":0.97}	jev	jev-1.13.0	efo/v3.94.0	2026-09-28
operative procedures - main opcs: q08.9 unspecified vaginal excision of uterus	1.000000	1.000000	HP:0000151	Aplasia of the uterus	{"HP:0000130":0.0,"HP:0000151":0.0,"MONDO:0002654":0.0,"MONDO:0004701":0.0,"MONDO:0005210":0.0,"MONDO:0005213":0.0,"MONDO:0016260":0.0,"MONDO:0016262":0.0,"MONDO:0016266":0.0,"MONDO:0021353":0.0,"none_suitable":1.0}	jev	jev-1.13.0	efo/v3.94.0	2026-09-28
operative procedures - main opcs: q10.3 dilation of cervix uteri and curettage of uterus nec	1.000000	1.000000	MONDO:0016283	leiomyosarcoma of the cervix uteri	{"MONDO:0000644":0.0,"MONDO:0000751":0.0,"MONDO:0002876":0.0,"MONDO:0004701":0.0,"MONDO:0004788":0.0,"MONDO:0016266":0.0,"MONDO:0016282":0.0,"MONDO:0016283":0.0,"MONDO:0042491":0.0,"UBERON:0000002":0.0,"none_suitable":1.0}	jev	jev-1.13.0	efo/v3.94.0	2026-09-28
operative procedures - main opcs: q17.1 endoscopic resection of lesion of uterus	0.890000	0.800000	EFO:0003881	hysterectomy	{"EFO:0003881":0.09,"EFO:0800648":0.0,"HP:0000130":0.0,"HP:0000151":0.0,"MONDO:0001786":0.0,"MONDO:0002654":0.0,"MONDO:0004386":0.0,"MONDO:0004701":0.02,"MONDO:0005213":0.0,"UBERON:0009853":0.0,"none_suitable":0.89}	jev	jev-1.13.0	efo/v3.94.0	2026-09-28
operative procedures - main opcs: q18.8 other specified diagnostic endoscopic examination of uterus	0.980000	0.960000	EFO:0003881	hysterectomy	{"EFO:0003881":0.02,"HP:0000130":0.0,"HP:0000151":0.0,"MONDO:0000632":0.0,"MONDO:0001786":0.0,"MONDO:0002654":0.0,"MONDO:0005133":0.0,"MONDO:0005210":0.0,"MONDO:0021525":0.0,"UBERON:0009853":0.0,"none_suitable":0.98}	jev	jev-1.13.0	efo/v3.94.0	2026-09-28
operative procedures - main opcs: q18.9 unspecified diagnostic endoscopic examination of uterus	1.000000	1.000000	MONDO:0002654	uterine disorder	{"HP:0000130":0.0,"HP:0000151":0.0,"MONDO:0000632":0.0,"MONDO:0001786":0.0,"MONDO:0002654":0.0,"MONDO:0004701":0.0,"MONDO:0005133":0.0,"MONDO:0005210":0.0,"MONDO:0021525":0.0,"UBERON:0009853":0.0,"none_suitable":1.0}	jev	jev-1.13.0	efo/v3.94.0	2026-09-28
operative procedures - main opcs: q35.2 endoscopic bilateral clipping of fallopian tubes	0.990000	0.980000	EFO:0009717	bilateral oophorectomy	{"EFO:0003881":0.0,"EFO:0009717":0.01,"HP:0010463":0.0,"MONDO:0000645":0.0,"MONDO:0001282":0.0,"MONDO:0002156":0.0,"MONDO:0002158":0.0,"MONDO:0002159":0.0,"MONDO:0004501":0.0,"MONDO:0017526":0.0,"none_suitable":0.99}	jev	jev-1.13.0	efo/v3.94.0	2026-09-28
operative procedures - main opcs: r24.9 all normal delivery	0.910000	0.860000	EFO:0006922	delivery measurement	{"CHEBI:32387":0.0,"EFO:0000395":0.01,"EFO:0006922":0.05,"EFO:0022939":0.01,"HP:0001787":0.01,"HP:0011411":0.0,"HP:0011412":0.0,"HP:0030369":0.01,"MONDO:0001531":0.0,"PR:000013850":0.0,"none_suitable":0.91}	jev	jev-1.13.0	efo/v3.94.0	2026-09-28
operative procedures - main opcs: s06.5 excision of lesion of skin of head or neck nec	0.950000	0.920000	EFO:0003953	circumcision	{"EFO:0000524":0.02,"EFO:0003953":0.03,"HP:0000152":0.0,"OBA:0002174":0.0,"OBA:1000459":0.0,"PR:000020410":0.0,"UBERON:0000014":0.0,"UBERON:0001331":0.0,"UBERON:0001415":0.0,"UBERON:0007811":0.0,"none_suitable":0.95}	jev	jev-1.13.0	efo/v3.94.0	2026-09-28
operative procedures - main opcs: s06.8 other specified other excision of lesion of skin	0.990000	0.980000	MONDO:0002531	skin neoplasm	{"HP:0000951":0.0,"HP:0011121":0.0,"HP:0011122":0.0,"MONDO:0002531":0.01,"MONDO:0006414":0.0,"OBA:0002174":0.0,"OBA:1000459":0.0,"UBERON:0000014":0.0,"UBERON:0001415":0.0,"UBERON:0002097":0.0,"none_suitable":0.99}	jev	jev-1.13.0	efo/v3.94.0	2026-09-28
operative procedures - main opcs: s06.9 unspecified other excision of lesion of skin	0.990000	0.980000	MONDO:0002531	skin neoplasm	{"HP:0000951":0.0,"HP:0011121":0.0,"HP:0011122":0.0,"MONDO:0002531":0.01,"MONDO:0006414":0.0,"OBA:0002174":0.0,"OBA:1000459":0.0,"UBERON:0000014":0.0,"UBERON:0001415":0.0,"UBERON:0002097":0.0,"none_suitable":0.99}	jev	jev-1.13.0	efo/v3.94.0	2026-09-28
operative procedures - main opcs: s47.2 drainage of lesion of skin nec	0.890000	0.780000	HP:0031292	Cutaneous abscess	{"EFO:0009522":0.0,"HP:0000999":0.0,"HP:0011121":0.0,"HP:0031292":0.11,"HP:0100658":0.0,"MONDO:0006610":0.0,"MONDO:0019289":0.0,"OBA:0002174":0.0,"OBA:1000459":0.0,"UBERON:0000014":0.0,"none_suitable":0.89}	jev	jev-1.13.0	efo/v3.94.0	2026-09-28
operative procedures - main opcs: s57.1 debridement of skin nec	0.990000	0.980000	HP:0011121	Abnormal skin morphology	{"HP:0011121":0.01,"HP:0011122":0.0,"HP:0100658":0.0,"MONDO:0024313":0.0,"OBA:0002174":0.0,"OBA:1000459":0.0,"OBA:VT0005501":0.0,"UBERON:0000014":0.0,"UBERON:0001415":0.0,"UBERON:0001471":0.0,"none_suitable":0.99}	jev	jev-1.13.0	efo/v3.94.0	2026-09-28
operative procedures - main opcs: t20.2 primary repair of inguinal hernia using insert of prosthetic material	0.860000	0.740000	HP:0000023	Inguinal hernia	{"EFO:0005066":0.0,"EFO:0005244":0.01,"EFO:0010682":0.01,"EFO:1001866":0.0,"HP:0000023":0.12,"HP:0004299":0.0,"HP:0004872":0.0,"MONDO:0859238":0.0,"OBA:2043929":0.0,"OBA:2080652":0.0,"none_suitable":0.86}	jev	jev-1.13.0	efo/v3.94.0	2026-09-28
operative procedures - main opcs: t52.1 palmar fasciectomy	0.920000	0.840000	EFO:0009744	surgical resection	{"CHEBI:36459":0.0,"EFO:0001194":0.0,"EFO:0002048":0.0,"EFO:0002049":0.0,"EFO:0002581":0.0,"EFO:0009632":0.0,"EFO:0009744":0.08,"PO:0007112":0.0,"PR:000018781":0.0,"PR:000021695":0.0,"none_suitable":0.92}	jev	jev-1.13.0	efo/v3.94.0	2026-09-28
operative procedures - main opcs: t67.6 primary simple repair of tendon	0.980000	0.960000	EFO:0010676	cornea transplantation	{"EFO:0000510":0.0,"EFO:0004019":0.0,"EFO:0008619":0.0,"EFO:0010676":0.02,"EFO:1000493":0.0,"MONDO:0001499":0.0,"MONDO:0002113":0.0,"MONDO:0958334":0.0,"PR:000021710":0.0,"PR:000021713":0.0,"none_suitable":0.98}	jev	jev-1.13.0	efo/v3.94.0	2026-09-28
operative procedures - main opcs: t72.3 release of constriction of sheath of tendon	0.980000	0.970000	MONDO:0024876	tendon sheath disorder	{"HP:0001771":0.01,"HP:0100550":0.0,"MONDO:0002401":0.0,"MONDO:0002522":0.0,"MONDO:0002547":0.0,"MONDO:0004076":0.0,"MONDO:0004855":0.0,"MONDO:0006442":0.0,"MONDO:0024876":0.01,"MONDO:0100010":0.0,"none_suitable":0.98}	jev	jev-1.13.0	efo/v3.94.0	2026-09-28
operative procedures - main opcs: u20.1 transthoracic echocardiography	1.000000	1.000000	EFO:0022611	magnetic resonance imaging of the heart	{"CHEBI:36459":0.0,"EFO:0001194":0.0,"EFO:0002048":0.0,"EFO:0002049":0.0,"EFO:0010673":0.0,"EFO:0022611":0.0,"EFO:0022928":0.0,"PO:0007112":0.0,"PR:000021711":0.0,"PR:000021713":0.0,"none_suitable":1.0}	jev	jev-1.13.0	efo/v3.94.0	2026-09-28
operative procedures - main opcs: v54.4 injection around spinal facet of spine	0.960000	0.920000	EFO:0010960	lumbar puncture	{"EFO:0001369":0.0,"EFO:0010960":0.04,"FBbt:00017010":0.0,"MONDO:0001275":0.0,"MONDO:0001279":0.0,"MONDO:0002565":0.0,"MONDO:0006630":0.0,"MONDO:0037747":0.0,"MONDO:0037847":0.0,"UBERON:0003292":0.0,"none_suitable":0.96}	jev	jev-1.13.0	efo/v3.94.0	2026-09-28
operative procedures - main opcs: w15.1 osteotomy of neck of first metatarsal bone	0.990000	0.980000	EFO:0022927	mastoidectomy	{"EFO:0009870":0.0,"EFO:0010832":0.0,"EFO:0022927":0.01,"HP:0010743":0.0,"MONDO:0006631":0.0,"OBA:0002103":0.0,"OBA:2057111":0.0,"UBERON:0000981":0.0,"UBERON:0003464":0.0,"UBERON:0007119":0.0,"none_suitable":0.99}	jev	jev-1.13.0	efo/v3.94.0	2026-09-28
operative procedures - main opcs: w15.3 osteotomy of first metatarsal bone nec	0.970000	0.950000	EFO:0009632	amputation	{"EFO:0009618":0.01,"EFO:0009632":0.02,"EFO:0010684":0.0,"HP:0010743":0.0,"MONDO:0006469":0.0,"MONDO:0008176":0.0,"MONDO:0024311":0.0,"OBA:2040813":0.0,"OBA:2057097":0.0,"UBERON:0003464":0.0,"none_suitable":0.97}	jev	jev-1.13.0	efo/v3.94.0	2026-09-28
operative procedures - main opcs: w20.1 primary open reduction of fracture of long bone and extramedullary fixation using plate nec	0.850000	0.740000	MONDO:0005315	bone fracture	{"EFO:0009514":0.01,"HP:0003034":0.0,"HP:0003084":0.01,"MONDO:0000836":0.0,"MONDO:0005309":0.0,"MONDO:0005315":0.11,"MONDO:0005320":0.02,"MONDO:0005322":0.0,"OBA:VT0000133":0.0,"UBERON:0002495":0.0,"none_suitable":0.85}	jev	jev-1.13.0	efo/v3.94.0	2026-09-28
operative procedures - main opcs: w28.3 removal of internal fixation from bone nec	1.000000	1.000000	MONDO:0000836	disease of bone structure	{"HP:0100774":0.0,"MONDO:0000836":0.0,"MONDO:0002185":0.0,"MONDO:0005172":0.0,"MONDO:0005315":0.0,"MONDO:0005381":0.0,"MONDO:0005497":0.0,"MONDO:0008176":0.0,"OBA:2040813":0.0,"OBA:2057097":0.0,"none_suitable":1.0}	jev	jev-1.13.0	efo/v3.94.0	2026-09-28
operative procedures - main opcs: w87.9 unspecified diagnostic endoscopic examination of knee joint	0.960000	0.920000	EFO:0020975	total knee arthroplasty	{"EFO:0020972":0.0,"EFO:0020974":0.0,"EFO:0020975":0.04,"HP:0004976":0.0,"HP:0005750":0.0,"MONDO:0001468":0.0,"MONDO:0004272":0.0,"MONDO:0005416":0.0,"UBERON:0001485":0.0,"UBERON:0010996":0.0,"none_suitable":0.96}	jev	jev-1.13.0	efo/v3.94.0	2026-09-28
operative procedures - main opcs: w90.1 aspiration of joint	0.970000	0.940000	EFO:0020974	revision of total joint arthroplasty	{"EFO:0020974":0.03,"EFO:0800648":0.0,"HP:0001369":0.0,"HP:0001386":0.0,"HP:0009810":0.0,"MONDO:0006816":0.0,"MONDO:0041903":0.0,"UBERON:0000982":0.0,"UBERON:0004770":0.0,"UBERON:0010996":0.0,"none_suitable":0.97}	jev	jev-1.13.0	efo/v3.94.0	2026-09-28
operative procedures - main opcs: w90.3 injection of therapeutic substance into joint	0.990000	0.980000	EFO:0020974	revision of total joint arthroplasty	{"EFO:0020974":0.01,"HP:0001369":0.0,"HP:0001386":0.0,"HP:0003040":0.0,"MONDO:0002400":0.0,"MONDO:0005578":0.0,"MONDO:0041903":0.0,"UBERON:0000982":0.0,"UBERON:0001485":0.0,"UBERON:0004770":0.0,"none_suitable":0.99}	jev	jev-1.13.0	efo/v3.94.0	2026-09-28
operative procedures - main opcs: w91.9 unspecified other manipulation of joint	0.850000	0.700000	EFO:0020974	revision of total joint arthroplasty	{"EFO:0020974":0.15,"HP:0001187":0.0,"HP:0003040":0.0,"HP:0005781":0.0,"HP:0009473":0.0,"HP:0009810":0.0,"MONDO:0005578":0.0,"MONDO:0041903":0.0,"UBERON:0000982":0.0,"UBERON:0004770":0.0,"none_suitable":0.85}	jev	jev-1.13.0	efo/v3.94.0	2026-09-28
operative procedures - main opcs: x31.2 intravenous pyelography	0.990000	0.980000	EFO:0009293	percutaneous kidney biopsy	{"CHEBI:142420":0.0,"CHEBI:36458":0.0,"CHEBI:76273":0.0,"EFO:0001102":0.0,"EFO:0002045":0.0,"EFO:0009293":0.01,"GO:0003014":0.0,"HP:0000079":0.0,"UBERON:0001008":0.0,"UBERON:0036295":0.0,"none_suitable":0.99}	jev	jev-1.13.0	efo/v3.94.0	2026-09-28
operative procedures - main opcs: x35.2 intravenous chemotherapy	0.990000	0.980000	EFO:0006911	Chemotherapy-induced nausea and vomiting	{"CHEBI:142420":0.0,"CHEBI:36458":0.0,"CHEBI:76273":0.0,"EFO:0001102":0.0,"EFO:0002045":0.0,"EFO:0006911":0.01,"MONDO:0005438":0.0,"MONDO:0021138":0.0,"MONDO:0045054":0.0,"OBA:2040028":0.0,"none_suitable":0.99}	jev	jev-1.13.0	efo/v3.94.0	2026-09-28
operative procedures - main opcs: x50.1 direct current cardioversion	0.950000	0.900000	EFO:0600009	cardiac ablation	{"CHEBI:36459":0.0,"EFO:0000388":0.0,"EFO:0001194":0.0,"EFO:0002048":0.0,"EFO:0003951":0.0,"EFO:0022611":0.0,"EFO:0022928":0.0,"EFO:0600009":0.05,"GO:0061337":0.0,"PO:0007112":0.0,"none_suitable":0.95}	jev	jev-1.13.0	efo/v3.94.0	2026-09-28
operative procedures - main opcs: x55.8 other specified other operations on unspecified organ	0.910000	0.850000	EFO:0009802	number of operations, self-reported	{"EFO:0005323":0.0,"EFO:0009124":0.0,"EFO:0009634":0.0,"EFO:0009729":0.0,"EFO:0009802":0.06,"EFO:0009951":0.0,"EFO:0020979":0.03,"EFO:1001373":0.0,"MONDO:0005041":0.0,"MONDO:0005133":0.0,"none_suitable":0.91}	jev	jev-1.13.0	efo/v3.94.0	2026-09-28
operative procedures - main opcs: x70.2 procurement of drugs for chemotherapy for neoplasm for regimens in band 2	1.000000	1.000000	MONDO:0045054	cancer-related condition	{"EFO:0009870":0.0,"EFO:0022432":0.0,"EFO:1001364":0.0,"MONDO:0002334":0.0,"MONDO:0045054":0.0,"OBA:2042168":0.0,"OBA:2050386":0.0,"OBA:2050547":0.0,"OBA:2050575":0.0,"OBA:2052481":0.0,"none_suitable":1.0}	jev	jev-1.13.0	efo/v3.94.0	2026-09-28
operative procedures - main opcs: x72.4 delivery of subsequent element of cycle of chemotherapy for neoplasm	0.970000	0.940000	EFO:0007965	response to combination chemotherapy	{"EFO:0007965":0.03,"EFO:0009708":0.0,"EFO:0009870":0.0,"EFO:0021523":0.0,"EFO:0021535":0.0,"EFO:0800651":0.0,"EFO:1001364":0.0,"MONDO:0000955":0.0,"MONDO:0002129":0.0,"MONDO:0002415":0.0,"none_suitable":0.97}	jev	jev-1.13.0	efo/v3.94.0	2026-09-28
operative procedures - secondary opcs: c71.2 phacoemulsification of lens	0.950000	0.930000	HP:0000518	Cataract	{"EFO:0010676":0.02,"HP:0000517":0.0,"HP:0000518":0.02,"HP:0007957":0.0,"MONDO:0001749":0.0,"MONDO:0005129":0.01,"MONDO:0020355":0.0,"MONDO:0045051":0.0,"UBERON:0000389":0.0,"UBERON:0000390":0.0,"none_suitable":0.95}	jev	jev-1.13.0	efo/v3.94.0	2026-09-28
operative procedures - secondary opcs: c79.5 internal tamponade of retina using gas	0.980000	0.960000	MONDO:0007017	vitreous detachment	{"EFO:0010676":0.0,"EFO:1001817":0.0,"MONDO:0001530":0.0,"MONDO:0001868":0.0,"MONDO:0002708":0.0,"MONDO:0004580":0.0,"MONDO:0004917":0.0,"MONDO:0007017":0.02,"MONDO:0019783":0.0,"UBERON:0001781":0.0,"none_suitable":0.98}	jev	jev-1.13.0	efo/v3.94.0	2026-09-28
operative procedures - secondary opcs: c90.3 subtenons anaesthetic	0.970000	0.950000	EFO:0009951	response to surgery	{"CHEBI:20070":0.0,"CHEBI:38877":0.0,"CHEBI:57998":0.0,"EFO:0002046":0.0,"EFO:0002854":0.0,"EFO:0005324":0.0,"EFO:0005643":0.01,"EFO:0009951":0.02,"EFO:0009956":0.0,"MONDO:0044745":0.0,"none_suitable":0.97}	jev	jev-1.13.0	efo/v3.94.0	2026-09-28
operative procedures - secondary opcs: e04.1 submucous diathermy to turbinate of nose	0.930000	0.860000	EFO:0009951	response to surgery	{"EFO:0000263":0.0,"EFO:0000435":0.0,"EFO:0009951":0.07,"EO:0001055":0.0,"HP:0040057":0.0,"MONDO:0015783":0.0,"MONDO:0021571":0.0,"MONDO:0859371":0.0,"OBA:2042519":0.0,"OBA:VT0002233":0.0,"none_suitable":0.93}	jev	jev-1.13.0	efo/v3.94.0	2026-09-28
operative procedures - secondary opcs: e13.3 intranasal antrostomy	0.960000	0.940000	EFO:0009951	response to surgery	{"CHEBI:20070":0.0,"CHEBI:57998":0.0,"EFO:0000263":0.0,"EFO:0002046":0.0,"EFO:0002854":0.0,"EFO:0005395":0.0,"EFO:0009951":0.02,"EFO:0020979":0.02,"FBbi:00000349":0.0,"MONDO:0006850":0.0,"none_suitable":0.96}	jev	jev-1.13.0	efo/v3.94.0	2026-09-28
operative procedures - secondary opcs: e13.6 puncture of maxillary antrum	0.970000	0.940000	UBERON:0001764	maxillary sinus	{"MONDO:0001748":0.0,"MONDO:0002186":0.0,"MONDO:0004328":0.0,"MONDO:0005841":0.0,"MONDO:0006577":0.0,"MONDO:0006850":0.0,"MONDO:0021412":0.0,"MONDO:0021484":0.0,"UBERON:0001165":0.0,"UBERON:0001764":0.03,"none_suitable":0.97}	jev	jev-1.13.0	efo/v3.94.0	2026-09-28
operative procedures - secondary opcs: e36.9 unspecified diagnostic endoscopic examination of larynx	1.000000	1.000000	EFO:1000227	Dysplasia of Larynx	{"EFO:1000227":0.0,"HP:0001600":0.0,"HP:0025423":0.0,"MONDO:0002354":0.0,"MONDO:0002647":0.0,"MONDO:0004272":0.0,"MONDO:0004382":0.0,"MONDO:0004427":0.0,"MONDO:0007879":0.0,"MONDO:0021071":0.0,"none_suitable":1.0}	jev	jev-1.13.0	efo/v3.94.0	2026-09-28
operative procedures - secondary opcs: h25.9 unspecified diagnostic endoscopic examination of lower bowel using fibreoptic sigmoidoscope	0.880000	0.760000	EFO:0020979	digestive system surgery	{"EFO:0005244":0.0,"EFO:0010681":0.0,"EFO:0020979":0.12,"EFO:0022844":0.0,"HP:0004798":0.0,"HP:0040151":0.0,"MONDO:0004272":0.0,"MONDO:0004880":0.0,"MONDO:0006876":0.0,"UBERON:0003464":0.0,"none_suitable":0.88}	jev	jev-1.13.0	efo/v3.94.0	2026-09-28
operative procedures - secondary opcs: k63.3 angiocardiography of left side of heart nec	0.950000	0.920000	EFO:0003951	percutaneous transluminal coronary angioplasty	{"EFO:0003951":0.03,"EFO:0010673":0.0,"EFO:0022611":0.0,"EFO:0022928":0.02,"HP:0001711":0.0,"MONDO:0001707":0.0,"MONDO:0024636":0.0,"OBA:2045275":0.0,"UBERON:0002079":0.0,"UBERON:0002084":0.0,"none_suitable":0.95}	jev	jev-1.13.0	efo/v3.94.0	2026-09-28
operative procedures - secondary opcs: k63.4 coronary arteriography using two catheters	0.890000	0.840000	EFO:0007938	coronary atherosclerosis measurement	{"EFO:0003951":0.03,"EFO:0004723":0.0,"EFO:0006601":0.0,"EFO:0007938":0.05,"EFO:0009953":0.0,"EFO:0022928":0.03,"MONDO:0005010":0.0,"MONDO:0005355":0.0,"UBERON:0001621":0.0,"UBERON:0005985":0.0,"none_suitable":0.89}	jev	jev-1.13.0	efo/v3.94.0	2026-09-28
operative procedures - secondary opcs: k63.6 coronary arteriography nec	0.939394	0.898990	EFO:0007938	coronary atherosclerosis measurement	{"EFO:0000601":0.0,"EFO:0007938":0.0404040404040404,"EFO:0009953":0.0,"MONDO:0005010":0.0101010101010101,"MONDO:0005355":0.0101010101010101,"MONDO:0005542":0.0,"MONDO:0006715":0.0,"MONDO:0006716":0.0,"UBERON:0001621":0.0,"UBERON:0005985":0.0,"none_suitable":0.9393939393939393}	jev	jev-1.13.0	efo/v3.94.0	2026-09-28
operative procedures - secondary opcs: l87.1 stripping of long saphenous vein	0.980000	0.960000	EFO:0009729	surgery on leg artery	{"EFO:0003953":0.0,"EFO:0009632":0.0,"EFO:0009729":0.02,"EFO:1001923":0.0,"MONDO:0004625":0.0,"MONDO:0004634":0.0,"MONDO:0004869":0.0,"MONDO:0016952":0.0,"MONDO:0022756":0.0,"Orphanet:262001":0.0,"none_suitable":0.98}	jev	jev-1.13.0	efo/v3.94.0	2026-09-28
operative procedures - secondary opcs: l87.4 avulsion of varicose vein of leg	0.970000	0.960000	MONDO:0004634	vein disorder	{"CL:0002618":0.0,"EFO:0003953":0.0,"EFO:0009632":0.01,"EFO:0009729":0.01,"EFO:0800651":0.0,"HP:0002814":0.0,"MONDO:0004625":0.0,"MONDO:0004634":0.01,"MONDO:0004869":0.0,"MONDO:0021642":0.0,"none_suitable":0.97}	jev	jev-1.13.0	efo/v3.94.0	2026-09-28
operative procedures - secondary opcs: l91.2 insertion of central venous catheter nec	0.990000	0.980000	EFO:0010672	blood vessel replacement	{"EFO:0003951":0.0,"EFO:0010672":0.01,"EFO:0022928":0.0,"EFO:0800649":0.0,"EFO:1001364":0.0,"EFO:1001774":0.0,"MONDO:0001530":0.0,"MONDO:0003346":0.0,"MONDO:0017456":0.0,"PR:000004997":0.0,"none_suitable":0.99}	jev	jev-1.13.0	efo/v3.94.0	2026-09-28
operative procedures - secondary opcs: m45.9 unspecified diagnostic endoscopic examination of bladder	1.000000	1.000000	HP:0000014	Abnormality of the bladder	{"HP:0000014":0.0,"MONDO:0000384":0.0,"MONDO:0001374":0.0,"MONDO:0001634":0.0,"MONDO:0004272":0.0,"MONDO:0006026":0.0,"MONDO:0006032":0.0,"MONDO:0006679":0.0,"MONDO:0007197":0.0,"MONDO:0010805":0.0,"none_suitable":1.0}	jev	jev-1.13.0	efo/v3.94.0	2026-09-28
operative procedures - secondary opcs: m47.3 removal of urethral catheter from bladder	1.000000	1.000000	MONDO:0006026	urinary bladder disorder	{"MONDO:0000384":0.0,"MONDO:0001374":0.0,"MONDO:0002751":0.0,"MONDO:0004331":0.0,"MONDO:0004986":0.0,"MONDO:0006026":0.0,"MONDO:0006032":0.0,"MONDO:0006679":0.0,"MONDO:0010805":0.0,"MONDO:0021327":0.0,"none_suitable":1.0}	jev	jev-1.13.0	efo/v3.94.0	2026-09-28
operative procedures - secondary opcs: m47.9 unspecified urethral catheterisation of bladder	1.000000	1.000000	HP:0000014	Abnormality of the bladder	{"HP:0000014":0.0,"MONDO:0000384":0.0,"MONDO:0001187":0.0,"MONDO:0001374":0.0,"MONDO:0001634":0.0,"MONDO:0004987":0.0,"MONDO:0006026":0.0,"MONDO:0006032":0.0,"MONDO:0006112":0.0,"MONDO:0006679":0.0,"none_suitable":1.0}	jev	jev-1.13.0	efo/v3.94.0	2026-09-28
operative procedures - secondary opcs: o14.2 sentinel lymph node	0.970000	0.960000	EFO:0004927	N stage	{"EFO:0004927":0.01,"EFO:0004932":0.01,"EFO:0004933":0.01,"EFO:0004934":0.0,"EFO:0004935":0.0,"EFO:0004936":0.0,"HP:0002733":0.0,"MONDO:0001082":0.0,"MONDO:0005438":0.0,"MONDO:0024339":0.0,"none_suitable":0.97}	jev	jev-1.13.0	efo/v3.94.0	2026-09-28
operative procedures - secondary opcs: p27.3 colposcopy of vagina	1.000000	1.000000	MONDO:0001433	vaginal disorder	{"EFO:1001837":0.0,"HP:0000008":0.0,"MONDO:0001288":0.0,"MONDO:0001433":0.0,"MONDO:0001530":0.0,"MONDO:0001536":0.0,"MONDO:0004679":0.0,"MONDO:0006758":0.0,"MONDO:0021050":0.0,"MONDO:0021394":0.0,"none_suitable":1.0}	jev	jev-1.13.0	efo/v3.94.0	2026-09-28
operative procedures - secondary opcs: q08.9 unspecified vaginal excision of uterus	1.000000	1.000000	MONDO:0002654	uterine disorder	{"HP:0000130":0.0,"HP:0000151":0.0,"MONDO:0002654":0.0,"MONDO:0004701":0.0,"MONDO:0005210":0.0,"MONDO:0005213":0.0,"MONDO:0016260":0.0,"MONDO:0016262":0.0,"MONDO:0016266":0.0,"UBERON:0009853":0.0,"none_suitable":1.0}	jev	jev-1.13.0	efo/v3.94.0	2026-09-28
operative procedures - secondary opcs: q18.1 diagnostic endoscopic examination of uterus and biopsy of lesion of uterus	0.980000	0.960000	EFO:0003881	hysterectomy	{"EFO:0003881":0.02,"EFO:0021915":0.0,"HP:0000130":0.0,"HP:0000151":0.0,"HP:0000175":0.0,"MONDO:0001786":0.0,"MONDO:0002654":0.0,"MONDO:0100515":0.0,"UBERON:0001295":0.0,"UBERON:0009853":0.0,"none_suitable":0.98}	jev	jev-1.13.0	efo/v3.94.0	2026-09-28
operative procedures - secondary opcs: q18.8 other specified diagnostic endoscopic examination of uterus	1.000000	1.000000	MONDO:0005133	endometriosis	{"HP:0000130":0.0,"HP:0000151":0.0,"MONDO:0001786":0.0,"MONDO:0002654":0.0,"MONDO:0004701":0.0,"MONDO:0005133":0.0,"MONDO:0005210":0.0,"MONDO:0010888":0.0,"MONDO:0021525":0.0,"UBERON:0009853":0.0,"none_suitable":1.0}	jev	jev-1.13.0	efo/v3.94.0	2026-09-28
operative procedures - secondary opcs: q18.9 unspecified diagnostic endoscopic examination of uterus	0.980000	0.960000	EFO:0003881	hysterectomy	{"EFO:0003881":0.02,"HP:0000130":0.0,"HP:0000151":0.0,"MONDO:0001786":0.0,"MONDO:0002654":0.0,"MONDO:0004701":0.0,"MONDO:0005210":0.0,"MONDO:0010888":0.0,"MONDO:0021525":0.0,"UBERON:0009853":0.0,"none_suitable":0.98}	jev	jev-1.13.0	efo/v3.94.0	2026-09-28
operative procedures - secondary opcs: s06.5 excision of lesion of skin of head or neck nec	0.980000	0.960000	UBERON:0007811	craniocervical region	{"HP:0000152":0.0,"MONDO:0003091":0.0,"OBA:0002174":0.0,"OBA:1000459":0.0,"PR:000020410":0.0,"UBERON:0000014":0.0,"UBERON:0001331":0.0,"UBERON:0001415":0.0,"UBERON:0007811":0.02,"ZFA:0001389":0.0,"none_suitable":0.98}	jev	jev-1.13.0	efo/v3.94.0	2026-09-28
operative procedures - secondary opcs: s06.9 unspecified other excision of lesion of skin	0.990000	0.980000	MONDO:0002531	skin neoplasm	{"HP:0000951":0.0,"HP:0011121":0.0,"HP:0011122":0.0,"MONDO:0002531":0.01,"MONDO:0006414":0.0,"OBA:0002174":0.0,"OBA:1000459":0.0,"OBA:VT0005501":0.0,"UBERON:0000014":0.0,"UBERON:0001416":0.0,"none_suitable":0.99}	jev	jev-1.13.0	efo/v3.94.0	2026-09-28
operative procedures - secondary opcs: s57.1 debridement of skin nec	0.990000	0.980000	HP:0001058	Poor wound healing	{"EFO:0009522":0.0,"HP:0001058":0.01,"HP:0011121":0.0,"HP:0011122":0.0,"MONDO:0024313":0.0,"OBA:0002174":0.0,"OBA:1000459":0.0,"UBERON:0001415":0.0,"UBERON:0001416":0.0,"UBERON:0001471":0.0,"none_suitable":0.99}	jev	jev-1.13.0	efo/v3.94.0	2026-09-28
operative procedures - secondary opcs: t85.2 block dissection of axillary lymph nodes	0.960000	0.930000	EFO:0020987	mastectomy	{"EFO:0007771":0.01,"EFO:0020987":0.03,"EFO:1001364":0.0,"HP:0002733":0.0,"HP:0002840":0.0,"MONDO:0001082":0.0,"MONDO:0004763":0.0,"MONDO:0024339":0.0,"PO:0007073":0.0,"PO:0007080":0.0,"none_suitable":0.96}	jev	jev-1.13.0	efo/v3.94.0	2026-09-28
operative procedures - secondary opcs: t86.2 sampling of axillary lymph nodes	0.960000	0.930000	EFO:0007771	pathologic complete response measurement	{"EFO:0007771":0.03,"EFO:1001364":0.01,"HP:0002733":0.0,"HP:0002840":0.0,"MONDO:0001082":0.0,"MONDO:0021443":0.0,"MONDO:0024339":0.0,"PO:0007073":0.0,"PO:0007080":0.0,"PR:000048265":0.0,"none_suitable":0.96}	jev	jev-1.13.0	efo/v3.94.0	2026-09-28
operative procedures - secondary opcs: t87.3 excision or biopsy of axillary lymph node	1.000000	1.000000	EFO:0007771	pathologic complete response measurement	{"EFO:0007771":0.0,"MONDO:0000469":0.0,"MONDO:0001082":0.0,"MONDO:0004528":0.0,"MONDO:0004928":0.0,"MONDO:0005476":0.0,"PO:0007073":0.0,"PO:0007080":0.0,"PR:000018437":0.0,"PR:000018440":0.0,"none_suitable":1.0}	jev	jev-1.13.0	efo/v3.94.0	2026-09-28
operative procedures - secondary opcs: u20.1 transthoracic echocardiography	0.990000	0.980000	EFO:0022611	magnetic resonance imaging of the heart	{"CHEBI:36459":0.0,"EFO:0001194":0.0,"EFO:0002048":0.0,"EFO:0002049":0.0,"EFO:0002707":0.0,"EFO:0010673":0.0,"EFO:0022611":0.01,"EFO:0022928":0.0,"PR:000021711":0.0,"PR:000021713":0.0,"none_suitable":0.99}	jev	jev-1.13.0	efo/v3.94.0	2026-09-28
operative procedures - secondary opcs: w28.1 application of internal fixation to bone nec	0.960000	0.920000	EFO:0009707	fractures, ununited	{"EFO:0009707":0.04,"EFO:0009870":0.0,"EFO:0010684":0.0,"MONDO:0000836":0.0,"MONDO:0002185":0.0,"MONDO:0005315":0.0,"MONDO:0005322":0.0,"MONDO:0005381":0.0,"MONDO:0005497":0.0,"MONDO:0015783":0.0,"none_suitable":0.96}	jev	jev-1.13.0	efo/v3.94.0	2026-09-28
operative procedures - secondary opcs: w85.2 endoscopic irrigation of knee joint	0.980000	0.970000	EFO:0020972	revision of total knee arthroplasty	{"EFO:0009507":0.0,"EFO:0020972":0.01,"EFO:0020974":0.0,"EFO:0020975":0.01,"HP:0004976":0.0,"HP:0005750":0.0,"MONDO:0001468":0.0,"MONDO:0005416":0.0,"MONDO:0041903":0.0,"UBERON:0001485":0.0,"none_suitable":0.98}	jev	jev-1.13.0	efo/v3.94.0	2026-09-28
operative procedures - secondary opcs: x72.1 delivery of complex chemotherapy for neoplasm including prolonged infusional treatment at first attendance	0.980000	0.970000	MONDO:0024882	secondary neoplasm	{"EFO:0006911":0.01,"EFO:0009870":0.0,"EFO:0021779":0.0,"EFO:0802709":0.0,"EFO:1001364":0.0,"MONDO:0005286":0.0,"MONDO:0024881":0.0,"MONDO:0024882":0.01,"MONDO:0024883":0.0,"OBA:2040028":0.0,"none_suitable":0.98}	jev	jev-1.13.0	efo/v3.94.0	2026-09-28
operative procedures - secondary opcs: x72.3 delivery of simple parenteral chemotherapy for neoplasm at first attendance	0.970000	0.960000	MONDO:0024882	secondary neoplasm	{"EFO:0006911":0.01,"EFO:0007943":0.01,"EFO:0021779":0.0,"MONDO:0005286":0.0,"MONDO:0024881":0.0,"MONDO:0024882":0.01,"MONDO:0024883":0.0,"OBA:2040037":0.0,"OBA:2042685":0.0,"OBA:2051342":0.0,"none_suitable":0.97}	jev	jev-1.13.0	efo/v3.94.0	2026-09-28
operative procedures - secondary opcs: y02.2 insertion of prosthesis into organ noc	0.939394	0.898990	EFO:0020979	digestive system surgery	{"CL:0000867":0.0,"EFO:0007043":0.0,"EFO:0009580":0.0,"EFO:0009789":0.0202020202020202,"EFO:0009887":0.0,"EFO:0009951":0.0,"EFO:0020979":0.0404040404040404,"EFO:0800649":0.0,"MONDO:0001530":0.0,"MONDO:0001592":0.0,"none_suitable":0.9393939393939393}	jev	jev-1.13.0	efo/v3.94.0	2026-09-28
operative procedures - secondary opcs: y21.8 other specified cytology of organ noc	0.900000	0.860000	EFO:0009744	surgical resection	{"CL:0000867":0.0,"EFO:0009744":0.04,"EFO:0009789":0.03,"EFO:0009887":0.0,"EFO:0009951":0.01,"EFO:0020979":0.01,"EFO:0022929":0.01,"EFO:0800653":0.0,"MONDO:0001530":0.0,"MONDO:0001592":0.0,"none_suitable":0.9}	jev	jev-1.13.0	efo/v3.94.0	2026-09-28
operative procedures - secondary opcs: y44.2 monitoring of pressure in organ noc	0.850000	0.790000	EFO:0005323	post-operative sign or symptom	{"EFO:0005323":0.06,"EFO:0009789":0.03,"EFO:0009951":0.01,"EFO:0020979":0.05,"MONDO:0100426":0.0,"OBA:2050386":0.0,"OBA:2050547":0.0,"OBA:2050575":0.0,"OBA:2050791":0.0,"OBA:2050827":0.0,"none_suitable":0.85}	jev	jev-1.13.0	efo/v3.94.0	2026-09-28
operative procedures - secondary opcs: y50.8 other specified approach through abdominal cavity	0.870000	0.750000	EFO:0020979	digestive system surgery	{"EFO:0005244":0.0,"EFO:0005323":0.0,"EFO:0009951":0.0,"EFO:0010681":0.01,"EFO:0010682":0.0,"EFO:0020979":0.12,"HP:0004872":0.0,"MONDO:0002337":0.0,"UBERON:0000916":0.0,"UBERON:0003684":0.0,"none_suitable":0.87}	jev	jev-1.13.0	efo/v3.94.0	2026-09-28
operative procedures - secondary opcs: y52.8 other specified approach to organ through other opening	0.950000	0.920000	EFO:0020979	digestive system surgery	{"CL:0000867":0.0,"EFO:0005244":0.01,"EFO:0007043":0.0,"EFO:0009580":0.0,"EFO:0009951":0.0,"EFO:0010681":0.01,"EFO:0020979":0.03,"MONDO:0005200":0.0,"MONDO:0005249":0.0,"MONDO:0100426":0.0,"none_suitable":0.95}	jev	jev-1.13.0	efo/v3.94.0	2026-09-28
operative procedures - secondary opcs: y53.1 approach to organ under radiological control	0.960000	0.920000	EFO:0020979	digestive system surgery	{"CL:0000867":0.0,"EFO:0004952":0.0,"EFO:0005768":0.0,"EFO:0009600":0.0,"EFO:0009951":0.0,"EFO:0010950":0.0,"EFO:0020979":0.04,"MONDO:0007487":0.0,"MONDO:0100489":0.0,"MONDO:0859371":0.0,"none_suitable":0.96}	jev	jev-1.13.0	efo/v3.94.0	2026-09-28
operative procedures - secondary opcs: y53.2 approach to organ under ultrasonic control	0.920000	0.860000	EFO:0020979	digestive system surgery	{"CL:0000867":0.0,"EFO:0003881":0.01,"EFO:0005768":0.0,"EFO:0009600":0.0,"EFO:0009951":0.01,"EFO:0020979":0.06,"GO:0097330":0.0,"MONDO:0010843":0.0,"MONDO:0011860":0.0,"OBI:0600044":0.0,"none_suitable":0.92}	jev	jev-1.13.0	efo/v3.94.0	2026-09-28
operative procedures - secondary opcs: y53.3 approach to organ under computed tomography scan control	0.960000	0.940000	EFO:0020979	digestive system surgery	{"CL:0000867":0.0,"EFO:0002581":0.0,"EFO:0004952":0.0,"EFO:0005768":0.0,"EFO:0009600":0.0,"EFO:0009636":0.0,"EFO:0009951":0.0,"EFO:0020979":0.02,"FBbi:00001002":0.01,"FBbi:00001005":0.01,"none_suitable":0.96}	jev	jev-1.13.0	efo/v3.94.0	2026-09-28
operative procedures - secondary opcs: y53.4 approach to organ under fluoroscopic control	0.930000	0.860000	EFO:0020979	digestive system surgery	{"CL:0000867":0.0,"EFO:0004952":0.0,"EFO:0005768":0.0,"EFO:0009580":0.0,"EFO:0009600":0.0,"EFO:0009870":0.0,"EFO:0009951":0.0,"EFO:0020979":0.07,"EFO:0021418":0.0,"GO:1902522":0.0,"none_suitable":0.93}	jev	jev-1.13.0	efo/v3.94.0	2026-09-28
operative procedures - secondary opcs: y53.5 approach to organ under image intensifier	0.970000	0.950000	EFO:0020979	digestive system surgery	{"CL:0000867":0.0,"EFO:0002581":0.0,"EFO:0009600":0.0,"EFO:0009951":0.0,"EFO:0010825":0.0,"EFO:0020979":0.02,"EFO:0022929":0.01,"GO:0097330":0.0,"MONDO:0032867":0.0,"MONDO:0859376":0.0,"none_suitable":0.97}	jev	jev-1.13.0	efo/v3.94.0	2026-09-28
operative procedures - secondary opcs: y53.9 unspecified approach to organ under image control	0.880000	0.770000	EFO:0020979	digestive system surgery	{"CL:0000867":0.0,"EFO:0002581":0.01,"EFO:0004952":0.0,"EFO:0005768":0.0,"EFO:0009600":0.0,"EFO:0009870":0.0,"EFO:0009951":0.0,"EFO:0020979":0.11,"MONDO:0011498":0.0,"MONDO:0012600":0.0,"none_suitable":0.88}	jev	jev-1.13.0	efo/v3.94.0	2026-09-28
operative procedures - secondary opcs: y58.8 other specified harvest of skin for graft	1.000000	1.000000	OBA:0002174	skin of body structure	{"EFO:0003953":0.0,"EFO:0009522":0.0,"EFO:0010672":0.0,"OBA:0002174":0.0,"OBA:1000459":0.0,"UBERON:0001415":0.0,"UBERON:0001416":0.0,"UBERON:0001471":0.0,"UBERON:0002097":0.0,"ZFA:0001389":0.0,"none_suitable":1.0}	jev	jev-1.13.0	efo/v3.94.0	2026-09-28
operative procedures - secondary opcs: y73.1 cardiopulmonary bypass	0.850000	0.710000	EFO:0003776	coronary artery bypass	{"CHEBI:36459":0.0,"EFO:0001194":0.0,"EFO:0002048":0.0,"EFO:0002049":0.0,"EFO:0002707":0.0,"EFO:0003776":0.14,"EFO:0005244":0.0,"EFO:0010673":0.0,"EFO:0010721":0.0,"EFO:0022928":0.01,"none_suitable":0.85}	jev	jev-1.13.0	efo/v3.94.0	2026-09-28
operative procedures - secondary opcs: y80.1 inhalation anaesthetic using muscle relaxant	0.870000	0.800000	EFO:0009951	response to surgery	{"CHEBI:38870":0.04,"EFO:0009951":0.07,"EFO:0022928":0.02,"GO:0098975":0.0,"HP:0002486":0.0,"MONDO:0015228":0.0,"PR:000005640":0.0,"PR:000021711":0.0,"PR:000030732":0.0,"ZFA:0000963":0.0,"none_suitable":0.87}	jev	jev-1.13.0	efo/v3.94.0	2026-09-28
operative procedures - secondary opcs: y80.8 other specified general anaesthetic	0.880000	0.770000	EFO:0007056	clinical treatment	{"EFO:0004888":0.01,"EFO:0005323":0.0,"EFO:0005324":0.0,"EFO:0007056":0.11,"EFO:0009951":0.0,"EFO:0009954":0.0,"EFO:0009956":0.0,"MONDO:0005041":0.0,"MONDO:0005133":0.0,"MONDO:0044745":0.0,"none_suitable":0.88}	jev	jev-1.13.0	efo/v3.94.0	2026-09-28
operative procedures - secondary opcs: y80.9 unspecified general anaesthetic	0.990000	0.980000	EFO:0009951	response to surgery	{"EFO:0004888":0.0,"EFO:0005323":0.0,"EFO:0005324":0.0,"EFO:0009951":0.01,"EFO:0009953":0.0,"EFO:0009954":0.0,"EFO:0009956":0.0,"EFO:0010640":0.0,"MONDO:0001200":0.0,"MONDO:0006966":0.0,"none_suitable":0.99}	jev	jev-1.13.0	efo/v3.94.0	2026-09-28
operative procedures - secondary opcs: y81.1 epidural anaesthetic using lumbar approach	0.960000	0.930000	EFO:0010960	lumbar puncture	{"CHEBI:36459":0.0,"EFO:0001194":0.0,"EFO:0002048":0.0,"EFO:0002049":0.0,"EFO:0004888":0.0,"EFO:0008544":0.01,"EFO:0010960":0.03,"FBbt:00017010":0.0,"HP:0004619":0.0,"HP:0004626":0.0,"none_suitable":0.96}	jev	jev-1.13.0	efo/v3.94.0	2026-09-28
operative procedures - secondary opcs: y81.9 unspecified spinal anaesthetic	1.000000	1.000000	EFO:0022932	spinal fusion	{"EFO:0004888":0.0,"EFO:0005323":0.0,"EFO:0005324":0.0,"EFO:0008576":0.0,"EFO:0009956":0.0,"EFO:0010640":0.0,"EFO:0022932":0.0,"EFO:1001845":0.0,"MONDO:0002545":0.0,"MONDO:0005752":0.0,"none_suitable":1.0}	jev	jev-1.13.0	efo/v3.94.0	2026-09-28
operative procedures - secondary opcs: y82.1 local anaesthetic nerve block	0.960000	0.940000	EFO:0005324	post-operative sensory disturbance	{"CHEBI:36459":0.0,"EFO:0001194":0.0,"EFO:0002048":0.0,"EFO:0002049":0.0,"EFO:0002707":0.0,"EFO:0005324":0.02,"EFO:0005643":0.0,"EFO:0008544":0.0,"EFO:0009951":0.02,"MONDO:0044745":0.0,"none_suitable":0.96}	jev	jev-1.13.0	efo/v3.94.0	2026-09-28
operative procedures - secondary opcs: y84.1 gas and air analgesia in labour	0.990000	0.980000	EFO:0022939	labor and delivery complications	{"EFO:0004888":0.0,"EFO:0022939":0.01,"HP:0001787":0.0,"HP:0011411":0.0,"HP:0011412":0.0,"HP:0030369":0.0,"MONDO:0024540":0.0,"OBA:2041029":0.0,"OBA:2051347":0.0,"OBA:2100260":0.0,"none_suitable":0.99}	jev	jev-1.13.0	efo/v3.94.0	2026-09-28
operative procedures - secondary opcs: y84.8 other specified other anaesthetic	0.860000	0.740000	EFO:0007056	clinical treatment	{"EFO:0004888":0.01,"EFO:0005323":0.0,"EFO:0005324":0.0,"EFO:0006654":0.0,"EFO:0007056":0.12,"EFO:0009951":0.0,"EFO:0009954":0.0,"EFO:0010640":0.0,"MONDO:0001200":0.0,"MONDO:0100426":0.01,"none_suitable":0.86}	jev	jev-1.13.0	efo/v3.94.0	2026-09-28
operative procedures - secondary opcs: y97.3 radiology with post contrast	0.880000	0.780000	EFO:0006887	radiologic finding	{"EFO:0005323":0.0,"EFO:0005324":0.0,"EFO:0006887":0.1,"EFO:0009789":0.02,"EFO:0009951":0.0,"EFO:0009952":0.0,"EFO:0009954":0.0,"EFO:0009956":0.0,"EFO:0030038":0.0,"MONDO:0015228":0.0,"none_suitable":0.88}	jev	jev-1.13.0	efo/v3.94.0	2026-09-28
operative procedures - secondary opcs: y98.1 radiology of one body area (or < 20 minutes)	0.930000	0.870000	EFO:0006887	radiologic finding	{"EFO:0005323":0.0,"EFO:0006887":0.06,"EFO:0009744":0.0,"EFO:0009951":0.0,"EFO:0020979":0.01,"EFO:0800235":0.0,"HP:0001269":0.0,"HP:0004374":0.0,"MONDO:0002970":0.0,"MONDO:0044137":0.0,"none_suitable":0.93}	jev	jev-1.13.0	efo/v3.94.0	2026-09-28
operative procedures - secondary opcs: y98.2 radiology of two body areas	0.900000	0.820000	EFO:0006887	radiologic finding	{"EFO:0006887":0.08,"EFO:0009513":0.0,"EFO:0009717":0.0,"EFO:0009744":0.02,"EFO:0009807":0.0,"EFO:0800649":0.0,"HP:0000002":0.0,"OBA:0002174":0.0,"OBA:1000459":0.0,"UBERON:0015510":0.0,"none_suitable":0.9}	jev	jev-1.13.0	efo/v3.94.0	2026-09-28
operative procedures - secondary opcs: y98.3 radiology of three body areas (or 20-40 minutes)	0.990000	0.980000	EFO:0009744	surgical resection	{"EFO:0009744":0.01,"EFO:0009807":0.0,"EFO:0020979":0.0,"EFO:0022996":0.0,"EFO:0920129":0.0,"HP:0004374":0.0,"MONDO:0002970":0.0,"MONDO:0016146":0.0,"MONDO:0044137":0.0,"Orphanet:207078":0.0,"none_suitable":0.99}	jev	jev-1.13.0	efo/v3.94.0	2026-09-28
operative procedures - secondary opcs: z40.1 pulmonary artery	0.980000	0.970000	HP:0004415	Pulmonary artery stenosis	{"EFO:0006347":0.0,"HP:0004415":0.01,"HP:0004927":0.0,"HP:0004935":0.0,"HP:0011637":0.0,"OBA:0002581":0.0,"OBA:2045233":0.01,"OBA:2045255":0.0,"UBERON:0002012":0.0,"UBERON:0002333":0.0,"none_suitable":0.98}	jev	jev-1.13.0	efo/v3.94.0	2026-09-28
operative procedures - secondary opcs: z47.1 skin of forehead	0.910000	0.870000	OBA:2050106	forehead morphology trait	{"EFO:0009522":0.0,"HP:0011121":0.0,"MONDO:0003091":0.0,"MONDO:0004429":0.0,"MONDO:0006610":0.0,"OBA:0002174":0.01,"OBA:2050106":0.04,"UBERON:0000014":0.01,"UBERON:0001416":0.0,"UBERON:0008200":0.03,"none_suitable":0.91}	jev	jev-1.13.0	efo/v3.94.0	2026-09-28
operative procedures - secondary opcs: z47.2 skin of temple	0.970000	0.940000	UBERON:0000014	zone of skin	{"EFO:0009522":0.0,"HP:0011121":0.0,"MONDO:0001461":0.0,"MONDO:0002967":0.0,"MONDO:0003091":0.0,"MONDO:0004429":0.0,"OBA:0002174":0.0,"OBA:1000459":0.0,"UBERON:0000014":0.03,"UBERON:0001415":0.0,"none_suitable":0.97}	jev	jev-1.13.0	efo/v3.94.0	2026-09-28
operative procedures - secondary opcs: z47.3 skin of cheek	0.960000	0.930000	UBERON:0000014	zone of skin	{"EFO:0000435":0.0,"EFO:0009522":0.0,"HP:0000155":0.0,"MONDO:0003091":0.0,"MONDO:0004429":0.0,"MONDO:0006610":0.0,"MONDO:0020179":0.0,"OBA:0002174":0.01,"UBERON:0000014":0.03,"UBERON:0001457":0.0,"none_suitable":0.96}	jev	jev-1.13.0	efo/v3.94.0	2026-09-28
operative procedures - secondary opcs: z48.1 skin of scalp	1.000000	1.000000	MONDO:0006605	scalp dermatosis	{"EFO:0009522":0.0,"HP:0004552":0.0,"MONDO:0002967":0.0,"MONDO:0003091":0.0,"MONDO:0004429":0.0,"MONDO:0006605":0.0,"MONDO:0006610":0.0,"MONDO:0019575":0.0,"OBA:0002174":0.0,"UBERON:0001415":0.0,"none_suitable":1.0}	jev	jev-1.13.0	efo/v3.94.0	2026-09-28
operative procedures - secondary opcs: z48.2 skin of neck	0.990000	0.980000	OBA:0002174	skin of body structure	{"HP:0000470":0.0,"HP:0000474":0.0,"MONDO:0003091":0.0,"OBA:0002103":0.0,"OBA:0002174":0.01,"OBA:1000031":0.0,"PR:000020410":0.0,"UBERON:0001331":0.0,"UBERON:0001415":0.0,"UBERON:0001471":0.0,"none_suitable":0.99}	jev	jev-1.13.0	efo/v3.94.0	2026-09-28
operative procedures - secondary opcs: z49.1 skin of breast	0.970000	0.940000	MONDO:0002648	mammary Paget disease	{"HP:0000769":0.0,"HP:0011121":0.0,"MONDO:0002648":0.03,"MONDO:0002657":0.0,"MONDO:0002975":0.0,"MONDO:0003091":0.0,"MONDO:0003896":0.0,"MONDO:0006118":0.0,"OBA:0002174":0.0,"UBERON:0001416":0.0,"none_suitable":0.97}	jev	jev-1.13.0	efo/v3.94.0	2026-09-28
operative procedures - secondary opcs: z49.2 skin of axilla	1.000000	1.000000	OBA:0002174	skin of body structure	{"HP:0011121":0.0,"MONDO:0002531":0.0,"MONDO:0003091":0.0,"MONDO:0003110":0.0,"MONDO:0006414":0.0,"OBA:0002174":0.0,"OBA:1000459":0.0,"OBA:VT0002095":0.0,"PO:0007073":0.0,"UBERON:0001416":0.0,"none_suitable":1.0}	jev	jev-1.13.0	efo/v3.94.0	2026-09-28
operative procedures - secondary opcs: z49.4 skin of back	0.950000	0.920000	UBERON:0000014	zone of skin	{"HP:0011121":0.0,"HP:0011122":0.0,"OBA:0002174":0.01,"OBA:1000459":0.0,"OBA:VT0005501":0.0,"UBERON:0000014":0.03,"UBERON:0001331":0.0,"UBERON:0001415":0.0,"UBERON:0001416":0.01,"UBERON:0001471":0.0,"none_suitable":0.95}	jev	jev-1.13.0	efo/v3.94.0	2026-09-28
operative procedures - secondary opcs: z49.8 specified skin of trunk nec	0.870000	0.790000	HP:0011121	Abnormal skin morphology	{"HP:0011121":0.08,"HP:0011122":0.02,"OBA:0002174":0.01,"OBA:1000459":0.0,"OBA:VT0002095":0.0,"UBERON:0000014":0.01,"UBERON:0001331":0.0,"UBERON:0001415":0.0,"UBERON:0001416":0.01,"UBERON:0001471":0.0,"none_suitable":0.87}	jev	jev-1.13.0	efo/v3.94.0	2026-09-28
operative procedures - secondary opcs: z50.1 skin of arm	0.980000	0.960000	UBERON:0000014	zone of skin	{"EFO:0009522":0.0,"HP:0000951":0.0,"HP:0011121":0.0,"HP:0011122":0.0,"MONDO:0003091":0.0,"MONDO:0006414":0.0,"OBA:0002174":0.0,"OBA:1000459":0.0,"OBA:VT0002095":0.0,"UBERON:0000014":0.02,"none_suitable":0.98}	jev	jev-1.13.0	efo/v3.94.0	2026-09-28
operative procedures - secondary opcs: z50.2 skin of hand	0.990000	0.980000	OBA:0002174	skin of body structure	{"EFO:0009522":0.0,"EFO:0022425":0.0,"HP:0011122":0.0,"MONDO:0000879":0.0,"MONDO:0001699":0.0,"MONDO:0003091":0.0,"MONDO:0017460":0.0,"OBA:0002174":0.01,"UBERON:0001331":0.0,"UBERON:0001471":0.0,"none_suitable":0.99}	jev	jev-1.13.0	efo/v3.94.0	2026-09-28
operative procedures - secondary opcs: z50.3 skin of finger	0.970000	0.940000	OBA:0002174	skin of body structure	{"EFO:0022425":0.0,"HP:0010554":0.0,"MONDO:0000879":0.0,"MONDO:0001699":0.0,"MONDO:0003091":0.0,"MONDO:0008271":0.0,"MONDO:0017527":0.0,"OBA:0002174":0.03,"UBERON:0001471":0.0,"UBERON:0001705":0.0,"none_suitable":0.97}	jev	jev-1.13.0	efo/v3.94.0	2026-09-28
operative procedures - secondary opcs: z50.4 skin of leg nec	0.900000	0.820000	MONDO:0006569	leg dermatosis	{"EFO:0003953":0.0,"EFO:0009522":0.0,"HP:0011121":0.01,"MONDO:0006569":0.08,"MONDO:0006610":0.01,"OBA:0002174":0.0,"OBA:1000459":0.0,"UBERON:0000014":0.0,"UBERON:0001415":0.0,"UBERON:0002097":0.0,"none_suitable":0.9}	jev	jev-1.13.0	efo/v3.94.0	2026-09-28
operative procedures - secondary opcs: z70.5 lower end of radius nec	0.860000	0.740000	MONDO:0005325	radius fracture	{"EFO:0007068":0.0,"EFO:0010191":0.0,"HP:0002986":0.0,"HP:0003083":0.0,"HP:0006433":0.01,"HP:0006434":0.0,"HP:0040151":0.0,"MONDO:0005325":0.12,"MONDO:0017465":0.01,"UBERON:0003464":0.0,"none_suitable":0.86}	jev	jev-1.13.0	efo/v3.94.0	2026-09-28
operative procedures - secondary opcs: z81.2 acromioclavicular joint	0.870000	0.750000	EFO:0020974	revision of total joint arthroplasty	{"CHEBI:142420":0.0,"CHEBI:36458":0.0,"CHEBI:76273":0.0,"EFO:0020974":0.12,"HP:0001369":0.0,"HP:0001373":0.01,"HP:0001386":0.0,"HP:0002828":0.0,"HP:0009810":0.0,"MONDO:0006816":0.0,"none_suitable":0.87}	jev	jev-1.13.0	efo/v3.94.0	2026-09-28
operative procedures - secondary opcs: z81.4 shoulder joint	1.000000	1.000000	EFO:0009621	shoulder fracture	{"EFO:0009621":0.0,"HP:0001369":0.0,"HP:0001373":0.0,"HP:0001386":0.0,"HP:0002828":0.0,"HP:0003835":0.0,"HP:0005008":0.0,"HP:0006467":0.0,"HP:0030834":0.0,"UBERON:0001467":0.0,"none_suitable":1.0}	jev	jev-1.13.0	efo/v3.94.0	2026-09-28
operative procedures - secondary opcs: z84.1 sacroiliac joint	0.900000	0.840000	EFO:0020974	revision of total joint arthroplasty	{"CHEBI:36459":0.0,"EFO:0001194":0.0,"EFO:0020973":0.01,"EFO:0020974":0.06,"EFO:0022932":0.02,"HP:0012449":0.0,"MONDO:0007156":0.01,"MONDO:0007839":0.0,"MONDO:0100325":0.0,"MONDO:1060179":0.0,"none_suitable":0.9}	jev	jev-1.13.0	efo/v3.94.0	2026-09-28
operative procedures - secondary opcs: z89.5 thumb nec	1.000000	1.000000	EFO:0002047	BC-5	{"EFO:0002047":0.0,"EFO:0002075":0.0,"EFO:0002855":0.0,"EFO:0002861":0.0,"EFO:0006308":0.0,"EFO:0006602":0.0,"EFO:0009616":0.0,"HP:0006165":0.0,"HP:0009623":0.0,"HP:0009943":0.0,"none_suitable":1.0}	jev	jev-1.13.0	efo/v3.94.0	2026-09-28
operative procedures - secondary opcs: z89.6 finger nec	1.000000	1.000000	EFO:0009616	finger fracture	{"EFO:0000601":0.0,"EFO:0002845":0.0,"EFO:0009616":0.0,"HP:0001162":0.0,"HP:0040019":0.0,"MONDO:0008271":0.0,"MONDO:0017474":0.0,"OBA:2042874":0.0,"OBA:2059684":0.0,"PR:000012653":0.0,"none_suitable":1.0}	jev	jev-1.13.0	efo/v3.94.0	2026-09-28
operative procedures - secondary opcs: z92.7 trunk nec	0.930000	0.900000	EFO:0020979	digestive system surgery	{"CHEBI:2274":0.0,"EFO:0001231":0.0,"EFO:0002581":0.02,"EFO:0002846":0.0,"EFO:0005903":0.0,"EFO:0006415":0.0,"EFO:0009951":0.01,"EFO:0020979":0.03,"EFO:0022928":0.01,"FBbt:00017010":0.0,"none_suitable":0.93}	jev	jev-1.13.0	efo/v3.94.0	2026-09-28
operative procedures - secondary opcs: z94.2 right sided operation	0.850000	0.750000	EFO:0007056	clinical treatment	{"EFO:0001659":0.02,"EFO:0007056":0.1,"EFO:0008899":0.0,"EFO:0009951":0.0,"EFO:0009956":0.0,"EFO:0020979":0.02,"EFO:0022928":0.01,"EFO:0600032":0.0,"OBA:2051124":0.0,"OBA:2055927":0.0,"none_suitable":0.85}	jev	jev-1.13.0	efo/v3.94.0	2026-09-28
operative procedures - secondary opcs: z94.3 left sided operation	0.890000	0.820000	EFO:0007056	clinical treatment	{"CHEBI:20070":0.0,"EFO:0001658":0.02,"EFO:0007056":0.06999999999999999,"EFO:0008899":0.0,"EFO:0009951":0.0,"EFO:0009956":0.0,"EFO:0020979":0.01,"EFO:0022928":0.01,"MONDO:0005101":0.0,"MONDO:0005584":0.0,"none_suitable":0.89}	jev	jev-1.13.0	efo/v3.94.0	2026-09-28
other bread intake	0.990000	0.980000	EFO:0009825	sign or symptom concerning food and fluid intake	{"CHEBI:33284":0.0,"EFO:0003939":0.0,"EFO:0007678":0.0,"EFO:0007684":0.0,"EFO:0009374":0.0,"EFO:0009825":0.01,"EFO:0010158":0.0,"EFO:0010809":0.0,"EFO:0010810":0.0,"EFO:0020088":0.0,"none_suitable":0.99}	jev	jev-1.13.0	efo/v3.94.0	2026-09-28
other cereal intake	0.980000	0.970000	EFO:0009374	energy intake measurement	{"CHEBI:33284":0.0,"EFO:0002755":0.01,"EFO:0003939":0.0,"EFO:0006521":0.0,"EFO:0007684":0.0,"EFO:0009374":0.01,"EFO:0009825":0.0,"EFO:0010809":0.0,"EFO:0020087":0.0,"EFO:0020088":0.0,"none_suitable":0.98}	jev	jev-1.13.0	efo/v3.94.0	2026-09-28
other cheese intake	0.990000	0.980000	EFO:0010809	fat intake measurement	{"EFO:0003939":0.0,"EFO:0006521":0.0,"EFO:0008539":0.0,"EFO:0009374":0.0,"EFO:0010809":0.01,"EFO:0020081":0.0,"EFO:0020086":0.0,"EFO:0020088":0.0,"EFO:0020090":0.0,"EFO:0020897":0.0,"none_suitable":0.99}	jev	jev-1.13.0	efo/v3.94.0	2026-09-28
other dessert intake	0.910000	0.820000	EFO:0010158	sugar consumption measurement	{"EFO:0003939":0.0,"EFO:0008539":0.0,"EFO:0009374":0.0,"EFO:0009825":0.0,"EFO:0010158":0.09,"EFO:0010809":0.0,"EFO:0010811":0.0,"EFO:0020088":0.0,"EFO:0020897":0.0,"OBA:2045292":0.0,"none_suitable":0.91}	jev	jev-1.13.0	efo/v3.94.0	2026-09-28
other egg intake	0.940000	0.880000	EFO:0009825	sign or symptom concerning food and fluid intake	{"EFO:0003939":0.0,"EFO:0007018":0.0,"EFO:0007248":0.0,"EFO:0007684":0.0,"EFO:0009374":0.0,"EFO:0009825":0.06,"EFO:0010810":0.0,"EFO:0020083":0.0,"EFO:0020088":0.0,"EFO:0020089":0.0,"none_suitable":0.9400000000000001}	jev	jev-1.13.0	efo/v3.94.0	2026-09-28
other fruit intake	0.970000	0.940000	EFO:0020897	citrus intake measurement	{"EFO:0003939":0.0,"EFO:0009374":0.0,"EFO:0010158":0.0,"EFO:0010811":0.0,"EFO:0020081":0.0,"EFO:0020082":0.0,"EFO:0020084":0.0,"EFO:0020086":0.0,"EFO:0020088":0.0,"EFO:0020897":0.03,"none_suitable":0.97}	jev	jev-1.13.0	efo/v3.94.0	2026-09-28
other grain intake	0.970000	0.960000	EFO:0009374	energy intake measurement	{"CHEBI:33284":0.0,"EFO:0003939":0.0,"EFO:0006814":0.01,"EFO:0007684":0.0,"EFO:0008355":0.0,"EFO:0009374":0.01,"EFO:0009825":0.01,"EFO:0010810":0.0,"EFO:0020088":0.0,"MONDO:0003916":0.0,"none_suitable":0.97}	jev	jev-1.13.0	efo/v3.94.0	2026-09-28
other meat intake	0.980000	0.970000	EFO:0010810	protein intake measurement	{"EFO:0003939":0.0,"EFO:0007678":0.0,"EFO:0008355":0.01,"EFO:0009374":0.0,"EFO:0009825":0.0,"EFO:0010809":0.0,"EFO:0010810":0.01,"EFO:0020081":0.0,"EFO:0020087":0.0,"EFO:0020088":0.0,"none_suitable":0.98}	jev	jev-1.13.0	efo/v3.94.0	2026-09-28
other milk-based pudding intake	0.990000	0.980000	EFO:0009374	energy intake measurement	{"EFO:0003939":0.0,"EFO:0007019":0.0,"EFO:0007369":0.0,"EFO:0009374":0.01,"EFO:0022598":0.0,"EFO:0030020":0.0,"HP:0100829":0.0,"NCBITaxon:3993":0.0,"OBA:VT0015043":0.0,"UBERON:0001913":0.0,"none_suitable":0.99}	jev	jev-1.13.0	efo/v3.94.0	2026-09-28
other savoury snack intake	0.990000	0.980000	EFO:0009825	sign or symptom concerning food and fluid intake	{"EFO:0003939":0.0,"EFO:0006521":0.0,"EFO:0009374":0.0,"EFO:0009825":0.01,"EFO:0010090":0.0,"EFO:0010158":0.0,"EFO:0010811":0.0,"EFO:0020088":0.0,"EFO:0020897":0.0,"OBA:2045292":0.0,"none_suitable":0.99}	jev	jev-1.13.0	efo/v3.94.0	2026-09-28
other serious medical condition/disability diagnosed by doctor	0.890000	0.800000	MONDO:0000001	disease	{"EFO:0006820":0.01,"EFO:0009518":0.0,"EFO:0030051":0.0,"MONDO:0000001":0.09,"MONDO:0005287":0.01,"MONDO:0100000":0.0,"MONDO:0100124":0.0,"MONDO:7770006":0.0,"MONDO:7770007":0.0,"Orphanet:91088":0.0,"none_suitable":0.89}	jev	jev-1.13.0	efo/v3.94.0	2026-09-28
other vegetables intake	1.000000	1.000000	EFO:0020897	citrus intake measurement	{"EFO:0003939":0.0,"EFO:0009374":0.0,"EFO:0010811":0.0,"EFO:0020080":0.0,"EFO:0020081":0.0,"EFO:0020082":0.0,"EFO:0020083":0.0,"EFO:0020086":0.0,"EFO:0020088":0.0,"EFO:0020897":0.0,"none_suitable":1.0}	jev	jev-1.13.0	efo/v3.94.0	2026-09-28
other vegetarian alternative intake	1.000000	1.000000	EFO:0009374	energy intake measurement	{"EFO:0003939":0.0,"EFO:0008539":0.0,"EFO:0009374":0.0,"EFO:0020077":0.0,"EFO:0020081":0.0,"EFO:0020082":0.0,"EFO:0020086":0.0,"EFO:0020088":0.0,"EFO:0020089":0.0,"EFO:0020897":0.0,"none_suitable":1.0}	jev	jev-1.13.0	efo/v3.94.0	2026-09-28
pain type(s) experienced in last month: none of the above	1.000000	1.000000	HP:0030766	Ear pain	{"HP:0002027":0.0,"HP:0003419":0.0,"HP:0030766":0.0,"HP:0100749":0.0,"MONDO:0024317":0.0,"MONDO:0042493":0.0,"MONDO:0700057":0.0,"OBA:2041038":0.0,"OBA:2052776":0.0,"OBA:2100198":0.0,"none_suitable":1.0}	jev	jev-1.13.0	efo/v3.94.0	2026-09-28
pairs matching completion status	0.939394	0.898990	EFO:0001763	all pairs	{"EFO:0000473":0.0,"EFO:0000686":0.0,"EFO:0001269":0.0,"EFO:0001742":0.0,"EFO:0001763":0.0404040404040404,"EFO:0004036":0.0,"EFO:0005241":0.0,"EFO:0009814":0.0,"EFO:0030038":0.0202020202020202,"PR:Q86W54":0.0,"none_suitable":0.9393939393939393}	jev	jev-1.13.0	efo/v3.94.0	2026-09-28
pancake intake	0.980000	0.960000	EFO:0009374	energy intake measurement	{"EFO:0009374":0.02,"EFO:0010809":0.0,"EFO:0010810":0.0,"EFO:0020078":0.0,"EFO:0020079":0.0,"EFO:0020083":0.0,"EFO:0020084":0.0,"EFO:0020087":0.0,"EFO:0020088":0.0,"EFO:0020091":0.0,"none_suitable":0.98}	jev	jev-1.13.0	efo/v3.94.0	2026-09-28
parsnip intake	0.990000	0.980000	EFO:0020897	citrus intake measurement	{"EFO:0003939":0.0,"EFO:0006521":0.0,"EFO:0010810":0.0,"EFO:0020081":0.0,"EFO:0020084":0.0,"EFO:0020087":0.0,"EFO:0020088":0.0,"EFO:0020091":0.0,"EFO:0020897":0.01,"EFO:0800660":0.0,"none_suitable":0.99}	jev	jev-1.13.0	efo/v3.94.0	2026-09-28
pct responsible for patient data: ashton, leigh and wigan pct	0.990000	0.980000	EFO:0030083	clinical data	{"CLO:0023795":0.0,"EFO:0001734":0.0,"EFO:0001735":0.0,"EFO:0009737":0.0,"EFO:0020982":0.0,"EFO:0030083":0.01,"OBA:2051342":0.0,"OBA:2052519":0.0,"OBI:0400107":0.0,"PR:Q9Y6E0":0.0,"none_suitable":0.99}	jev	jev-1.13.0	efo/v3.94.0	2026-09-28
pct responsible for patient data: barnsley pct	0.970000	0.940000	EFO:0007985	platelet crit	{"EFO:0001730":0.0,"EFO:0001734":0.0,"EFO:0001735":0.0,"EFO:0002846":0.0,"EFO:0004601":0.0,"EFO:0004602":0.0,"EFO:0004603":0.0,"EFO:0007985":0.03,"PR:Q53G59":0.0,"PR:Q9HBJ8":0.0,"none_suitable":0.97}	jev	jev-1.13.0	efo/v3.94.0	2026-09-28
pct responsible for patient data: bath and north east somerset pct	0.990000	0.980000	United:Kingdom	United Kingdom	{"AfPO:0000352":0.0,"CHEBI:25016":0.0,"EFO:0001730":0.0,"EFO:0001734":0.0,"EFO:0020982":0.0,"HANCESTRO:0462":0.0,"HANCESTRO:0765":0.0,"OBA:2051342":0.0,"OBA:2052519":0.0,"United:Kingdom":0.01,"none_suitable":0.99}	jev	jev-1.13.0	efo/v3.94.0	2026-09-28
pct responsible for patient data: berkshire east pct	1.000000	1.000000	HANCESTRO:2008	East Asian reference superpopulation (HGDP)	{"EFO:0001734":0.0,"EFO:0001735":0.0,"EFO:0004601":0.0,"EFO:0004602":0.0,"EFO:0004603":0.0,"HANCESTRO:2008":0.0,"HANCESTRO:2009":0.0,"PR:P14138":0.0,"PR:P20800":0.0,"PR:Q8NFH8":0.0,"none_suitable":1.0}	jev	jev-1.13.0	efo/v3.94.0	2026-09-28
pct responsible for patient data: berkshire west pct	0.990000	0.980000	EFO:0007985	platelet crit	{"EFO:0001734":0.0,"EFO:0001735":0.0,"EFO:0004601":0.0,"EFO:0004602":0.0,"EFO:0004603":0.0,"EFO:0007985":0.01,"EFO:0010760":0.0,"PR:P48739":0.0,"PR:Q6NUJ5":0.0,"PR:Q8WVF5":0.0,"none_suitable":0.99}	jev	jev-1.13.0	efo/v3.94.0	2026-09-28
pct responsible for patient data: birmingham east and north pct	1.000000	1.000000	EFO:0010753	barcode read	{"AfPO:0000352":0.0,"EFO:0001734":0.0,"EFO:0009213":0.0,"EFO:0010200":0.0,"EFO:0010753":0.0,"EFO:0020982":0.0,"OBA:2051342":0.0,"OBA:2052519":0.0,"PR:P20851":0.0,"PR:Q8WTU2":0.0,"none_suitable":1.0}	jev	jev-1.13.0	efo/v3.94.0	2026-09-28
pct responsible for patient data: bolton pct	0.970000	0.950000	EFO:0030083	clinical data	{"EFO:0001730":0.0,"EFO:0001734":0.0,"EFO:0001735":0.01,"EFO:0004601":0.0,"EFO:0004602":0.0,"EFO:0004603":0.0,"EFO:0030083":0.02,"PR:P02741":0.0,"PR:P30988":0.0,"PR:P31321":0.0,"none_suitable":0.97}	jev	jev-1.13.0	efo/v3.94.0	2026-09-28
pct responsible for patient data: bradford and airedale teaching pct	1.000000	1.000000	EFO:0007046	executive function	{"EFO:0001734":0.0,"EFO:0001735":0.0,"EFO:0002846":0.0,"EFO:0005094":0.0,"EFO:0007046":0.0,"EFO:0011035":0.0,"EFO:0020982":0.0,"OBA:2051342":0.0,"OBA:2052519":0.0,"UBERON:0035933":0.0,"none_suitable":1.0}	jev	jev-1.13.0	efo/v3.94.0	2026-09-28
pct responsible for patient data: bristol pct	0.990000	0.980000	EFO:0001730	biosequence provider	{"EFO:0001730":0.01,"EFO:0001734":0.0,"EFO:0001735":0.0,"EFO:0004601":0.0,"EFO:0004602":0.0,"EFO:0004603":0.0,"EFO:0801498":0.0,"EFO:0802863":0.0,"PR:P20851":0.0,"PR:P48739":0.0,"none_suitable":0.99}	jev	jev-1.13.0	efo/v3.94.0	2026-09-28
pct responsible for patient data: bromley pct	0.960000	0.920000	EFO:0030083	clinical data	{"EFO:0001730":0.0,"EFO:0001734":0.0,"EFO:0001735":0.0,"EFO:0004601":0.0,"EFO:0004602":0.0,"EFO:0004603":0.0,"EFO:0009737":0.0,"EFO:0030083":0.04,"PR:O43405":0.0,"PR:Q9UN70":0.0,"none_suitable":0.96}	jev	jev-1.13.0	efo/v3.94.0	2026-09-28
pct responsible for patient data: buckinghamshire pct	1.000000	1.000000	EFO:0001734	data analyst	{"EFO:0001734":0.0,"EFO:0001735":0.0,"EFO:0004601":0.0,"EFO:0004602":0.0,"EFO:0004603":0.0,"PR:000021044":0.0,"PR:P20800":0.0,"PR:P48739":0.0,"PR:Q9UHL4":0.0,"PR:Q9UKN5":0.0,"none_suitable":1.0}	jev	jev-1.13.0	efo/v3.94.0	2026-09-28
pct responsible for patient data: bury pct	0.980000	0.970000	EFO:0001735	data coder	{"EFO:0001730":0.0,"EFO:0001734":0.0,"EFO:0001735":0.01,"EFO:0004095":0.0,"EFO:0004601":0.0,"EFO:0004602":0.0,"EFO:0004603":0.0,"EFO:0009737":0.01,"OBI:0400111":0.0,"PR:Q08174":0.0,"none_suitable":0.98}	jev	jev-1.13.0	efo/v3.94.0	2026-09-28
pct responsible for patient data: calderdale pct	1.000000	1.000000	EFO:0001735	data coder	{"EFO:0001730":0.0,"EFO:0001731":0.0,"EFO:0001734":0.0,"EFO:0001735":0.0,"EFO:0002846":0.0,"EFO:0004601":0.0,"EFO:0004602":0.0,"EFO:0004603":0.0,"PR:Q04759":0.0,"PR:Q6ZNF0":0.0,"none_suitable":1.0}	jev	jev-1.13.0	efo/v3.94.0	2026-09-28
pct responsible for patient data: central and eastern cheshire pct	1.000000	1.000000	HANCESTRO:0286	Central Asian ancestry	{"HANCESTRO:0286":0.0,"HANCESTRO:2014":0.0,"MONDO:0011263":0.0,"MONDO:0030537":0.0,"MONDO:0859232":0.0,"PR:O15182":0.0,"PR:P06307":0.0,"PR:P41208":0.0,"PR:Q5TA50":0.0,"PR:Q9HBJ8":0.0,"none_suitable":1.0}	jev	jev-1.13.0	efo/v3.94.0	2026-09-28
pct responsible for patient data: county durham pct	0.980000	0.960000	EFO:0030083	clinical data	{"EFO:0001734":0.0,"EFO:0001735":0.0,"EFO:0004601":0.0,"EFO:0004602":0.0,"EFO:0004603":0.0,"EFO:0030083":0.02,"PR:000002210":0.0,"PR:Q8TAP6":0.0,"PR:Q9UN72":0.0,"PR:Q9Y5E2":0.0,"none_suitable":0.98}	jev	jev-1.13.0	efo/v3.94.0	2026-09-28
pct responsible for patient data: croydon pct	1.000000	1.000000	EFO:0001734	data analyst	{"EFO:0001734":0.0,"EFO:0001735":0.0,"EFO:0004601":0.0,"EFO:0004602":0.0,"EFO:0004603":0.0,"PR:P16233":0.0,"PR:P48147":0.0,"PR:P54315":0.0,"PR:P55058":0.0,"PR:Q7Z6L0":0.0,"none_suitable":1.0}	jev	jev-1.13.0	efo/v3.94.0	2026-09-28
pct responsible for patient data: derby city pct	0.990000	0.980000	EFO:0030083	clinical data	{"EFO:0001734":0.0,"EFO:0001735":0.0,"EFO:0004601":0.0,"EFO:0004602":0.0,"EFO:0009737":0.0,"EFO:0030083":0.01,"IAO:0000027":0.0,"PR:Q8N5Z5":0.0,"PR:Q8WVF5":0.0,"PR:Q96MP8":0.0,"none_suitable":0.99}	jev	jev-1.13.0	efo/v3.94.0	2026-09-28
pct responsible for patient data: derbyshire county pct	1.000000	1.000000	EFO:0004663	processed genotype data file	{"EFO:0001734":0.0,"EFO:0001735":0.0,"EFO:0002328":0.0,"EFO:0004601":0.0,"EFO:0004602":0.0,"EFO:0004603":0.0,"EFO:0004663":0.0,"PR:P52943":0.0,"PR:Q9HBJ8":0.0,"PR:Q9UJQ7":0.0,"none_suitable":1.0}	jev	jev-1.13.0	efo/v3.94.0	2026-09-28
pct responsible for patient data: ealing pct	0.990000	0.980000	EFO:0030083	clinical data	{"EFO:0001734":0.0,"EFO:0001735":0.0,"EFO:0004095":0.0,"EFO:0004601":0.0,"EFO:0004602":0.0,"EFO:0009737":0.0,"EFO:0030083":0.01,"OBI:0400107":0.0,"PR:Q15375":0.0,"PR:Q9H4M7":0.0,"none_suitable":0.99}	jev	jev-1.13.0	efo/v3.94.0	2026-09-28
pct responsible for patient data: east lancashire teaching pct	1.000000	1.000000	EFO:0001734	data analyst	{"EFO:0001734":0.0,"EFO:0001735":0.0,"EFO:0002846":0.0,"EFO:0004601":0.0,"EFO:0004602":0.0,"EFO:0004603":0.0,"HANCESTRO:0819":0.0,"PR:000007083":0.0,"PR:000007091":0.0,"PR:000010449":0.0,"none_suitable":1.0}	jev	jev-1.13.0	efo/v3.94.0	2026-09-28
pct responsible for patient data: gateshead pct	0.990000	0.980000	EFO:0001730	biosequence provider	{"EFO:0001730":0.01,"EFO:0001734":0.0,"EFO:0001735":0.0,"EFO:0002846":0.0,"EFO:0004601":0.0,"EFO:0004602":0.0,"EFO:0004603":0.0,"PR:Q5TA50":0.0,"PR:Q9H6J7":0.0,"PR:Q9Y5E2":0.0,"none_suitable":0.99}	jev	jev-1.13.0	efo/v3.94.0	2026-09-28
pct responsible for patient data: halton and st helens pct	0.980000	0.960000	EFO:0030083	clinical data	{"EFO:0001730":0.0,"EFO:0002328":0.0,"EFO:0004324":0.0,"EFO:0008584":0.0,"EFO:0020982":0.0,"EFO:0030083":0.02,"HANCESTRO:0005":0.0,"OBA:2051342":0.0,"OBA:2052519":0.0,"UBERON:2000096":0.0,"none_suitable":0.98}	jev	jev-1.13.0	efo/v3.94.0	2026-09-28
pct responsible for patient data: hampshire pct	1.000000	1.000000	EFO:0001734	data analyst	{"EFO:0001734":0.0,"EFO:0001735":0.0,"EFO:0004601":0.0,"EFO:0004602":0.0,"EFO:0004603":0.0,"HANCESTRO:0712":0.0,"PR:O60542":0.0,"PR:Q8WXF1":0.0,"PR:Q9H158":0.0,"PR:Q9HC56":0.0,"none_suitable":1.0}	jev	jev-1.13.0	efo/v3.94.0	2026-09-28
pct responsible for patient data: heywood, middleton and rochdale pct	1.000000	1.000000	EFO:0020982	encounter with health service for adjustment and management of implanted device	{"EFO:0001734":0.0,"EFO:0001735":0.0,"EFO:0020982":0.0,"HANCESTRO:0773":0.0,"OBA:2051342":0.0,"OBA:2052519":0.0,"PR:Q08174":0.0,"PR:Q6IQ23":0.0,"PR:Q9HB21":0.0,"PR:Q9UN70":0.0,"none_suitable":1.0}	jev	jev-1.13.0	efo/v3.94.0	2026-09-28
pct responsible for patient data: hounslow pct	0.970000	0.940000	EFO:0007985	platelet crit	{"EFO:0001734":0.0,"EFO:0001735":0.0,"EFO:0004601":0.0,"EFO:0004602":0.0,"EFO:0004603":0.0,"EFO:0007985":0.03,"PR:O43405":0.0,"PR:Q9UN70":0.0,"PR:Q9Y5E2":0.0,"PR:Q9Y5G3":0.0,"none_suitable":0.97}	jev	jev-1.13.0	efo/v3.94.0	2026-09-28
pct responsible for patient data: islington pct	1.000000	1.000000	EFO:0001734	data analyst	{"EFO:0001734":0.0,"EFO:0001735":0.0,"EFO:0004601":0.0,"EFO:0004602":0.0,"EFO:0004603":0.0,"EFO:0600085":0.0,"PR:P48739":0.0,"PR:Q99828":0.0,"PR:Q9HBJ8":0.0,"PR:Q9UHH9":0.0,"none_suitable":1.0}	jev	jev-1.13.0	efo/v3.94.0	2026-09-28
pct responsible for patient data: kirklees pct	1.000000	1.000000	EFO:0001734	data analyst	{"EFO:0001734":0.0,"EFO:0001735":0.0,"EFO:0004601":0.0,"EFO:0004602":0.0,"EFO:0004603":0.0,"EFO:0006899":0.0,"PR:Q05655":0.0,"PR:Q8WVF5":0.0,"PR:Q96MP8":0.0,"PR:Q9UEF7":0.0,"none_suitable":1.0}	jev	jev-1.13.0	efo/v3.94.0	2026-09-28
pct responsible for patient data: knowsley pct	0.990000	0.980000	EFO:0030083	clinical data	{"EFO:0001730":0.0,"EFO:0001732":0.0,"EFO:0001734":0.0,"EFO:0001735":0.0,"EFO:0002846":0.0,"EFO:0004601":0.0,"EFO:0004602":0.0,"EFO:0009736":0.0,"EFO:0009737":0.0,"EFO:0030083":0.01,"none_suitable":0.99}	jev	jev-1.13.0	efo/v3.94.0	2026-09-28
pct responsible for patient data: lambeth pct	0.990000	0.980000	EFO:0030083	clinical data	{"EFO:0001730":0.0,"EFO:0001734":0.0,"EFO:0001735":0.0,"EFO:0004601":0.0,"EFO:0004602":0.0,"EFO:0009737":0.0,"EFO:0030083":0.01,"PR:O75197":0.0,"PR:P11597":0.0,"PR:P55058":0.0,"none_suitable":0.99}	jev	jev-1.13.0	efo/v3.94.0	2026-09-28
pct responsible for patient data: leeds pct	0.990000	0.980000	HANCESTRO:0819	English in England (SGDP)	{"EFO:0001734":0.0,"EFO:0001735":0.0,"EFO:0004601":0.0,"EFO:0004602":0.0,"EFO:0004603":0.0,"HANCESTRO:0811":0.0,"HANCESTRO:0819":0.01,"PR:Q8N5Z5":0.0,"PR:Q96MP8":0.0,"PR:Q96SI1":0.0,"none_suitable":0.99}	jev	jev-1.13.0	efo/v3.94.0	2026-09-28
pct responsible for patient data: liverpool pct	0.940000	0.880000	EFO:0030083	clinical data	{"EFO:0001734":0.0,"EFO:0001735":0.0,"EFO:0004601":0.0,"EFO:0004602":0.0,"EFO:0004603":0.0,"EFO:0030083":0.06,"PR:000009734":0.0,"PR:P54315":0.0,"PR:Q14693":0.0,"PR:Q5VXJ0":0.0,"none_suitable":0.94}	jev	jev-1.13.0	efo/v3.94.0	2026-09-28
pct responsible for patient data: manchester pct	1.000000	1.000000	EFO:0001734	data analyst	{"EFO:0001734":0.0,"EFO:0001735":0.0,"EFO:0004601":0.0,"EFO:0004602":0.0,"EFO:0004603":0.0,"PR:A6NI47":0.0,"PR:O75153":0.0,"PR:P50579":0.0,"PR:Q5T2T1":0.0,"PR:Q6UB28":0.0,"none_suitable":1.0}	jev	jev-1.13.0	efo/v3.94.0	2026-09-28
pct responsible for patient data: middlesbrough pct	1.000000	1.000000	EFO:0001734	data analyst	{"EFO:0001734":0.0,"EFO:0001735":0.0,"EFO:0002158":0.0,"EFO:0002522":0.0,"EFO:0004601":0.0,"EFO:0004602":0.0,"EFO:0004603":0.0,"EFO:0005661":0.0,"EFO:0802338":0.0,"HANCESTRO:0812":0.0,"none_suitable":1.0}	jev	jev-1.13.0	efo/v3.94.0	2026-09-28
pct responsible for patient data: newcastle pct	0.990000	0.980000	MONDO:0005875	Newcastle disease	{"EFO:0001734":0.0,"EFO:0001735":0.0,"EFO:0004601":0.0,"EFO:0004602":0.0,"EFO:0004603":0.0,"EFO:0009737":0.0,"MONDO:0005875":0.01,"NCBITaxon:9089":0.0,"PR:000012739":0.0,"PR:000013438":0.0,"none_suitable":0.99}	jev	jev-1.13.0	efo/v3.94.0	2026-09-28
pct responsible for patient data: north somerset pct	0.990000	0.980000	EFO:0030083	clinical data	{"AfPO:0000352":0.0,"EFO:0001730":0.0,"EFO:0001734":0.0,"EFO:0001735":0.0,"EFO:0002846":0.0,"EFO:0004601":0.0,"EFO:0004602":0.0,"EFO:0030083":0.01,"PR:Q15366":0.0,"PR:Q7Z6L0":0.0,"none_suitable":0.99}	jev	jev-1.13.0	efo/v3.94.0	2026-09-28
pct responsible for patient data: north staffordshire pct	1.000000	1.000000	AfPO:0000352	North Ndebele	{"AfPO:0000352":0.0,"EFO:0001734":0.0,"EFO:0001735":0.0,"EFO:0004601":0.0,"EFO:0004602":0.0,"EFO:0006899":0.0,"PR:000013108":0.0,"PR:O14974":0.0,"PR:O60828":0.0,"PR:Q8NBP7":0.0,"none_suitable":1.0}	jev	jev-1.13.0	efo/v3.94.0	2026-09-28
pct responsible for patient data: north tyneside pct	1.000000	1.000000	AfPO:0000352	North Ndebele	{"AfPO:0000352":0.0,"EFO:0001734":0.0,"EFO:0001735":0.0,"EFO:0004601":0.0,"EFO:0004602":0.0,"EFO:0006899":0.0,"PR:P22792":0.0,"PR:Q8NBP7":0.0,"PR:Q9BS92":0.0,"PR:Q9NWW6":0.0,"none_suitable":1.0}	jev	jev-1.13.0	efo/v3.94.0	2026-09-28
pct responsible for patient data: north yorkshire and york pct	1.000000	1.000000	HANCESTRO:0831	North Ossetian in Russia (SGDP)	{"AfPO:0000352":0.0,"EFO:0001734":0.0,"EFO:0006899":0.0,"EFO:0020982":0.0,"HANCESTRO:0831":0.0,"OBA:2051342":0.0,"OBA:2052519":0.0,"PR:Q8NBP7":0.0,"PR:Q9BS92":0.0,"PR:Q9H999":0.0,"none_suitable":1.0}	jev	jev-1.13.0	efo/v3.94.0	2026-09-28
pct responsible for patient data: northumberland care trust	0.980000	0.960000	EFO:0030083	clinical data	{"EFO:0001730":0.0,"EFO:0001734":0.0,"EFO:0001735":0.0,"EFO:0004601":0.0,"EFO:0004602":0.0,"EFO:0004603":0.0,"EFO:0009737":0.0,"EFO:0030083":0.02,"PR:Q96D15":0.0,"PR:Q9HBJ8":0.0,"none_suitable":0.98}	jev	jev-1.13.0	efo/v3.94.0	2026-09-28
pct responsible for patient data: nottingham city pct	1.000000	1.000000	EFO:0001734	data analyst	{"EFO:0001734":0.0,"EFO:0001735":0.0,"EFO:0004601":0.0,"EFO:0004602":0.0,"EFO:0004603":0.0,"EFO:0802340":0.0,"PR:Q8N5Z5":0.0,"PR:Q8WVF5":0.0,"PR:Q96MP8":0.0,"PR:Q9NXV2":0.0,"none_suitable":1.0}	jev	jev-1.13.0	efo/v3.94.0	2026-09-28
pct responsible for patient data: nottinghamshire county teaching pct	1.000000	1.000000	EFO:0001734	data analyst	{"CL:0002364":0.0,"EFO:0001734":0.0,"EFO:0001735":0.0,"EFO:0002382":0.0,"EFO:0002865":0.0,"EFO:0004601":0.0,"EFO:0004602":0.0,"EFO:0004603":0.0,"PR:000016588":0.0,"PR:O15273":0.0,"none_suitable":1.0}	jev	jev-1.13.0	efo/v3.94.0	2026-09-28
pct responsible for patient data: oldham pct	0.990000	0.980000	EFO:0001735	data coder	{"EFO:0001734":0.0,"EFO:0001735":0.01,"EFO:0004601":0.0,"EFO:0004602":0.0,"EFO:0004603":0.0,"PR:P02743":0.0,"PR:P11117":0.0,"PR:P24666":0.0,"PR:Q6ZNF0":0.0,"PR:Q9HBJ8":0.0,"none_suitable":0.99}	jev	jev-1.13.0	efo/v3.94.0	2026-09-28
pct responsible for patient data: oxfordshire pct	1.000000	1.000000	EFO:0001734	data analyst	{"EFO:0001734":0.0,"EFO:0001735":0.0,"EFO:0004601":0.0,"EFO:0004602":0.0,"EFO:0004603":0.0,"PR:P05305":0.0,"PR:P14138":0.0,"PR:P20800":0.0,"PR:P48739":0.0,"PR:Q9BXB4":0.0,"none_suitable":1.0}	jev	jev-1.13.0	efo/v3.94.0	2026-09-28
pct responsible for patient data: redcar and cleveland pct	0.980000	0.960000	EFO:0007985	platelet crit	{"EFO:0001734":0.0,"EFO:0001735":0.0,"EFO:0004601":0.0,"EFO:0004602":0.0,"EFO:0007985":0.02,"EFO:0009229":0.0,"EFO:0020982":0.0,"EFO:0800174":0.0,"EFO:0801464":0.0,"OBA:2052649":0.0,"none_suitable":0.98}	jev	jev-1.13.0	efo/v3.94.0	2026-09-28
pct responsible for patient data: richmond and twickenham pct	0.970000	0.940000	EFO:0007985	platelet crit	{"EFO:0001734":0.0,"EFO:0001735":0.0,"EFO:0003892":0.0,"EFO:0004601":0.0,"EFO:0004602":0.0,"EFO:0004682":0.0,"EFO:0007985":0.03,"EFO:0011035":0.0,"EFO:0020982":0.0,"OBA:2050964":0.0,"none_suitable":0.97}	jev	jev-1.13.0	efo/v3.94.0	2026-09-28
pct responsible for patient data: rotherham pct	0.990000	0.980000	EFO:0009737	data curator	{"EFO:0001734":0.0,"EFO:0001735":0.0,"EFO:0002328":0.0,"EFO:0002846":0.0,"EFO:0004601":0.0,"EFO:0004602":0.0,"EFO:0004603":0.0,"EFO:0009737":0.01,"PR:Q5T2T1":0.0,"PR:Q9HBJ8":0.0,"none_suitable":0.99}	jev	jev-1.13.0	efo/v3.94.0	2026-09-28
pct responsible for patient data: salford pct	1.000000	1.000000	EFO:0009737	data curator	{"EFO:0001734":0.0,"EFO:0001735":0.0,"EFO:0004601":0.0,"EFO:0004602":0.0,"EFO:0004603":0.0,"EFO:0006899":0.0,"EFO:0009737":0.0,"PR:O95813":0.0,"PR:P53634":0.0,"PR:Q9HC56":0.0,"none_suitable":1.0}	jev	jev-1.13.0	efo/v3.94.0	2026-09-28
pct responsible for patient data: sandwell pct	1.000000	1.000000	EFO:0001735	data coder	{"EFO:0001730":0.0,"EFO:0001734":0.0,"EFO:0001735":0.0,"EFO:0004601":0.0,"EFO:0004602":0.0,"EFO:0004603":0.0,"PR:P11686":0.0,"PR:Q8WXF1":0.0,"PR:Q9BRF8":0.0,"PR:Q9Y6A9":0.0,"none_suitable":1.0}	jev	jev-1.13.0	efo/v3.94.0	2026-09-28
pct responsible for patient data: sefton pct	0.980000	0.970000	EFO:0001735	data coder	{"EFO:0001730":0.0,"EFO:0001734":0.0,"EFO:0001735":0.01,"EFO:0002328":0.0,"EFO:0004601":0.0,"EFO:0004602":0.0,"EFO:0004603":0.0,"EFO:0009737":0.01,"PR:Q86VW0":0.0,"PR:Q9Y6E0":0.0,"none_suitable":0.98}	jev	jev-1.13.0	efo/v3.94.0	2026-09-28
pct responsible for patient data: sheffield pct	1.000000	1.000000	EFO:0001734	data analyst	{"EFO:0001730":0.0,"EFO:0001734":0.0,"EFO:0001735":0.0,"EFO:0004601":0.0,"EFO:0004602":0.0,"EFO:0004603":0.0,"EFO:0006899":0.0,"PR:Q6P3X3":0.0,"PR:Q9HBJ8":0.0,"PR:Q9Y6E0":0.0,"none_suitable":1.0}	jev	jev-1.13.0	efo/v3.94.0	2026-09-28
pct responsible for patient data: solihull care trust	0.980000	0.960000	EFO:0030083	clinical data	{"EFO:0001730":0.0,"EFO:0001734":0.0,"EFO:0001735":0.0,"EFO:0004601":0.0,"EFO:0004602":0.0,"EFO:0004603":0.0,"EFO:0009737":0.0,"EFO:0030083":0.02,"PR:A1L4H1":0.0,"PR:Q9HBJ8":0.0,"none_suitable":0.98}	jev	jev-1.13.0	efo/v3.94.0	2026-09-28
pct responsible for patient data: south birmingham pct	1.000000	1.000000	AfPO:0000333	Khoisan South	{"AfPO:0000333":0.0,"AfPO:0000353":0.0,"EFO:0001734":0.0,"EFO:0001735":0.0,"EFO:0004601":0.0,"HANCESTRO:0812":0.0,"OBA:2051083":0.0,"OBA:2052020":0.0,"PR:Q8WTU2":0.0,"PR:Q96BD6":0.0,"none_suitable":1.0}	jev	jev-1.13.0	efo/v3.94.0	2026-09-28
pct responsible for patient data: south gloucestershire pct	1.000000	1.000000	HANCESTRO:2017	South Asian reference superpopulation (SGDP)	{"AfPO:0000333":0.0,"AfPO:0000353":0.0,"EFO:0001734":0.0,"EFO:0001735":0.0,"EFO:0004601":0.0,"HANCESTRO:0819":0.0,"HANCESTRO:0825":0.0,"HANCESTRO:0838":0.0,"HANCESTRO:2017":0.0,"PR:Q9UJQ7":0.0,"none_suitable":1.0}	jev	jev-1.13.0	efo/v3.94.0	2026-09-28
pct responsible for patient data: south tyneside pct	1.000000	1.000000	AfPO:0000333	Khoisan South	{"AfPO:0000333":0.0,"AfPO:0000353":0.0,"EFO:0001734":0.0,"EFO:0001735":0.0,"EFO:0004601":0.0,"EFO:0006899":0.0,"NCBITaxon:3349":0.0,"PR:Q9NRY6":0.0,"PR:Q9UJQ7":0.0,"PR:Q9Y6A9":0.0,"none_suitable":1.0}	jev	jev-1.13.0	efo/v3.94.0	2026-09-28
pct responsible for patient data: stockton-on-tees teaching pct	1.000000	1.000000	EFO:0001734	data analyst	{"EFO:0001734":0.0,"EFO:0001735":0.0,"EFO:0002843":0.0,"EFO:0002845":0.0,"EFO:0002846":0.0,"EFO:0002847":0.0,"EFO:0004601":0.0,"EFO:0004602":0.0,"EFO:0004603":0.0,"PR:000012444":0.0,"none_suitable":1.0}	jev	jev-1.13.0	efo/v3.94.0	2026-09-28
pct responsible for patient data: stoke on trent pct	0.960000	0.930000	EFO:0007985	platelet crit	{"EFO:0001730":0.0,"EFO:0001734":0.0,"EFO:0001735":0.0,"EFO:0004601":0.0,"EFO:0004602":0.0,"EFO:0004603":0.0,"EFO:0006899":0.0,"EFO:0007985":0.03,"EFO:0008454":0.0,"EFO:0030083":0.01,"none_suitable":0.96}	jev	jev-1.13.0	efo/v3.94.0	2026-09-28
pct responsible for patient data: sunderland teaching pct	0.970000	0.940000	EFO:0030083	clinical data	{"EFO:0001345":0.0,"EFO:0001734":0.0,"EFO:0001735":0.0,"EFO:0002846":0.0,"EFO:0004601":0.0,"EFO:0004602":0.0,"EFO:0005661":0.0,"EFO:0007046":0.0,"EFO:0009737":0.0,"EFO:0030083":0.03,"none_suitable":0.97}	jev	jev-1.13.0	efo/v3.94.0	2026-09-28
pct responsible for patient data: surrey pct	0.980000	0.960000	EFO:0030083	clinical data	{"EFO:0001730":0.0,"EFO:0001734":0.0,"EFO:0001735":0.0,"EFO:0004601":0.0,"EFO:0004602":0.0,"EFO:0004603":0.0,"EFO:0030083":0.02,"PR:Q7LBR1":0.0,"PR:Q96BD6":0.0,"PR:Q9UJQ7":0.0,"none_suitable":0.98}	jev	jev-1.13.0	efo/v3.94.0	2026-09-28
pct responsible for patient data: sutton and merton pct	0.950000	0.910000	EFO:0007985	platelet crit	{"EFO:0001734":0.0,"EFO:0001735":0.0,"EFO:0004601":0.0,"EFO:0006899":0.0,"EFO:0007985":0.04,"EFO:0020458":0.0,"EFO:0020982":0.0,"EFO:0030083":0.01,"OBA:2052634":0.0,"PR:Q9HBJ8":0.0,"none_suitable":0.95}	jev	jev-1.13.0	efo/v3.94.0	2026-09-28
pct responsible for patient data: tameside and glossop pct	1.000000	1.000000	EFO:0020982	encounter with health service for adjustment and management of implanted device	{"EFO:0001734":0.0,"EFO:0001735":0.0,"EFO:0004601":0.0,"EFO:0004602":0.0,"EFO:0020982":0.0,"HANCESTRO:0699":0.0,"PR:A6NH11":0.0,"PR:P29144":0.0,"PR:P55058":0.0,"PR:Q9NZD2":0.0,"none_suitable":1.0}	jev	jev-1.13.0	efo/v3.94.0	2026-09-28
pct responsible for patient data: trafford pct	0.970000	0.940000	EFO:0030083	clinical data	{"EFO:0001734":0.0,"EFO:0001735":0.0,"EFO:0002846":0.0,"EFO:0004601":0.0,"EFO:0004602":0.0,"EFO:0004603":0.0,"EFO:0030083":0.03,"PR:Q9HBJ8":0.0,"PR:Q9Y2W6":0.0,"PR:Q9Y6E0":0.0,"none_suitable":0.97}	jev	jev-1.13.0	efo/v3.94.0	2026-09-28
pct responsible for patient data: wakefield district pct	0.970000	0.940000	EFO:0030083	clinical data	{"EFO:0001734":0.0,"EFO:0001735":0.0,"EFO:0004601":0.0,"EFO:0004602":0.0,"EFO:0004603":0.0,"EFO:0030083":0.03,"EFO:0802387":0.0,"MONDO:0007739":0.0,"PR:O95813":0.0,"PR:Q9Y2W6":0.0,"none_suitable":0.97}	jev	jev-1.13.0	efo/v3.94.0	2026-09-28
pct responsible for patient data: warrington pct	0.990000	0.980000	EFO:0001734	data analyst	{"EFO:0001734":0.01,"EFO:0001735":0.0,"EFO:0004601":0.0,"EFO:0004602":0.0,"EFO:0004603":0.0,"EFO:0006899":0.0,"PR:O14974":0.0,"PR:P54315":0.0,"PR:Q5TA50":0.0,"PR:Q63HM9":0.0,"none_suitable":0.99}	jev	jev-1.13.0	efo/v3.94.0	2026-09-28
pct responsible for patient data: western cheshire pct	1.000000	1.000000	AfPO:0000189	Berber Western	{"AfPO:0000189":0.0,"AfPO:0000270":0.0,"AfPO:0000277":0.0,"AfPO:0000412":0.0,"AfPO:0000425":0.0,"EFO:0006899":0.0,"EFO:0007636":0.0,"EFO:0802387":0.0,"PR:P82279":0.0,"PR:Q9HBJ8":0.0,"none_suitable":1.0}	jev	jev-1.13.0	efo/v3.94.0	2026-09-28
pct responsible for patient data: wirral pct	1.000000	1.000000	EFO:0001734	data analyst	{"EFO:0001734":0.0,"EFO:0001735":0.0,"EFO:0002846":0.0,"EFO:0004601":0.0,"EFO:0004602":0.0,"EFO:0004603":0.0,"PR:O14917":0.0,"PR:P16519":0.0,"PR:Q9HBJ8":0.0,"PR:Q9HBM1":0.0,"none_suitable":1.0}	jev	jev-1.13.0	efo/v3.94.0	2026-09-28
pct where patients gp was registered: amber valley pct	0.980000	0.960000	EFO:0007985	platelet crit	{"EFO:0007985":0.02,"MONDO:0010518":0.0,"MONDO:0015104":0.0,"NCBITaxon:11588":0.0,"PR:000003847":0.0,"PR:000004530":0.0,"PR:000008075":0.0,"PR:000012619":0.0,"PR:P02743":0.0,"PR:Q13588":0.0,"none_suitable":0.98}	jev	jev-1.13.0	efo/v3.94.0	2026-09-28
pct where patients gp was registered: ashton, leigh and wigan pct	1.000000	1.000000	HP:0002017	Nausea and vomiting	{"HP:0002017":0.0,"MONDO:0000181":0.0,"MONDO:0859184":0.0,"MONDO:0859351":0.0,"MONDO:0970944":0.0,"PR:000020966":0.0,"PR:000029510":0.0,"PR:000050049":0.0,"PR:O60829":0.0,"PR:Q5TA50":0.0,"none_suitable":1.0}	jev	jev-1.13.0	efo/v3.94.0	2026-09-28
pct where patients gp was registered: barnsley pct	0.990000	0.980000	EFO:0007985	platelet crit	{"EFO:0007985":0.01,"MONDO:0008296":0.0,"MONDO:0010518":0.0,"MONDO:0015104":0.0,"OBA:2051641":0.0,"PR:000004530":0.0,"PR:O75594":0.0,"PR:P35052":0.0,"PR:Q5TA50":0.0,"PR:Q5VY43":0.0,"none_suitable":0.99}	jev	jev-1.13.0	efo/v3.94.0	2026-09-28
pct where patients gp was registered: bath and north east somerset pct	1.000000	1.000000	AfPO:0000352	North Ndebele	{"AfPO:0000352":0.0,"EFO:0006920":0.0,"HANCESTRO:0009":0.0,"HANCESTRO:0765":0.0,"HANCESTRO:0819":0.0,"HP:0002017":0.0,"MONDO:0013005":0.0,"PR:000003724":0.0,"PR:000029703":0.0,"PR:Q9NY30":0.0,"none_suitable":1.0}	jev	jev-1.13.0	efo/v3.94.0	2026-09-28
pct where patients gp was registered: bebington and west wirral pct	1.000000	1.000000	HANCESTRO:2018	West Eurasian reference superpopulation (SGDP)	{"HANCESTRO:0765":0.0,"HANCESTRO:2018":0.0,"HP:0002017":0.0,"MONDO:0000181":0.0,"MONDO:0010891":0.0,"MONDO:0859184":0.0,"MONDO:0859351":0.0,"OBA:2044348":0.0,"PR:000001908":0.0,"PR:000029703":0.0,"none_suitable":1.0}	jev	jev-1.13.0	efo/v3.94.0	2026-09-28
pct where patients gp was registered: berkshire east pct	0.990000	0.980000	EFO:0007985	platelet crit	{"EFO:0007985":0.01,"HANCESTRO:0009":0.0,"HANCESTRO:2008":0.0,"MONDO:0011615":0.0,"PR:000001907":0.0,"PR:000001908":0.0,"PR:P07359":0.0,"PR:P13224":0.0,"PR:P13727":0.0,"PR:P20800":0.0,"none_suitable":0.99}	jev	jev-1.13.0	efo/v3.94.0	2026-09-28
pct where patients gp was registered: berkshire west pct	0.990000	0.980000	EFO:0007985	platelet crit	{"EFO:0007985":0.01,"MONDO:0012482":0.0,"NCBITaxon:11082":0.0,"OBA:2042981":0.0,"OBA:2050833":0.0,"PR:000001907":0.0,"PR:000001908":0.0,"PR:P07359":0.0,"PR:P13224":0.0,"PR:P48739":0.0,"none_suitable":0.99}	jev	jev-1.13.0	efo/v3.94.0	2026-09-28
pct where patients gp was registered: birkenhead and wallasey pct	1.000000	1.000000	HP:0002017	Nausea and vomiting	{"HANCESTRO:0765":0.0,"HP:0002017":0.0,"MONDO:0000181":0.0,"MONDO:0859184":0.0,"MONDO:0859351":0.0,"PR:000001908":0.0,"PR:000003724":0.0,"PR:000021044":0.0,"PR:P13224":0.0,"PR:P13727":0.0,"none_suitable":1.0}	jev	jev-1.13.0	efo/v3.94.0	2026-09-28
pct where patients gp was registered: birmingham east and north pct	1.000000	1.000000	AfPO:0000352	North Ndebele	{"AfPO:0000352":0.0,"EFO:0006920":0.0,"HANCESTRO:0009":0.0,"HANCESTRO:0765":0.0,"HP:0002017":0.0,"MONDO:0000181":0.0,"MONDO:0013005":0.0,"PR:000001907":0.0,"PR:P18428":0.0,"PR:Q9UBS5":0.0,"none_suitable":1.0}	jev	jev-1.13.0	efo/v3.94.0	2026-09-28
pct where patients gp was registered: blackwater valley and hart pct	1.000000	1.000000	HP:0002017	Nausea and vomiting	{"HP:0002017":0.0,"MONDO:0000181":0.0,"MONDO:0859184":0.0,"MONDO:0859351":0.0,"OBA:2052486":0.0,"PR:000003724":0.0,"PR:000012399":0.0,"PR:000016053":0.0,"PR:O15533":0.0,"PR:P13727":0.0,"none_suitable":1.0}	jev	jev-1.13.0	efo/v3.94.0	2026-09-28
pct where patients gp was registered: bolton pct	0.990000	0.980000	EFO:0007985	platelet crit	{"EFO:0007985":0.01,"MONDO:0008296":0.0,"MONDO:0010518":0.0,"MONDO:0015104":0.0,"PR:000004530":0.0,"PR:000013312":0.0,"PR:000029510":0.0,"PR:000050049":0.0,"PR:O14668":0.0,"PR:Q5TA50":0.0,"none_suitable":0.99}	jev	jev-1.13.0	efo/v3.94.0	2026-09-28
pct where patients gp was registered: bracknell forest pct	0.980000	0.970000	EFO:0007985	platelet crit	{"EFO:0007985":0.01,"HANCESTRO:0765":0.01,"MONDO:0010518":0.0,"MONDO:0015104":0.0,"NCBITaxon:33743":0.0,"PR:000001907":0.0,"PR:000001908":0.0,"PR:000003059":0.0,"PR:000003060":0.0,"PR:000013206":0.0,"none_suitable":0.98}	jev	jev-1.13.0	efo/v3.94.0	2026-09-28
pct where patients gp was registered: bradford and airedale teaching pct	1.000000	1.000000	HP:0002017	Nausea and vomiting	{"EFO:0005094":0.0,"HP:0002017":0.0,"MONDO:0000181":0.0,"MONDO:0859184":0.0,"MONDO:0859351":0.0,"PR:000003724":0.0,"PR:000004798":0.0,"PR:000005801":0.0,"PR:000013438":0.0,"PR:P48739":0.0,"none_suitable":1.0}	jev	jev-1.13.0	efo/v3.94.0	2026-09-28
pct where patients gp was registered: bradford south and west pct	0.990000	0.980000	HANCESTRO:0765	British in England and Scotland (1KGP)	{"AfPO:0000333":0.0,"AfPO:0000353":0.0,"HANCESTRO:0634":0.0,"HANCESTRO:0765":0.01,"HANCESTRO:0814":0.0,"HANCESTRO:0819":0.0,"HANCESTRO:0825":0.0,"HANCESTRO:2018":0.0,"South:Africa":0.0,"South:Sudan":0.0,"none_suitable":0.99}	jev	jev-1.13.0	efo/v3.94.0	2026-09-28
pct where patients gp was registered: bristol north pct	0.980000	0.970000	EFO:0007985	platelet crit	{"AfPO:0000352":0.0,"EFO:0006920":0.0,"EFO:0007985":0.01,"HANCESTRO:0765":0.01,"HANCESTRO:0831":0.0,"MONDO:0012929":0.0,"PR:000001908":0.0,"PR:000011375":0.0,"PR:P13224":0.0,"PR:P16860":0.0,"none_suitable":0.98}	jev	jev-1.13.0	efo/v3.94.0	2026-09-28
pct where patients gp was registered: bristol pct	0.980000	0.970000	EFO:0007985	platelet crit	{"EFO:0007985":0.01,"HANCESTRO:0765":0.01,"MONDO:0010518":0.0,"MONDO:0015104":0.0,"PR:000001907":0.0,"PR:000001908":0.0,"PR:000004530":0.0,"PR:P07359":0.0,"PR:P13224":0.0,"PR:P48739":0.0,"none_suitable":0.98}	jev	jev-1.13.0	efo/v3.94.0	2026-09-28
pct where patients gp was registered: bristol south and west pct	1.000000	1.000000	HANCESTRO:2018	West Eurasian reference superpopulation (SGDP)	{"AfPO:0000333":0.0,"AfPO:0000353":0.0,"HANCESTRO:0765":0.0,"HANCESTRO:0812":0.0,"HANCESTRO:0814":0.0,"HANCESTRO:0819":0.0,"HANCESTRO:2018":0.0,"MONDO:0010891":0.0,"South:Africa":0.0,"South:Sudan":0.0,"none_suitable":1.0}	jev	jev-1.13.0	efo/v3.94.0	2026-09-28
pct where patients gp was registered: bromley pct	0.980000	0.960000	EFO:0007985	platelet crit	{"EFO:0007985":0.02,"MONDO:0010518":0.0,"MONDO:0015104":0.0,"PR:000001908":0.0,"PR:000004530":0.0,"PR:P13224":0.0,"PR:P13727":0.0,"PR:P55259":0.0,"PR:Q9NXJ5":0.0,"UO:0000025":0.0,"none_suitable":0.98}	jev	jev-1.13.0	efo/v3.94.0	2026-09-28
pct where patients gp was registered: broxtowe and hucknall pct	0.990000	0.980000	HANCESTRO:0765	British in England and Scotland (1KGP)	{"HANCESTRO:0765":0.01,"HP:0002017":0.0,"MONDO:0000181":0.0,"MONDO:0859184":0.0,"MONDO:0859351":0.0,"PR:000001908":0.0,"PR:000003724":0.0,"PR:000013206":0.0,"PR:P13224":0.0,"PR:P13727":0.0,"none_suitable":0.99}	jev	jev-1.13.0	efo/v3.94.0	2026-09-28
pct where patients gp was registered: buckinghamshire pct	0.990000	0.980000	EFO:0007985	platelet crit	{"EFO:0007985":0.01,"MONDO:0008296":0.0,"MONDO:0010518":0.0,"MONDO:0015104":0.0,"PR:000001908":0.0,"PR:000004530":0.0,"PR:000021044":0.0,"PR:P15086":0.0,"PR:Q9NXJ5":0.0,"UO:0000025":0.0,"none_suitable":0.99}	jev	jev-1.13.0	efo/v3.94.0	2026-09-28
pct where patients gp was registered: burnley, pendle and rossendale pct	1.000000	1.000000	HP:0002017	Nausea and vomiting	{"HP:0002017":0.0,"MONDO:0000181":0.0,"MONDO:0859184":0.0,"MONDO:0859351":0.0,"OBA:2045287":0.0,"OBA:2045340":0.0,"OBA:VT0003179":0.0,"PR:000003724":0.0,"PR:000013206":0.0,"UO:0000025":0.0,"none_suitable":1.0}	jev	jev-1.13.0	efo/v3.94.0	2026-09-28
pct where patients gp was registered: bury pct	0.970000	0.940000	EFO:0007985	platelet crit	{"EFO:0007985":0.03,"EFO:0030064":0.0,"MONDO:0010518":0.0,"MONDO:0015104":0.0,"PR:000001907":0.0,"PR:000001908":0.0,"PR:000004530":0.0,"PR:P13224":0.0,"PR:P13727":0.0,"PR:Q9NY30":0.0,"none_suitable":0.97}	jev	jev-1.13.0	efo/v3.94.0	2026-09-28
pct where patients gp was registered: calderdale pct	0.990000	0.980000	EFO:0007985	platelet crit	{"EFO:0007985":0.01,"MONDO:0008296":0.0,"MONDO:0010518":0.0,"MONDO:0015104":0.0,"PR:000004530":0.0,"PR:000008163":0.0,"PR:000008166":0.0,"PR:O60829":0.0,"PR:P35052":0.0,"PR:Q8N158":0.0,"none_suitable":0.99}	jev	jev-1.13.0	efo/v3.94.0	2026-09-28
pct where patients gp was registered: camden pct	0.990000	0.980000	EFO:0007985	platelet crit	{"EFO:0007985":0.01,"MONDO:0008296":0.0,"MONDO:0010518":0.0,"MONDO:0015104":0.0,"PR:000001908":0.0,"PR:000003059":0.0,"PR:000003060":0.0,"PR:000004530":0.0,"PR:P05129":0.0,"PR:P05771":0.0,"none_suitable":0.99}	jev	jev-1.13.0	efo/v3.94.0	2026-09-28
pct where patients gp was registered: central and eastern cheshire pct	1.000000	1.000000	HANCESTRO:2014	Central Asian and Siberia reference superpopulation (SGDP)	{"EFO:0020018":0.0,"HANCESTRO:2014":0.0,"MONDO:0011263":0.0,"MONDO:0030537":0.0,"MONDO:0032698":0.0,"MONDO:0859232":0.0,"PR:000003060":0.0,"PR:000050049":0.0,"PR:Q13976":0.0,"PR:Q5TA50":0.0,"none_suitable":1.0}	jev	jev-1.13.0	efo/v3.94.0	2026-09-28
pct where patients gp was registered: central cheshire pct	1.000000	1.000000	AfPO:0000186	Semite Central	{"AfPO:0000186":0.0,"AfPO:0000264":0.0,"AfPO:0000265":0.0,"AfPO:0000273":0.0,"AfPO:0000274":0.0,"PR:000003060":0.0,"PR:000050049":0.0,"PR:P05129":0.0,"PR:Q13976":0.0,"PR:Q5TA50":0.0,"none_suitable":1.0}	jev	jev-1.13.0	efo/v3.94.0	2026-09-28
pct where patients gp was registered: central liverpool pct	1.000000	1.000000	HANCESTRO:0773	Palestinian in Central, Israel (HGDP)	{"AfPO:0000186":0.0,"AfPO:0000264":0.0,"AfPO:0000265":0.0,"AfPO:0000273":0.0,"AfPO:0000274":0.0,"HANCESTRO:0773":0.0,"PR:000029361":0.0,"PR:000029510":0.0,"PR:000050049":0.0,"PR:Q5TA50":0.0,"none_suitable":1.0}	jev	jev-1.13.0	efo/v3.94.0	2026-09-28
pct where patients gp was registered: central manchester pct	1.000000	1.000000	HANCESTRO:0773	Palestinian in Central, Israel (HGDP)	{"AfPO:0000186":0.0,"AfPO:0000264":0.0,"AfPO:0000265":0.0,"AfPO:0000273":0.0,"AfPO:0000274":0.0,"CL:0000096":0.0,"HANCESTRO:0773":0.0,"PR:A6NI47":0.0,"PR:P06732":0.0,"PR:P14384":0.0,"none_suitable":1.0}	jev	jev-1.13.0	efo/v3.94.0	2026-09-28
pct where patients gp was registered: chesterfield pct	0.990000	0.980000	EFO:0007985	platelet crit	{"EFO:0007985":0.01,"EFO:0020018":0.0,"MONDO:0008296":0.0,"MONDO:0010518":0.0,"MONDO:0015104":0.0,"PR:000003060":0.0,"PR:000004530":0.0,"PR:P35052":0.0,"PR:P78333":0.0,"PR:Q8N158":0.0,"none_suitable":0.99}	jev	jev-1.13.0	efo/v3.94.0	2026-09-28
pct where patients gp was registered: city and hackney teaching pct	0.990000	0.980000	EFO:0007985	platelet crit	{"EFO:0007985":0.01,"HANCESTRO:0712":0.0,"HP:0002017":0.0,"MONDO:0000181":0.0,"MONDO:0859184":0.0,"MONDO:0859351":0.0,"PR:000003724":0.0,"PR:000005801":0.0,"PR:000029510":0.0,"UO:0000025":0.0,"none_suitable":0.99}	jev	jev-1.13.0	efo/v3.94.0	2026-09-28
pct where patients gp was registered: county durham pct	0.990000	0.980000	EFO:0007985	platelet crit	{"EFO:0007985":0.01,"MONDO:0008296":0.0,"MONDO:0010518":0.0,"MONDO:0015104":0.0,"PR:000002341":0.0,"PR:000004530":0.0,"PR:000006662":0.0,"PR:O60829":0.0,"PR:P29120":0.0,"PR:Q96KP4":0.0,"none_suitable":0.99}	jev	jev-1.13.0	efo/v3.94.0	2026-09-28
pct where patients gp was registered: craven, harrogate and rural district pct	1.000000	1.000000	HANCESTRO:0712	Cambodian in Cambodia (HGDP)	{"HANCESTRO:0712":0.0,"HP:0002017":0.0,"MONDO:0000181":0.0,"MONDO:0859184":0.0,"MONDO:0859351":0.0,"PR:000003060":0.0,"PR:000003724":0.0,"PR:000029120":0.0,"PR:O60829":0.0,"UO:0000025":0.0,"none_suitable":1.0}	jev	jev-1.13.0	efo/v3.94.0	2026-09-28
pct where patients gp was registered: croydon pct	1.000000	1.000000	EFO:0007985	platelet crit	{"EFO:0007985":0.0,"MONDO:0008296":0.0,"MONDO:0010518":0.0,"MONDO:0015104":0.0,"PR:000004530":0.0,"PR:O75594":0.0,"PR:P48147":0.0,"PR:P55058":0.0,"PR:Q5VY43":0.0,"PR:Q9NXJ5":0.0,"none_suitable":1.0}	jev	jev-1.13.0	efo/v3.94.0	2026-09-28
pct where patients gp was registered: darlington pct	0.990000	0.980000	EFO:0007985	platelet crit	{"EFO:0007985":0.01,"HANCESTRO:0641":0.0,"MONDO:0008296":0.0,"MONDO:0010518":0.0,"MONDO:0015104":0.0,"PR:000001908":0.0,"PR:000004530":0.0,"PR:O14668":0.0,"PR:P13727":0.0,"PR:P48739":0.0,"none_suitable":0.99}	jev	jev-1.13.0	efo/v3.94.0	2026-09-28
pct where patients gp was registered: derby city pct	0.990000	0.980000	EFO:0007985	platelet crit	{"EFO:0007985":0.01,"HANCESTRO:0755":0.0,"HANCESTRO:0823":0.0,"MONDO:0010518":0.0,"MONDO:0015104":0.0,"PR:000004530":0.0,"PR:P35052":0.0,"PR:Q92917":0.0,"PR:Q9H227":0.0,"PR:Q9NXJ5":0.0,"none_suitable":0.99}	jev	jev-1.13.0	efo/v3.94.0	2026-09-28
pct where patients gp was registered: derbyshire county pct	0.990000	0.980000	EFO:0007985	platelet crit	{"EFO:0007985":0.01,"HANCESTRO:0823":0.0,"MONDO:0008296":0.0,"MONDO:0010518":0.0,"MONDO:0015104":0.0,"PR:000004530":0.0,"PR:P35052":0.0,"PR:P36871":0.0,"PR:P55259":0.0,"UO:0000025":0.0,"none_suitable":0.99}	jev	jev-1.13.0	efo/v3.94.0	2026-09-28
pct where patients gp was registered: durham and chester-le-street pct	1.000000	1.000000	MONDO:0033544	Tolchin-Le Caignec syndrome	{"HP:0002017":0.0,"MONDO:0000181":0.0,"MONDO:0033544":0.0,"MONDO:0859184":0.0,"PR:000003060":0.0,"PR:000003724":0.0,"PR:000029510":0.0,"PR:000050049":0.0,"PR:P05129":0.0,"PR:Q5TA50":0.0,"none_suitable":1.0}	jev	jev-1.13.0	efo/v3.94.0	2026-09-28
pct where patients gp was registered: ealing pct	0.990000	0.980000	EFO:0007985	platelet crit	{"EFO:0007985":0.01,"MONDO:0008296":0.0,"MONDO:0010518":0.0,"MONDO:0015104":0.0,"PR:000001908":0.0,"PR:000002039":0.0,"PR:000004530":0.0,"PR:Q5VY43":0.0,"PR:Q9NXJ5":0.0,"UO:0000025":0.0,"none_suitable":0.99}	jev	jev-1.13.0	efo/v3.94.0	2026-09-28
pct where patients gp was registered: east lancashire teaching pct	1.000000	1.000000	HANCESTRO:2008	East Asian reference superpopulation (HGDP)	{"EFO:0007985":0.0,"HANCESTRO:0007":0.0,"HANCESTRO:0009":0.0,"HANCESTRO:0819":0.0,"HANCESTRO:2008":0.0,"HANCESTRO:2010":0.0,"MONDO:0011615":0.0,"PR:000002039":0.0,"PR:000007091":0.0,"PR:000009891":0.0,"none_suitable":1.0}	jev	jev-1.13.0	efo/v3.94.0	2026-09-28
pct where patients gp was registered: east leeds pct	1.000000	1.000000	HANCESTRO:2008	East Asian reference superpopulation (HGDP)	{"EFO:0007985":0.0,"HANCESTRO:0007":0.0,"HANCESTRO:0009":0.0,"HANCESTRO:0819":0.0,"HANCESTRO:0820":0.0,"HANCESTRO:2008":0.0,"HANCESTRO:2009":0.0,"HANCESTRO:2015":0.0,"MONDO:0011615":0.0,"PR:P14138":0.0,"none_suitable":1.0}	jev	jev-1.13.0	efo/v3.94.0	2026-09-28
pct where patients gp was registered: eastern birmingham pct	1.000000	1.000000	AfPO:0000187	Pygmy Eastern	{"AfPO:0000183":0.0,"AfPO:0000184":0.0,"AfPO:0000187":0.0,"AfPO:0000188":0.0,"AfPO:0000190":0.0,"PR:000001907":0.0,"PR:000001908":0.0,"PR:P07359":0.0,"PR:P13224":0.0,"PR:P13727":0.0,"none_suitable":1.0}	jev	jev-1.13.0	efo/v3.94.0	2026-09-28
pct where patients gp was registered: eastern wakefield pct	0.990000	0.980000	HANCESTRO:0819	English in England (SGDP)	{"AfPO:0000183":0.0,"AfPO:0000184":0.0,"AfPO:0000187":0.0,"AfPO:0000188":0.0,"AfPO:0000190":0.0,"HANCESTRO:0728":0.0,"HANCESTRO:0819":0.01,"HANCESTRO:2009":0.0,"PR:000013438":0.0,"PR:P02743":0.0,"none_suitable":0.99}	jev	jev-1.13.0	efo/v3.94.0	2026-09-28
pct where patients gp was registered: erewash pct	0.980000	0.960000	EFO:0007985	platelet crit	{"EFO:0007985":0.02,"MONDO:0008296":0.0,"MONDO:0010518":0.0,"MONDO:0015104":0.0,"PR:000004530":0.0,"PR:000007171":0.0,"PR:P05305":0.0,"PR:P14138":0.0,"PR:P20800":0.0,"PR:Q5VY43":0.0,"none_suitable":0.98}	jev	jev-1.13.0	efo/v3.94.0	2026-09-28
pct where patients gp was registered: gateshead pct	0.990000	0.980000	EFO:0007985	platelet crit	{"EFO:0007985":0.01,"MONDO:0008296":0.0,"MONDO:0010518":0.0,"MONDO:0015104":0.0,"PR:000001908":0.0,"PR:000004530":0.0,"PR:P13727":0.0,"PR:P35052":0.0,"PR:Q13976":0.0,"UO:0000025":0.0,"none_suitable":0.99}	jev	jev-1.13.0	efo/v3.94.0	2026-09-28
pct where patients gp was registered: gedling pct	1.000000	1.000000	EFO:0007985	platelet crit	{"EFO:0007985":0.0,"HANCESTRO:0823":0.0,"MONDO:0008296":0.0,"MONDO:0010518":0.0,"MONDO:0015104":0.0,"PR:000004530":0.0,"PR:000008163":0.0,"PR:P35052":0.0,"PR:P36871":0.0,"UO:0000025":0.0,"none_suitable":1.0}	jev	jev-1.13.0	efo/v3.94.0	2026-09-28
pct where patients gp was registered: greater derby pct	0.990000	0.980000	HANCESTRO:0819	English in England (SGDP)	{"EFO:0007985":0.0,"HANCESTRO:0015":0.0,"HANCESTRO:0819":0.01,"HANCESTRO:0823":0.0,"MONDO:0015104":0.0,"MONDO:0020404":0.0,"NCBITaxon:216193":0.0,"NCBITaxon:3311":0.0,"PR:P35052":0.0,"UO:0000025":0.0,"none_suitable":0.99}	jev	jev-1.13.0	efo/v3.94.0	2026-09-28
pct where patients gp was registered: halton and st helens pct	0.990000	0.980000	EFO:0009820	seeing a general practitioner for nerves, anxiety, tension or depression, self-reported	{"EFO:0001251":0.0,"EFO:0002063":0.0,"EFO:0002064":0.0,"EFO:0008584":0.0,"EFO:0009820":0.01,"EFO:0022625":0.0,"HANCESTRO:0823":0.0,"NCBITaxon:9595":0.0,"PR:000012610":0.0,"UO:0000025":0.0,"none_suitable":0.99}	jev	jev-1.13.0	efo/v3.94.0	2026-09-28
pct where patients gp was registered: hampshire pct	0.990000	0.980000	EFO:0007985	platelet crit	{"EFO:0007985":0.01,"HANCESTRO:0712":0.0,"MONDO:0008296":0.0,"MONDO:0010518":0.0,"MONDO:0015104":0.0,"PR:000004530":0.0,"PR:O60542":0.0,"PR:P02743":0.0,"PR:P98160":0.0,"PR:Q8WXF1":0.0,"none_suitable":0.99}	jev	jev-1.13.0	efo/v3.94.0	2026-09-28
pct where patients gp was registered: hartlepool pct	1.000000	1.000000	EFO:0007985	platelet crit	{"EFO:0007985":0.0,"HANCESTRO:0712":0.0,"MONDO:0008296":0.0,"MONDO:0010518":0.0,"MONDO:0015104":0.0,"PR:000004530":0.0,"PR:P02743":0.0,"PR:Q8WXF1":0.0,"PR:Q9HB21":0.0,"PR:Q9NXJ5":0.0,"none_suitable":1.0}	jev	jev-1.13.0	efo/v3.94.0	2026-09-28
pct where patients gp was registered: heywood, middleton and rochdale pct	1.000000	1.000000	HP:0002017	Nausea and vomiting	{"HP:0002017":0.0,"MONDO:0000181":0.0,"MONDO:0859184":0.0,"MONDO:0859351":0.0,"PR:000003724":0.0,"PR:O60829":0.0,"PR:Q8WW12":0.0,"PR:Q8WXF1":0.0,"PR:Q92917":0.0,"PR:Q9HB21":0.0,"none_suitable":1.0}	jev	jev-1.13.0	efo/v3.94.0	2026-09-28
pct where patients gp was registered: hillingdon pct	0.990000	0.980000	EFO:0007985	platelet crit	{"EFO:0007985":0.01,"HANCESTRO:0712":0.0,"MONDO:0010518":0.0,"MONDO:0015104":0.0,"PR:000001907":0.0,"PR:000001908":0.0,"PR:000004530":0.0,"PR:000013206":0.0,"PR:P13224":0.0,"PR:P13727":0.0,"none_suitable":0.99}	jev	jev-1.13.0	efo/v3.94.0	2026-09-28
pct where patients gp was registered: hounslow pct	0.980000	0.960000	EFO:0007985	platelet crit	{"EFO:0007985":0.02,"HANCESTRO:0712":0.0,"MONDO:0008296":0.0,"MONDO:0010518":0.0,"MONDO:0015104":0.0,"PR:000001908":0.0,"PR:000004530":0.0,"PR:P13727":0.0,"PR:P35052":0.0,"PR:P36871":0.0,"none_suitable":0.98}	jev	jev-1.13.0	efo/v3.94.0	2026-09-28
pct where patients gp was registered: islington pct	0.990000	0.980000	EFO:0007985	platelet crit	{"EFO:0007985":0.01,"MONDO:0010518":0.0,"MONDO:0015104":0.0,"PR:000001907":0.0,"PR:000001908":0.0,"PR:000004530":0.0,"PR:000013206":0.0,"PR:P07359":0.0,"PR:P13224":0.0,"PR:P13727":0.0,"none_suitable":0.99}	jev	jev-1.13.0	efo/v3.94.0	2026-09-28
pct where patients gp was registered: kingston pct	1.000000	1.000000	EFO:0007985	platelet crit	{"EFO:0007985":0.0,"MONDO:0008296":0.0,"MONDO:0010518":0.0,"MONDO:0015104":0.0,"PR:000004530":0.0,"PR:000013206":0.0,"PR:O75594":0.0,"PR:P13727":0.0,"PR:P16284":0.0,"PR:Q13976":0.0,"none_suitable":1.0}	jev	jev-1.13.0	efo/v3.94.0	2026-09-28
pct where patients gp was registered: kirklees pct	0.990000	0.980000	EFO:0007985	platelet crit	{"EFO:0002221":0.0,"EFO:0006283":0.0,"EFO:0007985":0.01,"MONDO:0008296":0.0,"MONDO:0010518":0.0,"MONDO:0015104":0.0,"PR:000003060":0.0,"PR:000004530":0.0,"PR:000008166":0.0,"PR:P05129":0.0,"none_suitable":0.99}	jev	jev-1.13.0	efo/v3.94.0	2026-09-28
pct where patients gp was registered: knowsley pct	0.980000	0.960000	EFO:0007985	platelet crit	{"EFO:0007985":0.02,"MONDO:0008296":0.0,"MONDO:0010518":0.0,"MONDO:0015104":0.0,"PR:000001908":0.0,"PR:000004530":0.0,"PR:P13727":0.0,"PR:P16284":0.0,"PR:Q92917":0.0,"UO:0000025":0.0,"none_suitable":0.98}	jev	jev-1.13.0	efo/v3.94.0	2026-09-28
pct where patients gp was registered: lambeth pct	0.990000	0.980000	EFO:0007985	platelet crit	{"EFO:0007985":0.01,"MONDO:0008296":0.0,"MONDO:0010518":0.0,"MONDO:0015104":0.0,"PR:000004530":0.0,"PR:P00747":0.0,"PR:P13224":0.0,"PR:P13727":0.0,"PR:P55058":0.0,"PR:Q9NXJ5":0.0,"none_suitable":0.99}	jev	jev-1.13.0	efo/v3.94.0	2026-09-28
pct where patients gp was registered: langbaurgh pct	0.990000	0.980000	EFO:0007985	platelet crit	{"EFO:0007985":0.01,"HANCESTRO:0775":0.0,"MONDO:0008296":0.0,"MONDO:0010518":0.0,"MONDO:0015104":0.0,"PR:000001908":0.0,"PR:000004530":0.0,"PR:000008735":0.0,"PR:000013160":0.0,"PR:P13727":0.0,"none_suitable":0.99}	jev	jev-1.13.0	efo/v3.94.0	2026-09-28
pct where patients gp was registered: leeds north east pct	0.990000	0.980000	HANCESTRO:0819	English in England (SGDP)	{"AfPO:0000352":0.0,"EFO:0007985":0.0,"HANCESTRO:0007":0.0,"HANCESTRO:0009":0.0,"HANCESTRO:0819":0.01,"HANCESTRO:0831":0.0,"HANCESTRO:2009":0.0,"HANCESTRO:2018":0.0,"MONDO:0011615":0.0,"PR:O75594":0.0,"none_suitable":0.99}	jev	jev-1.13.0	efo/v3.94.0	2026-09-28
pct where patients gp was registered: leeds north west pct	1.000000	1.000000	HANCESTRO:2018	West Eurasian reference superpopulation (SGDP)	{"AfPO:0000352":0.0,"EFO:0007985":0.0,"HANCESTRO:0819":0.0,"HANCESTRO:0831":0.0,"HANCESTRO:0835":0.0,"HANCESTRO:2018":0.0,"MONDO:0012482":0.0,"NCBITaxon:11082":0.0,"PR:O75594":0.0,"PR:Q92917":0.0,"none_suitable":1.0}	jev	jev-1.13.0	efo/v3.94.0	2026-09-28
pct where patients gp was registered: leeds pct	1.000000	1.000000	EFO:0007985	platelet crit	{"EFO:0007985":0.0,"HANCESTRO:0819":0.0,"HANCESTRO:0835":0.0,"HANCESTRO:2018":0.0,"MONDO:0008296":0.0,"MONDO:0010518":0.0,"MONDO:0015104":0.0,"PR:000004530":0.0,"PR:O75594":0.0,"PR:Q92917":0.0,"none_suitable":1.0}	jev	jev-1.13.0	efo/v3.94.0	2026-09-28
pct where patients gp was registered: leeds west pct	1.000000	1.000000	HANCESTRO:2018	West Eurasian reference superpopulation (SGDP)	{"EFO:0007985":0.0,"HANCESTRO:0819":0.0,"HANCESTRO:0824":0.0,"HANCESTRO:0835":0.0,"HANCESTRO:2018":0.0,"MONDO:0012482":0.0,"MONDO:0015104":0.0,"MONDO:0019376":0.0,"NCBITaxon:11082":0.0,"PR:Q92917":0.0,"none_suitable":1.0}	jev	jev-1.13.0	efo/v3.94.0	2026-09-28
pct where patients gp was registered: liverpool pct	1.000000	1.000000	EFO:0007985	platelet crit	{"EFO:0007985":0.0,"MONDO:0008296":0.0,"MONDO:0010518":0.0,"MONDO:0015104":0.0,"PR:000004530":0.0,"PR:000012925":0.0,"PR:000050049":0.0,"PR:O75594":0.0,"PR:P55058":0.0,"PR:Q14693":0.0,"none_suitable":1.0}	jev	jev-1.13.0	efo/v3.94.0	2026-09-28
pct where patients gp was registered: manchester pct	1.000000	1.000000	EFO:0007985	platelet crit	{"EFO:0007985":0.0,"MONDO:0008296":0.0,"MONDO:0010518":0.0,"MONDO:0015104":0.0,"PR:000004530":0.0,"PR:000012593":0.0,"PR:A6NI47":0.0,"PR:O15305":0.0,"PR:P14384":0.0,"PR:P15259":0.0,"none_suitable":1.0}	jev	jev-1.13.0	efo/v3.94.0	2026-09-28
pct where patients gp was registered: middlesbrough pct	0.990000	0.980000	EFO:0007985	platelet crit	{"EFO:0007985":0.01,"EFO:0600061":0.0,"HANCESTRO:0462":0.0,"HANCESTRO:0765":0.0,"HANCESTRO:0812":0.0,"MONDO:0010518":0.0,"MONDO:0015104":0.0,"PR:000001908":0.0,"PR:000004530":0.0,"PR:P13224":0.0,"none_suitable":0.99}	jev	jev-1.13.0	efo/v3.94.0	2026-09-28
pct where patients gp was registered: newcastle pct	0.990000	0.980000	EFO:0007985	platelet crit	{"EFO:0007985":0.01,"MONDO:0005875":0.0,"MONDO:0010518":0.0,"MONDO:0015104":0.0,"PR:000001886":0.0,"PR:000004530":0.0,"PR:000013405":0.0,"PR:000013408":0.0,"PR:000013438":0.0,"PR:O60542":0.0,"none_suitable":0.99}	jev	jev-1.13.0	efo/v3.94.0	2026-09-28
pct where patients gp was registered: newcastle-under-lyme pct	1.000000	1.000000	NCBITaxon:139	Borrelia burgdorferi	{"EFO:0007985":0.0,"HP:0002791":0.0,"HP:0030839":0.0,"HP:0410257":0.0,"MONDO:0005875":0.0,"MONDO:0015104":0.0,"MONDO:0019632":0.0,"NCBITaxon:139":0.0,"OBA:2051581":0.0,"PR:000012422":0.0,"none_suitable":1.0}	jev	jev-1.13.0	efo/v3.94.0	2026-09-28
pct where patients gp was registered: north birmingham pct	1.000000	1.000000	PR:000001908	platelet glycoprotein Ib beta chain	{"AfPO:0000352":0.0,"EFO:0007985":0.0,"HANCESTRO:0831":0.0,"PR:000001907":0.0,"PR:000001908":0.0,"PR:000011375":0.0,"PR:P07359":0.0,"PR:P13224":0.0,"PR:P15169":0.0,"PR:Q9UBS5":0.0,"none_suitable":1.0}	jev	jev-1.13.0	efo/v3.94.0	2026-09-28
pct where patients gp was registered: north bradford pct	0.990000	0.980000	EFO:0007985	platelet crit	{"AfPO:0000352":0.0,"EFO:0007985":0.01,"HANCESTRO:0765":0.0,"HANCESTRO:0831":0.0,"MONDO:0012929":0.0,"MONDO:0015104":0.0,"PR:000001908":0.0,"PR:000005801":0.0,"PR:Q99747":0.0,"PR:Q9Y6R7":0.0,"none_suitable":0.99}	jev	jev-1.13.0	efo/v3.94.0	2026-09-28
pct where patients gp was registered: north eastern derbyshire pct	1.000000	1.000000	HANCESTRO:0015	Greater Middle Eastern (Middle Eastern or North African or Persian) ancestry	{"AfPO:0000183":0.0,"AfPO:0000184":0.0,"AfPO:0000187":0.0,"AfPO:0000188":0.0,"HANCESTRO:0015":0.0,"PR:P14138":0.0,"PR:P22735":0.0,"PR:P29120":0.0,"PR:Q9H840":0.0,"PR:Q9UJJ9":0.0,"none_suitable":1.0}	jev	jev-1.13.0	efo/v3.94.0	2026-09-28
pct where patients gp was registered: north hampshire pct	1.000000	1.000000	AfPO:0000352	North Ndebele	{"AfPO:0000352":0.0,"EFO:0007985":0.0,"HANCESTRO:0831":0.0,"MONDO:0012929":0.0,"MONDO:0015104":0.0,"PR:000005814":0.0,"PR:000010984":0.0,"PR:O60542":0.0,"PR:Q8NDH3":0.0,"PR:Q99747":0.0,"none_suitable":1.0}	jev	jev-1.13.0	efo/v3.94.0	2026-09-28
pct where patients gp was registered: north kirklees pct	1.000000	1.000000	AfPO:0000352	North Ndebele	{"AfPO:0000352":0.0,"EFO:0002221":0.0,"EFO:0007985":0.0,"EFO:0022649":0.0,"HANCESTRO:0831":0.0,"MONDO:0012929":0.0,"MONDO:0015104":0.0,"PR:000003060":0.0,"PR:000008166":0.0,"PR:O75487":0.0,"none_suitable":1.0}	jev	jev-1.13.0	efo/v3.94.0	2026-09-28
pct where patients gp was registered: north manchester pct	1.000000	1.000000	AfPO:0000352	North Ndebele	{"AfPO:0000352":0.0,"CL:0000096":0.0,"EFO:0007985":0.0,"HANCESTRO:0831":0.0,"MONDO:0012929":0.0,"MONDO:0015104":0.0,"PR:000008671":0.0,"PR:000010534":0.0,"PR:000012593":0.0,"PR:P52272":0.0,"none_suitable":1.0}	jev	jev-1.13.0	efo/v3.94.0	2026-09-28
pct where patients gp was registered: north sheffield pct	1.000000	1.000000	HANCESTRO:0831	North Ossetian in Russia (SGDP)	{"AfPO:0000352":0.0,"EFO:0007985":0.0,"HANCESTRO:0647":0.0,"HANCESTRO:0831":0.0,"MONDO:0012929":0.0,"MONDO:0015104":0.0,"PR:000010984":0.0,"PR:000011454":0.0,"PR:Q99747":0.0,"PR:Q9UJ70":0.0,"none_suitable":1.0}	jev	jev-1.13.0	efo/v3.94.0	2026-09-28
pct where patients gp was registered: north somerset pct	1.000000	1.000000	AfPO:0000352	North Ndebele	{"AfPO:0000352":0.0,"EFO:0007985":0.0,"HANCESTRO:0831":0.0,"MONDO:0012929":0.0,"MONDO:0015104":0.0,"PR:000002039":0.0,"PR:000005801":0.0,"PR:000006662":0.0,"PR:P22792":0.0,"PR:Q5TA50":0.0,"none_suitable":1.0}	jev	jev-1.13.0	efo/v3.94.0	2026-09-28
pct where patients gp was registered: north staffordshire pct	1.000000	1.000000	AfPO:0000352	North Ndebele	{"AfPO:0000352":0.0,"EFO:0007985":0.0,"HANCESTRO:0831":0.0,"MONDO:0012929":0.0,"MONDO:0015104":0.0,"PR:000013165":0.0,"PR:O60828":0.0,"PR:Q96LB8":0.0,"PR:Q99747":0.0,"PR:Q9UJJ9":0.0,"none_suitable":1.0}	jev	jev-1.13.0	efo/v3.94.0	2026-09-28
pct where patients gp was registered: north stoke pct	1.000000	1.000000	AfPO:0000352	North Ndebele	{"AfPO:0000352":0.0,"EFO:0004745":0.0,"EFO:0007985":0.0,"HANCESTRO:0831":0.0,"MONDO:0012929":0.0,"MONDO:0015104":0.0,"PR:000005814":0.0,"PR:P15169":0.0,"PR:P53384":0.0,"PR:Q99747":0.0,"none_suitable":1.0}	jev	jev-1.13.0	efo/v3.94.0	2026-09-28
pct where patients gp was registered: north surrey pct	1.000000	1.000000	HANCESTRO:0831	North Ossetian in Russia (SGDP)	{"AfPO:0000352":0.0,"EFO:0007985":0.0,"HANCESTRO:0831":0.0,"HANCESTRO:0832":0.0,"MONDO:0012929":0.0,"MONDO:0015104":0.0,"PR:000012833":0.0,"PR:000031695":0.0,"PR:O75594":0.0,"PR:Q99747":0.0,"none_suitable":1.0}	jev	jev-1.13.0	efo/v3.94.0	2026-09-28
pct where patients gp was registered: north tyneside pct	1.000000	1.000000	AfPO:0000352	North Ndebele	{"AfPO:0000352":0.0,"EFO:0007985":0.0,"HANCESTRO:0831":0.0,"MONDO:0012929":0.0,"MONDO:0015104":0.0,"PR:000005814":0.0,"PR:000010984":0.0,"PR:000011140":0.0,"PR:000011376":0.0,"PR:P22792":0.0,"none_suitable":1.0}	jev	jev-1.13.0	efo/v3.94.0	2026-09-28
pct where patients gp was registered: north yorkshire and york pct	1.000000	1.000000	AfPO:0000352	North Ndebele	{"AfPO:0000352":0.0,"HP:0002017":0.0,"MONDO:0000181":0.0,"MONDO:0859184":0.0,"MONDO:0859351":0.0,"PR:000004798":0.0,"PR:000010984":0.0,"PR:000012610":0.0,"PR:000012925":0.0,"PR:Q99747":0.0,"none_suitable":1.0}	jev	jev-1.13.0	efo/v3.94.0	2026-09-28
pct where patients gp was registered: northumberland care trust	1.000000	1.000000	EFO:0007985	platelet crit	{"EFO:0007985":0.0,"EFO:0009577":0.0,"MONDO:0010518":0.0,"MONDO:0015104":0.0,"PR:000004530":0.0,"PR:000005852":0.0,"PR:000050049":0.0,"PR:O75575":0.0,"PR:O75594":0.0,"PR:Q13519":0.0,"none_suitable":1.0}	jev	jev-1.13.0	efo/v3.94.0	2026-09-28
pct where patients gp was registered: not known	0.990000	0.980000	EFO:0009820	seeing a general practitioner for nerves, anxiety, tension or depression, self-reported	{"EFO:0007985":0.0,"EFO:0009820":0.01,"EFO:0920085":0.0,"HANCESTRO:0712":0.0,"HP:0005484":0.0,"MONDO:0015104":0.0,"MONDO:0021141":0.0,"PR:000008166":0.0,"PR:000029671":0.0,"UO:0000025":0.0,"none_suitable":0.99}	jev	jev-1.13.0	efo/v3.94.0	2026-09-28
pct where patients gp was registered: nottingham city pct	0.990000	0.980000	EFO:0007985	platelet crit	{"EFO:0007985":0.01,"HANCESTRO:0633":0.0,"MONDO:0010518":0.0,"MONDO:0015104":0.0,"PR:000004530":0.0,"PR:O14668":0.0,"PR:P13224":0.0,"PR:P13727":0.0,"PR:Q9NY30":0.0,"PR:Q9NZD2":0.0,"none_suitable":0.99}	jev	jev-1.13.0	efo/v3.94.0	2026-09-28
pct where patients gp was registered: nottinghamshire county teaching pct	1.000000	1.000000	EFO:0007985	platelet crit	{"EFO:0007985":0.0,"MONDO:0008296":0.0,"MONDO:0010518":0.0,"MONDO:0015104":0.0,"PR:000000029":0.0,"PR:000004530":0.0,"PR:000008113":0.0,"PR:000013162":0.0,"PR:P29144":0.0,"PR:Q9NZD2":0.0,"none_suitable":1.0}	jev	jev-1.13.0	efo/v3.94.0	2026-09-28
pct where patients gp was registered: oldham pct	0.980000	0.960000	EFO:0007985	platelet crit	{"EFO:0007985":0.02,"MONDO:0008296":0.0,"MONDO:0010518":0.0,"MONDO:0015104":0.0,"PR:000001908":0.0,"PR:000004530":0.0,"PR:O75843":0.0,"PR:P02743":0.0,"PR:Q5VY43":0.0,"PR:Q9NXJ5":0.0,"none_suitable":0.98}	jev	jev-1.13.0	efo/v3.94.0	2026-09-28
pct where patients gp was registered: oxford city pct	0.990000	0.980000	EFO:0007985	platelet crit	{"EFO:0007985":0.01,"EFO:0600063":0.0,"HANCESTRO:0761":0.0,"MONDO:0010518":0.0,"MONDO:0015104":0.0,"PR:000001907":0.0,"PR:000001908":0.0,"PR:P07359":0.0,"PR:P13224":0.0,"UO:0000025":0.0,"none_suitable":0.99}	jev	jev-1.13.0	efo/v3.94.0	2026-09-28
pct where patients gp was registered: oxfordshire pct	0.990000	0.980000	EFO:0007985	platelet crit	{"EFO:0007985":0.01,"MONDO:0010518":0.0,"MONDO:0015104":0.0,"PR:000001907":0.0,"PR:000001908":0.0,"PR:000004530":0.0,"PR:P07359":0.0,"PR:P13224":0.0,"PR:P20800":0.0,"PR:Q5VY43":0.0,"none_suitable":0.99}	jev	jev-1.13.0	efo/v3.94.0	2026-09-28
pct where patients gp was registered: redcar and cleveland pct	1.000000	1.000000	EFO:0007985	platelet crit	{"EFO:0007985":0.0,"EFO:0008841":0.0,"HP:0002017":0.0,"MONDO:0000181":0.0,"MONDO:0859184":0.0,"MONDO:0859351":0.0,"PR:000003060":0.0,"PR:000003724":0.0,"PR:P05129":0.0,"PR:Q9HB90":0.0,"none_suitable":1.0}	jev	jev-1.13.0	efo/v3.94.0	2026-09-28
pct where patients gp was registered: richmond and twickenham pct	0.990000	0.980000	HANCESTRO:0765	British in England and Scotland (1KGP)	{"EFO:0802872":0.0,"HANCESTRO:0765":0.01,"HP:0002017":0.0,"MONDO:0000181":0.0,"MONDO:0859184":0.0,"MONDO:0859351":0.0,"PR:000003724":0.0,"PR:000013312":0.0,"PR:000013315":0.0,"PR:O14668":0.0,"none_suitable":0.99}	jev	jev-1.13.0	efo/v3.94.0	2026-09-28
pct where patients gp was registered: rochdale pct	1.000000	1.000000	EFO:0007985	platelet crit	{"EFO:0007985":0.0,"MONDO:0008296":0.0,"MONDO:0010518":0.0,"MONDO:0015104":0.0,"PR:000004530":0.0,"PR:O60829":0.0,"PR:O75487":0.0,"PR:P35052":0.0,"PR:Q8N158":0.0,"PR:Q9NXJ5":0.0,"none_suitable":1.0}	jev	jev-1.13.0	efo/v3.94.0	2026-09-28
pct where patients gp was registered: rotherham pct	0.990000	0.980000	EFO:0007985	platelet crit	{"EFO:0007985":0.01,"MONDO:0008296":0.0,"MONDO:0010518":0.0,"MONDO:0015104":0.0,"PR:000004530":0.0,"PR:000004792":0.0,"PR:000013206":0.0,"PR:P13727":0.0,"PR:Q5T2T1":0.0,"PR:Q92917":0.0,"none_suitable":0.99}	jev	jev-1.13.0	efo/v3.94.0	2026-09-28
pct where patients gp was registered: rushcliffe pct	0.990000	0.980000	EFO:0007985	platelet crit	{"EFO:0007985":0.01,"MONDO:0008296":0.0,"MONDO:0010518":0.0,"MONDO:0015104":0.0,"PR:000001908":0.0,"PR:000003060":0.0,"PR:000004530":0.0,"PR:000005801":0.0,"PR:000013225":0.0,"PR:P13727":0.0,"none_suitable":0.99}	jev	jev-1.13.0	efo/v3.94.0	2026-09-28
pct where patients gp was registered: salford pct	0.990000	0.980000	EFO:0007985	platelet crit	{"EFO:0007985":0.01,"MONDO:0008296":0.0,"MONDO:0010518":0.0,"MONDO:0015104":0.0,"PR:000004530":0.0,"PR:000029510":0.0,"PR:000050049":0.0,"PR:P35052":0.0,"PR:P53634":0.0,"PR:Q5TA50":0.0,"none_suitable":0.99}	jev	jev-1.13.0	efo/v3.94.0	2026-09-28
pct where patients gp was registered: sandwell pct	0.990000	0.980000	EFO:0007985	platelet crit	{"EFO:0007985":0.01,"MONDO:0008296":0.0,"MONDO:0010518":0.0,"MONDO:0015104":0.0,"PR:000004530":0.0,"PR:O60542":0.0,"PR:O75594":0.0,"PR:P10124":0.0,"PR:Q8WXF1":0.0,"PR:Q9BRF8":0.0,"none_suitable":0.99}	jev	jev-1.13.0	efo/v3.94.0	2026-09-28
pct where patients gp was registered: sefton pct	0.990000	0.980000	EFO:0007985	platelet crit	{"EFO:0007985":0.01,"MONDO:0008296":0.0,"MONDO:0010518":0.0,"MONDO:0015104":0.0,"PR:000004530":0.0,"PR:000012610":0.0,"PR:O75594":0.0,"PR:P10124":0.0,"PR:P35052":0.0,"PR:Q9BRF8":0.0,"none_suitable":0.99}	jev	jev-1.13.0	efo/v3.94.0	2026-09-28
pct where patients gp was registered: sheffield pct	1.000000	1.000000	EFO:0007985	platelet crit	{"EFO:0007985":0.0,"HANCESTRO:0733":0.0,"HANCESTRO:0746":0.0,"HANCESTRO:0835":0.0,"MONDO:0007321":0.0,"MONDO:0010518":0.0,"MONDO:0015104":0.0,"PR:000004530":0.0,"PR:000013206":0.0,"PR:P13727":0.0,"none_suitable":1.0}	jev	jev-1.13.0	efo/v3.94.0	2026-09-28
pct where patients gp was registered: sheffield south west pct	1.000000	1.000000	HANCESTRO:2018	West Eurasian reference superpopulation (SGDP)	{"AfPO:0000333":0.0,"AfPO:0000353":0.0,"HANCESTRO:0740":0.0,"HANCESTRO:0824":0.0,"HANCESTRO:0835":0.0,"HANCESTRO:0838":0.0,"HANCESTRO:2017":0.0,"HANCESTRO:2018":0.0,"South:Africa":0.0,"South:Sudan":0.0,"none_suitable":1.0}	jev	jev-1.13.0	efo/v3.94.0	2026-09-28
pct where patients gp was registered: sheffield west pct	0.990000	0.980000	EFO:0007985	platelet crit	{"EFO:0007985":0.01,"HANCESTRO:0824":0.0,"HANCESTRO:0825":0.0,"HANCESTRO:0835":0.0,"HANCESTRO:0836":0.0,"HANCESTRO:2018":0.0,"MONDO:0012482":0.0,"MONDO:0015104":0.0,"MONDO:0019376":0.0,"NCBITaxon:11082":0.0,"none_suitable":0.99}	jev	jev-1.13.0	efo/v3.94.0	2026-09-28
pct where patients gp was registered: solihull care trust	1.000000	1.000000	EFO:0007985	platelet crit	{"EFO:0007985":0.0,"EFO:0009577":0.0,"MONDO:0010518":0.0,"MONDO:0015104":0.0,"PR:000004530":0.0,"PR:O75594":0.0,"PR:P35052":0.0,"PR:Q9BRF8":0.0,"PR:Q9BWP8":0.0,"PR:Q9NXJ5":0.0,"none_suitable":1.0}	jev	jev-1.13.0	efo/v3.94.0	2026-09-28
pct where patients gp was registered: solihull pct	0.990000	0.980000	EFO:0007985	platelet crit	{"EFO:0007985":0.01,"HANCESTRO:0732":0.0,"HANCESTRO:0733":0.0,"HANCESTRO:0783":0.0,"HANCESTRO:0835":0.0,"MONDO:0008296":0.0,"MONDO:0010518":0.0,"MONDO:0015104":0.0,"PR:000004530":0.0,"PR:P10124":0.0,"none_suitable":0.99}	jev	jev-1.13.0	efo/v3.94.0	2026-09-28
pct where patients gp was registered: south birmingham pct	1.000000	1.000000	PR:000001908	platelet glycoprotein Ib beta chain	{"AfPO:0000333":0.0,"AfPO:0000353":0.0,"HANCESTRO:0812":0.0,"OBA:2045013":0.0,"OBA:2051083":0.0,"PR:000001907":0.0,"PR:000001908":0.0,"PR:P13224":0.0,"PR:Q96BD6":0.0,"South:Africa":0.0,"none_suitable":1.0}	jev	jev-1.13.0	efo/v3.94.0	2026-09-28
pct where patients gp was registered: south east oxfordshire pct	1.000000	1.000000	PR:000001908	platelet glycoprotein Ib beta chain	{"AfPO:0000333":0.0,"AfPO:0000353":0.0,"HANCESTRO:0007":0.0,"HANCESTRO:0819":0.0,"PR:000001908":0.0,"PR:O15354":0.0,"PR:P05305":0.0,"PR:P14138":0.0,"PR:P20800":0.0,"South:Africa":0.0,"none_suitable":1.0}	jev	jev-1.13.0	efo/v3.94.0	2026-09-28
pct where patients gp was registered: south east sheffield pct	1.000000	1.000000	HANCESTRO:2017	South Asian reference superpopulation (SGDP)	{"AfPO:0000333":0.0,"AfPO:0000353":0.0,"HANCESTRO:0007":0.0,"HANCESTRO:0733":0.0,"HANCESTRO:0740":0.0,"HANCESTRO:0746":0.0,"HANCESTRO:0835":0.0,"HANCESTRO:0838":0.0,"HANCESTRO:2017":0.0,"South:Africa":0.0,"none_suitable":1.0}	jev	jev-1.13.0	efo/v3.94.0	2026-09-28
pct where patients gp was registered: south gloucestershire pct	1.000000	1.000000	HANCESTRO:2017	South Asian reference superpopulation (SGDP)	{"AfPO:0000333":0.0,"AfPO:0000353":0.0,"AfPO:0000398":0.0,"HANCESTRO:0819":0.0,"HANCESTRO:0823":0.0,"HANCESTRO:0839":0.0,"HANCESTRO:2017":0.0,"PR:Q9BRF8":0.0,"South:Africa":0.0,"South:Sudan":0.0,"none_suitable":1.0}	jev	jev-1.13.0	efo/v3.94.0	2026-09-28
pct where patients gp was registered: south leeds pct	0.990000	0.980000	HANCESTRO:0819	English in England (SGDP)	{"AfPO:0000333":0.0,"AfPO:0000353":0.0,"AfPO:0000398":0.0,"HANCESTRO:0819":0.01,"HANCESTRO:0835":0.0,"HANCESTRO:0836":0.0,"HANCESTRO:2017":0.0,"HANCESTRO:2018":0.0,"South:Africa":0.0,"South:Sudan":0.0,"none_suitable":0.99}	jev	jev-1.13.0	efo/v3.94.0	2026-09-28
pct where patients gp was registered: south liverpool pct	1.000000	1.000000	AfPO:0000333	Khoisan South	{"AfPO:0000333":0.0,"AfPO:0000353":0.0,"AfPO:0000398":0.0,"HANCESTRO:0740":0.0,"PR:000031300":0.0,"PR:000050049":0.0,"PR:O75594":0.0,"PR:Q14693":0.0,"South:Africa":0.0,"South:Sudan":0.0,"none_suitable":1.0}	jev	jev-1.13.0	efo/v3.94.0	2026-09-28
pct where patients gp was registered: south sefton pct	1.000000	1.000000	South:Africa	South Africa	{"AfPO:0000333":0.0,"AfPO:0000353":0.0,"AfPO:0000398":0.0,"HANCESTRO:0733":0.0,"HANCESTRO:0783":0.0,"HANCESTRO:2007":0.0,"HANCESTRO:2017":0.0,"PR:P10124":0.0,"South:Africa":0.0,"South:Sudan":0.0,"none_suitable":1.0}	jev	jev-1.13.0	efo/v3.94.0	2026-09-28
pct where patients gp was registered: south stoke pct	1.000000	1.000000	HANCESTRO:2017	South Asian reference superpopulation (SGDP)	{"AfPO:0000333":0.0,"AfPO:0000353":0.0,"AfPO:0000398":0.0,"EFO:0004637":0.0,"HANCESTRO:0838":0.0,"HANCESTRO:2007":0.0,"HANCESTRO:2017":0.0,"HANCESTRO:2018":0.0,"South:Africa":0.0,"South:Sudan":0.0,"none_suitable":1.0}	jev	jev-1.13.0	efo/v3.94.0	2026-09-28
pct where patients gp was registered: south tyneside pct	1.000000	1.000000	AfPO:0000333	Khoisan South	{"AfPO:0000333":0.0,"AfPO:0000353":0.0,"AfPO:0000398":0.0,"HANCESTRO:0783":0.0,"HANCESTRO:0823":0.0,"HANCESTRO:0835":0.0,"PR:000031300":0.0,"PR:P0C0P6":0.0,"South:Africa":0.0,"South:Sudan":0.0,"none_suitable":1.0}	jev	jev-1.13.0	efo/v3.94.0	2026-09-28
pct where patients gp was registered: south west oxfordshire pct	1.000000	1.000000	HANCESTRO:2018	West Eurasian reference superpopulation (SGDP)	{"AfPO:0000333":0.0,"AfPO:0000353":0.0,"HANCESTRO:0819":0.0,"HANCESTRO:2018":0.0,"PR:000001908":0.0,"PR:O15354":0.0,"PR:O75594":0.0,"PR:P13224":0.0,"PR:P14138":0.0,"South:Africa":0.0,"none_suitable":1.0}	jev	jev-1.13.0	efo/v3.94.0	2026-09-28
pct where patients gp was registered: southwark pct	0.990000	0.980000	EFO:0007985	platelet crit	{"EFO:0007985":0.01,"HANCESTRO:0733":0.0,"HANCESTRO:0797":0.0,"HANCESTRO:0823":0.0,"HANCESTRO:0835":0.0,"HANCESTRO:0838":0.0,"MONDO:0008296":0.0,"MONDO:0010518":0.0,"MONDO:0015104":0.0,"PR:000004530":0.0,"none_suitable":0.99}	jev	jev-1.13.0	efo/v3.94.0	2026-09-28
pct where patients gp was registered: st helens pct	1.000000	1.000000	EFO:0001251	TERV-ST	{"EFO:0001251":0.0,"EFO:0002063":0.0,"EFO:0002064":0.0,"EFO:0011033":0.0,"EFO:0022625":0.0,"HANCESTRO:0783":0.0,"HANCESTRO:0810":0.0,"HANCESTRO:0823":0.0,"PR:000029113":0.0,"UO:0000025":0.0,"none_suitable":1.0}	jev	jev-1.13.0	efo/v3.94.0	2026-09-28
pct where patients gp was registered: staffordshire moorlands pct	0.980000	0.960000	EFO:0007985	platelet crit	{"EFO:0007985":0.02,"EFO:0021877":0.0,"MONDO:0010518":0.0,"MONDO:0015104":0.0,"PR:000001907":0.0,"PR:000001908":0.0,"PR:000008155":0.0,"PR:P07359":0.0,"PR:P13224":0.0,"PR:Q92917":0.0,"none_suitable":0.98}	jev	jev-1.13.0	efo/v3.94.0	2026-09-28
pct where patients gp was registered: stockton-on-tees teaching pct	0.990000	0.980000	EFO:0007985	platelet crit	{"EFO:0007949":0.0,"EFO:0007985":0.01,"EFO:0009729":0.0,"HP:0003805":0.0,"HP:0030423":0.0,"PR:000005801":0.0,"PR:000029367":0.0,"PR:000029510":0.0,"PR:Q9BRF8":0.0,"UO:0000025":0.0,"none_suitable":0.99}	jev	jev-1.13.0	efo/v3.94.0	2026-09-28
pct where patients gp was registered: stoke on trent pct	0.990000	0.980000	EFO:0007985	platelet crit	{"EFO:0007949":0.0,"EFO:0007985":0.01,"EFO:0009729":0.0,"HP:0003805":0.0,"HP:0030423":0.0,"OBA:2042981":0.0,"OBA:2050833":0.0,"PR:000001908":0.0,"PR:000013206":0.0,"PR:P13727":0.0,"none_suitable":0.99}	jev	jev-1.13.0	efo/v3.94.0	2026-09-28
pct where patients gp was registered: sunderland teaching pct	0.990000	0.980000	EFO:0007985	platelet crit	{"CHEBI:41500":0.0,"EFO:0007985":0.01,"HANCESTRO:0765":0.0,"MONDO:0010518":0.0,"MONDO:0015104":0.0,"PR:000001908":0.0,"PR:000004530":0.0,"PR:000004798":0.0,"PR:000005801":0.0,"PR:P48739":0.0,"none_suitable":0.99}	jev	jev-1.13.0	efo/v3.94.0	2026-09-28
pct where patients gp was registered: surrey pct	1.000000	1.000000	EFO:0007985	platelet crit	{"EFO:0007985":0.0,"HANCESTRO:0819":0.0,"MONDO:0008296":0.0,"MONDO:0010518":0.0,"MONDO:0015104":0.0,"PR:000004530":0.0,"PR:000012836":0.0,"PR:000050049":0.0,"PR:O75594":0.0,"PR:P10124":0.0,"none_suitable":1.0}	jev	jev-1.13.0	efo/v3.94.0	2026-09-28
pct where patients gp was registered: sutton and merton pct	1.000000	1.000000	HP:0002017	Nausea and vomiting	{"HP:0002017":0.0,"MONDO:0000181":0.0,"MONDO:0859184":0.0,"MONDO:0859351":0.0,"PR:000003724":0.0,"PR:O75594":0.0,"PR:P10124":0.0,"PR:P13727":0.0,"PR:Q9Y2Y8":0.0,"UO:0000025":0.0,"none_suitable":1.0}	jev	jev-1.13.0	efo/v3.94.0	2026-09-28
pct where patients gp was registered: tameside and glossop pct	1.000000	1.000000	HP:0002017	Nausea and vomiting	{"HP:0002017":0.0,"MONDO:0000181":0.0,"MONDO:0859184":0.0,"MONDO:0859351":0.0,"PR:000003724":0.0,"PR:000008155":0.0,"PR:000012610":0.0,"PR:000013206":0.0,"PR:Q9NZD2":0.0,"UO:0000025":0.0,"none_suitable":1.0}	jev	jev-1.13.0	efo/v3.94.0	2026-09-28
pct where patients gp was registered: trafford north pct	1.000000	1.000000	AfPO:0000352	North Ndebele	{"AfPO:0000352":0.0,"EFO:0007985":0.0,"HANCESTRO:0831":0.0,"MONDO:0012929":0.0,"MONDO:0015104":0.0,"PR:000008166":0.0,"PR:000010984":0.0,"PR:000011019":0.0,"PR:000011140":0.0,"PR:000011425":0.0,"none_suitable":1.0}	jev	jev-1.13.0	efo/v3.94.0	2026-09-28
pct where patients gp was registered: trafford pct	1.000000	1.000000	EFO:0007985	platelet crit	{"EFO:0007985":0.0,"MONDO:0008296":0.0,"MONDO:0010518":0.0,"MONDO:0015104":0.0,"PR:000004530":0.0,"PR:000008166":0.0,"PR:000013438":0.0,"PR:000029671":0.0,"PR:P16112":0.0,"PR:Q5VY43":0.0,"none_suitable":1.0}	jev	jev-1.13.0	efo/v3.94.0	2026-09-28
pct where patients gp was registered: trafford south pct	1.000000	1.000000	AfPO:0000333	Khoisan South	{"AfPO:0000333":0.0,"AfPO:0000353":0.0,"AfPO:0000398":0.0,"PR:000014503":0.0,"PR:000014794":0.0,"PR:000015682":0.0,"PR:000015689":0.0,"PR:P16112":0.0,"South:Africa":0.0,"South:Sudan":0.0,"none_suitable":1.0}	jev	jev-1.13.0	efo/v3.94.0	2026-09-28
pct where patients gp was registered: wakefield district pct	1.000000	1.000000	EFO:0007985	platelet crit	{"EFO:0007985":0.0,"HANCESTRO:0712":0.0,"MONDO:0008296":0.0,"MONDO:0010518":0.0,"MONDO:0015104":0.0,"PR:000004530":0.0,"PR:000006662":0.0,"PR:O60829":0.0,"PR:Q8WW12":0.0,"PR:Q92917":0.0,"none_suitable":1.0}	jev	jev-1.13.0	efo/v3.94.0	2026-09-28
pct where patients gp was registered: wakefield west pct	1.000000	1.000000	HANCESTRO:2018	West Eurasian reference superpopulation (SGDP)	{"EFO:0007985":0.0,"EFO:0802387":0.0,"HANCESTRO:2018":0.0,"MONDO:0012482":0.0,"MONDO:0015104":0.0,"NCBITaxon:11082":0.0,"PR:000012422":0.0,"PR:Q8N729":0.0,"PR:Q8WW12":0.0,"PR:Q92917":0.0,"none_suitable":1.0}	jev	jev-1.13.0	efo/v3.94.0	2026-09-28
pct where patients gp was registered: wandsworth pct	0.990000	0.980000	EFO:0007985	platelet crit	{"EFO:0007985":0.01,"HANCESTRO:0709":0.0,"MONDO:0010518":0.0,"MONDO:0015104":0.0,"PR:000001908":0.0,"PR:000004530":0.0,"PR:P13224":0.0,"PR:P13727":0.0,"PR:Q5VY43":0.0,"PR:Q9Y2Y8":0.0,"none_suitable":0.99}	jev	jev-1.13.0	efo/v3.94.0	2026-09-28
pct where patients gp was registered: warrington pct	0.990000	0.980000	EFO:0007985	platelet crit	{"EFO:0007985":0.01,"MONDO:0008296":0.0,"MONDO:0010518":0.0,"MONDO:0015104":0.0,"PR:000004530":0.0,"PR:000012610":0.0,"PR:000050049":0.0,"PR:O14668":0.0,"PR:O60829":0.0,"PR:O75594":0.0,"none_suitable":0.99}	jev	jev-1.13.0	efo/v3.94.0	2026-09-28
pct where patients gp was registered: western cheshire pct	1.000000	1.000000	AfPO:0000189	Berber Western	{"AfPO:0000189":0.0,"AfPO:0000270":0.0,"AfPO:0000277":0.0,"AfPO:0000412":0.0,"AfPO:0000425":0.0,"EFO:0020018":0.0,"PR:000050049":0.0,"PR:P35052":0.0,"PR:Q5TA50":0.0,"PR:Q92917":0.0,"none_suitable":1.0}	jev	jev-1.13.0	efo/v3.94.0	2026-09-28
pct where patients gp was registered: westminster pct	0.990000	0.980000	EFO:0007985	platelet crit	{"EFO:0007985":0.01,"HANCESTRO:0712":0.0,"MONDO:0008296":0.0,"MONDO:0010518":0.0,"MONDO:0015104":0.0,"PR:000001908":0.0,"PR:000004530":0.0,"PR:000021044":0.0,"PR:P13727":0.0,"UO:0000025":0.0,"none_suitable":0.99}	jev	jev-1.13.0	efo/v3.94.0	2026-09-28
pct where patients gp was registered: windsor, ascot and maidenhead pct	1.000000	1.000000	HP:0002017	Nausea and vomiting	{"HP:0002017":0.0,"MONDO:0000181":0.0,"MONDO:0859184":0.0,"MONDO:0859351":0.0,"OBA:2052871":0.0,"PR:000001908":0.0,"PR:000003724":0.0,"PR:000018591":0.0,"PR:000021044":0.0,"PR:P13224":0.0,"none_suitable":1.0}	jev	jev-1.13.0	efo/v3.94.0	2026-09-28
pct where patients gp was registered: wirral pct	1.000000	1.000000	EFO:0007985	platelet crit	{"EFO:0007985":0.0,"MONDO:0008296":0.0,"MONDO:0010518":0.0,"MONDO:0015104":0.0,"PR:000004530":0.0,"PR:O75594":0.0,"PR:P35052":0.0,"PR:Q8TF65":0.0,"PR:Q92917":0.0,"PR:Q9NXJ5":0.0,"none_suitable":1.0}	jev	jev-1.13.0	efo/v3.94.0	2026-09-28
pct where patients gp was registered: wokingham pct	0.990000	0.980000	EFO:0007985	platelet crit	{"EFO:0007985":0.01,"MONDO:0008296":0.0,"MONDO:0010518":0.0,"MONDO:0015104":0.0,"PR:000001908":0.0,"PR:000004530":0.0,"PR:000029671":0.0,"PR:O60829":0.0,"PR:P13727":0.0,"PR:Q92917":0.0,"none_suitable":0.99}	jev	jev-1.13.0	efo/v3.94.0	2026-09-28
pea intake	0.970000	0.950000	NCBITaxon:3888	Pisum sativum	{"EFO:0009374":0.0,"EFO:0010810":0.0,"EFO:0020081":0.0,"EFO:0020082":0.0,"EFO:0020084":0.0,"EFO:0020086":0.0,"EFO:0020088":0.0,"EFO:0020091":0.0,"EFO:0020897":0.01,"NCBITaxon:3888":0.02,"none_suitable":0.97}	jev	jev-1.13.0	efo/v3.94.0	2026-09-28
peach/nectarine intake	0.990000	0.980000	EFO:0020897	citrus intake measurement	{"EFO:0003939":0.0,"EFO:0008539":0.0,"EFO:0009374":0.0,"EFO:0010158":0.0,"EFO:0010810":0.0,"EFO:0020081":0.0,"EFO:0020082":0.0,"EFO:0020084":0.0,"EFO:0020086":0.0,"EFO:0020897":0.01,"none_suitable":0.99}	jev	jev-1.13.0	efo/v3.94.0	2026-09-28
pear intake	0.980000	0.970000	EFO:0020897	citrus intake measurement	{"EFO:0009374":0.0,"EFO:0010810":0.0,"EFO:0020082":0.0,"EFO:0020084":0.0,"EFO:0020086":0.0,"EFO:0020087":0.0,"EFO:0020088":0.0,"EFO:0020091":0.0,"EFO:0020897":0.01,"NCBITaxon:23211":0.01,"none_suitable":0.98}	jev	jev-1.13.0	efo/v3.94.0	2026-09-28
pineapple intake	0.990000	0.980000	EFO:0020897	citrus intake measurement	{"EFO:0009374":0.0,"EFO:0010158":0.0,"EFO:0010810":0.0,"EFO:0010811":0.0,"EFO:0020081":0.0,"EFO:0020086":0.0,"EFO:0020087":0.0,"EFO:0020088":0.0,"EFO:0020091":0.0,"EFO:0020897":0.01,"none_suitable":0.99}	jev	jev-1.13.0	efo/v3.94.0	2026-09-28
pizza intake	1.000000	1.000000	EFO:0009374	energy intake measurement	{"EFO:0009374":0.0,"EFO:0010139":0.0,"EFO:0010809":0.0,"EFO:0020081":0.0,"EFO:0020082":0.0,"EFO:0020083":0.0,"EFO:0020086":0.0,"EFO:0020087":0.0,"EFO:0020088":0.0,"EFO:0020897":0.0,"none_suitable":1.0}	jev	jev-1.13.0	efo/v3.94.0	2026-09-28
place of birth in uk - east co-ordinate	0.960000	0.930000	EFO:0009583	place of residence measurement	{"EFO:0004950":0.0,"EFO:0009583":0.03,"HANCESTRO:0009":0.0,"HANCESTRO:0805":0.0,"HANCESTRO:0806":0.0,"HANCESTRO:0819":0.0,"HANCESTRO:0865":0.01,"HP:0410257":0.0,"OBA:2052111":0.0,"OBA:2058986":0.0,"none_suitable":0.96}	jev	jev-1.13.0	efo/v3.94.0	2026-09-28
place of birth in uk - north co-ordinate	0.960000	0.940000	United:Kingdom	United Kingdom	{"EFO:0004950":0.0,"EFO:0009583":0.02,"HANCESTRO:0831":0.0,"HANCESTRO:0865":0.0,"North:Korea":0.0,"OBA:2052111":0.0,"OBA:2058986":0.0,"PR:000010982":0.0,"PR:P13591":0.0,"United:Kingdom":0.02,"none_suitable":0.96}	jev	jev-1.13.0	efo/v3.94.0	2026-09-28
plain cereal intake	0.950000	0.900000	EFO:0010811	carbohydrate intake measurement	{"EFO:0003939":0.0,"EFO:0008355":0.0,"EFO:0009374":0.0,"EFO:0010809":0.0,"EFO:0010810":0.0,"EFO:0010811":0.05,"EFO:0020080":0.0,"EFO:0020087":0.0,"EFO:0020088":0.0,"EFO:0020897":0.0,"none_suitable":0.95}	jev	jev-1.13.0	efo/v3.94.0	2026-09-28
plays computer games	0.990000	0.980000	EFO:0004699	gambling behaviour	{"EFO:0000483":0.0,"EFO:0002029":0.0,"EFO:0004095":0.0,"EFO:0004323":0.0,"EFO:0004699":0.01,"EFO:0004874":0.0,"EFO:0020916":0.0,"EFO:0600081":0.0,"GO:0007613":0.0,"OBI:0400107":0.0,"none_suitable":0.99}	jev	jev-1.13.0	efo/v3.94.0	2026-09-28
plum intake	0.990000	0.980000	EFO:0020897	citrus intake measurement	{"EFO:0010810":0.0,"EFO:0020080":0.0,"EFO:0020081":0.0,"EFO:0020083":0.0,"EFO:0020084":0.0,"EFO:0020086":0.0,"EFO:0020087":0.0,"EFO:0020088":0.0,"EFO:0020091":0.0,"EFO:0020897":0.01,"none_suitable":0.99}	jev	jev-1.13.0	efo/v3.94.0	2026-09-28
porridge intake	0.990000	0.980000	EFO:0009374	energy intake measurement	{"EFO:0003939":0.0,"EFO:0006521":0.0,"EFO:0008355":0.0,"EFO:0009374":0.01,"EFO:0010810":0.0,"EFO:0020084":0.0,"EFO:0020087":0.0,"EFO:0020088":0.0,"EFO:0020091":0.0,"GO:0050892":0.0,"none_suitable":0.99}	jev	jev-1.13.0	efo/v3.94.0	2026-09-28
portion size	1.000000	1.000000	EFO:0004183	size fractionation	{"EFO:0004183":0.0,"EFO:0010212":0.0,"EFO:0020907":0.0,"EFO:0020908":0.0,"OBA:0000015":0.0,"OBA:1000025":0.0,"OBA:2050113":0.0,"OBA:2050114":0.0,"OBA:2050115":0.0,"OBA:VT0000599":0.0,"none_suitable":1.0}	jev	jev-1.13.0	efo/v3.94.0	2026-09-28
powdered/instant soup intake	1.000000	1.000000	EFO:0009374	energy intake measurement	{"EFO:0003939":0.0,"EFO:0006521":0.0,"EFO:0009374":0.0,"EFO:0010810":0.0,"EFO:0010811":0.0,"EFO:0020083":0.0,"EFO:0020086":0.0,"EFO:0020087":0.0,"EFO:0020088":0.0,"EFO:0020091":0.0,"none_suitable":1.0}	jev	jev-1.13.0	efo/v3.94.0	2026-09-28
private healthcare	0.910000	0.860000	EFO:0009788	encounter with health service related to socioeconomic and psychosocial circumstances	{"EFO:0001730":0.0,"EFO:0001738":0.0,"EFO:0007058":0.0,"EFO:0009635":0.0,"EFO:0009786":0.04,"EFO:0009788":0.05,"EFO:0009801":0.0,"EFO:0020922":0.0,"EFO:0030041":0.0,"MONDO:0043544":0.0,"none_suitable":0.91}	jev	jev-1.13.0	efo/v3.94.0	2026-09-28
processed meat intake	0.980000	0.970000	EFO:0010810	protein intake measurement	{"EFO:0003939":0.0,"EFO:0006521":0.0,"EFO:0008355":0.01,"EFO:0009374":0.0,"EFO:0010809":0.0,"EFO:0010810":0.01,"EFO:0020081":0.0,"EFO:0020087":0.0,"EFO:0020088":0.0,"EFO:0020897":0.0,"none_suitable":0.98}	jev	jev-1.13.0	efo/v3.94.0	2026-09-28
prune intake	0.910000	0.840000	EFO:0020897	citrus intake measurement	{"EFO:0003939":0.0,"EFO:0009374":0.0,"EFO:0010810":0.0,"EFO:0020081":0.0,"EFO:0020083":0.0,"EFO:0020086":0.0,"EFO:0020087":0.0,"EFO:0020088":0.02,"EFO:0020091":0.0,"EFO:0020897":0.06999999999999999,"none_suitable":0.91}	jev	jev-1.13.0	efo/v3.94.0	2026-09-28
pulse wave peak to peak time	0.950000	0.900000	EFO:0009804	pulse wave reflection index measurement	{"EFO:0000689":0.0,"EFO:0005094":0.0,"EFO:0005763":0.0,"EFO:0008333":0.0,"EFO:0008334":0.0,"EFO:0008393":0.0,"EFO:0008398":0.0,"EFO:0009804":0.05,"EFO:0011034":0.0,"EFO:0011035":0.0,"none_suitable":0.95}	jev	jev-1.13.0	efo/v3.94.0	2026-09-28
pulses intake	0.980000	0.970000	EFO:0009825	sign or symptom concerning food and fluid intake	{"EFO:0003939":0.0,"EFO:0006521":0.0,"EFO:0009374":0.0,"EFO:0009804":0.0,"EFO:0009825":0.01,"EFO:0020080":0.01,"EFO:0020086":0.0,"EFO:0020883":0.0,"GO:0050892":0.0,"PATO:0000161":0.0,"none_suitable":0.98}	jev	jev-1.13.0	efo/v3.94.0	2026-09-28
qualifications: none of the above	0.990000	0.980000	EFO:0005241	employment status	{"EFO:0005241":0.01,"EFO:1000369":0.0,"HANCESTRO:0018":0.0,"HP:0000014":0.0,"HP:0000769":0.0,"HP:0001574":0.0,"HP:0004378":0.0,"MONDO:0020297":0.0,"Orphanet:101685":0.0,"Orphanet:228396":0.0,"none_suitable":0.99}	jev	jev-1.13.0	efo/v3.94.0	2026-09-28
qualifications: other professional qualifications eg: nursing, teaching	0.900000	0.830000	EFO:0005241	employment status	{"BFO:0000023":0.0,"EFO:0002012":0.0,"EFO:0005241":0.07,"EFO:0009577":0.0,"EFO:0009743":0.0,"EFO:0011015":0.03,"EFO:0030051":0.0,"GO:0044217":0.0,"MONDO:0006030":0.0,"Orphanet:91088":0.0,"none_suitable":0.9}	jev	jev-1.13.0	efo/v3.94.0	2026-09-28
quorn intake	1.000000	1.000000	EFO:0009374	energy intake measurement	{"EFO:0003939":0.0,"EFO:0006521":0.0,"EFO:0008539":0.0,"EFO:0009374":0.0,"EFO:0020077":0.0,"EFO:0020081":0.0,"EFO:0020082":0.0,"EFO:0020085":0.0,"EFO:0020086":0.0,"EFO:0020897":0.0,"none_suitable":1.0}	jev	jev-1.13.0	efo/v3.94.0	2026-09-28
reason for not eating or drinking normally: away	0.860000	0.800000	EFO:0007829	eating behaviour	{"EFO:0004171":0.0,"EFO:0004315":0.0,"EFO:0004329":0.0,"EFO:0007829":0.06,"EFO:0022074":0.01,"HP:0002039":0.0,"HP:0030082":0.02,"HP:0100738":0.05,"MONDO:0005451":0.0,"MONDO:0005582":0.0,"none_suitable":0.86}	jev	jev-1.13.0	efo/v3.94.0	2026-09-28
red wine intake	0.850000	0.700000	EFO:0006947	red wine liking measurement	{"EFO:0006947":0.15,"EFO:0006948":0.0,"EFO:0006949":0.0,"EFO:0010158":0.0,"EFO:0020077":0.0,"EFO:0020080":0.0,"EFO:0020082":0.0,"EFO:0020085":0.0,"EFO:0020086":0.0,"EFO:0020897":0.0,"none_suitable":0.85}	jev	jev-1.13.0	efo/v3.94.0	2026-09-28
reproduciblity of spirometry measurement using ers/ats criteria	1.000000	1.000000	EFO:0008341	snoring measurement	{"EFO:0005654":0.0,"EFO:0007614":0.0,"EFO:0007628":0.0,"EFO:0007939":0.0,"EFO:0008330":0.0,"EFO:0008341":0.0,"EFO:0009103":0.0,"EFO:0009438":0.0,"EFO:0010049":0.0,"EFO:0010068":0.0,"none_suitable":1.0}	jev	jev-1.13.0	efo/v3.94.0	2026-09-28
rose wine intake	0.990000	0.980000	EFO:0006947	red wine liking measurement	{"EFO:0003939":0.0,"EFO:0006947":0.01,"EFO:0006948":0.0,"EFO:0006949":0.0,"EFO:0009374":0.0,"EFO:0010158":0.0,"EFO:0020077":0.0,"EFO:0020085":0.0,"EFO:0020086":0.0,"EFO:0020897":0.0,"none_suitable":0.99}	jev	jev-1.13.0	efo/v3.94.0	2026-09-28
salad / raw vegetable intake	0.980000	0.960000	EFO:0020088	dietary fiber intake measurement	{"EFO:0003939":0.0,"EFO:0008539":0.0,"EFO:0009374":0.0,"EFO:0020077":0.0,"EFO:0020080":0.0,"EFO:0020081":0.0,"EFO:0020082":0.0,"EFO:0020086":0.0,"EFO:0020088":0.02,"EFO:0020897":0.0,"none_suitable":0.98}	jev	jev-1.13.0	efo/v3.94.0	2026-09-28
salted nuts intake	0.950000	0.900000	EFO:0020080	dietary sodium intake measurement	{"EFO:0003939":0.0,"EFO:0008539":0.0,"EFO:0009374":0.0,"EFO:0010158":0.0,"EFO:0020080":0.05,"EFO:0020083":0.0,"EFO:0020087":0.0,"EFO:0020088":0.0,"EFO:0020091":0.0,"EFO:0020897":0.0,"none_suitable":0.95}	jev	jev-1.13.0	efo/v3.94.0	2026-09-28
salted peanuts intake	0.950000	0.900000	EFO:0020080	dietary sodium intake measurement	{"CHEBI:33284":0.0,"EFO:0003939":0.0,"EFO:0007684":0.0,"EFO:0009374":0.0,"EFO:0010810":0.0,"EFO:0020080":0.05,"EFO:0020087":0.0,"EFO:0020088":0.0,"EFO:0020091":0.0,"EFO:0020897":0.0,"none_suitable":0.95}	jev	jev-1.13.0	efo/v3.94.0	2026-09-28
sausage intake	1.000000	1.000000	EFO:0009374	energy intake measurement	{"EFO:0003939":0.0,"EFO:0007678":0.0,"EFO:0009374":0.0,"EFO:0010158":0.0,"EFO:0010809":0.0,"EFO:0010810":0.0,"EFO:0020084":0.0,"EFO:0020087":0.0,"EFO:0020088":0.0,"EFO:0020091":0.0,"none_suitable":1.0}	jev	jev-1.13.0	efo/v3.94.0	2026-09-28
savoury biscuits intake	0.970000	0.950000	EFO:0020080	dietary sodium intake measurement	{"EFO:0009374":0.0,"EFO:0010158":0.0,"EFO:0010811":0.01,"EFO:0020078":0.0,"EFO:0020079":0.0,"EFO:0020080":0.02,"EFO:0020084":0.0,"EFO:0020086":0.0,"EFO:0020088":0.0,"EFO:0020897":0.0,"none_suitable":0.97}	jev	jev-1.13.0	efo/v3.94.0	2026-09-28
scone intake	1.000000	1.000000	EFO:0020087	dietary ash intake measurement	{"EFO:0003939":0.0,"EFO:0006521":0.0,"EFO:0010157":0.0,"EFO:0011001":0.0,"EFO:0020080":0.0,"EFO:0020082":0.0,"EFO:0020086":0.0,"EFO:0020087":0.0,"EFO:0020088":0.0,"EFO:0020897":0.0,"none_suitable":1.0}	jev	jev-1.13.0	efo/v3.94.0	2026-09-28
scotch egg intake	1.000000	1.000000	EFO:0007018	egg allergy measurement	{"CL:0000023":0.0,"EFO:0007018":0.0,"EFO:0008539":0.0,"EFO:0009374":0.0,"EFO:0010139":0.0,"EFO:0020077":0.0,"EFO:0020086":0.0,"EFO:0020087":0.0,"EFO:0020088":0.0,"EFO:0020089":0.0,"none_suitable":1.0}	jev	jev-1.13.0	efo/v3.94.0	2026-09-28
scotch pancake intake	0.990000	0.980000	EFO:0009374	energy intake measurement	{"EFO:0003939":0.0,"EFO:0006521":0.0,"EFO:0008539":0.0,"EFO:0009374":0.01,"EFO:0010157":0.0,"EFO:0010158":0.0,"EFO:0020084":0.0,"EFO:0020087":0.0,"EFO:0020088":0.0,"NCBITaxon:3349":0.0,"none_suitable":0.99}	jev	jev-1.13.0	efo/v3.94.0	2026-09-28
seeds intake	0.990000	0.980000	EFO:0020088	dietary fiber intake measurement	{"CHEBI:33284":0.0,"EFO:0003939":0.0,"EFO:0007684":0.0,"EFO:0009374":0.0,"EFO:0010810":0.0,"EFO:0010811":0.0,"EFO:0020086":0.0,"EFO:0020087":0.0,"EFO:0020088":0.01,"EFO:0020897":0.0,"none_suitable":0.99}	jev	jev-1.13.0	efo/v3.94.0	2026-09-28
shellfish intake	0.880000	0.760000	EFO:0010139	fish consumption measurement	{"EFO:0006521":0.0,"EFO:0009374":0.0,"EFO:0010139":0.12,"EFO:0020080":0.0,"EFO:0020081":0.0,"EFO:0020083":0.0,"EFO:0020086":0.0,"EFO:0020087":0.0,"EFO:0020088":0.0,"EFO:0020897":0.0,"none_suitable":0.88}	jev	jev-1.13.0	efo/v3.94.0	2026-09-28
side salad intake	0.970000	0.940000	EFO:0020088	dietary fiber intake measurement	{"EFO:0003939":0.0,"EFO:0007678":0.0,"EFO:0009374":0.0,"EFO:0009825":0.0,"EFO:0010809":0.0,"EFO:0020080":0.0,"EFO:0020081":0.0,"EFO:0020087":0.0,"EFO:0020088":0.03,"EFO:0020897":0.0,"none_suitable":0.97}	jev	jev-1.13.0	efo/v3.94.0	2026-09-28
signal-to-noise-ratio (snr) of triplet (left)	1.000000	1.000000	EFO:0021821	right ventricular stroke volume to left ventricular stroke volume ratio	{"EFO:0010934":0.0,"EFO:0020097":0.0,"EFO:0020532":0.0,"EFO:0021681":0.0,"EFO:0021698":0.0,"EFO:0021818":0.0,"EFO:0021819":0.0,"EFO:0021820":0.0,"EFO:0021821":0.0,"MONDO:0015450":0.0,"none_suitable":1.0}	jev	jev-1.13.0	efo/v3.94.0	2026-09-28
signal-to-noise-ratio (snr) of triplet (right)	1.000000	1.000000	EFO:0021821	right ventricular stroke volume to left ventricular stroke volume ratio	{"EFO:0008398":0.0,"EFO:0010934":0.0,"EFO:0021698":0.0,"EFO:0021818":0.0,"EFO:0021819":0.0,"EFO:0021820":0.0,"EFO:0021821":0.0,"EFO:0803331":0.0,"EFO:0920014":0.0,"MONDO:0015450":0.0,"none_suitable":1.0}	jev	jev-1.13.0	efo/v3.94.0	2026-09-28
single crust pastry intake	0.990000	0.980000	EFO:0009374	energy intake measurement	{"EFO:0003939":0.0,"EFO:0006521":0.0,"EFO:0007831":0.0,"EFO:0008539":0.0,"EFO:0009374":0.01,"EFO:0020086":0.0,"EFO:0020087":0.0,"EFO:0020088":0.0,"EFO:0020091":0.0,"GO:0050892":0.0,"none_suitable":0.99}	jev	jev-1.13.0	efo/v3.94.0	2026-09-28
size of red wine glass drunk: medium (175ml)	0.970000	0.950000	EFO:0006947	red wine liking measurement	{"EFO:0004134":0.0,"EFO:0006947":0.02,"EFO:0006949":0.0,"EFO:0007032":0.0,"EFO:0800164":0.0,"OBA:0000055":0.0,"OBA:0002103":0.0,"OBA:0003460":0.0,"OBA:2050005":0.0,"OBA:VT0015043":0.01,"none_suitable":0.97}	jev	jev-1.13.0	efo/v3.94.0	2026-09-28
size of white wine glass drunk: medium (175ml)	0.980000	0.970000	EFO:0006948	white wine liking measurement	{"EFO:0004134":0.0,"EFO:0006948":0.01,"EFO:0006949":0.0,"EFO:0007032":0.0,"EFO:0800027":0.0,"OBA:0000055":0.0,"OBA:0000056":0.0,"OBA:0002103":0.0,"OBA:2050005":0.0,"OBA:VT0015043":0.01,"none_suitable":0.98}	jev	jev-1.13.0	efo/v3.94.0	2026-09-28
sliced bread intake	0.980000	0.960000	EFO:0010811	carbohydrate intake measurement	{"EFO:0003939":0.0,"EFO:0007678":0.0,"EFO:0009374":0.0,"EFO:0010158":0.0,"EFO:0010809":0.0,"EFO:0010811":0.02,"EFO:0020078":0.0,"EFO:0020087":0.0,"EFO:0020088":0.0,"EFO:0020897":0.0,"none_suitable":0.98}	jev	jev-1.13.0	efo/v3.94.0	2026-09-28
snackpot intake	0.990000	0.980000	EFO:0009374	energy intake measurement	{"EFO:0003939":0.0,"EFO:0009374":0.01,"EFO:0009825":0.0,"EFO:0010809":0.0,"EFO:0010810":0.0,"EFO:0010811":0.0,"EFO:0020083":0.0,"EFO:0020084":0.0,"EFO:0020087":0.0,"EFO:0020897":0.0,"none_suitable":0.99}	jev	jev-1.13.0	efo/v3.94.0	2026-09-28
soft cheese intake	1.000000	1.000000	EFO:0009374	energy intake measurement	{"EFO:0006521":0.0,"EFO:0008539":0.0,"EFO:0009374":0.0,"EFO:0010158":0.0,"EFO:0010809":0.0,"EFO:0010811":0.0,"EFO:0020086":0.0,"EFO:0020088":0.0,"EFO:0020090":0.0,"EFO:0020897":0.0,"none_suitable":1.0}	jev	jev-1.13.0	efo/v3.94.0	2026-09-28
sources of admission to hospital (recoded): transfer to other nhs provider: general ward, young physically disabled, a&e	1.000000	1.000000	HP:0002505	Loss of ambulation	{"HP:0002505":0.0,"HP:0031936":0.0,"MONDO:0001586":0.0,"MONDO:0003832":0.0,"MONDO:0005287":0.0,"MONDO:0006504":0.0,"MONDO:0011759":0.0,"MONDO:0015700":0.0,"OBA:2045296":0.0,"Orphanet:98372":0.0,"none_suitable":1.0}	jev	jev-1.13.0	efo/v3.94.0	2026-09-28
soya dessert intake	0.970000	0.940000	EFO:0010158	sugar consumption measurement	{"EFO:0003939":0.0,"EFO:0007678":0.0,"EFO:0007684":0.0,"EFO:0008539":0.0,"EFO:0009374":0.0,"EFO:0010158":0.03,"EFO:0010809":0.0,"EFO:0010811":0.0,"EFO:0020088":0.0,"EFO:0020089":0.0,"none_suitable":0.97}	jev	jev-1.13.0	efo/v3.94.0	2026-09-28
spherical power (left)	0.990000	0.980000	EFO:0001658	left	{"EFO:0001658":0.01,"EFO:0004294":0.0,"EFO:0004295":0.0,"EFO:0008372":0.0,"OBA:2045241":0.0,"OBA:2045242":0.0,"OBA:VT0004063":0.0,"UBERON:0002084":0.0,"UBERON:0008952":0.0,"UO:0000007":0.0,"none_suitable":0.99}	jev	jev-1.13.0	efo/v3.94.0	2026-09-28
spherical power (right)	0.990000	0.980000	EFO:0001659	right	{"EFO:0001659":0.01,"EFO:0020939":0.0,"EFO:0021821":0.0,"EFO:0022608":0.0,"OBA:2050011":0.0,"OBA:2080693":0.0,"UBERON:0002078":0.0,"UBERON:0002080":0.0,"UBERON:0002795":0.0,"UO:0000007":0.0,"none_suitable":0.99}	jev	jev-1.13.0	efo/v3.94.0	2026-09-28
spinach intake	0.930000	0.890000	NCBITaxon:3562	Spinacia oleracea	{"EFO:0009374":0.0,"EFO:0020080":0.0,"EFO:0020081":0.0,"EFO:0020082":0.0,"EFO:0020083":0.0,"EFO:0020086":0.02,"EFO:0020088":0.0,"EFO:0020089":0.0,"EFO:0020897":0.01,"NCBITaxon:3562":0.04,"none_suitable":0.93}	jev	jev-1.13.0	efo/v3.94.0	2026-09-28
sponge pudding intake	0.970000	0.940000	EFO:0010158	sugar consumption measurement	{"EFO:0003939":0.0,"EFO:0009374":0.0,"EFO:0010139":0.0,"EFO:0010158":0.03,"EFO:0010811":0.0,"EFO:0020084":0.0,"EFO:0020086":0.0,"EFO:0020087":0.0,"EFO:0020088":0.0,"EFO:0020897":0.0,"none_suitable":0.97}	jev	jev-1.13.0	efo/v3.94.0	2026-09-28
spreads/sauces consumers	1.000000	1.000000	CHEBI:33287	fertilizer	{"CHEBI:33286":0.0,"CHEBI:33287":0.0,"CHEBI:35366":0.0,"COB:0000026":0.0,"EFO:0000994":0.0,"EFO:0002211":0.0,"EFO:0005523":0.0,"HANCESTRO:0022":0.0,"NCBITaxon:4006":0.0,"OBI:0400112":0.0,"none_suitable":1.0}	jev	jev-1.13.0	efo/v3.94.0	2026-09-28
sprouts intake	1.000000	1.000000	EFO:0020088	dietary fiber intake measurement	{"EFO:0009374":0.0,"EFO:0020080":0.0,"EFO:0020081":0.0,"EFO:0020084":0.0,"EFO:0020086":0.0,"EFO:0020087":0.0,"EFO:0020088":0.0,"EFO:0020089":0.0,"EFO:0020091":0.0,"EFO:0020897":0.0,"none_suitable":1.0}	jev	jev-1.13.0	efo/v3.94.0	2026-09-28
squash intake	0.950000	0.910000	NCBITaxon:3661	Cucurbita maxima	{"EFO:0009374":0.0,"EFO:0020078":0.0,"EFO:0020079":0.0,"EFO:0020084":0.0,"EFO:0020086":0.01,"EFO:0020087":0.0,"EFO:0020088":0.0,"EFO:0020091":0.0,"EFO:0020897":0.0,"NCBITaxon:3661":0.04,"none_suitable":0.95}	jev	jev-1.13.0	efo/v3.94.0	2026-09-28
starch	0.970000	0.960000	CHEBI:17992	sucrose	{"CHEBI:17992":0.01,"CHEBI:18133":0.0,"CHEBI:5417":0.0,"EFO:0007631":0.01,"MONDO:0017618":0.0,"MONDO:0017620":0.0,"NCBITaxon:15819":0.0,"OBA:2051461":0.01,"PR:000008365":0.0,"PR:P13807":0.0,"none_suitable":0.97}	jev	jev-1.13.0	efo/v3.94.0	2026-09-28
stewed fruit intake	1.000000	1.000000	EFO:0020897	citrus intake measurement	{"EFO:0003939":0.0,"EFO:0009374":0.0,"EFO:0010810":0.0,"EFO:0010811":0.0,"EFO:0020082":0.0,"EFO:0020084":0.0,"EFO:0020086":0.0,"EFO:0020087":0.0,"EFO:0020088":0.0,"EFO:0020897":0.0,"none_suitable":1.0}	jev	jev-1.13.0	efo/v3.94.0	2026-09-28
sum of road length of major roads within 100m	1.000000	1.000000	UO:0000001	length unit	{"EFO:0006266":0.0,"EFO:0009388":0.0,"HP:0000470":0.0,"OBA:0003784":0.0,"OBA:VT0005372":0.0,"UO:0000001":0.0,"UO:0000008":0.0,"UO:0000016":0.0,"UO:0000017":0.0,"UO:0000018":0.0,"none_suitable":1.0}	jev	jev-1.13.0	efo/v3.94.0	2026-09-28
sweet biscuits intake	0.900000	0.840000	EFO:0010158	sugar consumption measurement	{"EFO:0003939":0.0,"EFO:0009374":0.0,"EFO:0010090":0.0,"EFO:0010156":0.0,"EFO:0010158":0.06,"EFO:0010811":0.04,"EFO:0020087":0.0,"EFO:0020088":0.0,"EFO:0020897":0.0,"GO:0050916":0.0,"none_suitable":0.9}	jev	jev-1.13.0	efo/v3.94.0	2026-09-28
sweet pepper intake	0.980000	0.970000	EFO:0020897	citrus intake measurement	{"EFO:0003939":0.0,"EFO:0006521":0.0,"EFO:0009374":0.0,"EFO:0009825":0.01,"EFO:0010090":0.0,"EFO:0010156":0.0,"EFO:0010158":0.0,"EFO:0020080":0.0,"EFO:0020897":0.01,"GO:0050916":0.0,"none_suitable":0.98}	jev	jev-1.13.0	efo/v3.94.0	2026-09-28
sweet potato intake	1.000000	1.000000	EFO:0010156	sweet liking measurement	{"EFO:0009374":0.0,"EFO:0010090":0.0,"EFO:0010156":0.0,"EFO:0010158":0.0,"EFO:0020080":0.0,"EFO:0020087":0.0,"EFO:0020088":0.0,"EFO:0020897":0.0,"GO:0050916":0.0,"NCBITaxon:4113":0.0,"none_suitable":1.0}	jev	jev-1.13.0	efo/v3.94.0	2026-09-28
sweetcorn intake	0.990000	0.980000	EFO:0010811	carbohydrate intake measurement	{"EFO:0003939":0.0,"EFO:0006521":0.0,"EFO:0009374":0.0,"EFO:0010156":0.0,"EFO:0010158":0.0,"EFO:0010811":0.01,"EFO:0020086":0.0,"EFO:0020087":0.0,"EFO:0020088":0.0,"EFO:0020897":0.0,"none_suitable":0.99}	jev	jev-1.13.0	efo/v3.94.0	2026-09-28
sweetened cereal intake	0.890000	0.790000	EFO:0010158	sugar consumption measurement	{"EFO:0003939":0.0,"EFO:0006521":0.0,"EFO:0009374":0.0,"EFO:0010096":0.0,"EFO:0010097":0.01,"EFO:0010156":0.0,"EFO:0010158":0.1,"EFO:0020080":0.0,"EFO:0020087":0.0,"EFO:0020088":0.0,"none_suitable":0.89}	jev	jev-1.13.0	efo/v3.94.0	2026-09-28
symbol digit completion status	0.980000	0.970000	UBERON:0002544	digit	{"EFO:0000473":0.0,"EFO:0000686":0.0,"EFO:0001742":0.0,"EFO:0005241":0.0,"EFO:0005514":0.0,"EFO:0010755":0.0,"EFO:0030041":0.0,"MONDO:0015240":0.01,"PR:000004612":0.0,"UBERON:0002544":0.01,"none_suitable":0.98}	jev	jev-1.13.0	efo/v3.94.0	2026-09-28
taking other prescription medications	0.970000	0.950000	EFO:0001899	drug role	{"EFO:0001899":0.02,"EFO:0008579":0.0,"EFO:0011049":0.01,"EFO:0020003":0.0,"EFO:0020911":0.0,"EFO:0030051":0.0,"GO:0044217":0.0,"MONDO:0002491":0.0,"MONDO:0006030":0.0,"Orphanet:91088":0.0,"none_suitable":0.97}	jev	jev-1.13.0	efo/v3.94.0	2026-09-28
thickness of butter/margarine spread on baguettes: thin	0.960000	0.920000	PATO:0000915	thickness	{"EFO:0004955":0.0,"EFO:0006266":0.0,"HP:0000219":0.0,"HP:0000233":0.0,"HP:0000963":0.0,"HP:0000977":0.0,"OBA:2050102":0.0,"OBA:2050104":0.0,"OBA:2050112":0.0,"PATO:0000915":0.04,"none_suitable":0.96}	jev	jev-1.13.0	efo/v3.94.0	2026-09-28
thickness of butter/margarine spread on bread rolls: thin	0.980000	0.960000	PATO:0000915	thickness	{"EFO:0006266":0.0,"HP:0000219":0.0,"HP:0000233":0.0,"HP:0000963":0.0,"HP:0000977":0.0,"OBA:0006021":0.0,"OBA:2050102":0.0,"OBA:2050104":0.0,"OBA:2050112":0.0,"PATO:0000915":0.02,"none_suitable":0.98}	jev	jev-1.13.0	efo/v3.94.0	2026-09-28
thickness of butter/margarine spread on sliced bread: thick	0.980000	0.960000	PATO:0000915	thickness	{"EFO:0004840":0.0,"EFO:0004955":0.0,"EFO:0006266":0.0,"EFO:0009288":0.0,"OBA:2050102":0.0,"OBA:2050109":0.0,"OBA:2050110":0.0,"OBA:2050112":0.0,"OBI:0002197":0.0,"PATO:0000915":0.02,"none_suitable":0.98}	jev	jev-1.13.0	efo/v3.94.0	2026-09-28
thickness of butter/margarine spread on sliced bread: thin	0.980000	0.960000	PATO:0000915	thickness	{"EFO:0004955":0.0,"EFO:0006266":0.0,"HP:0000219":0.0,"HP:0000233":0.0,"HP:0000963":0.0,"HP:0000977":0.0,"OBA:2050102":0.0,"OBA:2050104":0.0,"OBA:2050112":0.0,"PATO:0000915":0.02,"none_suitable":0.98}	jev	jev-1.13.0	efo/v3.94.0	2026-09-28
time employed in main current job	0.960000	0.930000	EFO:0000721	time	{"EFO:0000388":0.0,"EFO:0000689":0.0,"EFO:0000714":0.0,"EFO:0000721":0.03,"EFO:0004425":0.0,"EFO:0007881":0.01,"EFO:0009723":0.0,"EFO:0022958":0.0,"EFO:0600081":0.0,"UO:0000149":0.0,"none_suitable":0.96}	jev	jev-1.13.0	efo/v3.94.0	2026-09-28
time since last prostate specific antigen (psa) test	1.000000	1.000000	OBA:2050200	prostate specific antigen amount	{"EFO:0802919":0.0,"EFO:0802920":0.0,"OBA:2040412":0.0,"OBA:2050200":0.0,"OBA:2051654":0.0,"OBA:2056835":0.0,"PR:000003015":0.0,"PR:000013340":0.0,"PR:000018779":0.0,"PR:P07288":0.0,"none_suitable":1.0}	jev	jev-1.13.0	efo/v3.94.0	2026-09-28
time spent driving	0.990000	0.980000	EFO:0000721	time	{"EFO:0000689":0.0,"EFO:0000714":0.0,"EFO:0000721":0.01,"EFO:0001779":0.0,"EFO:0007828":0.0,"EFO:0009822":0.0,"EFO:0020086":0.0,"EFO:0600081":0.0,"OBA:1000840":0.0,"OBA:2040173":0.0,"none_suitable":0.99}	jev	jev-1.13.0	efo/v3.94.0	2026-09-28
time spent using computer	0.970000	0.940000	EFO:0008002	physical activity measurement	{"EFO:0000689":0.0,"EFO:0000714":0.0,"EFO:0000719":0.0,"EFO:0000721":0.0,"EFO:0001779":0.0,"EFO:0007828":0.0,"EFO:0008002":0.03,"EFO:0600081":0.0,"OBI:0400107":0.0,"UO:0000149":0.0,"none_suitable":0.97}	jev	jev-1.13.0	efo/v3.94.0	2026-09-28
time spent watching television (tv)	0.990000	0.980000	OBA:2040173	sleep onset quality	{"EFO:0000689":0.0,"EFO:0000714":0.0,"EFO:0000719":0.0,"EFO:0000721":0.0,"EFO:0001779":0.0,"EFO:0002065":0.0,"EFO:0008393":0.0,"EFO:0600081":0.0,"EFO:0803364":0.0,"OBA:2040173":0.01,"none_suitable":0.99}	jev	jev-1.13.0	efo/v3.94.0	2026-09-28
tinned tomato intake	0.970000	0.940000	NCBITaxon:4081	Solanum lycopersicum	{"EFO:0009374":0.0,"EFO:0020077":0.0,"EFO:0020080":0.0,"EFO:0020082":0.0,"EFO:0020083":0.0,"EFO:0020086":0.0,"EFO:0020088":0.0,"EFO:0020089":0.0,"EFO:0020897":0.0,"NCBITaxon:4081":0.03,"none_suitable":0.97}	jev	jev-1.13.0	efo/v3.94.0	2026-09-28
tofu intake	1.000000	1.000000	EFO:0009374	energy intake measurement	{"EFO:0003939":0.0,"EFO:0006521":0.0,"EFO:0007678":0.0,"EFO:0009374":0.0,"EFO:0010809":0.0,"EFO:0020081":0.0,"EFO:0020086":0.0,"EFO:0020087":0.0,"EFO:0020088":0.0,"EFO:0020897":0.0,"none_suitable":1.0}	jev	jev-1.13.0	efo/v3.94.0	2026-09-28
total errors traversing alphanumeric path (trail #2)	1.000000	1.000000	PR:000004505	ataxin-2	{"CHEBI:142420":0.0,"CHEBI:36458":0.0,"CHEBI:76273":0.0,"EFO:0001102":0.0,"EFO:0002045":0.0,"OBA:2050290":0.0,"OBA:2052047":0.0,"PR:000003540":0.0,"PR:000004505":0.0,"PR:000015727":0.0,"none_suitable":1.0}	jev	jev-1.13.0	efo/v3.94.0	2026-09-28
total errors traversing numeric path (trail #1)	1.000000	1.000000	EFO:0006823	total trans-18:1 fatty acid measurement	{"CHEBI:36459":0.0,"EFO:0001194":0.0,"EFO:0002048":0.0,"EFO:0006823":0.0,"EFO:0008669":0.0,"EFO:0010751":0.0,"EFO:0803039":0.0,"MONDO:0007130":0.0,"OBA:2043305":0.0,"OBA:2050236":0.0,"none_suitable":1.0}	jev	jev-1.13.0	efo/v3.94.0	2026-09-28
total traffic load on major roads	1.000000	1.000000	EFO:0009305	total glycated albumin	{"EFO:0004536":0.0,"EFO:0004574":0.0,"EFO:0009305":0.0,"EFO:0022162":0.0,"EFO:0022163":0.0,"EFO:0022167":0.0,"EFO:0022175":0.0,"EFO:0022177":0.0,"EFO:0022236":0.0,"EFO:0022244":0.0,"none_suitable":1.0}	jev	jev-1.13.0	efo/v3.94.0	2026-09-28
traffic intensity on the nearest major road	0.880000	0.760000	EFO:0007908	traffic air pollution measurement	{"EFO:0000391":0.0,"EFO:0001444":0.0,"EFO:0006938":0.0,"EFO:0007908":0.12,"EFO:0009931":0.0,"MONDO:0003853":0.0,"MONDO:0006284":0.0,"MONDO:0006286":0.0,"OBA:2045230":0.0,"UO:0000007":0.0,"none_suitable":0.88}	jev	jev-1.13.0	efo/v3.94.0	2026-09-28
transport type for commuting to job workplace: car/motor vehicle	1.000000	1.000000	EFO:0000732	vehicle role	{"EFO:0000732":0.0,"EFO:0022182":0.0,"EFO:0022186":0.0,"EFO:0920026":0.0,"MONDO:0007487":0.0,"MONDO:0010943":0.0,"MONDO:0011498":0.0,"MONDO:0012402":0.0,"MONDO:0012801":0.0,"OBA:2055819":0.0,"none_suitable":1.0}	jev	jev-1.13.0	efo/v3.94.0	2026-09-28
transport type for commuting to job workplace: cycle	0.980000	0.960000	EFO:0009822	ability to walk or cycle unaided for 10 minutes, self-reported	{"EFO:0000483":0.0,"EFO:0001744":0.0,"EFO:0005109":0.0,"EFO:0005521":0.0,"EFO:0009822":0.02,"GO:0006099":0.0,"MONDO:0007487":0.0,"MONDO:0010943":0.0,"MONDO:0011498":0.0,"OBA:VT0005450":0.0,"none_suitable":0.98}	jev	jev-1.13.0	efo/v3.94.0	2026-09-28
transport type for commuting to job workplace: none of the above	1.000000	1.000000	EFO:0005241	employment status	{"EFO:0005241":0.0,"MONDO:0002466":0.0,"MONDO:0003724":0.0,"MONDO:0005037":0.0,"MONDO:0005467":0.0,"MONDO:0020597":0.0,"MONDO:0022742":0.0,"MONDO:0100366":0.0,"OBA:2040109":0.0,"OBA:2054114":0.0,"none_suitable":1.0}	jev	jev-1.13.0	efo/v3.94.0	2026-09-28
transport type for commuting to job workplace: public transport	1.000000	1.000000	GO:0030133	transport vesicle	{"EFO:0000324":0.0,"EFO:0005168":0.0,"EFO:0005521":0.0,"EFO:0007881":0.0,"EFO:0009723":0.0,"GO:0006909":0.0,"GO:0030133":0.0,"MONDO:0007487":0.0,"MONDO:0010943":0.0,"MONDO:0011498":0.0,"none_suitable":1.0}	jev	jev-1.13.0	efo/v3.94.0	2026-09-28
transport type for commuting to job workplace: walk	0.990000	0.980000	EFO:0009822	ability to walk or cycle unaided for 10 minutes, self-reported	{"EFO:0000483":0.0,"EFO:0005109":0.0,"EFO:0005521":0.0,"EFO:0009822":0.01,"EFO:0600081":0.0,"HP:0002505":0.0,"HP:0002540":0.0,"HP:0006915":0.0,"HP:0031936":0.0,"OBA:VT0005450":0.0,"none_suitable":0.99}	jev	jev-1.13.0	efo/v3.94.0	2026-09-28
treatment speciality of consultant (recoded): accident & emergency (a&e)	0.900000	0.800000	EFO:0001732	consultant	{"CHEBI:63490":0.0,"EFO:0001732":0.1,"EFO:0004278":0.0,"EFO:0009291":0.0,"MONDO:0004781":0.0,"MONDO:0005044":0.0,"MONDO:0008269":0.0,"MONDO:0008270":0.0,"OBA:2051965":0.0,"PATO:0001236":0.0,"none_suitable":0.9}	jev	jev-1.13.0	efo/v3.94.0	2026-09-28
treatment speciality of consultant (recoded): adult mental illness	0.860000	0.810000	MONDO:0005084	mental disorder	{"EFO:0001732":0.05,"HP:0011446":0.0,"MONDO:0001907":0.0,"MONDO:0002009":0.0,"MONDO:0002025":0.04,"MONDO:0003516":0.0,"MONDO:0003585":0.0,"MONDO:0005084":0.05,"MONDO:0005485":0.0,"MONDO:0005503":0.0,"none_suitable":0.86}	jev	jev-1.13.0	efo/v3.94.0	2026-09-28
treatment speciality of consultant (recoded): anaesthetics	0.950000	0.920000	EFO:0001732	consultant	{"CHEBI:38870":0.0,"CHEBI:38877":0.0,"EFO:0000369":0.0,"EFO:0000727":0.0,"EFO:0001732":0.03,"EFO:0003969":0.0,"EFO:0005643":0.01,"EFO:0007056":0.0,"EFO:0009868":0.01,"EFO:0021779":0.0,"none_suitable":0.95}	jev	jev-1.13.0	efo/v3.94.0	2026-09-28
treatment speciality of consultant (recoded): breast surgery	1.000000	1.000000	HP:0000769	Abnormality of the breast	{"EFO:1000848":0.0,"HP:0000769":0.0,"MONDO:0000970":0.0,"MONDO:0002657":0.0,"MONDO:0003126":0.0,"MONDO:0003593":0.0,"MONDO:0006118":0.0,"MONDO:0021100":0.0,"OBA:1000025":0.0,"OBA:2050191":0.0,"none_suitable":1.0}	jev	jev-1.13.0	efo/v3.94.0	2026-09-28
treatment speciality of consultant (recoded): cardiac surgery	1.000000	1.000000	EFO:0010673	cardiac transplant	{"EFO:0003951":0.0,"EFO:0010673":0.0,"EFO:0022611":0.0,"EFO:0600009":0.0,"EFO:1001771":0.0,"GO:0003015":0.0,"GO:0008016":0.0,"MONDO:0000813":0.0,"MONDO:0001707":0.0,"MONDO:0005267":0.0,"none_suitable":1.0}	jev	jev-1.13.0	efo/v3.94.0	2026-09-28
treatment speciality of consultant (recoded): cardiology	0.920000	0.850000	EFO:0001732	consultant	{"EFO:0000727":0.0,"EFO:0001732":0.07,"EFO:0003951":0.0,"EFO:0003969":0.0,"EFO:0007056":0.0,"EFO:0021779":0.0,"EO:0001001":0.0,"MONDO:0004995":0.01,"MONDO:0005267":0.0,"MONDO:0006715":0.0,"none_suitable":0.92}	jev	jev-1.13.0	efo/v3.94.0	2026-09-28
treatment speciality of consultant (recoded): cardiothoracic surgery	0.900000	0.800000	EFO:0001732	consultant	{"EFO:0000727":0.0,"EFO:0001732":0.1,"EFO:0003951":0.0,"EFO:0003969":0.0,"EFO:0007056":0.0,"EFO:0009580":0.0,"EFO:0021779":0.0,"EFO:0022928":0.0,"MONDO:0004995":0.0,"MONDO:0005267":0.0,"none_suitable":0.9}	jev	jev-1.13.0	efo/v3.94.0	2026-09-28
treatment speciality of consultant (recoded): clinical haematology	0.890000	0.780000	EFO:0001732	consultant	{"EFO:0000355":0.0,"EFO:0000727":0.0,"EFO:0001732":0.11,"EFO:0002883":0.0,"EFO:0004503":0.0,"EFO:0007056":0.0,"EFO:0021779":0.0,"MONDO:0005570":0.0,"OBA:1000617":0.0,"UBERON:0002390":0.0,"none_suitable":0.89}	jev	jev-1.13.0	efo/v3.94.0	2026-09-28
treatment speciality of consultant (recoded): clinical oncology	0.880000	0.760000	EFO:0001732	consultant	{"CL:0001063":0.0,"EFO:0000355":0.0,"EFO:0000727":0.0,"EFO:0001732":0.12,"EFO:0003969":0.0,"EFO:0007056":0.0,"EFO:0021779":0.0,"MONDO:0020665":0.0,"MONDO:0024881":0.0,"MONDO:0045054":0.0,"none_suitable":0.88}	jev	jev-1.13.0	efo/v3.94.0	2026-09-28
treatment speciality of consultant (recoded): colorectal surgery	0.930000	0.860000	EFO:0020979	digestive system surgery	{"EFO:0008460":0.0,"EFO:0020979":0.07,"EFO:0021779":0.0,"MONDO:0005008":0.0,"MONDO:0005335":0.0,"MONDO:0005484":0.0,"MONDO:0005575":0.0,"MONDO:0021392":0.0,"MONDO:0021444":0.0,"MONDO:0024659":0.0,"none_suitable":0.93}	jev	jev-1.13.0	efo/v3.94.0	2026-09-28
treatment speciality of consultant (recoded): dermatology	0.910000	0.820000	EFO:0001732	consultant	{"CHEBI:50177":0.0,"EFO:0000727":0.0,"EFO:0001732":0.09,"EFO:0003969":0.0,"EFO:0007056":0.0,"EFO:0021779":0.0,"HP:0001574":0.0,"HP:0011122":0.0,"MONDO:0005093":0.0,"OBA:0002174":0.0,"none_suitable":0.91}	jev	jev-1.13.0	efo/v3.94.0	2026-09-28
treatment speciality of consultant (recoded): ear, nose and throat (ent)	0.950000	0.900000	MONDO:0024623	otorhinolaryngologic disease	{"EFO:0000524":0.0,"EFO:0009479":0.0,"HP:0000152":0.0,"MONDO:0000587":0.0,"MONDO:0002038":0.0,"MONDO:0002409":0.0,"MONDO:0003276":0.0,"MONDO:0015476":0.0,"MONDO:0021205":0.0,"MONDO:0024623":0.05,"none_suitable":0.95}	jev	jev-1.13.0	efo/v3.94.0	2026-09-28
treatment speciality of consultant (recoded): endocrinology	0.930000	0.860000	EFO:0001732	consultant	{"EFO:0000727":0.0,"EFO:0001732":0.07,"EFO:0003969":0.0,"EFO:0007056":0.0,"EFO:0021779":0.0,"GO:0046883":0.0,"GO:0070092":0.0,"HP:0000818":0.0,"MONDO:0015126":0.0,"UBERON:0001053":0.0,"none_suitable":0.93}	jev	jev-1.13.0	efo/v3.94.0	2026-09-28
treatment speciality of consultant (recoded): gastroenterology	0.930000	0.860000	EFO:0001732	consultant	{"EFO:0000727":0.0,"EFO:0001732":0.07,"EFO:0003969":0.0,"EFO:0007056":0.0,"EFO:0010282":0.0,"EFO:0021779":0.0,"GO:2000292":0.0,"MONDO:0005020":0.0,"MONDO:0005768":0.0,"UBERON:0001007":0.0,"none_suitable":0.93}	jev	jev-1.13.0	efo/v3.94.0	2026-09-28
treatment speciality of consultant (recoded): general medicine	0.900000	0.820000	EFO:0001732	consultant	{"EFO:0000727":0.0,"EFO:0001732":0.08,"EFO:0003969":0.0,"EFO:0007058":0.0,"EFO:0009517":0.0,"EFO:0009740":0.02,"EFO:0021779":0.0,"MONDO:0005044":0.0,"OBA:2050980":0.0,"OBA:2052757":0.0,"none_suitable":0.9}	jev	jev-1.13.0	efo/v3.94.0	2026-09-28
treatment speciality of consultant (recoded): general surgery	0.890000	0.810000	EFO:0001732	consultant	{"EFO:0000727":0.0,"EFO:0001732":0.08,"EFO:0003953":0.0,"EFO:0007056":0.0,"EFO:0009580":0.0,"EFO:0009744":0.0,"EFO:0009789":0.0,"EFO:0020979":0.03,"EFO:0021779":0.0,"OBA:2050980":0.0,"none_suitable":0.89}	jev	jev-1.13.0	efo/v3.94.0	2026-09-28
treatment speciality of consultant (recoded): geriatric medicine	0.930000	0.870000	EFO:0001732	consultant	{"EFO:0000727":0.0,"EFO:0001732":0.06,"EFO:0003969":0.0,"EFO:0007056":0.01,"EFO:0021779":0.0,"EO:0001001":0.0,"EO:0007068":0.0,"HP:0000083":0.0,"HP:0002180":0.0,"MONDO:0001987":0.0,"none_suitable":0.93}	jev	jev-1.13.0	efo/v3.94.0	2026-09-28
treatment speciality of consultant (recoded): gynaecology	0.930000	0.860000	EFO:0001732	consultant	{"EFO:0000727":0.0,"EFO:0001732":0.07,"EFO:0003969":0.0,"EFO:0007056":0.0,"EFO:0021779":0.0,"HP:0000008":0.0,"MONDO:0002263":0.0,"MONDO:0002946":0.0,"MONDO:0005039":0.0,"UBERON:0000474":0.0,"none_suitable":0.93}	jev	jev-1.13.0	efo/v3.94.0	2026-09-28
treatment speciality of consultant (recoded): infectious diseases	0.920000	0.840000	MONDO:0005550	infectious disease	{"BTO:0000152":0.0,"EFO:0000648":0.0,"MONDO:0000314":0.0,"MONDO:0000316":0.0,"MONDO:0002657":0.0,"MONDO:0004369":0.0,"MONDO:0005113":0.0,"MONDO:0005550":0.08,"MONDO:0005766":0.0,"MONDO:0021669":0.0,"none_suitable":0.92}	jev	jev-1.13.0	efo/v3.94.0	2026-09-28
treatment speciality of consultant (recoded): maxillo-facial surgery	1.000000	1.000000	MONDO:0023369	disorder of facial skeleton	{"EFO:0004823":0.0,"EFO:0009468":0.0,"HP:0011821":0.0,"HP:0030791":0.0,"MONDO:0001818":0.0,"MONDO:0001835":0.0,"MONDO:0005473":0.0,"MONDO:0005841":0.0,"MONDO:0023369":0.0,"OBA:VT0003743":0.0,"none_suitable":1.0}	jev	jev-1.13.0	efo/v3.94.0	2026-09-28
treatment speciality of consultant (recoded): medical oncology	0.960000	0.920000	EFO:0001732	consultant	{"EFO:0000727":0.0,"EFO:0001732":0.04,"EFO:0003969":0.0,"EFO:0007056":0.0,"EFO:0008339":0.0,"EFO:0021779":0.0,"MONDO:0004992":0.0,"MONDO:0024881":0.0,"MONDO:0024882":0.0,"MONDO:0045054":0.0,"none_suitable":0.96}	jev	jev-1.13.0	efo/v3.94.0	2026-09-28
treatment speciality of consultant (recoded): midwife episode	0.890000	0.780000	EFO:0001732	consultant	{"EFO:0000727":0.0,"EFO:0001732":0.11,"EFO:0003969":0.0,"EFO:0007056":0.0,"EFO:0010270":0.0,"EFO:0021779":0.0,"EFO:0920061":0.0,"MONDO:0002654":0.0,"MONDO:0700003":0.0,"MONDO:1060204":0.0,"none_suitable":0.89}	jev	jev-1.13.0	efo/v3.94.0	2026-09-28
treatment speciality of consultant (recoded): nephrology	0.930000	0.860000	EFO:0001732	consultant	{"EFO:0000727":0.0,"EFO:0001732":0.07,"EFO:0003969":0.0,"EFO:0007056":0.0,"EFO:0021779":0.0,"HP:0000112":0.0,"MONDO:0002118":0.0,"MONDO:0005240":0.0,"OBA:2050015":0.0,"UBERON:0001008":0.0,"none_suitable":0.93}	jev	jev-1.13.0	efo/v3.94.0	2026-09-28
treatment speciality of consultant (recoded): neurology	0.890000	0.780000	EFO:0001732	consultant	{"EFO:0000727":0.0,"EFO:0001732":0.11,"EFO:0002963":0.0,"EFO:0003969":0.0,"EFO:0007056":0.0,"EFO:0021779":0.0,"EO:0001001":0.0,"MONDO:0002602":0.0,"MONDO:0005071":0.0,"UBERON:0001016":0.0,"none_suitable":0.89}	jev	jev-1.13.0	efo/v3.94.0	2026-09-28
treatment speciality of consultant (recoded): neurosurgery	0.890000	0.790000	EFO:0001732	consultant	{"EFO:0000727":0.0,"EFO:0001732":0.1,"EFO:0003969":0.0,"EFO:0007056":0.01,"EFO:0021779":0.0,"EO:0001001":0.0,"FBbt:00015256":0.0,"MONDO:0002602":0.0,"MONDO:0005071":0.0,"MONDO:0044745":0.0,"none_suitable":0.89}	jev	jev-1.13.0	efo/v3.94.0	2026-09-28
treatment speciality of consultant (recoded): ophthalmology	0.939394	0.888889	EFO:0001732	consultant	{"EFO:0000727":0.0,"EFO:0001732":0.050505050505050504,"EFO:0003969":0.0,"EFO:0007056":0.0,"EFO:0010679":0.0,"EFO:0010722":0.0101010101010101,"EFO:0021779":0.0,"HP:0000478":0.0,"MONDO:0005328":0.0,"MONDO:0006875":0.0,"none_suitable":0.9393939393939393}	jev	jev-1.13.0	efo/v3.94.0	2026-09-28
treatment speciality of consultant (recoded): oral surgery	0.970000	0.940000	EFO:0020979	digestive system surgery	{"EFO:0020979":0.03,"HP:0000153":0.0,"MONDO:0005886":0.0,"MONDO:0005887":0.0,"MONDO:0006858":0.0,"MONDO:0015476":0.0,"MONDO:0021245":0.0,"MONDO:0021445":0.0,"OBA:VT0000452":0.0,"UBERON:0001729":0.0,"none_suitable":0.97}	jev	jev-1.13.0	efo/v3.94.0	2026-09-28
treatment speciality of consultant (recoded): pain management	0.970000	0.940000	EFO:0007056	clinical treatment	{"EFO:0007056":0.03,"EFO:0008339":0.0,"EFO:0010639":0.0,"GO:0019233":0.0,"GO:0051930":0.0,"GO:1904057":0.0,"GO:1904058":0.0,"HP:0003418":0.0,"HP:0010832":0.0,"HP:0030834":0.0,"none_suitable":0.97}	jev	jev-1.13.0	efo/v3.94.0	2026-09-28
treatment speciality of consultant (recoded): plastic surgery	0.930000	0.890000	EFO:0001732	consultant	{"EFO:0000727":0.0,"EFO:0001732":0.04,"EFO:0003953":0.0,"EFO:0007056":0.0,"EFO:0009580":0.0,"EFO:0020978":0.03,"EFO:0020979":0.0,"EFO:0020987":0.0,"EFO:0021779":0.0,"MONDO:0001335":0.0,"none_suitable":0.93}	jev	jev-1.13.0	efo/v3.94.0	2026-09-28
treatment speciality of consultant (recoded): respiratory medicine	1.000000	1.000000	HP:0002086	Abnormality of the respiratory system	{"EFO:0007939":0.0,"EFO:0009834":0.0,"EFO:0009839":0.0,"EFO:0011060":0.0,"HP:0002086":0.0,"MONDO:0000270":0.0,"MONDO:0004867":0.0,"MONDO:0005087":0.0,"Orphanet:183622":0.0,"UBERON:0000065":0.0,"none_suitable":1.0}	jev	jev-1.13.0	efo/v3.94.0	2026-09-28
treatment speciality of consultant (recoded): rheumatology	0.920000	0.840000	EFO:0001732	consultant	{"EFO:0000727":0.0,"EFO:0001732":0.08,"EFO:0003969":0.0,"EFO:0007056":0.0,"EFO:0021779":0.0,"EFO:0022379":0.0,"HP:0001370":0.0,"HP:0003040":0.0,"MONDO:0006816":0.0,"MONDO:0019735":0.0,"none_suitable":0.92}	jev	jev-1.13.0	efo/v3.94.0	2026-09-28
treatment speciality of consultant (recoded): thoracic medicine	0.920000	0.840000	EFO:0001732	consultant	{"EFO:0001732":0.08,"HP:0002943":0.0,"HP:0005659":0.0,"MONDO:0000634":0.0,"MONDO:0003274":0.0,"MONDO:0015929":0.0,"MONDO:0021350":0.0,"OBA:VT0015059":0.0,"UBERON:0001515":0.0,"UBERON:0002224":0.0,"none_suitable":0.92}	jev	jev-1.13.0	efo/v3.94.0	2026-09-28
treatment speciality of consultant (recoded): trauma & orthopaedics	0.970000	0.940000	EFO:0009577	orthopedic nursing	{"EFO:0009577":0.03,"EFO:0009622":0.0,"EFO:0009888":0.0,"EFO:0021779":0.0,"MONDO:0000836":0.0,"MONDO:0005172":0.0,"MONDO:0005315":0.0,"MONDO:0021178":0.0,"MONDO:0043510":0.0,"MONDO:0044745":0.0,"none_suitable":0.97}	jev	jev-1.13.0	efo/v3.94.0	2026-09-28
treatment speciality of consultant (recoded): urology	0.890000	0.790000	EFO:0001732	consultant	{"EFO:0000727":0.0,"EFO:0001732":0.1,"EFO:0003969":0.0,"EFO:0007056":0.01,"EFO:0009663":0.0,"EFO:0021779":0.0,"EO:0001001":0.0,"HP:0000079":0.0,"MONDO:0001730":0.0,"MONDO:0004184":0.0,"none_suitable":0.89}	jev	jev-1.13.0	efo/v3.94.0	2026-09-28
treatment speciality of consultant (recoded): vascular surgery	0.990000	0.980000	EFO:0010672	blood vessel replacement	{"EFO:0010672":0.01,"EFO:0011062":0.0,"EFO:0700100":0.0,"HP:0002597":0.0,"MONDO:0005385":0.0,"MONDO:0020674":0.0,"MONDO:0021658":0.0,"MONDO:0022293":0.0,"MONDO:0024291":0.0,"UBERON:0001981":0.0,"none_suitable":0.99}	jev	jev-1.13.0	efo/v3.94.0	2026-09-28
treatment/medication code: bendrofluazide	0.860000	0.730000	EFO:0007056	clinical treatment	{"CHEBI:27999":0.0,"CHEBI:47612":0.0,"CHEBI:5441":0.0,"CHEBI:6343":0.0,"CHEBI:73177":0.0,"EFO:0000727":0.01,"EFO:0003969":0.0,"EFO:0007056":0.13,"EO:0001001":0.0,"EO:0007068":0.0,"none_suitable":0.86}	jev	jev-1.13.0	efo/v3.94.0	2026-09-28
treatment/medication code: calcium salts	0.920000	0.850000	EFO:0006521	calcium intake measurement	{"CHEBI:22984":0.0,"CHEBI:22986":0.0,"CHEBI:29320":0.0,"CHEBI:3312":0.01,"EFO:0004838":0.0,"EFO:0006521":0.07,"GO:0055074":0.0,"HP:0003127":0.0,"MONDO:0005557":0.0,"MONDO:0017323":0.0,"none_suitable":0.92}	jev	jev-1.13.0	efo/v3.94.0	2026-09-28
treatment/medication code: calcium+vitamin d 500units tablet	0.960000	0.930000	EFO:0006521	calcium intake measurement	{"CHEBI:27300":0.01,"CHEBI:29320":0.0,"CHEBI:3312":0.0,"EFO:0004838":0.0,"EFO:0006521":0.03,"HP:0003127":0.0,"MONDO:0017323":0.0,"Orphanet:289157":0.0,"PR:000004967":0.0,"PR:P05937":0.0,"none_suitable":0.96}	jev	jev-1.13.0	efo/v3.94.0	2026-09-28
treatment/medication code: cerazette 75micrograms tablet	0.880000	0.770000	EFO:0007056	clinical treatment	{"CHEBI:3387":0.0,"CHEBI:3766":0.0,"CHEBI:474053":0.0,"CHEBI:47804":0.0,"CHEBI:64050":0.0,"EFO:0000727":0.01,"EFO:0003969":0.0,"EFO:0007056":0.11,"EO:0001001":0.0,"EO:0007068":0.0,"none_suitable":0.88}	jev	jev-1.13.0	efo/v3.94.0	2026-09-28
treatment/medication code: co-enzyme q10/ubiquinone/bio-quinone/coenzyme q10	0.870000	0.750000	EFO:0007836	coenzyme Q10 measurement	{"EFO:0007836":0.12,"GO:0006744":0.0,"MONDO:0018151":0.01,"MONDO:0100133":0.0,"OBA:2041103":0.0,"PR:000005749":0.0,"PR:000005755":0.0,"PR:000005756":0.0,"PR:000005757":0.0,"PR:Q9Y2Z9":0.0,"none_suitable":0.87}	jev	jev-1.13.0	efo/v3.94.0	2026-09-28
treatment/medication code: codeine	0.860000	0.790000	EFO:0007056	clinical treatment	{"CHEBI:27958":0.0,"CHEBI:9648":0.02,"EFO:0000727":0.01,"EFO:0003969":0.0,"EFO:0005636":0.0,"EFO:0005643":0.04,"EFO:0005645":0.0,"EFO:0005647":0.0,"EFO:0007056":0.06999999999999999,"EO:0001001":0.0,"none_suitable":0.86}	jev	jev-1.13.0	efo/v3.94.0	2026-09-28
treatment/medication code: fexofenadine	0.880000	0.770000	EFO:0007056	clinical treatment	{"CHEBI:38593":0.0,"CHEBI:45951":0.0,"CHEBI:5002":0.0,"CHEBI:5123":0.0,"CHEBI:585948":0.0,"EFO:0000727":0.01,"EFO:0003969":0.0,"EFO:0007056":0.11,"EO:0001001":0.0,"EO:0007068":0.0,"none_suitable":0.88}	jev	jev-1.13.0	efo/v3.94.0	2026-09-28
treatment/medication code: folic acid product	0.860000	0.740000	CHEBI:27470	folic acid	{"CHEBI:27470":0.12,"EFO:0001070":0.01,"EO:0007105":0.01,"GO:0008517":0.0,"GO:0015884":0.0,"GO:0046655":0.0,"MONDO:0001860":0.0,"MONDO:0009238":0.0,"OBA:1001015":0.0,"OBA:2045373":0.0,"none_suitable":0.86}	jev	jev-1.13.0	efo/v3.94.0	2026-09-28
treatment/medication code: free-text entry, unable to be coded	1.000000	1.000000	EFO:0005350	GM19099	{"EFO:0001124":0.0,"EFO:0001125":0.0,"EFO:0001126":0.0,"EFO:0005346":0.0,"EFO:0005350":0.0,"EFO:0022278":0.0,"EFO:0022279":0.0,"EFO:0022280":0.0,"EFO:0022281":0.0,"MONDO:0009198":0.0,"none_suitable":1.0}	jev	jev-1.13.0	efo/v3.94.0	2026-09-28
treatment/medication code: indapamide	0.870000	0.780000	EFO:0007056	clinical treatment	{"CHEBI:35526":0.0,"CHEBI:3650":0.01,"CHEBI:50504":0.02,"CHEBI:5441":0.0,"EFO:0000727":0.01,"EFO:0003969":0.0,"EFO:0004087":0.0,"EFO:0007056":0.09,"EO:0001001":0.0,"EO:0007068":0.0,"none_suitable":0.87}	jev	jev-1.13.0	efo/v3.94.0	2026-09-28
treatment/medication code: iron product	0.990000	0.980000	EO:0001047	limited iron regimen	{"EFO:0004461":0.0,"EFO:0005882":0.0,"EO:0001047":0.01,"HP:0011031":0.0,"MONDO:0017763":0.0,"MONDO:0800385":0.0,"MONDO:0859316":0.0,"OBA:2050055":0.0,"OBA:VT0001770":0.0,"OBA:VT0008739":0.0,"none_suitable":0.99}	jev	jev-1.13.0	efo/v3.94.0	2026-09-28
treatment/medication code: mebeverine	0.850000	0.720000	EFO:0007056	clinical treatment	{"CHEBI:61276":0.01,"CHEBI:6904":0.0,"CHEBI:9948":0.0,"EFO:0000727":0.01,"EFO:0003969":0.0,"EFO:0006286":0.0,"EFO:0007056":0.13,"EFO:0022534":0.0,"EO:0001001":0.0,"EO:0007068":0.0,"none_suitable":0.85}	jev	jev-1.13.0	efo/v3.94.0	2026-09-28
treatment/medication code: minerals - magnesium	0.880000	0.820000	CHEBI:6636	magnesium dichloride	{"CHEBI:25107":0.01,"CHEBI:46662":0.01,"CHEBI:6636":0.06,"EFO:0004845":0.03,"EFO:0007903":0.0,"EFO:0008449":0.0,"GO:0010960":0.0,"GO:0015693":0.0,"MONDO:0006844":0.01,"MONDO:0017765":0.0,"none_suitable":0.88}	jev	jev-1.13.0	efo/v3.94.0	2026-09-28
treatment/medication code: nasonex 0.05% aqueous nasal spray	0.850000	0.700000	EFO:0000727	treatment	{"CHEBI:232968":0.0,"CHEBI:34988":0.0,"CHEBI:44445":0.0,"EFO:0000727":0.15,"EFO:0003969":0.0,"EFO:0006965":0.0,"EFO:0006967":0.0,"PO:0007015":0.0,"PR:000016501":0.0,"UBERON:2005093":0.0,"none_suitable":0.85}	jev	jev-1.13.0	efo/v3.94.0	2026-09-28
treatment/medication code: salbutamol 100micrograms spacehaler	0.850000	0.740000	EFO:0007056	clinical treatment	{"CHEBI:9011":0.01,"EFO:0000727":0.0,"EFO:0003969":0.0,"EFO:0005645":0.02,"EFO:0007056":0.11,"EFO:0007614":0.0,"EFO:0010062":0.01,"EO:0001001":0.0,"EO:0007068":0.0,"MONDO:0004766":0.0,"none_suitable":0.85}	jev	jev-1.13.0	efo/v3.94.0	2026-09-28
treatment/medication code: viscotears liquid eye gel	0.870000	0.750000	EFO:0000727	treatment	{"EFO:0000727":0.12,"EFO:0003969":0.01,"EFO:0004731":0.0,"FBbt:10005249":0.0,"MONDO:0005552":0.0,"MONDO:0020950":0.0,"UBERON:0000964":0.0,"UBERON:0001773":0.0,"UBERON:0001776":0.0,"UBERON:0001798":0.0,"none_suitable":0.87}	jev	jev-1.13.0	efo/v3.94.0	2026-09-28
treatment/medication code: vitamin b12 preparation	0.980000	0.960000	EFO:0004620	vitamin B12 measurement	{"EFO:0004620":0.02,"EFO:0004621":0.0,"EFO:0004729":0.0,"EFO:0004843":0.0,"EFO:0020078":0.0,"EFO:0020079":0.0,"GO:0009235":0.0,"GO:0015889":0.0,"HP:0100502":0.0,"MONDO:0020696":0.0,"none_suitable":0.98}	jev	jev-1.13.0	efo/v3.94.0	2026-09-28
trunk fat-free mass	0.960000	0.940000	OBA:VT0010482	body fat mass	{"EFO:0004341":0.02,"EFO:0020098":0.0,"EFO:0020105":0.0,"OBA:0004528":0.0,"OBA:2050198":0.0,"OBA:VT0010482":0.02,"UBERON:0001347":0.0,"UBERON:0003916":0.0,"UBERON:0035814":0.0,"UBERON:0035818":0.0,"none_suitable":0.96}	jev	jev-1.13.0	efo/v3.94.0	2026-09-28
trunk predicted mass	0.910000	0.860000	EFO:0004995	lean body mass	{"EFO:0004980":0.0,"EFO:0004995":0.05,"EFO:0020105":0.01,"OBA:0004528":0.0,"OBA:1001085":0.0,"OBA:VT0004257":0.0,"OBA:VT0005007":0.0,"OBA:VT0010482":0.01,"OBA:VT0015059":0.0,"PATO:0000125":0.02,"none_suitable":0.91}	jev	jev-1.13.0	efo/v3.94.0	2026-09-28
turnip/swede intake	1.000000	1.000000	EFO:0020897	citrus intake measurement	{"EFO:0009374":0.0,"EFO:0020077":0.0,"EFO:0020080":0.0,"EFO:0020081":0.0,"EFO:0020082":0.0,"EFO:0020086":0.0,"EFO:0020087":0.0,"EFO:0020088":0.0,"EFO:0020089":0.0,"EFO:0020897":0.0,"none_suitable":1.0}	jev	jev-1.13.0	efo/v3.94.0	2026-09-28
type of baguette eaten: mixed	1.000000	1.000000	MONDO:0006038	indeterminate colitis	{"EFO:0005166":0.0,"EFO:0009150":0.0,"MONDO:0003954":0.0,"MONDO:0006038":0.0,"MONDO:0957408":0.0,"NCBITaxon:3714":0.0,"NCBITaxon:3885":0.0,"NCBITaxon:4502":0.0,"NCBITaxon:4558":0.0,"PATO:0002002":0.0,"none_suitable":1.0}	jev	jev-1.13.0	efo/v3.94.0	2026-09-28
type of baguette eaten: white	1.000000	1.000000	MONDO:0006038	indeterminate colitis	{"CHEBI:47612":0.0,"EFO:0005166":0.0,"HP:0002290":0.0,"MONDO:0003954":0.0,"MONDO:0006038":0.0,"MONDO:0957408":0.0,"NCBITaxon:3505":0.0,"NCBITaxon:3714":0.0,"NCBITaxon:3885":0.0,"NCBITaxon:4558":0.0,"none_suitable":1.0}	jev	jev-1.13.0	efo/v3.94.0	2026-09-28
type of baguette eaten: wholemeal	1.000000	1.000000	MONDO:0006038	indeterminate colitis	{"CHEBI:47612":0.0,"MONDO:0003954":0.0,"MONDO:0006038":0.0,"MONDO:0957408":0.0,"NCBITaxon:3714":0.0,"NCBITaxon:3885":0.0,"NCBITaxon:412675":0.0,"NCBITaxon:4558":0.0,"PATO:0002002":0.0,"PO:0007038":0.0,"none_suitable":1.0}	jev	jev-1.13.0	efo/v3.94.0	2026-09-28
type of bread roll eaten: mixed	1.000000	1.000000	MONDO:0006038	indeterminate colitis	{"EFO:0009150":0.0,"HANCESTRO:0619":0.0,"MONDO:0003954":0.0,"MONDO:0006038":0.0,"MONDO:0957408":0.0,"NCBITaxon:3714":0.0,"NCBITaxon:3750":0.0,"NCBITaxon:381124":0.0,"NCBITaxon:4641":0.0,"PATO:0002002":0.0,"none_suitable":1.0}	jev	jev-1.13.0	efo/v3.94.0	2026-09-28
type of bread roll eaten: white	1.000000	1.000000	HANCESTRO:0590	European American	{"EFO:0006884":0.0,"EFO:0020088":0.0,"HANCESTRO:0005":0.0,"HANCESTRO:0590":0.0,"HP:0002290":0.0,"MONDO:0003954":0.0,"MONDO:0006038":0.0,"MONDO:0015748":0.0,"MONDO:0022538":0.0,"MONDO:0957408":0.0,"none_suitable":1.0}	jev	jev-1.13.0	efo/v3.94.0	2026-09-28
type of bread roll eaten: wholemeal	1.000000	1.000000	MONDO:0006038	indeterminate colitis	{"EFO:0009150":0.0,"MONDO:0003954":0.0,"MONDO:0006038":0.0,"MONDO:0957408":0.0,"NCBITaxon:381124":0.0,"NCBITaxon:4641":0.0,"OBA:2045292":0.0,"PATO:0002002":0.0,"PO:0007038":0.0,"PO:0009089":0.0,"none_suitable":1.0}	jev	jev-1.13.0	efo/v3.94.0	2026-09-28
type of cancer: icd10: c50.9 breast, unspecified	0.970000	0.960000	EFO:0009782	progesterone-receptor positive breast cancer	{"EFO:0002885":0.0,"EFO:0005603":0.01,"EFO:0009782":0.01,"MONDO:0000618":0.01,"MONDO:0003950":0.0,"MONDO:0003959":0.0,"MONDO:0006043":0.0,"MONDO:0006324":0.0,"MONDO:0045059":0.0,"Orphanet:227535":0.0,"none_suitable":0.97}	jev	jev-1.13.0	efo/v3.94.0	2026-09-28
type of cancer: icd10: c61 malignant neoplasm of prostate	0.900000	0.820000	MONDO:0000993	prostate squamous cell carcinoma	{"BTO:0001130":0.02,"EFO:0002095":0.0,"EFO:0002117":0.0,"EFO:0009640":0.0,"EFO:0022645":0.0,"MONDO:0000376":0.0,"MONDO:0000955":0.0,"MONDO:0000993":0.08,"MONDO:0001350":0.0,"MONDO:0002132":0.0,"none_suitable":0.9}	jev	jev-1.13.0	efo/v3.94.0	2026-09-28
type of fat/oil used in cooking: butter	0.860000	0.720000	CHEBI:18059	lipid	{"CHEBI:18059":0.14,"CL:0002617":0.0,"OBA:0004528":0.0,"OBA:2050198":0.0,"OBA:2050436":0.0,"OBA:2050437":0.0,"OBA:2050492":0.0,"UBERON:0001347":0.0,"UBERON:0001866":0.0,"UBERON:0035818":0.0,"none_suitable":0.86}	jev	jev-1.13.0	efo/v3.94.0	2026-09-28
type of fat/oil used in cooking: cholesterol lowering polyunsaturated margarine	0.980000	0.960000	CHEBI:35366	fatty acid	{"CHEBI:165587":0.0,"CHEBI:32366":0.0,"CHEBI:35366":0.02,"CHEBI:37812":0.0,"OBA:2050396":0.0,"OBA:2050436":0.0,"OBA:2050437":0.0,"OBA:2050492":0.0,"OBA:2050785":0.0,"PR:Q99685":0.0,"none_suitable":0.98}	jev	jev-1.13.0	efo/v3.94.0	2026-09-28
type of fat/oil used in cooking: cooking fat unknown	0.980000	0.970000	EFO:0007678	total fat intake measurement	{"CHEBI:35366":0.0,"CHEBI:78796":0.0,"EFO:0007678":0.01,"EFO:0010809":0.01,"OBA:2050196":0.0,"OBA:2050436":0.0,"OBA:2050437":0.0,"OBA:2050492":0.0,"OBA:2050785":0.0,"UBERON:0001347":0.0,"none_suitable":0.98}	jev	jev-1.13.0	efo/v3.94.0	2026-09-28
type of fat/oil used in cooking: dairy spread	0.950000	0.920000	CHEBI:18059	lipid	{"CHEBI:18059":0.03,"CL:0002617":0.0,"EFO:0007678":0.02,"OBA:2050436":0.0,"OBA:2050437":0.0,"OBA:2050492":0.0,"OBA:2050785":0.0,"OBA:2051137":0.0,"UBERON:0001347":0.0,"UBERON:0001913":0.0,"none_suitable":0.95}	jev	jev-1.13.0	efo/v3.94.0	2026-09-28
type of fat/oil used in cooking: normal fat butter	0.950000	0.900000	CHEBI:18059	lipid	{"CHEBI:18059":0.05,"CHEBI:35366":0.0,"CL:0002617":0.0,"OBA:0004528":0.0,"OBA:2050198":0.0,"OBA:2050436":0.0,"OBA:2050437":0.0,"OBA:2050492":0.0,"UBERON:0001866":0.0,"UBERON:0035818":0.0,"none_suitable":0.95}	jev	jev-1.13.0	efo/v3.94.0	2026-09-28
type of fat/oil used in cooking: olive oil	0.990000	0.980000	CHEBI:35366	fatty acid	{"CHEBI:25048":0.0,"CHEBI:35366":0.01,"EFO:0800332":0.0,"EFO:0800333":0.0,"EFO:0800507":0.0,"OBA:2050436":0.0,"OBA:2050437":0.0,"OBA:2050492":0.0,"OBA:2050785":0.0,"OBA:2051137":0.0,"none_suitable":0.99}	jev	jev-1.13.0	efo/v3.94.0	2026-09-28
type of fat/oil used in cooking: olive spread	0.990000	0.980000	CHEBI:35366	fatty acid	{"CHEBI:116314":0.0,"CHEBI:25048":0.0,"CHEBI:25681":0.0,"CHEBI:35366":0.01,"GO:0012511":0.0,"OBA:2050436":0.0,"OBA:2050437":0.0,"OBA:2050492":0.0,"OBA:2050785":0.0,"OBA:2051137":0.0,"none_suitable":0.99}	jev	jev-1.13.0	efo/v3.94.0	2026-09-28
type of fat/oil used in cooking: polyunsaturated margarine	0.970000	0.950000	CHEBI:35366	fatty acid	{"CHEBI:165587":0.01,"CHEBI:18154":0.0,"CHEBI:32366":0.0,"CHEBI:35366":0.02,"GO:0012511":0.0,"OBA:2050436":0.0,"OBA:2050437":0.0,"OBA:2050492":0.0,"OBA:2050785":0.0,"OBA:2051137":0.0,"none_suitable":0.97}	jev	jev-1.13.0	efo/v3.94.0	2026-09-28
type of fat/oil used in cooking: rapeseed oil	0.960000	0.940000	NCBITaxon:3708	Brassica napus	{"CHEBI:35366":0.02,"GO:0012511":0.0,"NCBITaxon:3708":0.02,"NCBITaxon:3712":0.0,"OBA:2050436":0.0,"OBA:2050437":0.0,"OBA:2050492":0.0,"OBA:2050785":0.0,"OBA:2051137":0.0,"UBERON:0001347":0.0,"none_suitable":0.96}	jev	jev-1.13.0	efo/v3.94.0	2026-09-28
type of fat/oil used in cooking: spreadable butter	0.930000	0.860000	CHEBI:18059	lipid	{"CHEBI:18059":0.07,"CL:0002617":0.0,"OBA:0004528":0.0,"OBA:2050198":0.0,"OBA:2050436":0.0,"OBA:2050437":0.0,"OBA:2050492":0.0,"UBERON:0001347":0.0,"UBERON:0001866":0.0,"UBERON:0035818":0.0,"none_suitable":0.93}	jev	jev-1.13.0	efo/v3.94.0	2026-09-28
type of fat/oil used in cooking: sunflower oil	0.870000	0.750000	CHEBI:18059	lipid	{"CHEBI:18059":0.12,"CHEBI:35366":0.01,"GO:0012511":0.0,"OBA:2050436":0.0,"OBA:2050437":0.0,"OBA:2050492":0.0,"OBA:2050785":0.0,"OBA:2051137":0.0,"UBERON:0001347":0.0,"UBERON:0001866":0.0,"none_suitable":0.87}	jev	jev-1.13.0	efo/v3.94.0	2026-09-28
type of fat/oil used in cooking: vegetable oil	0.850000	0.710000	CHEBI:18059	lipid	{"CHEBI:18059":0.14,"CHEBI:35366":0.01,"CHEBI:37257":0.0,"GO:0012511":0.0,"OBA:2050436":0.0,"OBA:2050437":0.0,"OBA:2050492":0.0,"OBA:2050785":0.0,"OBA:2051137":0.0,"UBERON:0001347":0.0,"none_suitable":0.85}	jev	jev-1.13.0	efo/v3.94.0	2026-09-28
type of sliced bread eaten: mixed	1.000000	1.000000	MONDO:0006038	indeterminate colitis	{"EFO:0009150":0.0,"MONDO:0003954":0.0,"MONDO:0006038":0.0,"MONDO:0957408":0.0,"NCBITaxon:15819":0.0,"NCBITaxon:3714":0.0,"NCBITaxon:3750":0.0,"NCBITaxon:4558":0.0,"NCBITaxon:4641":0.0,"PATO:0002002":0.0,"none_suitable":1.0}	jev	jev-1.13.0	efo/v3.94.0	2026-09-28
type of sliced bread eaten: other	0.960000	0.920000	EFO:0002755	diet	{"EFO:0002755":0.04,"EFO:0002757":0.0,"EFO:0009150":0.0,"EFO:0009374":0.0,"EFO:0020088":0.0,"MONDO:0003954":0.0,"MONDO:0006038":0.0,"MONDO:0957408":0.0,"OBA:2045292":0.0,"PATO:0002002":0.0,"none_suitable":0.96}	jev	jev-1.13.0	efo/v3.94.0	2026-09-28
type of sliced bread eaten: seeded	1.000000	1.000000	MONDO:0006038	indeterminate colitis	{"EFO:0000991":0.0,"EFO:0009150":0.0,"MONDO:0003954":0.0,"MONDO:0006038":0.0,"MONDO:0957408":0.0,"PATO:0002002":0.0,"PO:0004506":0.0,"PO:0007632":0.0,"PO:0009010":0.0,"PO:0009089":0.0,"none_suitable":1.0}	jev	jev-1.13.0	efo/v3.94.0	2026-09-28
type of sliced bread eaten: white	1.000000	1.000000	HANCESTRO:0590	European American	{"EFO:0006884":0.0,"EFO:0020088":0.0,"GO:0050892":0.0,"HANCESTRO:0005":0.0,"HANCESTRO:0590":0.0,"HP:0002290":0.0,"MONDO:0003954":0.0,"MONDO:0006038":0.0,"MONDO:0015748":0.0,"MONDO:0957408":0.0,"none_suitable":1.0}	jev	jev-1.13.0	efo/v3.94.0	2026-09-28
type of sliced bread eaten: wholemeal	1.000000	1.000000	MONDO:0006038	indeterminate colitis	{"EFO:0009150":0.0,"EFO:0021649":0.0,"GO:0050892":0.0,"MONDO:0003954":0.0,"MONDO:0006038":0.0,"MONDO:0957408":0.0,"OBA:2045292":0.0,"PATO:0002002":0.0,"PO:0007027":0.0,"PO:0007038":0.0,"none_suitable":1.0}	jev	jev-1.13.0	efo/v3.94.0	2026-09-28
types of spread used on bread/crackers: butter on bread/crackers	0.860000	0.740000	EFO:0010809	fat intake measurement	{"CHEBI:36314":0.0,"EFO:0005523":0.02,"EFO:0006266":0.0,"EFO:0010037":0.0,"EFO:0010809":0.12,"HP:0007103":0.0,"HP:0010606":0.0,"HP:0030890":0.0,"UBERON:0001866":0.0,"UBERON:0003916":0.0,"none_suitable":0.86}	jev	jev-1.13.0	efo/v3.94.0	2026-09-28
types of spread used on bread/crackers: cholesterol-lowering polyunsaturated margarine on bread/crackers	1.000000	1.000000	CHEBI:37812	dialkylglycerol	{"CHEBI:37812":0.0,"EFO:0022186":0.0,"EFO:0022251":0.0,"EFO:0022252":0.0,"EFO:0920026":0.0,"HP:0010606":0.0,"HP:0030890":0.0,"MONDO:0002004":0.0,"MONDO:0045008":0.0,"MONDO:0045016":0.0,"none_suitable":1.0}	jev	jev-1.13.0	efo/v3.94.0	2026-09-28
types of spread used on bread/crackers: low fat dairy spread on bread/crackers	0.890000	0.780000	EFO:0010809	fat intake measurement	{"CHEBI:18059":0.0,"CHEBI:39026":0.0,"EFO:0006266":0.0,"EFO:0010809":0.11,"EFO:0020098":0.0,"OBA:0004528":0.0,"OBA:2050113":0.0,"OBA:2050114":0.0,"OBA:2050198":0.0,"UBERON:0035818":0.0,"none_suitable":0.89}	jev	jev-1.13.0	efo/v3.94.0	2026-09-28
types of spread used on bread/crackers: low fat olive spread on bread/crackers	0.980000	0.960000	CHEBI:18059	lipid	{"CHEBI:18059":0.02,"CHEBI:25048":0.0,"CHEBI:35366":0.0,"CL:0002617":0.0,"GO:0012511":0.0,"MONDO:0006900":0.0,"NCBITaxon:4006":0.0,"OBA:0004528":0.0,"OBA:2050196":0.0,"OBA:2050198":0.0,"none_suitable":0.98}	jev	jev-1.13.0	efo/v3.94.0	2026-09-28
types of spread used on bread/crackers: low fat polyunsaturated margarine on bread/crackers	0.980000	0.960000	CHEBI:18059	lipid	{"CHEBI:18059":0.02,"CHEBI:37812":0.0,"CL:0002617":0.0,"EFO:0022186":0.0,"EFO:0022979":0.0,"GO:0012511":0.0,"MONDO:0006900":0.0,"OBA:0004528":0.0,"OBA:2050198":0.0,"UBERON:0035818":0.0,"none_suitable":0.98}	jev	jev-1.13.0	efo/v3.94.0	2026-09-28
types of spread used on bread/crackers: normal fat butter on bread/crackers	0.910000	0.820000	EFO:0007678	total fat intake measurement	{"EFO:0006266":0.0,"EFO:0007678":0.09,"EFO:0007800":0.0,"OBA:0004528":0.0,"OBA:2050196":0.0,"OBA:2050198":0.0,"OBA:VT0010482":0.0,"UBERON:0003916":0.0,"UBERON:0035814":0.0,"UBERON:0035818":0.0,"none_suitable":0.91}	jev	jev-1.13.0	efo/v3.94.0	2026-09-28
types of spread used on bread/crackers: normal fat dairy spread on bread/crackers	0.960000	0.920000	EFO:0007678	total fat intake measurement	{"CHEBI:18059":0.0,"CL:0002617":0.0,"EFO:0006266":0.0,"EFO:0007678":0.04,"EFO:0022182":0.0,"EFO:0022186":0.0,"OBA:0004528":0.0,"OBA:2050198":0.0,"UBERON:0001913":0.0,"UBERON:0035818":0.0,"none_suitable":0.96}	jev	jev-1.13.0	efo/v3.94.0	2026-09-28
types of spread used on bread/crackers: normal fat olive spread on bread/crackers	0.970000	0.940000	CHEBI:18059	lipid	{"CHEBI:16247":0.0,"CHEBI:18059":0.03,"CHEBI:25048":0.0,"CHEBI:35366":0.0,"CL:0002617":0.0,"GO:0012511":0.0,"MONDO:0006900":0.0,"OBA:0004528":0.0,"OBA:2050196":0.0,"OBA:2050198":0.0,"none_suitable":0.97}	jev	jev-1.13.0	efo/v3.94.0	2026-09-28
types of spread used on bread/crackers: normal fat polyunsaturated margarine on bread/crackers	0.950000	0.900000	EFO:0007678	total fat intake measurement	{"CL:0002617":0.0,"EFO:0007678":0.05,"EFO:0022182":0.0,"EFO:0022186":0.0,"EFO:0920026":0.0,"GO:0012511":0.0,"MONDO:0006900":0.0,"OBA:0004528":0.0,"OBA:2050198":0.0,"UBERON:0035818":0.0,"none_suitable":0.95}	jev	jev-1.13.0	efo/v3.94.0	2026-09-28
types of spread used on bread/crackers: olive spread on bread/crackers	0.990000	0.980000	CHEBI:35366	fatty acid	{"CHEBI:16247":0.0,"CHEBI:25048":0.0,"CHEBI:35366":0.01,"CHEBI:36314":0.0,"EFO:0010037":0.0,"GO:0012511":0.0,"HP:0004552":0.0,"HP:0007103":0.0,"HP:0010606":0.0,"HP:0030890":0.0,"none_suitable":0.99}	jev	jev-1.13.0	efo/v3.94.0	2026-09-28
types of spread used on bread/crackers: polyunsaturated margarine on bread/crackers	1.000000	1.000000	CHEBI:36314	glycerophosphoethanolamine	{"CHEBI:18154":0.0,"CHEBI:36314":0.0,"CHEBI:37812":0.0,"CHEBI:73204":0.0,"EFO:0010037":0.0,"GO:0012511":0.0,"HP:0004552":0.0,"HP:0007103":0.0,"HP:0010606":0.0,"HP:0030890":0.0,"none_suitable":1.0}	jev	jev-1.13.0	efo/v3.94.0	2026-09-28
types of spread used on bread/crackers: soya margarine on bread/crackers	1.000000	1.000000	EFO:0006266	sum of skinfolds	{"CHEBI:73204":0.0,"EFO:0005523":0.0,"EFO:0006266":0.0,"EFO:0010037":0.0,"EFO:0022979":0.0,"GO:0012511":0.0,"HP:0004552":0.0,"HP:0007103":0.0,"HP:0010606":0.0,"HP:0030890":0.0,"none_suitable":1.0}	jev	jev-1.13.0	efo/v3.94.0	2026-09-28
types of spread used on bread/crackers: spreadable butter on bread/crackers	0.960000	0.930000	CHEBI:18059	lipid	{"CHEBI:18059":0.03,"CHEBI:36314":0.0,"CHEBI:37812":0.0,"EFO:0005523":0.01,"EFO:0006266":0.0,"EFO:0010037":0.0,"HP:0007103":0.0,"HP:0010606":0.0,"HP:0030890":0.0,"UBERON:0001866":0.0,"none_suitable":0.96}	jev	jev-1.13.0	efo/v3.94.0	2026-09-28
types of spread used on bread/crackers: unknown margarine on bread/crackers	1.000000	1.000000	EFO:0003952	fever of unknown origin	{"CHEBI:165587":0.0,"CHEBI:32366":0.0,"EFO:0003952":0.0,"EFO:0010037":0.0,"GO:0012511":0.0,"HP:0007103":0.0,"HP:0010606":0.0,"HP:0030890":0.0,"NCBITaxon:4641":0.0,"OBA:2045042":0.0,"none_suitable":1.0}	jev	jev-1.13.0	efo/v3.94.0	2026-09-28
types of spreads/sauces consumed: brown sauce	0.980000	0.960000	EFO:0009374	energy intake measurement	{"CL:0002551":0.0,"EFO:0005290":0.0,"EFO:0009374":0.02,"EFO:0010037":0.0,"EFO:0010821":0.0,"EFO:0020084":0.0,"OBA:2052390":0.0,"PATO:0000033":0.0,"UBERON:0001348":0.0,"UBERON:0001913":0.0,"none_suitable":0.98}	jev	jev-1.13.0	efo/v3.94.0	2026-09-28
types of spreads/sauces consumed: cheese sauce	0.990000	0.980000	EFO:0009374	energy intake measurement	{"CL:0002551":0.0,"CL:0002553":0.0,"EFO:0009374":0.01,"EFO:0010037":0.0,"EFO:0010809":0.0,"EFO:0010816":0.0,"EFO:0022182":0.0,"OBA:2052390":0.0,"PATO:0000033":0.0,"UBERON:0001913":0.0,"none_suitable":0.99}	jev	jev-1.13.0	efo/v3.94.0	2026-09-28
types of spreads/sauces consumed: chutney/pickle	0.940000	0.890000	EFO:0002755	diet	{"CL:0002551":0.0,"CL:0002553":0.0,"EFO:0002755":0.05,"EFO:0009374":0.01,"EFO:0010037":0.0,"EFO:0010809":0.0,"EFO:0010816":0.0,"OBA:2045292":0.0,"OBA:2052390":0.0,"PATO:0000033":0.0,"none_suitable":0.94}	jev	jev-1.13.0	efo/v3.94.0	2026-09-28
types of spreads/sauces consumed: cream	0.920000	0.860000	EFO:0010809	fat intake measurement	{"CL:0002551":0.0,"CL:0002553":0.0,"EFO:0000627":0.0,"EFO:0006266":0.0,"EFO:0010037":0.0,"EFO:0010809":0.06,"EFO:0010816":0.02,"PATO:0000033":0.0,"UBERON:0001866":0.0,"UBERON:0001913":0.0,"none_suitable":0.92}	jev	jev-1.13.0	efo/v3.94.0	2026-09-28
types of spreads/sauces consumed: gravy	0.850000	0.710000	EFO:0008111	diet measurement	{"CHEBI:24265":0.0,"CHEBI:50505":0.0,"CL:0002551":0.0,"CL:0002553":0.0,"EFO:0000627":0.0,"EFO:0008111":0.14,"EFO:0009374":0.01,"EFO:0010037":0.0,"OBA:2045292":0.0,"PATO:0000033":0.0,"none_suitable":0.85}	jev	jev-1.13.0	efo/v3.94.0	2026-09-28
types of spreads/sauces consumed: hummus	1.000000	1.000000	EFO:0010037	INTACT	{"CL:0002551":0.0,"CL:0002553":0.0,"EFO:0000579":0.0,"EFO:0000627":0.0,"EFO:0002757":0.0,"EFO:0010037":0.0,"EFO:0010821":0.0,"GO:0050892":0.0,"OBA:2045292":0.0,"PATO:0000033":0.0,"none_suitable":1.0}	jev	jev-1.13.0	efo/v3.94.0	2026-09-28
types of spreads/sauces consumed: jam/honey	0.900000	0.810000	CHEBI:50505	sweetening agent	{"CHEBI:50505":0.09,"CL:0002551":0.0,"CL:0002553":0.0,"EFO:0001046":0.0,"EFO:0002211":0.0,"EFO:0010037":0.0,"EFO:0010156":0.01,"NCBITaxon:4641":0.0,"OBA:2052390":0.0,"PATO:0000033":0.0,"none_suitable":0.9}	jev	jev-1.13.0	efo/v3.94.0	2026-09-28
types of spreads/sauces consumed: low fat mayonnaise	0.920000	0.850000	EFO:0002758	low fat diet	{"CL:0002617":0.0,"EFO:0002758":0.07,"EFO:0007678":0.01,"EFO:0010809":0.0,"EFO:0010816":0.0,"EFO:0022153":0.0,"MONDO:0006900":0.0,"OBA:0004528":0.0,"OBA:2050114":0.0,"OBA:2050198":0.0,"none_suitable":0.92}	jev	jev-1.13.0	efo/v3.94.0	2026-09-28
types of spreads/sauces consumed: mayonnaise	0.970000	0.950000	EFO:0010809	fat intake measurement	{"CHEBI:35366":0.0,"CL:0002551":0.0,"CL:0002553":0.0,"EFO:0000579":0.0,"EFO:0000627":0.0,"EFO:0007678":0.01,"EFO:0010037":0.0,"EFO:0010809":0.02,"EFO:0010816":0.0,"PATO:0000033":0.0,"none_suitable":0.97}	jev	jev-1.13.0	efo/v3.94.0	2026-09-28
types of spreads/sauces consumed: other sauce	1.000000	1.000000	PATO:0000033	concentration of	{"ECTO:0070164":0.0,"EFO:0002757":0.0,"EFO:0007632":0.0,"EFO:0007678":0.0,"EFO:0010037":0.0,"EFO:0010809":0.0,"MONDO:0019189":0.0,"MONDO:0021154":0.0,"Orphanet:79062":0.0,"PATO:0000033":0.0,"none_suitable":1.0}	jev	jev-1.13.0	efo/v3.94.0	2026-09-28
types of spreads/sauces consumed: peanut butter	0.980000	0.970000	EFO:0007017	peanut allergy measurement	{"CL:0002551":0.0,"CL:0002553":0.0,"EFO:0007017":0.01,"EFO:0007678":0.0,"EFO:0010037":0.0,"EFO:0010809":0.01,"EFO:0010816":0.0,"OBA:2052390":0.0,"PATO:0000033":0.0,"UBERON:0001913":0.0,"none_suitable":0.98}	jev	jev-1.13.0	efo/v3.94.0	2026-09-28
types of spreads/sauces consumed: salad dressing	0.990000	0.980000	EFO:0010809	fat intake measurement	{"CHEBI:35366":0.0,"CHEBI:37812":0.0,"CL:0002551":0.0,"CL:0002553":0.0,"EFO:0007678":0.0,"EFO:0010037":0.0,"EFO:0010809":0.01,"EFO:0600007":0.0,"OBA:2052390":0.0,"PATO:0000033":0.0,"none_suitable":0.99}	jev	jev-1.13.0	efo/v3.94.0	2026-09-28
types of spreads/sauces consumed: tomato ketchup	1.000000	1.000000	EFO:0009371	ketogenic diet	{"CHEBI:35366":0.0,"CL:0002551":0.0,"CL:0002553":0.0,"EFO:0007678":0.0,"EFO:0009371":0.0,"EFO:0010037":0.0,"EFO:0010809":0.0,"EFO:0010816":0.0,"OBA:2052390":0.0,"PATO:0000033":0.0,"none_suitable":1.0}	jev	jev-1.13.0	efo/v3.94.0	2026-09-28
types of spreads/sauces consumed: tomato-based sauce	0.990000	0.980000	NCBITaxon:4081	Solanum lycopersicum	{"CHEBI:35366":0.0,"CHEBI:50505":0.0,"CL:0002551":0.0,"CL:0002553":0.0,"EFO:0007678":0.0,"EFO:0010037":0.0,"EFO:0010816":0.0,"NCBITaxon:4081":0.01,"OBA:2052390":0.0,"PATO:0000033":0.0,"none_suitable":0.99}	jev	jev-1.13.0	efo/v3.94.0	2026-09-28
types of spreads/sauces consumed: white/cream sauce	0.980000	0.960000	EFO:0010809	fat intake measurement	{"EFO:0006266":0.0,"EFO:0007678":0.0,"EFO:0007997":0.0,"EFO:0010809":0.02,"HP:0002290":0.0,"HP:0012430":0.0,"PATO:0000033":0.0,"UBERON:0001347":0.0,"UBERON:0001866":0.0,"UBERON:0001913":0.0,"none_suitable":0.98}	jev	jev-1.13.0	efo/v3.94.0	2026-09-28
types of spreads/sauces consumed: yeast extract	0.980000	0.960000	EFO:0803404	bakers yeast extract measurement	{"CHEBI:50505":0.0,"EFO:0007024":0.0,"EFO:0007025":0.0,"EFO:0007026":0.0,"EFO:0010037":0.0,"EFO:0803404":0.02,"NCBITaxon:15819":0.0,"NCBITaxon:4890":0.0,"NCBITaxon:4932":0.0,"PATO:0000033":0.0,"none_suitable":0.98}	jev	jev-1.13.0	efo/v3.94.0	2026-09-28
types of transport used (excluding work): car/motor vehicle	1.000000	1.000000	EFO:0000732	vehicle role	{"EFO:0000732":0.0,"EFO:0005431":0.0,"GO:0006810":0.0,"GO:0008643":0.0,"GO:0051180":0.0,"GO:1990542":0.0,"MONDO:0017765":0.0,"MONDO:0017766":0.0,"MONDO:0021631":0.0,"MONDO:0045015":0.0,"none_suitable":1.0}	jev	jev-1.13.0	efo/v3.94.0	2026-09-28
types of transport used (excluding work): none of the above	0.990000	0.980000	EFO:0005109	energy expenditure	{"EFO:0000732":0.0,"EFO:0005109":0.01,"GO:0006810":0.0,"GO:0051180":0.0,"MONDO:0003165":0.0,"MONDO:0003169":0.0,"MONDO:0003171":0.0,"MONDO:0003174":0.0,"MONDO:0021633":0.0,"OBA:VT0005450":0.0,"none_suitable":0.99}	jev	jev-1.13.0	efo/v3.94.0	2026-09-28
types of transport used (excluding work): public transport	1.000000	1.000000	GO:0006810	transport	{"EFO:0000732":0.0,"GO:0006810":0.0,"GO:0008643":0.0,"GO:0015031":0.0,"GO:0015693":0.0,"GO:0015723":0.0,"GO:0051180":0.0,"GO:1990542":0.0,"MONDO:0017766":0.0,"MONDO:0021631":0.0,"none_suitable":1.0}	jev	jev-1.13.0	efo/v3.94.0	2026-09-28
types of transport used (excluding work): walk	0.910000	0.840000	EFO:0000483	exercise	{"EFO:0000483":0.07,"EFO:0010131":0.01,"GO:0006810":0.0,"GO:0040012":0.01,"HP:0002141":0.0,"HP:0002505":0.0,"MONDO:0017766":0.0,"MONDO:0021631":0.0,"MONDO:0045015":0.0,"OBA:1000869":0.0,"none_suitable":0.91}	jev	jev-1.13.0	efo/v3.94.0	2026-09-28
unsalted nuts intake	0.990000	0.980000	EFO:0020080	dietary sodium intake measurement	{"EFO:0003939":0.0,"EFO:0009374":0.0,"EFO:0010810":0.0,"EFO:0020080":0.01,"EFO:0020081":0.0,"EFO:0020083":0.0,"EFO:0020086":0.0,"EFO:0020087":0.0,"EFO:0020088":0.0,"EFO:0020897":0.0,"none_suitable":0.99}	jev	jev-1.13.0	efo/v3.94.0	2026-09-28
unsalted peanuts intake	1.000000	1.000000	EFO:0009374	energy intake measurement	{"EFO:0003939":0.0,"EFO:0007678":0.0,"EFO:0009374":0.0,"EFO:0010809":0.0,"EFO:0010810":0.0,"EFO:0020081":0.0,"EFO:0020087":0.0,"EFO:0020088":0.0,"EFO:0020091":0.0,"EFO:0020897":0.0,"none_suitable":1.0}	jev	jev-1.13.0	efo/v3.94.0	2026-09-28
use of sun/uv protection	0.970000	0.940000	EFO:0010729	sun exposure measurement	{"EFO:0005430":0.0,"EFO:0010729":0.03,"EFO:0021781":0.0,"EFO:0021782":0.0,"EFO:0021785":0.0,"EO:0007129":0.0,"EO:0007222":0.0,"HP:0000758":0.0,"MONDO:0005434":0.0,"MONDO:0800410":0.0,"none_suitable":0.97}	jev	jev-1.13.0	efo/v3.94.0	2026-09-28
values entered	0.960000	0.940000	EFO:0002658	protocol parameter	{"EFO:0000627":0.0,"EFO:0002658":0.02,"EFO:0003808":0.0,"EFO:0004033":0.02,"EFO:0004163":0.0,"EFO:0010569":0.0,"OBA:2020003":0.0,"OBA:2020004":0.0,"OBA:VT0010120":0.0,"OBI:0100051":0.0,"none_suitable":0.96}	jev	jev-1.13.0	efo/v3.94.0	2026-09-28
vegetable consumers	1.000000	1.000000	EFO:0005228	plant population	{"CHEBI:33284":0.0,"CHEBI:33286":0.0,"EFO:0005228":0.0,"EO:0007248":0.0,"HANCESTRO:0476":0.0,"NCBITaxon:33090":0.0,"NCBITaxon:3659":0.0,"NCBITaxon:3714":0.0,"NCBITaxon:39947":0.0,"NCBITaxon:51351":0.0,"none_suitable":1.0}	jev	jev-1.13.0	efo/v3.94.0	2026-09-28
vegetable pieces intake	1.000000	1.000000	EFO:0020897	citrus intake measurement	{"EFO:0009374":0.0,"EFO:0010811":0.0,"EFO:0020081":0.0,"EFO:0020082":0.0,"EFO:0020083":0.0,"EFO:0020086":0.0,"EFO:0020087":0.0,"EFO:0020088":0.0,"EFO:0020089":0.0,"EFO:0020897":0.0,"none_suitable":1.0}	jev	jev-1.13.0	efo/v3.94.0	2026-09-28
vegetarian alternatives intake	1.000000	1.000000	EFO:0009374	energy intake measurement	{"EFO:0003939":0.0,"EFO:0006521":0.0,"EFO:0009374":0.0,"EFO:0020077":0.0,"EFO:0020081":0.0,"EFO:0020082":0.0,"EFO:0020086":0.0,"EFO:0020088":0.0,"EFO:0020089":0.0,"EFO:0020897":0.0,"none_suitable":1.0}	jev	jev-1.13.0	efo/v3.94.0	2026-09-28
vegetarian sausages/burgers intake	1.000000	1.000000	EFO:0009374	energy intake measurement	{"EFO:0003939":0.0,"EFO:0008539":0.0,"EFO:0009374":0.0,"EFO:0010810":0.0,"EFO:0020078":0.0,"EFO:0020079":0.0,"EFO:0020081":0.0,"EFO:0020082":0.0,"EFO:0020084":0.0,"EFO:0020088":0.0,"none_suitable":1.0}	jev	jev-1.13.0	efo/v3.94.0	2026-09-28
vitamin and mineral supplements: vitamin b	0.880000	0.780000	EFO:0004843	vitamin B measurement	{"CHEBI:176839":0.0,"EFO:0004620":0.0,"EFO:0004621":0.0,"EFO:0004729":0.01,"EFO:0004843":0.1,"EFO:0600003":0.0,"GO:0006766":0.0,"GO:0033273":0.0,"GO:0051180":0.0,"MONDO:0042976":0.01,"none_suitable":0.88}	jev	jev-1.13.0	efo/v3.94.0	2026-09-28
vitamin and/or mineral supplement use: evening primrose	0.850000	0.700000	EFO:0009116	vitamin supplement exposure measurement	{"CHEBI:176839":0.0,"EFO:0009116":0.15,"EFO:0009944":0.0,"EFO:0700070":0.0,"GO:0051180":0.0,"MONDO:0024665":0.0,"NCBITaxon:3347":0.0,"NCBITaxon:3435":0.0,"NCBITaxon:3760":0.0,"NCBITaxon:3888":0.0,"none_suitable":0.85}	jev	jev-1.13.0	efo/v3.94.0	2026-09-28
vitamin and/or mineral supplement use: zinc	0.850000	0.770000	EFO:0020083	dietary zinc intake measurement	{"CHEBI:27365":0.0,"EFO:0009116":0.07,"EFO:0009944":0.0,"EFO:0020083":0.08,"EFO:0803522":0.0,"EFO:1000003":0.0,"GO:0051180":0.0,"MONDO:0024665":0.0,"OBA:2050072":0.0,"OBA:2050076":0.0,"none_suitable":0.85}	jev	jev-1.13.0	efo/v3.94.0	2026-09-28
volume level set by participant (left)	1.000000	1.000000	EFO:0004384	weight percent by volume	{"EFO:0004384":0.0,"EFO:0005089":0.0,"EFO:0006793":0.0,"EFO:0010555":0.0,"EFO:0920055":0.0,"EFO:0920056":0.0,"OBA:0000056":0.0,"OBA:2050024":0.0,"OBA:VT0001942":0.0,"OBA:VT0004063":0.0,"none_suitable":1.0}	jev	jev-1.13.0	efo/v3.94.0	2026-09-28
volume level set by participant (right)	0.990000	0.980000	EFO:0001715	volume	{"EFO:0001715":0.01,"EFO:0004384":0.0,"EFO:0021814":0.0,"EFO:0021815":0.0,"EFO:0021817":0.0,"EFO:0021818":0.0,"EFO:0021821":0.0,"EFO:0920055":0.0,"EFO:0920056":0.0,"OBA:VT0001942":0.0,"none_suitable":0.99}	jev	jev-1.13.0	efo/v3.94.0	2026-09-28
watercress intake	0.990000	0.980000	EFO:0020082	dietary vitamin C intake measurement	{"EFO:0003939":0.0,"EFO:0008539":0.0,"EFO:0009374":0.0,"EFO:0009825":0.0,"EFO:0010158":0.0,"EFO:0010811":0.0,"EFO:0020080":0.0,"EFO:0020082":0.01,"EFO:0020086":0.0,"EFO:0020897":0.0,"none_suitable":0.99}	jev	jev-1.13.0	efo/v3.94.0	2026-09-28
wears glasses or contact lenses	0.960000	0.920000	MONDO:0001384	myopia	{"FBbi:00000343":0.0,"MONDO:0001384":0.04,"MONDO:0005480":0.0,"MONDO:0006564":0.0,"MONDO:0009392":0.0,"MONDO:0021126":0.0,"MONDO:0021139":0.0,"OBA:VT0005253":0.0,"Orphanet:98621":0.0,"UBERON:0000965":0.0,"none_suitable":0.96}	jev	jev-1.13.0	efo/v3.94.0	2026-09-28
weekly usage of mobile phone in last 3 months	1.000000	1.000000	EFO:0009264	maximum cigarettes per day measurement	{"EFO:0006525":0.0,"EFO:0009264":0.0,"EFO:0009932":0.0,"MONDO:0044300":0.0,"OBA:2050525":0.0,"OBA:2050739":0.0,"OBA:2050889":0.0,"OBA:2050934":0.0,"OBA:2051042":0.0,"UO:0000034":0.0,"none_suitable":1.0}	jev	jev-1.13.0	efo/v3.94.0	2026-09-28
white pasta intake	1.000000	1.000000	EFO:0009374	energy intake measurement	{"EFO:0006948":0.0,"EFO:0008355":0.0,"EFO:0009374":0.0,"EFO:0010809":0.0,"EFO:0010810":0.0,"EFO:0020081":0.0,"EFO:0020083":0.0,"EFO:0020087":0.0,"EFO:0020088":0.0,"EFO:0020897":0.0,"none_suitable":1.0}	jev	jev-1.13.0	efo/v3.94.0	2026-09-28
white rice intake	0.990000	0.980000	NCBITaxon:4530	Oryza sativa	{"EFO:0003939":0.0,"EFO:0006948":0.0,"EFO:0009374":0.0,"EFO:0020080":0.0,"EFO:0020081":0.0,"EFO:0020086":0.0,"EFO:0020087":0.0,"EFO:0020088":0.0,"EFO:0020897":0.0,"NCBITaxon:4530":0.01,"none_suitable":0.99}	jev	jev-1.13.0	efo/v3.94.0	2026-09-28
whole egg intake	1.000000	1.000000	EFO:0007018	egg allergy measurement	{"CL:0000023":0.0,"EFO:0003939":0.0,"EFO:0007018":0.0,"EFO:0007248":0.0,"EFO:0007678":0.0,"EFO:0009374":0.0,"EFO:0010810":0.0,"EFO:0020083":0.0,"EFO:0020088":0.0,"EFO:0020089":0.0,"none_suitable":1.0}	jev	jev-1.13.0	efo/v3.94.0	2026-09-28
whole-wheat cereal intake	0.950000	0.920000	EFO:0020088	dietary fiber intake measurement	{"EFO:0003939":0.0,"EFO:0007678":0.0,"EFO:0008355":0.0,"EFO:0009374":0.0,"EFO:0010809":0.0,"EFO:0010810":0.0,"EFO:0010811":0.02,"EFO:0020084":0.0,"EFO:0020088":0.03,"EFO:0800000":0.0,"none_suitable":0.95}	jev	jev-1.13.0	efo/v3.94.0	2026-09-28
wholemeal pasta intake	0.940000	0.890000	EFO:0010811	carbohydrate intake measurement	{"EFO:0003939":0.0,"EFO:0007678":0.0,"EFO:0008355":0.0,"EFO:0009374":0.0,"EFO:0010810":0.0,"EFO:0010811":0.05,"EFO:0020079":0.0,"EFO:0020083":0.0,"EFO:0020084":0.0,"EFO:0020088":0.01,"none_suitable":0.94}	jev	jev-1.13.0	efo/v3.94.0	2026-09-28
why stopped smoking: none of the above	0.870000	0.740000	EFO:0004319	smoking cessation	{"EFO:0004318":0.0,"EFO:0004319":0.13,"EFO:0005430":0.0,"EFO:0009362":0.0,"EFO:0920132":0.0,"EFO:1000369":0.0,"HP:0000014":0.0,"HP:0000769":0.0,"HP:0001574":0.0,"OBA:2050116":0.0,"none_suitable":0.87}	jev	jev-1.13.0	efo/v3.94.0	2026-09-28
willing to attempt cognitive tests	0.990000	0.980000	EFO:0008354	cognitive function measurement	{"ECTO:0000001":0.0,"EFO:0003925":0.0,"EFO:0003926":0.0,"EFO:0007710":0.0,"EFO:0007998":0.0,"EFO:0008354":0.01,"EFO:0008394":0.0,"EFO:0009098":0.0,"HP:0034332":0.0,"MONDO:0002039":0.0,"none_suitable":0.99}	jev	jev-1.13.0	efo/v3.94.0	2026-09-28
year ended full time education	0.990000	0.980000	UO:0000036	year	{"EFO:0000689":0.0,"EFO:0000714":0.0,"EFO:0000721":0.0,"EFO:0001779":0.0,"EFO:0004951":0.0,"EFO:0008441":0.0,"EFO:0009810":0.0,"UBERON:0000104":0.0,"UBERON:0034919":0.0,"UO:0000036":0.01,"none_suitable":0.99}	jev	jev-1.13.0	efo/v3.94.0	2026-09-28
year immigrated to uk (united kingdom)	0.990000	0.980000	UO:0000036	year	{"AfPO:0000327":0.0,"ECTO:0000001":0.0,"ECTO:0000530":0.0,"HANCESTRO:0765":0.0,"HANCESTRO:0805":0.0,"HANCESTRO:0865":0.0,"HP:0001531":0.0,"PR:P08579":0.0,"UO:0000036":0.01,"United:Kingdom":0.0,"none_suitable":0.99}	jev	jev-1.13.0	efo/v3.94.0	2026-09-28
years since last breast cancer screening / mammogram	1.000000	1.000000	EFO:0005603	age at breast cancer diagnosis	{"EFO:0002885":0.0,"EFO:0005603":0.0,"EFO:0005606":0.0,"EFO:0009782":0.0,"MONDO:0000616":0.0,"MONDO:0000618":0.0,"MONDO:0002657":0.0,"MONDO:0003725":0.0,"MONDO:0004990":0.0,"OBA:2050192":0.0,"none_suitable":1.0}	jev	jev-1.13.0	efo/v3.94.0	2026-09-28
years since last cervical smear test	1.000000	1.000000	EFO:0009511	abnormal PAP smear	{"EFO:0009511":0.0,"EFO:0022934":0.0,"EFO:1000165":0.0,"MONDO:0000751":0.0,"MONDO:0002761":0.0,"MONDO:0003631":0.0,"MONDO:0005698":0.0,"MONDO:0006139":0.0,"MONDO:0006143":0.0,"UBERON:0004801":0.0,"none_suitable":1.0}	jev	jev-1.13.0	efo/v3.94.0	2026-09-28
yogurt intake	0.990000	0.980000	OBA:VT0015043	milk amount	{"EFO:0003939":0.0,"EFO:0006521":0.0,"EFO:0008539":0.0,"EFO:0009374":0.0,"EFO:0010811":0.0,"EFO:0020083":0.0,"EFO:0020086":0.0,"EFO:0020088":0.0,"EFO:0020897":0.0,"OBA:VT0015043":0.01,"none_suitable":0.99}	jev	jev-1.13.0	efo/v3.94.0	2026-09-28
yogurt/ice-cream consumers	0.930000	0.880000	EFO:0002755	diet	{"EFO:0002755":0.05,"EFO:0008773":0.0,"EFO:0010095":0.02,"MONDO:0018988":0.0,"NCBITaxon:1578":0.0,"OBA:VT0015043":0.0,"PR:000002314":0.0,"PR:000005054":0.0,"PR:P51878":0.0,"UBERON:0001913":0.0,"none_suitable":0.93}	jev	jev-1.13.0	efo/v3.94.0	2026-09-28
yorkshire pudding intake	1.000000	1.000000	EFO:0020088	dietary fiber intake measurement	{"EFO:0003939":0.0,"EFO:0009374":0.0,"EFO:0010157":0.0,"EFO:0010158":0.0,"EFO:0020078":0.0,"EFO:0020079":0.0,"EFO:0020084":0.0,"EFO:0020087":0.0,"EFO:0020088":0.0,"EFO:0020897":0.0,"none_suitable":1.0}	jev	jev-1.13.0	efo/v3.94.0	2026-09-28
