analysis_id	imputation_score_column	imputation_score_kind	imputation_score_provenance
GCST000922	info	imputation_info	GWAS Catalog summary statistics format (GWAS-SSF) defines the info field as 'Imputation information metric', a number between 0 and 1 (https://www.ebi.ac.uk/gwas/docs/summary-statistics-format, retrieved 2026-09-28)
GCST004162	info	imputation_info	GWAS Catalog summary statistics format (GWAS-SSF) defines the info field as 'Imputation information metric', a number between 0 and 1 (https://www.ebi.ac.uk/gwas/docs/summary-statistics-format, retrieved 2026-09-28)
GCST004695	info	imputation_info	GWAS Catalog summary statistics format (GWAS-SSF) defines the info field as 'Imputation information metric', a number between 0 and 1 (https://www.ebi.ac.uk/gwas/docs/summary-statistics-format, retrieved 2026-09-28)
GCST005076	info	imputation_info	GWAS Catalog summary statistics format (GWAS-SSF) defines the info field as 'Imputation information metric', a number between 0 and 1 (https://www.ebi.ac.uk/gwas/docs/summary-statistics-format, retrieved 2026-09-28)
GCST005810	info	imputation_info	GWAS Catalog summary statistics format (GWAS-SSF) defines the info field as 'Imputation information metric', a number between 0 and 1 (https://www.ebi.ac.uk/gwas/docs/summary-statistics-format, retrieved 2026-09-28)
GCST005811	info	imputation_info	GWAS Catalog summary statistics format (GWAS-SSF) defines the info field as 'Imputation information metric', a number between 0 and 1 (https://www.ebi.ac.uk/gwas/docs/summary-statistics-format, retrieved 2026-09-28)
GCST005812	info	imputation_info	GWAS Catalog summary statistics format (GWAS-SSF) defines the info field as 'Imputation information metric', a number between 0 and 1 (https://www.ebi.ac.uk/gwas/docs/summary-statistics-format, retrieved 2026-09-28)
GCST005813	info	imputation_info	GWAS Catalog summary statistics format (GWAS-SSF) defines the info field as 'Imputation information metric', a number between 0 and 1 (https://www.ebi.ac.uk/gwas/docs/summary-statistics-format, retrieved 2026-09-28)
GCST005814	info	imputation_info	GWAS Catalog summary statistics format (GWAS-SSF) defines the info field as 'Imputation information metric', a number between 0 and 1 (https://www.ebi.ac.uk/gwas/docs/summary-statistics-format, retrieved 2026-09-28)
GCST005845	info	imputation_info	GWAS Catalog summary statistics format (GWAS-SSF) defines the info field as 'Imputation information metric', a number between 0 and 1 (https://www.ebi.ac.uk/gwas/docs/summary-statistics-format, retrieved 2026-09-28)
GCST005846	info	imputation_info	GWAS Catalog summary statistics format (GWAS-SSF) defines the info field as 'Imputation information metric', a number between 0 and 1 (https://www.ebi.ac.uk/gwas/docs/summary-statistics-format, retrieved 2026-09-28)
GCST005847	info	imputation_info	GWAS Catalog summary statistics format (GWAS-SSF) defines the info field as 'Imputation information metric', a number between 0 and 1 (https://www.ebi.ac.uk/gwas/docs/summary-statistics-format, retrieved 2026-09-28)
GCST005848	info	imputation_info	GWAS Catalog summary statistics format (GWAS-SSF) defines the info field as 'Imputation information metric', a number between 0 and 1 (https://www.ebi.ac.uk/gwas/docs/summary-statistics-format, retrieved 2026-09-28)
GCST005849	info	imputation_info	GWAS Catalog summary statistics format (GWAS-SSF) defines the info field as 'Imputation information metric', a number between 0 and 1 (https://www.ebi.ac.uk/gwas/docs/summary-statistics-format, retrieved 2026-09-28)
GCST005850	info	imputation_info	GWAS Catalog summary statistics format (GWAS-SSF) defines the info field as 'Imputation information metric', a number between 0 and 1 (https://www.ebi.ac.uk/gwas/docs/summary-statistics-format, retrieved 2026-09-28)
GCST006250	mininfo	imputation_info	Operator-approved synonym of the GWAS-SSF info field (opengwasdb-stores#176, 2026-09-28); source header 'mininfo'
GCST006288	info	imputation_info	GWAS Catalog summary statistics format (GWAS-SSF) defines the info field as 'Imputation information metric', a number between 0 and 1 (https://www.ebi.ac.uk/gwas/docs/summary-statistics-format, retrieved 2026-09-28)
GCST006326	info	imputation_info	GWAS Catalog summary statistics format (GWAS-SSF) defines the info field as 'Imputation information metric', a number between 0 and 1 (https://www.ebi.ac.uk/gwas/docs/summary-statistics-format, retrieved 2026-09-28)
GCST006327	info	imputation_info	GWAS Catalog summary statistics format (GWAS-SSF) defines the info field as 'Imputation information metric', a number between 0 and 1 (https://www.ebi.ac.uk/gwas/docs/summary-statistics-format, retrieved 2026-09-28)
GCST006328	info	imputation_info	GWAS Catalog summary statistics format (GWAS-SSF) defines the info field as 'Imputation information metric', a number between 0 and 1 (https://www.ebi.ac.uk/gwas/docs/summary-statistics-format, retrieved 2026-09-28)
GCST006329	info	imputation_info	GWAS Catalog summary statistics format (GWAS-SSF) defines the info field as 'Imputation information metric', a number between 0 and 1 (https://www.ebi.ac.uk/gwas/docs/summary-statistics-format, retrieved 2026-09-28)
GCST006465	INFO	imputation_info	Operator-approved synonym of the GWAS-SSF info field (opengwasdb-stores#176, 2026-09-28); source header 'INFO'
GCST006487	info	imputation_info	GWAS Catalog summary statistics format (GWAS-SSF) defines the info field as 'Imputation information metric', a number between 0 and 1 (https://www.ebi.ac.uk/gwas/docs/summary-statistics-format, retrieved 2026-09-28)
GCST006488	info	imputation_info	GWAS Catalog summary statistics format (GWAS-SSF) defines the info field as 'Imputation information metric', a number between 0 and 1 (https://www.ebi.ac.uk/gwas/docs/summary-statistics-format, retrieved 2026-09-28)
GCST006979	info	imputation_info	GWAS Catalog summary statistics format (GWAS-SSF) defines the info field as 'Imputation information metric', a number between 0 and 1 (https://www.ebi.ac.uk/gwas/docs/summary-statistics-format, retrieved 2026-09-28)
GCST006980	INFO	imputation_info	Operator-approved synonym of the GWAS-SSF info field (opengwasdb-stores#176, 2026-09-28); source header 'INFO'
GCST010003	info	imputation_info	GWAS Catalog summary statistics format (GWAS-SSF) defines the info field as 'Imputation information metric', a number between 0 and 1 (https://www.ebi.ac.uk/gwas/docs/summary-statistics-format, retrieved 2026-09-28)
GCST010098	info	imputation_info	GWAS Catalog summary statistics format (GWAS-SSF) defines the info field as 'Imputation information metric', a number between 0 and 1 (https://www.ebi.ac.uk/gwas/docs/summary-statistics-format, retrieved 2026-09-28)
GCST012226	info	imputation_info	GWAS Catalog summary statistics format (GWAS-SSF) defines the info field as 'Imputation information metric', a number between 0 and 1 (https://www.ebi.ac.uk/gwas/docs/summary-statistics-format, retrieved 2026-09-28)
GCST012227	info	imputation_info	GWAS Catalog summary statistics format (GWAS-SSF) defines the info field as 'Imputation information metric', a number between 0 and 1 (https://www.ebi.ac.uk/gwas/docs/summary-statistics-format, retrieved 2026-09-28)
GCST012228	info	imputation_info	GWAS Catalog summary statistics format (GWAS-SSF) defines the info field as 'Imputation information metric', a number between 0 and 1 (https://www.ebi.ac.uk/gwas/docs/summary-statistics-format, retrieved 2026-09-28)
GCST012229	info	imputation_info	GWAS Catalog summary statistics format (GWAS-SSF) defines the info field as 'Imputation information metric', a number between 0 and 1 (https://www.ebi.ac.uk/gwas/docs/summary-statistics-format, retrieved 2026-09-28)
GCST012230	info	imputation_info	GWAS Catalog summary statistics format (GWAS-SSF) defines the info field as 'Imputation information metric', a number between 0 and 1 (https://www.ebi.ac.uk/gwas/docs/summary-statistics-format, retrieved 2026-09-28)
GCST012231	info	imputation_info	GWAS Catalog summary statistics format (GWAS-SSF) defines the info field as 'Imputation information metric', a number between 0 and 1 (https://www.ebi.ac.uk/gwas/docs/summary-statistics-format, retrieved 2026-09-28)
GCST012776	info_score	imputation_info	Operator-approved synonym of the GWAS-SSF info field (opengwasdb-stores#176, 2026-09-28); source header 'info_score'
GCST90002381	INFO	imputation_info	Operator-approved synonym of the GWAS-SSF info field (opengwasdb-stores#176, 2026-09-28); source header 'INFO'
GCST90002393	INFO	imputation_info	Operator-approved synonym of the GWAS-SSF info field (opengwasdb-stores#176, 2026-09-28); source header 'INFO'
GCST90013473	imp_rsqr	imputation_r2	Operator-approved synonym of the GWAS-SSF info field (opengwasdb-stores#176, 2026-09-28); source header 'imp_rsqr'
GCST90014426	INFO	imputation_info	Operator-approved synonym of the GWAS-SSF info field (opengwasdb-stores#176, 2026-09-28); source header 'INFO'
GCST90014427	INFO	imputation_info	Operator-approved synonym of the GWAS-SSF info field (opengwasdb-stores#176, 2026-09-28); source header 'INFO'
GCST90014428	INFO	imputation_info	Operator-approved synonym of the GWAS-SSF info field (opengwasdb-stores#176, 2026-09-28); source header 'INFO'
GCST90014429	INFO	imputation_info	Operator-approved synonym of the GWAS-SSF info field (opengwasdb-stores#176, 2026-09-28); source header 'INFO'
GCST90014430	INFO	imputation_info	Operator-approved synonym of the GWAS-SSF info field (opengwasdb-stores#176, 2026-09-28); source header 'INFO'
GCST90014431	INFO	imputation_info	Operator-approved synonym of the GWAS-SSF info field (opengwasdb-stores#176, 2026-09-28); source header 'INFO'
GCST90014432	INFO	imputation_info	Operator-approved synonym of the GWAS-SSF info field (opengwasdb-stores#176, 2026-09-28); source header 'INFO'
GCST90014433	INFO	imputation_info	Operator-approved synonym of the GWAS-SSF info field (opengwasdb-stores#176, 2026-09-28); source header 'INFO'
GCST90014434	INFO	imputation_info	Operator-approved synonym of the GWAS-SSF info field (opengwasdb-stores#176, 2026-09-28); source header 'INFO'
GCST90014435	INFO	imputation_info	Operator-approved synonym of the GWAS-SSF info field (opengwasdb-stores#176, 2026-09-28); source header 'INFO'
GCST90014436	INFO	imputation_info	Operator-approved synonym of the GWAS-SSF info field (opengwasdb-stores#176, 2026-09-28); source header 'INFO'
GCST90014437	INFO	imputation_info	Operator-approved synonym of the GWAS-SSF info field (opengwasdb-stores#176, 2026-09-28); source header 'INFO'
GCST90014438	INFO	imputation_info	Operator-approved synonym of the GWAS-SSF info field (opengwasdb-stores#176, 2026-09-28); source header 'INFO'
GCST90014439	INFO	imputation_info	Operator-approved synonym of the GWAS-SSF info field (opengwasdb-stores#176, 2026-09-28); source header 'INFO'
GCST90014440	INFO	imputation_info	Operator-approved synonym of the GWAS-SSF info field (opengwasdb-stores#176, 2026-09-28); source header 'INFO'
GCST90014441	INFO	imputation_info	Operator-approved synonym of the GWAS-SSF info field (opengwasdb-stores#176, 2026-09-28); source header 'INFO'
GCST90014442	INFO	imputation_info	Operator-approved synonym of the GWAS-SSF info field (opengwasdb-stores#176, 2026-09-28); source header 'INFO'
GCST90014443	INFO	imputation_info	Operator-approved synonym of the GWAS-SSF info field (opengwasdb-stores#176, 2026-09-28); source header 'INFO'
GCST90014444	INFO	imputation_info	Operator-approved synonym of the GWAS-SSF info field (opengwasdb-stores#176, 2026-09-28); source header 'INFO'
GCST90014445	INFO	imputation_info	Operator-approved synonym of the GWAS-SSF info field (opengwasdb-stores#176, 2026-09-28); source header 'INFO'
GCST90014446	INFO	imputation_info	Operator-approved synonym of the GWAS-SSF info field (opengwasdb-stores#176, 2026-09-28); source header 'INFO'
GCST90014447	INFO	imputation_info	Operator-approved synonym of the GWAS-SSF info field (opengwasdb-stores#176, 2026-09-28); source header 'INFO'
GCST90014448	INFO	imputation_info	Operator-approved synonym of the GWAS-SSF info field (opengwasdb-stores#176, 2026-09-28); source header 'INFO'
GCST90014449	INFO	imputation_info	Operator-approved synonym of the GWAS-SSF info field (opengwasdb-stores#176, 2026-09-28); source header 'INFO'
GCST90014450	INFO	imputation_info	Operator-approved synonym of the GWAS-SSF info field (opengwasdb-stores#176, 2026-09-28); source header 'INFO'
GCST90014451	INFO	imputation_info	Operator-approved synonym of the GWAS-SSF info field (opengwasdb-stores#176, 2026-09-28); source header 'INFO'
GCST90014452	INFO	imputation_info	Operator-approved synonym of the GWAS-SSF info field (opengwasdb-stores#176, 2026-09-28); source header 'INFO'
GCST90014453	INFO	imputation_info	Operator-approved synonym of the GWAS-SSF info field (opengwasdb-stores#176, 2026-09-28); source header 'INFO'
GCST90014454	INFO	imputation_info	Operator-approved synonym of the GWAS-SSF info field (opengwasdb-stores#176, 2026-09-28); source header 'INFO'
GCST90014455	INFO	imputation_info	Operator-approved synonym of the GWAS-SSF info field (opengwasdb-stores#176, 2026-09-28); source header 'INFO'
GCST90014456	INFO	imputation_info	Operator-approved synonym of the GWAS-SSF info field (opengwasdb-stores#176, 2026-09-28); source header 'INFO'
GCST90014457	INFO	imputation_info	Operator-approved synonym of the GWAS-SSF info field (opengwasdb-stores#176, 2026-09-28); source header 'INFO'
GCST90014458	INFO	imputation_info	Operator-approved synonym of the GWAS-SSF info field (opengwasdb-stores#176, 2026-09-28); source header 'INFO'
GCST90014459	INFO	imputation_info	Operator-approved synonym of the GWAS-SSF info field (opengwasdb-stores#176, 2026-09-28); source header 'INFO'
GCST90014460	INFO	imputation_info	Operator-approved synonym of the GWAS-SSF info field (opengwasdb-stores#176, 2026-09-28); source header 'INFO'
GCST90014461	INFO	imputation_info	Operator-approved synonym of the GWAS-SSF info field (opengwasdb-stores#176, 2026-09-28); source header 'INFO'
GCST90014462	INFO	imputation_info	Operator-approved synonym of the GWAS-SSF info field (opengwasdb-stores#176, 2026-09-28); source header 'INFO'
GCST90014463	INFO	imputation_info	Operator-approved synonym of the GWAS-SSF info field (opengwasdb-stores#176, 2026-09-28); source header 'INFO'
GCST90014464	INFO	imputation_info	Operator-approved synonym of the GWAS-SSF info field (opengwasdb-stores#176, 2026-09-28); source header 'INFO'
GCST90014465	INFO	imputation_info	Operator-approved synonym of the GWAS-SSF info field (opengwasdb-stores#176, 2026-09-28); source header 'INFO'
GCST90016665	imputed_r2	imputation_r2	Operator-approved synonym of the GWAS-SSF info field (opengwasdb-stores#176, 2026-09-28); source header 'imputed_r2'
GCST90019012	INFO	imputation_info	Operator-approved synonym of the GWAS-SSF info field (opengwasdb-stores#176, 2026-09-28); source header 'INFO'
GCST90019013	INFO	imputation_info	Operator-approved synonym of the GWAS-SSF info field (opengwasdb-stores#176, 2026-09-28); source header 'INFO'
GCST90019014	INFO	imputation_info	Operator-approved synonym of the GWAS-SSF info field (opengwasdb-stores#176, 2026-09-28); source header 'INFO'
GCST90020024	info	imputation_info	GWAS Catalog summary statistics format (GWAS-SSF) defines the info field as 'Imputation information metric', a number between 0 and 1 (https://www.ebi.ac.uk/gwas/docs/summary-statistics-format, retrieved 2026-09-28)
GCST90020025	info	imputation_info	GWAS Catalog summary statistics format (GWAS-SSF) defines the info field as 'Imputation information metric', a number between 0 and 1 (https://www.ebi.ac.uk/gwas/docs/summary-statistics-format, retrieved 2026-09-28)
GCST90020026	info	imputation_info	GWAS Catalog summary statistics format (GWAS-SSF) defines the info field as 'Imputation information metric', a number between 0 and 1 (https://www.ebi.ac.uk/gwas/docs/summary-statistics-format, retrieved 2026-09-28)
GCST90020027	info	imputation_info	GWAS Catalog summary statistics format (GWAS-SSF) defines the info field as 'Imputation information metric', a number between 0 and 1 (https://www.ebi.ac.uk/gwas/docs/summary-statistics-format, retrieved 2026-09-28)
GCST90020028	info	imputation_info	GWAS Catalog summary statistics format (GWAS-SSF) defines the info field as 'Imputation information metric', a number between 0 and 1 (https://www.ebi.ac.uk/gwas/docs/summary-statistics-format, retrieved 2026-09-28)
GCST90020029	info	imputation_info	GWAS Catalog summary statistics format (GWAS-SSF) defines the info field as 'Imputation information metric', a number between 0 and 1 (https://www.ebi.ac.uk/gwas/docs/summary-statistics-format, retrieved 2026-09-28)
GCST90028994	INFO	imputation_info	Operator-approved synonym of the GWAS-SSF info field (opengwasdb-stores#176, 2026-09-28); source header 'INFO'
GCST90029020	INFO	imputation_info	Operator-approved synonym of the GWAS-SSF info field (opengwasdb-stores#176, 2026-09-28); source header 'INFO'
GCST90029021	INFO	imputation_info	Operator-approved synonym of the GWAS-SSF info field (opengwasdb-stores#176, 2026-09-28); source header 'INFO'
GCST90085819	INFO	imputation_info	Operator-approved synonym of the GWAS-SSF info field (opengwasdb-stores#176, 2026-09-28); source header 'INFO'
GCST90085820	INFO	imputation_info	Operator-approved synonym of the GWAS-SSF info field (opengwasdb-stores#176, 2026-09-28); source header 'INFO'
GCST90085821	INFO	imputation_info	Operator-approved synonym of the GWAS-SSF info field (opengwasdb-stores#176, 2026-09-28); source header 'INFO'
GCST90085822	INFO	imputation_info	Operator-approved synonym of the GWAS-SSF info field (opengwasdb-stores#176, 2026-09-28); source header 'INFO'
GCST90085823	INFO	imputation_info	Operator-approved synonym of the GWAS-SSF info field (opengwasdb-stores#176, 2026-09-28); source header 'INFO'
GCST90085824	INFO	imputation_info	Operator-approved synonym of the GWAS-SSF info field (opengwasdb-stores#176, 2026-09-28); source header 'INFO'
GCST90085825	INFO	imputation_info	Operator-approved synonym of the GWAS-SSF info field (opengwasdb-stores#176, 2026-09-28); source header 'INFO'
GCST90085826	INFO	imputation_info	Operator-approved synonym of the GWAS-SSF info field (opengwasdb-stores#176, 2026-09-28); source header 'INFO'
GCST90085827	INFO	imputation_info	Operator-approved synonym of the GWAS-SSF info field (opengwasdb-stores#176, 2026-09-28); source header 'INFO'
GCST90085828	INFO	imputation_info	Operator-approved synonym of the GWAS-SSF info field (opengwasdb-stores#176, 2026-09-28); source header 'INFO'
GCST90085829	INFO	imputation_info	Operator-approved synonym of the GWAS-SSF info field (opengwasdb-stores#176, 2026-09-28); source header 'INFO'
GCST90085830	INFO	imputation_info	Operator-approved synonym of the GWAS-SSF info field (opengwasdb-stores#176, 2026-09-28); source header 'INFO'
GCST90085831	INFO	imputation_info	Operator-approved synonym of the GWAS-SSF info field (opengwasdb-stores#176, 2026-09-28); source header 'INFO'
GCST90085832	INFO	imputation_info	Operator-approved synonym of the GWAS-SSF info field (opengwasdb-stores#176, 2026-09-28); source header 'INFO'
GCST90085833	INFO	imputation_info	Operator-approved synonym of the GWAS-SSF info field (opengwasdb-stores#176, 2026-09-28); source header 'INFO'
GCST90085834	INFO	imputation_info	Operator-approved synonym of the GWAS-SSF info field (opengwasdb-stores#176, 2026-09-28); source header 'INFO'
GCST90085835	INFO	imputation_info	Operator-approved synonym of the GWAS-SSF info field (opengwasdb-stores#176, 2026-09-28); source header 'INFO'
GCST90085836	INFO	imputation_info	Operator-approved synonym of the GWAS-SSF info field (opengwasdb-stores#176, 2026-09-28); source header 'INFO'
GCST90085837	INFO	imputation_info	Operator-approved synonym of the GWAS-SSF info field (opengwasdb-stores#176, 2026-09-28); source header 'INFO'
GCST90085838	INFO	imputation_info	Operator-approved synonym of the GWAS-SSF info field (opengwasdb-stores#176, 2026-09-28); source header 'INFO'
GCST90085839	INFO	imputation_info	Operator-approved synonym of the GWAS-SSF info field (opengwasdb-stores#176, 2026-09-28); source header 'INFO'
GCST90085840	INFO	imputation_info	Operator-approved synonym of the GWAS-SSF info field (opengwasdb-stores#176, 2026-09-28); source header 'INFO'
GCST90085841	INFO	imputation_info	Operator-approved synonym of the GWAS-SSF info field (opengwasdb-stores#176, 2026-09-28); source header 'INFO'
GCST90085842	INFO	imputation_info	Operator-approved synonym of the GWAS-SSF info field (opengwasdb-stores#176, 2026-09-28); source header 'INFO'
GCST90085843	INFO	imputation_info	Operator-approved synonym of the GWAS-SSF info field (opengwasdb-stores#176, 2026-09-28); source header 'INFO'
GCST90085844	INFO	imputation_info	Operator-approved synonym of the GWAS-SSF info field (opengwasdb-stores#176, 2026-09-28); source header 'INFO'
GCST90085845	INFO	imputation_info	Operator-approved synonym of the GWAS-SSF info field (opengwasdb-stores#176, 2026-09-28); source header 'INFO'
GCST90085846	INFO	imputation_info	Operator-approved synonym of the GWAS-SSF info field (opengwasdb-stores#176, 2026-09-28); source header 'INFO'
GCST90085847	INFO	imputation_info	Operator-approved synonym of the GWAS-SSF info field (opengwasdb-stores#176, 2026-09-28); source header 'INFO'
GCST90085848	INFO	imputation_info	Operator-approved synonym of the GWAS-SSF info field (opengwasdb-stores#176, 2026-09-28); source header 'INFO'
GCST90085849	INFO	imputation_info	Operator-approved synonym of the GWAS-SSF info field (opengwasdb-stores#176, 2026-09-28); source header 'INFO'
GCST90085850	INFO	imputation_info	Operator-approved synonym of the GWAS-SSF info field (opengwasdb-stores#176, 2026-09-28); source header 'INFO'
GCST90085851	INFO	imputation_info	Operator-approved synonym of the GWAS-SSF info field (opengwasdb-stores#176, 2026-09-28); source header 'INFO'
GCST90085852	INFO	imputation_info	Operator-approved synonym of the GWAS-SSF info field (opengwasdb-stores#176, 2026-09-28); source header 'INFO'
GCST90085853	INFO	imputation_info	Operator-approved synonym of the GWAS-SSF info field (opengwasdb-stores#176, 2026-09-28); source header 'INFO'
GCST90085854	INFO	imputation_info	Operator-approved synonym of the GWAS-SSF info field (opengwasdb-stores#176, 2026-09-28); source header 'INFO'
GCST90085855	INFO	imputation_info	Operator-approved synonym of the GWAS-SSF info field (opengwasdb-stores#176, 2026-09-28); source header 'INFO'
GCST90085856	INFO	imputation_info	Operator-approved synonym of the GWAS-SSF info field (opengwasdb-stores#176, 2026-09-28); source header 'INFO'
GCST90085857	INFO	imputation_info	Operator-approved synonym of the GWAS-SSF info field (opengwasdb-stores#176, 2026-09-28); source header 'INFO'
GCST90085858	INFO	imputation_info	Operator-approved synonym of the GWAS-SSF info field (opengwasdb-stores#176, 2026-09-28); source header 'INFO'
GCST90085859	INFO	imputation_info	Operator-approved synonym of the GWAS-SSF info field (opengwasdb-stores#176, 2026-09-28); source header 'INFO'
GCST90085860	INFO	imputation_info	Operator-approved synonym of the GWAS-SSF info field (opengwasdb-stores#176, 2026-09-28); source header 'INFO'
GCST90085861	INFO	imputation_info	Operator-approved synonym of the GWAS-SSF info field (opengwasdb-stores#176, 2026-09-28); source header 'INFO'
GCST90085862	INFO	imputation_info	Operator-approved synonym of the GWAS-SSF info field (opengwasdb-stores#176, 2026-09-28); source header 'INFO'
GCST90085863	INFO	imputation_info	Operator-approved synonym of the GWAS-SSF info field (opengwasdb-stores#176, 2026-09-28); source header 'INFO'
GCST90085864	INFO	imputation_info	Operator-approved synonym of the GWAS-SSF info field (opengwasdb-stores#176, 2026-09-28); source header 'INFO'
GCST90085865	INFO	imputation_info	Operator-approved synonym of the GWAS-SSF info field (opengwasdb-stores#176, 2026-09-28); source header 'INFO'
GCST90085866	INFO	imputation_info	Operator-approved synonym of the GWAS-SSF info field (opengwasdb-stores#176, 2026-09-28); source header 'INFO'
GCST90085867	INFO	imputation_info	Operator-approved synonym of the GWAS-SSF info field (opengwasdb-stores#176, 2026-09-28); source header 'INFO'
GCST90085868	INFO	imputation_info	Operator-approved synonym of the GWAS-SSF info field (opengwasdb-stores#176, 2026-09-28); source header 'INFO'
GCST90085869	INFO	imputation_info	Operator-approved synonym of the GWAS-SSF info field (opengwasdb-stores#176, 2026-09-28); source header 'INFO'
GCST90085870	INFO	imputation_info	Operator-approved synonym of the GWAS-SSF info field (opengwasdb-stores#176, 2026-09-28); source header 'INFO'
GCST90085871	INFO	imputation_info	Operator-approved synonym of the GWAS-SSF info field (opengwasdb-stores#176, 2026-09-28); source header 'INFO'
GCST90085872	INFO	imputation_info	Operator-approved synonym of the GWAS-SSF info field (opengwasdb-stores#176, 2026-09-28); source header 'INFO'
GCST90085873	INFO	imputation_info	Operator-approved synonym of the GWAS-SSF info field (opengwasdb-stores#176, 2026-09-28); source header 'INFO'
GCST90085874	INFO	imputation_info	Operator-approved synonym of the GWAS-SSF info field (opengwasdb-stores#176, 2026-09-28); source header 'INFO'
GCST90085875	INFO	imputation_info	Operator-approved synonym of the GWAS-SSF info field (opengwasdb-stores#176, 2026-09-28); source header 'INFO'
GCST90085876	INFO	imputation_info	Operator-approved synonym of the GWAS-SSF info field (opengwasdb-stores#176, 2026-09-28); source header 'INFO'
GCST90085877	INFO	imputation_info	Operator-approved synonym of the GWAS-SSF info field (opengwasdb-stores#176, 2026-09-28); source header 'INFO'
GCST90085878	INFO	imputation_info	Operator-approved synonym of the GWAS-SSF info field (opengwasdb-stores#176, 2026-09-28); source header 'INFO'
GCST90085879	INFO	imputation_info	Operator-approved synonym of the GWAS-SSF info field (opengwasdb-stores#176, 2026-09-28); source header 'INFO'
GCST90085880	INFO	imputation_info	Operator-approved synonym of the GWAS-SSF info field (opengwasdb-stores#176, 2026-09-28); source header 'INFO'
GCST90085881	INFO	imputation_info	Operator-approved synonym of the GWAS-SSF info field (opengwasdb-stores#176, 2026-09-28); source header 'INFO'
GCST90085882	INFO	imputation_info	Operator-approved synonym of the GWAS-SSF info field (opengwasdb-stores#176, 2026-09-28); source header 'INFO'
GCST90085883	INFO	imputation_info	Operator-approved synonym of the GWAS-SSF info field (opengwasdb-stores#176, 2026-09-28); source header 'INFO'
GCST90085884	INFO	imputation_info	Operator-approved synonym of the GWAS-SSF info field (opengwasdb-stores#176, 2026-09-28); source header 'INFO'
GCST90085885	INFO	imputation_info	Operator-approved synonym of the GWAS-SSF info field (opengwasdb-stores#176, 2026-09-28); source header 'INFO'
GCST90085886	INFO	imputation_info	Operator-approved synonym of the GWAS-SSF info field (opengwasdb-stores#176, 2026-09-28); source header 'INFO'
GCST90085887	INFO	imputation_info	Operator-approved synonym of the GWAS-SSF info field (opengwasdb-stores#176, 2026-09-28); source header 'INFO'
GCST90085888	INFO	imputation_info	Operator-approved synonym of the GWAS-SSF info field (opengwasdb-stores#176, 2026-09-28); source header 'INFO'
GCST90085889	INFO	imputation_info	Operator-approved synonym of the GWAS-SSF info field (opengwasdb-stores#176, 2026-09-28); source header 'INFO'
GCST90085890	INFO	imputation_info	Operator-approved synonym of the GWAS-SSF info field (opengwasdb-stores#176, 2026-09-28); source header 'INFO'
GCST90085891	INFO	imputation_info	Operator-approved synonym of the GWAS-SSF info field (opengwasdb-stores#176, 2026-09-28); source header 'INFO'
GCST90085892	INFO	imputation_info	Operator-approved synonym of the GWAS-SSF info field (opengwasdb-stores#176, 2026-09-28); source header 'INFO'
GCST90085893	INFO	imputation_info	Operator-approved synonym of the GWAS-SSF info field (opengwasdb-stores#176, 2026-09-28); source header 'INFO'
GCST90085894	INFO	imputation_info	Operator-approved synonym of the GWAS-SSF info field (opengwasdb-stores#176, 2026-09-28); source header 'INFO'
GCST90085895	INFO	imputation_info	Operator-approved synonym of the GWAS-SSF info field (opengwasdb-stores#176, 2026-09-28); source header 'INFO'
GCST90085896	INFO	imputation_info	Operator-approved synonym of the GWAS-SSF info field (opengwasdb-stores#176, 2026-09-28); source header 'INFO'
GCST90085897	INFO	imputation_info	Operator-approved synonym of the GWAS-SSF info field (opengwasdb-stores#176, 2026-09-28); source header 'INFO'
GCST90085898	INFO	imputation_info	Operator-approved synonym of the GWAS-SSF info field (opengwasdb-stores#176, 2026-09-28); source header 'INFO'
GCST90085899	INFO	imputation_info	Operator-approved synonym of the GWAS-SSF info field (opengwasdb-stores#176, 2026-09-28); source header 'INFO'
GCST90085900	INFO	imputation_info	Operator-approved synonym of the GWAS-SSF info field (opengwasdb-stores#176, 2026-09-28); source header 'INFO'
GCST90085901	INFO	imputation_info	Operator-approved synonym of the GWAS-SSF info field (opengwasdb-stores#176, 2026-09-28); source header 'INFO'
GCST90094400	INFO	imputation_info	Operator-approved synonym of the GWAS-SSF info field (opengwasdb-stores#176, 2026-09-28); source header 'INFO'
GCST90094401	INFO	imputation_info	Operator-approved synonym of the GWAS-SSF info field (opengwasdb-stores#176, 2026-09-28); source header 'INFO'
GCST90100572	INFO	imputation_info	Operator-approved synonym of the GWAS-SSF info field (opengwasdb-stores#176, 2026-09-28); source header 'INFO'
GCST90100573	INFO	imputation_info	Operator-approved synonym of the GWAS-SSF info field (opengwasdb-stores#176, 2026-09-28); source header 'INFO'
GCST90100574	INFO	imputation_info	Operator-approved synonym of the GWAS-SSF info field (opengwasdb-stores#176, 2026-09-28); source header 'INFO'
GCST90100575	INFO	imputation_info	Operator-approved synonym of the GWAS-SSF info field (opengwasdb-stores#176, 2026-09-28); source header 'INFO'
GCST90100577	INFO	imputation_info	Operator-approved synonym of the GWAS-SSF info field (opengwasdb-stores#176, 2026-09-28); source header 'INFO'
GCST90100578	INFO	imputation_info	Operator-approved synonym of the GWAS-SSF info field (opengwasdb-stores#176, 2026-09-28); source header 'INFO'
GCST90100579	INFO	imputation_info	Operator-approved synonym of the GWAS-SSF info field (opengwasdb-stores#176, 2026-09-28); source header 'INFO'
GCST90100580	INFO	imputation_info	Operator-approved synonym of the GWAS-SSF info field (opengwasdb-stores#176, 2026-09-28); source header 'INFO'
GCST90100581	INFO	imputation_info	Operator-approved synonym of the GWAS-SSF info field (opengwasdb-stores#176, 2026-09-28); source header 'INFO'
GCST90100582	INFO	imputation_info	Operator-approved synonym of the GWAS-SSF info field (opengwasdb-stores#176, 2026-09-28); source header 'INFO'
GCST90102460	Info	imputation_info	Operator-approved synonym of the GWAS-SSF info field (opengwasdb-stores#176, 2026-09-28); source header 'Info'
GCST90102618	INFO	imputation_info	Operator-approved synonym of the GWAS-SSF info field (opengwasdb-stores#176, 2026-09-28); source header 'INFO'
GCST90102619	INFO	imputation_info	Operator-approved synonym of the GWAS-SSF info field (opengwasdb-stores#176, 2026-09-28); source header 'INFO'
GCST90102620	INFO	imputation_info	Operator-approved synonym of the GWAS-SSF info field (opengwasdb-stores#176, 2026-09-28); source header 'INFO'
GCST90102621	INFO	imputation_info	Operator-approved synonym of the GWAS-SSF info field (opengwasdb-stores#176, 2026-09-28); source header 'INFO'
GCST90102622	INFO	imputation_info	Operator-approved synonym of the GWAS-SSF info field (opengwasdb-stores#176, 2026-09-28); source header 'INFO'
GCST90104907	INFO	imputation_info	Operator-approved synonym of the GWAS-SSF info field (opengwasdb-stores#176, 2026-09-28); source header 'INFO'
GCST90105075	INFO_UKB	imputation_info	Operator-approved synonym of the GWAS-SSF info field (opengwasdb-stores#176, 2026-09-28); source header 'INFO_UKB'
GCST90105076	INFO_UKB	imputation_info	Operator-approved synonym of the GWAS-SSF info field (opengwasdb-stores#176, 2026-09-28); source header 'INFO_UKB'
GCST90105077	INFO_UKB	imputation_info	Operator-approved synonym of the GWAS-SSF info field (opengwasdb-stores#176, 2026-09-28); source header 'INFO_UKB'
GCST90128518	info	imputation_info	GWAS Catalog summary statistics format (GWAS-SSF) defines the info field as 'Imputation information metric', a number between 0 and 1 (https://www.ebi.ac.uk/gwas/docs/summary-statistics-format, retrieved 2026-09-28)
GCST90129428	INFO	imputation_info	Operator-approved synonym of the GWAS-SSF info field (opengwasdb-stores#176, 2026-09-28); source header 'INFO'
GCST90129429	INFO	imputation_info	Operator-approved synonym of the GWAS-SSF info field (opengwasdb-stores#176, 2026-09-28); source header 'INFO'
GCST90129430	INFO	imputation_info	Operator-approved synonym of the GWAS-SSF info field (opengwasdb-stores#176, 2026-09-28); source header 'INFO'
GCST90129431	INFO	imputation_info	Operator-approved synonym of the GWAS-SSF info field (opengwasdb-stores#176, 2026-09-28); source header 'INFO'
GCST90129432	INFO	imputation_info	Operator-approved synonym of the GWAS-SSF info field (opengwasdb-stores#176, 2026-09-28); source header 'INFO'
GCST90129433	INFO	imputation_info	Operator-approved synonym of the GWAS-SSF info field (opengwasdb-stores#176, 2026-09-28); source header 'INFO'
GCST90129434	INFO	imputation_info	Operator-approved synonym of the GWAS-SSF info field (opengwasdb-stores#176, 2026-09-28); source header 'INFO'
GCST90129435	INFO	imputation_info	Operator-approved synonym of the GWAS-SSF info field (opengwasdb-stores#176, 2026-09-28); source header 'INFO'
GCST90129436	INFO	imputation_info	Operator-approved synonym of the GWAS-SSF info field (opengwasdb-stores#176, 2026-09-28); source header 'INFO'
GCST90129437	INFO	imputation_info	Operator-approved synonym of the GWAS-SSF info field (opengwasdb-stores#176, 2026-09-28); source header 'INFO'
GCST90129438	INFO	imputation_info	Operator-approved synonym of the GWAS-SSF info field (opengwasdb-stores#176, 2026-09-28); source header 'INFO'
GCST90129439	INFO	imputation_info	Operator-approved synonym of the GWAS-SSF info field (opengwasdb-stores#176, 2026-09-28); source header 'INFO'
GCST90129440	INFO	imputation_info	Operator-approved synonym of the GWAS-SSF info field (opengwasdb-stores#176, 2026-09-28); source header 'INFO'
GCST90129441	INFO	imputation_info	Operator-approved synonym of the GWAS-SSF info field (opengwasdb-stores#176, 2026-09-28); source header 'INFO'
GCST90129442	INFO	imputation_info	Operator-approved synonym of the GWAS-SSF info field (opengwasdb-stores#176, 2026-09-28); source header 'INFO'
GCST90129443	INFO	imputation_info	Operator-approved synonym of the GWAS-SSF info field (opengwasdb-stores#176, 2026-09-28); source header 'INFO'
GCST90129444	INFO	imputation_info	Operator-approved synonym of the GWAS-SSF info field (opengwasdb-stores#176, 2026-09-28); source header 'INFO'
GCST90129445	INFO	imputation_info	Operator-approved synonym of the GWAS-SSF info field (opengwasdb-stores#176, 2026-09-28); source header 'INFO'
GCST90129446	INFO	imputation_info	Operator-approved synonym of the GWAS-SSF info field (opengwasdb-stores#176, 2026-09-28); source header 'INFO'
GCST90129447	INFO	imputation_info	Operator-approved synonym of the GWAS-SSF info field (opengwasdb-stores#176, 2026-09-28); source header 'INFO'
GCST90129448	INFO	imputation_info	Operator-approved synonym of the GWAS-SSF info field (opengwasdb-stores#176, 2026-09-28); source header 'INFO'
GCST90129449	INFO	imputation_info	Operator-approved synonym of the GWAS-SSF info field (opengwasdb-stores#176, 2026-09-28); source header 'INFO'
GCST90129450	INFO	imputation_info	Operator-approved synonym of the GWAS-SSF info field (opengwasdb-stores#176, 2026-09-28); source header 'INFO'
GCST90129451	INFO	imputation_info	Operator-approved synonym of the GWAS-SSF info field (opengwasdb-stores#176, 2026-09-28); source header 'INFO'
GCST90129452	INFO	imputation_info	Operator-approved synonym of the GWAS-SSF info field (opengwasdb-stores#176, 2026-09-28); source header 'INFO'
GCST90129453	INFO	imputation_info	Operator-approved synonym of the GWAS-SSF info field (opengwasdb-stores#176, 2026-09-28); source header 'INFO'
GCST90129454	INFO	imputation_info	Operator-approved synonym of the GWAS-SSF info field (opengwasdb-stores#176, 2026-09-28); source header 'INFO'
GCST90129455	INFO	imputation_info	Operator-approved synonym of the GWAS-SSF info field (opengwasdb-stores#176, 2026-09-28); source header 'INFO'
GCST90129456	INFO	imputation_info	Operator-approved synonym of the GWAS-SSF info field (opengwasdb-stores#176, 2026-09-28); source header 'INFO'
GCST90129457	INFO	imputation_info	Operator-approved synonym of the GWAS-SSF info field (opengwasdb-stores#176, 2026-09-28); source header 'INFO'
GCST90129458	INFO	imputation_info	Operator-approved synonym of the GWAS-SSF info field (opengwasdb-stores#176, 2026-09-28); source header 'INFO'
GCST90129459	INFO	imputation_info	Operator-approved synonym of the GWAS-SSF info field (opengwasdb-stores#176, 2026-09-28); source header 'INFO'
GCST90129460	INFO	imputation_info	Operator-approved synonym of the GWAS-SSF info field (opengwasdb-stores#176, 2026-09-28); source header 'INFO'
GCST90129575	INFO	imputation_info	Operator-approved synonym of the GWAS-SSF info field (opengwasdb-stores#176, 2026-09-28); source header 'INFO'
GCST90134532	info	imputation_info	GWAS Catalog summary statistics format (GWAS-SSF) defines the info field as 'Imputation information metric', a number between 0 and 1 (https://www.ebi.ac.uk/gwas/docs/summary-statistics-format, retrieved 2026-09-28)
GCST90134588	variant_info_score	imputation_info	Operator-approved synonym of the GWAS-SSF info field (opengwasdb-stores#176, 2026-09-28); source header 'variant_info_score'
GCST90134589	variant_info_score	imputation_info	Operator-approved synonym of the GWAS-SSF info field (opengwasdb-stores#176, 2026-09-28); source header 'variant_info_score'
GCST90134590	variant_info_score	imputation_info	Operator-approved synonym of the GWAS-SSF info field (opengwasdb-stores#176, 2026-09-28); source header 'variant_info_score'
GCST90134591	variant_info_score	imputation_info	Operator-approved synonym of the GWAS-SSF info field (opengwasdb-stores#176, 2026-09-28); source header 'variant_info_score'
GCST90161173	INFO	imputation_info	Operator-approved synonym of the GWAS-SSF info field (opengwasdb-stores#176, 2026-09-28); source header 'INFO'
GCST90162547	INFO	imputation_info	Operator-approved synonym of the GWAS-SSF info field (opengwasdb-stores#176, 2026-09-28); source header 'INFO'
GCST90162548	INFO	imputation_info	Operator-approved synonym of the GWAS-SSF info field (opengwasdb-stores#176, 2026-09-28); source header 'INFO'
GCST90162549	INFO	imputation_info	Operator-approved synonym of the GWAS-SSF info field (opengwasdb-stores#176, 2026-09-28); source header 'INFO'
GCST90179114	INFO	imputation_info	Operator-approved synonym of the GWAS-SSF info field (opengwasdb-stores#176, 2026-09-28); source header 'INFO'
GCST90179115	INFO	imputation_info	Operator-approved synonym of the GWAS-SSF info field (opengwasdb-stores#176, 2026-09-28); source header 'INFO'
GCST90179116	INFO	imputation_info	Operator-approved synonym of the GWAS-SSF info field (opengwasdb-stores#176, 2026-09-28); source header 'INFO'
GCST90179117	INFO	imputation_info	Operator-approved synonym of the GWAS-SSF info field (opengwasdb-stores#176, 2026-09-28); source header 'INFO'
GCST90179118	INFO	imputation_info	Operator-approved synonym of the GWAS-SSF info field (opengwasdb-stores#176, 2026-09-28); source header 'INFO'
GCST90179119	INFO	imputation_info	Operator-approved synonym of the GWAS-SSF info field (opengwasdb-stores#176, 2026-09-28); source header 'INFO'
GCST90179120	INFO	imputation_info	Operator-approved synonym of the GWAS-SSF info field (opengwasdb-stores#176, 2026-09-28); source header 'INFO'
GCST90244167	imputed_r2	imputation_r2	Operator-approved synonym of the GWAS-SSF info field (opengwasdb-stores#176, 2026-09-28); source header 'imputed_r2'
GCST90244168	imputed_r2	imputation_r2	Operator-approved synonym of the GWAS-SSF info field (opengwasdb-stores#176, 2026-09-28); source header 'imputed_r2'
GCST90244169	imputed_r2	imputation_r2	Operator-approved synonym of the GWAS-SSF info field (opengwasdb-stores#176, 2026-09-28); source header 'imputed_r2'
GCST90244170	imputed_r2	imputation_r2	Operator-approved synonym of the GWAS-SSF info field (opengwasdb-stores#176, 2026-09-28); source header 'imputed_r2'
GCST90244171	imputed_r2	imputation_r2	Operator-approved synonym of the GWAS-SSF info field (opengwasdb-stores#176, 2026-09-28); source header 'imputed_r2'
GCST90244172	imputed_r2	imputation_r2	Operator-approved synonym of the GWAS-SSF info field (opengwasdb-stores#176, 2026-09-28); source header 'imputed_r2'
GCST90268116	info	imputation_info	GWAS Catalog summary statistics format (GWAS-SSF) defines the info field as 'Imputation information metric', a number between 0 and 1 (https://www.ebi.ac.uk/gwas/docs/summary-statistics-format, retrieved 2026-09-28)
GCST90268117	info	imputation_info	GWAS Catalog summary statistics format (GWAS-SSF) defines the info field as 'Imputation information metric', a number between 0 and 1 (https://www.ebi.ac.uk/gwas/docs/summary-statistics-format, retrieved 2026-09-28)
GCST90268118	info	imputation_info	GWAS Catalog summary statistics format (GWAS-SSF) defines the info field as 'Imputation information metric', a number between 0 and 1 (https://www.ebi.ac.uk/gwas/docs/summary-statistics-format, retrieved 2026-09-28)
GCST90268119	info	imputation_info	GWAS Catalog summary statistics format (GWAS-SSF) defines the info field as 'Imputation information metric', a number between 0 and 1 (https://www.ebi.ac.uk/gwas/docs/summary-statistics-format, retrieved 2026-09-28)
GCST90268120	info	imputation_info	GWAS Catalog summary statistics format (GWAS-SSF) defines the info field as 'Imputation information metric', a number between 0 and 1 (https://www.ebi.ac.uk/gwas/docs/summary-statistics-format, retrieved 2026-09-28)
GCST90268121	info	imputation_info	GWAS Catalog summary statistics format (GWAS-SSF) defines the info field as 'Imputation information metric', a number between 0 and 1 (https://www.ebi.ac.uk/gwas/docs/summary-statistics-format, retrieved 2026-09-28)
GCST90268122	info	imputation_info	GWAS Catalog summary statistics format (GWAS-SSF) defines the info field as 'Imputation information metric', a number between 0 and 1 (https://www.ebi.ac.uk/gwas/docs/summary-statistics-format, retrieved 2026-09-28)
GCST90268123	info	imputation_info	GWAS Catalog summary statistics format (GWAS-SSF) defines the info field as 'Imputation information metric', a number between 0 and 1 (https://www.ebi.ac.uk/gwas/docs/summary-statistics-format, retrieved 2026-09-28)
GCST90268124	info	imputation_info	GWAS Catalog summary statistics format (GWAS-SSF) defines the info field as 'Imputation information metric', a number between 0 and 1 (https://www.ebi.ac.uk/gwas/docs/summary-statistics-format, retrieved 2026-09-28)
GCST90268125	info	imputation_info	GWAS Catalog summary statistics format (GWAS-SSF) defines the info field as 'Imputation information metric', a number between 0 and 1 (https://www.ebi.ac.uk/gwas/docs/summary-statistics-format, retrieved 2026-09-28)
GCST90268126	info	imputation_info	GWAS Catalog summary statistics format (GWAS-SSF) defines the info field as 'Imputation information metric', a number between 0 and 1 (https://www.ebi.ac.uk/gwas/docs/summary-statistics-format, retrieved 2026-09-28)
GCST90268127	info	imputation_info	GWAS Catalog summary statistics format (GWAS-SSF) defines the info field as 'Imputation information metric', a number between 0 and 1 (https://www.ebi.ac.uk/gwas/docs/summary-statistics-format, retrieved 2026-09-28)
GCST90268128	info	imputation_info	GWAS Catalog summary statistics format (GWAS-SSF) defines the info field as 'Imputation information metric', a number between 0 and 1 (https://www.ebi.ac.uk/gwas/docs/summary-statistics-format, retrieved 2026-09-28)
GCST90268129	info	imputation_info	GWAS Catalog summary statistics format (GWAS-SSF) defines the info field as 'Imputation information metric', a number between 0 and 1 (https://www.ebi.ac.uk/gwas/docs/summary-statistics-format, retrieved 2026-09-28)
GCST90268130	info	imputation_info	GWAS Catalog summary statistics format (GWAS-SSF) defines the info field as 'Imputation information metric', a number between 0 and 1 (https://www.ebi.ac.uk/gwas/docs/summary-statistics-format, retrieved 2026-09-28)
GCST90268131	info	imputation_info	GWAS Catalog summary statistics format (GWAS-SSF) defines the info field as 'Imputation information metric', a number between 0 and 1 (https://www.ebi.ac.uk/gwas/docs/summary-statistics-format, retrieved 2026-09-28)
GCST90268132	info	imputation_info	GWAS Catalog summary statistics format (GWAS-SSF) defines the info field as 'Imputation information metric', a number between 0 and 1 (https://www.ebi.ac.uk/gwas/docs/summary-statistics-format, retrieved 2026-09-28)
GCST90268133	info	imputation_info	GWAS Catalog summary statistics format (GWAS-SSF) defines the info field as 'Imputation information metric', a number between 0 and 1 (https://www.ebi.ac.uk/gwas/docs/summary-statistics-format, retrieved 2026-09-28)
GCST90268134	info	imputation_info	GWAS Catalog summary statistics format (GWAS-SSF) defines the info field as 'Imputation information metric', a number between 0 and 1 (https://www.ebi.ac.uk/gwas/docs/summary-statistics-format, retrieved 2026-09-28)
GCST90268135	info	imputation_info	GWAS Catalog summary statistics format (GWAS-SSF) defines the info field as 'Imputation information metric', a number between 0 and 1 (https://www.ebi.ac.uk/gwas/docs/summary-statistics-format, retrieved 2026-09-28)
GCST90268136	info	imputation_info	GWAS Catalog summary statistics format (GWAS-SSF) defines the info field as 'Imputation information metric', a number between 0 and 1 (https://www.ebi.ac.uk/gwas/docs/summary-statistics-format, retrieved 2026-09-28)
GCST90268137	info	imputation_info	GWAS Catalog summary statistics format (GWAS-SSF) defines the info field as 'Imputation information metric', a number between 0 and 1 (https://www.ebi.ac.uk/gwas/docs/summary-statistics-format, retrieved 2026-09-28)
GCST90268138	info	imputation_info	GWAS Catalog summary statistics format (GWAS-SSF) defines the info field as 'Imputation information metric', a number between 0 and 1 (https://www.ebi.ac.uk/gwas/docs/summary-statistics-format, retrieved 2026-09-28)
GCST90268139	info	imputation_info	GWAS Catalog summary statistics format (GWAS-SSF) defines the info field as 'Imputation information metric', a number between 0 and 1 (https://www.ebi.ac.uk/gwas/docs/summary-statistics-format, retrieved 2026-09-28)
GCST90268140	info	imputation_info	GWAS Catalog summary statistics format (GWAS-SSF) defines the info field as 'Imputation information metric', a number between 0 and 1 (https://www.ebi.ac.uk/gwas/docs/summary-statistics-format, retrieved 2026-09-28)
GCST90268141	info	imputation_info	GWAS Catalog summary statistics format (GWAS-SSF) defines the info field as 'Imputation information metric', a number between 0 and 1 (https://www.ebi.ac.uk/gwas/docs/summary-statistics-format, retrieved 2026-09-28)
GCST90268142	info	imputation_info	GWAS Catalog summary statistics format (GWAS-SSF) defines the info field as 'Imputation information metric', a number between 0 and 1 (https://www.ebi.ac.uk/gwas/docs/summary-statistics-format, retrieved 2026-09-28)
GCST90268143	info	imputation_info	GWAS Catalog summary statistics format (GWAS-SSF) defines the info field as 'Imputation information metric', a number between 0 and 1 (https://www.ebi.ac.uk/gwas/docs/summary-statistics-format, retrieved 2026-09-28)
GCST90268144	info	imputation_info	GWAS Catalog summary statistics format (GWAS-SSF) defines the info field as 'Imputation information metric', a number between 0 and 1 (https://www.ebi.ac.uk/gwas/docs/summary-statistics-format, retrieved 2026-09-28)
GCST90268145	info	imputation_info	GWAS Catalog summary statistics format (GWAS-SSF) defines the info field as 'Imputation information metric', a number between 0 and 1 (https://www.ebi.ac.uk/gwas/docs/summary-statistics-format, retrieved 2026-09-28)
GCST90268146	info	imputation_info	GWAS Catalog summary statistics format (GWAS-SSF) defines the info field as 'Imputation information metric', a number between 0 and 1 (https://www.ebi.ac.uk/gwas/docs/summary-statistics-format, retrieved 2026-09-28)
GCST90268147	info	imputation_info	GWAS Catalog summary statistics format (GWAS-SSF) defines the info field as 'Imputation information metric', a number between 0 and 1 (https://www.ebi.ac.uk/gwas/docs/summary-statistics-format, retrieved 2026-09-28)
GCST90269902	info	imputation_info	GWAS Catalog summary statistics format (GWAS-SSF) defines the info field as 'Imputation information metric', a number between 0 and 1 (https://www.ebi.ac.uk/gwas/docs/summary-statistics-format, retrieved 2026-09-28)
GCST90270100	info	imputation_info	GWAS Catalog summary statistics format (GWAS-SSF) defines the info field as 'Imputation information metric', a number between 0 and 1 (https://www.ebi.ac.uk/gwas/docs/summary-statistics-format, retrieved 2026-09-28)
GCST90270101	info	imputation_info	GWAS Catalog summary statistics format (GWAS-SSF) defines the info field as 'Imputation information metric', a number between 0 and 1 (https://www.ebi.ac.uk/gwas/docs/summary-statistics-format, retrieved 2026-09-28)
GCST90270102	info	imputation_info	GWAS Catalog summary statistics format (GWAS-SSF) defines the info field as 'Imputation information metric', a number between 0 and 1 (https://www.ebi.ac.uk/gwas/docs/summary-statistics-format, retrieved 2026-09-28)
GCST90270103	info	imputation_info	GWAS Catalog summary statistics format (GWAS-SSF) defines the info field as 'Imputation information metric', a number between 0 and 1 (https://www.ebi.ac.uk/gwas/docs/summary-statistics-format, retrieved 2026-09-28)
GCST90270104	info	imputation_info	GWAS Catalog summary statistics format (GWAS-SSF) defines the info field as 'Imputation information metric', a number between 0 and 1 (https://www.ebi.ac.uk/gwas/docs/summary-statistics-format, retrieved 2026-09-28)
GCST90270105	info	imputation_info	GWAS Catalog summary statistics format (GWAS-SSF) defines the info field as 'Imputation information metric', a number between 0 and 1 (https://www.ebi.ac.uk/gwas/docs/summary-statistics-format, retrieved 2026-09-28)
GCST90270106	info	imputation_info	GWAS Catalog summary statistics format (GWAS-SSF) defines the info field as 'Imputation information metric', a number between 0 and 1 (https://www.ebi.ac.uk/gwas/docs/summary-statistics-format, retrieved 2026-09-28)
GCST90270107	info	imputation_info	GWAS Catalog summary statistics format (GWAS-SSF) defines the info field as 'Imputation information metric', a number between 0 and 1 (https://www.ebi.ac.uk/gwas/docs/summary-statistics-format, retrieved 2026-09-28)
GCST90270108	info	imputation_info	GWAS Catalog summary statistics format (GWAS-SSF) defines the info field as 'Imputation information metric', a number between 0 and 1 (https://www.ebi.ac.uk/gwas/docs/summary-statistics-format, retrieved 2026-09-28)
GCST90270109	info	imputation_info	GWAS Catalog summary statistics format (GWAS-SSF) defines the info field as 'Imputation information metric', a number between 0 and 1 (https://www.ebi.ac.uk/gwas/docs/summary-statistics-format, retrieved 2026-09-28)
GCST90270110	info	imputation_info	GWAS Catalog summary statistics format (GWAS-SSF) defines the info field as 'Imputation information metric', a number between 0 and 1 (https://www.ebi.ac.uk/gwas/docs/summary-statistics-format, retrieved 2026-09-28)
GCST90270111	info	imputation_info	GWAS Catalog summary statistics format (GWAS-SSF) defines the info field as 'Imputation information metric', a number between 0 and 1 (https://www.ebi.ac.uk/gwas/docs/summary-statistics-format, retrieved 2026-09-28)
GCST90270112	info	imputation_info	GWAS Catalog summary statistics format (GWAS-SSF) defines the info field as 'Imputation information metric', a number between 0 and 1 (https://www.ebi.ac.uk/gwas/docs/summary-statistics-format, retrieved 2026-09-28)
GCST90270113	info	imputation_info	GWAS Catalog summary statistics format (GWAS-SSF) defines the info field as 'Imputation information metric', a number between 0 and 1 (https://www.ebi.ac.uk/gwas/docs/summary-statistics-format, retrieved 2026-09-28)
GCST90271315	info	imputation_info	GWAS Catalog summary statistics format (GWAS-SSF) defines the info field as 'Imputation information metric', a number between 0 and 1 (https://www.ebi.ac.uk/gwas/docs/summary-statistics-format, retrieved 2026-09-28)
GCST90274723	info	imputation_info	GWAS Catalog summary statistics format (GWAS-SSF) defines the info field as 'Imputation information metric', a number between 0 and 1 (https://www.ebi.ac.uk/gwas/docs/summary-statistics-format, retrieved 2026-09-28)
GCST90275041	info	imputation_info	GWAS Catalog summary statistics format (GWAS-SSF) defines the info field as 'Imputation information metric', a number between 0 and 1 (https://www.ebi.ac.uk/gwas/docs/summary-statistics-format, retrieved 2026-09-28)
GCST90275044	info	imputation_info	GWAS Catalog summary statistics format (GWAS-SSF) defines the info field as 'Imputation information metric', a number between 0 and 1 (https://www.ebi.ac.uk/gwas/docs/summary-statistics-format, retrieved 2026-09-28)
GCST90275047	info	imputation_info	GWAS Catalog summary statistics format (GWAS-SSF) defines the info field as 'Imputation information metric', a number between 0 and 1 (https://www.ebi.ac.uk/gwas/docs/summary-statistics-format, retrieved 2026-09-28)
GCST90275050	info	imputation_info	GWAS Catalog summary statistics format (GWAS-SSF) defines the info field as 'Imputation information metric', a number between 0 and 1 (https://www.ebi.ac.uk/gwas/docs/summary-statistics-format, retrieved 2026-09-28)
GCST90275731	info	imputation_info	GWAS Catalog summary statistics format (GWAS-SSF) defines the info field as 'Imputation information metric', a number between 0 and 1 (https://www.ebi.ac.uk/gwas/docs/summary-statistics-format, retrieved 2026-09-28)
GCST90275732	info	imputation_info	GWAS Catalog summary statistics format (GWAS-SSF) defines the info field as 'Imputation information metric', a number between 0 and 1 (https://www.ebi.ac.uk/gwas/docs/summary-statistics-format, retrieved 2026-09-28)
GCST90275733	info	imputation_info	GWAS Catalog summary statistics format (GWAS-SSF) defines the info field as 'Imputation information metric', a number between 0 and 1 (https://www.ebi.ac.uk/gwas/docs/summary-statistics-format, retrieved 2026-09-28)
GCST90275734	info	imputation_info	GWAS Catalog summary statistics format (GWAS-SSF) defines the info field as 'Imputation information metric', a number between 0 and 1 (https://www.ebi.ac.uk/gwas/docs/summary-statistics-format, retrieved 2026-09-28)
GCST90275735	info	imputation_info	GWAS Catalog summary statistics format (GWAS-SSF) defines the info field as 'Imputation information metric', a number between 0 and 1 (https://www.ebi.ac.uk/gwas/docs/summary-statistics-format, retrieved 2026-09-28)
GCST90275736	info	imputation_info	GWAS Catalog summary statistics format (GWAS-SSF) defines the info field as 'Imputation information metric', a number between 0 and 1 (https://www.ebi.ac.uk/gwas/docs/summary-statistics-format, retrieved 2026-09-28)
GCST90275737	info	imputation_info	GWAS Catalog summary statistics format (GWAS-SSF) defines the info field as 'Imputation information metric', a number between 0 and 1 (https://www.ebi.ac.uk/gwas/docs/summary-statistics-format, retrieved 2026-09-28)
GCST90275738	info	imputation_info	GWAS Catalog summary statistics format (GWAS-SSF) defines the info field as 'Imputation information metric', a number between 0 and 1 (https://www.ebi.ac.uk/gwas/docs/summary-statistics-format, retrieved 2026-09-28)
GCST90275739	info	imputation_info	GWAS Catalog summary statistics format (GWAS-SSF) defines the info field as 'Imputation information metric', a number between 0 and 1 (https://www.ebi.ac.uk/gwas/docs/summary-statistics-format, retrieved 2026-09-28)
GCST90275740	info	imputation_info	GWAS Catalog summary statistics format (GWAS-SSF) defines the info field as 'Imputation information metric', a number between 0 and 1 (https://www.ebi.ac.uk/gwas/docs/summary-statistics-format, retrieved 2026-09-28)
GCST90275741	info	imputation_info	GWAS Catalog summary statistics format (GWAS-SSF) defines the info field as 'Imputation information metric', a number between 0 and 1 (https://www.ebi.ac.uk/gwas/docs/summary-statistics-format, retrieved 2026-09-28)
GCST90275742	info	imputation_info	GWAS Catalog summary statistics format (GWAS-SSF) defines the info field as 'Imputation information metric', a number between 0 and 1 (https://www.ebi.ac.uk/gwas/docs/summary-statistics-format, retrieved 2026-09-28)
GCST90275743	info	imputation_info	GWAS Catalog summary statistics format (GWAS-SSF) defines the info field as 'Imputation information metric', a number between 0 and 1 (https://www.ebi.ac.uk/gwas/docs/summary-statistics-format, retrieved 2026-09-28)
GCST90275744	info	imputation_info	GWAS Catalog summary statistics format (GWAS-SSF) defines the info field as 'Imputation information metric', a number between 0 and 1 (https://www.ebi.ac.uk/gwas/docs/summary-statistics-format, retrieved 2026-09-28)
GCST90275745	info	imputation_info	GWAS Catalog summary statistics format (GWAS-SSF) defines the info field as 'Imputation information metric', a number between 0 and 1 (https://www.ebi.ac.uk/gwas/docs/summary-statistics-format, retrieved 2026-09-28)
GCST90275746	info	imputation_info	GWAS Catalog summary statistics format (GWAS-SSF) defines the info field as 'Imputation information metric', a number between 0 and 1 (https://www.ebi.ac.uk/gwas/docs/summary-statistics-format, retrieved 2026-09-28)
GCST90275747	info	imputation_info	GWAS Catalog summary statistics format (GWAS-SSF) defines the info field as 'Imputation information metric', a number between 0 and 1 (https://www.ebi.ac.uk/gwas/docs/summary-statistics-format, retrieved 2026-09-28)
GCST90275748	info	imputation_info	GWAS Catalog summary statistics format (GWAS-SSF) defines the info field as 'Imputation information metric', a number between 0 and 1 (https://www.ebi.ac.uk/gwas/docs/summary-statistics-format, retrieved 2026-09-28)
GCST90275749	info	imputation_info	GWAS Catalog summary statistics format (GWAS-SSF) defines the info field as 'Imputation information metric', a number between 0 and 1 (https://www.ebi.ac.uk/gwas/docs/summary-statistics-format, retrieved 2026-09-28)
GCST90275750	info	imputation_info	GWAS Catalog summary statistics format (GWAS-SSF) defines the info field as 'Imputation information metric', a number between 0 and 1 (https://www.ebi.ac.uk/gwas/docs/summary-statistics-format, retrieved 2026-09-28)
GCST90275751	info	imputation_info	GWAS Catalog summary statistics format (GWAS-SSF) defines the info field as 'Imputation information metric', a number between 0 and 1 (https://www.ebi.ac.uk/gwas/docs/summary-statistics-format, retrieved 2026-09-28)
GCST90275752	info	imputation_info	GWAS Catalog summary statistics format (GWAS-SSF) defines the info field as 'Imputation information metric', a number between 0 and 1 (https://www.ebi.ac.uk/gwas/docs/summary-statistics-format, retrieved 2026-09-28)
GCST90275753	info	imputation_info	GWAS Catalog summary statistics format (GWAS-SSF) defines the info field as 'Imputation information metric', a number between 0 and 1 (https://www.ebi.ac.uk/gwas/docs/summary-statistics-format, retrieved 2026-09-28)
GCST90275754	info	imputation_info	GWAS Catalog summary statistics format (GWAS-SSF) defines the info field as 'Imputation information metric', a number between 0 and 1 (https://www.ebi.ac.uk/gwas/docs/summary-statistics-format, retrieved 2026-09-28)
GCST90275755	info	imputation_info	GWAS Catalog summary statistics format (GWAS-SSF) defines the info field as 'Imputation information metric', a number between 0 and 1 (https://www.ebi.ac.uk/gwas/docs/summary-statistics-format, retrieved 2026-09-28)
GCST90275756	info	imputation_info	GWAS Catalog summary statistics format (GWAS-SSF) defines the info field as 'Imputation information metric', a number between 0 and 1 (https://www.ebi.ac.uk/gwas/docs/summary-statistics-format, retrieved 2026-09-28)
GCST90275757	info	imputation_info	GWAS Catalog summary statistics format (GWAS-SSF) defines the info field as 'Imputation information metric', a number between 0 and 1 (https://www.ebi.ac.uk/gwas/docs/summary-statistics-format, retrieved 2026-09-28)
GCST90275758	info	imputation_info	GWAS Catalog summary statistics format (GWAS-SSF) defines the info field as 'Imputation information metric', a number between 0 and 1 (https://www.ebi.ac.uk/gwas/docs/summary-statistics-format, retrieved 2026-09-28)
GCST90275759	info	imputation_info	GWAS Catalog summary statistics format (GWAS-SSF) defines the info field as 'Imputation information metric', a number between 0 and 1 (https://www.ebi.ac.uk/gwas/docs/summary-statistics-format, retrieved 2026-09-28)
GCST90275760	info	imputation_info	GWAS Catalog summary statistics format (GWAS-SSF) defines the info field as 'Imputation information metric', a number between 0 and 1 (https://www.ebi.ac.uk/gwas/docs/summary-statistics-format, retrieved 2026-09-28)
GCST90275761	info	imputation_info	GWAS Catalog summary statistics format (GWAS-SSF) defines the info field as 'Imputation information metric', a number between 0 and 1 (https://www.ebi.ac.uk/gwas/docs/summary-statistics-format, retrieved 2026-09-28)
GCST90275762	info	imputation_info	GWAS Catalog summary statistics format (GWAS-SSF) defines the info field as 'Imputation information metric', a number between 0 and 1 (https://www.ebi.ac.uk/gwas/docs/summary-statistics-format, retrieved 2026-09-28)
GCST90275763	info	imputation_info	GWAS Catalog summary statistics format (GWAS-SSF) defines the info field as 'Imputation information metric', a number between 0 and 1 (https://www.ebi.ac.uk/gwas/docs/summary-statistics-format, retrieved 2026-09-28)
GCST90275764	info	imputation_info	GWAS Catalog summary statistics format (GWAS-SSF) defines the info field as 'Imputation information metric', a number between 0 and 1 (https://www.ebi.ac.uk/gwas/docs/summary-statistics-format, retrieved 2026-09-28)
GCST90275765	info	imputation_info	GWAS Catalog summary statistics format (GWAS-SSF) defines the info field as 'Imputation information metric', a number between 0 and 1 (https://www.ebi.ac.uk/gwas/docs/summary-statistics-format, retrieved 2026-09-28)
GCST90275766	info	imputation_info	GWAS Catalog summary statistics format (GWAS-SSF) defines the info field as 'Imputation information metric', a number between 0 and 1 (https://www.ebi.ac.uk/gwas/docs/summary-statistics-format, retrieved 2026-09-28)
GCST90275767	info	imputation_info	GWAS Catalog summary statistics format (GWAS-SSF) defines the info field as 'Imputation information metric', a number between 0 and 1 (https://www.ebi.ac.uk/gwas/docs/summary-statistics-format, retrieved 2026-09-28)
GCST90275768	info	imputation_info	GWAS Catalog summary statistics format (GWAS-SSF) defines the info field as 'Imputation information metric', a number between 0 and 1 (https://www.ebi.ac.uk/gwas/docs/summary-statistics-format, retrieved 2026-09-28)
GCST90275769	info	imputation_info	GWAS Catalog summary statistics format (GWAS-SSF) defines the info field as 'Imputation information metric', a number between 0 and 1 (https://www.ebi.ac.uk/gwas/docs/summary-statistics-format, retrieved 2026-09-28)
GCST90275770	info	imputation_info	GWAS Catalog summary statistics format (GWAS-SSF) defines the info field as 'Imputation information metric', a number between 0 and 1 (https://www.ebi.ac.uk/gwas/docs/summary-statistics-format, retrieved 2026-09-28)
GCST90275771	info	imputation_info	GWAS Catalog summary statistics format (GWAS-SSF) defines the info field as 'Imputation information metric', a number between 0 and 1 (https://www.ebi.ac.uk/gwas/docs/summary-statistics-format, retrieved 2026-09-28)
GCST90275772	info	imputation_info	GWAS Catalog summary statistics format (GWAS-SSF) defines the info field as 'Imputation information metric', a number between 0 and 1 (https://www.ebi.ac.uk/gwas/docs/summary-statistics-format, retrieved 2026-09-28)
GCST90275773	info	imputation_info	GWAS Catalog summary statistics format (GWAS-SSF) defines the info field as 'Imputation information metric', a number between 0 and 1 (https://www.ebi.ac.uk/gwas/docs/summary-statistics-format, retrieved 2026-09-28)
GCST90275774	info	imputation_info	GWAS Catalog summary statistics format (GWAS-SSF) defines the info field as 'Imputation information metric', a number between 0 and 1 (https://www.ebi.ac.uk/gwas/docs/summary-statistics-format, retrieved 2026-09-28)
GCST90275775	info	imputation_info	GWAS Catalog summary statistics format (GWAS-SSF) defines the info field as 'Imputation information metric', a number between 0 and 1 (https://www.ebi.ac.uk/gwas/docs/summary-statistics-format, retrieved 2026-09-28)
GCST90275776	info	imputation_info	GWAS Catalog summary statistics format (GWAS-SSF) defines the info field as 'Imputation information metric', a number between 0 and 1 (https://www.ebi.ac.uk/gwas/docs/summary-statistics-format, retrieved 2026-09-28)
GCST90275777	info	imputation_info	GWAS Catalog summary statistics format (GWAS-SSF) defines the info field as 'Imputation information metric', a number between 0 and 1 (https://www.ebi.ac.uk/gwas/docs/summary-statistics-format, retrieved 2026-09-28)
GCST90275778	info	imputation_info	GWAS Catalog summary statistics format (GWAS-SSF) defines the info field as 'Imputation information metric', a number between 0 and 1 (https://www.ebi.ac.uk/gwas/docs/summary-statistics-format, retrieved 2026-09-28)
GCST90275779	info	imputation_info	GWAS Catalog summary statistics format (GWAS-SSF) defines the info field as 'Imputation information metric', a number between 0 and 1 (https://www.ebi.ac.uk/gwas/docs/summary-statistics-format, retrieved 2026-09-28)
GCST90275780	info	imputation_info	GWAS Catalog summary statistics format (GWAS-SSF) defines the info field as 'Imputation information metric', a number between 0 and 1 (https://www.ebi.ac.uk/gwas/docs/summary-statistics-format, retrieved 2026-09-28)
GCST90275781	info	imputation_info	GWAS Catalog summary statistics format (GWAS-SSF) defines the info field as 'Imputation information metric', a number between 0 and 1 (https://www.ebi.ac.uk/gwas/docs/summary-statistics-format, retrieved 2026-09-28)
GCST90275782	info	imputation_info	GWAS Catalog summary statistics format (GWAS-SSF) defines the info field as 'Imputation information metric', a number between 0 and 1 (https://www.ebi.ac.uk/gwas/docs/summary-statistics-format, retrieved 2026-09-28)
GCST90275783	info	imputation_info	GWAS Catalog summary statistics format (GWAS-SSF) defines the info field as 'Imputation information metric', a number between 0 and 1 (https://www.ebi.ac.uk/gwas/docs/summary-statistics-format, retrieved 2026-09-28)
GCST90275784	info	imputation_info	GWAS Catalog summary statistics format (GWAS-SSF) defines the info field as 'Imputation information metric', a number between 0 and 1 (https://www.ebi.ac.uk/gwas/docs/summary-statistics-format, retrieved 2026-09-28)
GCST90275785	info	imputation_info	GWAS Catalog summary statistics format (GWAS-SSF) defines the info field as 'Imputation information metric', a number between 0 and 1 (https://www.ebi.ac.uk/gwas/docs/summary-statistics-format, retrieved 2026-09-28)
GCST90275786	info	imputation_info	GWAS Catalog summary statistics format (GWAS-SSF) defines the info field as 'Imputation information metric', a number between 0 and 1 (https://www.ebi.ac.uk/gwas/docs/summary-statistics-format, retrieved 2026-09-28)
GCST90275787	info	imputation_info	GWAS Catalog summary statistics format (GWAS-SSF) defines the info field as 'Imputation information metric', a number between 0 and 1 (https://www.ebi.ac.uk/gwas/docs/summary-statistics-format, retrieved 2026-09-28)
GCST90275788	info	imputation_info	GWAS Catalog summary statistics format (GWAS-SSF) defines the info field as 'Imputation information metric', a number between 0 and 1 (https://www.ebi.ac.uk/gwas/docs/summary-statistics-format, retrieved 2026-09-28)
GCST90275789	info	imputation_info	GWAS Catalog summary statistics format (GWAS-SSF) defines the info field as 'Imputation information metric', a number between 0 and 1 (https://www.ebi.ac.uk/gwas/docs/summary-statistics-format, retrieved 2026-09-28)
GCST90275790	info	imputation_info	GWAS Catalog summary statistics format (GWAS-SSF) defines the info field as 'Imputation information metric', a number between 0 and 1 (https://www.ebi.ac.uk/gwas/docs/summary-statistics-format, retrieved 2026-09-28)
GCST90281155	info	imputation_info	GWAS Catalog summary statistics format (GWAS-SSF) defines the info field as 'Imputation information metric', a number between 0 and 1 (https://www.ebi.ac.uk/gwas/docs/summary-statistics-format, retrieved 2026-09-28)
GCST90281156	info	imputation_info	GWAS Catalog summary statistics format (GWAS-SSF) defines the info field as 'Imputation information metric', a number between 0 and 1 (https://www.ebi.ac.uk/gwas/docs/summary-statistics-format, retrieved 2026-09-28)
GCST90281157	info	imputation_info	GWAS Catalog summary statistics format (GWAS-SSF) defines the info field as 'Imputation information metric', a number between 0 and 1 (https://www.ebi.ac.uk/gwas/docs/summary-statistics-format, retrieved 2026-09-28)
GCST90281158	info	imputation_info	GWAS Catalog summary statistics format (GWAS-SSF) defines the info field as 'Imputation information metric', a number between 0 and 1 (https://www.ebi.ac.uk/gwas/docs/summary-statistics-format, retrieved 2026-09-28)
GCST90281159	info	imputation_info	GWAS Catalog summary statistics format (GWAS-SSF) defines the info field as 'Imputation information metric', a number between 0 and 1 (https://www.ebi.ac.uk/gwas/docs/summary-statistics-format, retrieved 2026-09-28)
GCST90281160	info	imputation_info	GWAS Catalog summary statistics format (GWAS-SSF) defines the info field as 'Imputation information metric', a number between 0 and 1 (https://www.ebi.ac.uk/gwas/docs/summary-statistics-format, retrieved 2026-09-28)
GCST90281161	info	imputation_info	GWAS Catalog summary statistics format (GWAS-SSF) defines the info field as 'Imputation information metric', a number between 0 and 1 (https://www.ebi.ac.uk/gwas/docs/summary-statistics-format, retrieved 2026-09-28)
GCST90281162	info	imputation_info	GWAS Catalog summary statistics format (GWAS-SSF) defines the info field as 'Imputation information metric', a number between 0 and 1 (https://www.ebi.ac.uk/gwas/docs/summary-statistics-format, retrieved 2026-09-28)
GCST90281163	info	imputation_info	GWAS Catalog summary statistics format (GWAS-SSF) defines the info field as 'Imputation information metric', a number between 0 and 1 (https://www.ebi.ac.uk/gwas/docs/summary-statistics-format, retrieved 2026-09-28)
GCST90281164	info	imputation_info	GWAS Catalog summary statistics format (GWAS-SSF) defines the info field as 'Imputation information metric', a number between 0 and 1 (https://www.ebi.ac.uk/gwas/docs/summary-statistics-format, retrieved 2026-09-28)
GCST90281165	info	imputation_info	GWAS Catalog summary statistics format (GWAS-SSF) defines the info field as 'Imputation information metric', a number between 0 and 1 (https://www.ebi.ac.uk/gwas/docs/summary-statistics-format, retrieved 2026-09-28)
GCST90281166	info	imputation_info	GWAS Catalog summary statistics format (GWAS-SSF) defines the info field as 'Imputation information metric', a number between 0 and 1 (https://www.ebi.ac.uk/gwas/docs/summary-statistics-format, retrieved 2026-09-28)
GCST90281167	info	imputation_info	GWAS Catalog summary statistics format (GWAS-SSF) defines the info field as 'Imputation information metric', a number between 0 and 1 (https://www.ebi.ac.uk/gwas/docs/summary-statistics-format, retrieved 2026-09-28)
GCST90281168	info	imputation_info	GWAS Catalog summary statistics format (GWAS-SSF) defines the info field as 'Imputation information metric', a number between 0 and 1 (https://www.ebi.ac.uk/gwas/docs/summary-statistics-format, retrieved 2026-09-28)
GCST90281169	info	imputation_info	GWAS Catalog summary statistics format (GWAS-SSF) defines the info field as 'Imputation information metric', a number between 0 and 1 (https://www.ebi.ac.uk/gwas/docs/summary-statistics-format, retrieved 2026-09-28)
GCST90281170	info	imputation_info	GWAS Catalog summary statistics format (GWAS-SSF) defines the info field as 'Imputation information metric', a number between 0 and 1 (https://www.ebi.ac.uk/gwas/docs/summary-statistics-format, retrieved 2026-09-28)
GCST90281171	info	imputation_info	GWAS Catalog summary statistics format (GWAS-SSF) defines the info field as 'Imputation information metric', a number between 0 and 1 (https://www.ebi.ac.uk/gwas/docs/summary-statistics-format, retrieved 2026-09-28)
GCST90281172	info	imputation_info	GWAS Catalog summary statistics format (GWAS-SSF) defines the info field as 'Imputation information metric', a number between 0 and 1 (https://www.ebi.ac.uk/gwas/docs/summary-statistics-format, retrieved 2026-09-28)
GCST90281173	info	imputation_info	GWAS Catalog summary statistics format (GWAS-SSF) defines the info field as 'Imputation information metric', a number between 0 and 1 (https://www.ebi.ac.uk/gwas/docs/summary-statistics-format, retrieved 2026-09-28)
GCST90281174	info	imputation_info	GWAS Catalog summary statistics format (GWAS-SSF) defines the info field as 'Imputation information metric', a number between 0 and 1 (https://www.ebi.ac.uk/gwas/docs/summary-statistics-format, retrieved 2026-09-28)
GCST90281175	info	imputation_info	GWAS Catalog summary statistics format (GWAS-SSF) defines the info field as 'Imputation information metric', a number between 0 and 1 (https://www.ebi.ac.uk/gwas/docs/summary-statistics-format, retrieved 2026-09-28)
GCST90281176	info	imputation_info	GWAS Catalog summary statistics format (GWAS-SSF) defines the info field as 'Imputation information metric', a number between 0 and 1 (https://www.ebi.ac.uk/gwas/docs/summary-statistics-format, retrieved 2026-09-28)
GCST90281177	info	imputation_info	GWAS Catalog summary statistics format (GWAS-SSF) defines the info field as 'Imputation information metric', a number between 0 and 1 (https://www.ebi.ac.uk/gwas/docs/summary-statistics-format, retrieved 2026-09-28)
GCST90281178	info	imputation_info	GWAS Catalog summary statistics format (GWAS-SSF) defines the info field as 'Imputation information metric', a number between 0 and 1 (https://www.ebi.ac.uk/gwas/docs/summary-statistics-format, retrieved 2026-09-28)
GCST90281179	info	imputation_info	GWAS Catalog summary statistics format (GWAS-SSF) defines the info field as 'Imputation information metric', a number between 0 and 1 (https://www.ebi.ac.uk/gwas/docs/summary-statistics-format, retrieved 2026-09-28)
GCST90281180	info	imputation_info	GWAS Catalog summary statistics format (GWAS-SSF) defines the info field as 'Imputation information metric', a number between 0 and 1 (https://www.ebi.ac.uk/gwas/docs/summary-statistics-format, retrieved 2026-09-28)
GCST90281181	info	imputation_info	GWAS Catalog summary statistics format (GWAS-SSF) defines the info field as 'Imputation information metric', a number between 0 and 1 (https://www.ebi.ac.uk/gwas/docs/summary-statistics-format, retrieved 2026-09-28)
GCST90281182	info	imputation_info	GWAS Catalog summary statistics format (GWAS-SSF) defines the info field as 'Imputation information metric', a number between 0 and 1 (https://www.ebi.ac.uk/gwas/docs/summary-statistics-format, retrieved 2026-09-28)
GCST90281183	info	imputation_info	GWAS Catalog summary statistics format (GWAS-SSF) defines the info field as 'Imputation information metric', a number between 0 and 1 (https://www.ebi.ac.uk/gwas/docs/summary-statistics-format, retrieved 2026-09-28)
GCST90281192	info	imputation_info	GWAS Catalog summary statistics format (GWAS-SSF) defines the info field as 'Imputation information metric', a number between 0 and 1 (https://www.ebi.ac.uk/gwas/docs/summary-statistics-format, retrieved 2026-09-28)
GCST90281195	info	imputation_info	GWAS Catalog summary statistics format (GWAS-SSF) defines the info field as 'Imputation information metric', a number between 0 and 1 (https://www.ebi.ac.uk/gwas/docs/summary-statistics-format, retrieved 2026-09-28)
GCST90281198	info	imputation_info	GWAS Catalog summary statistics format (GWAS-SSF) defines the info field as 'Imputation information metric', a number between 0 and 1 (https://www.ebi.ac.uk/gwas/docs/summary-statistics-format, retrieved 2026-09-28)
GCST90281200	info	imputation_info	GWAS Catalog summary statistics format (GWAS-SSF) defines the info field as 'Imputation information metric', a number between 0 and 1 (https://www.ebi.ac.uk/gwas/docs/summary-statistics-format, retrieved 2026-09-28)
GCST90281215	info	imputation_info	GWAS Catalog summary statistics format (GWAS-SSF) defines the info field as 'Imputation information metric', a number between 0 and 1 (https://www.ebi.ac.uk/gwas/docs/summary-statistics-format, retrieved 2026-09-28)
GCST90281217	info	imputation_info	GWAS Catalog summary statistics format (GWAS-SSF) defines the info field as 'Imputation information metric', a number between 0 and 1 (https://www.ebi.ac.uk/gwas/docs/summary-statistics-format, retrieved 2026-09-28)
GCST90281224	info	imputation_info	GWAS Catalog summary statistics format (GWAS-SSF) defines the info field as 'Imputation information metric', a number between 0 and 1 (https://www.ebi.ac.uk/gwas/docs/summary-statistics-format, retrieved 2026-09-28)
GCST90281226	info	imputation_info	GWAS Catalog summary statistics format (GWAS-SSF) defines the info field as 'Imputation information metric', a number between 0 and 1 (https://www.ebi.ac.uk/gwas/docs/summary-statistics-format, retrieved 2026-09-28)
GCST90281227	info	imputation_info	GWAS Catalog summary statistics format (GWAS-SSF) defines the info field as 'Imputation information metric', a number between 0 and 1 (https://www.ebi.ac.uk/gwas/docs/summary-statistics-format, retrieved 2026-09-28)
GCST90281230	info	imputation_info	GWAS Catalog summary statistics format (GWAS-SSF) defines the info field as 'Imputation information metric', a number between 0 and 1 (https://www.ebi.ac.uk/gwas/docs/summary-statistics-format, retrieved 2026-09-28)
GCST90281231	info	imputation_info	GWAS Catalog summary statistics format (GWAS-SSF) defines the info field as 'Imputation information metric', a number between 0 and 1 (https://www.ebi.ac.uk/gwas/docs/summary-statistics-format, retrieved 2026-09-28)
GCST90281240	info	imputation_info	GWAS Catalog summary statistics format (GWAS-SSF) defines the info field as 'Imputation information metric', a number between 0 and 1 (https://www.ebi.ac.uk/gwas/docs/summary-statistics-format, retrieved 2026-09-28)
GCST90281242	info	imputation_info	GWAS Catalog summary statistics format (GWAS-SSF) defines the info field as 'Imputation information metric', a number between 0 and 1 (https://www.ebi.ac.uk/gwas/docs/summary-statistics-format, retrieved 2026-09-28)
GCST90281245	info	imputation_info	GWAS Catalog summary statistics format (GWAS-SSF) defines the info field as 'Imputation information metric', a number between 0 and 1 (https://www.ebi.ac.uk/gwas/docs/summary-statistics-format, retrieved 2026-09-28)
GCST90281250	info	imputation_info	GWAS Catalog summary statistics format (GWAS-SSF) defines the info field as 'Imputation information metric', a number between 0 and 1 (https://www.ebi.ac.uk/gwas/docs/summary-statistics-format, retrieved 2026-09-28)
GCST90281252	info	imputation_info	GWAS Catalog summary statistics format (GWAS-SSF) defines the info field as 'Imputation information metric', a number between 0 and 1 (https://www.ebi.ac.uk/gwas/docs/summary-statistics-format, retrieved 2026-09-28)
GCST90281254	info	imputation_info	GWAS Catalog summary statistics format (GWAS-SSF) defines the info field as 'Imputation information metric', a number between 0 and 1 (https://www.ebi.ac.uk/gwas/docs/summary-statistics-format, retrieved 2026-09-28)
GCST90281263	info	imputation_info	GWAS Catalog summary statistics format (GWAS-SSF) defines the info field as 'Imputation information metric', a number between 0 and 1 (https://www.ebi.ac.uk/gwas/docs/summary-statistics-format, retrieved 2026-09-28)
GCST90281264	info	imputation_info	GWAS Catalog summary statistics format (GWAS-SSF) defines the info field as 'Imputation information metric', a number between 0 and 1 (https://www.ebi.ac.uk/gwas/docs/summary-statistics-format, retrieved 2026-09-28)
GCST90281265	info	imputation_info	GWAS Catalog summary statistics format (GWAS-SSF) defines the info field as 'Imputation information metric', a number between 0 and 1 (https://www.ebi.ac.uk/gwas/docs/summary-statistics-format, retrieved 2026-09-28)
GCST90281266	info	imputation_info	GWAS Catalog summary statistics format (GWAS-SSF) defines the info field as 'Imputation information metric', a number between 0 and 1 (https://www.ebi.ac.uk/gwas/docs/summary-statistics-format, retrieved 2026-09-28)
GCST90297560	info	imputation_info	GWAS Catalog summary statistics format (GWAS-SSF) defines the info field as 'Imputation information metric', a number between 0 and 1 (https://www.ebi.ac.uk/gwas/docs/summary-statistics-format, retrieved 2026-09-28)
GCST90297561	info	imputation_info	GWAS Catalog summary statistics format (GWAS-SSF) defines the info field as 'Imputation information metric', a number between 0 and 1 (https://www.ebi.ac.uk/gwas/docs/summary-statistics-format, retrieved 2026-09-28)
GCST90301368	info	imputation_info	GWAS Catalog summary statistics format (GWAS-SSF) defines the info field as 'Imputation information metric', a number between 0 and 1 (https://www.ebi.ac.uk/gwas/docs/summary-statistics-format, retrieved 2026-09-28)
GCST90301369	info	imputation_info	GWAS Catalog summary statistics format (GWAS-SSF) defines the info field as 'Imputation information metric', a number between 0 and 1 (https://www.ebi.ac.uk/gwas/docs/summary-statistics-format, retrieved 2026-09-28)
GCST90301370	info	imputation_info	GWAS Catalog summary statistics format (GWAS-SSF) defines the info field as 'Imputation information metric', a number between 0 and 1 (https://www.ebi.ac.uk/gwas/docs/summary-statistics-format, retrieved 2026-09-28)
GCST90302886	INFO	imputation_info	Operator-approved synonym of the GWAS-SSF info field (opengwasdb-stores#176, 2026-09-28); source header 'INFO'
GCST90302887	INFO	imputation_info	Operator-approved synonym of the GWAS-SSF info field (opengwasdb-stores#176, 2026-09-28); source header 'INFO'
GCST90302888	INFO	imputation_info	Operator-approved synonym of the GWAS-SSF info field (opengwasdb-stores#176, 2026-09-28); source header 'INFO'
GCST90302889	INFO	imputation_info	Operator-approved synonym of the GWAS-SSF info field (opengwasdb-stores#176, 2026-09-28); source header 'INFO'
GCST90302890	INFO	imputation_info	Operator-approved synonym of the GWAS-SSF info field (opengwasdb-stores#176, 2026-09-28); source header 'INFO'
GCST90302891	INFO	imputation_info	Operator-approved synonym of the GWAS-SSF info field (opengwasdb-stores#176, 2026-09-28); source header 'INFO'
GCST90302892	INFO	imputation_info	Operator-approved synonym of the GWAS-SSF info field (opengwasdb-stores#176, 2026-09-28); source header 'INFO'
GCST90308682	info	imputation_info	GWAS Catalog summary statistics format (GWAS-SSF) defines the info field as 'Imputation information metric', a number between 0 and 1 (https://www.ebi.ac.uk/gwas/docs/summary-statistics-format, retrieved 2026-09-28)
GCST90309336	info	imputation_info	GWAS Catalog summary statistics format (GWAS-SSF) defines the info field as 'Imputation information metric', a number between 0 and 1 (https://www.ebi.ac.uk/gwas/docs/summary-statistics-format, retrieved 2026-09-28)
GCST90309337	info	imputation_info	GWAS Catalog summary statistics format (GWAS-SSF) defines the info field as 'Imputation information metric', a number between 0 and 1 (https://www.ebi.ac.uk/gwas/docs/summary-statistics-format, retrieved 2026-09-28)
GCST90309338	info	imputation_info	GWAS Catalog summary statistics format (GWAS-SSF) defines the info field as 'Imputation information metric', a number between 0 and 1 (https://www.ebi.ac.uk/gwas/docs/summary-statistics-format, retrieved 2026-09-28)
GCST90309339	info	imputation_info	GWAS Catalog summary statistics format (GWAS-SSF) defines the info field as 'Imputation information metric', a number between 0 and 1 (https://www.ebi.ac.uk/gwas/docs/summary-statistics-format, retrieved 2026-09-28)
GCST90309340	info	imputation_info	GWAS Catalog summary statistics format (GWAS-SSF) defines the info field as 'Imputation information metric', a number between 0 and 1 (https://www.ebi.ac.uk/gwas/docs/summary-statistics-format, retrieved 2026-09-28)
GCST90309341	info	imputation_info	GWAS Catalog summary statistics format (GWAS-SSF) defines the info field as 'Imputation information metric', a number between 0 and 1 (https://www.ebi.ac.uk/gwas/docs/summary-statistics-format, retrieved 2026-09-28)
GCST90309342	info	imputation_info	GWAS Catalog summary statistics format (GWAS-SSF) defines the info field as 'Imputation information metric', a number between 0 and 1 (https://www.ebi.ac.uk/gwas/docs/summary-statistics-format, retrieved 2026-09-28)
GCST90309343	info	imputation_info	GWAS Catalog summary statistics format (GWAS-SSF) defines the info field as 'Imputation information metric', a number between 0 and 1 (https://www.ebi.ac.uk/gwas/docs/summary-statistics-format, retrieved 2026-09-28)
GCST90309344	info	imputation_info	GWAS Catalog summary statistics format (GWAS-SSF) defines the info field as 'Imputation information metric', a number between 0 and 1 (https://www.ebi.ac.uk/gwas/docs/summary-statistics-format, retrieved 2026-09-28)
GCST90309345	info	imputation_info	GWAS Catalog summary statistics format (GWAS-SSF) defines the info field as 'Imputation information metric', a number between 0 and 1 (https://www.ebi.ac.uk/gwas/docs/summary-statistics-format, retrieved 2026-09-28)
GCST90309346	info	imputation_info	GWAS Catalog summary statistics format (GWAS-SSF) defines the info field as 'Imputation information metric', a number between 0 and 1 (https://www.ebi.ac.uk/gwas/docs/summary-statistics-format, retrieved 2026-09-28)
GCST90309347	info	imputation_info	GWAS Catalog summary statistics format (GWAS-SSF) defines the info field as 'Imputation information metric', a number between 0 and 1 (https://www.ebi.ac.uk/gwas/docs/summary-statistics-format, retrieved 2026-09-28)
GCST90309348	info	imputation_info	GWAS Catalog summary statistics format (GWAS-SSF) defines the info field as 'Imputation information metric', a number between 0 and 1 (https://www.ebi.ac.uk/gwas/docs/summary-statistics-format, retrieved 2026-09-28)
GCST90309349	info	imputation_info	GWAS Catalog summary statistics format (GWAS-SSF) defines the info field as 'Imputation information metric', a number between 0 and 1 (https://www.ebi.ac.uk/gwas/docs/summary-statistics-format, retrieved 2026-09-28)
GCST90309350	info	imputation_info	GWAS Catalog summary statistics format (GWAS-SSF) defines the info field as 'Imputation information metric', a number between 0 and 1 (https://www.ebi.ac.uk/gwas/docs/summary-statistics-format, retrieved 2026-09-28)
GCST90309351	info	imputation_info	GWAS Catalog summary statistics format (GWAS-SSF) defines the info field as 'Imputation information metric', a number between 0 and 1 (https://www.ebi.ac.uk/gwas/docs/summary-statistics-format, retrieved 2026-09-28)
GCST90309352	info	imputation_info	GWAS Catalog summary statistics format (GWAS-SSF) defines the info field as 'Imputation information metric', a number between 0 and 1 (https://www.ebi.ac.uk/gwas/docs/summary-statistics-format, retrieved 2026-09-28)
GCST90309353	info	imputation_info	GWAS Catalog summary statistics format (GWAS-SSF) defines the info field as 'Imputation information metric', a number between 0 and 1 (https://www.ebi.ac.uk/gwas/docs/summary-statistics-format, retrieved 2026-09-28)
GCST90309354	info	imputation_info	GWAS Catalog summary statistics format (GWAS-SSF) defines the info field as 'Imputation information metric', a number between 0 and 1 (https://www.ebi.ac.uk/gwas/docs/summary-statistics-format, retrieved 2026-09-28)
GCST90309355	info	imputation_info	GWAS Catalog summary statistics format (GWAS-SSF) defines the info field as 'Imputation information metric', a number between 0 and 1 (https://www.ebi.ac.uk/gwas/docs/summary-statistics-format, retrieved 2026-09-28)
GCST90309356	info	imputation_info	GWAS Catalog summary statistics format (GWAS-SSF) defines the info field as 'Imputation information metric', a number between 0 and 1 (https://www.ebi.ac.uk/gwas/docs/summary-statistics-format, retrieved 2026-09-28)
GCST90309357	info	imputation_info	GWAS Catalog summary statistics format (GWAS-SSF) defines the info field as 'Imputation information metric', a number between 0 and 1 (https://www.ebi.ac.uk/gwas/docs/summary-statistics-format, retrieved 2026-09-28)
GCST90309358	info	imputation_info	GWAS Catalog summary statistics format (GWAS-SSF) defines the info field as 'Imputation information metric', a number between 0 and 1 (https://www.ebi.ac.uk/gwas/docs/summary-statistics-format, retrieved 2026-09-28)
GCST90309359	info	imputation_info	GWAS Catalog summary statistics format (GWAS-SSF) defines the info field as 'Imputation information metric', a number between 0 and 1 (https://www.ebi.ac.uk/gwas/docs/summary-statistics-format, retrieved 2026-09-28)
GCST90309360	info	imputation_info	GWAS Catalog summary statistics format (GWAS-SSF) defines the info field as 'Imputation information metric', a number between 0 and 1 (https://www.ebi.ac.uk/gwas/docs/summary-statistics-format, retrieved 2026-09-28)
GCST90309361	info	imputation_info	GWAS Catalog summary statistics format (GWAS-SSF) defines the info field as 'Imputation information metric', a number between 0 and 1 (https://www.ebi.ac.uk/gwas/docs/summary-statistics-format, retrieved 2026-09-28)
GCST90309362	info	imputation_info	GWAS Catalog summary statistics format (GWAS-SSF) defines the info field as 'Imputation information metric', a number between 0 and 1 (https://www.ebi.ac.uk/gwas/docs/summary-statistics-format, retrieved 2026-09-28)
GCST90309363	info	imputation_info	GWAS Catalog summary statistics format (GWAS-SSF) defines the info field as 'Imputation information metric', a number between 0 and 1 (https://www.ebi.ac.uk/gwas/docs/summary-statistics-format, retrieved 2026-09-28)
GCST90309364	info	imputation_info	GWAS Catalog summary statistics format (GWAS-SSF) defines the info field as 'Imputation information metric', a number between 0 and 1 (https://www.ebi.ac.uk/gwas/docs/summary-statistics-format, retrieved 2026-09-28)
GCST90309365	info	imputation_info	GWAS Catalog summary statistics format (GWAS-SSF) defines the info field as 'Imputation information metric', a number between 0 and 1 (https://www.ebi.ac.uk/gwas/docs/summary-statistics-format, retrieved 2026-09-28)
GCST90309366	info	imputation_info	GWAS Catalog summary statistics format (GWAS-SSF) defines the info field as 'Imputation information metric', a number between 0 and 1 (https://www.ebi.ac.uk/gwas/docs/summary-statistics-format, retrieved 2026-09-28)
GCST90309367	info	imputation_info	GWAS Catalog summary statistics format (GWAS-SSF) defines the info field as 'Imputation information metric', a number between 0 and 1 (https://www.ebi.ac.uk/gwas/docs/summary-statistics-format, retrieved 2026-09-28)
GCST90309368	info	imputation_info	GWAS Catalog summary statistics format (GWAS-SSF) defines the info field as 'Imputation information metric', a number between 0 and 1 (https://www.ebi.ac.uk/gwas/docs/summary-statistics-format, retrieved 2026-09-28)
GCST90309369	info	imputation_info	GWAS Catalog summary statistics format (GWAS-SSF) defines the info field as 'Imputation information metric', a number between 0 and 1 (https://www.ebi.ac.uk/gwas/docs/summary-statistics-format, retrieved 2026-09-28)
GCST90309370	info	imputation_info	GWAS Catalog summary statistics format (GWAS-SSF) defines the info field as 'Imputation information metric', a number between 0 and 1 (https://www.ebi.ac.uk/gwas/docs/summary-statistics-format, retrieved 2026-09-28)
GCST90319314	info	imputation_info	GWAS Catalog summary statistics format (GWAS-SSF) defines the info field as 'Imputation information metric', a number between 0 and 1 (https://www.ebi.ac.uk/gwas/docs/summary-statistics-format, retrieved 2026-09-28)
GCST90319316	info	imputation_info	GWAS Catalog summary statistics format (GWAS-SSF) defines the info field as 'Imputation information metric', a number between 0 and 1 (https://www.ebi.ac.uk/gwas/docs/summary-statistics-format, retrieved 2026-09-28)
GCST90319317	info	imputation_info	GWAS Catalog summary statistics format (GWAS-SSF) defines the info field as 'Imputation information metric', a number between 0 and 1 (https://www.ebi.ac.uk/gwas/docs/summary-statistics-format, retrieved 2026-09-28)
GCST90319318	info	imputation_info	GWAS Catalog summary statistics format (GWAS-SSF) defines the info field as 'Imputation information metric', a number between 0 and 1 (https://www.ebi.ac.uk/gwas/docs/summary-statistics-format, retrieved 2026-09-28)
GCST90435144	info	imputation_info	GWAS Catalog summary statistics format (GWAS-SSF) defines the info field as 'Imputation information metric', a number between 0 and 1 (https://www.ebi.ac.uk/gwas/docs/summary-statistics-format, retrieved 2026-09-28)
GCST90435145	info	imputation_info	GWAS Catalog summary statistics format (GWAS-SSF) defines the info field as 'Imputation information metric', a number between 0 and 1 (https://www.ebi.ac.uk/gwas/docs/summary-statistics-format, retrieved 2026-09-28)
GCST90435146	info	imputation_info	GWAS Catalog summary statistics format (GWAS-SSF) defines the info field as 'Imputation information metric', a number between 0 and 1 (https://www.ebi.ac.uk/gwas/docs/summary-statistics-format, retrieved 2026-09-28)
GCST90435147	info	imputation_info	GWAS Catalog summary statistics format (GWAS-SSF) defines the info field as 'Imputation information metric', a number between 0 and 1 (https://www.ebi.ac.uk/gwas/docs/summary-statistics-format, retrieved 2026-09-28)
GCST90435148	info	imputation_info	GWAS Catalog summary statistics format (GWAS-SSF) defines the info field as 'Imputation information metric', a number between 0 and 1 (https://www.ebi.ac.uk/gwas/docs/summary-statistics-format, retrieved 2026-09-28)
GCST90444391	info	imputation_info	GWAS Catalog summary statistics format (GWAS-SSF) defines the info field as 'Imputation information metric', a number between 0 and 1 (https://www.ebi.ac.uk/gwas/docs/summary-statistics-format, retrieved 2026-09-28)
GCST90444392	info	imputation_info	GWAS Catalog summary statistics format (GWAS-SSF) defines the info field as 'Imputation information metric', a number between 0 and 1 (https://www.ebi.ac.uk/gwas/docs/summary-statistics-format, retrieved 2026-09-28)
GCST90444393	info	imputation_info	GWAS Catalog summary statistics format (GWAS-SSF) defines the info field as 'Imputation information metric', a number between 0 and 1 (https://www.ebi.ac.uk/gwas/docs/summary-statistics-format, retrieved 2026-09-28)
GCST90444394	info	imputation_info	GWAS Catalog summary statistics format (GWAS-SSF) defines the info field as 'Imputation information metric', a number between 0 and 1 (https://www.ebi.ac.uk/gwas/docs/summary-statistics-format, retrieved 2026-09-28)
GCST90444395	info	imputation_info	GWAS Catalog summary statistics format (GWAS-SSF) defines the info field as 'Imputation information metric', a number between 0 and 1 (https://www.ebi.ac.uk/gwas/docs/summary-statistics-format, retrieved 2026-09-28)
GCST90446758	info	imputation_info	GWAS Catalog summary statistics format (GWAS-SSF) defines the info field as 'Imputation information metric', a number between 0 and 1 (https://www.ebi.ac.uk/gwas/docs/summary-statistics-format, retrieved 2026-09-28)
GCST90446759	info	imputation_info	GWAS Catalog summary statistics format (GWAS-SSF) defines the info field as 'Imputation information metric', a number between 0 and 1 (https://www.ebi.ac.uk/gwas/docs/summary-statistics-format, retrieved 2026-09-28)
GCST90446760	info	imputation_info	GWAS Catalog summary statistics format (GWAS-SSF) defines the info field as 'Imputation information metric', a number between 0 and 1 (https://www.ebi.ac.uk/gwas/docs/summary-statistics-format, retrieved 2026-09-28)
GCST90446761	info	imputation_info	GWAS Catalog summary statistics format (GWAS-SSF) defines the info field as 'Imputation information metric', a number between 0 and 1 (https://www.ebi.ac.uk/gwas/docs/summary-statistics-format, retrieved 2026-09-28)
GCST90446762	info	imputation_info	GWAS Catalog summary statistics format (GWAS-SSF) defines the info field as 'Imputation information metric', a number between 0 and 1 (https://www.ebi.ac.uk/gwas/docs/summary-statistics-format, retrieved 2026-09-28)
GCST90446763	info	imputation_info	GWAS Catalog summary statistics format (GWAS-SSF) defines the info field as 'Imputation information metric', a number between 0 and 1 (https://www.ebi.ac.uk/gwas/docs/summary-statistics-format, retrieved 2026-09-28)
GCST90446764	info	imputation_info	GWAS Catalog summary statistics format (GWAS-SSF) defines the info field as 'Imputation information metric', a number between 0 and 1 (https://www.ebi.ac.uk/gwas/docs/summary-statistics-format, retrieved 2026-09-28)
GCST90446765	info	imputation_info	GWAS Catalog summary statistics format (GWAS-SSF) defines the info field as 'Imputation information metric', a number between 0 and 1 (https://www.ebi.ac.uk/gwas/docs/summary-statistics-format, retrieved 2026-09-28)
GCST90446766	info	imputation_info	GWAS Catalog summary statistics format (GWAS-SSF) defines the info field as 'Imputation information metric', a number between 0 and 1 (https://www.ebi.ac.uk/gwas/docs/summary-statistics-format, retrieved 2026-09-28)
GCST90446767	info	imputation_info	GWAS Catalog summary statistics format (GWAS-SSF) defines the info field as 'Imputation information metric', a number between 0 and 1 (https://www.ebi.ac.uk/gwas/docs/summary-statistics-format, retrieved 2026-09-28)
GCST90446768	info	imputation_info	GWAS Catalog summary statistics format (GWAS-SSF) defines the info field as 'Imputation information metric', a number between 0 and 1 (https://www.ebi.ac.uk/gwas/docs/summary-statistics-format, retrieved 2026-09-28)
GCST90446769	info	imputation_info	GWAS Catalog summary statistics format (GWAS-SSF) defines the info field as 'Imputation information metric', a number between 0 and 1 (https://www.ebi.ac.uk/gwas/docs/summary-statistics-format, retrieved 2026-09-28)
GCST90446770	info	imputation_info	GWAS Catalog summary statistics format (GWAS-SSF) defines the info field as 'Imputation information metric', a number between 0 and 1 (https://www.ebi.ac.uk/gwas/docs/summary-statistics-format, retrieved 2026-09-28)
GCST90446771	info	imputation_info	GWAS Catalog summary statistics format (GWAS-SSF) defines the info field as 'Imputation information metric', a number between 0 and 1 (https://www.ebi.ac.uk/gwas/docs/summary-statistics-format, retrieved 2026-09-28)
GCST90446772	info	imputation_info	GWAS Catalog summary statistics format (GWAS-SSF) defines the info field as 'Imputation information metric', a number between 0 and 1 (https://www.ebi.ac.uk/gwas/docs/summary-statistics-format, retrieved 2026-09-28)
GCST90446773	info	imputation_info	GWAS Catalog summary statistics format (GWAS-SSF) defines the info field as 'Imputation information metric', a number between 0 and 1 (https://www.ebi.ac.uk/gwas/docs/summary-statistics-format, retrieved 2026-09-28)
GCST90446774	info	imputation_info	GWAS Catalog summary statistics format (GWAS-SSF) defines the info field as 'Imputation information metric', a number between 0 and 1 (https://www.ebi.ac.uk/gwas/docs/summary-statistics-format, retrieved 2026-09-28)
GCST90448480	info	imputation_info	GWAS Catalog summary statistics format (GWAS-SSF) defines the info field as 'Imputation information metric', a number between 0 and 1 (https://www.ebi.ac.uk/gwas/docs/summary-statistics-format, retrieved 2026-09-28)
GCST90448481	info	imputation_info	GWAS Catalog summary statistics format (GWAS-SSF) defines the info field as 'Imputation information metric', a number between 0 and 1 (https://www.ebi.ac.uk/gwas/docs/summary-statistics-format, retrieved 2026-09-28)
GCST90448482	info	imputation_info	GWAS Catalog summary statistics format (GWAS-SSF) defines the info field as 'Imputation information metric', a number between 0 and 1 (https://www.ebi.ac.uk/gwas/docs/summary-statistics-format, retrieved 2026-09-28)
GCST90448483	info	imputation_info	GWAS Catalog summary statistics format (GWAS-SSF) defines the info field as 'Imputation information metric', a number between 0 and 1 (https://www.ebi.ac.uk/gwas/docs/summary-statistics-format, retrieved 2026-09-28)
GCST90448484	info	imputation_info	GWAS Catalog summary statistics format (GWAS-SSF) defines the info field as 'Imputation information metric', a number between 0 and 1 (https://www.ebi.ac.uk/gwas/docs/summary-statistics-format, retrieved 2026-09-28)
GCST90448485	info	imputation_info	GWAS Catalog summary statistics format (GWAS-SSF) defines the info field as 'Imputation information metric', a number between 0 and 1 (https://www.ebi.ac.uk/gwas/docs/summary-statistics-format, retrieved 2026-09-28)
GCST90448486	info	imputation_info	GWAS Catalog summary statistics format (GWAS-SSF) defines the info field as 'Imputation information metric', a number between 0 and 1 (https://www.ebi.ac.uk/gwas/docs/summary-statistics-format, retrieved 2026-09-28)
GCST90448487	info	imputation_info	GWAS Catalog summary statistics format (GWAS-SSF) defines the info field as 'Imputation information metric', a number between 0 and 1 (https://www.ebi.ac.uk/gwas/docs/summary-statistics-format, retrieved 2026-09-28)
GCST90448488	info	imputation_info	GWAS Catalog summary statistics format (GWAS-SSF) defines the info field as 'Imputation information metric', a number between 0 and 1 (https://www.ebi.ac.uk/gwas/docs/summary-statistics-format, retrieved 2026-09-28)
GCST90448489	info	imputation_info	GWAS Catalog summary statistics format (GWAS-SSF) defines the info field as 'Imputation information metric', a number between 0 and 1 (https://www.ebi.ac.uk/gwas/docs/summary-statistics-format, retrieved 2026-09-28)
GCST90448490	info	imputation_info	GWAS Catalog summary statistics format (GWAS-SSF) defines the info field as 'Imputation information metric', a number between 0 and 1 (https://www.ebi.ac.uk/gwas/docs/summary-statistics-format, retrieved 2026-09-28)
GCST90448960	INFO	imputation_info	Operator-approved synonym of the GWAS-SSF info field (opengwasdb-stores#176, 2026-09-28); source header 'INFO'
GCST90451676	imputationInfo	imputation_info	Operator-approved synonym of the GWAS-SSF info field (opengwasdb-stores#176, 2026-09-28); source header 'imputationInfo'
GCST90451677	imputationInfo	imputation_info	Operator-approved synonym of the GWAS-SSF info field (opengwasdb-stores#176, 2026-09-28); source header 'imputationInfo'
GCST90451678	imputationInfo	imputation_info	Operator-approved synonym of the GWAS-SSF info field (opengwasdb-stores#176, 2026-09-28); source header 'imputationInfo'
GCST90454344	info	imputation_info	GWAS Catalog summary statistics format (GWAS-SSF) defines the info field as 'Imputation information metric', a number between 0 and 1 (https://www.ebi.ac.uk/gwas/docs/summary-statistics-format, retrieved 2026-09-28)
GCST90454345	info	imputation_info	GWAS Catalog summary statistics format (GWAS-SSF) defines the info field as 'Imputation information metric', a number between 0 and 1 (https://www.ebi.ac.uk/gwas/docs/summary-statistics-format, retrieved 2026-09-28)
GCST90454346	info	imputation_info	GWAS Catalog summary statistics format (GWAS-SSF) defines the info field as 'Imputation information metric', a number between 0 and 1 (https://www.ebi.ac.uk/gwas/docs/summary-statistics-format, retrieved 2026-09-28)
GCST90454347	info	imputation_info	GWAS Catalog summary statistics format (GWAS-SSF) defines the info field as 'Imputation information metric', a number between 0 and 1 (https://www.ebi.ac.uk/gwas/docs/summary-statistics-format, retrieved 2026-09-28)
GCST90454348	info	imputation_info	GWAS Catalog summary statistics format (GWAS-SSF) defines the info field as 'Imputation information metric', a number between 0 and 1 (https://www.ebi.ac.uk/gwas/docs/summary-statistics-format, retrieved 2026-09-28)
GCST90472808	info	imputation_info	GWAS Catalog summary statistics format (GWAS-SSF) defines the info field as 'Imputation information metric', a number between 0 and 1 (https://www.ebi.ac.uk/gwas/docs/summary-statistics-format, retrieved 2026-09-28)
GCST90472809	info	imputation_info	GWAS Catalog summary statistics format (GWAS-SSF) defines the info field as 'Imputation information metric', a number between 0 and 1 (https://www.ebi.ac.uk/gwas/docs/summary-statistics-format, retrieved 2026-09-28)
GCST90472810	info	imputation_info	GWAS Catalog summary statistics format (GWAS-SSF) defines the info field as 'Imputation information metric', a number between 0 and 1 (https://www.ebi.ac.uk/gwas/docs/summary-statistics-format, retrieved 2026-09-28)
GCST90473003	info	imputation_info	GWAS Catalog summary statistics format (GWAS-SSF) defines the info field as 'Imputation information metric', a number between 0 and 1 (https://www.ebi.ac.uk/gwas/docs/summary-statistics-format, retrieved 2026-09-28)
GCST90473004	info	imputation_info	GWAS Catalog summary statistics format (GWAS-SSF) defines the info field as 'Imputation information metric', a number between 0 and 1 (https://www.ebi.ac.uk/gwas/docs/summary-statistics-format, retrieved 2026-09-28)
GCST90473005	info	imputation_info	GWAS Catalog summary statistics format (GWAS-SSF) defines the info field as 'Imputation information metric', a number between 0 and 1 (https://www.ebi.ac.uk/gwas/docs/summary-statistics-format, retrieved 2026-09-28)
GCST90559243	info	imputation_info	GWAS Catalog summary statistics format (GWAS-SSF) defines the info field as 'Imputation information metric', a number between 0 and 1 (https://www.ebi.ac.uk/gwas/docs/summary-statistics-format, retrieved 2026-09-28)
GCST90559244	info	imputation_info	GWAS Catalog summary statistics format (GWAS-SSF) defines the info field as 'Imputation information metric', a number between 0 and 1 (https://www.ebi.ac.uk/gwas/docs/summary-statistics-format, retrieved 2026-09-28)
GCST90559245	info	imputation_info	GWAS Catalog summary statistics format (GWAS-SSF) defines the info field as 'Imputation information metric', a number between 0 and 1 (https://www.ebi.ac.uk/gwas/docs/summary-statistics-format, retrieved 2026-09-28)
GCST90559246	info	imputation_info	GWAS Catalog summary statistics format (GWAS-SSF) defines the info field as 'Imputation information metric', a number between 0 and 1 (https://www.ebi.ac.uk/gwas/docs/summary-statistics-format, retrieved 2026-09-28)
GCST90559247	info	imputation_info	GWAS Catalog summary statistics format (GWAS-SSF) defines the info field as 'Imputation information metric', a number between 0 and 1 (https://www.ebi.ac.uk/gwas/docs/summary-statistics-format, retrieved 2026-09-28)
GCST90559248	info	imputation_info	GWAS Catalog summary statistics format (GWAS-SSF) defines the info field as 'Imputation information metric', a number between 0 and 1 (https://www.ebi.ac.uk/gwas/docs/summary-statistics-format, retrieved 2026-09-28)
GCST90559249	info	imputation_info	GWAS Catalog summary statistics format (GWAS-SSF) defines the info field as 'Imputation information metric', a number between 0 and 1 (https://www.ebi.ac.uk/gwas/docs/summary-statistics-format, retrieved 2026-09-28)
GCST90559250	info	imputation_info	GWAS Catalog summary statistics format (GWAS-SSF) defines the info field as 'Imputation information metric', a number between 0 and 1 (https://www.ebi.ac.uk/gwas/docs/summary-statistics-format, retrieved 2026-09-28)
GCST90559251	info	imputation_info	GWAS Catalog summary statistics format (GWAS-SSF) defines the info field as 'Imputation information metric', a number between 0 and 1 (https://www.ebi.ac.uk/gwas/docs/summary-statistics-format, retrieved 2026-09-28)
GCST90559252	info	imputation_info	GWAS Catalog summary statistics format (GWAS-SSF) defines the info field as 'Imputation information metric', a number between 0 and 1 (https://www.ebi.ac.uk/gwas/docs/summary-statistics-format, retrieved 2026-09-28)
GCST90559253	info	imputation_info	GWAS Catalog summary statistics format (GWAS-SSF) defines the info field as 'Imputation information metric', a number between 0 and 1 (https://www.ebi.ac.uk/gwas/docs/summary-statistics-format, retrieved 2026-09-28)
GCST90559254	info	imputation_info	GWAS Catalog summary statistics format (GWAS-SSF) defines the info field as 'Imputation information metric', a number between 0 and 1 (https://www.ebi.ac.uk/gwas/docs/summary-statistics-format, retrieved 2026-09-28)
GCST90559255	info	imputation_info	GWAS Catalog summary statistics format (GWAS-SSF) defines the info field as 'Imputation information metric', a number between 0 and 1 (https://www.ebi.ac.uk/gwas/docs/summary-statistics-format, retrieved 2026-09-28)
GCST90559256	info	imputation_info	GWAS Catalog summary statistics format (GWAS-SSF) defines the info field as 'Imputation information metric', a number between 0 and 1 (https://www.ebi.ac.uk/gwas/docs/summary-statistics-format, retrieved 2026-09-28)
GCST90559257	info	imputation_info	GWAS Catalog summary statistics format (GWAS-SSF) defines the info field as 'Imputation information metric', a number between 0 and 1 (https://www.ebi.ac.uk/gwas/docs/summary-statistics-format, retrieved 2026-09-28)
GCST90559258	info	imputation_info	GWAS Catalog summary statistics format (GWAS-SSF) defines the info field as 'Imputation information metric', a number between 0 and 1 (https://www.ebi.ac.uk/gwas/docs/summary-statistics-format, retrieved 2026-09-28)
GCST90559259	info	imputation_info	GWAS Catalog summary statistics format (GWAS-SSF) defines the info field as 'Imputation information metric', a number between 0 and 1 (https://www.ebi.ac.uk/gwas/docs/summary-statistics-format, retrieved 2026-09-28)
GCST90559260	info	imputation_info	GWAS Catalog summary statistics format (GWAS-SSF) defines the info field as 'Imputation information metric', a number between 0 and 1 (https://www.ebi.ac.uk/gwas/docs/summary-statistics-format, retrieved 2026-09-28)
GCST90559261	info	imputation_info	GWAS Catalog summary statistics format (GWAS-SSF) defines the info field as 'Imputation information metric', a number between 0 and 1 (https://www.ebi.ac.uk/gwas/docs/summary-statistics-format, retrieved 2026-09-28)
GCST90559262	info	imputation_info	GWAS Catalog summary statistics format (GWAS-SSF) defines the info field as 'Imputation information metric', a number between 0 and 1 (https://www.ebi.ac.uk/gwas/docs/summary-statistics-format, retrieved 2026-09-28)
GCST90559263	info	imputation_info	GWAS Catalog summary statistics format (GWAS-SSF) defines the info field as 'Imputation information metric', a number between 0 and 1 (https://www.ebi.ac.uk/gwas/docs/summary-statistics-format, retrieved 2026-09-28)
GCST90559264	info	imputation_info	GWAS Catalog summary statistics format (GWAS-SSF) defines the info field as 'Imputation information metric', a number between 0 and 1 (https://www.ebi.ac.uk/gwas/docs/summary-statistics-format, retrieved 2026-09-28)
GCST90559265	info	imputation_info	GWAS Catalog summary statistics format (GWAS-SSF) defines the info field as 'Imputation information metric', a number between 0 and 1 (https://www.ebi.ac.uk/gwas/docs/summary-statistics-format, retrieved 2026-09-28)
GCST90559266	info	imputation_info	GWAS Catalog summary statistics format (GWAS-SSF) defines the info field as 'Imputation information metric', a number between 0 and 1 (https://www.ebi.ac.uk/gwas/docs/summary-statistics-format, retrieved 2026-09-28)
GCST90559267	info	imputation_info	GWAS Catalog summary statistics format (GWAS-SSF) defines the info field as 'Imputation information metric', a number between 0 and 1 (https://www.ebi.ac.uk/gwas/docs/summary-statistics-format, retrieved 2026-09-28)
GCST90565469	info	imputation_info	GWAS Catalog summary statistics format (GWAS-SSF) defines the info field as 'Imputation information metric', a number between 0 and 1 (https://www.ebi.ac.uk/gwas/docs/summary-statistics-format, retrieved 2026-09-28)
GCST90565470	info	imputation_info	GWAS Catalog summary statistics format (GWAS-SSF) defines the info field as 'Imputation information metric', a number between 0 and 1 (https://www.ebi.ac.uk/gwas/docs/summary-statistics-format, retrieved 2026-09-28)
GCST90565471	info	imputation_info	GWAS Catalog summary statistics format (GWAS-SSF) defines the info field as 'Imputation information metric', a number between 0 and 1 (https://www.ebi.ac.uk/gwas/docs/summary-statistics-format, retrieved 2026-09-28)
GCST90565472	info	imputation_info	GWAS Catalog summary statistics format (GWAS-SSF) defines the info field as 'Imputation information metric', a number between 0 and 1 (https://www.ebi.ac.uk/gwas/docs/summary-statistics-format, retrieved 2026-09-28)
GCST90565473	info	imputation_info	GWAS Catalog summary statistics format (GWAS-SSF) defines the info field as 'Imputation information metric', a number between 0 and 1 (https://www.ebi.ac.uk/gwas/docs/summary-statistics-format, retrieved 2026-09-28)
GCST90565474	info	imputation_info	GWAS Catalog summary statistics format (GWAS-SSF) defines the info field as 'Imputation information metric', a number between 0 and 1 (https://www.ebi.ac.uk/gwas/docs/summary-statistics-format, retrieved 2026-09-28)
GCST90565475	info	imputation_info	GWAS Catalog summary statistics format (GWAS-SSF) defines the info field as 'Imputation information metric', a number between 0 and 1 (https://www.ebi.ac.uk/gwas/docs/summary-statistics-format, retrieved 2026-09-28)
GCST90565476	info	imputation_info	GWAS Catalog summary statistics format (GWAS-SSF) defines the info field as 'Imputation information metric', a number between 0 and 1 (https://www.ebi.ac.uk/gwas/docs/summary-statistics-format, retrieved 2026-09-28)
GCST90570047	info	imputation_info	GWAS Catalog summary statistics format (GWAS-SSF) defines the info field as 'Imputation information metric', a number between 0 and 1 (https://www.ebi.ac.uk/gwas/docs/summary-statistics-format, retrieved 2026-09-28)
GCST90570048	info	imputation_info	GWAS Catalog summary statistics format (GWAS-SSF) defines the info field as 'Imputation information metric', a number between 0 and 1 (https://www.ebi.ac.uk/gwas/docs/summary-statistics-format, retrieved 2026-09-28)
GCST90572740	info	imputation_info	GWAS Catalog summary statistics format (GWAS-SSF) defines the info field as 'Imputation information metric', a number between 0 and 1 (https://www.ebi.ac.uk/gwas/docs/summary-statistics-format, retrieved 2026-09-28)
GCST90572741	info	imputation_info	GWAS Catalog summary statistics format (GWAS-SSF) defines the info field as 'Imputation information metric', a number between 0 and 1 (https://www.ebi.ac.uk/gwas/docs/summary-statistics-format, retrieved 2026-09-28)
GCST90590312	info	imputation_info	GWAS Catalog summary statistics format (GWAS-SSF) defines the info field as 'Imputation information metric', a number between 0 and 1 (https://www.ebi.ac.uk/gwas/docs/summary-statistics-format, retrieved 2026-09-28)
GCST90590313	info	imputation_info	GWAS Catalog summary statistics format (GWAS-SSF) defines the info field as 'Imputation information metric', a number between 0 and 1 (https://www.ebi.ac.uk/gwas/docs/summary-statistics-format, retrieved 2026-09-28)
GCST90590314	info	imputation_info	GWAS Catalog summary statistics format (GWAS-SSF) defines the info field as 'Imputation information metric', a number between 0 and 1 (https://www.ebi.ac.uk/gwas/docs/summary-statistics-format, retrieved 2026-09-28)
GCST90590315	info	imputation_info	GWAS Catalog summary statistics format (GWAS-SSF) defines the info field as 'Imputation information metric', a number between 0 and 1 (https://www.ebi.ac.uk/gwas/docs/summary-statistics-format, retrieved 2026-09-28)
GCST90590316	info	imputation_info	GWAS Catalog summary statistics format (GWAS-SSF) defines the info field as 'Imputation information metric', a number between 0 and 1 (https://www.ebi.ac.uk/gwas/docs/summary-statistics-format, retrieved 2026-09-28)
GCST90590317	info	imputation_info	GWAS Catalog summary statistics format (GWAS-SSF) defines the info field as 'Imputation information metric', a number between 0 and 1 (https://www.ebi.ac.uk/gwas/docs/summary-statistics-format, retrieved 2026-09-28)
GCST90590319	info	imputation_info	GWAS Catalog summary statistics format (GWAS-SSF) defines the info field as 'Imputation information metric', a number between 0 and 1 (https://www.ebi.ac.uk/gwas/docs/summary-statistics-format, retrieved 2026-09-28)
GCST90590320	info	imputation_info	GWAS Catalog summary statistics format (GWAS-SSF) defines the info field as 'Imputation information metric', a number between 0 and 1 (https://www.ebi.ac.uk/gwas/docs/summary-statistics-format, retrieved 2026-09-28)
GCST90590321	info	imputation_info	GWAS Catalog summary statistics format (GWAS-SSF) defines the info field as 'Imputation information metric', a number between 0 and 1 (https://www.ebi.ac.uk/gwas/docs/summary-statistics-format, retrieved 2026-09-28)
GCST90627994	info	imputation_info	GWAS Catalog summary statistics format (GWAS-SSF) defines the info field as 'Imputation information metric', a number between 0 and 1 (https://www.ebi.ac.uk/gwas/docs/summary-statistics-format, retrieved 2026-09-28)
GCST90627995	info	imputation_info	GWAS Catalog summary statistics format (GWAS-SSF) defines the info field as 'Imputation information metric', a number between 0 and 1 (https://www.ebi.ac.uk/gwas/docs/summary-statistics-format, retrieved 2026-09-28)
GCST90627996	info	imputation_info	GWAS Catalog summary statistics format (GWAS-SSF) defines the info field as 'Imputation information metric', a number between 0 and 1 (https://www.ebi.ac.uk/gwas/docs/summary-statistics-format, retrieved 2026-09-28)
GCST90627997	info	imputation_info	GWAS Catalog summary statistics format (GWAS-SSF) defines the info field as 'Imputation information metric', a number between 0 and 1 (https://www.ebi.ac.uk/gwas/docs/summary-statistics-format, retrieved 2026-09-28)
GCST90627998	info	imputation_info	GWAS Catalog summary statistics format (GWAS-SSF) defines the info field as 'Imputation information metric', a number between 0 and 1 (https://www.ebi.ac.uk/gwas/docs/summary-statistics-format, retrieved 2026-09-28)
GCST90627999	info	imputation_info	GWAS Catalog summary statistics format (GWAS-SSF) defines the info field as 'Imputation information metric', a number between 0 and 1 (https://www.ebi.ac.uk/gwas/docs/summary-statistics-format, retrieved 2026-09-28)
GCST90628000	info	imputation_info	GWAS Catalog summary statistics format (GWAS-SSF) defines the info field as 'Imputation information metric', a number between 0 and 1 (https://www.ebi.ac.uk/gwas/docs/summary-statistics-format, retrieved 2026-09-28)
GCST90628001	info	imputation_info	GWAS Catalog summary statistics format (GWAS-SSF) defines the info field as 'Imputation information metric', a number between 0 and 1 (https://www.ebi.ac.uk/gwas/docs/summary-statistics-format, retrieved 2026-09-28)
GCST90628002	info	imputation_info	GWAS Catalog summary statistics format (GWAS-SSF) defines the info field as 'Imputation information metric', a number between 0 and 1 (https://www.ebi.ac.uk/gwas/docs/summary-statistics-format, retrieved 2026-09-28)
GCST90628003	info	imputation_info	GWAS Catalog summary statistics format (GWAS-SSF) defines the info field as 'Imputation information metric', a number between 0 and 1 (https://www.ebi.ac.uk/gwas/docs/summary-statistics-format, retrieved 2026-09-28)
GCST90628004	info	imputation_info	GWAS Catalog summary statistics format (GWAS-SSF) defines the info field as 'Imputation information metric', a number between 0 and 1 (https://www.ebi.ac.uk/gwas/docs/summary-statistics-format, retrieved 2026-09-28)
GCST90628005	info	imputation_info	GWAS Catalog summary statistics format (GWAS-SSF) defines the info field as 'Imputation information metric', a number between 0 and 1 (https://www.ebi.ac.uk/gwas/docs/summary-statistics-format, retrieved 2026-09-28)
GCST90628006	info	imputation_info	GWAS Catalog summary statistics format (GWAS-SSF) defines the info field as 'Imputation information metric', a number between 0 and 1 (https://www.ebi.ac.uk/gwas/docs/summary-statistics-format, retrieved 2026-09-28)
GCST90628007	info	imputation_info	GWAS Catalog summary statistics format (GWAS-SSF) defines the info field as 'Imputation information metric', a number between 0 and 1 (https://www.ebi.ac.uk/gwas/docs/summary-statistics-format, retrieved 2026-09-28)
GCST90628008	info	imputation_info	GWAS Catalog summary statistics format (GWAS-SSF) defines the info field as 'Imputation information metric', a number between 0 and 1 (https://www.ebi.ac.uk/gwas/docs/summary-statistics-format, retrieved 2026-09-28)
GCST90628009	info	imputation_info	GWAS Catalog summary statistics format (GWAS-SSF) defines the info field as 'Imputation information metric', a number between 0 and 1 (https://www.ebi.ac.uk/gwas/docs/summary-statistics-format, retrieved 2026-09-28)
GCST90628010	info	imputation_info	GWAS Catalog summary statistics format (GWAS-SSF) defines the info field as 'Imputation information metric', a number between 0 and 1 (https://www.ebi.ac.uk/gwas/docs/summary-statistics-format, retrieved 2026-09-28)
GCST90628011	info	imputation_info	GWAS Catalog summary statistics format (GWAS-SSF) defines the info field as 'Imputation information metric', a number between 0 and 1 (https://www.ebi.ac.uk/gwas/docs/summary-statistics-format, retrieved 2026-09-28)
GCST90628012	info	imputation_info	GWAS Catalog summary statistics format (GWAS-SSF) defines the info field as 'Imputation information metric', a number between 0 and 1 (https://www.ebi.ac.uk/gwas/docs/summary-statistics-format, retrieved 2026-09-28)
GCST90628013	info	imputation_info	GWAS Catalog summary statistics format (GWAS-SSF) defines the info field as 'Imputation information metric', a number between 0 and 1 (https://www.ebi.ac.uk/gwas/docs/summary-statistics-format, retrieved 2026-09-28)
GCST90628014	info	imputation_info	GWAS Catalog summary statistics format (GWAS-SSF) defines the info field as 'Imputation information metric', a number between 0 and 1 (https://www.ebi.ac.uk/gwas/docs/summary-statistics-format, retrieved 2026-09-28)
GCST90628015	info	imputation_info	GWAS Catalog summary statistics format (GWAS-SSF) defines the info field as 'Imputation information metric', a number between 0 and 1 (https://www.ebi.ac.uk/gwas/docs/summary-statistics-format, retrieved 2026-09-28)
GCST90628016	info	imputation_info	GWAS Catalog summary statistics format (GWAS-SSF) defines the info field as 'Imputation information metric', a number between 0 and 1 (https://www.ebi.ac.uk/gwas/docs/summary-statistics-format, retrieved 2026-09-28)
GCST90628017	info	imputation_info	GWAS Catalog summary statistics format (GWAS-SSF) defines the info field as 'Imputation information metric', a number between 0 and 1 (https://www.ebi.ac.uk/gwas/docs/summary-statistics-format, retrieved 2026-09-28)
GCST90628018	info	imputation_info	GWAS Catalog summary statistics format (GWAS-SSF) defines the info field as 'Imputation information metric', a number between 0 and 1 (https://www.ebi.ac.uk/gwas/docs/summary-statistics-format, retrieved 2026-09-28)
GCST90628019	info	imputation_info	GWAS Catalog summary statistics format (GWAS-SSF) defines the info field as 'Imputation information metric', a number between 0 and 1 (https://www.ebi.ac.uk/gwas/docs/summary-statistics-format, retrieved 2026-09-28)
GCST90628020	info	imputation_info	GWAS Catalog summary statistics format (GWAS-SSF) defines the info field as 'Imputation information metric', a number between 0 and 1 (https://www.ebi.ac.uk/gwas/docs/summary-statistics-format, retrieved 2026-09-28)
GCST90628021	info	imputation_info	GWAS Catalog summary statistics format (GWAS-SSF) defines the info field as 'Imputation information metric', a number between 0 and 1 (https://www.ebi.ac.uk/gwas/docs/summary-statistics-format, retrieved 2026-09-28)
GCST90628022	info	imputation_info	GWAS Catalog summary statistics format (GWAS-SSF) defines the info field as 'Imputation information metric', a number between 0 and 1 (https://www.ebi.ac.uk/gwas/docs/summary-statistics-format, retrieved 2026-09-28)
GCST90628023	info	imputation_info	GWAS Catalog summary statistics format (GWAS-SSF) defines the info field as 'Imputation information metric', a number between 0 and 1 (https://www.ebi.ac.uk/gwas/docs/summary-statistics-format, retrieved 2026-09-28)
GCST90628024	info	imputation_info	GWAS Catalog summary statistics format (GWAS-SSF) defines the info field as 'Imputation information metric', a number between 0 and 1 (https://www.ebi.ac.uk/gwas/docs/summary-statistics-format, retrieved 2026-09-28)
GCST90628025	info	imputation_info	GWAS Catalog summary statistics format (GWAS-SSF) defines the info field as 'Imputation information metric', a number between 0 and 1 (https://www.ebi.ac.uk/gwas/docs/summary-statistics-format, retrieved 2026-09-28)
GCST90628026	info	imputation_info	GWAS Catalog summary statistics format (GWAS-SSF) defines the info field as 'Imputation information metric', a number between 0 and 1 (https://www.ebi.ac.uk/gwas/docs/summary-statistics-format, retrieved 2026-09-28)
GCST90628027	info	imputation_info	GWAS Catalog summary statistics format (GWAS-SSF) defines the info field as 'Imputation information metric', a number between 0 and 1 (https://www.ebi.ac.uk/gwas/docs/summary-statistics-format, retrieved 2026-09-28)
GCST90628028	info	imputation_info	GWAS Catalog summary statistics format (GWAS-SSF) defines the info field as 'Imputation information metric', a number between 0 and 1 (https://www.ebi.ac.uk/gwas/docs/summary-statistics-format, retrieved 2026-09-28)
GCST90628029	info	imputation_info	GWAS Catalog summary statistics format (GWAS-SSF) defines the info field as 'Imputation information metric', a number between 0 and 1 (https://www.ebi.ac.uk/gwas/docs/summary-statistics-format, retrieved 2026-09-28)
GCST90628030	info	imputation_info	GWAS Catalog summary statistics format (GWAS-SSF) defines the info field as 'Imputation information metric', a number between 0 and 1 (https://www.ebi.ac.uk/gwas/docs/summary-statistics-format, retrieved 2026-09-28)
GCST90628031	info	imputation_info	GWAS Catalog summary statistics format (GWAS-SSF) defines the info field as 'Imputation information metric', a number between 0 and 1 (https://www.ebi.ac.uk/gwas/docs/summary-statistics-format, retrieved 2026-09-28)
GCST90628032	info	imputation_info	GWAS Catalog summary statistics format (GWAS-SSF) defines the info field as 'Imputation information metric', a number between 0 and 1 (https://www.ebi.ac.uk/gwas/docs/summary-statistics-format, retrieved 2026-09-28)
GCST90651070	info	imputation_info	GWAS Catalog summary statistics format (GWAS-SSF) defines the info field as 'Imputation information metric', a number between 0 and 1 (https://www.ebi.ac.uk/gwas/docs/summary-statistics-format, retrieved 2026-09-28)
GCST90651071	info	imputation_info	GWAS Catalog summary statistics format (GWAS-SSF) defines the info field as 'Imputation information metric', a number between 0 and 1 (https://www.ebi.ac.uk/gwas/docs/summary-statistics-format, retrieved 2026-09-28)
GCST90651072	info	imputation_info	GWAS Catalog summary statistics format (GWAS-SSF) defines the info field as 'Imputation information metric', a number between 0 and 1 (https://www.ebi.ac.uk/gwas/docs/summary-statistics-format, retrieved 2026-09-28)
GCST90651073	info	imputation_info	GWAS Catalog summary statistics format (GWAS-SSF) defines the info field as 'Imputation information metric', a number between 0 and 1 (https://www.ebi.ac.uk/gwas/docs/summary-statistics-format, retrieved 2026-09-28)
GCST90651074	info	imputation_info	GWAS Catalog summary statistics format (GWAS-SSF) defines the info field as 'Imputation information metric', a number between 0 and 1 (https://www.ebi.ac.uk/gwas/docs/summary-statistics-format, retrieved 2026-09-28)
GCST90651075	info	imputation_info	GWAS Catalog summary statistics format (GWAS-SSF) defines the info field as 'Imputation information metric', a number between 0 and 1 (https://www.ebi.ac.uk/gwas/docs/summary-statistics-format, retrieved 2026-09-28)
GCST90651076	info	imputation_info	GWAS Catalog summary statistics format (GWAS-SSF) defines the info field as 'Imputation information metric', a number between 0 and 1 (https://www.ebi.ac.uk/gwas/docs/summary-statistics-format, retrieved 2026-09-28)
GCST90651077	info	imputation_info	GWAS Catalog summary statistics format (GWAS-SSF) defines the info field as 'Imputation information metric', a number between 0 and 1 (https://www.ebi.ac.uk/gwas/docs/summary-statistics-format, retrieved 2026-09-28)
GCST90672032	info	imputation_info	GWAS Catalog summary statistics format (GWAS-SSF) defines the info field as 'Imputation information metric', a number between 0 and 1 (https://www.ebi.ac.uk/gwas/docs/summary-statistics-format, retrieved 2026-09-28)
GCST90672033	info	imputation_info	GWAS Catalog summary statistics format (GWAS-SSF) defines the info field as 'Imputation information metric', a number between 0 and 1 (https://www.ebi.ac.uk/gwas/docs/summary-statistics-format, retrieved 2026-09-28)
GCST90672034	info	imputation_info	GWAS Catalog summary statistics format (GWAS-SSF) defines the info field as 'Imputation information metric', a number between 0 and 1 (https://www.ebi.ac.uk/gwas/docs/summary-statistics-format, retrieved 2026-09-28)
GCST90672035	info	imputation_info	GWAS Catalog summary statistics format (GWAS-SSF) defines the info field as 'Imputation information metric', a number between 0 and 1 (https://www.ebi.ac.uk/gwas/docs/summary-statistics-format, retrieved 2026-09-28)
GCST90672036	info	imputation_info	GWAS Catalog summary statistics format (GWAS-SSF) defines the info field as 'Imputation information metric', a number between 0 and 1 (https://www.ebi.ac.uk/gwas/docs/summary-statistics-format, retrieved 2026-09-28)
GCST90672037	info	imputation_info	GWAS Catalog summary statistics format (GWAS-SSF) defines the info field as 'Imputation information metric', a number between 0 and 1 (https://www.ebi.ac.uk/gwas/docs/summary-statistics-format, retrieved 2026-09-28)
GCST90672038	info	imputation_info	GWAS Catalog summary statistics format (GWAS-SSF) defines the info field as 'Imputation information metric', a number between 0 and 1 (https://www.ebi.ac.uk/gwas/docs/summary-statistics-format, retrieved 2026-09-28)
GCST90672039	info	imputation_info	GWAS Catalog summary statistics format (GWAS-SSF) defines the info field as 'Imputation information metric', a number between 0 and 1 (https://www.ebi.ac.uk/gwas/docs/summary-statistics-format, retrieved 2026-09-28)
GCST90672040	info	imputation_info	GWAS Catalog summary statistics format (GWAS-SSF) defines the info field as 'Imputation information metric', a number between 0 and 1 (https://www.ebi.ac.uk/gwas/docs/summary-statistics-format, retrieved 2026-09-28)
GCST90711138	info	imputation_info	GWAS Catalog summary statistics format (GWAS-SSF) defines the info field as 'Imputation information metric', a number between 0 and 1 (https://www.ebi.ac.uk/gwas/docs/summary-statistics-format, retrieved 2026-09-28)
GCST90726498	INFO	imputation_info	Operator-approved synonym of the GWAS-SSF info field (opengwasdb-stores#176, 2026-09-28); source header 'INFO'
GCST90726499	INFO	imputation_info	Operator-approved synonym of the GWAS-SSF info field (opengwasdb-stores#176, 2026-09-28); source header 'INFO'
GCST90726500	INFO	imputation_info	Operator-approved synonym of the GWAS-SSF info field (opengwasdb-stores#176, 2026-09-28); source header 'INFO'
GCST90728584	info	imputation_info	GWAS Catalog summary statistics format (GWAS-SSF) defines the info field as 'Imputation information metric', a number between 0 and 1 (https://www.ebi.ac.uk/gwas/docs/summary-statistics-format, retrieved 2026-09-28)
GCST90728585	info	imputation_info	GWAS Catalog summary statistics format (GWAS-SSF) defines the info field as 'Imputation information metric', a number between 0 and 1 (https://www.ebi.ac.uk/gwas/docs/summary-statistics-format, retrieved 2026-09-28)
GCST90728586	info	imputation_info	GWAS Catalog summary statistics format (GWAS-SSF) defines the info field as 'Imputation information metric', a number between 0 and 1 (https://www.ebi.ac.uk/gwas/docs/summary-statistics-format, retrieved 2026-09-28)
GCST90728587	info	imputation_info	GWAS Catalog summary statistics format (GWAS-SSF) defines the info field as 'Imputation information metric', a number between 0 and 1 (https://www.ebi.ac.uk/gwas/docs/summary-statistics-format, retrieved 2026-09-28)
GCST90797570	info	imputation_info	GWAS Catalog summary statistics format (GWAS-SSF) defines the info field as 'Imputation information metric', a number between 0 and 1 (https://www.ebi.ac.uk/gwas/docs/summary-statistics-format, retrieved 2026-09-28)
GCST90797571	info	imputation_info	GWAS Catalog summary statistics format (GWAS-SSF) defines the info field as 'Imputation information metric', a number between 0 and 1 (https://www.ebi.ac.uk/gwas/docs/summary-statistics-format, retrieved 2026-09-28)
GCST90797572	info	imputation_info	GWAS Catalog summary statistics format (GWAS-SSF) defines the info field as 'Imputation information metric', a number between 0 and 1 (https://www.ebi.ac.uk/gwas/docs/summary-statistics-format, retrieved 2026-09-28)
GCST90797573	info	imputation_info	GWAS Catalog summary statistics format (GWAS-SSF) defines the info field as 'Imputation information metric', a number between 0 and 1 (https://www.ebi.ac.uk/gwas/docs/summary-statistics-format, retrieved 2026-09-28)
GCST90797574	info	imputation_info	GWAS Catalog summary statistics format (GWAS-SSF) defines the info field as 'Imputation information metric', a number between 0 and 1 (https://www.ebi.ac.uk/gwas/docs/summary-statistics-format, retrieved 2026-09-28)
GCST90797575	info	imputation_info	GWAS Catalog summary statistics format (GWAS-SSF) defines the info field as 'Imputation information metric', a number between 0 and 1 (https://www.ebi.ac.uk/gwas/docs/summary-statistics-format, retrieved 2026-09-28)
GCST90797576	info	imputation_info	GWAS Catalog summary statistics format (GWAS-SSF) defines the info field as 'Imputation information metric', a number between 0 and 1 (https://www.ebi.ac.uk/gwas/docs/summary-statistics-format, retrieved 2026-09-28)
GCST90797577	info	imputation_info	GWAS Catalog summary statistics format (GWAS-SSF) defines the info field as 'Imputation information metric', a number between 0 and 1 (https://www.ebi.ac.uk/gwas/docs/summary-statistics-format, retrieved 2026-09-28)
GCST90797578	info	imputation_info	GWAS Catalog summary statistics format (GWAS-SSF) defines the info field as 'Imputation information metric', a number between 0 and 1 (https://www.ebi.ac.uk/gwas/docs/summary-statistics-format, retrieved 2026-09-28)
GCST90797579	info	imputation_info	GWAS Catalog summary statistics format (GWAS-SSF) defines the info field as 'Imputation information metric', a number between 0 and 1 (https://www.ebi.ac.uk/gwas/docs/summary-statistics-format, retrieved 2026-09-28)
GCST90797580	info	imputation_info	GWAS Catalog summary statistics format (GWAS-SSF) defines the info field as 'Imputation information metric', a number between 0 and 1 (https://www.ebi.ac.uk/gwas/docs/summary-statistics-format, retrieved 2026-09-28)
GCST90797581	info	imputation_info	GWAS Catalog summary statistics format (GWAS-SSF) defines the info field as 'Imputation information metric', a number between 0 and 1 (https://www.ebi.ac.uk/gwas/docs/summary-statistics-format, retrieved 2026-09-28)
GCST90797582	info	imputation_info	GWAS Catalog summary statistics format (GWAS-SSF) defines the info field as 'Imputation information metric', a number between 0 and 1 (https://www.ebi.ac.uk/gwas/docs/summary-statistics-format, retrieved 2026-09-28)
GCST90797583	info	imputation_info	GWAS Catalog summary statistics format (GWAS-SSF) defines the info field as 'Imputation information metric', a number between 0 and 1 (https://www.ebi.ac.uk/gwas/docs/summary-statistics-format, retrieved 2026-09-28)
GCST90797584	info	imputation_info	GWAS Catalog summary statistics format (GWAS-SSF) defines the info field as 'Imputation information metric', a number between 0 and 1 (https://www.ebi.ac.uk/gwas/docs/summary-statistics-format, retrieved 2026-09-28)
GCST90797585	info	imputation_info	GWAS Catalog summary statistics format (GWAS-SSF) defines the info field as 'Imputation information metric', a number between 0 and 1 (https://www.ebi.ac.uk/gwas/docs/summary-statistics-format, retrieved 2026-09-28)
GCST90797586	info	imputation_info	GWAS Catalog summary statistics format (GWAS-SSF) defines the info field as 'Imputation information metric', a number between 0 and 1 (https://www.ebi.ac.uk/gwas/docs/summary-statistics-format, retrieved 2026-09-28)
GCST90797587	info	imputation_info	GWAS Catalog summary statistics format (GWAS-SSF) defines the info field as 'Imputation information metric', a number between 0 and 1 (https://www.ebi.ac.uk/gwas/docs/summary-statistics-format, retrieved 2026-09-28)
GCST90797588	info	imputation_info	GWAS Catalog summary statistics format (GWAS-SSF) defines the info field as 'Imputation information metric', a number between 0 and 1 (https://www.ebi.ac.uk/gwas/docs/summary-statistics-format, retrieved 2026-09-28)
GCST90797589	info	imputation_info	GWAS Catalog summary statistics format (GWAS-SSF) defines the info field as 'Imputation information metric', a number between 0 and 1 (https://www.ebi.ac.uk/gwas/docs/summary-statistics-format, retrieved 2026-09-28)
GCST90809305	info_score_from_regenie	imputation_info	Operator-approved synonym of the GWAS-SSF info field (opengwasdb-stores#176, 2026-09-28); source header 'info_score_from_regenie'
GCST90809802	INFO	imputation_info	Operator-approved synonym of the GWAS-SSF info field (opengwasdb-stores#176, 2026-09-28); source header 'INFO'
GCST90809804	INFO	imputation_info	Operator-approved synonym of the GWAS-SSF info field (opengwasdb-stores#176, 2026-09-28); source header 'INFO'
GCST90809805	INFO	imputation_info	Operator-approved synonym of the GWAS-SSF info field (opengwasdb-stores#176, 2026-09-28); source header 'INFO'
GCST90809806	INFO	imputation_info	Operator-approved synonym of the GWAS-SSF info field (opengwasdb-stores#176, 2026-09-28); source header 'INFO'
GCST90809807	INFO	imputation_info	Operator-approved synonym of the GWAS-SSF info field (opengwasdb-stores#176, 2026-09-28); source header 'INFO'
GCST90809808	INFO	imputation_info	Operator-approved synonym of the GWAS-SSF info field (opengwasdb-stores#176, 2026-09-28); source header 'INFO'
GCST90809809	INFO	imputation_info	Operator-approved synonym of the GWAS-SSF info field (opengwasdb-stores#176, 2026-09-28); source header 'INFO'
GCST90809810	INFO	imputation_info	Operator-approved synonym of the GWAS-SSF info field (opengwasdb-stores#176, 2026-09-28); source header 'INFO'
GCST90809812	INFO	imputation_info	Operator-approved synonym of the GWAS-SSF info field (opengwasdb-stores#176, 2026-09-28); source header 'INFO'
GCST90809813	INFO	imputation_info	Operator-approved synonym of the GWAS-SSF info field (opengwasdb-stores#176, 2026-09-28); source header 'INFO'
GCST90809815	INFO	imputation_info	Operator-approved synonym of the GWAS-SSF info field (opengwasdb-stores#176, 2026-09-28); source header 'INFO'
GCST90809817	INFO	imputation_info	Operator-approved synonym of the GWAS-SSF info field (opengwasdb-stores#176, 2026-09-28); source header 'INFO'
GCST90809818	INFO	imputation_info	Operator-approved synonym of the GWAS-SSF info field (opengwasdb-stores#176, 2026-09-28); source header 'INFO'
GCST90809819	INFO	imputation_info	Operator-approved synonym of the GWAS-SSF info field (opengwasdb-stores#176, 2026-09-28); source header 'INFO'
GCST90809820	INFO	imputation_info	Operator-approved synonym of the GWAS-SSF info field (opengwasdb-stores#176, 2026-09-28); source header 'INFO'
GCST90809821	INFO	imputation_info	Operator-approved synonym of the GWAS-SSF info field (opengwasdb-stores#176, 2026-09-28); source header 'INFO'
GCST90809823	INFO	imputation_info	Operator-approved synonym of the GWAS-SSF info field (opengwasdb-stores#176, 2026-09-28); source header 'INFO'
GCST90809824	INFO	imputation_info	Operator-approved synonym of the GWAS-SSF info field (opengwasdb-stores#176, 2026-09-28); source header 'INFO'
GCST90809826	INFO	imputation_info	Operator-approved synonym of the GWAS-SSF info field (opengwasdb-stores#176, 2026-09-28); source header 'INFO'
GCST90809827	INFO	imputation_info	Operator-approved synonym of the GWAS-SSF info field (opengwasdb-stores#176, 2026-09-28); source header 'INFO'
GCST90809829	INFO	imputation_info	Operator-approved synonym of the GWAS-SSF info field (opengwasdb-stores#176, 2026-09-28); source header 'INFO'
GCST90824104	INFO	imputation_info	Operator-approved synonym of the GWAS-SSF info field (opengwasdb-stores#176, 2026-09-28); source header 'INFO'
GCST90824105	INFO	imputation_info	Operator-approved synonym of the GWAS-SSF info field (opengwasdb-stores#176, 2026-09-28); source header 'INFO'
GCST90824106	INFO	imputation_info	Operator-approved synonym of the GWAS-SSF info field (opengwasdb-stores#176, 2026-09-28); source header 'INFO'
GCST90824107	INFO	imputation_info	Operator-approved synonym of the GWAS-SSF info field (opengwasdb-stores#176, 2026-09-28); source header 'INFO'
GCST90832989	info	imputation_info	GWAS Catalog summary statistics format (GWAS-SSF) defines the info field as 'Imputation information metric', a number between 0 and 1 (https://www.ebi.ac.uk/gwas/docs/summary-statistics-format, retrieved 2026-09-28)
GCST90832990	info	imputation_info	GWAS Catalog summary statistics format (GWAS-SSF) defines the info field as 'Imputation information metric', a number between 0 and 1 (https://www.ebi.ac.uk/gwas/docs/summary-statistics-format, retrieved 2026-09-28)
GCST90832991	info	imputation_info	GWAS Catalog summary statistics format (GWAS-SSF) defines the info field as 'Imputation information metric', a number between 0 and 1 (https://www.ebi.ac.uk/gwas/docs/summary-statistics-format, retrieved 2026-09-28)
GCST90832992	info	imputation_info	GWAS Catalog summary statistics format (GWAS-SSF) defines the info field as 'Imputation information metric', a number between 0 and 1 (https://www.ebi.ac.uk/gwas/docs/summary-statistics-format, retrieved 2026-09-28)
GCST90833057	INFO	imputation_info	Operator-approved synonym of the GWAS-SSF info field (opengwasdb-stores#176, 2026-09-28); source header 'INFO'
GCST90836767	info	imputation_info	GWAS Catalog summary statistics format (GWAS-SSF) defines the info field as 'Imputation information metric', a number between 0 and 1 (https://www.ebi.ac.uk/gwas/docs/summary-statistics-format, retrieved 2026-09-28)
GCST90836768	info	imputation_info	GWAS Catalog summary statistics format (GWAS-SSF) defines the info field as 'Imputation information metric', a number between 0 and 1 (https://www.ebi.ac.uk/gwas/docs/summary-statistics-format, retrieved 2026-09-28)
GCST90836769	info	imputation_info	GWAS Catalog summary statistics format (GWAS-SSF) defines the info field as 'Imputation information metric', a number between 0 and 1 (https://www.ebi.ac.uk/gwas/docs/summary-statistics-format, retrieved 2026-09-28)
GCST90836770	info	imputation_info	GWAS Catalog summary statistics format (GWAS-SSF) defines the info field as 'Imputation information metric', a number between 0 and 1 (https://www.ebi.ac.uk/gwas/docs/summary-statistics-format, retrieved 2026-09-28)
GCST90836771	info	imputation_info	GWAS Catalog summary statistics format (GWAS-SSF) defines the info field as 'Imputation information metric', a number between 0 and 1 (https://www.ebi.ac.uk/gwas/docs/summary-statistics-format, retrieved 2026-09-28)
GCST90836772	info	imputation_info	GWAS Catalog summary statistics format (GWAS-SSF) defines the info field as 'Imputation information metric', a number between 0 and 1 (https://www.ebi.ac.uk/gwas/docs/summary-statistics-format, retrieved 2026-09-28)
GCST90836773	info	imputation_info	GWAS Catalog summary statistics format (GWAS-SSF) defines the info field as 'Imputation information metric', a number between 0 and 1 (https://www.ebi.ac.uk/gwas/docs/summary-statistics-format, retrieved 2026-09-28)
GCST90836774	info	imputation_info	GWAS Catalog summary statistics format (GWAS-SSF) defines the info field as 'Imputation information metric', a number between 0 and 1 (https://www.ebi.ac.uk/gwas/docs/summary-statistics-format, retrieved 2026-09-28)
GCST90836775	info	imputation_info	GWAS Catalog summary statistics format (GWAS-SSF) defines the info field as 'Imputation information metric', a number between 0 and 1 (https://www.ebi.ac.uk/gwas/docs/summary-statistics-format, retrieved 2026-09-28)
GCST90836776	info	imputation_info	GWAS Catalog summary statistics format (GWAS-SSF) defines the info field as 'Imputation information metric', a number between 0 and 1 (https://www.ebi.ac.uk/gwas/docs/summary-statistics-format, retrieved 2026-09-28)
GCST90836777	info	imputation_info	GWAS Catalog summary statistics format (GWAS-SSF) defines the info field as 'Imputation information metric', a number between 0 and 1 (https://www.ebi.ac.uk/gwas/docs/summary-statistics-format, retrieved 2026-09-28)
GCST90836778	info	imputation_info	GWAS Catalog summary statistics format (GWAS-SSF) defines the info field as 'Imputation information metric', a number between 0 and 1 (https://www.ebi.ac.uk/gwas/docs/summary-statistics-format, retrieved 2026-09-28)
GCST90836779	info	imputation_info	GWAS Catalog summary statistics format (GWAS-SSF) defines the info field as 'Imputation information metric', a number between 0 and 1 (https://www.ebi.ac.uk/gwas/docs/summary-statistics-format, retrieved 2026-09-28)
GCST90836780	info	imputation_info	GWAS Catalog summary statistics format (GWAS-SSF) defines the info field as 'Imputation information metric', a number between 0 and 1 (https://www.ebi.ac.uk/gwas/docs/summary-statistics-format, retrieved 2026-09-28)
GCST90838733	info	imputation_info	GWAS Catalog summary statistics format (GWAS-SSF) defines the info field as 'Imputation information metric', a number between 0 and 1 (https://www.ebi.ac.uk/gwas/docs/summary-statistics-format, retrieved 2026-09-28)
GCST90840657	info	imputation_info	GWAS Catalog summary statistics format (GWAS-SSF) defines the info field as 'Imputation information metric', a number between 0 and 1 (https://www.ebi.ac.uk/gwas/docs/summary-statistics-format, retrieved 2026-09-28)
GCST90859373	info	imputation_info	GWAS Catalog summary statistics format (GWAS-SSF) defines the info field as 'Imputation information metric', a number between 0 and 1 (https://www.ebi.ac.uk/gwas/docs/summary-statistics-format, retrieved 2026-09-28)
GCST90859374	info	imputation_info	GWAS Catalog summary statistics format (GWAS-SSF) defines the info field as 'Imputation information metric', a number between 0 and 1 (https://www.ebi.ac.uk/gwas/docs/summary-statistics-format, retrieved 2026-09-28)
GCST90859375	info	imputation_info	GWAS Catalog summary statistics format (GWAS-SSF) defines the info field as 'Imputation information metric', a number between 0 and 1 (https://www.ebi.ac.uk/gwas/docs/summary-statistics-format, retrieved 2026-09-28)
GCST90859376	info	imputation_info	GWAS Catalog summary statistics format (GWAS-SSF) defines the info field as 'Imputation information metric', a number between 0 and 1 (https://www.ebi.ac.uk/gwas/docs/summary-statistics-format, retrieved 2026-09-28)
GCST90859377	info	imputation_info	GWAS Catalog summary statistics format (GWAS-SSF) defines the info field as 'Imputation information metric', a number between 0 and 1 (https://www.ebi.ac.uk/gwas/docs/summary-statistics-format, retrieved 2026-09-28)
GCST90859379	info	imputation_info	GWAS Catalog summary statistics format (GWAS-SSF) defines the info field as 'Imputation information metric', a number between 0 and 1 (https://www.ebi.ac.uk/gwas/docs/summary-statistics-format, retrieved 2026-09-28)
