trait_label	field	analyses	previous_bucket	selected_id	selected_label	confidence	margin	bucket	input_tokens	cost_usd
beef intake	Diet and supplements	2	no suitable term	none_suitable		0.870000	0.810000	no suitable term	3109	0.000131
dried fruit intake	Diet and supplements	2	no suitable term	none_suitable		0.900000	0.810000	no suitable term	3619	0.000152
maximum digits remembered correctly	Other measurement / questionnaire	2	review (uncertain pick)	EFO:0004874	memory performance	0.490000	0.370000	review (uncertain pick)	2948	0.000124
number of correct matches in round	Other measurement / questionnaire	2	no suitable term	none_suitable		0.990000	0.980000	no suitable term	5587	0.000235
number of incorrect matches in round	Other measurement / questionnaire	2	no suitable term	none_suitable		1.000000	1.000000	no suitable term	5799	0.000244
oily fish intake	Diet and supplements	2	review (uncertain pick)	EFO:0010139	fish consumption measurement	0.920000	0.920000	auto-accepted	5199	0.000218
pork intake	Diet and supplements	2	no suitable term	none_suitable		0.818182	0.727273	review (uncertain abstention)	3971	0.000167
poultry intake	Diet and supplements	2	no suitable term	none_suitable		0.880000	0.830000	no suitable term	3190	0.000134
time to complete round	Other measurement / questionnaire	2	review (uncertain abstention)	none_suitable		0.320000	0.060000	review (uncertain abstention)	6228	0.000262
treatment/medication code: vitamin c product	Medication	2	review (uncertain abstention)	EFO:0009116	vitamin supplement exposure measurement	0.590000	0.550000	review (uncertain pick)	6194	0.000260
3mm asymmetry angle (left)	Keratometry	1	review (uncertain abstention)	none_suitable		0.797980	0.626263	review (uncertain abstention)	6179	0.000260
3mm asymmetry angle (right)	Keratometry	1	review (uncertain abstention)	none_suitable		0.797980	0.616162	review (uncertain abstention)	6368	0.000267
3mm asymmetry index (left)	Keratometry	1	review (uncertain abstention)	none_suitable		0.970000	0.950000	no suitable term	6760	0.000284
3mm asymmetry index (right)	Keratometry	1	review (uncertain pick)	none_suitable		0.960000	0.940000	no suitable term	6530	0.000274
3mm cylindrical power (left)	Keratometry	1	no suitable term	none_suitable		0.949495	0.929293	no suitable term	6032	0.000253
3mm cylindrical power (right)	Keratometry	1	no suitable term	none_suitable		0.960000	0.940000	no suitable term	6093	0.000256
3mm cylindrical power angle (left)	Keratometry	1	no suitable term	none_suitable		0.950000	0.940000	no suitable term	6449	0.000271
3mm cylindrical power angle (right)	Keratometry	1	no suitable term	none_suitable		0.970000	0.960000	no suitable term	6401	0.000269
3mm index of best keratometry results (left)	Keratometry	1	review (uncertain abstention)	EFO:0004345	corneal topography	0.670000	0.660000	review (uncertain pick)	5830	0.000245
3mm index of best keratometry results (right)	Keratometry	1	review (uncertain abstention)	EFO:0004345	corneal topography	0.890000	0.890000	auto-accepted	5963	0.000250
3mm regularity index (left)	Keratometry	1	no suitable term	none_suitable		0.990000	0.980000	no suitable term	6559	0.000275
3mm regularity index (right)	Keratometry	1	no suitable term	none_suitable		0.980000	0.970000	no suitable term	6510	0.000273
3mm strong meridian (left)	Keratometry	1	no suitable term	none_suitable		0.980000	0.970000	no suitable term	6283	0.000264
3mm strong meridian (right)	Keratometry	1	no suitable term	none_suitable		0.960000	0.950000	no suitable term	6063	0.000255
3mm strong meridian angle (left)	Keratometry	1	no suitable term	none_suitable		0.970000	0.960000	no suitable term	6444	0.000271
3mm strong meridian angle (right)	Keratometry	1	no suitable term	none_suitable		0.970000	0.960000	no suitable term	6593	0.000277
3mm weak meridian (left)	Keratometry	1	no suitable term	none_suitable		0.960000	0.950000	no suitable term	6909	0.000290
3mm weak meridian (right)	Keratometry	1	no suitable term	none_suitable		0.950000	0.940000	no suitable term	6940	0.000291
3mm weak meridian angle (left)	Keratometry	1	no suitable term	none_suitable		0.980000	0.970000	no suitable term	7182	0.000302
3mm weak meridian angle (right)	Keratometry	1	no suitable term	none_suitable		0.980000	0.970000	no suitable term	6861	0.000288
6mm asymmetry angle (left)	Keratometry	1	review (uncertain abstention)	none_suitable		0.818182	0.656566	review (uncertain abstention)	6031	0.000253
6mm asymmetry angle (right)	Keratometry	1	review (uncertain abstention)	none_suitable		0.830000	0.690000	review (uncertain abstention)	6271	0.000263
6mm asymmetry index (left)	Keratometry	1	review (uncertain abstention)	none_suitable		0.970000	0.950000	no suitable term	6512	0.000274
6mm asymmetry index (right)	Keratometry	1	review (uncertain pick)	none_suitable		0.950000	0.930000	no suitable term	6440	0.000270
6mm cylindrical power (left)	Keratometry	1	no suitable term	none_suitable		0.939394	0.909091	no suitable term	5978	0.000251
6mm cylindrical power (right)	Keratometry	1	no suitable term	none_suitable		0.949495	0.929293	no suitable term	6072	0.000255
6mm cylindrical power angle (left)	Keratometry	1	no suitable term	none_suitable		0.960000	0.940000	no suitable term	6148	0.000258
6mm cylindrical power angle (right)	Keratometry	1	no suitable term	none_suitable		0.970000	0.960000	no suitable term	6175	0.000259
6mm index of best keratometry results (left)	Keratometry	1	review (uncertain pick)	EFO:0004345	corneal topography	0.840000	0.840000	review (uncertain pick)	5784	0.000243
6mm index of best keratometry results (right)	Keratometry	1	review (uncertain pick)	EFO:0004345	corneal topography	0.860000	0.850000	auto-accepted	5939	0.000249
6mm regularity index (left)	Keratometry	1	no suitable term	none_suitable		1.000000	1.000000	no suitable term	6457	0.000271
6mm regularity index (right)	Keratometry	1	no suitable term	none_suitable		0.990000	0.980000	no suitable term	6562	0.000276
6mm strong meridian (left)	Keratometry	1	no suitable term	none_suitable		0.960000	0.950000	no suitable term	6033	0.000253
6mm strong meridian (right)	Keratometry	1	no suitable term	none_suitable		0.960000	0.950000	no suitable term	5822	0.000245
6mm strong meridian angle (left)	Keratometry	1	no suitable term	none_suitable		0.980000	0.970000	no suitable term	6346	0.000267
6mm strong meridian angle (right)	Keratometry	1	no suitable term	none_suitable		0.990000	0.980000	no suitable term	6563	0.000276
6mm weak meridian (left)	Keratometry	1	no suitable term	none_suitable		0.949495	0.939394	no suitable term	6588	0.000277
6mm weak meridian (right)	Keratometry	1	no suitable term	none_suitable		0.949495	0.929293	no suitable term	6274	0.000264
6mm weak meridian angle (left)	Keratometry	1	no suitable term	none_suitable		0.970000	0.960000	no suitable term	6639	0.000279
6mm weak meridian angle (right)	Keratometry	1	no suitable term	none_suitable		0.980000	0.960000	no suitable term	6498	0.000273
able to confide	Other measurement / questionnaire	1	no suitable term	none_suitable		0.950000	0.930000	no suitable term	6437	0.000270
added milk to espresso	Diet and supplements	1	no suitable term	none_suitable		0.860000	0.800000	no suitable term	6905	0.000290
added milk to filtered coffee	Diet and supplements	1	no suitable term	none_suitable		0.730000	0.570000	review (uncertain abstention)	6894	0.000290
added milk to instant coffee	Diet and supplements	1	no suitable term	none_suitable		0.797980	0.696970	review (uncertain abstention)	6924	0.000291
added milk to rooibos tea	Diet and supplements	1	no suitable term	none_suitable		0.808081	0.626263	review (uncertain abstention)	7121	0.000299
added milk to standard tea	Diet and supplements	1	review (uncertain abstention)	none_suitable		0.630000	0.310000	review (uncertain abstention)	6900	0.000290
adopted as a child	Other measurement / questionnaire	1	no suitable term	none_suitable		0.949495	0.898990	no suitable term	5857	0.000246
age angina diagnosed	Other measurement / questionnaire	1	review (uncertain pick)	EFO:0004918	age at diagnosis	0.830000	0.770000	review (uncertain pick)	5877	0.000247
age asthma diagnosed	Other measurement / questionnaire	1	review (uncertain pick)	EFO:0004918	age at diagnosis	0.630000	0.280000	review (uncertain pick)	5943	0.000250
age asthma diagnosed by doctor	Self-reported condition or symptom	1	review (uncertain pick)	EFO:0004918	age at diagnosis	0.850000	0.800000	auto-accepted	6196	0.000260
age at bilateral oophorectomy (both ovaries removed)	Other measurement / questionnaire	1	review (uncertain abstention)	EFO:0021783	age at medical procedure	0.490000	0.310000	review (uncertain pick)	5388	0.000226
age at hysterectomy	Other measurement / questionnaire	1	review (uncertain pick)	EFO:0021783	age at medical procedure	0.696970	0.676768	review (uncertain pick)	5603	0.000235
age at last live birth	Other measurement / questionnaire	1	no suitable term	none_suitable		0.620000	0.360000	review (uncertain abstention)	5451	0.000229
age at menopause (last menstrual period)	Other measurement / questionnaire	1	review (uncertain pick)	EFO:0004704	age at menopause	0.970000	0.970000	auto-accepted	5352	0.000225
age completed full time education	Other measurement / questionnaire	1	no suitable term	none_suitable		0.740000	0.570000	review (uncertain abstention)	5652	0.000237
age diabetes diagnosed	Other measurement / questionnaire	1	review (uncertain abstention)	EFO:0004918	age at diagnosis	0.920000	0.870000	auto-accepted	6144	0.000258
age hay fever, rhinitis or eczema diagnosed	Other measurement / questionnaire	1	review (uncertain abstention)	EFO:0004918	age at diagnosis	0.730000	0.560000	review (uncertain pick)	6463	0.000271
age hayfever or allergic rhinitis diagnosed by doctor	Self-reported condition or symptom	1	review (uncertain pick)	none_suitable		0.313131	0.020202	review (uncertain abstention)	6339	0.000266
age heart attack diagnosed	Other measurement / questionnaire	1	review (uncertain pick)	EFO:0004918	age at diagnosis	0.850000	0.790000	auto-accepted	6017	0.000253
age high blood pressure diagnosed	Other measurement / questionnaire	1	review (uncertain pick)	EFO:0004918	age at diagnosis	0.480000	0.160000	review (uncertain pick)	5664	0.000238
age last used hormone-replacement therapy (hrt)	Other measurement / questionnaire	1	no suitable term	none_suitable		0.686869	0.414141	review (uncertain abstention)	5745	0.000241
age of stopping smoking	Other measurement / questionnaire	1	no suitable term	none_suitable		0.910000	0.850000	no suitable term	5290	0.000222
age stopped smoking	Other measurement / questionnaire	1	no suitable term	EFO:0004319	smoking cessation	0.430000	0.340000	review (uncertain pick)	5451	0.000229
age when last ate meat	Other measurement / questionnaire	1	no suitable term	none_suitable		0.970000	0.950000	no suitable term	5680	0.000239
age when last used oral contraceptive pill	Other measurement / questionnaire	1	no suitable term	none_suitable		0.828283	0.676768	review (uncertain abstention)	5801	0.000244
aide-memoire completed	Other measurement / questionnaire	1	no suitable term	none_suitable		0.990000	0.980000	no suitable term	2241	0.000094
alcohol	Diet and supplements	1	review (uncertain pick)	EFO:0004329	alcohol drinking	0.420000	0.100000	review (uncertain pick)	3330	0.000140
alcohol consumed	Diet and supplements	1	review (uncertain pick)	EFO:0004329	alcohol drinking	0.313131	0.101010	review (uncertain pick)	3757	0.000158
alcohol intake frequency.	Diet and supplements	1	review (uncertain pick)	EFO:0004329	alcohol drinking	0.454545	0.262626	review (uncertain pick)	5569	0.000234
alcohol usually taken with meals	Diet and supplements	1	review (uncertain pick)	OBA:1000840	alcohol consumption quality	0.474747	0.282828	review (uncertain pick)	5587	0.000235
ankle spacing width	Other measurement / questionnaire	1	no suitable term	none_suitable		0.939394	0.888889	no suitable term	4159	0.000175
ankle spacing width (left)	Other measurement / questionnaire	1	no suitable term	none_suitable		0.930000	0.860000	no suitable term	6026	0.000253
ankle spacing width (right)	Other measurement / questionnaire	1	no suitable term	none_suitable		0.818182	0.696970	review (uncertain abstention)	5892	0.000247
answered sexual history questions	Other measurement / questionnaire	1	no suitable term	none_suitable		0.850000	0.780000	no suitable term	4348	0.000183
apple intake	Diet and supplements	1	no suitable term	none_suitable		0.960000	0.930000	no suitable term	3566	0.000150
arm fat mass (left)	Other measurement / questionnaire	1	review (uncertain abstention)	OBA:VT0010482	body fat mass	0.474747	0.434343	review (uncertain pick)	6396	0.000269
arm fat mass (right)	Other measurement / questionnaire	1	review (uncertain abstention)	none_suitable		0.505051	0.222222	review (uncertain abstention)	6168	0.000259
arm fat percentage (left)	Other measurement / questionnaire	1	no suitable term	none_suitable		0.767677	0.585859	review (uncertain abstention)	6388	0.000268
arm fat percentage (right)	Other measurement / questionnaire	1	no suitable term	none_suitable		0.828283	0.696970	review (uncertain abstention)	6220	0.000261
arm fat-free mass (left)	Other measurement / questionnaire	1	no suitable term	none_suitable		0.404040	0.040404	review (uncertain abstention)	6311	0.000265
arm fat-free mass (right)	Other measurement / questionnaire	1	no suitable term	none_suitable		0.555556	0.323232	review (uncertain abstention)	6229	0.000262
arm predicted mass (left)	Other measurement / questionnaire	1	no suitable term	none_suitable		0.880000	0.840000	no suitable term	6170	0.000259
arm predicted mass (right)	Other measurement / questionnaire	1	review (uncertain abstention)	none_suitable		0.850000	0.810000	no suitable term	5916	0.000248
astigmatism angle (left)	Other measurement / questionnaire	1	review (uncertain abstention)	none_suitable		0.818182	0.717172	review (uncertain abstention)	6188	0.000260
astigmatism angle (right)	Other measurement / questionnaire	1	review (uncertain abstention)	none_suitable		0.740000	0.600000	review (uncertain abstention)	6320	0.000265
attempted fluid intelligence (fi) test.	Other measurement / questionnaire	1	review (uncertain pick)	EFO:0004337	intelligence	0.292929	0.060606	review (uncertain pick)	6083	0.000255
attendance/disability/mobility allowance: attendance allowance	Sociodemographic / environment	1	no suitable term					no candidate	0	0
attendance/disability/mobility allowance: blue badge	Sociodemographic / environment	1	no suitable term	none_suitable		1.000000	1.000000	no suitable term	1787	0.000075
attendance/disability/mobility allowance: disability living allowance	Sociodemographic / environment	1	no suitable term	none_suitable		0.980000	0.960000	no suitable term	5742	0.000241
attendance/disability/mobility allowance: none of the above	Sociodemographic / environment	1	no suitable term	none_suitable		1.000000	1.000000	no suitable term	6426	0.000270
average daytime sound level of noise pollution	Sociodemographic / environment	1	review (uncertain pick)	EFO:0600015	noise exposure measurement	0.920000	0.920000	auto-accepted	5395	0.000227
average monthly beer plus cider intake	Diet and supplements	1	no suitable term	EFO:0010088	beverage consumption measurement	0.450000	0.320000	review (uncertain pick)	5860	0.000246
average monthly champagne plus white wine intake	Diet and supplements	1	no suitable term	none_suitable		0.323232	0.101010	review (uncertain abstention)	5679	0.000239
average monthly fortified wine intake	Diet and supplements	1	no suitable term	none_suitable		0.330000	0.110000	review (uncertain abstention)	4086	0.000172
average monthly intake of other alcoholic drinks	Diet and supplements	1	review (uncertain pick)	EFO:0010088	beverage consumption measurement	0.272727	0.030303	review (uncertain pick)	5805	0.000244
average monthly red wine intake	Diet and supplements	1	no suitable term	none_suitable		0.300000	0.030000	review (uncertain abstention)	5971	0.000251
average monthly spirits intake	Diet and supplements	1	review (uncertain pick)	none_suitable		0.262626	0.010101	review (uncertain abstention)	4654	0.000195
average weekly beer plus cider intake	Diet and supplements	1	no suitable term	EFO:0010088	beverage consumption measurement	0.464646	0.252525	review (uncertain pick)	5810	0.000244
average weekly champagne plus white wine intake	Diet and supplements	1	no suitable term	EFO:0010088	beverage consumption measurement	0.464646	0.333333	review (uncertain pick)	5701	0.000239
average weekly fortified wine intake	Diet and supplements	1	no suitable term	none_suitable		0.300000	0.030000	review (uncertain abstention)	3931	0.000165
average weekly intake of other alcoholic drinks	Diet and supplements	1	review (uncertain abstention)	EFO:0010092	bitter alcoholic beverage consumption measurement	0.420000	0.260000	review (uncertain pick)	5857	0.000246
average weekly red wine intake	Diet and supplements	1	no suitable term	EFO:0004329	alcohol drinking	0.303030	0.010101	review (uncertain pick)	5953	0.000250
average weekly spirits intake	Diet and supplements	1	review (uncertain pick)	EFO:0009113	alcohol exposure measurement	0.343434	0.212121	review (uncertain pick)	4590	0.000193
avocado intake	Diet and supplements	1	no suitable term	none_suitable		0.970000	0.950000	no suitable term	3545	0.000149
back pain for 3+ months	Self-reported condition or symptom	1	review (uncertain pick)	EFO:0022861	chronic back pain	0.787879	0.646465	review (uncertain pick)	5487	0.000230
bacon intake	Diet and supplements	1	no suitable term	none_suitable		0.900000	0.850000	no suitable term	3769	0.000158
baguette intake	Diet and supplements	1	no suitable term	none_suitable		0.950000	0.920000	no suitable term	4120	0.000173
baked bean intake	Diet and supplements	1	no suitable term	none_suitable		0.960000	0.930000	no suitable term	3696	0.000155
banana intake	Diet and supplements	1	no suitable term	none_suitable		0.980000	0.970000	no suitable term	3646	0.000153
bap intake	Diet and supplements	1	review (uncertain abstention)	none_suitable		0.373737	0.212121	review (uncertain abstention)	4161	0.000175
battered fish intake	Diet and supplements	1	review (uncertain pick)	EFO:0010139	fish consumption measurement	0.790000	0.780000	review (uncertain pick)	4718	0.000198
beer/cider intake	Diet and supplements	1	no suitable term	EFO:0010092	bitter alcoholic beverage consumption measurement	0.600000	0.520000	review (uncertain pick)	3695	0.000155
beetroot intake	Diet and supplements	1	no suitable term	none_suitable		0.960000	0.930000	no suitable term	4146	0.000174
berry intake	Diet and supplements	1	no suitable term	none_suitable		0.970000	0.940000	no suitable term	3699	0.000155
blood clot, dvt, bronchitis, emphysema, asthma, rhinitis, eczema, allergy diagnosed by doctor: asthma	Self-reported condition or symptom	1	review (uncertain pick)	MONDO:0004979	asthma	0.670000	0.450000	review (uncertain pick)	1465	0.000062
blood clot, dvt, bronchitis, emphysema, asthma, rhinitis, eczema, allergy diagnosed by doctor: blood clot in the lung	Self-reported condition or symptom	1	review (uncertain pick)	HP:0002204	Pulmonary embolism	0.939394	0.929293	auto-accepted	5701	0.000239
blood clot, dvt, bronchitis, emphysema, asthma, rhinitis, eczema, allergy diagnosed by doctor: emphysema/chronic bronchitis	Self-reported condition or symptom	1	review (uncertain pick)	MONDO:0005607	chronic bronchitis	0.383838	0.090909	review (uncertain pick)	6217	0.000261
blood clot, dvt, bronchitis, emphysema, asthma, rhinitis, eczema, allergy diagnosed by doctor: hayfever, allergic rhinitis or eczema	Self-reported condition or symptom	1	review (uncertain abstention)	none_suitable		0.710000	0.560000	review (uncertain abstention)	6239	0.000262
blood clot, dvt, bronchitis, emphysema, asthma, rhinitis, eczema, allergy diagnosed by doctor: none of the above	Self-reported condition or symptom	1	no suitable term	none_suitable		0.990000	0.980000	no suitable term	6445	0.000271
blood sample #, note contents: poor venous access/flow	Other measurement / questionnaire	1	review (uncertain abstention)	none_suitable		0.808081	0.646465	review (uncertain abstention)	5357	0.000225
blue cheese intake	Diet and supplements	1	no suitable term	none_suitable		0.939394	0.909091	no suitable term	5184	0.000218
boiled/baked potatoes intake	Diet and supplements	1	no suitable term	none_suitable		0.939394	0.888889	no suitable term	3643	0.000153
bran cereal intake	Diet and supplements	1	no suitable term	none_suitable		0.900000	0.840000	no suitable term	3766	0.000158
bread consumed	Diet and supplements	1	review (uncertain abstention)	none_suitable		0.870000	0.800000	no suitable term	3037	0.000128
bread intake	Diet and supplements	1	no suitable term	none_suitable		0.720000	0.550000	review (uncertain abstention)	3788	0.000159
bread roll intake	Diet and supplements	1	no suitable term	none_suitable		0.910000	0.860000	no suitable term	3876	0.000163
breaded fish intake	Diet and supplements	1	review (uncertain pick)	EFO:0010139	fish consumption measurement	0.650000	0.640000	review (uncertain pick)	4907	0.000206
breakfast cereal consumed	Diet and supplements	1	review (uncertain abstention)	none_suitable		0.808081	0.727273	review (uncertain abstention)	2577	0.000108
breastfed as a baby	Other measurement / questionnaire	1	review (uncertain pick)	EFO:0006864	breastfeeding duration	0.505051	0.474747	review (uncertain pick)	5657	0.000238
broad bean intake	Diet and supplements	1	no suitable term	none_suitable		0.950000	0.920000	no suitable term	5577	0.000234
broccoli intake	Diet and supplements	1	no suitable term	none_suitable		0.900000	0.820000	no suitable term	3322	0.000140
butternut squash intake	Diet and supplements	1	no suitable term	none_suitable		0.818182	0.676768	review (uncertain abstention)	3349	0.000141
cabbage/kale intake	Diet and supplements	1	no suitable term	none_suitable		0.939394	0.888889	no suitable term	3491	0.000147
caffeine drink within last hour	Other measurement / questionnaire	1	review (uncertain abstention)	none_suitable		0.510000	0.280000	review (uncertain abstention)	3061	0.000129
cake intake	Diet and supplements	1	no suitable term	none_suitable		0.929293	0.898990	no suitable term	3978	0.000167
cancer code, self-reported: bladder cancer	Self-reported cancer	1	review (uncertain abstention)	MONDO:0001187	urinary bladder cancer	0.890000	0.880000	auto-accepted	6219	0.000261
cancer code, self-reported: breast cancer	Self-reported cancer	1	review (uncertain abstention)	MONDO:0007254	breast cancer	0.850000	0.820000	auto-accepted	6590	0.000277
cancer code, self-reported: cervical cancer	Self-reported cancer	1	review (uncertain pick)	MONDO:0002974	cervical cancer	0.890000	0.870000	auto-accepted	6420	0.000270
cancer code, self-reported: cin/pre-cancer cells cervix	Self-reported cancer	1	review (uncertain pick)	MONDO:0006736	dysplasia of cervix	0.390000	0.140000	review (uncertain pick)	6511	0.000273
cancer code, self-reported: colon cancer/sigmoid cancer	Self-reported cancer	1	review (uncertain pick)	MONDO:0001464	sigmoid colon cancer	0.666667	0.525253	review (uncertain pick)	6400	0.000269
cancer code, self-reported: malignant melanoma	Self-reported cancer	1	review (uncertain pick)	MONDO:0005105	melanoma	0.590000	0.330000	review (uncertain pick)	6631	0.000279
cancer code, self-reported: prostate cancer	Self-reported cancer	1	no suitable term	MONDO:0008315	prostate cancer	0.870000	0.850000	auto-accepted	6101	0.000256
cancer code, self-reported: skin cancer	Self-reported cancer	1	review (uncertain abstention)	MONDO:0002898	skin cancer	0.818182	0.767677	review (uncertain pick)	6121	0.000257
cancer code, self-reported: uterine/endometrial cancer	Self-reported cancer	1	review (uncertain pick)	MONDO:0002447	endometrial carcinoma	0.545455	0.373737	review (uncertain pick)	6725	0.000282
cancer diagnosed by doctor	Self-reported condition or symptom	1	no suitable term	MONDO:0004992	cancer	0.620000	0.590000	review (uncertain pick)	6006	0.000252
canned soup intake	Diet and supplements	1	no suitable term	none_suitable		0.929293	0.868687	no suitable term	3407	0.000143
cappuccino intake	Diet and supplements	1	no suitable term	none_suitable		0.545455	0.262626	review (uncertain abstention)	3764	0.000158
carbohydrate	Other measurement / questionnaire	1	review (uncertain pick)	EFO:0010811	carbohydrate intake measurement	0.990000	0.990000	auto-accepted	7135	0.000300
carer support indicators: no	Other measurement / questionnaire	1	no suitable term	none_suitable		0.990000	0.980000	no suitable term	2579	0.000108
carer support indicators: yes	Other measurement / questionnaire	1	no suitable term	none_suitable		1.000000	1.000000	no suitable term	1726	0.000072
carotene	Other measurement / questionnaire	1	review (uncertain abstention)	EFO:0020086	dietary carotene intake measurement	1.000000	1.000000	auto-accepted	1645	0.000069
carrot intake	Diet and supplements	1	review (uncertain abstention)	none_suitable		0.710000	0.440000	review (uncertain abstention)	3326	0.000140
cauliflower intake	Diet and supplements	1	no suitable term	none_suitable		0.960000	0.930000	no suitable term	3023	0.000127
celery intake	Diet and supplements	1	no suitable term	none_suitable		0.950000	0.920000	no suitable term	3303	0.000139
cereal bar intake	Diet and supplements	1	no suitable term	none_suitable		0.828283	0.696970	review (uncertain abstention)	4611	0.000194
cereal intake	Diet and supplements	1	no suitable term	none_suitable		0.750000	0.580000	review (uncertain abstention)	3752	0.000158
cheese consumers	Diet and supplements	1	no suitable term	none_suitable		0.676768	0.393939	review (uncertain abstention)	1450	0.000061
cheese intake	Diet and supplements	1	no suitable term	none_suitable		0.950000	0.920000	no suitable term	3362	0.000141
cheese spread intake	Diet and supplements	1	no suitable term	none_suitable		0.980000	0.970000	no suitable term	4247	0.000178
cheesecake intake	Diet and supplements	1	no suitable term	none_suitable		0.920000	0.860000	no suitable term	3790	0.000159
cheesy biscuits intake	Diet and supplements	1	no suitable term	none_suitable		0.940000	0.910000	no suitable term	3818	0.000160
cherry intake	Diet and supplements	1	no suitable term	none_suitable		0.990000	0.980000	no suitable term	3856	0.000162
chest pain due to walking ceases when standing still	Self-reported condition or symptom	1	review (uncertain pick)	EFO:0003913	angina pectoris	0.890000	0.860000	auto-accepted	6549	0.000275
chest pain felt during physical activity	Self-reported condition or symptom	1	review (uncertain pick)	EFO:0003913	angina pectoris	0.828283	0.757576	review (uncertain pick)	6122	0.000257
chest pain felt outside physical activity	Self-reported condition or symptom	1	review (uncertain pick)	EFO:0020925	angina unstable	0.535354	0.242424	review (uncertain pick)	6034	0.000253
chest pain or discomfort walking normally	Self-reported condition or symptom	1	review (uncertain abstention)	EFO:0003913	angina pectoris	0.828283	0.757576	review (uncertain pick)	5998	0.000252
chest pain or discomfort when walking uphill or hurrying	Self-reported condition or symptom	1	review (uncertain abstention)	EFO:0003913	angina pectoris	0.960000	0.950000	auto-accepted	6042	0.000254
childhood sunburn occasions	Other measurement / questionnaire	1	review (uncertain abstention)	none_suitable		0.525253	0.111111	review (uncertain abstention)	6695	0.000281
chocolate bar intake	Diet and supplements	1	no suitable term	none_suitable		0.890000	0.830000	no suitable term	4574	0.000192
chocolate biscuits intake	Diet and supplements	1	no suitable term	none_suitable		0.880000	0.820000	no suitable term	3734	0.000157
chocolate sweet intake	Diet and supplements	1	review (uncertain abstention)	none_suitable		0.808081	0.636364	review (uncertain abstention)	3969	0.000167
chocolate-covered biscuits intake	Diet and supplements	1	no suitable term	none_suitable		0.910000	0.860000	no suitable term	3857	0.000162
chocolate-covered raisin intake	Diet and supplements	1	no suitable term	none_suitable		0.980000	0.960000	no suitable term	3685	0.000155
close to major road	Other measurement / questionnaire	1	no suitable term	none_suitable		0.980000	0.960000	no suitable term	6750	0.000284
coffee consumed	Diet and supplements	1	review (uncertain pick)	EFO:0006781	coffee consumption measurement	0.555556	0.212121	review (uncertain pick)	2452	0.000103
coffee intake	Diet and supplements	1	review (uncertain pick)	EFO:0006782	cups of coffee per day measurement	0.850000	0.760000	auto-accepted	3861	0.000162
coleslaw intake	Diet and supplements	1	no suitable term	none_suitable		0.960000	0.920000	no suitable term	3600	0.000151
contra-indications for spirometry	Other measurement / questionnaire	1	no suitable term	none_suitable		1.000000	1.000000	no suitable term	6415	0.000269
cooked vegetable intake	Diet and supplements	1	no suitable term	none_suitable		0.535354	0.181818	review (uncertain abstention)	3545	0.000149
cottage cheese intake	Diet and supplements	1	no suitable term	none_suitable		0.970000	0.940000	no suitable term	3081	0.000129
cough on most days	Other measurement / questionnaire	1	review (uncertain pick)	HP:0012735	Cough	0.737374	0.686869	review (uncertain pick)	6338	0.000266
courgette intake	Diet and supplements	1	no suitable term	none_suitable		0.960000	0.920000	no suitable term	3715	0.000156
couscous intake	Diet and supplements	1	no suitable term	none_suitable		0.939394	0.909091	no suitable term	3810	0.000160
crisp intake	Diet and supplements	1	review (uncertain abstention)	none_suitable		0.760000	0.680000	review (uncertain abstention)	4268	0.000179
crispbread intake	Diet and supplements	1	no suitable term	none_suitable		0.920000	0.850000	no suitable term	4053	0.000170
croissant intake	Diet and supplements	1	no suitable term	none_suitable		0.980000	0.960000	no suitable term	3249	0.000136
crumbed or deep-fried poultry intake	Diet and supplements	1	no suitable term	none_suitable		0.890000	0.830000	no suitable term	6011	0.000252
crumble intake	Diet and supplements	1	no suitable term	none_suitable		0.840000	0.790000	review (uncertain abstention)	3802	0.000160
cucumber intake	Diet and supplements	1	no suitable term	none_suitable		0.970000	0.940000	no suitable term	3414	0.000143
current employment status: doing unpaid or voluntary work	Sociodemographic / environment	1	review (uncertain pick)	none_suitable		0.980000	0.970000	no suitable term	5855	0.000246
current employment status: full or part-time student	Sociodemographic / environment	1	review (uncertain pick)	none_suitable		0.990000	0.980000	no suitable term	5820	0.000244
current employment status: looking after home and/or family	Sociodemographic / environment	1	review (uncertain pick)	none_suitable		0.970000	0.940000	no suitable term	6476	0.000272
current employment status: none of the above	Sociodemographic / environment	1	review (uncertain pick)	none_suitable		1.000000	1.000000	no suitable term	6420	0.000270
current employment status: unable to work because of sickness or disability	Sociodemographic / environment	1	review (uncertain pick)	none_suitable		0.990000	0.980000	no suitable term	5193	0.000218
current eye infection	Other measurement / questionnaire	1	review (uncertain pick)	EFO:1001888	eye infection	0.676768	0.404040	review (uncertain pick)	5758	0.000242
current tobacco smoking	Other measurement / questionnaire	1	review (uncertain pick)	EFO:0920132	cigarette smoking status measurement	0.630000	0.400000	review (uncertain pick)	2749	0.000115
cylindrical power (left)	Other measurement / questionnaire	1	no suitable term	none_suitable		0.949495	0.939394	no suitable term	6036	0.000254
cylindrical power (right)	Other measurement / questionnaire	1	no suitable term	none_suitable		0.939394	0.919192	no suitable term	6339	0.000266
dairy smoothie intake	Diet and supplements	1	no suitable term	none_suitable		0.650000	0.420000	review (uncertain abstention)	3136	0.000132
danish pastry intake	Diet and supplements	1	no suitable term	none_suitable		0.910000	0.840000	no suitable term	4065	0.000171
dark chocolate intake	Diet and supplements	1	no suitable term	none_suitable		0.929293	0.898990	no suitable term	4093	0.000172
daytime dozing / sleeping (narcolepsy)	Other measurement / questionnaire	1	review (uncertain pick)	MONDO:0021107	narcolepsy	0.333333	0.040404	review (uncertain pick)	3184	0.000134
decaffeinated coffee	Diet and supplements	1	no suitable term	none_suitable		0.750000	0.590000	review (uncertain abstention)	1189	0.000050
decaffeinated tea	Other measurement / questionnaire	1	review (uncertain abstention)	none_suitable		0.790000	0.590000	review (uncertain abstention)	768	0.000032
dessert consumers	Diet and supplements	1	review (uncertain abstention)	none_suitable		0.580000	0.370000	review (uncertain abstention)	2518	0.000106
destinations on discharge from hospital (recoded): temporary place of residence	Hospital administrative field	1	review (uncertain abstention)	none_suitable		0.860000	0.730000	no suitable term	5486	0.000230
destinations on discharge from hospital (recoded): transfer to other nhs provider: general ward, young physically disabled, a&e	Hospital administrative field	1	no suitable term	none_suitable		1.000000	1.000000	no suitable term	6709	0.000282
destinations on discharge from hospital (recoded): transfer within nhs provider	Hospital administrative field	1	no suitable term	none_suitable		1.000000	1.000000	no suitable term	4350	0.000183
destinations on discharge from hospital (recoded): transfer within nhs provider: medical specialty	Hospital administrative field	1	no suitable term	none_suitable		1.000000	1.000000	no suitable term	4686	0.000197
destinations on discharge from hospital (recoded): transfer within nhs provider: surgical specialty	Hospital administrative field	1	no suitable term	none_suitable		0.970000	0.940000	no suitable term	4623	0.000194
destinations on discharge from hospital (recoded): usual place of residence	Hospital administrative field	1	review (uncertain abstention)	none_suitable		0.630000	0.280000	review (uncertain abstention)	5490	0.000231
destinations on discharge from hospital (recoded): usual place of residence: living alone	Hospital administrative field	1	review (uncertain abstention)	none_suitable		0.640000	0.300000	review (uncertain abstention)	5476	0.000230
destinations on discharge from hospital (recoded): usual place of residence: living with relatives	Hospital administrative field	1	review (uncertain abstention)	none_suitable		0.760000	0.530000	review (uncertain abstention)	6381	0.000268
diabetes diagnosed by doctor	Self-reported condition or symptom	1	review (uncertain pick)	MONDO:0005015	diabetes mellitus	0.757576	0.656566	review (uncertain pick)	6253	0.000263
diagnoses - main icd10: b34.9 viral infection, unspecified	ICD-10 diagnosis (main)	1	review (uncertain pick)	MONDO:0005108	viral infectious disease	0.870000	0.850000	auto-accepted	6101	0.000256
diagnoses - main icd10: c44.3 skin of other and unspecified parts of face	ICD-10 diagnosis (main)	1	no suitable term	none_suitable		0.474747	0.121212	review (uncertain abstention)	5693	0.000239
diagnoses - main icd10: c44.5 skin of trunk	ICD-10 diagnosis (main)	1	no suitable term	none_suitable		0.575758	0.373737	review (uncertain abstention)	5744	0.000241
diagnoses - main icd10: c50.4 upper-outer quadrant of breast	ICD-10 diagnosis (main)	1	review (uncertain pick)	none_suitable		0.454545	0.212121	review (uncertain abstention)	6332	0.000266
diagnoses - main icd10: c50.9 breast, unspecified	ICD-10 diagnosis (main)	1	review (uncertain abstention)	MONDO:0007254	breast cancer	0.950000	0.930000	auto-accepted	6512	0.000274
diagnoses - main icd10: c61 malignant neoplasm of prostate	ICD-10 diagnosis (main)	1	no suitable term	MONDO:0008315	prostate cancer	0.970000	0.970000	auto-accepted	5353	0.000225
diagnoses - main icd10: c67.9 bladder, unspecified	ICD-10 diagnosis (main)	1	review (uncertain abstention)	MONDO:0001187	urinary bladder cancer	0.630000	0.470000	review (uncertain pick)	6201	0.000260
diagnoses - main icd10: d12.5 sigmoid colon	ICD-10 diagnosis (main)	1	review (uncertain pick)	MONDO:0001464	sigmoid colon cancer	0.730000	0.640000	review (uncertain pick)	4935	0.000207
diagnoses - main icd10: d12.6 colon, unspecified	ICD-10 diagnosis (main)	1	review (uncertain pick)	MONDO:0005401	colonic neoplasm	0.313131	0.121212	review (uncertain pick)	6559	0.000275
diagnoses - main icd10: d12.8 rectum	ICD-10 diagnosis (main)	1	review (uncertain abstention)	MONDO:0002165	rectal neoplasm	0.360000	0.200000	review (uncertain pick)	2487	0.000104
diagnoses - main icd10: d17.1 benign lipomatous neoplasm of skin and subcutaneous tissue of trunk	ICD-10 diagnosis (main)	1	review (uncertain pick)	MONDO:0044983	benign lipomatous neoplasm	0.620000	0.400000	review (uncertain pick)	6021	0.000253
diagnoses - main icd10: d17.2 benign lipomatous neoplasm of skin and subcutaneous tissue of limbs	ICD-10 diagnosis (main)	1	review (uncertain pick)	MONDO:0044983	benign lipomatous neoplasm	0.545455	0.282828	review (uncertain pick)	5987	0.000251
diagnoses - main icd10: h00.1 chalazion	ICD-10 diagnosis (main)	1	review (uncertain abstention)	MONDO:0005844	chalazion	0.820000	1.000000	review (uncertain pick)	441	0.000019
diagnoses - main icd10: h02.8 other specified disorders of eyelid	ICD-10 diagnosis (main)	1	review (uncertain pick)	MONDO:0003382	eyelid disorder	0.680000	0.670000	review (uncertain pick)	5724	0.000240
diagnoses - main icd10: h25.0 senile incipient cataract	ICD-10 diagnosis (main)	1	review (uncertain pick)	MONDO:0004847	senile cataract	0.797980	0.727273	review (uncertain pick)	5810	0.000244
diagnoses - main icd10: h25.1 senile nuclear cataract	ICD-10 diagnosis (main)	1	review (uncertain pick)	MONDO:0001847	nuclear senile cataract	0.880000	0.790000	auto-accepted	5778	0.000243
diagnoses - main icd10: h26.9 cataract, unspecified	ICD-10 diagnosis (main)	1	review (uncertain abstention)	MONDO:0005129	cataract	0.950000	0.940000	auto-accepted	5700	0.000239
diagnoses - main icd10: i21.0 acute transmural myocardial infarction of anterior wall	ICD-10 diagnosis (main)	1	review (uncertain pick)	MONDO:0006652	anterolateral myocardial infarction	0.565657	0.313131	review (uncertain pick)	6429	0.000270
diagnoses - main icd10: i26.9 pulmonary embolism without mention of acute cor pulmonale	ICD-10 diagnosis (main)	1	review (uncertain pick)	MONDO:0005279	pulmonary embolism	0.808081	0.676768	review (uncertain pick)	6567	0.000276
diagnoses - main icd10: i63.9 cerebral infarction, unspecified	ICD-10 diagnosis (main)	1	review (uncertain pick)	MONDO:0002679	cerebral infarction	0.910000	0.870000	auto-accepted	6288	0.000264
diagnoses - main icd10: i83.9 varicose veins of lower extremities without ulcer or inflammation	ICD-10 diagnosis (main)	1	review (uncertain pick)	HP:0002619	Varicose veins	0.505051	0.111111	review (uncertain pick)	5420	0.000228
diagnoses - main icd10: i84.2 internal haemorrhoids without complication	ICD-10 diagnosis (main)	1	review (uncertain pick)	MONDO:0004872	hemorrhoid	0.940000	0.940000	auto-accepted	6355	0.000267
diagnoses - main icd10: j18.1 lobar pneumonia, unspecified	ICD-10 diagnosis (main)	1	review (uncertain pick)	MONDO:0005249	pneumonia	0.767677	0.707071	review (uncertain pick)	6824	0.000287
diagnoses - main icd10: j18.9 pneumonia, unspecified	ICD-10 diagnosis (main)	1	review (uncertain pick)	MONDO:0005249	pneumonia	0.555556	0.161616	review (uncertain pick)	6755	0.000284
diagnoses - main icd10: j22 unspecified acute lower respiratory infection	ICD-10 diagnosis (main)	1	review (uncertain abstention)	HP:0011947	Respiratory tract infection	0.424242	0.353535	review (uncertain pick)	6155	0.000259
diagnoses - main icd10: j33.9 nasal polyp, unspecified	ICD-10 diagnosis (main)	1	review (uncertain pick)	MONDO:0006314	nasal cavity polyp	0.600000	0.260000	review (uncertain pick)	6454	0.000271
diagnoses - main icd10: j34.8 other specified disorders of nose and nasal sinuses	ICD-10 diagnosis (main)	1	review (uncertain abstention)	MONDO:0002436	nasal disorder	0.440000	0.310000	review (uncertain pick)	5778	0.000243
diagnoses - main icd10: j45.9 asthma, unspecified	ICD-10 diagnosis (main)	1	no suitable term	MONDO:0004979	asthma	0.700000	0.480000	review (uncertain pick)	6387	0.000268
diagnoses - main icd10: k08.3 retained dental root	ICD-10 diagnosis (main)	1	no suitable term	none_suitable		0.830000	0.790000	review (uncertain abstention)	4821	0.000202
diagnoses - main icd10: k13.7 other and unspecified lesions of oral mucosa	ICD-10 diagnosis (main)	1	review (uncertain abstention)	MONDO:0044992	mouth mucosa disorder	0.610000	0.580000	review (uncertain pick)	5990	0.000252
diagnoses - main icd10: k25.9 unspecified as acute or chronic, without haemorrhage or perforation	ICD-10 diagnosis (main)	1	review (uncertain pick)	MONDO:0001126	gastric ulcer	0.676768	0.484848	review (uncertain pick)	6720	0.000282
diagnoses - main icd10: k29.6 other gastritis	ICD-10 diagnosis (main)	1	review (uncertain pick)	MONDO:0004966	gastritis	0.870000	0.850000	auto-accepted	6544	0.000275
diagnoses - main icd10: k29.7 gastritis, unspecified	ICD-10 diagnosis (main)	1	review (uncertain pick)	MONDO:0004966	gastritis	0.950000	0.950000	auto-accepted	6534	0.000274
diagnoses - main icd10: k29.8 duodenitis	ICD-10 diagnosis (main)	1	review (uncertain abstention)	MONDO:0004627	duodenitis	0.940000	0.940000	auto-accepted	491	0.000021
diagnoses - main icd10: k31.7 polyp of stomach and duodenum	ICD-10 diagnosis (main)	1	review (uncertain pick)	MONDO:0008277	stomach polyp	0.740000	0.600000	review (uncertain pick)	6083	0.000255
diagnoses - main icd10: k51.9 ulcerative colitis, unspecified	ICD-10 diagnosis (main)	1	review (uncertain abstention)	MONDO:0005101	ulcerative colitis	0.990000	0.990000	auto-accepted	6508	0.000273
diagnoses - main icd10: k52.9 non-infective gastro-enteritis and colitis, unspecified	ICD-10 diagnosis (main)	1	review (uncertain pick)	MONDO:0002269	gastroenteritis	0.890000	0.850000	auto-accepted	6505	0.000273
diagnoses - main icd10: k56.6 other and unspecified intestinal obstruction	ICD-10 diagnosis (main)	1	review (uncertain pick)	MONDO:0004565	intestinal obstruction	0.950000	0.930000	auto-accepted	6041	0.000254
diagnoses - main icd10: k59.0 constipation	ICD-10 diagnosis (main)	1	no suitable term	MONDO:0002203	constipation disorder	0.580000	0.250000	review (uncertain pick)	614	0.000026
diagnoses - main icd10: k61.0 anal abscess	ICD-10 diagnosis (main)	1	review (uncertain pick)	HP:0005224	Rectal abscess	0.580000	0.500000	review (uncertain pick)	4750	0.000199
diagnoses - main icd10: k62.5 haemorrhage of anus and rectum	ICD-10 diagnosis (main)	1	review (uncertain pick)	MONDO:0002519	anus disorder	0.500000	0.460000	review (uncertain pick)	6254	0.000263
diagnoses - main icd10: k62.8 other specified diseases of anus and rectum	ICD-10 diagnosis (main)	1	review (uncertain abstention)	none_suitable		0.480000	0.180000	review (uncertain abstention)	5986	0.000251
diagnoses - main icd10: k80.0 calculus of gallbladder with acute cholecystitis	ICD-10 diagnosis (main)	1	review (uncertain pick)	EFO:1001289	Cholecystitis, Acute	0.808081	0.727273	review (uncertain pick)	6372	0.000268
diagnoses - main icd10: k80.1 calculus of gallbladder with other cholecystitis	ICD-10 diagnosis (main)	1	review (uncertain abstention)	MONDO:0012672	cholelithiasis	0.535354	0.202020	review (uncertain pick)	6269	0.000263
diagnoses - main icd10: k80.2 calculus of gallbladder without cholecystitis	ICD-10 diagnosis (main)	1	review (uncertain pick)	MONDO:0012672	cholelithiasis	0.960000	0.950000	auto-accepted	5996	0.000252
diagnoses - main icd10: k85 acute pancreatitis	ICD-10 diagnosis (main)	1	review (uncertain pick)	MONDO:0006515	acute pancreatitis	0.630000	0.360000	review (uncertain pick)	6392	0.000268
diagnoses - main icd10: k92.0 haematemesis	ICD-10 diagnosis (main)	1	no suitable term					no candidate	0	0
diagnoses - main icd10: k92.1 melaena	ICD-10 diagnosis (main)	1	no suitable term					no candidate	0	0
diagnoses - main icd10: l03.1 cellulitis of other parts of limb	ICD-10 diagnosis (main)	1	review (uncertain pick)	MONDO:0005230	cellulitis	0.600000	0.390000	review (uncertain pick)	5478	0.000230
diagnoses - main icd10: l72.9 follicular cyst of skin and subcutaneous tissue, unspecified	ICD-10 diagnosis (main)	1	review (uncertain abstention)	EFO:1001329	Follicular Cyst	0.960000	0.960000	auto-accepted	5834	0.000245
diagnoses - main icd10: l90.5 scar conditions and fibrosis of skin	ICD-10 diagnosis (main)	1	review (uncertain pick)	none_suitable		0.710000	0.600000	review (uncertain abstention)	5827	0.000245
diagnoses - main icd10: l98.9 disorder of skin and subcutaneous tissue, unspecified	ICD-10 diagnosis (main)	1	review (uncertain pick)	MONDO:0005093	skin disorder	0.900000	0.900000	auto-accepted	5259	0.000221
diagnoses - main icd10: m16.9 coxarthrosis, unspecified	ICD-10 diagnosis (main)	1	review (uncertain abstention)	MONDO:0006629	osteoarthritis, hip	0.949495	0.949495	auto-accepted	6539	0.000275
diagnoses - main icd10: m17.1 other primary gonarthrosis	ICD-10 diagnosis (main)	1	review (uncertain abstention)	none_suitable		0.878788	0.858586	no suitable term	6300	0.000265
diagnoses - main icd10: m17.9 gonarthrosis, unspecified	ICD-10 diagnosis (main)	1	review (uncertain abstention)	none_suitable		0.828283	0.797980	review (uncertain abstention)	6458	0.000271
diagnoses - main icd10: m23.2 derangement of meniscus due to old tear or injury	ICD-10 diagnosis (main)	1	review (uncertain pick)	none_suitable		0.676768	0.414141	review (uncertain abstention)	6169	0.000259
diagnoses - main icd10: m23.22 derangement of meniscus due to old tear or injury (posterior cruciate ligament or posterior horn of medial meniscus)	ICD-10 diagnosis (main)	1	review (uncertain abstention)	none_suitable		0.740000	0.520000	review (uncertain abstention)	6155	0.000259
diagnoses - main icd10: m23.23 derangement of meniscus due to old tear or injury (medial collateral ligament or other and unspecified medial meniscus)	ICD-10 diagnosis (main)	1	review (uncertain abstention)	none_suitable		0.575758	0.262626	review (uncertain abstention)	6540	0.000275
diagnoses - main icd10: m25.56 pain in joint (lower leg)	ICD-10 diagnosis (main)	1	review (uncertain pick)	HP:0002829	Arthralgia	0.780000	0.620000	review (uncertain pick)	5584	0.000235
diagnoses - main icd10: m51.1 lumbar and other intervertebral disk disorders with radiculopathy	ICD-10 diagnosis (main)	1	review (uncertain pick)	none_suitable		0.545455	0.242424	review (uncertain abstention)	6151	0.000258
diagnoses - main icd10: m51.3 other specified intervertebral disk degeneration	ICD-10 diagnosis (main)	1	review (uncertain pick)	HP:0008419	Intervertebral disk degeneration	0.500000	0.110000	review (uncertain pick)	6032	0.000253
diagnoses - main icd10: m67.4 ganglion	ICD-10 diagnosis (main)	1	no suitable term	MONDO:0004874	ganglion or cyst of synovium/tendon/bursa	0.960000	0.960000	auto-accepted	1155	0.000049
diagnoses - main icd10: m72.0 palmar fascial fibromatosis [dupuytren]	ICD-10 diagnosis (main)	1	review (uncertain pick)	EFO:0004229	Dupuytren Contracture	0.760000	0.540000	review (uncertain pick)	3140	0.000132
diagnoses - main icd10: m79.86 other specified soft tissue disorders (lower leg)	ICD-10 diagnosis (main)	1	review (uncertain pick)	EFO:0009470	soft tissue disease	0.626263	0.575758	review (uncertain pick)	6063	0.000255
diagnoses - main icd10: n32.8 other specified disorders of bladder	ICD-10 diagnosis (main)	1	review (uncertain pick)	MONDO:0006026	urinary bladder disorder	0.710000	0.680000	review (uncertain pick)	5857	0.000246
diagnoses - main icd10: n39.0 urinary tract infection, site not specified	ICD-10 diagnosis (main)	1	review (uncertain pick)	MONDO:0100338	urinary tract infection	0.720000	0.530000	review (uncertain pick)	6139	0.000258
diagnoses - main icd10: n47 redundant prepuce, phimosis and paraphimosis	ICD-10 diagnosis (main)	1	review (uncertain pick)	MONDO:0006904	phimosis	0.720000	0.670000	review (uncertain pick)	5779	0.000243
diagnoses - main icd10: n50.8 other specified disorders of male genital organs	ICD-10 diagnosis (main)	1	review (uncertain pick)	MONDO:0003150	male reproductive system disorder	0.490000	0.460000	review (uncertain pick)	5854	0.000246
diagnoses - main icd10: n63 unspecified lump in breast	ICD-10 diagnosis (main)	1	review (uncertain pick)	HP:0032408	Breast mass	0.676768	0.565657	review (uncertain pick)	7284	0.000306
diagnoses - main icd10: n81.1 cystocele	ICD-10 diagnosis (main)	1	no suitable term	none_suitable		0.620000	0.270000	review (uncertain abstention)	508	0.000021
diagnoses - main icd10: n81.2 incomplete uterovaginal prolapse	ICD-10 diagnosis (main)	1	review (uncertain pick)	EFO:1001864	uterine prolapse	0.575758	0.242424	review (uncertain pick)	2405	0.000101
diagnoses - main icd10: n84.0 polyp of corpus uteri	ICD-10 diagnosis (main)	1	review (uncertain pick)	MONDO:0004701	uterine polyp	0.740000	0.540000	review (uncertain pick)	6639	0.000279
diagnoses - main icd10: n84.1 polyp of cervix uteri	ICD-10 diagnosis (main)	1	review (uncertain pick)	MONDO:0000751	cervical polyp	0.870000	0.820000	auto-accepted	6657	0.000280
diagnoses - main icd10: n92.1 excessive and frequent menstruation with irregular cycle	ICD-10 diagnosis (main)	1	review (uncertain abstention)	none_suitable		0.430000	0.110000	review (uncertain abstention)	6302	0.000265
diagnoses - main icd10: n93.8 other specified abnormal uterine and vaginal bleeding	ICD-10 diagnosis (main)	1	review (uncertain pick)	HP:0100608	Metrorrhagia	0.474747	0.424242	review (uncertain pick)	6224	0.000261
diagnoses - main icd10: n93.9 abnormal uterine and vaginal bleeding, unspecified	ICD-10 diagnosis (main)	1	review (uncertain pick)	HP:0100608	Metrorrhagia	0.505051	0.424242	review (uncertain pick)	6340	0.000266
diagnoses - main icd10: n95.0 postmenopausal bleeding	ICD-10 diagnosis (main)	1	review (uncertain abstention)	none_suitable		0.520000	0.190000	review (uncertain abstention)	3129	0.000131
diagnoses - main icd10: o02.1 missed abortion	ICD-10 diagnosis (main)	1	review (uncertain pick)	EFO:1001799	incomplete abortion	0.600000	0.470000	review (uncertain pick)	921	0.000039
diagnoses - main icd10: o04.9 complete or unspecified, without complication	ICD-10 diagnosis (main)	1	no suitable term	EFO:1001491	abortion	0.490000	0.430000	review (uncertain pick)	6704	0.000282
diagnoses - main icd10: o26.8 other specified pregnancy-related conditions	ICD-10 diagnosis (main)	1	review (uncertain pick)	MONDO:0024575	pregnancy disorder	0.600000	0.580000	review (uncertain pick)	6478	0.000272
diagnoses - main icd10: o63.1 prolonged second stage (of labour)	ICD-10 diagnosis (main)	1	review (uncertain pick)	none_suitable		0.970000	0.960000	no suitable term	5466	0.000230
diagnoses - main icd10: o68.0 labour and delivery complicated by foetal heart rate anomaly	ICD-10 diagnosis (main)	1	review (uncertain pick)	EFO:0022939	labor and delivery complications	0.656566	0.595960	review (uncertain pick)	6522	0.000274
diagnoses - main icd10: r06.5 mouth breathing	ICD-10 diagnosis (main)	1	review (uncertain abstention)	none_suitable		0.490000	0.290000	review (uncertain abstention)	4602	0.000193
diagnoses - main icd10: r07.2 precordial pain	ICD-10 diagnosis (main)	1	review (uncertain pick)	HP:0032141	Precordial pain	0.760000	0.630000	review (uncertain pick)	5082	0.000213
diagnoses - main icd10: r19.4 change in bowel habit	ICD-10 diagnosis (main)	1	review (uncertain abstention)	none_suitable		0.939394	0.909091	no suitable term	6563	0.000276
diagnoses - main icd10: r39.8 other and unspecified symptoms and signs involving the urinary system	ICD-10 diagnosis (main)	1	review (uncertain abstention)	EFO:0003765	sign or symptom	0.464646	0.262626	review (uncertain pick)	6457	0.000271
diagnoses - main icd10: r69 unknown and unspecified causes of morbidity	ICD-10 diagnosis (main)	1	review (uncertain abstention)	none_suitable		0.960000	0.920000	no suitable term	6161	0.000259
diagnoses - main icd10: r79.8 other specified abnormal findings of blood chemistry	ICD-10 diagnosis (main)	1	review (uncertain abstention)	none_suitable		0.787879	0.646465	review (uncertain abstention)	5245	0.000220
diagnoses - main icd10: r87.6 abnormal cytological findings	ICD-10 diagnosis (main)	1	review (uncertain pick)	EFO:0009511	abnormal PAP smear	0.610000	0.280000	review (uncertain pick)	5898	0.000248
diagnoses - main icd10: t39.1 4-aminophenol derivatives	ICD-10 diagnosis (main)	1	no suitable term	none_suitable		0.950000	0.920000	no suitable term	5811	0.000244
diagnoses - main icd10: t81.0 haemorrhage and haematoma complicating a procedure, not elsewhere classified	ICD-10 diagnosis (main)	1	review (uncertain pick)	EFO:0009518	complication	0.505051	0.323232	review (uncertain pick)	7122	0.000299
diagnoses - main icd10: t81.4 infection following a procedure, not elsewhere classified	ICD-10 diagnosis (main)	1	review (uncertain pick)	EFO:0009518	complication	0.494949	0.202020	review (uncertain pick)	6131	0.000258
diagnoses - main icd10: t84.0 mechanical complication of internal joint prosthesis	ICD-10 diagnosis (main)	1	review (uncertain pick)	EFO:0009519	device complication	0.676768	0.616162	review (uncertain pick)	5742	0.000241
diagnoses - main icd10: t84.8 other complications of internal orthopaedic prosthetic devices, implants and grafts	ICD-10 diagnosis (main)	1	review (uncertain pick)	EFO:0009519	device complication	0.830000	0.820000	review (uncertain pick)	6064	0.000255
diagnoses - main icd10: z03.8 observation for other suspected diseases and conditions	ICD-10 diagnosis (main)	1	no suitable term	none_suitable		0.870000	0.790000	no suitable term	6229	0.000262
diagnoses - main icd10: z08.0 follow-up examination after surgery for malignant neoplasm	ICD-10 diagnosis (main)	1	review (uncertain abstention)	EFO:0009642	follow-up	0.620000	0.550000	review (uncertain pick)	5664	0.000238
diagnoses - main icd10: z09.0 follow-up examination after surgery for other conditions	ICD-10 diagnosis (main)	1	review (uncertain pick)	EFO:0009642	follow-up	0.555556	0.464646	review (uncertain pick)	5975	0.000251
diagnoses - main icd10: z09.8 follow-up examination after other treatment for other conditions	ICD-10 diagnosis (main)	1	review (uncertain pick)	EFO:0009642	follow-up	0.620000	0.540000	review (uncertain pick)	5857	0.000246
diagnoses - main icd10: z09.9 follow-up examination after unspecified treatment for other conditions	ICD-10 diagnosis (main)	1	review (uncertain pick)	EFO:0009642	follow-up	0.630000	0.550000	review (uncertain pick)	5990	0.000252
diagnoses - main icd10: z12.1 special screening examination for neoplasm of intestinal tract	ICD-10 diagnosis (main)	1	review (uncertain pick)	EFO:0021523	examination for neoplasm	0.910000	0.900000	auto-accepted	5665	0.000238
diagnoses - main icd10: z13.8 special screening examination for other specified diseases and disorders	ICD-10 diagnosis (main)	1	review (uncertain abstention)	EFO:0009517	checkup	0.440000	0.330000	review (uncertain pick)	6400	0.000269
diagnoses - main icd10: z30.2 sterilisation	ICD-10 diagnosis (main)	1	no suitable term	none_suitable		0.630000	0.260000	review (uncertain abstention)	445	0.000019
diagnoses - main icd10: z42.1 follow-up care involving plastic surgery of breast	ICD-10 diagnosis (main)	1	review (uncertain abstention)	EFO:0020978	encounter with health service for breast reconstruction following mastectomy	0.780000	0.690000	review (uncertain pick)	6683	0.000281
diagnoses - main icd10: z46.6 fitting and adjustment of urinary device	ICD-10 diagnosis (main)	1	review (uncertain abstention)	EFO:0020982	encounter with health service for adjustment and management of implanted device	0.580000	0.400000	review (uncertain pick)	5842	0.000245
diagnoses - main icd10: z47.0 follow-up care involving removal of fracture plate and other internal fixation device	ICD-10 diagnosis (main)	1	review (uncertain abstention)	EFO:0020982	encounter with health service for adjustment and management of implanted device	0.440000	0.190000	review (uncertain pick)	5971	0.000251
diagnoses - main icd10: z53.8 procedure not carried out for other reasons	ICD-10 diagnosis (main)	1	no suitable term	none_suitable		0.610000	0.250000	review (uncertain abstention)	6016	0.000253
diagnoses - main icd9: 4549 varicose veins of lower extremity without ulcer/inflammation	Other measurement / questionnaire	1	review (uncertain pick)	MONDO:0008638	varicose disease	0.490000	0.020000	review (uncertain pick)	5394	0.000227
diagnoses - main icd9: 6262 excessive or frequent menstruation	Other measurement / questionnaire	1	review (uncertain pick)	none_suitable		0.898990	0.858586	no suitable term	5745	0.000241
diagnoses - main icd9: v252 sterilization	Other measurement / questionnaire	1	no suitable term					no candidate	0	0
diagnoses - secondary icd10: b95.6 staphylococcus aureus as the cause of diseases classified to other chapters	ICD-10 diagnosis (secondary)	1	review (uncertain pick)	MONDO:0005545	staphylococcus aureus infection	0.750000	0.750000	review (uncertain pick)	6460	0.000271
diagnoses - secondary icd10: b96.2 escherichia coli [e. coli] as the cause of diseases classified to other chapters	ICD-10 diagnosis (secondary)	1	review (uncertain pick)	MONDO:0020920	escherichia coli infection	0.780000	0.780000	review (uncertain pick)	6549	0.000275
diagnoses - secondary icd10: b96.8 other specified bacterial agents as the cause of diseases classified to other chapters	ICD-10 diagnosis (secondary)	1	review (uncertain abstention)	none_suitable		0.980000	0.970000	no suitable term	6461	0.000271
diagnoses - secondary icd10: c50.9 breast, unspecified	ICD-10 diagnosis (secondary)	1	review (uncertain abstention)	MONDO:0007254	breast cancer	0.890000	0.860000	auto-accepted	6512	0.000274
diagnoses - secondary icd10: c61 malignant neoplasm of prostate	ICD-10 diagnosis (secondary)	1	review (uncertain abstention)	MONDO:0008315	prostate cancer	0.949495	0.939394	auto-accepted	5353	0.000225
diagnoses - secondary icd10: c77.3 axillary and upper limb lymph nodes	ICD-10 diagnosis (secondary)	1	review (uncertain pick)	MONDO:0005438	metastatic malignant neoplasm in the lymph nodes	0.600000	0.540000	review (uncertain pick)	5863	0.000246
diagnoses - secondary icd10: c78.7 secondary malignant neoplasm of liver	ICD-10 diagnosis (secondary)	1	review (uncertain pick)	MONDO:0024881	secondary malignant neoplasm	0.272727	0.060606	review (uncertain pick)	5422	0.000228
diagnoses - secondary icd10: d12.5 sigmoid colon	ICD-10 diagnosis (secondary)	1	review (uncertain pick)	MONDO:0001464	sigmoid colon cancer	0.590000	0.480000	review (uncertain pick)	4935	0.000207
diagnoses - secondary icd10: d64.9 anaemia, unspecified	ICD-10 diagnosis (secondary)	1	review (uncertain pick)	MONDO:0002280	anemia	0.710000	0.570000	review (uncertain pick)	6795	0.000285
diagnoses - secondary icd10: d70 agranulocytosis	ICD-10 diagnosis (secondary)	1	review (uncertain abstention)	HP:0012234	Absence of circulating granulocytes	0.700000	0.590000	review (uncertain pick)	883	0.000037
diagnoses - secondary icd10: e03.9 hypothyroidism, unspecified	ICD-10 diagnosis (secondary)	1	review (uncertain pick)	MONDO:0005420	hypothyroidism	0.880000	0.840000	auto-accepted	7058	0.000296
diagnoses - secondary icd10: e10.9 without complications	ICD-10 diagnosis (secondary)	1	no suitable term	none_suitable		0.830000	0.740000	review (uncertain abstention)	6511	0.000273
diagnoses - secondary icd10: e11.9 without complications	ICD-10 diagnosis (secondary)	1	no suitable term	MONDO:0005148	type 2 diabetes mellitus	0.900000	0.890000	auto-accepted	6458	0.000271
diagnoses - secondary icd10: e14.9 without complications	ICD-10 diagnosis (secondary)	1	no suitable term	none_suitable		0.919192	0.888889	no suitable term	6549	0.000275
diagnoses - secondary icd10: e66.9 obesity, unspecified	ICD-10 diagnosis (secondary)	1	review (uncertain pick)	HP:0001513	Obesity	0.710000	0.460000	review (uncertain pick)	6431	0.000270
diagnoses - secondary icd10: e78.5 hyperlipidaemia, unspecified	ICD-10 diagnosis (secondary)	1	review (uncertain pick)	MONDO:0021187	hyperlipidemia	0.949495	0.949495	auto-accepted	6486	0.000272
diagnoses - secondary icd10: f10.1 harmful use	ICD-10 diagnosis (secondary)	1	review (uncertain pick)	MONDO:0002046	alcohol abuse	0.890000	0.870000	auto-accepted	3166	0.000133
diagnoses - secondary icd10: f10.2 dependence syndrome	ICD-10 diagnosis (secondary)	1	no suitable term	MONDO:0007079	alcohol dependence	0.900000	0.810000	auto-accepted	6330	0.000266
diagnoses - secondary icd10: f17.1 harmful use	ICD-10 diagnosis (secondary)	1	review (uncertain pick)	none_suitable		0.393939	0.141414	review (uncertain abstention)	3113	0.000131
diagnoses - secondary icd10: f32.9 depressive episode, unspecified	ICD-10 diagnosis (secondary)	1	review (uncertain pick)	MONDO:0002009	major depressive disorder	0.430000	0.080000	review (uncertain pick)	6359	0.000267
diagnoses - secondary icd10: g40.9 epilepsy, unspecified	ICD-10 diagnosis (secondary)	1	review (uncertain abstention)	MONDO:0005027	epilepsy	0.970000	0.970000	auto-accepted	6099	0.000256
diagnoses - secondary icd10: g55.1 nerve root and plexus compressions in intervertebral disk disorders	ICD-10 diagnosis (secondary)	1	review (uncertain pick)	MONDO:0002959	radiculopathy	0.900000	0.890000	auto-accepted	6911	0.000290
diagnoses - secondary icd10: i12.0 hypertensive renal disease with renal failure	ICD-10 diagnosis (secondary)	1	review (uncertain pick)	MONDO:0024633	hypertensive nephropathy	0.656566	0.575758	review (uncertain pick)	5283	0.000222
diagnoses - secondary icd10: i25.2 old myocardial infarction	ICD-10 diagnosis (secondary)	1	review (uncertain pick)	MONDO:0005068	myocardial infarction	0.860000	0.840000	auto-accepted	3429	0.000144
diagnoses - secondary icd10: i25.8 other forms of chronic ischaemic heart disease	ICD-10 diagnosis (secondary)	1	review (uncertain pick)	MONDO:0005010	coronary artery disorder	0.515152	0.363636	review (uncertain pick)	5627	0.000236
diagnoses - secondary icd10: i25.9 chronic ischaemic heart disease, unspecified	ICD-10 diagnosis (secondary)	1	review (uncertain pick)	MONDO:0024644	myocardial ischemia	0.404040	0.323232	review (uncertain pick)	5961	0.000250
diagnoses - secondary icd10: i48 atrial fibrillation and flutter	ICD-10 diagnosis (secondary)	1	review (uncertain pick)	MONDO:0004981	atrial fibrillation	0.949495	0.949495	auto-accepted	5952	0.000250
diagnoses - secondary icd10: i50.1 left ventricular failure	ICD-10 diagnosis (secondary)	1	review (uncertain abstention)	MONDO:0005252	heart failure	0.777778	0.686869	review (uncertain pick)	5935	0.000249
diagnoses - secondary icd10: i51.7 cardiomegaly	ICD-10 diagnosis (secondary)	1	review (uncertain pick)	none_suitable		0.510000	0.030000	review (uncertain abstention)	567	0.000024
diagnoses - secondary icd10: i73.9 peripheral vascular disease, unspecified	ICD-10 diagnosis (secondary)	1	review (uncertain pick)	MONDO:0005294	peripheral vascular disease	0.720000	0.530000	review (uncertain pick)	5859	0.000246
diagnoses - secondary icd10: i84.6 residual haemorrhoidal skin tags	ICD-10 diagnosis (secondary)	1	review (uncertain pick)	HP:0010609	Skin tags	0.510000	0.500000	review (uncertain pick)	5702	0.000239
diagnoses - secondary icd10: i95.9 hypotension, unspecified	ICD-10 diagnosis (secondary)	1	review (uncertain pick)	HP:0002615	Hypotension	0.590000	0.270000	review (uncertain pick)	6618	0.000278
diagnoses - secondary icd10: j18.1 lobar pneumonia, unspecified	ICD-10 diagnosis (secondary)	1	review (uncertain pick)	MONDO:0005249	pneumonia	0.737374	0.656566	review (uncertain pick)	6824	0.000287
diagnoses - secondary icd10: j22 unspecified acute lower respiratory infection	ICD-10 diagnosis (secondary)	1	review (uncertain pick)	HP:0011947	Respiratory tract infection	0.440000	0.370000	review (uncertain pick)	6155	0.000259
diagnoses - secondary icd10: j34.3 hypertrophy of nasal turbinates	ICD-10 diagnosis (secondary)	1	review (uncertain abstention)	none_suitable		0.646465	0.434343	review (uncertain abstention)	5852	0.000246
diagnoses - secondary icd10: k20 oesophagitis	ICD-10 diagnosis (secondary)	1	review (uncertain pick)	MONDO:0001409	esophagitis	0.740000	0.650000	review (uncertain pick)	543	0.000023
diagnoses - secondary icd10: k21.0 gastro-oesophageal reflux disease with oesophagitis	ICD-10 diagnosis (secondary)	1	review (uncertain pick)	MONDO:0006896	peptic esophagitis	0.580000	0.190000	review (uncertain pick)	5281	0.000222
diagnoses - secondary icd10: k25.9 unspecified as acute or chronic, without haemorrhage or perforation	ICD-10 diagnosis (secondary)	1	review (uncertain pick)	MONDO:0001126	gastric ulcer	0.696970	0.515152	review (uncertain pick)	6720	0.000282
diagnoses - secondary icd10: k26.9 unspecified as acute or chronic, without haemorrhage or perforation	ICD-10 diagnosis (secondary)	1	review (uncertain pick)	MONDO:0004247	peptic ulcer disease	0.353535	0.080808	review (uncertain pick)	6717	0.000282
diagnoses - secondary icd10: k29.6 other gastritis	ICD-10 diagnosis (secondary)	1	review (uncertain pick)	MONDO:0004966	gastritis	0.840000	0.820000	review (uncertain pick)	6544	0.000275
diagnoses - secondary icd10: k29.7 gastritis, unspecified	ICD-10 diagnosis (secondary)	1	review (uncertain pick)	MONDO:0004966	gastritis	0.950000	0.940000	auto-accepted	6534	0.000274
diagnoses - secondary icd10: k29.8 duodenitis	ICD-10 diagnosis (secondary)	1	no suitable term	MONDO:0004627	duodenitis	0.910000	0.910000	auto-accepted	491	0.000021
diagnoses - secondary icd10: k31.7 polyp of stomach and duodenum	ICD-10 diagnosis (secondary)	1	review (uncertain pick)	MONDO:0008277	stomach polyp	0.696970	0.555556	review (uncertain pick)	6083	0.000255
diagnoses - secondary icd10: k31.8 other specified diseases of stomach and duodenum	ICD-10 diagnosis (secondary)	1	review (uncertain abstention)	none_suitable		0.580000	0.220000	review (uncertain abstention)	5881	0.000247
diagnoses - secondary icd10: k51.9 ulcerative colitis, unspecified	ICD-10 diagnosis (secondary)	1	review (uncertain abstention)	MONDO:0005101	ulcerative colitis	0.980000	0.980000	auto-accepted	6508	0.000273
diagnoses - secondary icd10: k52.9 non-infective gastro-enteritis and colitis, unspecified	ICD-10 diagnosis (secondary)	1	review (uncertain pick)	MONDO:0002269	gastroenteritis	0.840000	0.790000	review (uncertain pick)	6505	0.000273
diagnoses - secondary icd10: k62.5 haemorrhage of anus and rectum	ICD-10 diagnosis (secondary)	1	review (uncertain pick)	MONDO:0002519	anus disorder	0.515152	0.474747	review (uncertain pick)	6254	0.000263
diagnoses - secondary icd10: k66.0 peritoneal adhesions	ICD-10 diagnosis (secondary)	1	review (uncertain abstention)	none_suitable		0.790000	0.630000	review (uncertain abstention)	2117	0.000089
diagnoses - secondary icd10: k80.2 calculus of gallbladder without cholecystitis	ICD-10 diagnosis (secondary)	1	review (uncertain pick)	MONDO:0012672	cholelithiasis	0.970000	0.970000	auto-accepted	5996	0.000252
diagnoses - secondary icd10: l03.1 cellulitis of other parts of limb	ICD-10 diagnosis (secondary)	1	review (uncertain pick)	MONDO:0005230	cellulitis	0.525253	0.262626	review (uncertain pick)	5478	0.000230
diagnoses - secondary icd10: m06.99 rheumatoid arthritis, unspecified (site unspecified)	ICD-10 diagnosis (secondary)	1	review (uncertain pick)	MONDO:0008383	rheumatoid arthritis	0.830000	0.720000	review (uncertain pick)	6655	0.000280
diagnoses - secondary icd10: m10.99 gout, unspecified (site unspecified)	ICD-10 diagnosis (secondary)	1	no suitable term	HP:0001997	Gout	0.535354	0.161616	review (uncertain pick)	6674	0.000280
diagnoses - secondary icd10: m13.9 arthritis, unspecified	ICD-10 diagnosis (secondary)	1	review (uncertain pick)	MONDO:0005578	arthritic joint disease	0.490000	0.130000	review (uncertain pick)	6600	0.000277
diagnoses - secondary icd10: m13.99 arthritis, unspecified (site unspecified)	ICD-10 diagnosis (secondary)	1	review (uncertain pick)	MONDO:0005578	arthritic joint disease	0.640000	0.490000	review (uncertain pick)	6575	0.000276
diagnoses - secondary icd10: m15.9 polyarthrosis, unspecified	ICD-10 diagnosis (secondary)	1	review (uncertain abstention)	none_suitable		0.777778	0.747475	review (uncertain abstention)	6458	0.000271
diagnoses - secondary icd10: m17.1 other primary gonarthrosis	ICD-10 diagnosis (secondary)	1	review (uncertain abstention)	none_suitable		0.939394	0.919192	no suitable term	6300	0.000265
diagnoses - secondary icd10: m17.9 gonarthrosis, unspecified	ICD-10 diagnosis (secondary)	1	no suitable term	none_suitable		0.797980	0.767677	review (uncertain abstention)	6458	0.000271
diagnoses - secondary icd10: m19.9 arthrosis, unspecified	ICD-10 diagnosis (secondary)	1	review (uncertain pick)	MONDO:0005178	osteoarthritis	0.910000	0.910000	auto-accepted	6625	0.000278
diagnoses - secondary icd10: m19.99 arthrosis, unspecified (site unspecified)	ICD-10 diagnosis (secondary)	1	review (uncertain pick)	MONDO:0005178	osteoarthritis	0.900000	0.890000	auto-accepted	6719	0.000282
diagnoses - secondary icd10: m47.82 other spondylosis (cervical region)	ICD-10 diagnosis (secondary)	1	review (uncertain pick)	MONDO:0008481	spondylosis, cervical	0.610000	0.330000	review (uncertain pick)	6153	0.000258
diagnoses - secondary icd10: m81.99 osteoporosis, unspecified (site unspecified)	ICD-10 diagnosis (secondary)	1	review (uncertain pick)	HP:0000939	Osteoporosis	0.535354	0.161616	review (uncertain pick)	6663	0.000280
diagnoses - secondary icd10: n17.9 acute renal failure, unspecified	ICD-10 diagnosis (secondary)	1	review (uncertain pick)	MONDO:0002492	acute kidney injury	0.490000	0.200000	review (uncertain pick)	6460	0.000271
diagnoses - secondary icd10: n32.8 other specified disorders of bladder	ICD-10 diagnosis (secondary)	1	review (uncertain pick)	MONDO:0006026	urinary bladder disorder	0.686869	0.636364	review (uncertain pick)	5857	0.000246
diagnoses - secondary icd10: n39.0 urinary tract infection, site not specified	ICD-10 diagnosis (secondary)	1	review (uncertain pick)	MONDO:0100338	urinary tract infection	0.740000	0.580000	review (uncertain pick)	6139	0.000258
diagnoses - secondary icd10: n73.6 female pelvic peritoneal adhesions	ICD-10 diagnosis (secondary)	1	review (uncertain abstention)	none_suitable		0.676768	0.515152	review (uncertain abstention)	6555	0.000275
diagnoses - secondary icd10: n80.0 endometriosis of uterus	ICD-10 diagnosis (secondary)	1	review (uncertain pick)	MONDO:0005133	endometriosis	0.640000	0.630000	review (uncertain pick)	5788	0.000243
diagnoses - secondary icd10: n81.1 cystocele	ICD-10 diagnosis (secondary)	1	no suitable term	none_suitable		0.580000	0.190000	review (uncertain abstention)	508	0.000021
diagnoses - secondary icd10: n81.2 incomplete uterovaginal prolapse	ICD-10 diagnosis (secondary)	1	review (uncertain pick)	EFO:1001864	uterine prolapse	0.565657	0.242424	review (uncertain pick)	2405	0.000101
diagnoses - secondary icd10: n84.0 polyp of corpus uteri	ICD-10 diagnosis (secondary)	1	review (uncertain pick)	MONDO:0004701	uterine polyp	0.636364	0.363636	review (uncertain pick)	6639	0.000279
diagnoses - secondary icd10: n85.8 other specified noninflammatory disorders of uterus	ICD-10 diagnosis (secondary)	1	review (uncertain pick)	MONDO:0002654	uterine disorder	0.680000	0.660000	review (uncertain pick)	6120	0.000257
diagnoses - secondary icd10: n95.0 postmenopausal bleeding	ICD-10 diagnosis (secondary)	1	no suitable term	none_suitable		0.510000	0.140000	review (uncertain abstention)	3129	0.000131
diagnoses - secondary icd10: r00.0 tachycardia, unspecified	ICD-10 diagnosis (secondary)	1	review (uncertain abstention)	HP:0001649	Tachycardia	0.960000	0.960000	auto-accepted	6865	0.000288
diagnoses - secondary icd10: r00.2 palpitations	ICD-10 diagnosis (secondary)	1	review (uncertain abstention)	HP:0001962	Palpitations	0.900000	0.890000	auto-accepted	525	0.000022
diagnoses - secondary icd10: r06.0 dyspnoea	ICD-10 diagnosis (secondary)	1	review (uncertain pick)	HP:0002094	Dyspnea	0.820000	1.000000	review (uncertain pick)	456	0.000019
diagnoses - secondary icd10: r10.3 pain localised to other parts of lower abdomen	ICD-10 diagnosis (secondary)	1	review (uncertain pick)	HP:0002027	Abdominal pain	0.900000	0.890000	auto-accepted	6077	0.000255
diagnoses - secondary icd10: r19.4 change in bowel habit	ICD-10 diagnosis (secondary)	1	review (uncertain abstention)	none_suitable		0.949495	0.919192	no suitable term	6563	0.000276
diagnoses - secondary icd10: r50.9 fever, unspecified	ICD-10 diagnosis (secondary)	1	no suitable term	HP:0001945	Fever	0.830000	0.720000	review (uncertain pick)	6806	0.000286
diagnoses - secondary icd10: r53 malaise and fatigue	ICD-10 diagnosis (secondary)	1	review (uncertain pick)	EFO:0009641	malaise	0.555556	0.343434	review (uncertain pick)	5713	0.000240
diagnoses - secondary icd10: r63.4 abnormal weight loss	ICD-10 diagnosis (secondary)	1	review (uncertain pick)	HP:0001824	Weight loss	0.666667	0.414141	review (uncertain pick)	5680	0.000239
diagnoses - secondary icd10: r69 unknown and unspecified causes of morbidity	ICD-10 diagnosis (secondary)	1	no suitable term	none_suitable		0.950000	0.900000	no suitable term	6161	0.000259
diagnoses - secondary icd10: r79.8 other specified abnormal findings of blood chemistry	ICD-10 diagnosis (secondary)	1	review (uncertain abstention)	none_suitable		0.797980	0.676768	review (uncertain abstention)	5245	0.000220
diagnoses - secondary icd10: r94.5 abnormal results of liver function studies	ICD-10 diagnosis (secondary)	1	review (uncertain pick)	EFO:0009628	abnormal result of function studies	0.676768	0.606061	review (uncertain pick)	5868	0.000246
diagnoses - secondary icd10: t81.0 haemorrhage and haematoma complicating a procedure, not elsewhere classified	ICD-10 diagnosis (secondary)	1	review (uncertain pick)	EFO:0009518	complication	0.515152	0.343434	review (uncertain pick)	7122	0.000299
diagnoses - secondary icd10: t81.4 infection following a procedure, not elsewhere classified	ICD-10 diagnosis (secondary)	1	review (uncertain pick)	EFO:0009518	complication	0.474747	0.181818	review (uncertain pick)	6131	0.000258
diagnoses - secondary icd10: w01.0 home	ICD-10 diagnosis (secondary)	1	no suitable term					no candidate	0	0
diagnoses - secondary icd10: w01.9 unspecified place	ICD-10 diagnosis (secondary)	1	no suitable term	none_suitable		0.808081	0.676768	review (uncertain abstention)	6506	0.000273
diagnoses - secondary icd10: w10.0 home	ICD-10 diagnosis (secondary)	1	no suitable term					no candidate	0	0
diagnoses - secondary icd10: w19.9 unspecified place	ICD-10 diagnosis (secondary)	1	no suitable term	none_suitable		0.797980	0.666667	review (uncertain abstention)	6546	0.000275
diagnoses - secondary icd10: x59.9 unspecified place	ICD-10 diagnosis (secondary)	1	no suitable term	none_suitable		0.980000	0.970000	no suitable term	6506	0.000273
diagnoses - secondary icd10: y43.3 other antineoplastic drugs	ICD-10 diagnosis (secondary)	1	no suitable term	none_suitable		0.780000	0.680000	review (uncertain abstention)	6269	0.000263
diagnoses - secondary icd10: y83.1 surgical operation with implant of artificial internal device	ICD-10 diagnosis (secondary)	1	review (uncertain abstention)	none_suitable		0.555556	0.333333	review (uncertain abstention)	6412	0.000269
diagnoses - secondary icd10: y83.2 surgical operation with anastomosis, bypass or graft	ICD-10 diagnosis (secondary)	1	review (uncertain abstention)	none_suitable		0.480000	0.210000	review (uncertain abstention)	6720	0.000282
diagnoses - secondary icd10: y83.6 removal of other organ (partial) (total)	ICD-10 diagnosis (secondary)	1	review (uncertain pick)	none_suitable		0.980000	0.960000	no suitable term	5433	0.000228
diagnoses - secondary icd10: y83.8 other surgical procedures	ICD-10 diagnosis (secondary)	1	review (uncertain abstention)	EFO:0009789	encounter with health service related to previous surgical history	0.500000	0.470000	review (uncertain pick)	6148	0.000258
diagnoses - secondary icd10: z03.4 observation for suspected myocardial infarction	ICD-10 diagnosis (secondary)	1	no suitable term	none_suitable		0.797980	0.676768	review (uncertain abstention)	7043	0.000296
diagnoses - secondary icd10: z03.8 observation for other suspected diseases and conditions	ICD-10 diagnosis (secondary)	1	no suitable term	none_suitable		0.870000	0.790000	no suitable term	6229	0.000262
diagnoses - secondary icd10: z13.0 special screening examination for diseases of the blood and blood-forming organs and certain disorders involving the immune mechanism	ICD-10 diagnosis (secondary)	1	no suitable term	none_suitable		0.565657	0.171717	review (uncertain abstention)	7576	0.000318
diagnoses - secondary icd10: z13.8 special screening examination for other specified diseases and disorders	ICD-10 diagnosis (secondary)	1	review (uncertain abstention)	none_suitable		0.480000	0.140000	review (uncertain abstention)	6400	0.000269
diagnoses - secondary icd10: z37.0 single live birth	ICD-10 diagnosis (secondary)	1	no suitable term	none_suitable		0.850000	0.780000	no suitable term	6698	0.000281
diagnoses - secondary icd10: z50.1 other physical therapy	ICD-10 diagnosis (secondary)	1	no suitable term	EFO:0009581	rehabilitation	0.520000	0.510000	review (uncertain pick)	6609	0.000278
diagnoses - secondary icd10: z51.0 radiotherapy session	ICD-10 diagnosis (secondary)	1	no suitable term	EFO:0009786	encounter with health service	0.660000	0.660000	review (uncertain pick)	559	0.000023
diagnoses - secondary icd10: z51.1 chemotherapy session for neoplasm	ICD-10 diagnosis (secondary)	1	no suitable term	EFO:0009786	encounter with health service	0.480000	0.460000	review (uncertain pick)	6674	0.000280
diagnoses - secondary icd10: z51.2 other chemotherapy	ICD-10 diagnosis (secondary)	1	no suitable term	EFO:0009786	encounter with health service	0.520000	0.500000	review (uncertain pick)	6544	0.000275
diagnoses - secondary icd10: z51.5 palliative care	ICD-10 diagnosis (secondary)	1	no suitable term	EFO:0009786	encounter with health service	0.680000	0.680000	review (uncertain pick)	601	0.000025
diagnoses - secondary icd10: z53.0 procedure not carried out because of contraindication	ICD-10 diagnosis (secondary)	1	no suitable term	none_suitable		0.560000	0.140000	review (uncertain abstention)	5438	0.000228
diagnoses - secondary icd10: z53.2 procedure not carried out because of patient's decision for other and unspecified reasons	ICD-10 diagnosis (secondary)	1	no suitable term	none_suitable		0.510000	0.030000	review (uncertain abstention)	6406	0.000269
diagnoses - secondary icd10: z53.8 procedure not carried out for other reasons	ICD-10 diagnosis (secondary)	1	no suitable term	none_suitable		0.565657	0.151515	review (uncertain abstention)	6016	0.000253
diagnoses - secondary icd10: z53.9 procedure not carried out, unspecified reason	ICD-10 diagnosis (secondary)	1	no suitable term	none_suitable		0.520000	0.080000	review (uncertain abstention)	6534	0.000274
diagnoses - secondary icd10: z60.2 living alone	ICD-10 diagnosis (secondary)	1	review (uncertain pick)	EFO:0009788	encounter with health service related to socioeconomic and psychosocial circumstances	0.540000	0.540000	review (uncertain pick)	657	0.000028
diagnoses - secondary icd10: z72.0 tobacco use	ICD-10 diagnosis (secondary)	1	review (uncertain pick)	EFO:0005430	nicotine use	0.696970	0.636364	review (uncertain pick)	3334	0.000140
diagnoses - secondary icd10: z72.1 alcohol use	ICD-10 diagnosis (secondary)	1	review (uncertain abstention)	MONDO:0002046	alcohol abuse	0.272727	0.111111	review (uncertain pick)	5077	0.000213
diagnoses - secondary icd10: z80.0 family history of malignant neoplasm of digestive organs	ICD-10 diagnosis (secondary)	1	review (uncertain pick)	EFO:0009640	family history of cancer	0.500000	0.190000	review (uncertain pick)	5315	0.000223
diagnoses - secondary icd10: z85.0 personal history of malignant neoplasm of digestive organs	ICD-10 diagnosis (secondary)	1	review (uncertain abstention)	none_suitable		0.560000	0.140000	review (uncertain abstention)	5436	0.000228
diagnoses - secondary icd10: z85.3 personal history of malignant neoplasm of breast	ICD-10 diagnosis (secondary)	1	review (uncertain abstention)	none_suitable		0.520000	0.090000	review (uncertain abstention)	5592	0.000235
diagnoses - secondary icd10: z85.4 personal history of malignant neoplasm of genital organs	ICD-10 diagnosis (secondary)	1	review (uncertain abstention)	MONDO:0002149	reproductive system cancer	0.510000	0.470000	review (uncertain pick)	5447	0.000229
diagnoses - secondary icd10: z85.5 personal history of malignant neoplasm of urinary tract	ICD-10 diagnosis (secondary)	1	no suitable term	MONDO:0006295	malignant urinary system neoplasm	0.450000	0.370000	review (uncertain pick)	5417	0.000228
diagnoses - secondary icd10: z85.8 personal history of malignant neoplasms of other organs and systems	ICD-10 diagnosis (secondary)	1	no suitable term	none_suitable		0.970000	0.950000	no suitable term	5641	0.000237
diagnoses - secondary icd10: z86.0 personal history of other neoplasms	ICD-10 diagnosis (secondary)	1	no suitable term	none_suitable		0.939394	0.898990	no suitable term	5779	0.000243
diagnoses - secondary icd10: z86.1 personal history of infectious and parasitic diseases	ICD-10 diagnosis (secondary)	1	no suitable term	none_suitable		0.830000	0.690000	review (uncertain abstention)	5743	0.000241
diagnoses - secondary icd10: z86.4 personal history of psychoactive substance abuse	ICD-10 diagnosis (secondary)	1	review (uncertain abstention)	MONDO:0002491	substance abuse	0.760000	0.740000	review (uncertain pick)	5259	0.000221
diagnoses - secondary icd10: z86.6 personal history of diseases of the nervous system and sense organs	ICD-10 diagnosis (secondary)	1	no suitable term	none_suitable		0.720000	0.590000	review (uncertain abstention)	6356	0.000267
diagnoses - secondary icd10: z86.7 personal history of diseases of the circulatory system	ICD-10 diagnosis (secondary)	1	review (uncertain abstention)	none_suitable		0.760000	0.590000	review (uncertain abstention)	6163	0.000259
diagnoses - secondary icd10: z87.1 personal history of diseases of the digestive system	ICD-10 diagnosis (secondary)	1	no suitable term	EFO:0000352	clinical history	0.383838	0.222222	review (uncertain pick)	6119	0.000257
diagnoses - secondary icd10: z87.3 personal history of diseases of the musculoskeletal system and connective tissue	ICD-10 diagnosis (secondary)	1	review (uncertain abstention)	none_suitable		0.515152	0.161616	review (uncertain abstention)	6537	0.000275
diagnoses - secondary icd10: z87.4 personal history of diseases of the genito-urinary system	ICD-10 diagnosis (secondary)	1	review (uncertain abstention)	EFO:0009663	disease of genitourinary system	0.470000	0.340000	review (uncertain pick)	6159	0.000259
diagnoses - secondary icd10: z88.0 personal history of allergy to penicillin	ICD-10 diagnosis (secondary)	1	review (uncertain abstention)	MONDO:0000775	drug allergy	0.555556	0.373737	review (uncertain pick)	5895	0.000248
diagnoses - secondary icd10: z88.1 personal history of allergy to other antibiotic agents	ICD-10 diagnosis (secondary)	1	review (uncertain pick)	MONDO:0000775	drug allergy	0.676768	0.626263	review (uncertain pick)	6051	0.000254
diagnoses - secondary icd10: z88.6 personal history of allergy to analgesic agent	ICD-10 diagnosis (secondary)	1	review (uncertain pick)	MONDO:0000775	drug allergy	0.750000	0.710000	review (uncertain pick)	6230	0.000262
diagnoses - secondary icd10: z88.8 personal history of allergy to other drugs, medicaments and biological substances	ICD-10 diagnosis (secondary)	1	review (uncertain pick)	MONDO:0000775	drug allergy	0.650000	0.640000	review (uncertain pick)	6043	0.000254
diagnoses - secondary icd10: z90.1 acquired absence of breast(s)	ICD-10 diagnosis (secondary)	1	no suitable term	EFO:0020987	mastectomy	0.575758	0.555556	review (uncertain pick)	6217	0.000261
diagnoses - secondary icd10: z90.4 acquired absence of other parts of digestive tract	ICD-10 diagnosis (secondary)	1	no suitable term	none_suitable		0.890000	0.840000	no suitable term	5914	0.000248
diagnoses - secondary icd10: z90.7 acquired absence of genital organ(s)	ICD-10 diagnosis (secondary)	1	review (uncertain abstention)	none_suitable		0.787879	0.656566	review (uncertain abstention)	6134	0.000258
diagnoses - secondary icd10: z91.0 personal history of allergy, other than to drugs and biological substances	ICD-10 diagnosis (secondary)	1	review (uncertain abstention)	none_suitable		0.860000	0.780000	no suitable term	6013	0.000253
diagnoses - secondary icd10: z92.1 personal history of long-term (current) use of anticoagulants	ICD-10 diagnosis (secondary)	1	review (uncertain pick)	none_suitable		0.980000	0.970000	no suitable term	6066	0.000255
diagnoses - secondary icd10: z92.2 personal history of long-term (current) use of other medicaments	ICD-10 diagnosis (secondary)	1	no suitable term	none_suitable		0.980000	0.960000	no suitable term	5899	0.000248
diagnoses - secondary icd10: z92.3 personal history of irradiation	ICD-10 diagnosis (secondary)	1	no suitable term	EFO:0020980	radiation exposure measurement	0.620000	0.550000	review (uncertain pick)	5239	0.000220
diagnoses - secondary icd10: z92.4 personal history of major surgery, not elsewhere classified	ICD-10 diagnosis (secondary)	1	review (uncertain pick)	none_suitable		0.740000	0.560000	review (uncertain abstention)	6100	0.000256
diagnoses - secondary icd10: z95.0 presence of cardiac pacemaker	ICD-10 diagnosis (secondary)	1	review (uncertain pick)	EFO:0009719	artificial cardiac pacemaker	0.840000	0.830000	review (uncertain pick)	5878	0.000247
diagnoses - secondary icd10: z95.1 presence of aortocoronary bypass graft	ICD-10 diagnosis (secondary)	1	review (uncertain pick)	EFO:0003776	coronary artery bypass	0.860000	0.840000	auto-accepted	5511	0.000231
diagnoses - secondary icd10: z95.5 presence of coronary angioplasty implant and graft	ICD-10 diagnosis (secondary)	1	review (uncertain abstention)	none_suitable		0.490000	0.040000	review (uncertain abstention)	6132	0.000258
diagnoses - secondary icd10: z95.8 presence of other cardiac and vascular implants and grafts	ICD-10 diagnosis (secondary)	1	review (uncertain abstention)	none_suitable		0.686869	0.454545	review (uncertain abstention)	5923	0.000249
diagnoses - secondary icd10: z96.1 presence of intraocular lens	ICD-10 diagnosis (secondary)	1	no suitable term	none_suitable		0.949495	0.929293	no suitable term	5440	0.000228
diagnoses - secondary icd10: z96.6 presence of orthopaedic joint implants	ICD-10 diagnosis (secondary)	1	no suitable term	none_suitable		0.840000	0.760000	review (uncertain abstention)	5522	0.000232
diagnoses - secondary icd10: z98.0 intestinal bypass and anastomosis status	ICD-10 diagnosis (secondary)	1	review (uncertain abstention)	EFO:0005244	gastric bypass	0.686869	0.636364	review (uncertain pick)	6007	0.000252
difference in mobile phone use compared to two years previously	Other measurement / questionnaire	1	no suitable term	none_suitable		0.980000	0.960000	no suitable term	5895	0.000248
difficulty not smoking for 1 day	Other measurement / questionnaire	1	review (uncertain abstention)	none_suitable		0.454545	0.101010	review (uncertain abstention)	5337	0.000224
distance between home and job workplace	Sociodemographic / environment	1	no suitable term	none_suitable		0.880000	0.840000	no suitable term	5929	0.000249
doctor restricts physical activity due to heart condition	Physical activity / lifestyle	1	no suitable term	none_suitable		0.696970	0.454545	review (uncertain abstention)	6344	0.000266
double crust pastry intake	Diet and supplements	1	no suitable term	none_suitable		0.939394	0.888889	no suitable term	6023	0.000253
doughnut intake	Diet and supplements	1	no suitable term	none_suitable		0.890000	0.830000	no suitable term	3920	0.000165
dried fruit added to cereal	Diet and supplements	1	no suitable term	none_suitable		0.930000	0.860000	no suitable term	7266	0.000305
drive faster than motorway speed limit	Other measurement / questionnaire	1	no suitable term	none_suitable		0.970000	0.950000	no suitable term	4499	0.000189
duration of fitness test	Physical activity / lifestyle	1	review (uncertain pick)	EFO:0000433	duration	0.850000	0.800000	auto-accepted	5856	0.000246
duration of heavy diy	Physical activity / lifestyle	1	review (uncertain abstention)	none_suitable		0.740000	0.640000	review (uncertain abstention)	5612	0.000236
duration of light diy	Physical activity / lifestyle	1	review (uncertain pick)	EO:0007199	long day length regimen	0.343434	0.101010	review (uncertain pick)	5757	0.000242
duration of moderate activity	Physical activity / lifestyle	1	review (uncertain pick)	EFO:0008002	physical activity measurement	0.646465	0.545455	review (uncertain pick)	5955	0.000250
duration of other exercises	Physical activity / lifestyle	1	review (uncertain abstention)	none_suitable		0.626263	0.444444	review (uncertain abstention)	5686	0.000239
duration of questionnaire	Physical activity / lifestyle	1	review (uncertain pick)	EFO:0000433	duration	0.770000	0.760000	review (uncertain pick)	6015	0.000253
duration of strenuous sports	Physical activity / lifestyle	1	review (uncertain abstention)	none_suitable		0.380000	0.130000	review (uncertain abstention)	5777	0.000243
duration of vigorous activity	Physical activity / lifestyle	1	review (uncertain pick)	EFO:0008002	physical activity measurement	0.646465	0.565657	review (uncertain pick)	5828	0.000245
duration of walks	Physical activity / lifestyle	1	review (uncertain abstention)	none_suitable		0.363636	0.101010	review (uncertain abstention)	5976	0.000251
duration screen displayed	Physical activity / lifestyle	1	review (uncertain abstention)	EFO:0000433	duration	0.474747	0.414141	review (uncertain pick)	3766	0.000158
duration to complete alphanumeric path (trail #2)	Physical activity / lifestyle	1	review (uncertain abstention)	none_suitable		0.870000	0.760000	no suitable term	6629	0.000278
duration to complete numeric path (trail #1)	Physical activity / lifestyle	1	review (uncertain pick)	none_suitable		0.880000	0.800000	no suitable term	5783	0.000243
duration to entering value	Physical activity / lifestyle	1	review (uncertain abstention)	EFO:0008393	reaction time measurement	0.474747	0.292929	review (uncertain pick)	6445	0.000271
duration walking for pleasure	Physical activity / lifestyle	1	no suitable term	none_suitable		0.626263	0.454545	review (uncertain abstention)	6007	0.000252
ease of skin tanning	Other measurement / questionnaire	1	no suitable term	EFO:0004279	suntan	0.850000	0.830000	auto-accepted	5908	0.000248
ecg, heart rate	Other measurement / questionnaire	1	review (uncertain pick)	EFO:0009184	heart rate response to exercise	0.404040	0.060606	review (uncertain pick)	6194	0.000260
ecg, load	Other measurement / questionnaire	1	no suitable term	none_suitable		0.760000	0.610000	review (uncertain abstention)	3532	0.000148
ecg, number of stages in a phase	Other measurement / questionnaire	1	no suitable term	none_suitable		0.950000	0.920000	no suitable term	6284	0.000264
ecg, phase duration	Other measurement / questionnaire	1	review (uncertain abstention)	none_suitable		0.740000	0.580000	review (uncertain abstention)	5350	0.000225
ecg, phase time	Other measurement / questionnaire	1	review (uncertain abstention)	none_suitable		0.830000	0.740000	review (uncertain abstention)	6438	0.000270
egg consumers	Diet and supplements	1	review (uncertain abstention)	none_suitable		0.490000	0.040000	review (uncertain abstention)	2061	0.000087
eggs in sandwiches intake	Diet and supplements	1	no suitable term	none_suitable		0.960000	0.930000	no suitable term	6215	0.000261
energy	Other measurement / questionnaire	1	review (uncertain abstention)	EFO:0009374	energy intake measurement	0.840000	0.680000	review (uncertain pick)	2307	0.000097
errors before selecting correct item in alphanumeric path (trail #2)	Other measurement / questionnaire	1	no suitable term	none_suitable		0.980000	0.970000	no suitable term	5923	0.000249
errors before selecting correct item in numeric path (trail #1)	Other measurement / questionnaire	1	no suitable term	none_suitable		0.960000	0.950000	no suitable term	5986	0.000251
espresso intake	Diet and supplements	1	review (uncertain pick)	EFO:0006781	coffee consumption measurement	0.686869	0.606061	review (uncertain pick)	3850	0.000162
ever depressed for a whole week	Other measurement / questionnaire	1	review (uncertain abstention)	EFO:0007634	major depressive episode	0.313131	0.141414	review (uncertain pick)	5871	0.000247
ever had bowel cancer screening	Other measurement / questionnaire	1	review (uncertain pick)	EFO:0021523	examination for neoplasm	0.565657	0.404040	review (uncertain pick)	6258	0.000263
ever had breast cancer screening / mammogram	Other measurement / questionnaire	1	no suitable term	EFO:0021523	examination for neoplasm	0.670000	0.660000	review (uncertain pick)	6513	0.000274
ever had cervical smear test	Other measurement / questionnaire	1	no suitable term	none_suitable		0.555556	0.161616	review (uncertain abstention)	6574	0.000276
ever had prostate specific antigen (psa) test	Other measurement / questionnaire	1	no suitable term	none_suitable		0.850000	0.790000	no suitable term	5766	0.000242
ever had same-sex intercourse	Other measurement / questionnaire	1	review (uncertain abstention)	none_suitable		0.700000	0.610000	review (uncertain abstention)	5917	0.000249
ever had stillbirth, spontaneous miscarriage or termination	Other measurement / questionnaire	1	review (uncertain abstention)	none_suitable		0.565657	0.434343	review (uncertain abstention)	5795	0.000243
ever highly irritable/argumentative for 2 days	Other measurement / questionnaire	1	review (uncertain pick)	EFO:0009594	irritability measurement	0.333333	0.040404	review (uncertain pick)	5832	0.000245
ever taken oral contraceptive pill	Other measurement / questionnaire	1	review (uncertain abstention)	none_suitable		0.520000	0.260000	review (uncertain abstention)	6360	0.000267
ever tried to stop smoking	Other measurement / questionnaire	1	review (uncertain pick)	EFO:0004319	smoking cessation	0.760000	0.740000	review (uncertain pick)	6490	0.000273
ever unenthusiastic/disinterested for a whole week	Other measurement / questionnaire	1	review (uncertain pick)	HP:0000741	Apathy	0.797980	0.717172	review (uncertain pick)	5993	0.000252
exposure to tobacco smoke at home	Other measurement / questionnaire	1	review (uncertain pick)	EFO:0008361	environmental tobacco smoke exposure measurement	0.464646	0.131313	review (uncertain pick)	6081	0.000255
exposure to tobacco smoke outside home	Other measurement / questionnaire	1	review (uncertain pick)	EFO:0008361	environmental tobacco smoke exposure measurement	0.630000	0.370000	review (uncertain pick)	6472	0.000272
external causes: w01.9 unspecified place	Other measurement / questionnaire	1	no suitable term	none_suitable		0.920000	0.870000	no suitable term	5427	0.000228
external causes: w19.9 unspecified place	Other measurement / questionnaire	1	no suitable term	none_suitable		0.939394	0.909091	no suitable term	5611	0.000236
external causes: x59.9 unspecified place	Other measurement / questionnaire	1	no suitable term	none_suitable		0.960000	0.930000	no suitable term	5832	0.000245
external causes: y83.1 surgical operation with implant of artificial internal device	Other measurement / questionnaire	1	review (uncertain abstention)	none_suitable		0.787879	0.717172	review (uncertain abstention)	6259	0.000263
external causes: y83.2 surgical operation with anastomosis, bypass or graft	Other measurement / questionnaire	1	review (uncertain abstention)	none_suitable		0.787879	0.707071	review (uncertain abstention)	6579	0.000276
external causes: y83.6 removal of other organ (partial) (total)	Other measurement / questionnaire	1	review (uncertain pick)	EFO:0009744	surgical resection	0.620000	0.600000	review (uncertain pick)	5346	0.000225
external causes: y83.8 other surgical procedures	Other measurement / questionnaire	1	no suitable term	none_suitable		0.787879	0.666667	review (uncertain abstention)	5958	0.000250
eye problems/disorders: glaucoma	Self-reported condition or symptom	1	review (uncertain pick)	MONDO:0005041	glaucoma	0.930000	0.930000	auto-accepted	3646	0.000153
eye problems/disorders: injury or trauma resulting in loss of vision	Self-reported condition or symptom	1	review (uncertain pick)	HP:0000618	Blindness	0.353535	0.161616	review (uncertain pick)	5560	0.000234
eye problems/disorders: macular degeneration	Self-reported condition or symptom	1	review (uncertain pick)	HP:0000608	Macular degeneration	0.434343	0.151515	review (uncertain pick)	6422	0.000270
eye problems/disorders: none of the above	Self-reported condition or symptom	1	review (uncertain abstention)	none_suitable		0.840000	0.720000	review (uncertain abstention)	6423	0.000270
eye problems/disorders: other serious eye condition	Self-reported condition or symptom	1	review (uncertain pick)	MONDO:0005328	eye disorder	0.840000	0.830000	review (uncertain pick)	5686	0.000239
facial ageing	Other measurement / questionnaire	1	review (uncertain abstention)	EFO:0005422	skin aging	0.474747	0.242424	review (uncertain pick)	6305	0.000265
falls in the last year	Other measurement / questionnaire	1	review (uncertain pick)	EFO:0009631	fall	0.656566	0.515152	review (uncertain pick)	6146	0.000258
family relationship satisfaction	Other measurement / questionnaire	1	no suitable term	none_suitable		0.630000	0.400000	review (uncertain abstention)	5482	0.000230
fasting time	Other measurement / questionnaire	1	review (uncertain pick)	none_suitable		0.545455	0.333333	review (uncertain abstention)	5219	0.000219
fat	Other measurement / questionnaire	1	review (uncertain abstention)	EFO:0010809	fat intake measurement	0.570000	0.140000	review (uncertain pick)	2767	0.000116
fat removed from meat	Other measurement / questionnaire	1	no suitable term	none_suitable		0.919192	0.868687	no suitable term	3903	0.000164
father still alive	Other measurement / questionnaire	1	review (uncertain abstention)	none_suitable		0.520000	0.220000	review (uncertain abstention)	3030	0.000127
father's age	Other measurement / questionnaire	1	no suitable term	EFO:0000246	age	0.360000	0.190000	review (uncertain pick)	5861	0.000246
feta intake	Diet and supplements	1	no suitable term	none_suitable		0.950000	0.930000	no suitable term	3481	0.000146
fi1 : numeric addition test	Other measurement / questionnaire	1	no suitable term	none_suitable		0.464646	0.222222	review (uncertain abstention)	4805	0.000202
filtered coffee intake	Diet and supplements	1	review (uncertain pick)	EFO:0006781	coffee consumption measurement	0.400000	0.100000	review (uncertain pick)	3777	0.000159
fish consumer	Diet and supplements	1	review (uncertain pick)	EFO:0010139	fish consumption measurement	0.860000	0.820000	auto-accepted	1892	0.000079
fizzy drink intake	Diet and supplements	1	no suitable term	EFO:0010097	sugar sweetened beverage consumption measurement	0.808081	0.707071	review (uncertain pick)	3579	0.000150
flavoured milk intake	Diet and supplements	1	no suitable term	EFO:0010090	sweet beverage consumption measurement	0.464646	0.313131	review (uncertain pick)	3530	0.000148
fluid intelligence score	Other measurement / questionnaire	1	review (uncertain pick)	EFO:0004337	intelligence	0.676768	0.484848	review (uncertain pick)	6234	0.000262
folate	Other measurement / questionnaire	1	review (uncertain pick)	EFO:0800000	folate intake measurement	0.970000	0.970000	auto-accepted	3324	0.000140
food weight	Other measurement / questionnaire	1	no suitable term	EFO:0008111	diet measurement	0.545455	0.474747	review (uncertain pick)	5279	0.000222
forced expiratory volume in 1-second (fev1), predicted	Other measurement / questionnaire	1	review (uncertain pick)	EFO:0004314	forced expiratory volume	0.949495	0.939394	auto-accepted	6851	0.000288
forced expiratory volume in 1-second (fev1), predicted percentage	Other measurement / questionnaire	1	review (uncertain pick)	EFO:0004314	forced expiratory volume	0.320000	0.010000	review (uncertain pick)	6350	0.000267
forced vital capacity (fvc)	Other measurement / questionnaire	1	review (uncertain abstention)	EFO:0004312	vital capacity	0.474747	0.333333	review (uncertain pick)	3271	0.000137
forced vital capacity (fvc), best measure	Other measurement / questionnaire	1	review (uncertain pick)	EFO:0004312	vital capacity	0.720000	0.630000	review (uncertain pick)	3881	0.000163
former alcohol drinker	Diet and supplements	1	no suitable term	none_suitable		0.750000	0.610000	review (uncertain abstention)	3956	0.000166
fortified wine intake	Diet and supplements	1	no suitable term	none_suitable		0.525253	0.313131	review (uncertain abstention)	3770	0.000158
fracture resulting from simple fall	Other measurement / questionnaire	1	review (uncertain abstention)	MONDO:0005315	bone fracture	0.440000	0.340000	review (uncertain pick)	6036	0.000254
fractured bone site(s): other bones	Self-reported condition or symptom	1	review (uncertain pick)	MONDO:0005315	bone fracture	0.590000	0.580000	review (uncertain pick)	6391	0.000268
fractured heel	Self-reported condition or symptom	1	review (uncertain pick)	EFO:0009618	foot fracture	0.860000	0.830000	auto-accepted	3091	0.000130
fractured heel (left)	Self-reported condition or symptom	1	review (uncertain pick)	EFO:0009618	foot fracture	0.484848	0.343434	review (uncertain pick)	6093	0.000256
fractured heel (right)	Self-reported condition or symptom	1	review (uncertain pick)	EFO:0009618	foot fracture	0.520000	0.480000	review (uncertain pick)	6202	0.000260
fractured/broken bones in last 5 years	Self-reported condition or symptom	1	review (uncertain pick)	MONDO:0005315	bone fracture	0.860000	0.840000	auto-accepted	6133	0.000258
frequency of depressed mood in last 2 weeks	Other measurement / questionnaire	1	review (uncertain pick)	EFO:0007006	depressive symptom measurement	0.565657	0.303030	review (uncertain pick)	5747	0.000241
frequency of friend/family visits	Other measurement / questionnaire	1	no suitable term	EFO:0009592	social interaction measurement	0.980000	0.980000	auto-accepted	5658	0.000238
frequency of heavy diy in last 4 weeks	Other measurement / questionnaire	1	no suitable term	none_suitable		0.870000	0.790000	no suitable term	5870	0.000247
frequency of light diy in last 4 weeks	Other measurement / questionnaire	1	review (uncertain abstention)	none_suitable		0.464646	0.141414	review (uncertain abstention)	5694	0.000239
frequency of other exercises in last 4 weeks	Other measurement / questionnaire	1	review (uncertain pick)	EFO:0008002	physical activity measurement	0.740000	0.700000	review (uncertain pick)	5663	0.000238
frequency of solarium/sunlamp use	Other measurement / questionnaire	1	no suitable term	none_suitable		0.464646	0.262626	review (uncertain abstention)	5856	0.000246
frequency of stair climbing in last 4 weeks	Other measurement / questionnaire	1	review (uncertain pick)	EFO:0008002	physical activity measurement	0.620000	0.600000	review (uncertain pick)	5799	0.000244
frequency of strenuous sports in last 4 weeks	Other measurement / questionnaire	1	review (uncertain pick)	EFO:0008002	physical activity measurement	0.797980	0.717172	review (uncertain pick)	5786	0.000243
frequency of tenseness / restlessness in last 2 weeks	Other measurement / questionnaire	1	review (uncertain pick)	EFO:0009596	feeling tense measurement	0.545455	0.464646	review (uncertain pick)	5719	0.000240
frequency of tiredness / lethargy in last 2 weeks	Other measurement / questionnaire	1	review (uncertain pick)	EFO:0007946	tiredness measurement	0.770000	0.590000	review (uncertain pick)	5771	0.000242
frequency of travelling from home to job workplace	Sociodemographic / environment	1	no suitable term	none_suitable		0.740000	0.570000	review (uncertain abstention)	6032	0.000253
frequency of unenthusiasm / disinterest in last 2 weeks	Other measurement / questionnaire	1	review (uncertain pick)	HP:0000741	Apathy	0.880000	0.850000	auto-accepted	5800	0.000244
frequency of walking for pleasure in last 4 weeks	Other measurement / questionnaire	1	review (uncertain pick)	EFO:0008002	physical activity measurement	0.666667	0.606061	review (uncertain pick)	5579	0.000234
fresh fruit intake	Diet and supplements	1	no suitable term	none_suitable		0.818182	0.707071	review (uncertain abstention)	3449	0.000145
fresh tomato intake	Diet and supplements	1	no suitable term	none_suitable		0.880000	0.820000	no suitable term	3355	0.000141
fried potatoes intake	Diet and supplements	1	no suitable term	none_suitable		0.939394	0.898990	no suitable term	4540	0.000191
fruit consumers	Diet and supplements	1	no suitable term	none_suitable		0.808081	0.707071	review (uncertain abstention)	1654	0.000069
fruit smoothie intake	Diet and supplements	1	no suitable term	none_suitable		0.808081	0.707071	review (uncertain abstention)	3525	0.000148
fruitcake intake	Diet and supplements	1	no suitable term	none_suitable		0.939394	0.898990	no suitable term	3409	0.000143
garlic bread intake	Diet and supplements	1	no suitable term	none_suitable		0.970000	0.950000	no suitable term	4132	0.000174
garlic intake	Diet and supplements	1	no suitable term	none_suitable		0.950000	0.900000	no suitable term	3999	0.000168
gas or solid-fuel cooking/heating: a gas fire that you use regularly in winter time	Diet and supplements	1	no suitable term	none_suitable		1.000000	1.000000	no suitable term	6373	0.000268
gas or solid-fuel cooking/heating: a gas hob or gas cooker	Diet and supplements	1	no suitable term	none_suitable		0.990000	0.980000	no suitable term	5975	0.000251
gas or solid-fuel cooking/heating: an open solid fuel fire that you use regularly in winter time	Diet and supplements	1	no suitable term	none_suitable		0.970000	0.960000	no suitable term	5903	0.000248
gas or solid-fuel cooking/heating: none of the above	Diet and supplements	1	no suitable term	none_suitable		1.000000	1.000000	no suitable term	6425	0.000270
goat's cheese intake	Diet and supplements	1	no suitable term	none_suitable		0.950000	0.910000	no suitable term	5861	0.000246
grape intake	Diet and supplements	1	no suitable term	none_suitable		0.990000	0.980000	no suitable term	3545	0.000149
grapefruit intake	Diet and supplements	1	review (uncertain pick)	EFO:0020897	citrus intake measurement	0.430000	0.020000	review (uncertain pick)	3581	0.000150
green bean intake	Diet and supplements	1	no suitable term	none_suitable		0.949495	0.898990	no suitable term	4039	0.000170
had major operations	Other measurement / questionnaire	1	review (uncertain pick)	EFO:0009802	number of operations, self-reported	0.750000	0.710000	review (uncertain pick)	5976	0.000251
had menopause	Other measurement / questionnaire	1	review (uncertain pick)	GO:0042697	menopause	0.640000	0.500000	review (uncertain pick)	2605	0.000109
had other major operations	Other measurement / questionnaire	1	review (uncertain pick)	EFO:0009802	number of operations, self-reported	0.646465	0.595960	review (uncertain pick)	5882	0.000247
ham intake	Diet and supplements	1	no suitable term	none_suitable		0.929293	0.878788	no suitable term	3916	0.000164
hands-free device/speakerphone use with mobile phone in last 3 month	Other measurement / questionnaire	1	no suitable term	none_suitable		1.000000	1.000000	no suitable term	6398	0.000269
happiness	Other measurement / questionnaire	1	review (uncertain abstention)	EFO:0007869	wellbeing measurement	0.700000	0.640000	review (uncertain pick)	2590	0.000109
hard cheese intake	Diet and supplements	1	no suitable term	none_suitable		0.960000	0.940000	no suitable term	4126	0.000173
headaches for 3+ months	Other measurement / questionnaire	1	review (uncertain pick)	HP:0002315	Headache	0.575758	0.343434	review (uncertain pick)	5757	0.000242
hearing aid user	Other measurement / questionnaire	1	review (uncertain pick)	none_suitable		0.520000	0.060000	review (uncertain abstention)	5576	0.000234
hearing difficulty/problems with background noise	Self-reported condition or symptom	1	review (uncertain abstention)	none_suitable		0.505051	0.212121	review (uncertain abstention)	5695	0.000239
heating type(s) in home: electric storage heaters	Sociodemographic / environment	1	no suitable term	none_suitable		1.000000	1.000000	no suitable term	6558	0.000275
heating type(s) in home: gas central heating	Sociodemographic / environment	1	no suitable term	none_suitable		1.000000	1.000000	no suitable term	6399	0.000269
heating type(s) in home: none of the above	Sociodemographic / environment	1	no suitable term	none_suitable		1.000000	1.000000	no suitable term	6424	0.000270
heating type(s) in home: oil (kerosene) central heating	Sociodemographic / environment	1	no suitable term	none_suitable		1.000000	1.000000	no suitable term	6384	0.000268
heel bone mineral density (bmd) t-score, automated (right)	Other measurement / questionnaire	1	review (uncertain pick)	EFO:0009270	heel bone mineral density	0.686869	0.595960	review (uncertain pick)	5864	0.000246
heel bone ultrasound t-score, manual entry	Other measurement / questionnaire	1	review (uncertain pick)	EFO:0004514	bone quantitative ultrasound measurement	0.434343	0.212121	review (uncertain pick)	5864	0.000246
heel broadband ultrasound attenuation (left)	Other measurement / questionnaire	1	review (uncertain pick)	EFO:0004514	bone quantitative ultrasound measurement	0.530000	0.430000	review (uncertain pick)	6122	0.000257
heel broadband ultrasound attenuation (right)	Other measurement / questionnaire	1	review (uncertain pick)	EFO:0004514	bone quantitative ultrasound measurement	0.565657	0.474747	review (uncertain pick)	6121	0.000257
heel broadband ultrasound attenuation, direct entry	Other measurement / questionnaire	1	review (uncertain pick)	EFO:0004514	bone quantitative ultrasound measurement	0.676768	0.555556	review (uncertain pick)	3469	0.000146
heel quantitative ultrasound index (qui), direct entry	Other measurement / questionnaire	1	review (uncertain pick)	EFO:0004514	bone quantitative ultrasound measurement	0.770000	0.650000	review (uncertain pick)	6195	0.000260
heel quantitative ultrasound index (qui), direct entry (left)	Other measurement / questionnaire	1	review (uncertain abstention)	EFO:0004514	bone quantitative ultrasound measurement	0.797980	0.737374	review (uncertain pick)	6565	0.000276
heel quantitative ultrasound index (qui), direct entry (right)	Other measurement / questionnaire	1	review (uncertain pick)	EFO:0004514	bone quantitative ultrasound measurement	0.740000	0.700000	review (uncertain pick)	6516	0.000274
herbal tea intake	Diet and supplements	1	review (uncertain pick)	EFO:0010091	tea consumption measurement	0.700000	0.630000	review (uncertain pick)	3751	0.000158
home location at assessment - east co-ordinate (rounded)	Other measurement / questionnaire	1	review (uncertain abstention)	none_suitable		0.510000	0.110000	review (uncertain abstention)	5503	0.000231
home location at assessment - north co-ordinate (rounded)	Other measurement / questionnaire	1	review (uncertain abstention)	OBI:0001620	latitude coordinate measurement datum	0.545455	0.383838	review (uncertain pick)	5498	0.000231
homemade soup intake	Diet and supplements	1	no suitable term	none_suitable		0.939394	0.888889	no suitable term	3138	0.000132
hot chocolate intake	Diet and supplements	1	no suitable term	none_suitable		0.545455	0.393939	review (uncertain abstention)	3812	0.000160
hot drink temperature	Other measurement / questionnaire	1	review (uncertain abstention)	none_suitable		0.480000	0.130000	review (uncertain abstention)	2777	0.000117
how are people in household related to participant: brother and/or sister	Sociodemographic / environment	1	review (uncertain abstention)	none_suitable		0.960000	0.940000	no suitable term	6445	0.000271
how are people in household related to participant: grandchild	Sociodemographic / environment	1	review (uncertain abstention)					no candidate	0	0
how are people in household related to participant: husband, wife or partner	Sociodemographic / environment	1	review (uncertain abstention)	none_suitable		0.990000	0.980000	no suitable term	5813	0.000244
how are people in household related to participant: mother and/or father	Sociodemographic / environment	1	review (uncertain pick)	none_suitable		0.980000	0.960000	no suitable term	6451	0.000271
how are people in household related to participant: other related	Sociodemographic / environment	1	review (uncertain abstention)	none_suitable		1.000000	1.000000	no suitable term	6287	0.000264
how are people in household related to participant: other unrelated	Sociodemographic / environment	1	no suitable term	none_suitable		1.000000	1.000000	no suitable term	5917	0.000249
how are people in household related to participant: son and/or daughter (include step-children)	Sociodemographic / environment	1	review (uncertain abstention)	none_suitable		1.000000	1.000000	no suitable term	6540	0.000275
ice-cream intake	Diet and supplements	1	no suitable term	none_suitable		0.870000	0.790000	no suitable term	3641	0.000153
illness, injury, bereavement, stress in last 2 years: death of a close relative	Other measurement / questionnaire	1	no suitable term	none_suitable		0.730000	0.460000	review (uncertain abstention)	6251	0.000263
illness, injury, bereavement, stress in last 2 years: death of a spouse or partner	Other measurement / questionnaire	1	no suitable term	none_suitable		1.000000	1.000000	no suitable term	5125	0.000215
illness, injury, bereavement, stress in last 2 years: marital separation/divorce	Other measurement / questionnaire	1	review (uncertain pick)	none_suitable		1.000000	1.000000	no suitable term	863	0.000036
illness, injury, bereavement, stress in last 2 years: none of the above	Other measurement / questionnaire	1	review (uncertain pick)	none_suitable		1.000000	1.000000	no suitable term	6432	0.000270
illness, injury, bereavement, stress in last 2 years: serious illness, injury or assault to yourself	Other measurement / questionnaire	1	no suitable term	none_suitable		0.970000	0.940000	no suitable term	6742	0.000283
illnesses of father: bowel cancer	Family history	1	review (uncertain pick)	MONDO:0023113	familial colorectal cancer	0.333333	0.121212	review (uncertain pick)	6202	0.000260
illnesses of father: chronic bronchitis/emphysema	Family history	1	review (uncertain abstention)	EFO:0009910	chronic lung disease	0.320000	0.010000	review (uncertain pick)	6193	0.000260
illnesses of father: none of the above (group 1)	Family history	1	no suitable term	none_suitable		1.000000	1.000000	no suitable term	6543	0.000275
illnesses of father: none of the above (group 2)	Family history	1	no suitable term	none_suitable		1.000000	1.000000	no suitable term	6584	0.000277
illnesses of father: parkinson's disease	Family history	1	review (uncertain pick)	MONDO:0005180	Parkinson disease	0.390000	0.190000	review (uncertain pick)	6402	0.000269
illnesses of father: severe depression	Family history	1	review (uncertain pick)	none_suitable		0.535354	0.181818	review (uncertain abstention)	6595	0.000277
illnesses of father: stroke	Family history	1	review (uncertain pick)	MONDO:0005098	stroke disorder	0.545455	0.434343	review (uncertain pick)	1943	0.000082
illnesses of mother: bowel cancer	Family history	1	review (uncertain pick)	MONDO:0005575	colorectal cancer	0.430000	0.220000	review (uncertain pick)	6202	0.000260
illnesses of mother: chronic bronchitis/emphysema	Family history	1	review (uncertain abstention)	MONDO:0005607	chronic bronchitis	0.360000	0.050000	review (uncertain pick)	6193	0.000260
illnesses of mother: diabetes	Family history	1	review (uncertain pick)	EFO:0900004	family history of diabetes	0.686869	0.414141	review (uncertain pick)	6851	0.000288
illnesses of mother: high blood pressure	Family history	1	review (uncertain pick)	EFO:0900006	family history of high blood pressure	0.939394	0.898990	auto-accepted	5181	0.000218
illnesses of mother: none of the above (group 1)	Family history	1	no suitable term	none_suitable		1.000000	1.000000	no suitable term	6543	0.000275
illnesses of mother: none of the above (group 2)	Family history	1	no suitable term	none_suitable		1.000000	1.000000	no suitable term	6584	0.000277
illnesses of mother: parkinson's disease	Family history	1	review (uncertain pick)	MONDO:0005180	Parkinson disease	0.525253	0.343434	review (uncertain pick)	6402	0.000269
illnesses of mother: severe depression	Family history	1	review (uncertain pick)	MONDO:0002050	depressive disorder	0.515152	0.383838	review (uncertain pick)	6595	0.000277
illnesses of mother: stroke	Family history	1	review (uncertain pick)	MONDO:0005098	stroke disorder	0.630000	0.500000	review (uncertain pick)	1943	0.000082
illnesses of siblings: bowel cancer	Family history	1	review (uncertain pick)	MONDO:0023113	familial colorectal cancer	0.575758	0.383838	review (uncertain pick)	6202	0.000260
illnesses of siblings: chronic bronchitis/emphysema	Family history	1	review (uncertain abstention)	none_suitable		0.404040	0.090909	review (uncertain abstention)	6193	0.000260
illnesses of siblings: none of the above (group 1)	Family history	1	review (uncertain abstention)	none_suitable		1.000000	1.000000	no suitable term	6543	0.000275
illnesses of siblings: none of the above (group 2)	Family history	1	review (uncertain abstention)	none_suitable		1.000000	1.000000	no suitable term	6584	0.000277
illnesses of siblings: parkinson's disease	Family history	1	review (uncertain pick)	MONDO:0005180	Parkinson disease	0.393939	0.161616	review (uncertain pick)	6402	0.000269
illnesses of siblings: severe depression	Family history	1	review (uncertain abstention)	none_suitable		0.636364	0.353535	review (uncertain abstention)	6595	0.000277
illnesses of siblings: stroke	Family history	1	review (uncertain abstention)	MONDO:0005098	stroke disorder	0.510000	0.420000	review (uncertain pick)	1943	0.000082
impedance of arm (left)	Other measurement / questionnaire	1	no suitable term	none_suitable		0.910000	0.840000	no suitable term	6132	0.000258
impedance of arm (right)	Other measurement / questionnaire	1	no suitable term	none_suitable		0.939394	0.898990	no suitable term	6215	0.000261
impedance of leg (left)	Other measurement / questionnaire	1	no suitable term	none_suitable		0.929293	0.909091	no suitable term	5621	0.000236
impedance of leg (right)	Other measurement / questionnaire	1	no suitable term	none_suitable		0.868687	0.838384	no suitable term	5663	0.000238
impedance of whole body	Other measurement / questionnaire	1	no suitable term	none_suitable		0.890000	0.830000	no suitable term	5691	0.000239
index of best refractometry result (left)	Other measurement / questionnaire	1	review (uncertain pick)	EFO:0007814	refractive error measurement	0.490000	0.470000	review (uncertain pick)	5886	0.000247
index of best refractometry result (right)	Other measurement / questionnaire	1	review (uncertain pick)	EFO:0007814	refractive error measurement	0.545455	0.515152	review (uncertain pick)	6003	0.000252
indian snacks intake	Diet and supplements	1	no suitable term	none_suitable		0.818182	0.717172	review (uncertain abstention)	4785	0.000201
ingredients in canned soup: vegetables	Other measurement / questionnaire	1	no suitable term					no candidate	0	0
ingredients in homemade soup: vegetables	Other measurement / questionnaire	1	no suitable term					no candidate	0	0
instant coffee intake	Diet and supplements	1	review (uncertain pick)	EFO:0004330	coffee consumption	0.464646	0.121212	review (uncertain pick)	3950	0.000166
intake of artificial sweetener added to cereal	Diet and supplements	1	no suitable term	none_suitable		0.650000	0.400000	review (uncertain abstention)	6040	0.000254
intake of artificial sweetener added to coffee	Diet and supplements	1	review (uncertain abstention)	EFO:0010096	artificially sweetened beverage consumption measurement	0.575758	0.545455	review (uncertain pick)	6083	0.000255
intake of artificial sweetener added to tea	Diet and supplements	1	review (uncertain pick)	EFO:0010096	artificially sweetened beverage consumption measurement	0.580000	0.540000	review (uncertain pick)	6026	0.000253
intake of sugar added to cereal	Diet and supplements	1	review (uncertain pick)	EFO:0010158	sugar consumption measurement	0.950000	0.940000	auto-accepted	6264	0.000263
intake of sugar added to coffee	Diet and supplements	1	review (uncertain pick)	EFO:0010158	sugar consumption measurement	0.740000	0.680000	review (uncertain pick)	6120	0.000257
intake of sugar added to tea	Diet and supplements	1	review (uncertain pick)	EFO:0010158	sugar consumption measurement	0.760000	0.680000	review (uncertain pick)	6202	0.000260
intended management of patient (recoded): no overnight hospital stay	Other measurement / questionnaire	1	no suitable term	none_suitable		0.990000	0.980000	no suitable term	2185	0.000092
intended management of patient (recoded): planned series of admissions with no overnight stay	Other measurement / questionnaire	1	review (uncertain abstention)	none_suitable		0.840000	0.720000	review (uncertain abstention)	6554	0.000275
interpolated age of participant when cancer first diagnosed	Other measurement / questionnaire	1	review (uncertain pick)	EFO:0004918	age at diagnosis	0.640000	0.290000	review (uncertain pick)	5829	0.000245
interpolated age of participant when non-cancer illness first diagnosed	Other measurement / questionnaire	1	review (uncertain pick)	EFO:0004918	age at diagnosis	0.700000	0.620000	review (uncertain pick)	5764	0.000242
interpolated year when cancer first diagnosed	Other measurement / questionnaire	1	review (uncertain abstention)	none_suitable		0.490000	0.240000	review (uncertain abstention)	6455	0.000271
interpolated year when non-cancer illness first diagnosed	Other measurement / questionnaire	1	review (uncertain abstention)	EFO:0004953	date of diagnosis	0.700000	0.670000	review (uncertain pick)	6340	0.000266
interpolated year when operation took place	Other measurement / questionnaire	1	review (uncertain abstention)	none_suitable		0.818182	0.727273	review (uncertain abstention)	2945	0.000124
interval between previous point and current one in alphanumeric path (trail #2)	Other measurement / questionnaire	1	review (uncertain pick)	none_suitable		0.480000	0.050000	review (uncertain abstention)	6866	0.000288
interval between previous point and current one in numeric path (trail #1)	Other measurement / questionnaire	1	review (uncertain pick)	EFO:0000433	duration	0.474747	0.424242	review (uncertain pick)	6561	0.000276
intra-ocular pressure, corneal-compensated (left)	Other measurement / questionnaire	1	review (uncertain pick)	EFO:0004695	intraocular pressure measurement	0.630000	0.600000	review (uncertain pick)	5955	0.000250
intra-ocular pressure, corneal-compensated (right)	Other measurement / questionnaire	1	review (uncertain pick)	EFO:0004695	intraocular pressure measurement	0.590000	0.560000	review (uncertain pick)	5983	0.000251
inverse distance to the nearest road	Other measurement / questionnaire	1	no suitable term	none_suitable		1.000000	1.000000	no suitable term	6871	0.000289
invitation to complete online 24-hour recall dietary questionnaire, acceptance	Diet and supplements	1	no suitable term	none_suitable		0.949495	0.919192	no suitable term	6476	0.000272
invitation to physical activity study, acceptance	Physical activity / lifestyle	1	no suitable term	EFO:0010130	health study participation	0.800000	0.800000	review (uncertain pick)	6620	0.000278
iron	Other measurement / questionnaire	1	review (uncertain pick)	EFO:0008355	dietary heme iron intake measurement	0.810000	0.810000	review (uncertain pick)	5698	0.000239
irritability	Other measurement / questionnaire	1	review (uncertain pick)	HP:0000737	Irritability	0.676768	0.404040	review (uncertain pick)	2752	0.000116
job involve night shift work	Sociodemographic / environment	1	no suitable term	none_suitable		0.950000	0.920000	no suitable term	4236	0.000178
job involves heavy manual or physical work	Sociodemographic / environment	1	review (uncertain abstention)	none_suitable		0.808081	0.696970	review (uncertain abstention)	5578	0.000234
job involves mainly walking or standing	Sociodemographic / environment	1	no suitable term	none_suitable		0.950000	0.920000	no suitable term	5686	0.000239
job involves shift work	Sociodemographic / environment	1	no suitable term	none_suitable		0.860000	0.730000	no suitable term	3027	0.000127
knee pain for 3+ months	Self-reported condition or symptom	1	review (uncertain pick)	HP:0030839	Knee pain	0.870000	0.790000	auto-accepted	5788	0.000243
lamb intake	Diet and supplements	1	no suitable term	none_suitable		0.949495	0.929293	no suitable term	3230	0.000136
lamb/mutton intake	Diet and supplements	1	no suitable term	none_suitable		0.890000	0.840000	no suitable term	2951	0.000124
latte intake	Diet and supplements	1	review (uncertain abstention)	none_suitable		0.535354	0.313131	review (uncertain abstention)	3688	0.000155
leek intake	Diet and supplements	1	no suitable term	none_suitable		0.980000	0.960000	no suitable term	3698	0.000155
leg fat mass (left)	Other measurement / questionnaire	1	review (uncertain abstention)	OBA:VT0010482	body fat mass	0.370000	0.230000	review (uncertain pick)	6330	0.000266
leg fat mass (right)	Other measurement / questionnaire	1	review (uncertain abstention)	none_suitable		0.464646	0.101010	review (uncertain abstention)	6050	0.000254
leg fat percentage (left)	Other measurement / questionnaire	1	no suitable term	none_suitable		0.700000	0.500000	review (uncertain abstention)	6105	0.000256
leg fat percentage (right)	Other measurement / questionnaire	1	no suitable term	none_suitable		0.636364	0.404040	review (uncertain abstention)	6102	0.000256
leg fat-free mass (left)	Other measurement / questionnaire	1	no suitable term	none_suitable		0.585859	0.404040	review (uncertain abstention)	6183	0.000260
leg fat-free mass (right)	Other measurement / questionnaire	1	review (uncertain abstention)	none_suitable		0.404040	0.090909	review (uncertain abstention)	6087	0.000256
leg pain in calf/calves	Self-reported condition or symptom	1	review (uncertain pick)	HP:0012514	Lower limb pain	0.686869	0.545455	review (uncertain pick)	5798	0.000244
leg pain on walking	Self-reported condition or symptom	1	review (uncertain abstention)	MONDO:0005295	intermittent vascular claudication	0.828283	0.767677	review (uncertain pick)	5900	0.000248
leg pain on walking : action taken	Self-reported condition or symptom	1	review (uncertain abstention)	none_suitable		0.960000	0.920000	no suitable term	912	0.000038
leg pain on walking : effect of standing still	Self-reported condition or symptom	1	review (uncertain abstention)	none_suitable		0.980000	0.970000	no suitable term	5385	0.000226
leg pain when standing still or sitting	Self-reported condition or symptom	1	review (uncertain pick)	HP:0012514	Lower limb pain	0.404040	0.171717	review (uncertain pick)	5751	0.000242
leg pain when walking ever disappears while walking	Self-reported condition or symptom	1	review (uncertain abstention)	MONDO:0005295	intermittent vascular claudication	0.850000	0.830000	auto-accepted	5893	0.000248
leg pain when walking normally	Self-reported condition or symptom	1	review (uncertain abstention)	MONDO:0005295	intermittent vascular claudication	0.790000	0.720000	review (uncertain pick)	5922	0.000249
leg pain when walking uphill or hurrying	Self-reported condition or symptom	1	review (uncertain abstention)	MONDO:0005295	intermittent vascular claudication	0.950000	0.930000	auto-accepted	5831	0.000245
leg predicted mass (left)	Other measurement / questionnaire	1	review (uncertain abstention)	none_suitable		0.830000	0.740000	review (uncertain abstention)	6117	0.000257
leg predicted mass (right)	Other measurement / questionnaire	1	review (uncertain abstention)	none_suitable		0.929293	0.898990	no suitable term	5937	0.000249
leisure/social activities: adult education class	Sociodemographic / environment	1	no suitable term	none_suitable		0.830000	0.710000	review (uncertain abstention)	6130	0.000257
leisure/social activities: none of the above	Sociodemographic / environment	1	no suitable term	none_suitable		1.000000	1.000000	no suitable term	6421	0.000270
leisure/social activities: other group activity	Sociodemographic / environment	1	review (uncertain pick)	none_suitable		0.860000	0.780000	no suitable term	6489	0.000273
leisure/social activities: pub or social club	Sociodemographic / environment	1	review (uncertain pick)	EFO:0009592	social interaction measurement	0.656566	0.585859	review (uncertain pick)	5791	0.000243
leisure/social activities: religious group	Sociodemographic / environment	1	review (uncertain abstention)	none_suitable		0.670000	0.360000	review (uncertain abstention)	6909	0.000290
leisure/social activities: sports club or gym	Sociodemographic / environment	1	review (uncertain abstention)	none_suitable		0.949495	0.898990	no suitable term	5808	0.000244
length of longest manic/irritable episode	Other measurement / questionnaire	1	review (uncertain pick)	EFO:0007705	manic episode measurement	0.850000	0.790000	auto-accepted	5987	0.000251
length of menstrual cycle	Other measurement / questionnaire	1	review (uncertain pick)	OBA:2045215	menstrual cycle attribute	0.560000	0.420000	review (uncertain pick)	5834	0.000245
length of mobile phone use	Other measurement / questionnaire	1	no suitable term	none_suitable		0.880000	0.790000	no suitable term	5525	0.000232
length of time at current address	Other measurement / questionnaire	1	review (uncertain abstention)	none_suitable		0.610000	0.420000	review (uncertain abstention)	5458	0.000229
length of working week for main job	Sociodemographic / environment	1	no suitable term	none_suitable		0.880000	0.820000	no suitable term	6033	0.000253
lettuce intake	Diet and supplements	1	no suitable term	none_suitable		0.990000	0.980000	no suitable term	4057	0.000170
lifetime number of same-sex sexual partners	Other measurement / questionnaire	1	no suitable term	none_suitable		0.818182	0.757576	review (uncertain abstention)	6007	0.000252
lifetime number of sexual partners	Other measurement / questionnaire	1	no suitable term	none_suitable		0.710000	0.660000	review (uncertain abstention)	5936	0.000249
light smokers, at least 100 smokes in lifetime	Other measurement / questionnaire	1	review (uncertain abstention)	none_suitable		0.262626	0.040404	review (uncertain abstention)	6187	0.000260
likelihood of resuming smoking	Other measurement / questionnaire	1	no suitable term	none_suitable		0.646465	0.535354	review (uncertain abstention)	5629	0.000236
liquid used to make porridge: porridge with milk	Diet and supplements	1	no suitable term	none_suitable		0.970000	0.950000	no suitable term	5931	0.000249
liquid used to make porridge: porridge with water	Other measurement / questionnaire	1	no suitable term	none_suitable		1.000000	1.000000	no suitable term	5993	0.000252
liver intake	Diet and supplements	1	no suitable term	none_suitable		0.818182	0.757576	review (uncertain abstention)	5815	0.000244
lobster/crab intake	Diet and supplements	1	review (uncertain abstention)	none_suitable		0.590000	0.200000	review (uncertain abstention)	3477	0.000146
logmar, final (left)	Other measurement / questionnaire	1	no suitable term	none_suitable		0.828283	0.767677	review (uncertain abstention)	5657	0.000238
logmar, final (right)	Other measurement / questionnaire	1	no suitable term	none_suitable		0.818182	0.767677	review (uncertain abstention)	6168	0.000259
long-standing illness, disability or infirmity	Other measurement / questionnaire	1	review (uncertain abstention)	EFO:0009714	chronic disease	0.464646	0.424242	review (uncertain pick)	5738	0.000241
longest period of depression	Other measurement / questionnaire	1	review (uncertain abstention)	EFO:0007704	depressive episode measurement	0.580000	0.430000	review (uncertain pick)	5781	0.000243
longest period of unenthusiasm / disinterest	Other measurement / questionnaire	1	review (uncertain pick)	HP:0000741	Apathy	0.630000	0.610000	review (uncertain pick)	6056	0.000254
loud music exposure frequency	Other measurement / questionnaire	1	review (uncertain pick)	EFO:0600015	noise exposure measurement	0.870000	0.860000	auto-accepted	5586	0.000235
low calorie drink intake	Diet and supplements	1	review (uncertain pick)	EFO:0010088	beverage consumption measurement	0.373737	0.030303	review (uncertain pick)	5583	0.000234
low calorie hot chocolate intake	Diet and supplements	1	review (uncertain abstention)	none_suitable		0.656566	0.565657	review (uncertain abstention)	5582	0.000234
low fat hard cheese intake	Diet and supplements	1	no suitable term	none_suitable		0.850000	0.770000	no suitable term	5568	0.000234
magnesium	Other measurement / questionnaire	1	review (uncertain pick)	none_suitable		0.840000	0.720000	review (uncertain abstention)	2765	0.000116
main speciality of consultant (recoded): accident and emergency (a&e)	Hospital administrative field	1	no suitable term	none_suitable		1.000000	1.000000	no suitable term	6293	0.000264
main speciality of consultant (recoded): adult mental illness	Hospital administrative field	1	review (uncertain abstention)	none_suitable		0.660000	0.360000	review (uncertain abstention)	6034	0.000253
main speciality of consultant (recoded): anaesthetics	Hospital administrative field	1	no suitable term					no candidate	0	0
main speciality of consultant (recoded): cardiology	Hospital administrative field	1	no suitable term					no candidate	0	0
main speciality of consultant (recoded): cardiothoracic surgery	Hospital administrative field	1	no suitable term	none_suitable		0.990000	0.980000	no suitable term	840	0.000035
main speciality of consultant (recoded): clinical haematology	Hospital administrative field	1	no suitable term	none_suitable		1.000000	1.000000	no suitable term	1498	0.000063
main speciality of consultant (recoded): clinical oncology/ radiotherapy	Hospital administrative field	1	no suitable term	none_suitable		0.990000	0.980000	no suitable term	1595	0.000067
main speciality of consultant (recoded): dermatology	Hospital administrative field	1	no suitable term					no candidate	0	0
main speciality of consultant (recoded): ear, nose and throat (ent)	Hospital administrative field	1	no suitable term	none_suitable		0.900000	0.810000	no suitable term	6023	0.000253
main speciality of consultant (recoded): endocrinology	Hospital administrative field	1	no suitable term					no candidate	0	0
main speciality of consultant (recoded): gastroenterology	Hospital administrative field	1	no suitable term					no candidate	0	0
main speciality of consultant (recoded): general medicine	Hospital administrative field	1	no suitable term	none_suitable		0.990000	0.980000	no suitable term	2600	0.000109
main speciality of consultant (recoded): general surgery	Hospital administrative field	1	no suitable term	none_suitable		0.950000	0.900000	no suitable term	2716	0.000114
main speciality of consultant (recoded): geriatric medicine	Hospital administrative field	1	no suitable term	none_suitable		1.000000	1.000000	no suitable term	723	0.000030
main speciality of consultant (recoded): gynaecology	Hospital administrative field	1	no suitable term					no candidate	0	0
main speciality of consultant (recoded): infectious diseases	Hospital administrative field	1	no suitable term	none_suitable		0.900000	0.800000	no suitable term	6077	0.000255
main speciality of consultant (recoded): medical oncology	Hospital administrative field	1	no suitable term	none_suitable		1.000000	1.000000	no suitable term	720	0.000030
main speciality of consultant (recoded): midwifery	Hospital administrative field	1	no suitable term					no candidate	0	0
main speciality of consultant (recoded): nephrology	Hospital administrative field	1	no suitable term					no candidate	0	0
main speciality of consultant (recoded): neurology	Hospital administrative field	1	no suitable term					no candidate	0	0
main speciality of consultant (recoded): neurosurgery	Hospital administrative field	1	no suitable term					no candidate	0	0
main speciality of consultant (recoded): obstetrics	Hospital administrative field	1	no suitable term					no candidate	0	0
main speciality of consultant (recoded): ophthalmology	Hospital administrative field	1	no suitable term					no candidate	0	0
main speciality of consultant (recoded): oral and maxillo facial surgery	Hospital administrative field	1	no suitable term	none_suitable		1.000000	1.000000	no suitable term	6512	0.000274
main speciality of consultant (recoded): oral surgery	Hospital administrative field	1	no suitable term	none_suitable		0.980000	0.960000	no suitable term	6711	0.000282
main speciality of consultant (recoded): plastic surgery	Hospital administrative field	1	no suitable term	none_suitable		1.000000	1.000000	no suitable term	837	0.000035
main speciality of consultant (recoded): radiology	Hospital administrative field	1	no suitable term					no candidate	0	0
main speciality of consultant (recoded): respiratory medicine	Hospital administrative field	1	no suitable term	none_suitable		0.990000	0.980000	no suitable term	6224	0.000261
main speciality of consultant (recoded): rheumatology	Hospital administrative field	1	no suitable term	none_suitable		1.000000	1.000000	no suitable term	454	0.000019
main speciality of consultant (recoded): trauma and orthopaedics	Hospital administrative field	1	no suitable term	none_suitable		1.000000	1.000000	no suitable term	5733	0.000241
main speciality of consultant (recoded): urology	Hospital administrative field	1	no suitable term					no candidate	0	0
mango intake	Diet and supplements	1	no suitable term	none_suitable		0.970000	0.950000	no suitable term	4321	0.000181
manic/hyper symptoms: all of the above	Other measurement / questionnaire	1	review (uncertain pick)	none_suitable		0.960000	0.950000	no suitable term	6410	0.000269
manic/hyper symptoms: i needed less sleep than usual	Other measurement / questionnaire	1	review (uncertain pick)	EFO:0004807	short sleep	0.360000	0.200000	review (uncertain pick)	6535	0.000274
manic/hyper symptoms: i was more active than usual	Other measurement / questionnaire	1	review (uncertain pick)	HP:0000752	Hyperactivity	0.818182	0.797980	review (uncertain pick)	6806	0.000286
manic/hyper symptoms: i was more creative or had more ideas than usual	Other measurement / questionnaire	1	review (uncertain abstention)	EFO:0007706	manic or hypomanic episode	0.650000	0.620000	review (uncertain pick)	6061	0.000255
manic/hyper symptoms: i was more talkative than usual	Other measurement / questionnaire	1	review (uncertain abstention)	none_suitable		0.666667	0.474747	review (uncertain abstention)	6925	0.000291
manic/hyper symptoms: none of the above	Other measurement / questionnaire	1	review (uncertain pick)	none_suitable		0.980000	0.970000	no suitable term	6422	0.000270
mashed potato intake	Diet and supplements	1	no suitable term	none_suitable		0.960000	0.940000	no suitable term	4043	0.000170
maternal smoking around birth	Other measurement / questionnaire	1	review (uncertain pick)	EFO:0009115	tobacco smoke exposure measurement	0.380000	0.170000	review (uncertain pick)	6238	0.000262
maximum heart rate during fitness test	Other measurement / questionnaire	1	review (uncertain pick)	EFO:0009184	heart rate response to exercise	0.797980	0.717172	review (uncertain pick)	6216	0.000261
maximum workload during fitness test	Other measurement / questionnaire	1	review (uncertain pick)	none_suitable		0.676768	0.575758	review (uncertain abstention)	6027	0.000253
mean signal-to-noise ratio (snr), (left)	Other measurement / questionnaire	1	no suitable term	none_suitable		0.939394	0.898990	no suitable term	6657	0.000280
mean signal-to-noise ratio (snr), (right)	Other measurement / questionnaire	1	no suitable term	none_suitable		0.630000	0.330000	review (uncertain abstention)	6686	0.000281
mean time to correctly identify matches	Other measurement / questionnaire	1	review (uncertain pick)	EFO:0008393	reaction time measurement	0.980000	0.980000	auto-accepted	6660	0.000280
meat consumers	Diet and supplements	1	review (uncertain abstention)	none_suitable		0.340000	0.020000	review (uncertain abstention)	2242	0.000094
medication for cholesterol, blood pressure or diabetes: cholesterol lowering medication	Medication	1	review (uncertain pick)	EFO:0803367	antihyperlipidemic drug use measurement	0.828283	0.727273	review (uncertain pick)	5721	0.000240
medication for cholesterol, blood pressure or diabetes: insulin	Medication	1	review (uncertain pick)	EFO:0600082	insulin use measurement	0.660000	0.650000	review (uncertain pick)	6461	0.000271
medication for cholesterol, blood pressure or diabetes: none of the above	Medication	1	review (uncertain abstention)	none_suitable		1.000000	1.000000	no suitable term	6427	0.000270
medication for cholesterol, blood pressure, diabetes, or take exogenous hormones: blood pressure medication	Medication	1	review (uncertain pick)	none_suitable		0.757576	0.656566	review (uncertain abstention)	5198	0.000218
medication for cholesterol, blood pressure, diabetes, or take exogenous hormones: cholesterol lowering medication	Medication	1	review (uncertain pick)	EFO:0803367	antihyperlipidemic drug use measurement	0.920000	0.890000	auto-accepted	5728	0.000241
medication for cholesterol, blood pressure, diabetes, or take exogenous hormones: insulin	Medication	1	review (uncertain abstention)	none_suitable		0.510000	0.040000	review (uncertain abstention)	6468	0.000272
medication for cholesterol, blood pressure, diabetes, or take exogenous hormones: none of the above	Medication	1	no suitable term	none_suitable		1.000000	1.000000	no suitable term	6434	0.000270
medication for cholesterol, blood pressure, diabetes, or take exogenous hormones: oral contraceptive pill or minipill	Medication	1	no suitable term	EFO:0009520	contraception	0.500000	0.470000	review (uncertain pick)	5872	0.000247
medication for pain relief, constipation, heartburn: aspirin	Medication	1	review (uncertain pick)	EFO:0007013	aspirin use measurement	0.700000	0.700000	review (uncertain pick)	764	0.000032
medication for pain relief, constipation, heartburn: ibuprofen (e.g. nurofen)	Medication	1	review (uncertain abstention)	none_suitable		0.696970	0.414141	review (uncertain abstention)	5549	0.000233
medication for pain relief, constipation, heartburn: laxatives (e.g. dulcolax, senokot)	Medication	1	no suitable term	none_suitable		0.949495	0.909091	no suitable term	5575	0.000234
medication for pain relief, constipation, heartburn: none of the above	Medication	1	no suitable term	none_suitable		1.000000	1.000000	no suitable term	6431	0.000270
medication for pain relief, constipation, heartburn: omeprazole (e.g. zanprol)	Medication	1	review (uncertain pick)	none_suitable		0.960000	0.920000	no suitable term	5574	0.000234
medication for pain relief, constipation, heartburn: paracetamol	Medication	1	review (uncertain abstention)	none_suitable		0.900000	0.800000	no suitable term	469	0.000020
medication for pain relief, constipation, heartburn: ranitidine (e.g. zantac)	Medication	1	review (uncertain pick)	none_suitable		0.970000	0.940000	no suitable term	5499	0.000231
melon intake	Diet and supplements	1	no suitable term	none_suitable		0.980000	0.970000	no suitable term	3769	0.000158
menstruating today	Other measurement / questionnaire	1	review (uncertain abstention)	none_suitable		0.850000	0.750000	no suitable term	1938	0.000081
methods of admission to hospital (recoded): elective admission	Hospital administrative field	1	review (uncertain pick)					no candidate	0	0
methods of admission to hospital (recoded): elective admission: booked	Hospital administrative field	1	review (uncertain abstention)					no candidate	0	0
methods of admission to hospital (recoded): elective admission: planned	Hospital administrative field	1	review (uncertain abstention)	none_suitable		0.900000	0.800000	no suitable term	437	0.000018
methods of admission to hospital (recoded): elective admission: waiting list	Hospital administrative field	1	review (uncertain abstention)	none_suitable		1.000000	1.000000	no suitable term	515	0.000022
methods of admission to hospital (recoded): emergency admission	Hospital administrative field	1	review (uncertain pick)	none_suitable		1.000000	1.000000	no suitable term	438	0.000018
methods of admission to hospital (recoded): emergency admission: a&e	Hospital administrative field	1	review (uncertain pick)	none_suitable		0.990000	0.980000	no suitable term	6168	0.000259
methods of admission to hospital (recoded): emergency admission: bed bureau	Hospital administrative field	1	review (uncertain pick)	none_suitable		1.000000	1.000000	no suitable term	581	0.000024
methods of admission to hospital (recoded): emergency admission: gp	Hospital administrative field	1	review (uncertain abstention)	none_suitable		1.000000	1.000000	no suitable term	560	0.000024
methods of admission to hospital (recoded): emergency admission: non-injury	Hospital administrative field	1	review (uncertain pick)	none_suitable		0.990000	0.980000	no suitable term	5900	0.000248
methods of admission to hospital (recoded): emergency admission: other injury	Hospital administrative field	1	no suitable term	none_suitable		0.850000	0.720000	no suitable term	5892	0.000247
methods of admission to hospital (recoded): emergency admission: outpatients (obsolete)	Hospital administrative field	1	review (uncertain abstention)	none_suitable		1.000000	1.000000	no suitable term	4090	0.000172
methods of admission to hospital (recoded): maternity admission: post-partum	Hospital administrative field	1	review (uncertain abstention)	none_suitable		0.960000	0.920000	no suitable term	3621	0.000152
methods of admission to hospital (recoded): transfer	Hospital administrative field	1	no suitable term	none_suitable		1.000000	1.000000	no suitable term	3684	0.000155
methods of admission to hospital (recoded): transfer: planned	Hospital administrative field	1	review (uncertain abstention)	none_suitable		0.980000	0.960000	no suitable term	3736	0.000157
methods of discharge from hospital (recoded): discharged on clinical advice/consent	Hospital administrative field	1	no suitable term	none_suitable		0.990000	0.980000	no suitable term	6782	0.000285
methods of discharge from hospital (recoded): discharged on clinical advice/consent: from inpatient/daycase care	Hospital administrative field	1	no suitable term	none_suitable		0.980000	0.970000	no suitable term	6413	0.000269
methods of discharge from hospital (recoded): discharged on clinical advice/consent: transfer to another provider	Hospital administrative field	1	no suitable term	none_suitable		0.990000	0.980000	no suitable term	7234	0.000304
methods of discharge from hospital (recoded): discharged on clinical advice/consent: transfer within provider	Hospital administrative field	1	no suitable term	none_suitable		0.990000	0.980000	no suitable term	6387	0.000268
methods of discharge from hospital (recoded): discharged without clinical advice/consent: self, relative or advocate	Hospital administrative field	1	no suitable term	none_suitable		1.000000	1.000000	no suitable term	6730	0.000283
milk added to cereal	Diet and supplements	1	no suitable term	none_suitable		0.939394	0.878788	no suitable term	7041	0.000296
milk chocolate intake	Diet and supplements	1	no suitable term	none_suitable		0.960000	0.930000	no suitable term	3831	0.000161
milk intake	Diet and supplements	1	review (uncertain abstention)	none_suitable		0.474747	0.131313	review (uncertain abstention)	3402	0.000143
milk-based pudding intake	Diet and supplements	1	no suitable term	none_suitable		0.920000	0.870000	no suitable term	5809	0.000244
mineral and other dietary supplements: calcium	Diet and supplements	1	review (uncertain pick)	EFO:0006521	calcium intake measurement	0.950000	0.950000	auto-accepted	6434	0.000270
mineral and other dietary supplements: fish oil (including cod liver oil)	Diet and supplements	1	review (uncertain pick)	ECTO:0070164	exposure to fish oil supplement via ingestion	0.500000	0.090000	review (uncertain pick)	6475	0.000272
mineral and other dietary supplements: glucosamine	Diet and supplements	1	review (uncertain abstention)	none_suitable		0.910000	0.820000	no suitable term	2245	0.000094
mineral and other dietary supplements: iron	Diet and supplements	1	review (uncertain abstention)	EFO:0008355	dietary heme iron intake measurement	0.545455	0.525253	review (uncertain pick)	5655	0.000238
mineral and other dietary supplements: none of the above	Diet and supplements	1	review (uncertain abstention)	none_suitable		1.000000	1.000000	no suitable term	6423	0.000270
mineral and other dietary supplements: selenium	Diet and supplements	1	review (uncertain pick)	EFO:0600021	response to dietary selenium supplementation	0.650000	0.630000	review (uncertain pick)	804	0.000034
mineral and other dietary supplements: zinc	Diet and supplements	1	review (uncertain pick)	EFO:0020083	dietary zinc intake measurement	0.850000	0.840000	auto-accepted	5901	0.000248
mixed fruit intake	Diet and supplements	1	no suitable term	none_suitable		0.777778	0.606061	review (uncertain abstention)	5940	0.000249
mixed vegetable intake	Diet and supplements	1	no suitable term	none_suitable		0.808081	0.656566	review (uncertain abstention)	6049	0.000254
morning/evening person (chronotype)	Other measurement / questionnaire	1	review (uncertain pick)	EFO:0008328	chronotype measurement	0.818182	0.767677	review (uncertain pick)	2357	0.000099
most recent bowel cancer screening	Other measurement / questionnaire	1	review (uncertain pick)	EFO:0021523	examination for neoplasm	0.510000	0.460000	review (uncertain pick)	6331	0.000266
mother still alive	Other measurement / questionnaire	1	review (uncertain abstention)	EFO:0030041	alive (follow-up status)	0.555556	0.464646	review (uncertain pick)	3608	0.000152
mother's age	Other measurement / questionnaire	1	no suitable term	none_suitable		0.383838	0.040404	review (uncertain abstention)	5973	0.000251
mouth/teeth dental problems: loose teeth	Self-reported condition or symptom	1	review (uncertain abstention)	HP:0006480	Spontaneous tooth loss	0.474747	0.373737	review (uncertain pick)	3867	0.000162
mouth/teeth dental problems: none of the above	Self-reported condition or symptom	1	review (uncertain abstention)	none_suitable		0.670000	0.350000	review (uncertain abstention)	6423	0.000270
mouth/teeth dental problems: painful gums	Self-reported condition or symptom	1	review (uncertain pick)	HP:0000230	Gingivitis	0.530000	0.500000	review (uncertain pick)	995	0.000042
mozzarella intake	Diet and supplements	1	no suitable term	none_suitable		0.980000	0.960000	no suitable term	3394	0.000143
muesli intake	Diet and supplements	1	no suitable term	none_suitable		0.900000	0.810000	no suitable term	4047	0.000170
mushroom intake	Diet and supplements	1	no suitable term	none_suitable		0.970000	0.960000	no suitable term	3536	0.000149
naan bread intake	Diet and supplements	1	no suitable term	none_suitable		0.870000	0.780000	no suitable term	3298	0.000139
neck/shoulder pain for 3+ months	Self-reported condition or symptom	1	review (uncertain abstention)	none_suitable		0.646465	0.494949	review (uncertain abstention)	5526	0.000232
never eat eggs, dairy, wheat, sugar: dairy products	Diet and supplements	1	review (uncertain abstention)	none_suitable		1.000000	1.000000	no suitable term	498	0.000021
never eat eggs, dairy, wheat, sugar: eggs or foods containing eggs	Diet and supplements	1	no suitable term	none_suitable		0.780000	0.570000	review (uncertain abstention)	5676	0.000238
never eat eggs, dairy, wheat, sugar: i eat all of the above	Diet and supplements	1	no suitable term	none_suitable		1.000000	1.000000	no suitable term	6426	0.000270
never eat eggs, dairy, wheat, sugar: sugar or foods/drinks containing sugar	Diet and supplements	1	review (uncertain pick)	EFO:0010158	sugar consumption measurement	0.700000	0.660000	review (uncertain pick)	5677	0.000238
never eat eggs, dairy, wheat, sugar: wheat products	Diet and supplements	1	no suitable term	none_suitable		0.880000	0.800000	no suitable term	607	0.000025
nitrogen dioxide air pollution; 2005	Sociodemographic / environment	1	review (uncertain pick)	EFO:0007908	traffic air pollution measurement	0.990000	0.990000	auto-accepted	2529	0.000106
nitrogen dioxide air pollution; 2006	Sociodemographic / environment	1	review (uncertain pick)	EFO:0007908	traffic air pollution measurement	0.990000	0.990000	auto-accepted	2375	0.000100
nitrogen dioxide air pollution; 2007	Sociodemographic / environment	1	review (uncertain pick)	EFO:0007908	traffic air pollution measurement	0.990000	0.990000	auto-accepted	2391	0.000100
nitrogen dioxide air pollution; 2010	Sociodemographic / environment	1	no suitable term	EFO:0007908	traffic air pollution measurement	0.980000	0.970000	auto-accepted	2239	0.000094
nitrogen oxides air pollution; 2010	Sociodemographic / environment	1	review (uncertain pick)	EFO:0007908	traffic air pollution measurement	0.980000	0.970000	auto-accepted	2088	0.000088
noisy workplace	Other measurement / questionnaire	1	review (uncertain pick)	EFO:0600015	noise exposure measurement	0.680000	0.670000	review (uncertain pick)	2860	0.000120
non-accidental death in close genetic family	Other measurement / questionnaire	1	review (uncertain abstention)	none_suitable		0.575758	0.191919	review (uncertain abstention)	6108	0.000257
non-cancer illness code, self-reported: allergy or anaphylactic reaction to food	Self-reported illness	1	review (uncertain pick)	MONDO:0700226	food allergy	0.880000	0.820000	auto-accepted	6778	0.000285
non-cancer illness code, self-reported: allergy/hypersensitivity/anaphylaxis	Self-reported illness	1	review (uncertain pick)	MONDO:0005271	allergic disease	0.310000	0.090000	review (uncertain pick)	4046	0.000170
non-cancer illness code, self-reported: angina	Self-reported illness	1	review (uncertain pick)	EFO:0003913	angina pectoris	0.980000	0.980000	auto-accepted	1003	0.000042
non-cancer illness code, self-reported: anxiety/panic attacks	Self-reported illness	1	review (uncertain pick)	MONDO:0005383	panic disorder	0.380000	0.290000	review (uncertain pick)	1620	0.000068
non-cancer illness code, self-reported: appendicitis	Self-reported illness	1	review (uncertain abstention)	MONDO:0005649	appendicitis	0.860000	0.850000	auto-accepted	493	0.000021
non-cancer illness code, self-reported: arthritis (nos)	Self-reported illness	1	review (uncertain pick)	MONDO:0005578	arthritic joint disease	0.490000	0.100000	review (uncertain pick)	6689	0.000281
non-cancer illness code, self-reported: asthma	Self-reported illness	1	review (uncertain pick)	MONDO:0004979	asthma	0.700000	0.580000	review (uncertain pick)	1447	0.000061
non-cancer illness code, self-reported: back pain	Self-reported illness	1	review (uncertain pick)	HP:0003418	Back pain	0.830000	0.740000	review (uncertain pick)	5678	0.000238
non-cancer illness code, self-reported: back problem	Self-reported illness	1	review (uncertain pick)	HP:0003418	Back pain	0.620000	0.530000	review (uncertain pick)	1491	0.000063
non-cancer illness code, self-reported: bladder problem (not cancer)	Self-reported illness	1	review (uncertain pick)	MONDO:0006026	urinary bladder disorder	0.730000	0.620000	review (uncertain pick)	6316	0.000265
non-cancer illness code, self-reported: bone disorder	Self-reported illness	1	review (uncertain pick)	MONDO:0005381	bone disorder	0.730000	0.720000	review (uncertain pick)	6029	0.000253
non-cancer illness code, self-reported: bronchiectasis	Self-reported illness	1	review (uncertain pick)	MONDO:0004822	bronchiectasis	0.540000	0.220000	review (uncertain pick)	1572	0.000066
non-cancer illness code, self-reported: bronchitis	Self-reported illness	1	review (uncertain pick)	MONDO:0003781	bronchitis	0.800000	0.770000	review (uncertain pick)	704	0.000030
non-cancer illness code, self-reported: cervical spondylosis	Self-reported illness	1	review (uncertain pick)	MONDO:0008481	spondylosis, cervical	0.880000	0.850000	auto-accepted	6482	0.000272
non-cancer illness code, self-reported: chickenpox	Self-reported illness	1	review (uncertain pick)	MONDO:0005700	chickenpox	0.830000	0.820000	review (uncertain pick)	532	0.000022
non-cancer illness code, self-reported: cholelithiasis/gall stones	Self-reported illness	1	review (uncertain pick)	MONDO:0012672	cholelithiasis	0.790000	0.700000	review (uncertain pick)	2749	0.000115
non-cancer illness code, self-reported: chronic fatigue syndrome	Self-reported illness	1	review (uncertain pick)	MONDO:0005404	myalgic encephalomeyelitis/chronic fatigue syndrome	0.939394	0.939394	auto-accepted	5961	0.000250
non-cancer illness code, self-reported: chronic sinusitis	Self-reported illness	1	review (uncertain pick)	MONDO:0006031	chronic rhinosinusitis	0.760000	0.670000	review (uncertain pick)	6086	0.000256
non-cancer illness code, self-reported: colitis/not crohns or ulcerative colitis	Self-reported illness	1	review (uncertain pick)	MONDO:0005101	ulcerative colitis	0.760000	0.670000	review (uncertain pick)	5943	0.000250
non-cancer illness code, self-reported: crohns disease	Self-reported illness	1	review (uncertain abstention)	MONDO:0005011	Crohn disease	0.950000	0.950000	auto-accepted	5718	0.000240
non-cancer illness code, self-reported: depression	Self-reported illness	1	review (uncertain pick)	MONDO:0002009	major depressive disorder	0.300000	0.100000	review (uncertain pick)	1261	0.000053
non-cancer illness code, self-reported: diabetes	Self-reported illness	1	review (uncertain pick)	MONDO:0005015	diabetes mellitus	0.750000	0.650000	review (uncertain pick)	6856	0.000288
non-cancer illness code, self-reported: duodenal ulcer	Self-reported illness	1	review (uncertain pick)	MONDO:0005412	duodenal ulcer	0.860000	0.840000	auto-accepted	3072	0.000129
non-cancer illness code, self-reported: ear/vestibular disorder	Self-reported illness	1	review (uncertain pick)	MONDO:0002643	vestibular disorder	0.580000	0.460000	review (uncertain pick)	6074	0.000255
non-cancer illness code, self-reported: eczema/dermatitis	Self-reported illness	1	review (uncertain pick)	MONDO:0002406	dermatitis	0.710000	0.550000	review (uncertain pick)	3797	0.000159
non-cancer illness code, self-reported: emphysema/chronic bronchitis	Self-reported illness	1	review (uncertain abstention)	EFO:0009910	chronic lung disease	0.474747	0.242424	review (uncertain pick)	6199	0.000260
non-cancer illness code, self-reported: endometriosis	Self-reported illness	1	review (uncertain pick)	MONDO:0005133	endometriosis	0.920000	0.920000	auto-accepted	870	0.000037
non-cancer illness code, self-reported: epilepsy	Self-reported illness	1	review (uncertain abstention)	MONDO:0005027	epilepsy	0.930000	0.930000	auto-accepted	5911	0.000248
non-cancer illness code, self-reported: essential hypertension	Self-reported illness	1	review (uncertain pick)	MONDO:0001134	essential hypertension	0.898990	0.868687	auto-accepted	6544	0.000275
non-cancer illness code, self-reported: eye/eyelid problem	Self-reported illness	1	review (uncertain abstention)	MONDO:0005328	eye disorder	0.515152	0.454545	review (uncertain pick)	5541	0.000233
non-cancer illness code, self-reported: fracture lower leg / ankle	Self-reported illness	1	review (uncertain pick)	EFO:0009615	ankle fracture	0.750000	0.610000	review (uncertain pick)	5709	0.000240
non-cancer illness code, self-reported: gestational hypertension/pre-eclampsia	Self-reported illness	1	review (uncertain pick)	MONDO:0005081	preeclampsia	0.490000	0.180000	review (uncertain pick)	6389	0.000268
non-cancer illness code, self-reported: gout	Self-reported illness	1	review (uncertain pick)	HP:0001997	Gout	0.470000	0.120000	review (uncertain pick)	1094	0.000046
non-cancer illness code, self-reported: haemorrhoids / piles	Self-reported illness	1	review (uncertain pick)	MONDO:0004872	hemorrhoid	0.890000	1.000000	auto-accepted	431	0.000018
non-cancer illness code, self-reported: head injury	Self-reported illness	1	review (uncertain pick)	EFO:0009505	head injury	0.929293	0.919192	auto-accepted	6234	0.000262
non-cancer illness code, self-reported: headaches (not migraine)	Self-reported illness	1	review (uncertain pick)	HP:0002315	Headache	0.800000	0.730000	review (uncertain pick)	4204	0.000177
non-cancer illness code, self-reported: heart arrhythmia	Self-reported illness	1	review (uncertain pick)	EFO:0004269	cardiac arrhythmia	0.686869	0.454545	review (uncertain pick)	6256	0.000263
non-cancer illness code, self-reported: heart attack/myocardial infarction	Self-reported illness	1	review (uncertain pick)	MONDO:0005068	myocardial infarction	0.787879	0.676768	review (uncertain pick)	6542	0.000275
non-cancer illness code, self-reported: heart valve problem/heart murmur	Self-reported illness	1	review (uncertain pick)	MONDO:0002869	heart valve disorder	0.565657	0.232323	review (uncertain pick)	6358	0.000267
non-cancer illness code, self-reported: heart/cardiac problem	Self-reported illness	1	review (uncertain pick)	MONDO:0005267	heart disorder	0.610000	0.610000	review (uncertain pick)	6216	0.000261
non-cancer illness code, self-reported: helicobacter pylori	Self-reported illness	1	review (uncertain pick)	MONDO:0006781	Helicobacter pylori infectious disease	0.880000	0.870000	auto-accepted	922	0.000039
non-cancer illness code, self-reported: hiatus hernia	Self-reported illness	1	review (uncertain pick)	HP:0002036	Hiatus hernia	0.870000	0.850000	auto-accepted	1992	0.000084
non-cancer illness code, self-reported: high cholesterol	Self-reported illness	1	review (uncertain pick)	HP:0003124	Hypercholesterolemia	0.870000	0.830000	auto-accepted	5633	0.000237
non-cancer illness code, self-reported: hypertension	Self-reported illness	1	review (uncertain pick)	HP:0000822	Hypertension	0.323232	0.050505	review (uncertain pick)	4546	0.000191
non-cancer illness code, self-reported: hyperthyroidism/thyrotoxicosis	Self-reported illness	1	review (uncertain pick)	MONDO:0004425	hyperthyroidism	0.620000	0.340000	review (uncertain pick)	1049	0.000044
non-cancer illness code, self-reported: hypothyroidism/myxoedema	Self-reported illness	1	review (uncertain pick)	MONDO:0005420	hypothyroidism	0.780000	0.630000	review (uncertain pick)	3646	0.000153
non-cancer illness code, self-reported: infective/viral hepatitis	Self-reported illness	1	review (uncertain pick)	MONDO:0006011	viral hepatitis	0.910000	0.900000	auto-accepted	6089	0.000256
non-cancer illness code, self-reported: inguinal hernia	Self-reported illness	1	review (uncertain pick)	HP:0000023	Inguinal hernia	0.880000	0.870000	auto-accepted	2145	0.000090
non-cancer illness code, self-reported: iron deficiency anaemia	Self-reported illness	1	review (uncertain pick)	HP:0001891	Iron deficiency anemia	0.870000	0.850000	auto-accepted	6258	0.000263
non-cancer illness code, self-reported: joint disorder	Self-reported illness	1	review (uncertain pick)	MONDO:0006816	arthropathy	0.767677	0.707071	review (uncertain pick)	5950	0.000250
non-cancer illness code, self-reported: joint pain	Self-reported illness	1	review (uncertain pick)	HP:0002829	Arthralgia	0.949495	0.949495	auto-accepted	5718	0.000240
non-cancer illness code, self-reported: kidney stone/ureter stone/bladder stone	Self-reported illness	1	review (uncertain pick)	MONDO:0024647	urolithiasis	0.949495	0.939394	auto-accepted	5959	0.000250
non-cancer illness code, self-reported: malabsorption/coeliac disease	Self-reported illness	1	review (uncertain pick)	none_suitable		0.420000	0.090000	review (uncertain abstention)	5674	0.000238
non-cancer illness code, self-reported: measles / morbillivirus	Self-reported illness	1	review (uncertain pick)	MONDO:0004619	measles	0.710000	0.600000	review (uncertain pick)	940	0.000039
non-cancer illness code, self-reported: meningitis	Self-reported illness	1	review (uncertain pick)	MONDO:0021108	meningitis	0.840000	0.810000	review (uncertain pick)	1705	0.000072
non-cancer illness code, self-reported: menorrhagia (unknown cause)	Self-reported illness	1	review (uncertain pick)	HP:0000132	Menorrhagia	0.880000	0.880000	auto-accepted	957	0.000040
non-cancer illness code, self-reported: migraine	Self-reported illness	1	review (uncertain pick)	MONDO:0005277	migraine disorder	0.890000	0.870000	auto-accepted	1642	0.000069
non-cancer illness code, self-reported: muscle or soft tissue injuries	Self-reported illness	1	review (uncertain abstention)	EFO:0010686	muscle strain	0.790000	0.700000	review (uncertain pick)	5856	0.000246
non-cancer illness code, self-reported: muscle/soft tissue problem	Self-reported illness	1	review (uncertain pick)	EFO:0009470	soft tissue disease	0.610000	0.550000	review (uncertain pick)	5929	0.000249
non-cancer illness code, self-reported: nasal polyps	Self-reported illness	1	review (uncertain pick)	HP:0100582	Nasal polyposis	0.480000	0.110000	review (uncertain pick)	5752	0.000242
non-cancer illness code, self-reported: nasal/sinus disorder	Self-reported illness	1	review (uncertain abstention)	MONDO:0002436	nasal disorder	0.404040	0.131313	review (uncertain pick)	6159	0.000259
non-cancer illness code, self-reported: oesophagitis/barretts oesophagus	Self-reported illness	1	review (uncertain pick)	MONDO:0013662	Barrett esophagus	0.454545	0.171717	review (uncertain pick)	3579	0.000150
non-cancer illness code, self-reported: osteoarthritis	Self-reported illness	1	review (uncertain pick)	MONDO:0005178	osteoarthritis	0.880000	0.880000	auto-accepted	1802	0.000076
non-cancer illness code, self-reported: osteopenia	Self-reported illness	1	review (uncertain pick)	HP:0000938	Osteopenia	0.920000	0.920000	auto-accepted	1112	0.000047
non-cancer illness code, self-reported: osteoporosis	Self-reported illness	1	review (uncertain pick)	HP:0000939	Osteoporosis	0.620000	0.310000	review (uncertain pick)	1619	0.000068
non-cancer illness code, self-reported: other joint disorder	Self-reported illness	1	review (uncertain abstention)	MONDO:0006816	arthropathy	0.777778	0.757576	review (uncertain pick)	5959	0.000250
non-cancer illness code, self-reported: other neurological problem	Self-reported illness	1	review (uncertain abstention)	none_suitable		0.490000	0.100000	review (uncertain abstention)	6484	0.000272
non-cancer illness code, self-reported: other renal/kidney problem	Self-reported illness	1	review (uncertain pick)	MONDO:0005240	kidney disorder	0.525253	0.484848	review (uncertain pick)	6172	0.000259
non-cancer illness code, self-reported: ovarian cyst or cysts	Self-reported illness	1	review (uncertain pick)	HP:0000138	Ovarian cyst	0.900000	0.890000	auto-accepted	6526	0.000274
non-cancer illness code, self-reported: pancreatitis	Self-reported illness	1	review (uncertain pick)	HP:0001733	Pancreatitis	0.490000	0.200000	review (uncertain pick)	1318	0.000055
non-cancer illness code, self-reported: peritonitis	Self-reported illness	1	review (uncertain pick)	MONDO:1010128	peritonitis	0.920000	0.920000	auto-accepted	783	0.000033
non-cancer illness code, self-reported: pleurisy	Self-reported illness	1	review (uncertain pick)	MONDO:0000986	pleurisy	0.750000	0.670000	review (uncertain pick)	622	0.000026
non-cancer illness code, self-reported: pneumonia	Self-reported illness	1	review (uncertain pick)	MONDO:0005249	pneumonia	0.828283	0.767677	review (uncertain pick)	2976	0.000125
non-cancer illness code, self-reported: prolapsed disc/slipped disc	Self-reported illness	1	review (uncertain pick)	EFO:1001800	Intervertebral Disc Displacement	0.850000	0.760000	auto-accepted	2330	0.000098
non-cancer illness code, self-reported: psoriasis	Self-reported illness	1	review (uncertain pick)	MONDO:0005083	psoriasis	0.790000	0.730000	review (uncertain pick)	1573	0.000066
non-cancer illness code, self-reported: pulmonary embolism +/- dvt	Self-reported illness	1	review (uncertain pick)	MONDO:0005279	pulmonary embolism	0.490000	0.360000	review (uncertain pick)	6921	0.000291
non-cancer illness code, self-reported: rectal or colon adenoma/polyps	Self-reported illness	1	review (uncertain pick)	none_suitable		0.282828	0.010101	review (uncertain abstention)	6701	0.000281
non-cancer illness code, self-reported: retinal detachment	Self-reported illness	1	review (uncertain pick)	MONDO:0008375	retinal detachment	0.920000	0.910000	auto-accepted	6208	0.000261
non-cancer illness code, self-reported: rheumatic fever	Self-reported illness	1	review (uncertain pick)	MONDO:0017767	rheumatic fever	0.950000	0.950000	auto-accepted	6727	0.000283
non-cancer illness code, self-reported: rheumatoid arthritis	Self-reported illness	1	review (uncertain pick)	MONDO:0008383	rheumatoid arthritis	0.630000	0.330000	review (uncertain pick)	3454	0.000145
non-cancer illness code, self-reported: sciatica	Self-reported illness	1	review (uncertain pick)	HP:0011868	Sciatica	0.780000	0.770000	review (uncertain pick)	509	0.000021
non-cancer illness code, self-reported: sleep apnoea	Self-reported illness	1	review (uncertain pick)	MONDO:0005296	sleep apnea syndrome	0.565657	0.272727	review (uncertain pick)	3708	0.000156
non-cancer illness code, self-reported: spine arthritis/spondylitis	Self-reported illness	1	review (uncertain pick)	MONDO:0003937	spondylitis	0.310000	0.080000	review (uncertain pick)	5338	0.000224
non-cancer illness code, self-reported: spontaneous pneumothorax/recurrent pneumothorax	Self-reported illness	1	review (uncertain pick)	HP:0002108	Spontaneous pneumothorax	0.696970	0.585859	review (uncertain pick)	6383	0.000268
non-cancer illness code, self-reported: stomach disorder	Self-reported illness	1	review (uncertain pick)	MONDO:0004298	stomach disorder	0.850000	0.830000	auto-accepted	6063	0.000255
non-cancer illness code, self-reported: stroke	Self-reported illness	1	review (uncertain pick)	MONDO:0005098	stroke disorder	0.760000	0.660000	review (uncertain pick)	1948	0.000082
non-cancer illness code, self-reported: thyroid problem (not cancer)	Self-reported illness	1	review (uncertain pick)	MONDO:0003240	thyroid gland disorder	0.890000	0.890000	auto-accepted	6365	0.000267
non-cancer illness code, self-reported: transient ischaemic attack (tia)	Self-reported illness	1	review (uncertain pick)	MONDO:0005264	transient ischemic attack	0.960000	0.960000	auto-accepted	4193	0.000176
non-cancer illness code, self-reported: tuberculosis (tb)	Self-reported illness	1	review (uncertain pick)	MONDO:0018076	tuberculosis	0.860000	0.850000	auto-accepted	2874	0.000121
non-cancer illness code, self-reported: type 2 diabetes	Self-reported illness	1	no suitable term	MONDO:0005148	type 2 diabetes mellitus	0.960000	0.950000	auto-accepted	6918	0.000291
non-cancer illness code, self-reported: ulcerative colitis	Self-reported illness	1	review (uncertain pick)	MONDO:0005101	ulcerative colitis	0.960000	0.960000	auto-accepted	2013	0.000085
non-cancer illness code, self-reported: unclassifiable	Self-reported illness	1	review (uncertain abstention)	none_suitable		1.000000	1.000000	no suitable term	652	0.000027
non-cancer illness code, self-reported: urinary frequency / incontinence	Self-reported illness	1	review (uncertain pick)	EFO:0008008	lower urinary tract symptom	0.808081	0.717172	review (uncertain pick)	5716	0.000240
non-cancer illness code, self-reported: urinary tract infection/kidney infection	Self-reported illness	1	review (uncertain pick)	MONDO:0100338	urinary tract infection	0.414141	0.202020	review (uncertain pick)	6012	0.000253
non-cancer illness code, self-reported: uterine fibroids	Self-reported illness	1	review (uncertain pick)	HP:0000131	Uterine leiomyoma	0.700000	0.490000	review (uncertain pick)	7092	0.000298
non-cancer illness code, self-reported: uterine polyps	Self-reported illness	1	review (uncertain pick)	MONDO:0004701	uterine polyp	0.960000	0.950000	auto-accepted	6778	0.000285
non-cancer illness code, self-reported: vaginal prolapse/uterine prolapse	Self-reported illness	1	review (uncertain pick)	MONDO:0000082	pelvic organ prolapse	0.400000	0.030000	review (uncertain pick)	6645	0.000279
non-cancer illness code, self-reported: varicose veins	Self-reported illness	1	review (uncertain pick)	HP:0002619	Varicose veins	0.720000	0.490000	review (uncertain pick)	1503	0.000063
non-oily fish intake	Diet and supplements	1	review (uncertain pick)	EFO:0010139	fish consumption measurement	0.830000	0.820000	review (uncertain pick)	6035	0.000253
number in household	Sociodemographic / environment	1	review (uncertain abstention)	none_suitable		0.545455	0.252525	review (uncertain abstention)	6037	0.000254
number of attempts	Other measurement / questionnaire	1	no suitable term	none_suitable		0.950000	0.920000	no suitable term	5557	0.000233
number of baguettes with butter/margarine	Diet and supplements	1	no suitable term	none_suitable		1.000000	1.000000	no suitable term	5997	0.000252
number of baps with  butter/margarine	Diet and supplements	1	no suitable term	none_suitable		0.950000	0.920000	no suitable term	5885	0.000247
number of blood samples taken	Other measurement / questionnaire	1	no suitable term	none_suitable		0.696970	0.474747	review (uncertain abstention)	5280	0.000222
number of bread rolls with  butter/margarine	Diet and supplements	1	no suitable term	none_suitable		0.970000	0.950000	no suitable term	5814	0.000244
number of bread slices with butter/margarine	Diet and supplements	1	no suitable term	none_suitable		0.960000	0.930000	no suitable term	5887	0.000247
number of cigarettes previously smoked daily	Other measurement / questionnaire	1	review (uncertain pick)	EFO:0006525	cigarettes per day measurement	0.980000	0.970000	auto-accepted	5780	0.000243
number of crackers/crispbreads with butter/margarine	Diet and supplements	1	no suitable term	none_suitable		0.860000	0.780000	no suitable term	5732	0.000241
number of days/week of moderate physical activity 10+ minutes	Physical activity / lifestyle	1	review (uncertain pick)	EFO:0008002	physical activity measurement	0.767677	0.737374	review (uncertain pick)	5858	0.000246
number of days/week of vigorous physical activity 10+ minutes	Physical activity / lifestyle	1	review (uncertain pick)	EFO:0008002	physical activity measurement	0.555556	0.525253	review (uncertain pick)	5873	0.000247
number of days/week walked 10+ minutes	Physical activity / lifestyle	1	review (uncertain pick)	EFO:0008002	physical activity measurement	0.555556	0.494949	review (uncertain pick)	5974	0.000251
number of diet questionnaires completed	Diet and supplements	1	no suitable term	none_suitable		0.970000	0.950000	no suitable term	5532	0.000232
number of fluid intelligence questions attempted within time limit	Other measurement / questionnaire	1	review (uncertain abstention)	none_suitable		0.580000	0.370000	review (uncertain abstention)	5746	0.000241
number of full brothers	Other measurement / questionnaire	1	review (uncertain abstention)	none_suitable		0.575758	0.202020	review (uncertain abstention)	5865	0.000246
number of full sisters	Other measurement / questionnaire	1	review (uncertain abstention)	none_suitable		0.540000	0.110000	review (uncertain abstention)	5904	0.000248
number of measurements made	Other measurement / questionnaire	1	no suitable term	none_suitable		0.890000	0.830000	no suitable term	5441	0.000229
number of oatcakes with  butter/margarine	Diet and supplements	1	no suitable term	none_suitable		0.950000	0.910000	no suitable term	6350	0.000267
number of older siblings	Other measurement / questionnaire	1	review (uncertain abstention)	EFO:0009713	number of siblings	0.540000	0.530000	review (uncertain pick)	5659	0.000238
number of other bread types with  butter/margarine	Diet and supplements	1	no suitable term	none_suitable		0.980000	0.970000	no suitable term	5732	0.000241
number of pregnancy terminations	Other measurement / questionnaire	1	review (uncertain abstention)	EFO:1001491	abortion	0.383838	0.262626	review (uncertain pick)	5890	0.000247
number of spontaneous miscarriages	Other measurement / questionnaire	1	review (uncertain abstention)	EFO:1001255	spontaneous abortion	0.404040	0.252525	review (uncertain pick)	6056	0.000254
number of symbol digit matches attempted	Other measurement / questionnaire	1	no suitable term	none_suitable		0.787879	0.626263	review (uncertain abstention)	5717	0.000240
number of symbol digit matches made correctly	Other measurement / questionnaire	1	no suitable term	none_suitable		0.750000	0.540000	review (uncertain abstention)	5913	0.000248
number of times snap-button pressed	Other measurement / questionnaire	1	no suitable term	none_suitable		0.870000	0.760000	no suitable term	5772	0.000242
number of trend entries	Other measurement / questionnaire	1	no suitable term	none_suitable		0.990000	0.980000	no suitable term	5694	0.000239
number of triplets attempted (left)	Other measurement / questionnaire	1	no suitable term	none_suitable		1.000000	1.000000	no suitable term	5795	0.000243
number of triplets attempted (right)	Other measurement / questionnaire	1	no suitable term	none_suitable		1.000000	1.000000	no suitable term	5763	0.000242
number of unenthusiastic/disinterested episodes	Other measurement / questionnaire	1	review (uncertain pick)	none_suitable		0.420000	0.150000	review (uncertain abstention)	5882	0.000247
number of unsuccessful stop-smoking attempts	Other measurement / questionnaire	1	no suitable term	none_suitable		0.575758	0.212121	review (uncertain abstention)	5741	0.000241
number of vehicles in household	Sociodemographic / environment	1	no suitable term	none_suitable		0.840000	0.710000	review (uncertain abstention)	5382	0.000226
oat crunch intake	Diet and supplements	1	no suitable term	none_suitable		0.960000	0.930000	no suitable term	4683	0.000197
oatcakes intake	Diet and supplements	1	no suitable term	none_suitable		0.949495	0.909091	no suitable term	4168	0.000175
olives intake	Diet and supplements	1	no suitable term	none_suitable		0.949495	0.919192	no suitable term	4654	0.000195
omelette intake	Diet and supplements	1	no suitable term	none_suitable		0.949495	0.919192	no suitable term	3734	0.000157
onion intake	Diet and supplements	1	no suitable term	none_suitable		0.950000	0.910000	no suitable term	3988	0.000167
operation code: abdominal/pelvic adhesion surgery	Self-reported operation	1	no suitable term	none_suitable		0.818182	0.646465	review (uncertain abstention)	6127	0.000257
operation code: adenoid surgery / adenoidectomy	Self-reported operation	1	no suitable term	none_suitable		0.980000	0.960000	no suitable term	2817	0.000118
operation code: anal surgery	Self-reported operation	1	review (uncertain abstention)	EFO:0020979	digestive system surgery	0.560000	0.550000	review (uncertain pick)	3664	0.000154
operation code: ankle surgery	Self-reported operation	1	no suitable term	none_suitable		0.818182	0.676768	review (uncertain abstention)	1472	0.000062
operation code: anterior/posterior repair bladder/uterus	Self-reported operation	1	no suitable term	none_suitable		0.930000	0.860000	no suitable term	6407	0.000269
operation code: arthroscopy nos	Self-reported operation	1	no suitable term	none_suitable		1.000000	1.000000	no suitable term	6825	0.000287
operation code: bladder surgery	Self-reported operation	1	no suitable term	none_suitable		0.950000	0.910000	no suitable term	6312	0.000265
operation code: bone surgery/joint surgery	Self-reported operation	1	review (uncertain pick)	none_suitable		0.710000	0.440000	review (uncertain abstention)	5544	0.000233
operation code: brain surgery	Self-reported operation	1	no suitable term	none_suitable		0.990000	0.980000	no suitable term	5757	0.000242
operation code: breast cyst/abscess removal	Self-reported operation	1	no suitable term	none_suitable		0.939394	0.888889	no suitable term	6580	0.000276
operation code: breast surgery	Self-reported operation	1	no suitable term	none_suitable		0.890000	0.790000	no suitable term	6484	0.000272
operation code: bunion/hallus valgus surgery	Self-reported operation	1	review (uncertain abstention)	none_suitable		0.690000	0.400000	review (uncertain abstention)	1567	0.000066
operation code: carpal tunnel surgery	Self-reported operation	1	no suitable term	none_suitable		0.870000	0.760000	no suitable term	1863	0.000078
operation code: cataract extraction/lens implant	Self-reported operation	1	review (uncertain pick)	none_suitable		0.960000	0.930000	no suitable term	5531	0.000232
operation code: cervix surgery	Self-reported operation	1	no suitable term	none_suitable		0.960000	0.930000	no suitable term	3615	0.000152
operation code: colectomy/hemicolectomy	Self-reported operation	1	review (uncertain abstention)					no candidate	0	0
operation code: colonoscopy/sigmoidoscopy	Self-reported operation	1	review (uncertain abstention)					no candidate	0	0
operation code: colposcopy +/- biopsy	Self-reported operation	1	review (uncertain abstention)	none_suitable		0.550000	0.100000	review (uncertain abstention)	803	0.000034
operation code: cone biopsy	Self-reported operation	1	no suitable term	EFO:0009120	biopsy	0.510000	0.490000	review (uncertain pick)	4355	0.000183
operation code: coronary angiogram	Self-reported operation	1	no suitable term	none_suitable		0.920000	0.880000	no suitable term	2618	0.000110
operation code: cruciate ligament surgery	Self-reported operation	1	no suitable term	none_suitable		0.920000	0.850000	no suitable term	1894	0.000080
operation code: cystectomy	Self-reported operation	1	review (uncertain abstention)					no candidate	0	0
operation code: dental/tooth surgery	Self-reported operation	1	no suitable term	none_suitable		0.910000	0.860000	no suitable term	6414	0.000269
operation code: discectomy	Self-reported operation	1	no suitable term					no candidate	0	0
operation code: ear surgery	Self-reported operation	1	no suitable term	none_suitable		0.950000	0.910000	no suitable term	6164	0.000259
operation code: ectopic pregnancy surgery	Self-reported operation	1	no suitable term	none_suitable		0.750000	0.550000	review (uncertain abstention)	6422	0.000270
operation code: elbow surgery	Self-reported operation	1	no suitable term	none_suitable		0.770000	0.540000	review (uncertain abstention)	1282	0.000054
operation code: endometrial ablation	Self-reported operation	1	no suitable term	none_suitable		0.990000	0.980000	no suitable term	3239	0.000136
operation code: endoscopy / gastroscopy	Self-reported operation	1	review (uncertain abstention)					no candidate	0	0
operation code: fertility treatment procedures	Self-reported operation	1	review (uncertain abstention)	none_suitable		0.525253	0.232323	review (uncertain abstention)	2638	0.000111
operation code: foot surgery	Self-reported operation	1	no suitable term	none_suitable		0.980000	0.970000	no suitable term	6209	0.000261
operation code: gynaecological surgery	Self-reported operation	1	review (uncertain abstention)	none_suitable		1.000000	1.000000	no suitable term	873	0.000037
operation code: haemorroidectomy / piles surgery/ banding of piles	Self-reported operation	1	review (uncertain abstention)	none_suitable		0.740000	0.490000	review (uncertain abstention)	5468	0.000230
operation code: hand/finger surgery	Self-reported operation	1	no suitable term	none_suitable		0.980000	0.970000	no suitable term	6087	0.000256
operation code: hernia surgery	Self-reported operation	1	review (uncertain abstention)	none_suitable		0.720000	0.490000	review (uncertain abstention)	2435	0.000102
operation code: hip replacement/revision	Self-reported operation	1	review (uncertain pick)	EFO:0020973	revision of total hip arthroplasty	0.480000	0.040000	review (uncertain pick)	3170	0.000133
operation code: hip surgery (not replacement)	Self-reported operation	1	no suitable term	none_suitable		0.970000	0.950000	no suitable term	5856	0.000246
operation code: hysteroscopy +/- biopsy	Self-reported operation	1	review (uncertain abstention)	none_suitable		0.740000	0.480000	review (uncertain abstention)	804	0.000034
operation code: incisional hernia repair	Self-reported operation	1	review (uncertain abstention)	none_suitable		0.808081	0.646465	review (uncertain abstention)	6892	0.000289
operation code: inguinal hernia repair	Self-reported operation	1	no suitable term	none_suitable		0.890000	0.780000	no suitable term	7043	0.000296
operation code: inguinal/femoral hernia repair	Self-reported operation	1	no suitable term	none_suitable		0.929293	0.868687	no suitable term	6937	0.000291
operation code: knee replacement/revision	Self-reported operation	1	review (uncertain pick)	EFO:0020972	revision of total knee arthroplasty	0.580000	0.210000	review (uncertain pick)	1787	0.000075
operation code: knee surgery (not replacement)	Self-reported operation	1	no suitable term	none_suitable		0.980000	0.960000	no suitable term	4473	0.000188
operation code: laparoscopy	Self-reported operation	1	no suitable term					no candidate	0	0
operation code: laparotomy nos	Self-reported operation	1	review (uncertain abstention)	none_suitable		1.000000	1.000000	no suitable term	6826	0.000287
operation code: large bowel resection +/- colostomy	Self-reported operation	1	review (uncertain pick)	EFO:0009744	surgical resection	0.730000	0.720000	review (uncertain pick)	6137	0.000258
operation code: lower limb surgery	Self-reported operation	1	review (uncertain abstention)	none_suitable		0.850000	0.770000	no suitable term	5533	0.000232
operation code: lumpectomy	Self-reported operation	1	review (uncertain abstention)					no candidate	0	0
operation code: mammoplasty/cosmetic operation on breast	Self-reported operation	1	no suitable term	none_suitable		0.920000	0.850000	no suitable term	6535	0.000274
operation code: maxillo-facial surgery	Self-reported operation	1	no suitable term	none_suitable		0.980000	0.960000	no suitable term	6398	0.000269
operation code: mouth/salivary gland surgery	Self-reported operation	1	review (uncertain abstention)	none_suitable		0.830000	0.670000	review (uncertain abstention)	6677	0.000280
operation code: muscle/soft tissue surgery	Self-reported operation	1	no suitable term	none_suitable		0.949495	0.919192	no suitable term	5870	0.000247
operation code: myomectomy/fibroids removed	Self-reported operation	1	no suitable term	none_suitable		1.000000	1.000000	no suitable term	434	0.000018
operation code: nasal polyp surgery / nasal polypectomy	Self-reported operation	1	no suitable term	none_suitable		0.797980	0.707071	review (uncertain abstention)	6527	0.000274
operation code: nasal/sinus/nose surgery	Self-reported operation	1	no suitable term	none_suitable		0.949495	0.929293	no suitable term	6182	0.000260
operation code: nephrectomy/kidney removed	Self-reported operation	1	review (uncertain pick)	none_suitable		0.929293	0.888889	no suitable term	5412	0.000227
operation code: oesphageal fundoplication/hiatus hernia surgery	Self-reported operation	1	review (uncertain abstention)	none_suitable		0.440000	0.010000	review (uncertain abstention)	2446	0.000103
operation code: other bowel surgery	Self-reported operation	1	review (uncertain pick)	EFO:0020979	digestive system surgery	0.790000	0.790000	review (uncertain pick)	5998	0.000252
operation code: other thoracic surgery	Self-reported operation	1	no suitable term	none_suitable		0.970000	0.950000	no suitable term	6223	0.000261
operation code: other urological surgery	Self-reported operation	1	no suitable term	none_suitable		0.980000	0.960000	no suitable term	6361	0.000267
operation code: ovarian cyst removal/surgery	Self-reported operation	1	no suitable term	none_suitable		0.949495	0.909091	no suitable term	6962	0.000292
operation code: ovarian/tubal surgery	Self-reported operation	1	no suitable term	none_suitable		0.890000	0.800000	no suitable term	6735	0.000283
operation code: percutaneous/open kidney stone surgery/lithotripsy	Self-reported operation	1	no suitable term	none_suitable		0.950000	0.920000	no suitable term	5982	0.000251
operation code: pilonidal sinus surgery (anal)	Self-reported operation	1	review (uncertain abstention)	none_suitable		0.535354	0.313131	review (uncertain abstention)	6652	0.000279
operation code: prostate operation	Self-reported operation	1	no suitable term	none_suitable		0.900000	0.800000	no suitable term	3735	0.000157
operation code: rectal or colon polypectomy	Self-reported operation	1	no suitable term	none_suitable		0.939394	0.909091	no suitable term	6188	0.000260
operation code: reduction or fixation of bone fracture	Self-reported operation	1	no suitable term	none_suitable		0.950000	0.900000	no suitable term	5452	0.000229
operation code: removal of mole/skin lesion	Self-reported operation	1	no suitable term	none_suitable		0.910000	0.870000	no suitable term	5929	0.000249
operation code: removal of rodent ulcer / basal cell carcinoma (bcc)	Self-reported operation	1	review (uncertain abstention)	none_suitable		0.730000	0.530000	review (uncertain abstention)	6650	0.000279
operation code: removal of testicle/orchidectomy	Self-reported operation	1	no suitable term	none_suitable		0.970000	0.960000	no suitable term	5503	0.000231
operation code: retinal operation/vitrectomy	Self-reported operation	1	review (uncertain pick)	EFO:0010722	ophthalmic procedure	0.690000	0.680000	review (uncertain pick)	6159	0.000259
operation code: rhinoplasty / nose surgery	Self-reported operation	1	no suitable term	none_suitable		0.980000	0.960000	no suitable term	3966	0.000167
operation code: shoulder surgery	Self-reported operation	1	no suitable term	none_suitable		0.720000	0.460000	review (uncertain abstention)	2206	0.000093
operation code: sinus surgery	Self-reported operation	1	no suitable term	none_suitable		0.939394	0.909091	no suitable term	5433	0.000228
operation code: skin operation or plastic surgery	Self-reported operation	1	no suitable term	none_suitable		0.939394	0.909091	no suitable term	5837	0.000245
operation code: spinal laminectomy	Self-reported operation	1	no suitable term	none_suitable		0.910000	0.830000	no suitable term	6147	0.000258
operation code: spine or back surgery	Self-reported operation	1	review (uncertain pick)	none_suitable		0.950000	0.930000	no suitable term	5785	0.000243
operation code: squint correction	Self-reported operation	1	review (uncertain abstention)	none_suitable		0.590000	0.200000	review (uncertain abstention)	546	0.000023
operation code: sterilisation	Self-reported operation	1	no suitable term					no candidate	0	0
operation code: stomach surgery	Self-reported operation	1	review (uncertain pick)	EFO:0020979	digestive system surgery	0.720000	0.710000	review (uncertain pick)	4440	0.000186
operation code: testicular hydrocoele surgery / drainage	Self-reported operation	1	no suitable term	none_suitable		0.700000	0.470000	review (uncertain abstention)	5767	0.000242
operation code: testicular/scrotal operation	Self-reported operation	1	no suitable term	none_suitable		0.949495	0.898990	no suitable term	6456	0.000271
operation code: throat/larynx surgery (incl tracheostomy)	Self-reported operation	1	no suitable term	none_suitable		0.949495	0.919192	no suitable term	4304	0.000181
operation code: thyroidectomy/partial thyroidectomy	Self-reported operation	1	no suitable term	none_suitable		0.980000	0.970000	no suitable term	5755	0.000242
operation code: transurethral resection of prostate (turp)	Self-reported operation	1	no suitable term	none_suitable		0.490000	0.020000	review (uncertain abstention)	5769	0.000242
operation code: umbilical hernia repair	Self-reported operation	1	review (uncertain abstention)	none_suitable		0.860000	0.740000	no suitable term	7149	0.000300
operation code: unclassifiable	Self-reported operation	1	no suitable term	none_suitable		0.840000	0.680000	review (uncertain abstention)	644	0.000027
operation code: unilateral oophorectomy	Self-reported operation	1	review (uncertain pick)	EFO:0010173	oophorectomy	0.700000	0.690000	review (uncertain pick)	5198	0.000218
operation code: upper limb surgery	Self-reported operation	1	no suitable term	none_suitable		0.970000	0.950000	no suitable term	5585	0.000235
operation code: uterine surgery	Self-reported operation	1	no suitable term	none_suitable		0.950000	0.930000	no suitable term	6847	0.000288
operation code: vaginal prolapse/colposuspension	Self-reported operation	1	review (uncertain abstention)	none_suitable		0.610000	0.310000	review (uncertain abstention)	4502	0.000189
operation code: varicose vein surgery	Self-reported operation	1	no suitable term	none_suitable		0.890000	0.840000	no suitable term	2048	0.000086
operation code: vasectomy	Self-reported operation	1	review (uncertain abstention)					no candidate	0	0
operation code: wisdom teeth surgery	Self-reported operation	1	no suitable term	none_suitable		0.890000	0.830000	no suitable term	3791	0.000159
operative procedures - main opcs: a52.1 therapeutic lumbar epidural injection	OPCS procedure	1	review (uncertain abstention)	none_suitable		0.630000	0.290000	review (uncertain abstention)	1718	0.000072
operative procedures - main opcs: a52.2 therapeutic sacral epidural injection	OPCS procedure	1	no suitable term	none_suitable		0.730000	0.460000	review (uncertain abstention)	1687	0.000071
operative procedures - main opcs: a61.1 excision of lesion of peripheral nerve	OPCS procedure	1	no suitable term	none_suitable		0.860000	0.810000	no suitable term	5962	0.000250
operative procedures - main opcs: a65.1 carpal tunnel release	OPCS procedure	1	no suitable term	none_suitable		0.900000	0.800000	no suitable term	2115	0.000089
operative procedures - main opcs: a73.5 injection of therapeutic substance around peripheral nerve	OPCS procedure	1	no suitable term	EFO:0010063	Therapeutic Procedure	0.630000	0.620000	review (uncertain pick)	6002	0.000252
operative procedures - main opcs: b28.2 partial excision of breast nec	OPCS procedure	1	no suitable term	none_suitable		0.939394	0.898990	no suitable term	5734	0.000241
operative procedures - main opcs: b28.3 excision of lesion of breast nec	OPCS procedure	1	no suitable term	none_suitable		0.919192	0.878788	no suitable term	6620	0.000278
operative procedures - main opcs: b28.5 wire guided partial excision of breast	OPCS procedure	1	no suitable term	none_suitable		0.980000	0.960000	no suitable term	5735	0.000241
operative procedures - main opcs: c12.1 excision of lesion of eyelid nec	OPCS procedure	1	no suitable term	none_suitable		0.870000	0.820000	no suitable term	6058	0.000254
operative procedures - main opcs: c12.4 curettage of lesion of eyelid	OPCS procedure	1	no suitable term	EFO:0010728	curettage	0.565657	0.545455	review (uncertain pick)	6054	0.000254
operative procedures - main opcs: c75.1 insertion of prosthetic replacement for lens nec	OPCS procedure	1	review (uncertain abstention)	none_suitable		0.929293	0.898990	no suitable term	6014	0.000253
operative procedures - main opcs: c79.2 vitrectomy using pars plana approach	OPCS procedure	1	review (uncertain abstention)	none_suitable		1.000000	1.000000	no suitable term	1366	0.000057
operative procedures - main opcs: d02.1 excision of lesion of external ear	OPCS procedure	1	no suitable term	none_suitable		0.950000	0.920000	no suitable term	5834	0.000245
operative procedures - main opcs: d15.1 myringotomy with insertion of ventilation tube through tympanic membrane	OPCS procedure	1	no suitable term	none_suitable		0.980000	0.960000	no suitable term	6560	0.000276
operative procedures - main opcs: e03.6 septoplasty of nose nec	OPCS procedure	1	no suitable term	none_suitable		0.880000	0.780000	no suitable term	5393	0.000227
operative procedures - main opcs: e08.1 polypectomy of internal nose	OPCS procedure	1	no suitable term	none_suitable		0.890000	0.790000	no suitable term	5452	0.000229
operative procedures - main opcs: e09.1 excision of lesion of external nose	OPCS procedure	1	review (uncertain pick)	none_suitable		0.950000	0.930000	no suitable term	5905	0.000248
operative procedures - main opcs: e36.9 unspecified diagnostic endoscopic examination of larynx	OPCS procedure	1	no suitable term	none_suitable		0.990000	0.980000	no suitable term	6149	0.000258
operative procedures - main opcs: e49.9 unspecified diagnostic fibreoptic endoscopic examination of lower respiratory tract	OPCS procedure	1	no suitable term	none_suitable		0.990000	0.980000	no suitable term	6024	0.000253
operative procedures - main opcs: f02.1 excision of lesion of lip	OPCS procedure	1	no suitable term	none_suitable		0.870000	0.810000	no suitable term	5821	0.000244
operative procedures - main opcs: f09.1 surgical removal of impacted wisdom tooth	OPCS procedure	1	no suitable term	EFO:0009744	surgical resection	0.490000	0.410000	review (uncertain pick)	5326	0.000224
operative procedures - main opcs: f09.3 surgical removal of wisdom tooth nec	OPCS procedure	1	review (uncertain abstention)	EFO:0009744	surgical resection	0.590000	0.580000	review (uncertain pick)	5587	0.000235
operative procedures - main opcs: f09.5 surgical removal of retained root of tooth	OPCS procedure	1	no suitable term	EFO:0009744	surgical resection	0.620000	0.610000	review (uncertain pick)	5443	0.000229
operative procedures - main opcs: f12.1 apicectomy of tooth	OPCS procedure	1	no suitable term	none_suitable		0.970000	0.950000	no suitable term	5238	0.000220
operative procedures - main opcs: g45.1 fibreoptic endoscopic examination of upper gastrointestinal tract and biopsy of lesion of upper gastrointestinal tract	OPCS procedure	1	review (uncertain abstention)	none_suitable		0.970000	0.960000	no suitable term	6030	0.000253
operative procedures - main opcs: g45.9 unspecified diagnostic fibreoptic endoscopic examination of upper gastrointestinal tract	OPCS procedure	1	review (uncertain abstention)	none_suitable		0.990000	0.980000	no suitable term	5992	0.000252
operative procedures - main opcs: h20.1 fibreoptic endoscopic snare resection of lesion of colon	OPCS procedure	1	review (uncertain pick)	EFO:0009744	surgical resection	0.670000	0.660000	review (uncertain pick)	6463	0.000271
operative procedures - main opcs: h20.2 fibreoptic endoscopic cauterisation of lesion of colon	OPCS procedure	1	review (uncertain abstention)	none_suitable		0.980000	0.970000	no suitable term	6258	0.000263
operative procedures - main opcs: h20.6 fibreoptic endoscopic resection of lesion of colon nec	OPCS procedure	1	review (uncertain abstention)	EFO:0009744	surgical resection	0.650000	0.620000	review (uncertain pick)	6539	0.000275
operative procedures - main opcs: h22.1 diagnostic fibreoptic endoscopic examination of colon and biopsy of lesion of colon	OPCS procedure	1	review (uncertain pick)	none_suitable		0.960000	0.930000	no suitable term	6134	0.000258
operative procedures - main opcs: h22.9 unspecified diagnostic endoscopic examination of colon	OPCS procedure	1	review (uncertain abstention)	none_suitable		1.000000	1.000000	no suitable term	6202	0.000260
operative procedures - main opcs: h23.1 endoscopic snare resection of lesion of lower bowel using fibreoptic sigmoidoscope	OPCS procedure	1	review (uncertain pick)	EFO:0009744	surgical resection	0.565657	0.545455	review (uncertain pick)	6382	0.000268
operative procedures - main opcs: h25.1 diagnostic endoscopic examination of lower bowel and biopsy of lesion of lower bowel using fibreoptic sigmoidoscope	OPCS procedure	1	review (uncertain abstention)	none_suitable		0.960000	0.930000	no suitable term	5916	0.000248
operative procedures - main opcs: h25.9 unspecified diagnostic endoscopic examination of lower bowel using fibreoptic sigmoidoscope	OPCS procedure	1	review (uncertain abstention)	none_suitable		1.000000	1.000000	no suitable term	6245	0.000262
operative procedures - main opcs: h28.9 unspecified diagnostic endoscopic examination of sigmoid colon using rigid sigmoidoscope	OPCS procedure	1	review (uncertain abstention)	none_suitable		1.000000	1.000000	no suitable term	6372	0.000268
operative procedures - main opcs: h48.2 excision of skin tag of anus	OPCS procedure	1	review (uncertain abstention)	none_suitable		0.710000	0.490000	review (uncertain abstention)	6066	0.000255
operative procedures - main opcs: h51.1 haemorrhoidectomy	OPCS procedure	1	review (uncertain abstention)					no candidate	0	0
operative procedures - main opcs: h52.4 rubber band ligation of haemorrhoid	OPCS procedure	1	review (uncertain abstention)	none_suitable		1.000000	1.000000	no suitable term	5500	0.000231
operative procedures - main opcs: j13.2 percutaneous biopsy of lesion of liver nec	OPCS procedure	1	no suitable term	EFO:0009120	biopsy	0.464646	0.383838	review (uncertain pick)	6493	0.000273
operative procedures - main opcs: j43.9 unspecified diagnostic endoscopic retrograde examination of bile duct and pancreatic duct	OPCS procedure	1	review (uncertain pick)	none_suitable		0.990000	0.980000	no suitable term	6425	0.000270
operative procedures - main opcs: k63.1 angiocardiography of combination of right and left side of heart	OPCS procedure	1	no suitable term	none_suitable		0.939394	0.898990	no suitable term	5951	0.000250
operative procedures - main opcs: k63.3 angiocardiography of left side of heart nec	OPCS procedure	1	no suitable term	none_suitable		0.960000	0.940000	no suitable term	5957	0.000250
operative procedures - main opcs: k63.4 coronary arteriography using two catheters	OPCS procedure	1	no suitable term	none_suitable		0.830000	0.740000	review (uncertain abstention)	3174	0.000133
operative procedures - main opcs: k63.6 coronary arteriography nec	OPCS procedure	1	review (uncertain abstention)	none_suitable		0.808081	0.707071	review (uncertain abstention)	4750	0.000199
operative procedures - main opcs: l84.1 combined operations on primary long saphenous vein	OPCS procedure	1	no suitable term	none_suitable		0.880000	0.780000	no suitable term	6089	0.000256
operative procedures - main opcs: l85.1 ligation of long saphenous vein	OPCS procedure	1	no suitable term	none_suitable		0.990000	0.980000	no suitable term	5982	0.000251
operative procedures - main opcs: l87.4 avulsion of varicose vein of leg	OPCS procedure	1	no suitable term	none_suitable		0.750000	0.540000	review (uncertain abstention)	5339	0.000224
operative procedures - main opcs: m14.1 extracorporeal shock wave lithotripsy of calculus of kidney	OPCS procedure	1	no suitable term	none_suitable		0.830000	0.710000	review (uncertain abstention)	6021	0.000253
operative procedures - main opcs: m29.3 endoscopic removal of tubal prosthesis from ureter	OPCS procedure	1	no suitable term	none_suitable		0.980000	0.960000	no suitable term	5717	0.000240
operative procedures - main opcs: m42.1 endoscopic resection of lesion of bladder	OPCS procedure	1	no suitable term	none_suitable		0.565657	0.161616	review (uncertain abstention)	6221	0.000261
operative procedures - main opcs: m45.1 diagnostic endoscopic examination of bladder and biopsy of lesion of bladder nec	OPCS procedure	1	no suitable term	none_suitable		0.929293	0.868687	no suitable term	5915	0.000248
operative procedures - main opcs: m45.8 other specified diagnostic endoscopic examination of bladder	OPCS procedure	1	no suitable term	none_suitable		0.990000	0.980000	no suitable term	6020	0.000253
operative procedures - main opcs: m45.9 unspecified diagnostic endoscopic examination of bladder	OPCS procedure	1	no suitable term	none_suitable		0.990000	0.980000	no suitable term	6157	0.000259
operative procedures - main opcs: m47.3 removal of urethral catheter from bladder	OPCS procedure	1	no suitable term	none_suitable		1.000000	1.000000	no suitable term	6022	0.000253
operative procedures - main opcs: m47.4 urodynamic studies using catheter	OPCS procedure	1	no suitable term	none_suitable		0.950000	0.910000	no suitable term	717	0.000030
operative procedures - main opcs: m47.8 other specified urethral catheterisation of bladder	OPCS procedure	1	no suitable term	none_suitable		0.990000	0.980000	no suitable term	5945	0.000250
operative procedures - main opcs: m47.9 unspecified urethral catheterisation of bladder	OPCS procedure	1	no suitable term	none_suitable		1.000000	1.000000	no suitable term	6058	0.000254
operative procedures - main opcs: m53.8 other specified vaginal operations to support outlet of female bladder	OPCS procedure	1	review (uncertain abstention)	none_suitable		0.787879	0.696970	review (uncertain abstention)	6080	0.000255
operative procedures - main opcs: m65.1 endoscopic resection of prostate using electrotome	OPCS procedure	1	no suitable term	EFO:0009744	surgical resection	0.500000	0.490000	review (uncertain pick)	5794	0.000243
operative procedures - main opcs: m65.3 endoscopic resection of prostate nec	OPCS procedure	1	no suitable term	none_suitable		0.474747	0.000000	review (uncertain abstention)	5950	0.000250
operative procedures - main opcs: m70.3 rectal needle biopsy of prostate	OPCS procedure	1	no suitable term	EFO:0009120	biopsy	0.760000	0.740000	review (uncertain pick)	6254	0.000263
operative procedures - main opcs: m76.4 endoscopic dilation of urethra	OPCS procedure	1	no suitable term	none_suitable		0.980000	0.960000	no suitable term	5430	0.000228
operative procedures - main opcs: n17.1 bilateral vasectomy	OPCS procedure	1	no suitable term	none_suitable		0.990000	0.980000	no suitable term	5765	0.000242
operative procedures - main opcs: o29.1 subacromial decompression	OPCS procedure	1	no suitable term	none_suitable		0.970000	0.940000	no suitable term	473	0.000020
operative procedures - main opcs: p23.1 anterior and posterior colporrhaphy nec	OPCS procedure	1	review (uncertain abstention)	none_suitable		0.990000	0.980000	no suitable term	6387	0.000268
operative procedures - main opcs: p23.2 anterior colporrhaphy nec	OPCS procedure	1	no suitable term	none_suitable		0.980000	0.960000	no suitable term	6585	0.000277
operative procedures - main opcs: p23.3 posterior colporrhaphy nec	OPCS procedure	1	no suitable term	none_suitable		0.980000	0.960000	no suitable term	7041	0.000296
operative procedures - main opcs: p27.3 colposcopy of vagina	OPCS procedure	1	no suitable term	none_suitable		0.990000	0.980000	no suitable term	5545	0.000233
operative procedures - main opcs: q01.3 excision of lesion of cervix uteri	OPCS procedure	1	no suitable term	none_suitable		0.939394	0.909091	no suitable term	6552	0.000275
operative procedures - main opcs: q08.9 unspecified vaginal excision of uterus	OPCS procedure	1	no suitable term	none_suitable		0.970000	0.950000	no suitable term	6212	0.000261
operative procedures - main opcs: q10.3 dilation of cervix uteri and curettage of uterus nec	OPCS procedure	1	no suitable term	none_suitable		0.980000	0.960000	no suitable term	6440	0.000270
operative procedures - main opcs: q11.3 evacuation of products of conception from uterus nec	OPCS procedure	1	review (uncertain pick)	none_suitable		0.970000	0.960000	no suitable term	6260	0.000263
operative procedures - main opcs: q12.1 introduction of intrauterine contraceptive device	OPCS procedure	1	review (uncertain pick)	EFO:0009520	contraception	0.700000	0.700000	review (uncertain pick)	5460	0.000229
operative procedures - main opcs: q17.1 endoscopic resection of lesion of uterus	OPCS procedure	1	no suitable term	EFO:0009744	surgical resection	0.500000	0.470000	review (uncertain pick)	6297	0.000264
operative procedures - main opcs: q18.1 diagnostic endoscopic examination of uterus and biopsy of lesion of uterus	OPCS procedure	1	review (uncertain pick)	none_suitable		0.980000	0.970000	no suitable term	6202	0.000260
operative procedures - main opcs: q18.8 other specified diagnostic endoscopic examination of uterus	OPCS procedure	1	no suitable term	none_suitable		0.990000	0.980000	no suitable term	6039	0.000254
operative procedures - main opcs: q18.9 unspecified diagnostic endoscopic examination of uterus	OPCS procedure	1	no suitable term	none_suitable		1.000000	1.000000	no suitable term	6183	0.000260
operative procedures - main opcs: q22.1 bilateral salpingoophorectomy	OPCS procedure	1	review (uncertain pick)	EFO:0009717	bilateral oophorectomy	0.730000	0.730000	review (uncertain pick)	5769	0.000242
operative procedures - main opcs: q35.2 endoscopic bilateral clipping of fallopian tubes	OPCS procedure	1	no suitable term	none_suitable		0.949495	0.898990	no suitable term	5916	0.000248
operative procedures - main opcs: r24.9 all normal delivery	OPCS procedure	1	no suitable term	none_suitable		0.740000	0.620000	review (uncertain abstention)	6779	0.000285
operative procedures - main opcs: s06.5 excision of lesion of skin of head or neck nec	OPCS procedure	1	no suitable term	none_suitable		0.949495	0.929293	no suitable term	5573	0.000234
operative procedures - main opcs: s06.8 other specified other excision of lesion of skin	OPCS procedure	1	no suitable term	none_suitable		0.970000	0.950000	no suitable term	5991	0.000252
operative procedures - main opcs: s06.9 unspecified other excision of lesion of skin	OPCS procedure	1	no suitable term	none_suitable		0.970000	0.960000	no suitable term	5976	0.000251
operative procedures - main opcs: s47.2 drainage of lesion of skin nec	OPCS procedure	1	no suitable term	none_suitable		0.929293	0.868687	no suitable term	5970	0.000251
operative procedures - main opcs: s57.1 debridement of skin nec	OPCS procedure	1	no suitable term	none_suitable		0.950000	0.910000	no suitable term	6050	0.000254
operative procedures - main opcs: t20.2 primary repair of inguinal hernia using insert of prosthetic material	OPCS procedure	1	no suitable term	none_suitable		0.770000	0.550000	review (uncertain abstention)	6690	0.000281
operative procedures - main opcs: t20.9 unspecified primary repair of inguinal hernia	OPCS procedure	1	review (uncertain abstention)	none_suitable		0.630000	0.280000	review (uncertain abstention)	6366	0.000267
operative procedures - main opcs: t24.3 repair of umbilical hernia using sutures	OPCS procedure	1	review (uncertain abstention)	none_suitable		0.840000	0.690000	review (uncertain abstention)	5921	0.000249
operative procedures - main opcs: t43.9 unspecified diagnostic endoscopic examination of peritoneum	OPCS procedure	1	review (uncertain abstention)	none_suitable		0.980000	0.960000	no suitable term	5634	0.000237
operative procedures - main opcs: t52.1 palmar fasciectomy	OPCS procedure	1	no suitable term	none_suitable		0.840000	0.680000	review (uncertain abstention)	1199	0.000050
operative procedures - main opcs: t67.6 primary simple repair of tendon	OPCS procedure	1	no suitable term	none_suitable		0.980000	0.960000	no suitable term	6112	0.000257
operative procedures - main opcs: t72.3 release of constriction of sheath of tendon	OPCS procedure	1	no suitable term	none_suitable		0.939394	0.909091	no suitable term	5514	0.000232
operative procedures - main opcs: u05.1 computed tomography of head	OPCS procedure	1	review (uncertain pick)	none_suitable		0.515152	0.171717	review (uncertain abstention)	5521	0.000232
operative procedures - main opcs: u08.1 computed tomography of abdomen nec	OPCS procedure	1	review (uncertain pick)	none_suitable		0.515152	0.171717	review (uncertain abstention)	5497	0.000231
operative procedures - main opcs: u20.1 transthoracic echocardiography	OPCS procedure	1	no suitable term	none_suitable		0.790000	0.580000	review (uncertain abstention)	473	0.000020
operative procedures - main opcs: u21.2 computed tomography nec	OPCS procedure	1	review (uncertain pick)	none_suitable		0.640000	0.510000	review (uncertain abstention)	2712	0.000114
operative procedures - main opcs: v54.4 injection around spinal facet of spine	OPCS procedure	1	no suitable term	none_suitable		0.910000	0.830000	no suitable term	5919	0.000249
operative procedures - main opcs: w15.1 osteotomy of neck of first metatarsal bone	OPCS procedure	1	no suitable term	none_suitable		0.990000	0.980000	no suitable term	5849	0.000246
operative procedures - main opcs: w15.3 osteotomy of first metatarsal bone nec	OPCS procedure	1	no suitable term	none_suitable		0.900000	0.830000	no suitable term	5990	0.000252
operative procedures - main opcs: w20.1 primary open reduction of fracture of long bone and extramedullary fixation using plate nec	OPCS procedure	1	no suitable term	none_suitable		0.797980	0.686869	review (uncertain abstention)	6230	0.000262
operative procedures - main opcs: w20.5 primary open reduction of fracture of ankle and extramedullary fixation nec	OPCS procedure	1	review (uncertain abstention)	none_suitable		0.590000	0.190000	review (uncertain abstention)	6155	0.000259
operative procedures - main opcs: w26.2 manipulation of fracture of bone nec	OPCS procedure	1	review (uncertain abstention)	none_suitable		0.860000	0.790000	no suitable term	6054	0.000254
operative procedures - main opcs: w28.3 removal of internal fixation from bone nec	OPCS procedure	1	no suitable term	none_suitable		0.939394	0.898990	no suitable term	6010	0.000252
operative procedures - main opcs: w36.5 diagnostic extraction of bone marrow nec	OPCS procedure	1	review (uncertain abstention)	none_suitable		0.600000	0.390000	review (uncertain abstention)	5986	0.000251
operative procedures - main opcs: w38.1 primary total prosthetic replacement of hip joint not using cement	OPCS procedure	1	review (uncertain pick)	EFO:0009806	total hip arthroplasty	0.960000	0.960000	auto-accepted	6470	0.000272
operative procedures - main opcs: w58.1 primary resurfacing arthroplasty of joint	OPCS procedure	1	review (uncertain abstention)	none_suitable		0.690000	0.390000	review (uncertain abstention)	6167	0.000259
operative procedures - main opcs: w79.1 soft tissue correction of hallux valgus	OPCS procedure	1	review (uncertain abstention)	none_suitable		0.710000	0.420000	review (uncertain abstention)	6208	0.000261
operative procedures - main opcs: w82.2 endoscopic resection of semilunar cartilage nec	OPCS procedure	1	review (uncertain abstention)	EFO:0009744	surgical resection	0.620000	0.610000	review (uncertain pick)	5730	0.000241
operative procedures - main opcs: w84.8 other specified therapeutic endoscopic operations on other joint structure	OPCS procedure	1	review (uncertain abstention)	none_suitable		0.808081	0.686869	review (uncertain abstention)	5716	0.000240
operative procedures - main opcs: w85.2 endoscopic irrigation of knee joint	OPCS procedure	1	review (uncertain pick)	none_suitable		0.950000	0.900000	no suitable term	5600	0.000235
operative procedures - main opcs: w87.9 unspecified diagnostic endoscopic examination of knee joint	OPCS procedure	1	no suitable term	none_suitable		0.970000	0.940000	no suitable term	5962	0.000250
operative procedures - main opcs: w90.1 aspiration of joint	OPCS procedure	1	no suitable term	none_suitable		0.890000	0.840000	no suitable term	5554	0.000233
operative procedures - main opcs: w90.3 injection of therapeutic substance into joint	OPCS procedure	1	no suitable term	none_suitable		0.565657	0.161616	review (uncertain abstention)	5613	0.000236
operative procedures - main opcs: w91.9 unspecified other manipulation of joint	OPCS procedure	1	no suitable term	none_suitable		0.890000	0.780000	no suitable term	5735	0.000241
operative procedures - main opcs: x29.2 continuous intravenous infusion of therapeutic substance nec	OPCS procedure	1	review (uncertain pick)	EFO:0010063	Therapeutic Procedure	0.700000	0.690000	review (uncertain pick)	5436	0.000228
operative procedures - main opcs: x29.8 other specified continuous infusion of therapeutic substance	OPCS procedure	1	review (uncertain pick)	EFO:0010063	Therapeutic Procedure	0.540000	0.530000	review (uncertain pick)	5298	0.000223
operative procedures - main opcs: x31.2 intravenous pyelography	OPCS procedure	1	no suitable term	none_suitable		1.000000	1.000000	no suitable term	473	0.000020
operative procedures - main opcs: x35.2 intravenous chemotherapy	OPCS procedure	1	no suitable term	none_suitable		0.980000	0.970000	no suitable term	1217	0.000051
operative procedures - main opcs: x50.1 direct current cardioversion	OPCS procedure	1	no suitable term	none_suitable		1.000000	1.000000	no suitable term	690	0.000029
operative procedures - main opcs: x55.8 other specified other operations on unspecified organ	OPCS procedure	1	no suitable term	none_suitable		0.740000	0.490000	review (uncertain abstention)	6130	0.000257
operative procedures - main opcs: x70.2 procurement of drugs for chemotherapy for neoplasm for regimens in band 2	OPCS procedure	1	no suitable term	none_suitable		1.000000	1.000000	no suitable term	5746	0.000241
operative procedures - main opcs: x72.4 delivery of subsequent element of cycle of chemotherapy for neoplasm	OPCS procedure	1	no suitable term	none_suitable		1.000000	1.000000	no suitable term	5556	0.000233
operative procedures - main opcs: x99.8 no procedure performed	OPCS procedure	1	review (uncertain abstention)	none_suitable		0.860000	0.730000	no suitable term	2474	0.000104
operative procedures - main opcs: x99.9 not known (procedure performed)	OPCS procedure	1	review (uncertain pick)	EFO:0002571	medical procedure	0.770000	0.760000	review (uncertain pick)	3580	0.000150
operative procedures - secondary opcs: c71.2 phacoemulsification of lens	OPCS procedure	1	no suitable term	none_suitable		0.970000	0.950000	no suitable term	5323	0.000224
operative procedures - secondary opcs: c79.5 internal tamponade of retina using gas	OPCS procedure	1	no suitable term	none_suitable		0.950000	0.920000	no suitable term	5684	0.000239
operative procedures - secondary opcs: c90.3 subtenons anaesthetic	OPCS procedure	1	no suitable term					no candidate	0	0
operative procedures - secondary opcs: c90.9 unspecified local anaesthetics for ophthalmology procedures	OPCS procedure	1	review (uncertain pick)	none_suitable		0.800000	0.610000	review (uncertain abstention)	6738	0.000283
operative procedures - secondary opcs: e04.1 submucous diathermy to turbinate of nose	OPCS procedure	1	no suitable term	none_suitable		0.980000	0.970000	no suitable term	5930	0.000249
operative procedures - secondary opcs: e13.3 intranasal antrostomy	OPCS procedure	1	no suitable term					no candidate	0	0
operative procedures - secondary opcs: e13.6 puncture of maxillary antrum	OPCS procedure	1	no suitable term	none_suitable		0.980000	0.960000	no suitable term	5546	0.000233
operative procedures - secondary opcs: e36.9 unspecified diagnostic endoscopic examination of larynx	OPCS procedure	1	no suitable term	none_suitable		0.990000	0.980000	no suitable term	6149	0.000258
operative procedures - secondary opcs: g45.1 fibreoptic endoscopic examination of upper gastrointestinal tract and biopsy of lesion of upper gastrointestinal tract	OPCS procedure	1	review (uncertain abstention)	none_suitable		0.980000	0.970000	no suitable term	6030	0.000253
operative procedures - secondary opcs: g45.9 unspecified diagnostic fibreoptic endoscopic examination of upper gastrointestinal tract	OPCS procedure	1	review (uncertain abstention)	none_suitable		0.980000	0.970000	no suitable term	5992	0.000252
operative procedures - secondary opcs: h22.1 diagnostic fibreoptic endoscopic examination of colon and biopsy of lesion of colon	OPCS procedure	1	review (uncertain pick)	none_suitable		0.949495	0.909091	no suitable term	6134	0.000258
operative procedures - secondary opcs: h22.9 unspecified diagnostic endoscopic examination of colon	OPCS procedure	1	review (uncertain abstention)	none_suitable		0.980000	0.970000	no suitable term	6202	0.000260
operative procedures - secondary opcs: h25.9 unspecified diagnostic endoscopic examination of lower bowel using fibreoptic sigmoidoscope	OPCS procedure	1	no suitable term	none_suitable		1.000000	1.000000	no suitable term	6245	0.000262
operative procedures - secondary opcs: h28.9 unspecified diagnostic endoscopic examination of sigmoid colon using rigid sigmoidoscope	OPCS procedure	1	review (uncertain abstention)	none_suitable		0.990000	0.980000	no suitable term	6372	0.000268
operative procedures - secondary opcs: h44.4 examination of rectum under anaesthetic	OPCS procedure	1	review (uncertain abstention)	none_suitable		0.990000	0.980000	no suitable term	5748	0.000241
operative procedures - secondary opcs: j43.9 unspecified diagnostic endoscopic retrograde examination of bile duct and pancreatic duct	OPCS procedure	1	review (uncertain abstention)	none_suitable		0.990000	0.980000	no suitable term	6425	0.000270
operative procedures - secondary opcs: k63.3 angiocardiography of left side of heart nec	OPCS procedure	1	no suitable term	none_suitable		0.970000	0.950000	no suitable term	5957	0.000250
operative procedures - secondary opcs: k63.4 coronary arteriography using two catheters	OPCS procedure	1	no suitable term	none_suitable		0.840000	0.780000	review (uncertain abstention)	3174	0.000133
operative procedures - secondary opcs: k63.6 coronary arteriography nec	OPCS procedure	1	no suitable term	none_suitable		0.720000	0.590000	review (uncertain abstention)	4750	0.000199
operative procedures - secondary opcs: l87.1 stripping of long saphenous vein	OPCS procedure	1	no suitable term	none_suitable		0.980000	0.960000	no suitable term	5981	0.000251
operative procedures - secondary opcs: l87.4 avulsion of varicose vein of leg	OPCS procedure	1	no suitable term	none_suitable		0.770000	0.580000	review (uncertain abstention)	5339	0.000224
operative procedures - secondary opcs: l91.2 insertion of central venous catheter nec	OPCS procedure	1	no suitable term	none_suitable		0.980000	0.970000	no suitable term	6063	0.000255
operative procedures - secondary opcs: m45.9 unspecified diagnostic endoscopic examination of bladder	OPCS procedure	1	no suitable term	none_suitable		0.990000	0.980000	no suitable term	6157	0.000259
operative procedures - secondary opcs: m47.3 removal of urethral catheter from bladder	OPCS procedure	1	no suitable term	none_suitable		1.000000	1.000000	no suitable term	6022	0.000253
operative procedures - secondary opcs: m47.9 unspecified urethral catheterisation of bladder	OPCS procedure	1	no suitable term	none_suitable		0.990000	0.980000	no suitable term	6058	0.000254
operative procedures - secondary opcs: o14.2 sentinel lymph node	OPCS procedure	1	no suitable term	none_suitable		0.990000	0.980000	no suitable term	2269	0.000095
operative procedures - secondary opcs: p27.3 colposcopy of vagina	OPCS procedure	1	no suitable term	none_suitable		0.970000	0.950000	no suitable term	5545	0.000233
operative procedures - secondary opcs: q08.9 unspecified vaginal excision of uterus	OPCS procedure	1	no suitable term	none_suitable		0.970000	0.950000	no suitable term	6212	0.000261
operative procedures - secondary opcs: q12.1 introduction of intrauterine contraceptive device	OPCS procedure	1	review (uncertain pick)	EFO:0009520	contraception	0.630000	0.610000	review (uncertain pick)	5460	0.000229
operative procedures - secondary opcs: q12.4 removal of intrauterine contraceptive device nec	OPCS procedure	1	review (uncertain abstention)	none_suitable		0.565657	0.323232	review (uncertain abstention)	5511	0.000231
operative procedures - secondary opcs: q18.1 diagnostic endoscopic examination of uterus and biopsy of lesion of uterus	OPCS procedure	1	no suitable term	none_suitable		0.970000	0.950000	no suitable term	6202	0.000260
operative procedures - secondary opcs: q18.8 other specified diagnostic endoscopic examination of uterus	OPCS procedure	1	no suitable term	none_suitable		0.990000	0.980000	no suitable term	6039	0.000254
operative procedures - secondary opcs: q18.9 unspecified diagnostic endoscopic examination of uterus	OPCS procedure	1	no suitable term	none_suitable		0.990000	0.980000	no suitable term	6183	0.000260
operative procedures - secondary opcs: q22.1 bilateral salpingoophorectomy	OPCS procedure	1	review (uncertain abstention)	EFO:0009717	bilateral oophorectomy	0.730000	0.730000	review (uncertain pick)	5769	0.000242
operative procedures - secondary opcs: q55.3 papanicolau smear nec	OPCS procedure	1	review (uncertain abstention)	none_suitable		0.650000	0.300000	review (uncertain abstention)	2560	0.000108
operative procedures - secondary opcs: r14.1 forewater rupture of amniotic membrane	OPCS procedure	1	review (uncertain pick)	HP:0001788	Premature rupture of membranes	0.515152	0.454545	review (uncertain pick)	6070	0.000255
operative procedures - secondary opcs: r14.9 unspecified surgical induction of labour	OPCS procedure	1	review (uncertain pick)	none_suitable		0.980000	0.960000	no suitable term	5433	0.000228
operative procedures - secondary opcs: r15.1 medical induction of labour	OPCS procedure	1	review (uncertain pick)	none_suitable		0.990000	0.980000	no suitable term	5473	0.000230
operative procedures - secondary opcs: r27.1 episiotomy to facilitate delivery	OPCS procedure	1	review (uncertain abstention)	none_suitable		0.939394	0.898990	no suitable term	7177	0.000301
operative procedures - secondary opcs: r32.3 repair of obstetric laceration of vagina and floor of pelvis	OPCS procedure	1	review (uncertain abstention)	none_suitable		0.990000	0.980000	no suitable term	6143	0.000258
operative procedures - secondary opcs: r32.4 repair of minor obstetric laceration	OPCS procedure	1	review (uncertain abstention)	none_suitable		0.970000	0.940000	no suitable term	5577	0.000234
operative procedures - secondary opcs: s06.5 excision of lesion of skin of head or neck nec	OPCS procedure	1	no suitable term	none_suitable		0.950000	0.930000	no suitable term	5573	0.000234
operative procedures - secondary opcs: s06.9 unspecified other excision of lesion of skin	OPCS procedure	1	no suitable term	none_suitable		0.970000	0.950000	no suitable term	5976	0.000251
operative procedures - secondary opcs: s57.1 debridement of skin nec	OPCS procedure	1	no suitable term	none_suitable		0.950000	0.910000	no suitable term	6050	0.000254
operative procedures - secondary opcs: t43.9 unspecified diagnostic endoscopic examination of peritoneum	OPCS procedure	1	review (uncertain abstention)	none_suitable		0.980000	0.960000	no suitable term	5634	0.000237
operative procedures - secondary opcs: t85.2 block dissection of axillary lymph nodes	OPCS procedure	1	no suitable term	EFO:0003856	dissection	0.680000	0.670000	review (uncertain pick)	5463	0.000229
operative procedures - secondary opcs: t86.2 sampling of axillary lymph nodes	OPCS procedure	1	no suitable term	none_suitable		0.790000	0.600000	review (uncertain abstention)	5311	0.000223
operative procedures - secondary opcs: t87.3 excision or biopsy of axillary lymph node	OPCS procedure	1	no suitable term	none_suitable		0.970000	0.950000	no suitable term	5159	0.000217
operative procedures - secondary opcs: u05.1 computed tomography of head	OPCS procedure	1	review (uncertain pick)	none_suitable		0.600000	0.290000	review (uncertain abstention)	5521	0.000232
operative procedures - secondary opcs: u08.1 computed tomography of abdomen nec	OPCS procedure	1	review (uncertain abstention)	none_suitable		0.676768	0.454545	review (uncertain abstention)	5497	0.000231
operative procedures - secondary opcs: u20.1 transthoracic echocardiography	OPCS procedure	1	no suitable term	none_suitable		0.790000	0.580000	review (uncertain abstention)	473	0.000020
operative procedures - secondary opcs: u21.2 computed tomography nec	OPCS procedure	1	review (uncertain abstention)	none_suitable		0.740000	0.650000	review (uncertain abstention)	2712	0.000114
operative procedures - secondary opcs: v55.1 one level of spine	OPCS procedure	1	review (uncertain abstention)	none_suitable		1.000000	1.000000	no suitable term	5110	0.000215
operative procedures - secondary opcs: v55.2 two levels of spine	OPCS procedure	1	review (uncertain pick)	none_suitable		0.980000	0.970000	no suitable term	5634	0.000237
operative procedures - secondary opcs: v55.3 greater than two levels of spine	OPCS procedure	1	review (uncertain pick)	none_suitable		0.990000	0.980000	no suitable term	5929	0.000249
operative procedures - secondary opcs: w28.1 application of internal fixation to bone nec	OPCS procedure	1	no suitable term	none_suitable		0.840000	0.750000	review (uncertain abstention)	5988	0.000251
operative procedures - secondary opcs: w85.2 endoscopic irrigation of knee joint	OPCS procedure	1	no suitable term	none_suitable		0.939394	0.898990	no suitable term	5600	0.000235
operative procedures - secondary opcs: w90.3 injection of therapeutic substance into joint	OPCS procedure	1	review (uncertain abstention)	none_suitable		0.640000	0.340000	review (uncertain abstention)	5613	0.000236
operative procedures - secondary opcs: x29.8 other specified continuous infusion of therapeutic substance	OPCS procedure	1	review (uncertain abstention)	none_suitable		0.510000	0.040000	review (uncertain abstention)	5298	0.000223
operative procedures - secondary opcs: x72.1 delivery of complex chemotherapy for neoplasm including prolonged infusional treatment at first attendance	OPCS procedure	1	no suitable term	none_suitable		0.980000	0.970000	no suitable term	5586	0.000235
operative procedures - secondary opcs: x72.3 delivery of simple parenteral chemotherapy for neoplasm at first attendance	OPCS procedure	1	no suitable term	none_suitable		0.990000	0.980000	no suitable term	5586	0.000235
operative procedures - secondary opcs: y02.2 insertion of prosthesis into organ noc	OPCS procedure	1	no suitable term	none_suitable		0.910000	0.830000	no suitable term	5506	0.000231
operative procedures - secondary opcs: y03.7 removal of prosthesis from organ noc	OPCS procedure	1	review (uncertain pick)	none_suitable		0.950000	0.910000	no suitable term	5638	0.000237
operative procedures - secondary opcs: y20.3 biopsy of lesion of organ noc	OPCS procedure	1	review (uncertain abstention)	EFO:0009120	biopsy	0.880000	0.870000	auto-accepted	5869	0.000246
operative procedures - secondary opcs: y21.8 other specified cytology of organ noc	OPCS procedure	1	no suitable term	none_suitable		0.960000	0.930000	no suitable term	5504	0.000231
operative procedures - secondary opcs: y44.2 monitoring of pressure in organ noc	OPCS procedure	1	no suitable term	none_suitable		0.880000	0.790000	no suitable term	5070	0.000213
operative procedures - secondary opcs: y50.8 other specified approach through abdominal cavity	OPCS procedure	1	no suitable term	none_suitable		0.950000	0.900000	no suitable term	6078	0.000255
operative procedures - secondary opcs: y52.8 other specified approach to organ through other opening	OPCS procedure	1	no suitable term	none_suitable		1.000000	1.000000	no suitable term	7310	0.000307
operative procedures - secondary opcs: y53.1 approach to organ under radiological control	OPCS procedure	1	no suitable term	none_suitable		0.990000	0.980000	no suitable term	7371	0.000310
operative procedures - secondary opcs: y53.2 approach to organ under ultrasonic control	OPCS procedure	1	no suitable term	none_suitable		0.990000	0.980000	no suitable term	7371	0.000310
operative procedures - secondary opcs: y53.3 approach to organ under computed tomography scan control	OPCS procedure	1	no suitable term	none_suitable		0.950000	0.910000	no suitable term	7210	0.000303
operative procedures - secondary opcs: y53.4 approach to organ under fluoroscopic control	OPCS procedure	1	no suitable term	none_suitable		1.000000	1.000000	no suitable term	7372	0.000310
operative procedures - secondary opcs: y53.5 approach to organ under image intensifier	OPCS procedure	1	no suitable term	none_suitable		0.990000	0.980000	no suitable term	7252	0.000305
operative procedures - secondary opcs: y53.9 unspecified approach to organ under image control	OPCS procedure	1	no suitable term	none_suitable		1.000000	1.000000	no suitable term	7306	0.000307
operative procedures - secondary opcs: y58.8 other specified harvest of skin for graft	OPCS procedure	1	no suitable term	none_suitable		0.990000	0.980000	no suitable term	5991	0.000252
operative procedures - secondary opcs: y71.3 revisional operations noc	OPCS procedure	1	review (uncertain abstention)	none_suitable		0.870000	0.740000	no suitable term	443	0.000019
operative procedures - secondary opcs: y73.1 cardiopulmonary bypass	OPCS procedure	1	no suitable term	none_suitable		0.840000	0.680000	review (uncertain abstention)	626	0.000026
operative procedures - secondary opcs: y75.2 laparoscopic approach to abdominal cavity nec	OPCS procedure	1	review (uncertain abstention)	none_suitable		0.950000	0.910000	no suitable term	7291	0.000306
operative procedures - secondary opcs: y76.7 arthroscopic approach to joint	OPCS procedure	1	review (uncertain abstention)	none_suitable		0.990000	0.980000	no suitable term	7173	0.000301
operative procedures - secondary opcs: y80.1 inhalation anaesthetic using muscle relaxant	OPCS procedure	1	no suitable term	none_suitable		1.000000	1.000000	no suitable term	5953	0.000250
operative procedures - secondary opcs: y80.2 inhalation anaesthetic using endotracheal intubation nec	OPCS procedure	1	review (uncertain abstention)	none_suitable		0.860000	0.740000	no suitable term	2911	0.000122
operative procedures - secondary opcs: y80.3 inhalation anaesthetic nec	OPCS procedure	1	review (uncertain abstention)	none_suitable		0.780000	0.670000	review (uncertain abstention)	2723	0.000114
operative procedures - secondary opcs: y80.4 intravenous anaesthetic nec	OPCS procedure	1	review (uncertain abstention)	none_suitable		0.960000	0.930000	no suitable term	2592	0.000109
operative procedures - secondary opcs: y80.8 other specified general anaesthetic	OPCS procedure	1	no suitable term	none_suitable		1.000000	1.000000	no suitable term	6567	0.000276
operative procedures - secondary opcs: y80.9 unspecified general anaesthetic	OPCS procedure	1	no suitable term	none_suitable		1.000000	1.000000	no suitable term	6630	0.000278
operative procedures - secondary opcs: y81.1 epidural anaesthetic using lumbar approach	OPCS procedure	1	no suitable term	none_suitable		0.980000	0.960000	no suitable term	1582	0.000066
operative procedures - secondary opcs: y81.9 unspecified spinal anaesthetic	OPCS procedure	1	no suitable term	none_suitable		0.960000	0.930000	no suitable term	6175	0.000259
operative procedures - secondary opcs: y82.1 local anaesthetic nerve block	OPCS procedure	1	no suitable term	none_suitable		0.970000	0.940000	no suitable term	6266	0.000263
operative procedures - secondary opcs: y82.2 injection of local anaesthetic nec	OPCS procedure	1	review (uncertain abstention)	none_suitable		0.910000	0.840000	no suitable term	5587	0.000235
operative procedures - secondary opcs: y82.3 application of local anaesthetic nec	OPCS procedure	1	review (uncertain abstention)	none_suitable		0.960000	0.940000	no suitable term	5587	0.000235
operative procedures - secondary opcs: y82.8 other specified local anaesthetic	OPCS procedure	1	review (uncertain abstention)	none_suitable		1.000000	1.000000	no suitable term	6832	0.000287
operative procedures - secondary opcs: y82.9 unspecified local anaesthetic	OPCS procedure	1	review (uncertain abstention)	none_suitable		1.000000	1.000000	no suitable term	6524	0.000274
operative procedures - secondary opcs: y84.1 gas and air analgesia in labour	OPCS procedure	1	no suitable term	none_suitable		0.818182	0.696970	review (uncertain abstention)	6779	0.000285
operative procedures - secondary opcs: y84.2 sedation nec	OPCS procedure	1	review (uncertain pick)	none_suitable		0.640000	0.370000	review (uncertain abstention)	2552	0.000107
operative procedures - secondary opcs: y84.8 other specified other anaesthetic	OPCS procedure	1	no suitable term	none_suitable		1.000000	1.000000	no suitable term	6811	0.000286
operative procedures - secondary opcs: y90.3 scanning nec	OPCS procedure	1	review (uncertain abstention)	none_suitable		0.949495	0.919192	no suitable term	2947	0.000124
operative procedures - secondary opcs: y97.3 radiology with post contrast	OPCS procedure	1	no suitable term	none_suitable		0.900000	0.820000	no suitable term	5658	0.000238
operative procedures - secondary opcs: y98.1 radiology of one body area (or < 20 minutes)	OPCS procedure	1	no suitable term	none_suitable		1.000000	1.000000	no suitable term	5275	0.000222
operative procedures - secondary opcs: y98.2 radiology of two body areas	OPCS procedure	1	no suitable term	none_suitable		0.990000	0.980000	no suitable term	5938	0.000249
operative procedures - secondary opcs: y98.3 radiology of three body areas (or 20-40 minutes)	OPCS procedure	1	no suitable term	none_suitable		1.000000	1.000000	no suitable term	5225	0.000219
operative procedures - secondary opcs: z27.1 oesophagus	OPCS procedure	1	review (uncertain pick)	none_suitable		0.980000	0.970000	no suitable term	3510	0.000147
operative procedures - secondary opcs: z27.2 stomach	OPCS procedure	1	review (uncertain pick)	none_suitable		0.990000	0.980000	no suitable term	3997	0.000168
operative procedures - secondary opcs: z27.3 pylorus	OPCS procedure	1	review (uncertain abstention)	none_suitable		0.980000	0.960000	no suitable term	472	0.000020
operative procedures - secondary opcs: z27.4 duodenum	OPCS procedure	1	review (uncertain abstention)	none_suitable		0.990000	0.980000	no suitable term	1377	0.000058
operative procedures - secondary opcs: z27.6 ileum	OPCS procedure	1	review (uncertain abstention)	none_suitable		0.980000	0.960000	no suitable term	792	0.000033
operative procedures - secondary opcs: z27.8 specified upper digestive tract nec	OPCS procedure	1	review (uncertain abstention)	EFO:0020979	digestive system surgery	0.590000	0.570000	review (uncertain pick)	5536	0.000233
operative procedures - secondary opcs: z28.2 caecum	OPCS procedure	1	review (uncertain abstention)	none_suitable		0.990000	0.980000	no suitable term	1069	0.000045
operative procedures - secondary opcs: z28.3 ascending colon	OPCS procedure	1	review (uncertain abstention)	none_suitable		0.950000	0.900000	no suitable term	5358	0.000225
operative procedures - secondary opcs: z28.4 transverse colon	OPCS procedure	1	review (uncertain abstention)	none_suitable		0.980000	0.970000	no suitable term	6762	0.000284
operative procedures - secondary opcs: z28.5 descending colon	OPCS procedure	1	review (uncertain abstention)	none_suitable		0.970000	0.950000	no suitable term	5126	0.000215
operative procedures - secondary opcs: z28.6 sigmoid colon	OPCS procedure	1	review (uncertain abstention)	none_suitable		0.990000	0.980000	no suitable term	4932	0.000207
operative procedures - secondary opcs: z28.7 colon nec	OPCS procedure	1	review (uncertain abstention)	none_suitable		0.880000	0.780000	no suitable term	6972	0.000293
operative procedures - secondary opcs: z28.8 specified large intestine nec	OPCS procedure	1	review (uncertain abstention)	none_suitable		0.919192	0.878788	no suitable term	5953	0.000250
operative procedures - secondary opcs: z29.1 rectum	OPCS procedure	1	review (uncertain abstention)	none_suitable		0.990000	0.980000	no suitable term	2484	0.000104
operative procedures - secondary opcs: z40.1 pulmonary artery	OPCS procedure	1	no suitable term	none_suitable		0.890000	0.840000	no suitable term	6725	0.000282
operative procedures - secondary opcs: z47.1 skin of forehead	OPCS procedure	1	no suitable term	none_suitable		0.960000	0.930000	no suitable term	5829	0.000245
operative procedures - secondary opcs: z47.2 skin of temple	OPCS procedure	1	no suitable term	none_suitable		0.980000	0.970000	no suitable term	5865	0.000246
operative procedures - secondary opcs: z47.3 skin of cheek	OPCS procedure	1	no suitable term	none_suitable		0.990000	0.980000	no suitable term	5865	0.000246
operative procedures - secondary opcs: z48.1 skin of scalp	OPCS procedure	1	no suitable term	none_suitable		0.980000	0.960000	no suitable term	5821	0.000244
operative procedures - secondary opcs: z48.2 skin of neck	OPCS procedure	1	no suitable term	none_suitable		0.980000	0.970000	no suitable term	5868	0.000246
operative procedures - secondary opcs: z49.1 skin of breast	OPCS procedure	1	no suitable term	none_suitable		0.960000	0.930000	no suitable term	6037	0.000254
operative procedures - secondary opcs: z49.2 skin of axilla	OPCS procedure	1	no suitable term	none_suitable		0.980000	0.960000	no suitable term	5866	0.000246
operative procedures - secondary opcs: z49.3 skin of anterior trunk	OPCS procedure	1	review (uncertain abstention)	none_suitable		0.950000	0.930000	no suitable term	5894	0.000248
operative procedures - secondary opcs: z49.4 skin of back	OPCS procedure	1	no suitable term	none_suitable		0.660000	0.330000	review (uncertain abstention)	5827	0.000245
operative procedures - secondary opcs: z49.8 specified skin of trunk nec	OPCS procedure	1	no suitable term	none_suitable		0.797980	0.696970	review (uncertain abstention)	5905	0.000248
operative procedures - secondary opcs: z50.1 skin of arm	OPCS procedure	1	no suitable term	none_suitable		0.970000	0.950000	no suitable term	5781	0.000243
operative procedures - secondary opcs: z50.2 skin of hand	OPCS procedure	1	no suitable term	none_suitable		0.980000	0.970000	no suitable term	5845	0.000245
operative procedures - secondary opcs: z50.3 skin of finger	OPCS procedure	1	no suitable term	none_suitable		0.990000	0.980000	no suitable term	5912	0.000248
operative procedures - secondary opcs: z50.4 skin of leg nec	OPCS procedure	1	no suitable term	none_suitable		0.818182	0.717172	review (uncertain abstention)	5990	0.000252
operative procedures - secondary opcs: z50.5 skin of foot nec	OPCS procedure	1	review (uncertain abstention)	none_suitable		0.900000	0.820000	no suitable term	5747	0.000241
operative procedures - secondary opcs: z66.5 lumbar vertebra	OPCS procedure	1	review (uncertain abstention)	none_suitable		0.930000	0.910000	no suitable term	1554	0.000065
operative procedures - secondary opcs: z67.5 lumbar intervertebral joint	OPCS procedure	1	review (uncertain abstention)	none_suitable		0.676768	0.585859	review (uncertain abstention)	6446	0.000271
operative procedures - secondary opcs: z67.6 lumbosacral joint	OPCS procedure	1	review (uncertain abstention)	none_suitable		0.620000	0.380000	review (uncertain abstention)	6868	0.000288
operative procedures - secondary opcs: z70.5 lower end of radius nec	OPCS procedure	1	no suitable term	none_suitable		0.900000	0.830000	no suitable term	5790	0.000243
operative procedures - secondary opcs: z80.1 first metatarsal	OPCS procedure	1	review (uncertain abstention)	none_suitable		0.970000	0.940000	no suitable term	1985	0.000083
operative procedures - secondary opcs: z81.2 acromioclavicular joint	OPCS procedure	1	no suitable term	none_suitable		0.870000	0.790000	no suitable term	6585	0.000277
operative procedures - secondary opcs: z81.4 shoulder joint	OPCS procedure	1	no suitable term	EFO:0020974	revision of total joint arthroplasty	0.650000	0.600000	review (uncertain pick)	6353	0.000267
operative procedures - secondary opcs: z81.5 elbow joint	OPCS procedure	1	review (uncertain pick)	EFO:0020974	revision of total joint arthroplasty	0.650000	0.610000	review (uncertain pick)	6740	0.000283
operative procedures - secondary opcs: z84.1 sacroiliac joint	OPCS procedure	1	no suitable term	none_suitable		0.666667	0.454545	review (uncertain abstention)	6673	0.000280
operative procedures - secondary opcs: z84.3 hip joint	OPCS procedure	1	review (uncertain pick)	EFO:0020973	revision of total hip arthroplasty	0.770000	0.690000	review (uncertain pick)	6279	0.000264
operative procedures - secondary opcs: z84.6 knee joint	OPCS procedure	1	review (uncertain pick)	EFO:0020972	revision of total knee arthroplasty	0.474747	0.343434	review (uncertain pick)	6443	0.000271
operative procedures - secondary opcs: z85.6 ankle joint	OPCS procedure	1	review (uncertain pick)	none_suitable		0.460000	0.020000	review (uncertain abstention)	6760	0.000284
operative procedures - secondary opcs: z86.4 metatarsophalangeal joint of great toe	OPCS procedure	1	review (uncertain abstention)	none_suitable		0.730000	0.630000	review (uncertain abstention)	5912	0.000248
operative procedures - secondary opcs: z89.5 thumb nec	OPCS procedure	1	no suitable term	none_suitable		0.949495	0.919192	no suitable term	5112	0.000215
operative procedures - secondary opcs: z89.6 finger nec	OPCS procedure	1	no suitable term	none_suitable		0.980000	0.970000	no suitable term	6068	0.000255
operative procedures - secondary opcs: z92.4 chest nec	OPCS procedure	1	review (uncertain abstention)	none_suitable		0.949495	0.919192	no suitable term	3658	0.000154
operative procedures - secondary opcs: z92.6 abdomen nec	OPCS procedure	1	review (uncertain abstention)	none_suitable		0.939394	0.888889	no suitable term	2985	0.000125
operative procedures - secondary opcs: z92.7 trunk nec	OPCS procedure	1	no suitable term	none_suitable		0.949495	0.929293	no suitable term	3795	0.000159
operative procedures - secondary opcs: z94.1 bilateral operation	OPCS procedure	1	review (uncertain abstention)	none_suitable		0.870000	0.810000	no suitable term	5748	0.000241
operative procedures - secondary opcs: z94.2 right sided operation	OPCS procedure	1	no suitable term	none_suitable		0.890000	0.820000	no suitable term	4861	0.000204
operative procedures - secondary opcs: z94.3 left sided operation	OPCS procedure	1	no suitable term	none_suitable		0.939394	0.909091	no suitable term	4674	0.000196
orange intake	Diet and supplements	1	review (uncertain pick)	EFO:0020897	citrus intake measurement	0.600000	0.450000	review (uncertain pick)	3534	0.000148
orange juice intake	Diet and supplements	1	review (uncertain pick)	EFO:0020897	citrus intake measurement	0.640000	0.470000	review (uncertain pick)	3497	0.000147
other alcohol intake	Diet and supplements	1	review (uncertain abstention)	EFO:0004329	alcohol drinking	0.252525	0.050505	review (uncertain pick)	5474	0.000230
other bread intake	Diet and supplements	1	no suitable term	none_suitable		0.840000	0.760000	review (uncertain abstention)	5493	0.000231
other cereal intake	Diet and supplements	1	no suitable term	none_suitable		0.890000	0.840000	no suitable term	5401	0.000227
other cheese intake	Diet and supplements	1	no suitable term	none_suitable		0.919192	0.878788	no suitable term	5508	0.000231
other coffee type	Diet and supplements	1	review (uncertain abstention)	none_suitable		0.545455	0.151515	review (uncertain abstention)	6634	0.000279
other dessert intake	Diet and supplements	1	no suitable term	none_suitable		0.830000	0.760000	review (uncertain abstention)	5496	0.000231
other drink intake	Diet and supplements	1	review (uncertain pick)	EFO:0010088	beverage consumption measurement	0.880000	0.870000	auto-accepted	5393	0.000227
other egg intake	Diet and supplements	1	no suitable term	none_suitable		0.808081	0.737374	review (uncertain abstention)	5518	0.000232
other eye problems	Self-reported condition or symptom	1	review (uncertain pick)	MONDO:0005328	eye disorder	0.480000	0.280000	review (uncertain pick)	5262	0.000221
other fruit intake	Diet and supplements	1	no suitable term	none_suitable		0.929293	0.898990	no suitable term	5403	0.000227
other grain intake	Diet and supplements	1	no suitable term	none_suitable		0.740000	0.610000	review (uncertain abstention)	5414	0.000227
other meat intake	Diet and supplements	1	no suitable term	none_suitable		0.850000	0.770000	no suitable term	5488	0.000230
other milk-based pudding intake	Diet and supplements	1	no suitable term	none_suitable		0.890000	0.830000	no suitable term	5671	0.000238
other non-alcoholic drinks	Diet and supplements	1	review (uncertain abstention)	EFO:0010088	beverage consumption measurement	0.484848	0.393939	review (uncertain pick)	6216	0.000261
other savoury snack intake	Diet and supplements	1	no suitable term	none_suitable		0.787879	0.686869	review (uncertain abstention)	5442	0.000229
other serious medical condition/disability diagnosed by doctor	Self-reported condition or symptom	1	no suitable term	none_suitable		0.929293	0.878788	no suitable term	6150	0.000258
other sweets intake	Diet and supplements	1	review (uncertain pick)	EFO:0010158	sugar consumption measurement	0.770000	0.760000	review (uncertain pick)	5545	0.000233
other vegetables intake	Diet and supplements	1	no suitable term	none_suitable		0.830000	0.760000	review (uncertain abstention)	5468	0.000230
other vegetarian alternative intake	Diet and supplements	1	no suitable term	none_suitable		0.750000	0.630000	review (uncertain abstention)	5514	0.000232
pace-maker	Other measurement / questionnaire	1	review (uncertain pick)	EFO:0009719	artificial cardiac pacemaker	0.610000	0.590000	review (uncertain pick)	2389	0.000100
pack years adult smoking as proportion of life span exposed to smoking	Other measurement / questionnaire	1	review (uncertain pick)	EFO:0006526	pack-years measurement	0.650000	0.620000	review (uncertain pick)	5964	0.000250
pain type(s) experienced in last month: neck or shoulder pain	Self-reported condition or symptom	1	review (uncertain abstention)	none_suitable		0.474747	0.161616	review (uncertain abstention)	5642	0.000237
pain type(s) experienced in last month: none of the above	Self-reported condition or symptom	1	no suitable term	none_suitable		0.990000	0.980000	no suitable term	6425	0.000270
pairs matching completion status	Other measurement / questionnaire	1	no suitable term	none_suitable		0.939394	0.909091	no suitable term	4574	0.000192
pancake intake	Diet and supplements	1	no suitable term	none_suitable		0.950000	0.910000	no suitable term	3846	0.000162
parsnip intake	Diet and supplements	1	no suitable term	none_suitable		0.960000	0.930000	no suitable term	3573	0.000150
part of a multiple birth	Other measurement / questionnaire	1	review (uncertain pick)	EFO:0009576	multiple gestation	0.850000	0.790000	auto-accepted	5992	0.000252
pct responsible for patient data: ashton, leigh and wigan pct	Hospital administrative field	1	no suitable term	none_suitable		0.990000	0.980000	no suitable term	5712	0.000240
pct responsible for patient data: barnsley pct	Hospital administrative field	1	no suitable term	none_suitable		0.970000	0.940000	no suitable term	552	0.000023
pct responsible for patient data: bath and north east somerset pct	Hospital administrative field	1	no suitable term	none_suitable		1.000000	1.000000	no suitable term	5667	0.000238
pct responsible for patient data: berkshire east pct	Hospital administrative field	1	no suitable term	none_suitable		0.990000	0.980000	no suitable term	1174	0.000049
pct responsible for patient data: berkshire west pct	Hospital administrative field	1	no suitable term	none_suitable		0.990000	0.980000	no suitable term	1172	0.000049
pct responsible for patient data: birmingham east and north pct	Hospital administrative field	1	no suitable term	none_suitable		1.000000	1.000000	no suitable term	5670	0.000238
pct responsible for patient data: bolton pct	Hospital administrative field	1	no suitable term	none_suitable		0.830000	0.660000	review (uncertain abstention)	551	0.000023
pct responsible for patient data: bradford and airedale teaching pct	Hospital administrative field	1	no suitable term	none_suitable		0.990000	0.980000	no suitable term	5730	0.000241
pct responsible for patient data: bristol pct	Hospital administrative field	1	no suitable term	none_suitable		0.760000	0.520000	review (uncertain abstention)	551	0.000023
pct responsible for patient data: bromley pct	Hospital administrative field	1	no suitable term	none_suitable		0.940000	0.880000	no suitable term	551	0.000023
pct responsible for patient data: buckinghamshire pct	Hospital administrative field	1	no suitable term	none_suitable		0.990000	0.980000	no suitable term	555	0.000023
pct responsible for patient data: bury pct	Hospital administrative field	1	no suitable term	none_suitable		0.840000	0.680000	review (uncertain abstention)	550	0.000023
pct responsible for patient data: calderdale pct	Hospital administrative field	1	no suitable term	none_suitable		0.980000	0.960000	no suitable term	552	0.000023
pct responsible for patient data: central and eastern cheshire pct	Hospital administrative field	1	no suitable term	none_suitable		1.000000	1.000000	no suitable term	6016	0.000253
pct responsible for patient data: county durham pct	Hospital administrative field	1	no suitable term	none_suitable		0.970000	0.940000	no suitable term	552	0.000023
pct responsible for patient data: croydon pct	Hospital administrative field	1	no suitable term	none_suitable		0.970000	0.940000	no suitable term	552	0.000023
pct responsible for patient data: derby city pct	Hospital administrative field	1	no suitable term	none_suitable		0.970000	0.940000	no suitable term	639	0.000027
pct responsible for patient data: derbyshire county pct	Hospital administrative field	1	no suitable term	none_suitable		0.990000	0.980000	no suitable term	554	0.000023
pct responsible for patient data: ealing pct	Hospital administrative field	1	no suitable term	none_suitable		0.830000	0.670000	review (uncertain abstention)	551	0.000023
pct responsible for patient data: east lancashire teaching pct	Hospital administrative field	1	no suitable term	none_suitable		1.000000	1.000000	no suitable term	1175	0.000049
pct responsible for patient data: gateshead pct	Hospital administrative field	1	no suitable term	none_suitable		0.940000	0.880000	no suitable term	551	0.000023
pct responsible for patient data: halton and st helens pct	Hospital administrative field	1	no suitable term	none_suitable		0.990000	0.980000	no suitable term	5716	0.000240
pct responsible for patient data: hampshire pct	Hospital administrative field	1	no suitable term	none_suitable		0.960000	0.920000	no suitable term	552	0.000023
pct responsible for patient data: heywood, middleton and rochdale pct	Hospital administrative field	1	no suitable term	none_suitable		0.980000	0.960000	no suitable term	5733	0.000241
pct responsible for patient data: hounslow pct	Hospital administrative field	1	no suitable term	none_suitable		0.980000	0.960000	no suitable term	553	0.000023
pct responsible for patient data: islington pct	Hospital administrative field	1	no suitable term	none_suitable		0.970000	0.940000	no suitable term	552	0.000023
pct responsible for patient data: kirklees pct	Hospital administrative field	1	no suitable term	none_suitable		0.970000	0.940000	no suitable term	551	0.000023
pct responsible for patient data: knowsley pct	Hospital administrative field	1	no suitable term	none_suitable		0.970000	0.940000	no suitable term	552	0.000023
pct responsible for patient data: lambeth pct	Hospital administrative field	1	no suitable term	none_suitable		0.950000	0.900000	no suitable term	551	0.000023
pct responsible for patient data: leeds pct	Hospital administrative field	1	no suitable term	none_suitable		0.940000	0.880000	no suitable term	551	0.000023
pct responsible for patient data: liverpool pct	Hospital administrative field	1	no suitable term	none_suitable		0.940000	0.880000	no suitable term	552	0.000023
pct responsible for patient data: manchester pct	Hospital administrative field	1	no suitable term	none_suitable		0.950000	0.900000	no suitable term	552	0.000023
pct responsible for patient data: middlesbrough pct	Hospital administrative field	1	no suitable term	none_suitable		0.980000	0.960000	no suitable term	554	0.000023
pct responsible for patient data: newcastle pct	Hospital administrative field	1	no suitable term	none_suitable		0.870000	0.740000	no suitable term	610	0.000026
pct responsible for patient data: north somerset pct	Hospital administrative field	1	no suitable term	none_suitable		0.960000	0.920000	no suitable term	1310	0.000055
pct responsible for patient data: north staffordshire pct	Hospital administrative field	1	no suitable term	none_suitable		0.980000	0.960000	no suitable term	1312	0.000055
pct responsible for patient data: north tyneside pct	Hospital administrative field	1	no suitable term	none_suitable		0.980000	0.960000	no suitable term	1311	0.000055
pct responsible for patient data: north yorkshire and york pct	Hospital administrative field	1	no suitable term	none_suitable		1.000000	1.000000	no suitable term	5692	0.000239
pct responsible for patient data: northumberland care trust	Hospital administrative field	1	no suitable term	none_suitable		1.000000	1.000000	no suitable term	523	0.000022
pct responsible for patient data: nottingham city pct	Hospital administrative field	1	no suitable term	none_suitable		0.990000	0.980000	no suitable term	641	0.000027
pct responsible for patient data: nottinghamshire county teaching pct	Hospital administrative field	1	no suitable term	none_suitable		0.990000	0.980000	no suitable term	556	0.000023
pct responsible for patient data: oldham pct	Hospital administrative field	1	no suitable term	none_suitable		0.890000	0.780000	no suitable term	551	0.000023
pct responsible for patient data: oxfordshire pct	Hospital administrative field	1	no suitable term	none_suitable		0.990000	0.980000	no suitable term	553	0.000023
pct responsible for patient data: redcar and cleveland pct	Hospital administrative field	1	no suitable term	none_suitable		0.990000	0.980000	no suitable term	5729	0.000241
pct responsible for patient data: richmond and twickenham pct	Hospital administrative field	1	no suitable term	none_suitable		0.970000	0.950000	no suitable term	5729	0.000241
pct responsible for patient data: rotherham pct	Hospital administrative field	1	no suitable term	none_suitable		0.990000	0.980000	no suitable term	552	0.000023
pct responsible for patient data: salford pct	Hospital administrative field	1	no suitable term	none_suitable		0.990000	0.980000	no suitable term	551	0.000023
pct responsible for patient data: sandwell pct	Hospital administrative field	1	no suitable term	none_suitable		0.960000	0.920000	no suitable term	551	0.000023
pct responsible for patient data: sefton pct	Hospital administrative field	1	no suitable term	none_suitable		0.920000	0.840000	no suitable term	552	0.000023
pct responsible for patient data: sheffield pct	Hospital administrative field	1	no suitable term	none_suitable		0.990000	0.980000	no suitable term	607	0.000025
pct responsible for patient data: solihull care trust	Hospital administrative field	1	no suitable term	none_suitable		1.000000	1.000000	no suitable term	521	0.000022
pct responsible for patient data: south birmingham pct	Hospital administrative field	1	no suitable term	none_suitable		0.990000	0.980000	no suitable term	1761	0.000074
pct responsible for patient data: south gloucestershire pct	Hospital administrative field	1	no suitable term	none_suitable		0.990000	0.980000	no suitable term	1761	0.000074
pct responsible for patient data: south tyneside pct	Hospital administrative field	1	no suitable term	none_suitable		0.990000	0.980000	no suitable term	1761	0.000074
pct responsible for patient data: stockton-on-tees teaching pct	Hospital administrative field	1	no suitable term	none_suitable		0.970000	0.940000	no suitable term	6173	0.000259
pct responsible for patient data: stoke on trent pct	Hospital administrative field	1	no suitable term	none_suitable		0.970000	0.940000	no suitable term	6171	0.000259
pct responsible for patient data: sunderland teaching pct	Hospital administrative field	1	no suitable term	none_suitable		0.990000	0.980000	no suitable term	553	0.000023
pct responsible for patient data: surrey pct	Hospital administrative field	1	no suitable term	none_suitable		0.960000	0.920000	no suitable term	551	0.000023
pct responsible for patient data: sutton and merton pct	Hospital administrative field	1	no suitable term	none_suitable		0.960000	0.930000	no suitable term	5728	0.000241
pct responsible for patient data: tameside and glossop pct	Hospital administrative field	1	no suitable term	none_suitable		0.990000	0.980000	no suitable term	5730	0.000241
pct responsible for patient data: trafford pct	Hospital administrative field	1	no suitable term	none_suitable		0.970000	0.940000	no suitable term	552	0.000023
pct responsible for patient data: wakefield district pct	Hospital administrative field	1	no suitable term	none_suitable		0.980000	0.960000	no suitable term	553	0.000023
pct responsible for patient data: warrington pct	Hospital administrative field	1	no suitable term	none_suitable		0.750000	0.500000	review (uncertain abstention)	552	0.000023
pct responsible for patient data: western cheshire pct	Hospital administrative field	1	no suitable term	none_suitable		0.990000	0.980000	no suitable term	1570	0.000066
pct responsible for patient data: wirral pct	Hospital administrative field	1	no suitable term	none_suitable		0.980000	0.960000	no suitable term	551	0.000023
pct where patients gp was registered: amber valley pct	Hospital administrative field	1	no suitable term	none_suitable		1.000000	1.000000	no suitable term	849	0.000036
pct where patients gp was registered: ashton, leigh and wigan pct	Hospital administrative field	1	no suitable term	none_suitable		1.000000	1.000000	no suitable term	5713	0.000240
pct where patients gp was registered: barnsley pct	Hospital administrative field	1	no suitable term	none_suitable		0.990000	0.980000	no suitable term	553	0.000023
pct where patients gp was registered: bath and north east somerset pct	Hospital administrative field	1	no suitable term	none_suitable		1.000000	1.000000	no suitable term	5668	0.000238
pct where patients gp was registered: bebington and west wirral pct	Hospital administrative field	1	no suitable term	none_suitable		1.000000	1.000000	no suitable term	5722	0.000240
pct where patients gp was registered: berkshire east pct	Hospital administrative field	1	no suitable term	none_suitable		1.000000	1.000000	no suitable term	1175	0.000049
pct where patients gp was registered: berkshire west pct	Hospital administrative field	1	no suitable term	none_suitable		1.000000	1.000000	no suitable term	1173	0.000049
pct where patients gp was registered: birkenhead and wallasey pct	Hospital administrative field	1	no suitable term	none_suitable		1.000000	1.000000	no suitable term	5731	0.000241
pct where patients gp was registered: birmingham east and north pct	Hospital administrative field	1	no suitable term	none_suitable		1.000000	1.000000	no suitable term	5671	0.000238
pct where patients gp was registered: blackwater valley and hart pct	Hospital administrative field	1	no suitable term	none_suitable		0.990000	0.980000	no suitable term	5709	0.000240
pct where patients gp was registered: bolton pct	Hospital administrative field	1	no suitable term	none_suitable		1.000000	1.000000	no suitable term	552	0.000023
pct where patients gp was registered: bracknell forest pct	Hospital administrative field	1	no suitable term	none_suitable		1.000000	1.000000	no suitable term	554	0.000023
pct where patients gp was registered: bradford and airedale teaching pct	Hospital administrative field	1	no suitable term	none_suitable		1.000000	1.000000	no suitable term	5731	0.000241
pct where patients gp was registered: bradford south and west pct	Hospital administrative field	1	no suitable term	none_suitable		1.000000	1.000000	no suitable term	5591	0.000235
pct where patients gp was registered: bristol north pct	Hospital administrative field	1	no suitable term	none_suitable		0.990000	0.980000	no suitable term	1310	0.000055
pct where patients gp was registered: bristol pct	Hospital administrative field	1	no suitable term	none_suitable		0.990000	0.980000	no suitable term	552	0.000023
pct where patients gp was registered: bristol south and west pct	Hospital administrative field	1	no suitable term	none_suitable		1.000000	1.000000	no suitable term	5590	0.000235
pct where patients gp was registered: bromley pct	Hospital administrative field	1	no suitable term	none_suitable		1.000000	1.000000	no suitable term	552	0.000023
pct where patients gp was registered: broxtowe and hucknall pct	Hospital administrative field	1	no suitable term	none_suitable		1.000000	1.000000	no suitable term	5732	0.000241
pct where patients gp was registered: buckinghamshire pct	Hospital administrative field	1	no suitable term	none_suitable		1.000000	1.000000	no suitable term	556	0.000023
pct where patients gp was registered: burnley, pendle and rossendale pct	Hospital administrative field	1	no suitable term	none_suitable		1.000000	1.000000	no suitable term	5733	0.000241
pct where patients gp was registered: bury pct	Hospital administrative field	1	no suitable term	none_suitable		0.990000	0.980000	no suitable term	551	0.000023
pct where patients gp was registered: calderdale pct	Hospital administrative field	1	no suitable term	none_suitable		0.990000	0.980000	no suitable term	553	0.000023
pct where patients gp was registered: camden pct	Hospital administrative field	1	no suitable term	none_suitable		1.000000	1.000000	no suitable term	552	0.000023
pct where patients gp was registered: central and eastern cheshire pct	Hospital administrative field	1	no suitable term	none_suitable		1.000000	1.000000	no suitable term	6017	0.000253
pct where patients gp was registered: central cheshire pct	Hospital administrative field	1	no suitable term	none_suitable		1.000000	1.000000	no suitable term	6379	0.000268
pct where patients gp was registered: central liverpool pct	Hospital administrative field	1	no suitable term	none_suitable		1.000000	1.000000	no suitable term	6379	0.000268
pct where patients gp was registered: central manchester pct	Hospital administrative field	1	no suitable term	none_suitable		1.000000	1.000000	no suitable term	6379	0.000268
pct where patients gp was registered: chesterfield pct	Hospital administrative field	1	no suitable term	none_suitable		0.990000	0.980000	no suitable term	554	0.000023
pct where patients gp was registered: city and hackney teaching pct	Hospital administrative field	1	no suitable term	none_suitable		0.990000	0.980000	no suitable term	5730	0.000241
pct where patients gp was registered: county durham pct	Hospital administrative field	1	no suitable term	none_suitable		1.000000	1.000000	no suitable term	553	0.000023
pct where patients gp was registered: craven, harrogate and rural district pct	Hospital administrative field	1	no suitable term	none_suitable		0.990000	0.980000	no suitable term	5733	0.000241
pct where patients gp was registered: croydon pct	Hospital administrative field	1	no suitable term	none_suitable		0.990000	0.980000	no suitable term	553	0.000023
pct where patients gp was registered: darlington pct	Hospital administrative field	1	no suitable term	none_suitable		0.990000	0.980000	no suitable term	553	0.000023
pct where patients gp was registered: derby city pct	Hospital administrative field	1	no suitable term	none_suitable		1.000000	1.000000	no suitable term	640	0.000027
pct where patients gp was registered: derbyshire county pct	Hospital administrative field	1	no suitable term	none_suitable		0.990000	0.980000	no suitable term	555	0.000023
pct where patients gp was registered: durham and chester-le-street pct	Hospital administrative field	1	no suitable term	none_suitable		1.000000	1.000000	no suitable term	5705	0.000240
pct where patients gp was registered: ealing pct	Hospital administrative field	1	no suitable term	none_suitable		1.000000	1.000000	no suitable term	552	0.000023
pct where patients gp was registered: east lancashire teaching pct	Hospital administrative field	1	no suitable term	none_suitable		1.000000	1.000000	no suitable term	1176	0.000049
pct where patients gp was registered: east leeds pct	Hospital administrative field	1	no suitable term	none_suitable		1.000000	1.000000	no suitable term	1174	0.000049
pct where patients gp was registered: eastern birmingham pct	Hospital administrative field	1	no suitable term	none_suitable		1.000000	1.000000	no suitable term	1104	0.000046
pct where patients gp was registered: eastern wakefield pct	Hospital administrative field	1	no suitable term	none_suitable		0.990000	0.980000	no suitable term	1103	0.000046
pct where patients gp was registered: erewash pct	Hospital administrative field	1	no suitable term	none_suitable		0.990000	0.980000	no suitable term	552	0.000023
pct where patients gp was registered: gateshead pct	Hospital administrative field	1	no suitable term	none_suitable		0.990000	0.980000	no suitable term	552	0.000023
pct where patients gp was registered: gedling pct	Hospital administrative field	1	no suitable term	none_suitable		1.000000	1.000000	no suitable term	552	0.000023
pct where patients gp was registered: greater derby pct	Hospital administrative field	1	no suitable term	none_suitable		0.990000	0.980000	no suitable term	783	0.000033
pct where patients gp was registered: halton and st helens pct	Hospital administrative field	1	no suitable term	none_suitable		1.000000	1.000000	no suitable term	5717	0.000240
pct where patients gp was registered: hampshire pct	Hospital administrative field	1	no suitable term	none_suitable		0.990000	0.980000	no suitable term	553	0.000023
pct where patients gp was registered: hartlepool pct	Hospital administrative field	1	no suitable term	none_suitable		0.990000	0.980000	no suitable term	553	0.000023
pct where patients gp was registered: heywood, middleton and rochdale pct	Hospital administrative field	1	no suitable term	none_suitable		1.000000	1.000000	no suitable term	5734	0.000241
pct where patients gp was registered: hillingdon pct	Hospital administrative field	1	no suitable term	none_suitable		0.990000	0.980000	no suitable term	553	0.000023
pct where patients gp was registered: hounslow pct	Hospital administrative field	1	no suitable term	none_suitable		0.990000	0.980000	no suitable term	554	0.000023
pct where patients gp was registered: islington pct	Hospital administrative field	1	no suitable term	none_suitable		0.990000	0.980000	no suitable term	553	0.000023
pct where patients gp was registered: kingston pct	Hospital administrative field	1	no suitable term	none_suitable		0.990000	0.980000	no suitable term	552	0.000023
pct where patients gp was registered: kirklees pct	Hospital administrative field	1	no suitable term	none_suitable		1.000000	1.000000	no suitable term	552	0.000023
pct where patients gp was registered: knowsley pct	Hospital administrative field	1	no suitable term	none_suitable		1.000000	1.000000	no suitable term	553	0.000023
pct where patients gp was registered: lambeth pct	Hospital administrative field	1	no suitable term	none_suitable		0.990000	0.980000	no suitable term	552	0.000023
pct where patients gp was registered: langbaurgh pct	Hospital administrative field	1	no suitable term	none_suitable		0.990000	0.980000	no suitable term	554	0.000023
pct where patients gp was registered: leeds north east pct	Hospital administrative field	1	no suitable term	none_suitable		1.000000	1.000000	no suitable term	1932	0.000081
pct where patients gp was registered: leeds north west pct	Hospital administrative field	1	no suitable term	none_suitable		1.000000	1.000000	no suitable term	1930	0.000081
pct where patients gp was registered: leeds pct	Hospital administrative field	1	no suitable term	none_suitable		1.000000	1.000000	no suitable term	552	0.000023
pct where patients gp was registered: leeds west pct	Hospital administrative field	1	no suitable term	none_suitable		1.000000	1.000000	no suitable term	1172	0.000049
pct where patients gp was registered: liverpool pct	Hospital administrative field	1	no suitable term	none_suitable		1.000000	1.000000	no suitable term	553	0.000023
pct where patients gp was registered: manchester pct	Hospital administrative field	1	no suitable term	none_suitable		1.000000	1.000000	no suitable term	553	0.000023
pct where patients gp was registered: middlesbrough pct	Hospital administrative field	1	no suitable term	none_suitable		0.990000	0.980000	no suitable term	555	0.000023
pct where patients gp was registered: newcastle pct	Hospital administrative field	1	no suitable term	none_suitable		0.990000	0.980000	no suitable term	611	0.000026
pct where patients gp was registered: newcastle-under-lyme pct	Hospital administrative field	1	no suitable term	none_suitable		0.990000	0.980000	no suitable term	1011	0.000042
pct where patients gp was registered: north birmingham pct	Hospital administrative field	1	no suitable term	none_suitable		0.990000	0.980000	no suitable term	1312	0.000055
pct where patients gp was registered: north bradford pct	Hospital administrative field	1	no suitable term	none_suitable		0.980000	0.960000	no suitable term	1311	0.000055
pct where patients gp was registered: north eastern derbyshire pct	Hospital administrative field	1	no suitable term	none_suitable		1.000000	1.000000	no suitable term	1782	0.000075
pct where patients gp was registered: north hampshire pct	Hospital administrative field	1	no suitable term	none_suitable		0.990000	0.980000	no suitable term	1311	0.000055
pct where patients gp was registered: north kirklees pct	Hospital administrative field	1	no suitable term	none_suitable		0.980000	0.970000	no suitable term	1310	0.000055
pct where patients gp was registered: north manchester pct	Hospital administrative field	1	no suitable term	none_suitable		0.990000	0.980000	no suitable term	1311	0.000055
pct where patients gp was registered: north sheffield pct	Hospital administrative field	1	no suitable term	none_suitable		1.000000	1.000000	no suitable term	1366	0.000057
pct where patients gp was registered: north somerset pct	Hospital administrative field	1	no suitable term	none_suitable		0.990000	0.980000	no suitable term	1311	0.000055
pct where patients gp was registered: north staffordshire pct	Hospital administrative field	1	no suitable term	none_suitable		0.980000	0.970000	no suitable term	1313	0.000055
pct where patients gp was registered: north stoke pct	Hospital administrative field	1	no suitable term	none_suitable		0.980000	0.970000	no suitable term	1310	0.000055
pct where patients gp was registered: north surrey pct	Hospital administrative field	1	no suitable term	none_suitable		0.990000	0.980000	no suitable term	1310	0.000055
pct where patients gp was registered: north tyneside pct	Hospital administrative field	1	no suitable term	none_suitable		0.990000	0.980000	no suitable term	1312	0.000055
pct where patients gp was registered: north yorkshire and york pct	Hospital administrative field	1	no suitable term	none_suitable		1.000000	1.000000	no suitable term	5693	0.000239
pct where patients gp was registered: northumberland care trust	Hospital administrative field	1	no suitable term	none_suitable		1.000000	1.000000	no suitable term	524	0.000022
pct where patients gp was registered: not known	Hospital administrative field	1	no suitable term	none_suitable		1.000000	1.000000	no suitable term	3172	0.000133
pct where patients gp was registered: nottingham city pct	Hospital administrative field	1	no suitable term	none_suitable		1.000000	1.000000	no suitable term	642	0.000027
pct where patients gp was registered: nottinghamshire county teaching pct	Hospital administrative field	1	no suitable term	none_suitable		1.000000	1.000000	no suitable term	557	0.000023
pct where patients gp was registered: oldham pct	Hospital administrative field	1	no suitable term	none_suitable		1.000000	1.000000	no suitable term	552	0.000023
pct where patients gp was registered: oxford city pct	Hospital administrative field	1	no suitable term	none_suitable		1.000000	1.000000	no suitable term	695	0.000029
pct where patients gp was registered: oxfordshire pct	Hospital administrative field	1	no suitable term	none_suitable		0.990000	0.980000	no suitable term	554	0.000023
pct where patients gp was registered: reading pct	Hospital administrative field	1	review (uncertain abstention)	none_suitable		0.790000	0.660000	review (uncertain abstention)	788	0.000033
pct where patients gp was registered: redcar and cleveland pct	Hospital administrative field	1	no suitable term	none_suitable		1.000000	1.000000	no suitable term	5730	0.000241
pct where patients gp was registered: richmond and twickenham pct	Hospital administrative field	1	no suitable term	none_suitable		1.000000	1.000000	no suitable term	5730	0.000241
pct where patients gp was registered: rochdale pct	Hospital administrative field	1	no suitable term	none_suitable		1.000000	1.000000	no suitable term	553	0.000023
pct where patients gp was registered: rotherham pct	Hospital administrative field	1	no suitable term	none_suitable		1.000000	1.000000	no suitable term	553	0.000023
pct where patients gp was registered: rushcliffe pct	Hospital administrative field	1	no suitable term	none_suitable		0.990000	0.980000	no suitable term	553	0.000023
pct where patients gp was registered: salford pct	Hospital administrative field	1	no suitable term	none_suitable		0.990000	0.980000	no suitable term	552	0.000023
pct where patients gp was registered: sandwell pct	Hospital administrative field	1	no suitable term	none_suitable		1.000000	1.000000	no suitable term	552	0.000023
pct where patients gp was registered: sefton pct	Hospital administrative field	1	no suitable term	none_suitable		1.000000	1.000000	no suitable term	553	0.000023
pct where patients gp was registered: sheffield pct	Hospital administrative field	1	no suitable term	none_suitable		1.000000	1.000000	no suitable term	608	0.000026
pct where patients gp was registered: sheffield south west pct	Hospital administrative field	1	no suitable term	none_suitable		0.990000	0.980000	no suitable term	2436	0.000102
pct where patients gp was registered: sheffield west pct	Hospital administrative field	1	no suitable term	none_suitable		1.000000	1.000000	no suitable term	1228	0.000052
pct where patients gp was registered: solihull care trust	Hospital administrative field	1	no suitable term	none_suitable		1.000000	1.000000	no suitable term	522	0.000022
pct where patients gp was registered: solihull pct	Hospital administrative field	1	no suitable term	none_suitable		1.000000	1.000000	no suitable term	553	0.000023
pct where patients gp was registered: south birmingham pct	Hospital administrative field	1	no suitable term	none_suitable		1.000000	1.000000	no suitable term	1762	0.000074
pct where patients gp was registered: south east oxfordshire pct	Hospital administrative field	1	no suitable term	none_suitable		1.000000	1.000000	no suitable term	2317	0.000097
pct where patients gp was registered: south east sheffield pct	Hospital administrative field	1	no suitable term	none_suitable		1.000000	1.000000	no suitable term	2371	0.000100
pct where patients gp was registered: south gloucestershire pct	Hospital administrative field	1	no suitable term	none_suitable		1.000000	1.000000	no suitable term	1762	0.000074
pct where patients gp was registered: south leeds pct	Hospital administrative field	1	no suitable term	none_suitable		1.000000	1.000000	no suitable term	1760	0.000074
pct where patients gp was registered: south liverpool pct	Hospital administrative field	1	no suitable term	none_suitable		1.000000	1.000000	no suitable term	1761	0.000074
pct where patients gp was registered: south sefton pct	Hospital administrative field	1	no suitable term	none_suitable		1.000000	1.000000	no suitable term	1761	0.000074
pct where patients gp was registered: south stoke pct	Hospital administrative field	1	no suitable term	none_suitable		0.990000	0.980000	no suitable term	1760	0.000074
pct where patients gp was registered: south tyneside pct	Hospital administrative field	1	no suitable term	none_suitable		1.000000	1.000000	no suitable term	1762	0.000074
pct where patients gp was registered: south west oxfordshire pct	Hospital administrative field	1	no suitable term	none_suitable		1.000000	1.000000	no suitable term	2382	0.000100
pct where patients gp was registered: southwark pct	Hospital administrative field	1	no suitable term	none_suitable		0.990000	0.980000	no suitable term	554	0.000023
pct where patients gp was registered: st helens pct	Hospital administrative field	1	no suitable term	none_suitable		0.990000	0.980000	no suitable term	1209	0.000051
pct where patients gp was registered: staffordshire moorlands pct	Hospital administrative field	1	no suitable term	none_suitable		0.990000	0.980000	no suitable term	558	0.000023
pct where patients gp was registered: stockton-on-tees teaching pct	Hospital administrative field	1	no suitable term	none_suitable		1.000000	1.000000	no suitable term	6174	0.000259
pct where patients gp was registered: stoke on trent pct	Hospital administrative field	1	no suitable term	none_suitable		1.000000	1.000000	no suitable term	6172	0.000259
pct where patients gp was registered: sunderland teaching pct	Hospital administrative field	1	no suitable term	none_suitable		1.000000	1.000000	no suitable term	554	0.000023
pct where patients gp was registered: surrey pct	Hospital administrative field	1	no suitable term	none_suitable		1.000000	1.000000	no suitable term	552	0.000023
pct where patients gp was registered: sutton and merton pct	Hospital administrative field	1	no suitable term	none_suitable		1.000000	1.000000	no suitable term	5729	0.000241
pct where patients gp was registered: tameside and glossop pct	Hospital administrative field	1	no suitable term	none_suitable		1.000000	1.000000	no suitable term	5731	0.000241
pct where patients gp was registered: trafford north pct	Hospital administrative field	1	no suitable term	none_suitable		0.990000	0.980000	no suitable term	1311	0.000055
pct where patients gp was registered: trafford pct	Hospital administrative field	1	no suitable term	none_suitable		1.000000	1.000000	no suitable term	553	0.000023
pct where patients gp was registered: trafford south pct	Hospital administrative field	1	no suitable term	none_suitable		0.990000	0.980000	no suitable term	1761	0.000074
pct where patients gp was registered: wakefield district pct	Hospital administrative field	1	no suitable term	none_suitable		1.000000	1.000000	no suitable term	554	0.000023
pct where patients gp was registered: wakefield west pct	Hospital administrative field	1	no suitable term	none_suitable		1.000000	1.000000	no suitable term	1173	0.000049
pct where patients gp was registered: wandsworth pct	Hospital administrative field	1	no suitable term	none_suitable		0.990000	0.980000	no suitable term	553	0.000023
pct where patients gp was registered: warrington pct	Hospital administrative field	1	no suitable term	none_suitable		1.000000	1.000000	no suitable term	553	0.000023
pct where patients gp was registered: western cheshire pct	Hospital administrative field	1	no suitable term	none_suitable		0.990000	0.980000	no suitable term	1571	0.000066
pct where patients gp was registered: westminster pct	Hospital administrative field	1	no suitable term	none_suitable		1.000000	1.000000	no suitable term	553	0.000023
pct where patients gp was registered: windsor, ascot and maidenhead pct	Hospital administrative field	1	no suitable term	none_suitable		1.000000	1.000000	no suitable term	5733	0.000241
pct where patients gp was registered: wirral pct	Hospital administrative field	1	no suitable term	none_suitable		0.990000	0.980000	no suitable term	552	0.000023
pct where patients gp was registered: wokingham pct	Hospital administrative field	1	no suitable term	none_suitable		1.000000	1.000000	no suitable term	553	0.000023
pea intake	Diet and supplements	1	no suitable term	none_suitable		0.949495	0.919192	no suitable term	3748	0.000157
peach/nectarine intake	Diet and supplements	1	no suitable term	none_suitable		0.980000	0.970000	no suitable term	3214	0.000135
pear intake	Diet and supplements	1	no suitable term	none_suitable		0.950000	0.920000	no suitable term	3220	0.000135
pineapple intake	Diet and supplements	1	no suitable term	none_suitable		0.960000	0.940000	no suitable term	3172	0.000133
pizza intake	Diet and supplements	1	no suitable term	none_suitable		0.939394	0.888889	no suitable term	3655	0.000154
place of birth in uk - east co-ordinate	Other measurement / questionnaire	1	no suitable term	none_suitable		0.880000	0.780000	no suitable term	5816	0.000244
place of birth in uk - north co-ordinate	Other measurement / questionnaire	1	no suitable term	none_suitable		0.760000	0.530000	review (uncertain abstention)	5418	0.000228
plain cereal intake	Diet and supplements	1	no suitable term	none_suitable		0.777778	0.666667	review (uncertain abstention)	3529	0.000148
plays computer games	Other measurement / questionnaire	1	no suitable term	none_suitable		0.990000	0.980000	no suitable term	2654	0.000111
plum intake	Diet and supplements	1	no suitable term	none_suitable		0.990000	0.980000	no suitable term	3079	0.000129
polyunsaturated fat	Other measurement / questionnaire	1	review (uncertain pick)	EFO:0010733	polyunsaturated fatty acid measurement	0.630000	0.530000	review (uncertain pick)	3428	0.000144
porridge intake	Diet and supplements	1	no suitable term	none_suitable		0.808081	0.696970	review (uncertain abstention)	3440	0.000144
portion size	Other measurement / questionnaire	1	no suitable term	none_suitable		0.656566	0.454545	review (uncertain abstention)	4892	0.000205
potassium	Other measurement / questionnaire	1	review (uncertain pick)	EFO:0008470	dietary potassium intake measurement	0.840000	0.820000	review (uncertain pick)	6630	0.000278
powdered/instant soup intake	Diet and supplements	1	no suitable term	none_suitable		0.860000	0.790000	no suitable term	3464	0.000145
private healthcare	Other measurement / questionnaire	1	no suitable term	none_suitable		0.949495	0.919192	no suitable term	1948	0.000082
processed meat intake	Diet and supplements	1	no suitable term	none_suitable		0.808081	0.696970	review (uncertain abstention)	3632	0.000153
prospective memory result	Other measurement / questionnaire	1	review (uncertain abstention)	EFO:0004874	memory performance	0.696970	0.646465	review (uncertain pick)	2910	0.000122
protein	Other measurement / questionnaire	1	review (uncertain pick)	EFO:0010810	protein intake measurement	0.990000	0.990000	auto-accepted	4375	0.000184
prune intake	Diet and supplements	1	no suitable term	none_suitable		0.900000	0.840000	no suitable term	3216	0.000135
pulse rate, automated reading	Other measurement / questionnaire	1	review (uncertain pick)	OBA:1001087	heart rate	0.828283	0.787879	review (uncertain pick)	5582	0.000234
pulse wave arterial stiffness index	Other measurement / questionnaire	1	review (uncertain pick)	EFO:0004517	arterial stiffness measurement	0.818182	0.797980	review (uncertain pick)	6533	0.000274
pulse wave peak to peak time	Other measurement / questionnaire	1	no suitable term	none_suitable		0.720000	0.520000	review (uncertain abstention)	6620	0.000278
pulses intake	Diet and supplements	1	no suitable term	none_suitable		0.818182	0.686869	review (uncertain abstention)	3966	0.000167
pure fruit/vegetable juice intake	Diet and supplements	1	review (uncertain pick)	EFO:0010095	non-grapefruit juice consumption measurement	0.636364	0.585859	review (uncertain pick)	6331	0.000266
qualifications: a levels/as levels or equivalent	Sociodemographic / environment	1	review (uncertain pick)	none_suitable		0.990000	0.980000	no suitable term	6085	0.000256
qualifications: cses or equivalent	Sociodemographic / environment	1	review (uncertain abstention)	none_suitable		0.960000	0.940000	no suitable term	5807	0.000244
qualifications: none of the above	Sociodemographic / environment	1	no suitable term	none_suitable		1.000000	1.000000	no suitable term	6420	0.000270
qualifications: other professional qualifications eg: nursing, teaching	Sociodemographic / environment	1	no suitable term	none_suitable		1.000000	1.000000	no suitable term	5990	0.000252
quorn intake	Diet and supplements	1	no suitable term	none_suitable		0.980000	0.970000	no suitable term	3189	0.000134
reason for glasses/contact lenses: for 'astigmatism'	Other measurement / questionnaire	1	review (uncertain pick)	HP:0000483	Astigmatism	0.600000	0.400000	review (uncertain pick)	7628	0.000320
reason for glasses/contact lenses: for a 'squint' or 'turn' in an eye since childhood (called 'strabismus')	Other measurement / questionnaire	1	review (uncertain pick)	HP:0000486	Strabismus	0.949495	0.949495	auto-accepted	6500	0.000273
reason for glasses/contact lenses: for long-sightedness, i.e. for distance and near, but particularly for near tasks like reading (called 'hypermetropia')	Other measurement / questionnaire	1	review (uncertain pick)	HP:0000540	Hypermetropia	0.950000	0.950000	auto-accepted	7533	0.000316
reason for glasses/contact lenses: for short-sightedness, i.e. only or mainly for distance viewing such as driving, cinema etc (called 'myopia')	Other measurement / questionnaire	1	review (uncertain pick)	MONDO:0001384	myopia	0.630000	0.310000	review (uncertain pick)	6731	0.000283
reason for glasses/contact lenses: other eye condition	Other measurement / questionnaire	1	review (uncertain abstention)	none_suitable		0.720000	0.480000	review (uncertain abstention)	5684	0.000239
reason for not eating or drinking normally: away	Other measurement / questionnaire	1	no suitable term	none_suitable		1.000000	1.000000	no suitable term	507	0.000021
reason for not eating or drinking normally: other reason untypical diet	Diet and supplements	1	review (uncertain abstention)	none_suitable		0.750000	0.570000	review (uncertain abstention)	6423	0.000270
recent medication for asthma	Other measurement / questionnaire	1	review (uncertain abstention)	none_suitable		0.494949	0.313131	review (uncertain abstention)	6468	0.000272
recent medication for hayfever or allergic rhinitis	Other measurement / questionnaire	1	review (uncertain abstention)	EFO:0009943	Antihistamine use measurement	0.600000	0.480000	review (uncertain pick)	5930	0.000249
red wine intake	Diet and supplements	1	no suitable term	none_suitable		0.262626	0.010101	review (uncertain abstention)	5677	0.000238
relative age of first facial hair	Other measurement / questionnaire	1	review (uncertain pick)	EFO:0009716	age at first facial hair	0.808081	0.797980	review (uncertain pick)	5510	0.000231
reproduciblity of spirometry measurement using ers/ats criteria	Other measurement / questionnaire	1	no suitable term	none_suitable		0.980000	0.960000	no suitable term	6389	0.000268
rose wine intake	Diet and supplements	1	no suitable term	none_suitable		0.676768	0.484848	review (uncertain abstention)	4486	0.000188
round of numeric memory test	Other measurement / questionnaire	1	review (uncertain pick)	none_suitable		0.939394	0.909091	no suitable term	5925	0.000249
salad / raw vegetable intake	Diet and supplements	1	no suitable term	none_suitable		0.565657	0.242424	review (uncertain abstention)	3612	0.000152
salt added to food	Diet and supplements	1	review (uncertain pick)	EFO:0020080	dietary sodium intake measurement	0.670000	0.650000	review (uncertain pick)	6552	0.000275
salted nuts intake	Diet and supplements	1	no suitable term	none_suitable		0.949495	0.909091	no suitable term	3518	0.000148
salted peanuts intake	Diet and supplements	1	no suitable term	none_suitable		0.949495	0.919192	no suitable term	3420	0.000144
saturated fat	Other measurement / questionnaire	1	review (uncertain pick)	EFO:0022304	saturated fatty acids measurement	0.460000	0.310000	review (uncertain pick)	2309	0.000097
sausage intake	Diet and supplements	1	no suitable term	none_suitable		0.910000	0.870000	no suitable term	3379	0.000142
savoury biscuits intake	Diet and supplements	1	no suitable term	none_suitable		0.929293	0.888889	no suitable term	3720	0.000156
savoury snack consumers	Diet and supplements	1	review (uncertain abstention)	none_suitable		0.656566	0.363636	review (uncertain abstention)	2754	0.000116
scone intake	Diet and supplements	1	no suitable term	none_suitable		0.960000	0.920000	no suitable term	4019	0.000169
scotch egg intake	Diet and supplements	1	no suitable term	none_suitable		0.980000	0.970000	no suitable term	4340	0.000182
scotch pancake intake	Diet and supplements	1	no suitable term	none_suitable		0.970000	0.940000	no suitable term	4031	0.000169
seeds intake	Diet and supplements	1	no suitable term	none_suitable		0.929293	0.878788	no suitable term	3505	0.000147
shellfish intake	Diet and supplements	1	no suitable term	none_suitable		0.700000	0.420000	review (uncertain abstention)	3472	0.000146
shortness of breath walking on level ground	Other measurement / questionnaire	1	review (uncertain pick)	EFO:0009727	shortness of breath	0.480000	0.110000	review (uncertain pick)	5504	0.000231
side salad intake	Diet and supplements	1	no suitable term	none_suitable		0.880000	0.830000	no suitable term	4145	0.000174
signal-to-noise-ratio (snr) of triplet (left)	Other measurement / questionnaire	1	no suitable term	none_suitable		0.960000	0.940000	no suitable term	6824	0.000287
signal-to-noise-ratio (snr) of triplet (right)	Other measurement / questionnaire	1	no suitable term	none_suitable		0.970000	0.950000	no suitable term	6765	0.000284
single crust pastry intake	Diet and supplements	1	no suitable term	none_suitable		0.890000	0.830000	no suitable term	5608	0.000236
size of red wine glass drunk: medium (175ml)	Other measurement / questionnaire	1	no suitable term	none_suitable		1.000000	1.000000	no suitable term	3329	0.000140
size of red wine glass drunk: small (125ml)	Other measurement / questionnaire	1	review (uncertain abstention)	none_suitable		1.000000	1.000000	no suitable term	5869	0.000246
size of white wine glass drunk: medium (175ml)	Other measurement / questionnaire	1	no suitable term	none_suitable		1.000000	1.000000	no suitable term	3329	0.000140
size of white wine glass drunk: small (125ml)	Other measurement / questionnaire	1	review (uncertain abstention)	none_suitable		1.000000	1.000000	no suitable term	5869	0.000246
skin removed from poultry	Other measurement / questionnaire	1	review (uncertain abstention)	none_suitable		0.525253	0.313131	review (uncertain abstention)	5741	0.000241
sleeplessness / insomnia	Other measurement / questionnaire	1	review (uncertain pick)	MONDO:0013600	insomnia	0.910000	0.880000	auto-accepted	2652	0.000111
sliced bread intake	Diet and supplements	1	no suitable term	none_suitable		0.840000	0.740000	review (uncertain abstention)	3830	0.000161
smoked cigarette or pipe within last hour	Other measurement / questionnaire	1	review (uncertain pick)	EFO:0004318	smoking behavior	0.515152	0.424242	review (uncertain pick)	5503	0.000231
smoking compared to 10 years previous	Other measurement / questionnaire	1	review (uncertain abstention)	none_suitable		0.525253	0.181818	review (uncertain abstention)	6440	0.000270
snackpot intake	Diet and supplements	1	no suitable term	none_suitable		0.880000	0.810000	no suitable term	3872	0.000163
soft cheese intake	Diet and supplements	1	no suitable term	none_suitable		0.900000	0.840000	no suitable term	6019	0.000253
soup consumers	Diet and supplements	1	review (uncertain abstention)	none_suitable		0.666667	0.525253	review (uncertain abstention)	2491	0.000105
sources of admission to hospital (recoded): other admission source	Hospital administrative field	1	review (uncertain pick)	none_suitable		1.000000	1.000000	no suitable term	5906	0.000248
sources of admission to hospital (recoded): temporary place of residence	Hospital administrative field	1	review (uncertain abstention)	none_suitable		0.650000	0.310000	review (uncertain abstention)	5484	0.000230
sources of admission to hospital (recoded): transfer to other nhs provider	Hospital administrative field	1	review (uncertain abstention)	none_suitable		1.000000	1.000000	no suitable term	7219	0.000303
sources of admission to hospital (recoded): transfer to other nhs provider: general ward, young physically disabled, a&e	Hospital administrative field	1	no suitable term	none_suitable		1.000000	1.000000	no suitable term	6707	0.000282
sources of admission to hospital (recoded): transfer within nhs provider	Hospital administrative field	1	review (uncertain abstention)	none_suitable		1.000000	1.000000	no suitable term	4348	0.000183
sources of admission to hospital (recoded): transfer within nhs provider: medical specialty	Hospital administrative field	1	review (uncertain abstention)	none_suitable		1.000000	1.000000	no suitable term	4684	0.000197
sources of admission to hospital (recoded): transfer within nhs provider: surgical specialty	Hospital administrative field	1	review (uncertain abstention)	none_suitable		0.880000	0.760000	no suitable term	4621	0.000194
sources of admission to hospital (recoded): usual place of residence	Hospital administrative field	1	review (uncertain abstention)	none_suitable		0.760000	0.520000	review (uncertain abstention)	5488	0.000230
sources of admission to hospital (recoded): usual place of residence: living alone	Hospital administrative field	1	review (uncertain abstention)	none_suitable		0.750000	0.510000	review (uncertain abstention)	5474	0.000230
sources of admission to hospital (recoded): usual place of residence: living with relatives	Hospital administrative field	1	review (uncertain abstention)	none_suitable		0.828283	0.656566	review (uncertain abstention)	6379	0.000268
soya dessert intake	Diet and supplements	1	no suitable term	none_suitable		0.939394	0.888889	no suitable term	3631	0.000153
speech-reception-threshold (srt) estimate (left)	Other measurement / questionnaire	1	review (uncertain abstention)	none_suitable		0.490000	0.180000	review (uncertain abstention)	6158	0.000259
speech-reception-threshold (srt) estimate (right)	Other measurement / questionnaire	1	review (uncertain abstention)	none_suitable		0.505051	0.171717	review (uncertain abstention)	6279	0.000264
spherical power (left)	Other measurement / questionnaire	1	no suitable term	none_suitable		0.929293	0.909091	no suitable term	6092	0.000256
spherical power (right)	Other measurement / questionnaire	1	no suitable term	none_suitable		0.909091	0.888889	no suitable term	6300	0.000265
spinach intake	Diet and supplements	1	no suitable term	none_suitable		0.950000	0.910000	no suitable term	3565	0.000150
spirits intake	Diet and supplements	1	review (uncertain pick)	EFO:0010092	bitter alcoholic beverage consumption measurement	0.535354	0.353535	review (uncertain pick)	4153	0.000174
sponge pudding intake	Diet and supplements	1	no suitable term	none_suitable		0.870000	0.810000	no suitable term	4412	0.000185
spreads/sauces consumers	Diet and supplements	1	no suitable term	none_suitable		0.990000	0.980000	no suitable term	1685	0.000071
sprouts intake	Diet and supplements	1	no suitable term	none_suitable		0.970000	0.950000	no suitable term	3262	0.000137
squash intake	Diet and supplements	1	no suitable term	none_suitable		0.970000	0.950000	no suitable term	3286	0.000138
starch	Other measurement / questionnaire	1	no suitable term	none_suitable		0.700000	0.410000	review (uncertain abstention)	2512	0.000106
starchy food consumers	Diet and supplements	1	review (uncertain pick)	EFO:0010811	carbohydrate intake measurement	0.666667	0.595960	review (uncertain pick)	3225	0.000135
started insulin within one year diagnosis of diabetes	Other measurement / questionnaire	1	review (uncertain abstention)	none_suitable		0.850000	0.700000	no suitable term	6661	0.000280
stewed fruit intake	Diet and supplements	1	no suitable term	none_suitable		0.970000	0.950000	no suitable term	3066	0.000129
stomach/abdominal pain for 3+ months	Self-reported condition or symptom	1	review (uncertain pick)	HP:0002027	Abdominal pain	0.545455	0.222222	review (uncertain pick)	5652	0.000237
sum of road length of major roads within 100m	Other measurement / questionnaire	1	no suitable term	none_suitable		0.780000	0.560000	review (uncertain abstention)	6062	0.000255
sushi intake	Diet and supplements	1	review (uncertain abstention)	none_suitable		0.860000	0.740000	no suitable term	5707	0.000240
sweet biscuits intake	Diet and supplements	1	no suitable term	none_suitable		0.920000	0.880000	no suitable term	4010	0.000168
sweet pepper intake	Diet and supplements	1	no suitable term	none_suitable		0.939394	0.909091	no suitable term	3977	0.000167
sweet potato intake	Diet and supplements	1	no suitable term	none_suitable		0.939394	0.898990	no suitable term	3937	0.000165
sweet snack consumers	Diet and supplements	1	review (uncertain abstention)	none_suitable		0.535354	0.191919	review (uncertain abstention)	2810	0.000118
sweetcorn intake	Diet and supplements	1	no suitable term	none_suitable		0.980000	0.960000	no suitable term	3731	0.000157
sweetened cereal intake	Diet and supplements	1	no suitable term	none_suitable		0.900000	0.860000	no suitable term	3898	0.000164
symbol digit completion status	Other measurement / questionnaire	1	no suitable term	none_suitable		0.929293	0.898990	no suitable term	4903	0.000206
taking other prescription medications	Other measurement / questionnaire	1	no suitable term	EFO:0009803	number of treatments or medications taken, self-reported	0.760000	0.650000	review (uncertain pick)	6110	0.000257
thickness of butter/margarine spread on baguettes: thin	Diet and supplements	1	no suitable term	none_suitable		1.000000	1.000000	no suitable term	2202	0.000092
thickness of butter/margarine spread on bread rolls: medium	Diet and supplements	1	review (uncertain abstention)	none_suitable		1.000000	1.000000	no suitable term	3329	0.000140
thickness of butter/margarine spread on bread rolls: thin	Diet and supplements	1	no suitable term	none_suitable		1.000000	1.000000	no suitable term	2202	0.000092
thickness of butter/margarine spread on sliced bread: medium	Diet and supplements	1	review (uncertain abstention)	none_suitable		1.000000	1.000000	no suitable term	3329	0.000140
thickness of butter/margarine spread on sliced bread: thick	Diet and supplements	1	no suitable term	none_suitable		1.000000	1.000000	no suitable term	1163	0.000049
thickness of butter/margarine spread on sliced bread: thin	Diet and supplements	1	no suitable term	none_suitable		1.000000	1.000000	no suitable term	2202	0.000092
time employed in main current job	Sociodemographic / environment	1	no suitable term	none_suitable		0.660000	0.410000	review (uncertain abstention)	6431	0.000270
time since last menstrual period	Other measurement / questionnaire	1	review (uncertain abstention)	none_suitable		0.767677	0.717172	review (uncertain abstention)	4560	0.000192
time since last prostate specific antigen (psa) test	Other measurement / questionnaire	1	no suitable term	none_suitable		0.646465	0.515152	review (uncertain abstention)	5803	0.000244
time spent doing light physical activity	Physical activity / lifestyle	1	review (uncertain pick)	none_suitable		0.400000	0.010000	review (uncertain abstention)	5774	0.000243
time spent doing moderate physical activity	Physical activity / lifestyle	1	review (uncertain pick)	EFO:0008002	physical activity measurement	0.620000	0.540000	review (uncertain pick)	5942	0.000250
time spent doing vigorous physical activity	Physical activity / lifestyle	1	review (uncertain pick)	EFO:0008002	physical activity measurement	0.545455	0.474747	review (uncertain pick)	5962	0.000250
time spent driving	Physical activity / lifestyle	1	no suitable term	none_suitable		0.686869	0.414141	review (uncertain abstention)	4430	0.000186
time spent outdoors in winter	Physical activity / lifestyle	1	review (uncertain pick)	EFO:0600081	time spent outdoors measurement	0.920000	0.860000	auto-accepted	6163	0.000259
time spent using computer	Physical activity / lifestyle	1	no suitable term	none_suitable		0.777778	0.686869	review (uncertain abstention)	4455	0.000187
time spent watching television (tv)	Physical activity / lifestyle	1	no suitable term	none_suitable		0.730000	0.550000	review (uncertain abstention)	4135	0.000174
tinned tomato intake	Diet and supplements	1	no suitable term	none_suitable		0.980000	0.960000	no suitable term	3753	0.000158
tinned tuna intake	Diet and supplements	1	review (uncertain pick)	EFO:0010139	fish consumption measurement	0.530000	0.520000	review (uncertain pick)	3750	0.000158
tinnitus severity/nuisance	Other measurement / questionnaire	1	review (uncertain abstention)	HP:0000360	Tinnitus	0.440000	0.340000	review (uncertain pick)	4100	0.000172
tofu intake	Diet and supplements	1	no suitable term	none_suitable		0.950000	0.920000	no suitable term	3516	0.000148
total errors traversing alphanumeric path (trail #2)	Other measurement / questionnaire	1	no suitable term	none_suitable		0.980000	0.970000	no suitable term	5894	0.000248
total errors traversing numeric path (trail #1)	Other measurement / questionnaire	1	no suitable term	none_suitable		0.960000	0.950000	no suitable term	5805	0.000244
total sugars	Other measurement / questionnaire	1	review (uncertain abstention)	EFO:0010158	sugar consumption measurement	0.970000	0.960000	auto-accepted	5865	0.000246
total traffic load on major roads	Other measurement / questionnaire	1	no suitable term	none_suitable		0.610000	0.240000	review (uncertain abstention)	6143	0.000258
traffic intensity on the nearest major road	Other measurement / questionnaire	1	no suitable term	none_suitable		0.797980	0.616162	review (uncertain abstention)	6362	0.000267
traffic intensity on the nearest road	Other measurement / questionnaire	1	review (uncertain abstention)	none_suitable		0.890000	0.790000	no suitable term	6129	0.000257
transport type for commuting to job workplace: car/motor vehicle	Sociodemographic / environment	1	no suitable term	none_suitable		0.990000	0.980000	no suitable term	6558	0.000275
transport type for commuting to job workplace: cycle	Sociodemographic / environment	1	no suitable term	none_suitable		0.960000	0.920000	no suitable term	3221	0.000135
transport type for commuting to job workplace: none of the above	Sociodemographic / environment	1	no suitable term	none_suitable		1.000000	1.000000	no suitable term	6424	0.000270
transport type for commuting to job workplace: public transport	Sociodemographic / environment	1	no suitable term	none_suitable		1.000000	1.000000	no suitable term	6219	0.000261
transport type for commuting to job workplace: walk	Sociodemographic / environment	1	no suitable term	none_suitable		0.960000	0.920000	no suitable term	1085	0.000046
treatment speciality of consultant (recoded): accident & emergency (a&e)	Hospital administrative field	1	no suitable term	none_suitable		1.000000	1.000000	no suitable term	6173	0.000259
treatment speciality of consultant (recoded): adult mental illness	Hospital administrative field	1	no suitable term	none_suitable		0.828283	0.676768	review (uncertain abstention)	6036	0.000254
treatment speciality of consultant (recoded): anaesthetics	Hospital administrative field	1	no suitable term					no candidate	0	0
treatment speciality of consultant (recoded): breast surgery	Hospital administrative field	1	no suitable term	none_suitable		1.000000	1.000000	no suitable term	6493	0.000273
treatment speciality of consultant (recoded): cardiac surgery	Hospital administrative field	1	no suitable term	none_suitable		0.970000	0.940000	no suitable term	6265	0.000263
treatment speciality of consultant (recoded): cardiology	Hospital administrative field	1	no suitable term					no candidate	0	0
treatment speciality of consultant (recoded): cardiothoracic surgery	Hospital administrative field	1	no suitable term	none_suitable		0.970000	0.940000	no suitable term	842	0.000035
treatment speciality of consultant (recoded): clinical haematology	Hospital administrative field	1	no suitable term	none_suitable		0.990000	0.980000	no suitable term	1500	0.000063
treatment speciality of consultant (recoded): clinical oncology	Hospital administrative field	1	no suitable term	none_suitable		0.980000	0.970000	no suitable term	1499	0.000063
treatment speciality of consultant (recoded): colorectal surgery	Hospital administrative field	1	no suitable term	none_suitable		0.910000	0.820000	no suitable term	4048	0.000170
treatment speciality of consultant (recoded): dermatology	Hospital administrative field	1	no suitable term					no candidate	0	0
treatment speciality of consultant (recoded): ear, nose and throat (ent)	Hospital administrative field	1	no suitable term	none_suitable		0.920000	0.840000	no suitable term	6025	0.000253
treatment speciality of consultant (recoded): endocrinology	Hospital administrative field	1	no suitable term					no candidate	0	0
treatment speciality of consultant (recoded): gastroenterology	Hospital administrative field	1	no suitable term					no candidate	0	0
treatment speciality of consultant (recoded): general medicine	Hospital administrative field	1	no suitable term	none_suitable		0.970000	0.940000	no suitable term	2602	0.000109
treatment speciality of consultant (recoded): general surgery	Hospital administrative field	1	no suitable term	none_suitable		0.960000	0.920000	no suitable term	2718	0.000114
treatment speciality of consultant (recoded): geriatric medicine	Hospital administrative field	1	no suitable term	none_suitable		1.000000	1.000000	no suitable term	725	0.000030
treatment speciality of consultant (recoded): gynaecology	Hospital administrative field	1	no suitable term					no candidate	0	0
treatment speciality of consultant (recoded): infectious diseases	Hospital administrative field	1	no suitable term	none_suitable		0.960000	0.920000	no suitable term	6079	0.000255
treatment speciality of consultant (recoded): maxillo-facial surgery	Hospital administrative field	1	no suitable term	none_suitable		0.990000	0.980000	no suitable term	6407	0.000269
treatment speciality of consultant (recoded): medical oncology	Hospital administrative field	1	no suitable term	none_suitable		0.990000	0.980000	no suitable term	722	0.000030
treatment speciality of consultant (recoded): midwife episode	Hospital administrative field	1	no suitable term	none_suitable		1.000000	1.000000	no suitable term	911	0.000038
treatment speciality of consultant (recoded): nephrology	Hospital administrative field	1	no suitable term					no candidate	0	0
treatment speciality of consultant (recoded): neurology	Hospital administrative field	1	no suitable term					no candidate	0	0
treatment speciality of consultant (recoded): neurosurgery	Hospital administrative field	1	no suitable term					no candidate	0	0
treatment speciality of consultant (recoded): obstetrics	Hospital administrative field	1	review (uncertain abstention)					no candidate	0	0
treatment speciality of consultant (recoded): ophthalmology	Hospital administrative field	1	no suitable term					no candidate	0	0
treatment speciality of consultant (recoded): oral surgery	Hospital administrative field	1	no suitable term	none_suitable		0.980000	0.960000	no suitable term	6713	0.000282
treatment speciality of consultant (recoded): pain management	Hospital administrative field	1	no suitable term	none_suitable		1.000000	1.000000	no suitable term	5258	0.000221
treatment speciality of consultant (recoded): plastic surgery	Hospital administrative field	1	no suitable term	none_suitable		1.000000	1.000000	no suitable term	839	0.000035
treatment speciality of consultant (recoded): respiratory medicine	Hospital administrative field	1	no suitable term	none_suitable		0.980000	0.970000	no suitable term	6226	0.000261
treatment speciality of consultant (recoded): rheumatology	Hospital administrative field	1	no suitable term	none_suitable		1.000000	1.000000	no suitable term	456	0.000019
treatment speciality of consultant (recoded): thoracic medicine	Hospital administrative field	1	no suitable term	none_suitable		1.000000	1.000000	no suitable term	4470	0.000188
treatment speciality of consultant (recoded): trauma & orthopaedics	Hospital administrative field	1	no suitable term	none_suitable		1.000000	1.000000	no suitable term	1038	0.000044
treatment speciality of consultant (recoded): upper gastrointestinal surgery	Hospital administrative field	1	review (uncertain abstention)	none_suitable		0.890000	0.780000	no suitable term	6014	0.000253
treatment speciality of consultant (recoded): urology	Hospital administrative field	1	no suitable term					no candidate	0	0
treatment speciality of consultant (recoded): vascular surgery	Hospital administrative field	1	no suitable term	none_suitable		0.980000	0.960000	no suitable term	6227	0.000262
treatment/medication code: adalat 5mg capsule	Medication	1	review (uncertain abstention)					no candidate	0	0
treatment/medication code: adcal 600mg chewable tablet	Medication	1	review (uncertain abstention)					no candidate	0	0
treatment/medication code: adcal-d3 1.5g/10micrograms chewable tablet	Medication	1	review (uncertain abstention)	none_suitable		0.990000	0.980000	no suitable term	4667	0.000196
treatment/medication code: alendronate sodium	Medication	1	review (uncertain pick)	none_suitable		0.990000	0.980000	no suitable term	5094	0.000214
treatment/medication code: alfuzosin	Medication	1	review (uncertain abstention)					no candidate	0	0
treatment/medication code: allopurinol	Medication	1	review (uncertain abstention)	none_suitable		0.810000	0.620000	review (uncertain abstention)	444	0.000019
treatment/medication code: amitriptyline	Medication	1	review (uncertain pick)					no candidate	0	0
treatment/medication code: amlodipine	Medication	1	review (uncertain abstention)					no candidate	0	0
treatment/medication code: aspirin	Medication	1	review (uncertain pick)	EFO:0007013	aspirin use measurement	0.830000	0.830000	review (uncertain pick)	758	0.000032
treatment/medication code: aspirin 75mg tablet	Medication	1	review (uncertain pick)	EFO:0007013	aspirin use measurement	0.750000	0.750000	review (uncertain pick)	763	0.000032
treatment/medication code: atenolol	Medication	1	review (uncertain pick)	none_suitable		0.960000	0.920000	no suitable term	433	0.000018
treatment/medication code: atorvastatin	Medication	1	review (uncertain abstention)	none_suitable		0.870000	0.780000	no suitable term	488	0.000020
treatment/medication code: beclazone 50 inhaler	Medication	1	review (uncertain abstention)	none_suitable		1.000000	1.000000	no suitable term	1819	0.000076
treatment/medication code: beclometasone	Medication	1	review (uncertain abstention)					no candidate	0	0
treatment/medication code: beclomethasone	Medication	1	review (uncertain abstention)					no candidate	0	0
treatment/medication code: beconase 50micrograms nasal spray	Medication	1	review (uncertain abstention)	none_suitable		0.990000	0.980000	no suitable term	5000	0.000210
treatment/medication code: becotide 50 inhaler	Medication	1	review (uncertain abstention)	none_suitable		1.000000	1.000000	no suitable term	1818	0.000076
treatment/medication code: bendrofluazide	Medication	1	no suitable term					no candidate	0	0
treatment/medication code: bendroflumethiazide	Medication	1	review (uncertain abstention)					no candidate	0	0
treatment/medication code: betahistine	Medication	1	review (uncertain abstention)					no candidate	0	0
treatment/medication code: betnovate cream	Medication	1	review (uncertain abstention)	none_suitable		1.000000	1.000000	no suitable term	469	0.000020
treatment/medication code: bisoprolol	Medication	1	review (uncertain abstention)					no candidate	0	0
treatment/medication code: bricanyl 250mcg inhaler	Medication	1	review (uncertain abstention)					no candidate	0	0
treatment/medication code: calcichew 1.25g chewable tablet	Medication	1	review (uncertain abstention)	none_suitable		1.000000	1.000000	no suitable term	4775	0.000201
treatment/medication code: calcichew d3 tablet	Medication	1	review (uncertain abstention)	none_suitable		0.990000	0.980000	no suitable term	1391	0.000058
treatment/medication code: calcium salts	Medication	1	no suitable term	none_suitable		0.900000	0.830000	no suitable term	6437	0.000270
treatment/medication code: calcium+vitamin d 500units tablet	Medication	1	no suitable term	none_suitable		0.720000	0.500000	review (uncertain abstention)	6007	0.000252
treatment/medication code: candesartan cilexetil	Medication	1	review (uncertain abstention)	none_suitable		0.880000	0.760000	no suitable term	468	0.000020
treatment/medication code: cerazette 75micrograms tablet	Medication	1	no suitable term					no candidate	0	0
treatment/medication code: cetirizine	Medication	1	review (uncertain abstention)					no candidate	0	0
treatment/medication code: chondroitin product	Medication	1	review (uncertain abstention)	none_suitable		0.990000	0.980000	no suitable term	866	0.000036
treatment/medication code: citalopram	Medication	1	review (uncertain pick)	none_suitable		0.760000	0.520000	review (uncertain abstention)	488	0.000020
treatment/medication code: clopidogrel	Medication	1	review (uncertain abstention)	none_suitable		0.900000	0.810000	no suitable term	521	0.000022
treatment/medication code: co-codamol	Medication	1	review (uncertain abstention)	none_suitable		1.000000	1.000000	no suitable term	1623	0.000068
treatment/medication code: co-dydramol	Medication	1	review (uncertain abstention)	none_suitable		1.000000	1.000000	no suitable term	1623	0.000068
treatment/medication code: co-enzyme q10/ubiquinone/bio-quinone/coenzyme q10	Medication	1	no suitable term	none_suitable		0.818182	0.717172	review (uncertain abstention)	6739	0.000283
treatment/medication code: cod liver oil capsule	Medication	1	review (uncertain abstention)	none_suitable		0.430000	0.110000	review (uncertain abstention)	6404	0.000269
treatment/medication code: codeine	Medication	1	no suitable term					no candidate	0	0
treatment/medication code: diazepam	Medication	1	review (uncertain pick)					no candidate	0	0
treatment/medication code: diclofenac	Medication	1	review (uncertain pick)	none_suitable		0.770000	0.540000	review (uncertain abstention)	444	0.000019
treatment/medication code: digoxin	Medication	1	review (uncertain abstention)					no candidate	0	0
treatment/medication code: dihydrocodeine	Medication	1	review (uncertain abstention)					no candidate	0	0
treatment/medication code: dosulepin	Medication	1	review (uncertain abstention)					no candidate	0	0
treatment/medication code: doxazosin	Medication	1	review (uncertain abstention)					no candidate	0	0
treatment/medication code: enalapril	Medication	1	review (uncertain abstention)					no candidate	0	0
treatment/medication code: esomeprazole	Medication	1	review (uncertain abstention)					no candidate	0	0
treatment/medication code: evening primrose oil	Medication	1	review (uncertain abstention)	none_suitable		0.970000	0.950000	no suitable term	696	0.000029
treatment/medication code: evening primrose oil product	Medication	1	review (uncertain abstention)	none_suitable		0.960000	0.930000	no suitable term	874	0.000037
treatment/medication code: ezetimibe	Medication	1	review (uncertain abstention)					no candidate	0	0
treatment/medication code: felodipine	Medication	1	review (uncertain pick)					no candidate	0	0
treatment/medication code: ferrous sulphate	Medication	1	review (uncertain abstention)	none_suitable		1.000000	1.000000	no suitable term	1030	0.000043
treatment/medication code: fexofenadine	Medication	1	no suitable term					no candidate	0	0
treatment/medication code: finasteride	Medication	1	review (uncertain abstention)					no candidate	0	0
treatment/medication code: flixonase 50micrograms aqueous nasal spray	Medication	1	review (uncertain abstention)	none_suitable		0.990000	0.980000	no suitable term	5003	0.000210
treatment/medication code: fluoxetine	Medication	1	review (uncertain pick)					no candidate	0	0
treatment/medication code: fluticasone	Medication	1	review (uncertain abstention)					no candidate	0	0
treatment/medication code: folic acid product	Medication	1	no suitable term	none_suitable		0.949495	0.919192	no suitable term	5448	0.000229
treatment/medication code: food supplement/plant/herbal extract	Medication	1	review (uncertain pick)	EFO:0600066	nutritional supplement exposure measurement	0.650000	0.640000	review (uncertain pick)	2622	0.000110
treatment/medication code: free-text entry, unable to be coded	Medication	1	no suitable term	none_suitable		1.000000	1.000000	no suitable term	7315	0.000307
treatment/medication code: furosemide	Medication	1	review (uncertain pick)	none_suitable		1.000000	1.000000	no suitable term	420	0.000018
treatment/medication code: gabapentin	Medication	1	review (uncertain pick)	none_suitable		0.920000	0.860000	no suitable term	490	0.000021
treatment/medication code: garlic product	Medication	1	review (uncertain abstention)	none_suitable		1.000000	1.000000	no suitable term	733	0.000031
treatment/medication code: gaviscon liquid	Medication	1	review (uncertain abstention)	none_suitable		1.000000	1.000000	no suitable term	508	0.000021
treatment/medication code: ginkgo forte tablet	Medication	1	review (uncertain abstention)					no candidate	0	0
treatment/medication code: gliclazide	Medication	1	review (uncertain abstention)					no candidate	0	0
treatment/medication code: glucosamine product	Medication	1	review (uncertain abstention)	none_suitable		0.970000	0.950000	no suitable term	1093	0.000046
treatment/medication code: glyceryl trinitrate	Medication	1	review (uncertain abstention)	none_suitable		1.000000	1.000000	no suitable term	442	0.000019
treatment/medication code: gtn 400micrograms spray	Medication	1	review (uncertain abstention)	none_suitable		1.000000	1.000000	no suitable term	473	0.000020
treatment/medication code: ibuprofen	Medication	1	review (uncertain abstention)	none_suitable		0.950000	0.900000	no suitable term	436	0.000018
treatment/medication code: indapamide	Medication	1	no suitable term					no candidate	0	0
treatment/medication code: insulin product	Medication	1	review (uncertain pick)	EFO:0600082	insulin use measurement	0.510000	0.510000	review (uncertain pick)	2521	0.000106
treatment/medication code: irbesartan	Medication	1	review (uncertain abstention)					no candidate	0	0
treatment/medication code: iron product	Medication	1	no suitable term	none_suitable		0.970000	0.950000	no suitable term	2399	0.000101
treatment/medication code: isosorbide mononitrate	Medication	1	review (uncertain abstention)					no candidate	0	0
treatment/medication code: lactulose product	Medication	1	review (uncertain abstention)	none_suitable		1.000000	1.000000	no suitable term	734	0.000031
treatment/medication code: lansoprazole	Medication	1	review (uncertain abstention)					no candidate	0	0
treatment/medication code: lercanidipine	Medication	1	review (uncertain abstention)					no candidate	0	0
treatment/medication code: levothyroxine sodium	Medication	1	review (uncertain pick)	none_suitable		0.990000	0.980000	no suitable term	5094	0.000214
treatment/medication code: lipitor 10mg tablet	Medication	1	review (uncertain pick)					no candidate	0	0
treatment/medication code: lisinopril	Medication	1	review (uncertain abstention)	none_suitable		0.930000	0.860000	no suitable term	436	0.000018
treatment/medication code: loperamide	Medication	1	review (uncertain abstention)					no candidate	0	0
treatment/medication code: loratadine	Medication	1	review (uncertain abstention)					no candidate	0	0
treatment/medication code: losartan	Medication	1	review (uncertain pick)	none_suitable		0.790000	0.580000	review (uncertain abstention)	441	0.000019
treatment/medication code: mebeverine	Medication	1	no suitable term					no candidate	0	0
treatment/medication code: meloxicam	Medication	1	review (uncertain abstention)					no candidate	0	0
treatment/medication code: metformin	Medication	1	review (uncertain pick)	none_suitable		0.930000	0.880000	no suitable term	507	0.000021
treatment/medication code: methotrexate	Medication	1	review (uncertain pick)	none_suitable		0.950000	0.900000	no suitable term	463	0.000019
treatment/medication code: minerals - magnesium	Medication	1	no suitable term	none_suitable		0.990000	0.980000	no suitable term	1867	0.000078
treatment/medication code: mirtazapine	Medication	1	review (uncertain abstention)					no candidate	0	0
treatment/medication code: movicol oral powder	Medication	1	review (uncertain abstention)	none_suitable		0.990000	0.980000	no suitable term	6261	0.000263
treatment/medication code: multivitamin+mineral preparations	Medication	1	review (uncertain pick)	none_suitable		0.960000	0.940000	no suitable term	1725	0.000072
treatment/medication code: multivitamins	Medication	1	review (uncertain pick)					no candidate	0	0
treatment/medication code: naproxen	Medication	1	review (uncertain pick)					no candidate	0	0
treatment/medication code: nasonex 0.05% aqueous nasal spray	Medication	1	no suitable term	none_suitable		1.000000	1.000000	no suitable term	6171	0.000259
treatment/medication code: nicorandil	Medication	1	review (uncertain abstention)					no candidate	0	0
treatment/medication code: nifedipine	Medication	1	review (uncertain abstention)					no candidate	0	0
treatment/medication code: omega-3/fish oil supplement	Medication	1	review (uncertain pick)	ECTO:0070164	exposure to fish oil supplement via ingestion	0.700000	0.550000	review (uncertain pick)	5763	0.000242
treatment/medication code: omeprazole	Medication	1	review (uncertain pick)					no candidate	0	0
treatment/medication code: oxybutynin	Medication	1	review (uncertain abstention)					no candidate	0	0
treatment/medication code: oxytetracycline	Medication	1	review (uncertain abstention)					no candidate	0	0
treatment/medication code: paracetamol	Medication	1	review (uncertain pick)	none_suitable		0.960000	0.920000	no suitable term	463	0.000019
treatment/medication code: paroxetine	Medication	1	review (uncertain pick)					no candidate	0	0
treatment/medication code: perindopril	Medication	1	review (uncertain abstention)					no candidate	0	0
treatment/medication code: pravastatin	Medication	1	review (uncertain abstention)	none_suitable		0.960000	0.920000	no suitable term	433	0.000018
treatment/medication code: prednisolone	Medication	1	review (uncertain pick)	none_suitable		0.820000	0.640000	review (uncertain abstention)	439	0.000018
treatment/medication code: premarin 625micrograms tablet	Medication	1	review (uncertain abstention)					no candidate	0	0
treatment/medication code: propranolol	Medication	1	review (uncertain abstention)					no candidate	0	0
treatment/medication code: quinine	Medication	1	review (uncertain abstention)	none_suitable		0.970000	0.940000	no suitable term	430	0.000018
treatment/medication code: qvar 50 inhaler	Medication	1	review (uncertain abstention)	none_suitable		1.000000	1.000000	no suitable term	1817	0.000076
treatment/medication code: ramipril	Medication	1	review (uncertain abstention)					no candidate	0	0
treatment/medication code: ranitidine	Medication	1	review (uncertain pick)					no candidate	0	0
treatment/medication code: rosuvastatin	Medication	1	review (uncertain pick)	none_suitable		0.720000	0.440000	review (uncertain abstention)	466	0.000020
treatment/medication code: salamol 100micrograms inhaler	Medication	1	review (uncertain abstention)					no candidate	0	0
treatment/medication code: salbutamol	Medication	1	review (uncertain abstention)					no candidate	0	0
treatment/medication code: salbutamol 100micrograms spacehaler	Medication	1	no suitable term					no candidate	0	0
treatment/medication code: salmeterol	Medication	1	review (uncertain abstention)	none_suitable		0.640000	0.280000	review (uncertain abstention)	463	0.000019
treatment/medication code: selenium product	Medication	1	review (uncertain abstention)	none_suitable		0.850000	0.700000	no suitable term	936	0.000039
treatment/medication code: seretide 50 evohaler	Medication	1	review (uncertain abstention)	none_suitable		1.000000	1.000000	no suitable term	1818	0.000076
treatment/medication code: serevent 25mcg inhaler	Medication	1	review (uncertain pick)					no candidate	0	0
treatment/medication code: sertraline	Medication	1	review (uncertain abstention)	none_suitable		0.820000	0.640000	review (uncertain abstention)	465	0.000020
treatment/medication code: simvastatin	Medication	1	review (uncertain abstention)	none_suitable		0.920000	0.860000	no suitable term	506	0.000021
treatment/medication code: sumatriptan	Medication	1	review (uncertain abstention)					no candidate	0	0
treatment/medication code: symbicort 100/6 turbohaler	Medication	1	review (uncertain abstention)	none_suitable		1.000000	1.000000	no suitable term	6226	0.000261
treatment/medication code: tamoxifen	Medication	1	review (uncertain abstention)	none_suitable		0.800000	0.600000	review (uncertain abstention)	441	0.000019
treatment/medication code: tamsulosin	Medication	1	review (uncertain abstention)	none_suitable		0.900000	0.800000	no suitable term	463	0.000019
treatment/medication code: tegretol 100mg tablet	Medication	1	review (uncertain abstention)					no candidate	0	0
treatment/medication code: thyroxine product	Medication	1	review (uncertain abstention)	none_suitable		0.990000	0.980000	no suitable term	1016	0.000043
treatment/medication code: thyroxine sodium	Medication	1	review (uncertain pick)	none_suitable		0.939394	0.888889	no suitable term	5524	0.000232
treatment/medication code: tiotropium	Medication	1	review (uncertain abstention)					no candidate	0	0
treatment/medication code: tramadol	Medication	1	review (uncertain pick)	none_suitable		0.840000	0.680000	review (uncertain abstention)	461	0.000019
treatment/medication code: vagifem 25mcg pessary	Medication	1	review (uncertain abstention)					no candidate	0	0
treatment/medication code: valsartan	Medication	1	review (uncertain abstention)	none_suitable		0.920000	0.840000	no suitable term	433	0.000018
treatment/medication code: venlafaxine	Medication	1	review (uncertain pick)	none_suitable		0.830000	0.660000	review (uncertain abstention)	441	0.000019
treatment/medication code: ventolin 100micrograms inhaler	Medication	1	review (uncertain abstention)					no candidate	0	0
treatment/medication code: viscotears liquid eye gel	Medication	1	no suitable term	none_suitable		0.890000	0.790000	no suitable term	5678	0.000238
treatment/medication code: vitamin b compound tablet	Medication	1	review (uncertain abstention)	EFO:0009116	vitamin supplement exposure measurement	0.500000	0.210000	review (uncertain pick)	6010	0.000252
treatment/medication code: vitamin b12 preparation	Medication	1	no suitable term	none_suitable		0.696970	0.454545	review (uncertain abstention)	6454	0.000271
treatment/medication code: vitamin d product	Medication	1	review (uncertain pick)	none_suitable		0.620000	0.280000	review (uncertain abstention)	5947	0.000250
treatment/medication code: vitamin e product	Medication	1	review (uncertain abstention)	EFO:0009116	vitamin supplement exposure measurement	0.630000	0.600000	review (uncertain pick)	6208	0.000261
treatment/medication code: warfarin	Medication	1	review (uncertain abstention)	none_suitable		0.720000	0.460000	review (uncertain abstention)	1137	0.000048
treatment/medication code: xalatan 0.005% eye drops	Medication	1	review (uncertain abstention)	none_suitable		0.980000	0.970000	no suitable term	5859	0.000246
treatment/medication code: zinc product	Medication	1	review (uncertain abstention)	none_suitable		0.970000	0.940000	no suitable term	2705	0.000114
treatment/medication code: zopiclone	Medication	1	review (uncertain abstention)					no candidate	0	0
trunk fat mass	Other measurement / questionnaire	1	review (uncertain abstention)	EFO:0803316	abdominal adipose tissue measurement	0.515152	0.444444	review (uncertain pick)	5845	0.000245
trunk fat percentage	Other measurement / questionnaire	1	review (uncertain abstention)	none_suitable		0.383838	0.141414	review (uncertain abstention)	5808	0.000244
trunk fat-free mass	Other measurement / questionnaire	1	no suitable term	none_suitable		0.575758	0.202020	review (uncertain abstention)	6071	0.000255
trunk predicted mass	Other measurement / questionnaire	1	no suitable term	none_suitable		0.840000	0.810000	review (uncertain abstention)	5971	0.000251
turnip/swede intake	Diet and supplements	1	no suitable term	none_suitable		0.980000	0.960000	no suitable term	3160	0.000133
type of baguette eaten: mixed	Diet and supplements	1	no suitable term	none_suitable		1.000000	1.000000	no suitable term	7419	0.000312
type of baguette eaten: white	Diet and supplements	1	no suitable term	none_suitable		1.000000	1.000000	no suitable term	4870	0.000205
type of baguette eaten: wholemeal	Diet and supplements	1	no suitable term					no candidate	0	0
type of bread roll eaten: mixed	Diet and supplements	1	no suitable term	none_suitable		1.000000	1.000000	no suitable term	7419	0.000312
type of bread roll eaten: white	Diet and supplements	1	no suitable term	none_suitable		1.000000	1.000000	no suitable term	4870	0.000205
type of bread roll eaten: wholemeal	Diet and supplements	1	no suitable term					no candidate	0	0
type of cancer: icd10: c34.1 upper lobe, bronchus or lung	Cancer registry	1	review (uncertain pick)	MONDO:0001672	bronchus cancer	0.420000	0.060000	review (uncertain pick)	5917	0.000249
type of cancer: icd10: c43.7 malignant melanoma of lower limb, including hip	Cancer registry	1	review (uncertain pick)	MONDO:0005012	cutaneous melanoma	0.515152	0.353535	review (uncertain pick)	5707	0.000240
type of cancer: icd10: c44.3 skin of other and unspecified parts of face	Cancer registry	1	review (uncertain pick)	MONDO:0002898	skin cancer	0.600000	0.570000	review (uncertain pick)	5692	0.000239
type of cancer: icd10: c44.4 skin of scalp and neck	Cancer registry	1	review (uncertain abstention)	MONDO:0002898	skin cancer	0.666667	0.555556	review (uncertain pick)	5847	0.000246
type of cancer: icd10: c44.5 skin of trunk	Cancer registry	1	review (uncertain pick)	none_suitable		0.494949	0.242424	review (uncertain abstention)	5743	0.000241
type of cancer: icd10: c44.6 skin of upper limb, including shoulder	Cancer registry	1	review (uncertain pick)	MONDO:0002898	skin cancer	0.660000	0.640000	review (uncertain pick)	5429	0.000228
type of cancer: icd10: c44.7 skin of lower limb, including hip	Cancer registry	1	review (uncertain pick)	MONDO:0002898	skin cancer	0.590000	0.560000	review (uncertain pick)	5456	0.000229
type of cancer: icd10: c50.4 upper-outer quadrant of breast	Cancer registry	1	review (uncertain abstention)	none_suitable		0.590000	0.400000	review (uncertain abstention)	6331	0.000266
type of cancer: icd10: c50.9 breast, unspecified	Cancer registry	1	no suitable term	MONDO:0007254	breast cancer	0.939394	0.919192	auto-accepted	6511	0.000273
type of cancer: icd10: c54.1 endometrium	Cancer registry	1	review (uncertain pick)	MONDO:0002447	endometrial carcinoma	0.450000	0.040000	review (uncertain pick)	1805	0.000076
type of cancer: icd10: c56 malignant neoplasm of ovary	Cancer registry	1	review (uncertain pick)	MONDO:0008170	ovarian cancer	0.960000	0.950000	auto-accepted	5626	0.000236
type of cancer: icd10: c61 malignant neoplasm of prostate	Cancer registry	1	no suitable term	MONDO:0008315	prostate cancer	0.960000	0.960000	auto-accepted	5352	0.000225
type of cancer: icd10: c64 malignant neoplasm of kidney, except renal pelvis	Cancer registry	1	review (uncertain pick)	MONDO:0002367	kidney cancer	0.730000	0.630000	review (uncertain pick)	5618	0.000236
type of cancer: icd10: d06.9 cervix, unspecified	Cancer registry	1	review (uncertain abstention)	MONDO:0002974	cervical cancer	0.920000	0.900000	auto-accepted	6767	0.000284
type of fat/oil used in cooking: butter	Diet and supplements	1	no suitable term					no candidate	0	0
type of fat/oil used in cooking: cholesterol lowering polyunsaturated margarine	Diet and supplements	1	no suitable term	none_suitable		0.960000	0.940000	no suitable term	5854	0.000246
type of fat/oil used in cooking: cooking fat unknown	Diet and supplements	1	no suitable term	none_suitable		0.970000	0.950000	no suitable term	2321	0.000097
type of fat/oil used in cooking: dairy spread	Diet and supplements	1	no suitable term					no candidate	0	0
type of fat/oil used in cooking: low fat polyunsaturated margarine	Diet and supplements	1	review (uncertain abstention)	none_suitable		0.797980	0.666667	review (uncertain abstention)	6180	0.000260
type of fat/oil used in cooking: normal fat butter	Diet and supplements	1	no suitable term	none_suitable		0.880000	0.820000	no suitable term	4778	0.000201
type of fat/oil used in cooking: olive oil	Diet and supplements	1	no suitable term	none_suitable		1.000000	1.000000	no suitable term	570	0.000024
type of fat/oil used in cooking: olive spread	Diet and supplements	1	no suitable term					no candidate	0	0
type of fat/oil used in cooking: polyunsaturated margarine	Diet and supplements	1	no suitable term	none_suitable		1.000000	1.000000	no suitable term	1425	0.000060
type of fat/oil used in cooking: rapeseed oil	Diet and supplements	1	no suitable term	none_suitable		1.000000	1.000000	no suitable term	572	0.000024
type of fat/oil used in cooking: spreadable butter	Diet and supplements	1	no suitable term					no candidate	0	0
type of fat/oil used in cooking: sunflower oil	Diet and supplements	1	no suitable term	none_suitable		1.000000	1.000000	no suitable term	572	0.000024
type of fat/oil used in cooking: vegetable oil	Diet and supplements	1	no suitable term	none_suitable		1.000000	1.000000	no suitable term	570	0.000024
type of large bap eaten: white	Diet and supplements	1	review (uncertain abstention)	none_suitable		0.777778	0.696970	review (uncertain abstention)	4870	0.000205
type of meals eaten: bought sandwiches	Diet and supplements	1	review (uncertain abstention)					no candidate	0	0
type of meals eaten: home cooked meals	Diet and supplements	1	review (uncertain pick)					no candidate	0	0
type of meals eaten: ready meals	Diet and supplements	1	review (uncertain pick)					no candidate	0	0
type of meals eaten: restaurant meals	Diet and supplements	1	review (uncertain pick)					no candidate	0	0
type of meals eaten: takeaway meals	Diet and supplements	1	review (uncertain pick)					no candidate	0	0
type of sliced bread eaten: mixed	Diet and supplements	1	no suitable term	none_suitable		1.000000	1.000000	no suitable term	7419	0.000312
type of sliced bread eaten: other	Diet and supplements	1	no suitable term	none_suitable		1.000000	1.000000	no suitable term	5867	0.000246
type of sliced bread eaten: seeded	Diet and supplements	1	no suitable term					no candidate	0	0
type of sliced bread eaten: white	Diet and supplements	1	no suitable term	none_suitable		1.000000	1.000000	no suitable term	4870	0.000205
type of sliced bread eaten: wholemeal	Diet and supplements	1	no suitable term					no candidate	0	0
type of special diet followed: gluten-free	Diet and supplements	1	review (uncertain pick)	none_suitable		0.970000	0.950000	no suitable term	3618	0.000152
type of special diet followed: low calorie	Diet and supplements	1	review (uncertain abstention)	none_suitable		0.515152	0.222222	review (uncertain abstention)	6357	0.000267
type of special diet followed: other	Diet and supplements	1	review (uncertain pick)	none_suitable		1.000000	1.000000	no suitable term	5867	0.000246
type of special diet followed: vegetarian	Diet and supplements	1	review (uncertain pick)					no candidate	0	0
type of yogurt eaten: full fat yogurt consumers	Diet and supplements	1	review (uncertain abstention)	none_suitable		0.650000	0.400000	review (uncertain abstention)	2811	0.000118
type of yogurt eaten: low fat yogurt consumers	Diet and supplements	1	review (uncertain abstention)	EFO:0002758	low fat diet	0.575758	0.535354	review (uncertain pick)	6128	0.000257
types of physical activity in last 4 weeks: heavy diy (eg: weeding, lawn mowing, carpentry, digging)	Physical activity / lifestyle	1	review (uncertain abstention)	none_suitable		0.990000	0.980000	no suitable term	3806	0.000160
types of physical activity in last 4 weeks: light diy (eg: pruning, watering the lawn)	Physical activity / lifestyle	1	review (uncertain pick)	none_suitable		0.990000	0.980000	no suitable term	6291	0.000264
types of physical activity in last 4 weeks: none of the above	Physical activity / lifestyle	1	review (uncertain abstention)	none_suitable		1.000000	1.000000	no suitable term	6426	0.000270
types of physical activity in last 4 weeks: other exercises (eg: swimming, cycling, keep fit, bowling)	Physical activity / lifestyle	1	review (uncertain pick)	none_suitable		1.000000	1.000000	no suitable term	6129	0.000257
types of physical activity in last 4 weeks: strenuous sports	Physical activity / lifestyle	1	review (uncertain pick)					no candidate	0	0
types of physical activity in last 4 weeks: walking for pleasure (not as a means of transport)	Sociodemographic / environment	1	review (uncertain abstention)	none_suitable		0.990000	0.980000	no suitable term	5747	0.000241
types of spread used on bread/crackers: butter on bread/crackers	Diet and supplements	1	no suitable term	none_suitable		0.990000	0.980000	no suitable term	6007	0.000252
types of spread used on bread/crackers: cholesterol-lowering polyunsaturated margarine on bread/crackers	Diet and supplements	1	no suitable term	none_suitable		0.960000	0.930000	no suitable term	5892	0.000247
types of spread used on bread/crackers: dairy spread on bread/crackers	Diet and supplements	1	review (uncertain abstention)	none_suitable		0.980000	0.960000	no suitable term	6008	0.000252
types of spread used on bread/crackers: low fat butter on bread/crackers	Diet and supplements	1	review (uncertain abstention)	none_suitable		0.720000	0.510000	review (uncertain abstention)	6162	0.000259
types of spread used on bread/crackers: low fat dairy spread on bread/crackers	Diet and supplements	1	no suitable term	none_suitable		0.818182	0.686869	review (uncertain abstention)	6163	0.000259
types of spread used on bread/crackers: low fat olive spread on bread/crackers	Diet and supplements	1	no suitable term	none_suitable		0.787879	0.646465	review (uncertain abstention)	6163	0.000259
types of spread used on bread/crackers: low fat polyunsaturated margarine on bread/crackers	Diet and supplements	1	no suitable term	none_suitable		0.787879	0.636364	review (uncertain abstention)	6255	0.000263
types of spread used on bread/crackers: normal fat butter on bread/crackers	Diet and supplements	1	no suitable term	none_suitable		0.797980	0.707071	review (uncertain abstention)	6302	0.000265
types of spread used on bread/crackers: normal fat dairy spread on bread/crackers	Diet and supplements	1	no suitable term	none_suitable		0.850000	0.780000	no suitable term	6303	0.000265
types of spread used on bread/crackers: normal fat olive spread on bread/crackers	Diet and supplements	1	no suitable term	none_suitable		0.830000	0.750000	review (uncertain abstention)	6303	0.000265
types of spread used on bread/crackers: normal fat polyunsaturated margarine on bread/crackers	Diet and supplements	1	no suitable term	none_suitable		0.850000	0.770000	no suitable term	6359	0.000267
types of spread used on bread/crackers: olive spread on bread/crackers	Diet and supplements	1	no suitable term	none_suitable		0.990000	0.980000	no suitable term	6008	0.000252
types of spread used on bread/crackers: polyunsaturated margarine on bread/crackers	Diet and supplements	1	no suitable term	none_suitable		1.000000	1.000000	no suitable term	7048	0.000296
types of spread used on bread/crackers: soya margarine on bread/crackers	Diet and supplements	1	no suitable term	none_suitable		0.980000	0.960000	no suitable term	6010	0.000252
types of spread used on bread/crackers: spreadable butter on bread/crackers	Diet and supplements	1	no suitable term	none_suitable		0.990000	0.980000	no suitable term	6010	0.000252
types of spread used on bread/crackers: unknown margarine on bread/crackers	Diet and supplements	1	no suitable term	none_suitable		0.990000	0.980000	no suitable term	6348	0.000267
types of spreads/sauces consumed: brown sauce	Diet and supplements	1	no suitable term	none_suitable		1.000000	1.000000	no suitable term	1294	0.000054
types of spreads/sauces consumed: cheese sauce	Diet and supplements	1	no suitable term					no candidate	0	0
types of spreads/sauces consumed: chutney/pickle	Diet and supplements	1	no suitable term					no candidate	0	0
types of spreads/sauces consumed: cream	Diet and supplements	1	no suitable term	none_suitable		1.000000	1.000000	no suitable term	465	0.000020
types of spreads/sauces consumed: gravy	Diet and supplements	1	no suitable term					no candidate	0	0
types of spreads/sauces consumed: hummus	Diet and supplements	1	no suitable term					no candidate	0	0
types of spreads/sauces consumed: jam/honey	Diet and supplements	1	no suitable term	none_suitable		1.000000	1.000000	no suitable term	424	0.000018
types of spreads/sauces consumed: low fat mayonnaise	Diet and supplements	1	no suitable term	none_suitable		0.660000	0.400000	review (uncertain abstention)	6132	0.000258
types of spreads/sauces consumed: mayonnaise	Diet and supplements	1	no suitable term					no candidate	0	0
types of spreads/sauces consumed: oil for drizzling	Diet and supplements	1	review (uncertain abstention)	none_suitable		0.980000	0.970000	no suitable term	7683	0.000323
types of spreads/sauces consumed: other sauce	Diet and supplements	1	no suitable term	none_suitable		1.000000	1.000000	no suitable term	5870	0.000247
types of spreads/sauces consumed: peanut butter	Diet and supplements	1	no suitable term	none_suitable		1.000000	1.000000	no suitable term	499	0.000021
types of spreads/sauces consumed: salad dressing	Diet and supplements	1	no suitable term					no candidate	0	0
types of spreads/sauces consumed: tomato ketchup	Diet and supplements	1	no suitable term					no candidate	0	0
types of spreads/sauces consumed: tomato-based sauce	Diet and supplements	1	no suitable term	none_suitable		1.000000	1.000000	no suitable term	2387	0.000100
types of spreads/sauces consumed: white/cream sauce	Diet and supplements	1	no suitable term	none_suitable		1.000000	1.000000	no suitable term	4958	0.000208
types of spreads/sauces consumed: yeast extract	Diet and supplements	1	no suitable term	none_suitable		0.960000	0.920000	no suitable term	1025	0.000043
types of transport used (excluding work): car/motor vehicle	Sociodemographic / environment	1	no suitable term	none_suitable		0.960000	0.920000	no suitable term	6558	0.000275
types of transport used (excluding work): cycle	Sociodemographic / environment	1	review (uncertain abstention)	none_suitable		0.890000	0.780000	no suitable term	3221	0.000135
types of transport used (excluding work): none of the above	Sociodemographic / environment	1	no suitable term	none_suitable		1.000000	1.000000	no suitable term	6424	0.000270
types of transport used (excluding work): public transport	Sociodemographic / environment	1	no suitable term	none_suitable		1.000000	1.000000	no suitable term	6219	0.000261
types of transport used (excluding work): walk	Sociodemographic / environment	1	no suitable term	none_suitable		0.890000	0.780000	no suitable term	1085	0.000046
typical diet yesterday	Diet and supplements	1	review (uncertain pick)	EFO:0002755	diet	0.565657	0.393939	review (uncertain pick)	3939	0.000165
unsalted nuts intake	Diet and supplements	1	no suitable term	none_suitable		0.939394	0.909091	no suitable term	3412	0.000143
unsalted peanuts intake	Diet and supplements	1	no suitable term	none_suitable		0.900000	0.860000	no suitable term	3425	0.000144
use of sun/uv protection	Other measurement / questionnaire	1	no suitable term	none_suitable		0.929293	0.888889	no suitable term	5880	0.000247
used an inhaler for chest within last hour	Other measurement / questionnaire	1	review (uncertain pick)	EFO:0009941	Inhalant adrenergic use measurement	0.818182	0.808081	review (uncertain pick)	5944	0.000250
usual walking pace	Other measurement / questionnaire	1	review (uncertain abstention)	none_suitable		0.710000	0.580000	review (uncertain abstention)	3115	0.000131
values entered	Other measurement / questionnaire	1	no suitable term	none_suitable		0.740000	0.580000	review (uncertain abstention)	2650	0.000111
values wanted	Other measurement / questionnaire	1	review (uncertain pick)	none_suitable		0.830000	0.700000	review (uncertain abstention)	2514	0.000106
variation in diet	Diet and supplements	1	review (uncertain pick)	EFO:0008111	diet measurement	0.545455	0.161616	review (uncertain pick)	6015	0.000253
vascular/heart problems diagnosed by doctor: angina	Self-reported condition or symptom	1	review (uncertain pick)	EFO:0003913	angina pectoris	0.960000	0.960000	auto-accepted	1000	0.000042
vascular/heart problems diagnosed by doctor: high blood pressure	Self-reported condition or symptom	1	review (uncertain pick)	HP:0000822	Hypertension	0.450000	0.030000	review (uncertain pick)	5183	0.000218
vascular/heart problems diagnosed by doctor: none of the above	Self-reported condition or symptom	1	review (uncertain pick)	none_suitable		0.990000	0.980000	no suitable term	6424	0.000270
vascular/heart problems diagnosed by doctor: stroke	Self-reported condition or symptom	1	review (uncertain pick)	MONDO:0005098	stroke disorder	0.760000	0.630000	review (uncertain pick)	1945	0.000082
vegetable consumers	Diet and supplements	1	no suitable term	none_suitable		0.545455	0.141414	review (uncertain abstention)	1397	0.000059
vegetable pieces intake	Diet and supplements	1	no suitable term	none_suitable		0.760000	0.590000	review (uncertain abstention)	3353	0.000141
vegetarian alternatives intake	Diet and supplements	1	no suitable term	none_suitable		0.590000	0.360000	review (uncertain abstention)	3367	0.000141
vegetarian sausages/burgers intake	Diet and supplements	1	no suitable term	none_suitable		0.850000	0.790000	no suitable term	2756	0.000116
vitamin and mineral supplements: folic acid or folate (vit b9)	Diet and supplements	1	review (uncertain abstention)	none_suitable		0.510000	0.080000	review (uncertain abstention)	5536	0.000233
vitamin and mineral supplements: multivitamins +/- minerals	Diet and supplements	1	review (uncertain pick)					no candidate	0	0
vitamin and mineral supplements: none of the above	Diet and supplements	1	review (uncertain pick)	none_suitable		1.000000	1.000000	no suitable term	6422	0.000270
vitamin and mineral supplements: vitamin a	Diet and supplements	1	review (uncertain abstention)	EFO:0009116	vitamin supplement exposure measurement	0.730000	0.610000	review (uncertain pick)	6072	0.000255
vitamin and mineral supplements: vitamin b	Diet and supplements	1	no suitable term	EFO:0009116	vitamin supplement exposure measurement	0.710000	0.690000	review (uncertain pick)	6056	0.000254
vitamin and mineral supplements: vitamin c	Diet and supplements	1	review (uncertain abstention)	EFO:0009116	vitamin supplement exposure measurement	0.630000	0.370000	review (uncertain pick)	6176	0.000259
vitamin and mineral supplements: vitamin d	Diet and supplements	1	review (uncertain pick)	EFO:0009116	vitamin supplement exposure measurement	0.646465	0.464646	review (uncertain pick)	5925	0.000249
vitamin and mineral supplements: vitamin e	Diet and supplements	1	review (uncertain abstention)	EFO:0009116	vitamin supplement exposure measurement	0.575758	0.353535	review (uncertain pick)	6592	0.000277
vitamin and/or mineral supplement use: calcium	Diet and supplements	1	review (uncertain pick)	EFO:0006521	calcium intake measurement	0.686869	0.656566	review (uncertain pick)	6435	0.000270
vitamin and/or mineral supplement use: evening primrose	Diet and supplements	1	no suitable term	none_suitable		1.000000	1.000000	no suitable term	509	0.000021
vitamin and/or mineral supplement use: fish oil	Diet and supplements	1	review (uncertain pick)	EFO:0600007	fish oil supplement exposure measurement	0.620000	0.320000	review (uncertain pick)	1351	0.000057
vitamin and/or mineral supplement use: glucosamine/chondroitin	Diet and supplements	1	review (uncertain abstention)	none_suitable		1.000000	1.000000	no suitable term	2699	0.000113
vitamin and/or mineral supplement use: magnesium	Diet and supplements	1	review (uncertain abstention)	none_suitable		0.990000	0.980000	no suitable term	2717	0.000114
vitamin and/or mineral supplement use: multivitamin	Diet and supplements	1	review (uncertain pick)	none_suitable		1.000000	1.000000	no suitable term	430	0.000018
vitamin and/or mineral supplement use: multivitamin with iron	Diet and supplements	1	review (uncertain pick)	none_suitable		0.929293	0.878788	no suitable term	5681	0.000239
vitamin and/or mineral supplement use: multivitamin with multimineral	Diet and supplements	1	review (uncertain pick)	none_suitable		0.960000	0.940000	no suitable term	5930	0.000249
vitamin and/or mineral supplement use: other vitamin	Diet and supplements	1	review (uncertain pick)	EFO:0009116	vitamin supplement exposure measurement	0.960000	0.960000	auto-accepted	6220	0.000261
vitamin and/or mineral supplement use: selenium	Diet and supplements	1	review (uncertain pick)	none_suitable		0.730000	0.460000	review (uncertain abstention)	805	0.000034
vitamin and/or mineral supplement use: vitamin b12	Diet and supplements	1	review (uncertain pick)	EFO:0009116	vitamin supplement exposure measurement	0.760000	0.740000	review (uncertain pick)	6752	0.000284
vitamin and/or mineral supplement use: vitamin b6	Diet and supplements	1	review (uncertain pick)	EFO:0009116	vitamin supplement exposure measurement	0.770000	0.690000	review (uncertain pick)	6608	0.000278
vitamin and/or mineral supplement use: vitamin e	Diet and supplements	1	review (uncertain pick)	EFO:0009116	vitamin supplement exposure measurement	0.840000	0.820000	review (uncertain pick)	6594	0.000277
vitamin and/or mineral supplement use: zinc	Diet and supplements	1	no suitable term	none_suitable		0.760000	0.530000	review (uncertain abstention)	5902	0.000248
vitamin d	Other measurement / questionnaire	1	review (uncertain pick)	EFO:0008539	vitamin D dietary intake measurement	1.000000	1.000000	auto-accepted	5974	0.000251
vitamin e	Other measurement / questionnaire	1	review (uncertain pick)	EFO:0020089	dietary vitamin E intake measurement	1.000000	1.000000	auto-accepted	6641	0.000279
vitamin supplement user	Diet and supplements	1	review (uncertain pick)	EFO:0009116	vitamin supplement exposure measurement	0.656566	0.484848	review (uncertain pick)	6365	0.000267
volume level set by participant (left)	Other measurement / questionnaire	1	no suitable term	none_suitable		0.990000	0.980000	no suitable term	5528	0.000232
volume level set by participant (right)	Other measurement / questionnaire	1	no suitable term	none_suitable		0.990000	0.980000	no suitable term	5518	0.000232
wants to stop smoking	Other measurement / questionnaire	1	review (uncertain pick)	EFO:0004319	smoking cessation	0.700000	0.690000	review (uncertain pick)	6523	0.000274
was blood sampling attempted	Other measurement / questionnaire	1	review (uncertain pick)	EFO:0009121	blood draw	0.474747	0.444444	review (uncertain pick)	5209	0.000219
water intake	Diet and supplements	1	review (uncertain pick)	EFO:0010088	beverage consumption measurement	0.780000	0.650000	review (uncertain pick)	4463	0.000187
watercress intake	Diet and supplements	1	no suitable term	none_suitable		0.980000	0.960000	no suitable term	3558	0.000149
wears glasses or contact lenses	Other measurement / questionnaire	1	no suitable term	none_suitable		0.474747	0.000000	review (uncertain abstention)	5544	0.000233
weekly usage of mobile phone in last 3 months	Other measurement / questionnaire	1	no suitable term	none_suitable		1.000000	1.000000	no suitable term	5911	0.000248
weight change compared with 1 year ago	Other measurement / questionnaire	1	review (uncertain abstention)	none_suitable		0.740000	0.670000	review (uncertain abstention)	6307	0.000265
white fish intake	Diet and supplements	1	review (uncertain pick)	EFO:0010139	fish consumption measurement	0.890000	0.890000	auto-accepted	5832	0.000245
white pasta intake	Diet and supplements	1	no suitable term	none_suitable		0.860000	0.780000	no suitable term	5647	0.000237
white rice intake	Diet and supplements	1	no suitable term	none_suitable		0.890000	0.830000	no suitable term	5620	0.000236
white wine intake	Diet and supplements	1	review (uncertain abstention)	none_suitable		0.330000	0.090000	review (uncertain abstention)	5536	0.000233
whole egg intake	Diet and supplements	1	no suitable term	none_suitable		0.870000	0.820000	no suitable term	4210	0.000177
whole-wheat cereal intake	Diet and supplements	1	no suitable term	none_suitable		0.830000	0.720000	review (uncertain abstention)	4254	0.000179
wholemeal pasta intake	Diet and supplements	1	no suitable term	none_suitable		0.830000	0.750000	review (uncertain abstention)	3481	0.000146
why reduced smoking: doctor's advice	Other measurement / questionnaire	1	review (uncertain abstention)	none_suitable		1.000000	1.000000	no suitable term	6603	0.000277
why reduced smoking: financial reasons	Other measurement / questionnaire	1	review (uncertain abstention)	none_suitable		1.000000	1.000000	no suitable term	420	0.000018
why reduced smoking: health precaution	Other measurement / questionnaire	1	review (uncertain abstention)	none_suitable		0.910000	0.840000	no suitable term	1676	0.000070
why reduced smoking: illness or ill health	Other measurement / questionnaire	1	review (uncertain abstention)	none_suitable		0.700000	0.570000	review (uncertain abstention)	5802	0.000244
why reduced smoking: none of the above	Other measurement / questionnaire	1	review (uncertain abstention)	none_suitable		1.000000	1.000000	no suitable term	6420	0.000270
why stopped smoking: doctor's advice	Other measurement / questionnaire	1	review (uncertain abstention)	none_suitable		1.000000	1.000000	no suitable term	6603	0.000277
why stopped smoking: financial reasons	Other measurement / questionnaire	1	review (uncertain abstention)	none_suitable		1.000000	1.000000	no suitable term	420	0.000018
why stopped smoking: health precaution	Other measurement / questionnaire	1	review (uncertain abstention)	none_suitable		0.910000	0.830000	no suitable term	1676	0.000070
why stopped smoking: illness or ill health	Other measurement / questionnaire	1	review (uncertain abstention)	none_suitable		0.797980	0.686869	review (uncertain abstention)	5802	0.000244
why stopped smoking: none of the above	Other measurement / questionnaire	1	no suitable term	none_suitable		1.000000	1.000000	no suitable term	6420	0.000270
willing to attempt cognitive tests	Other measurement / questionnaire	1	no suitable term	none_suitable		0.949495	0.919192	no suitable term	6438	0.000270
worrier / anxious feelings	Other measurement / questionnaire	1	review (uncertain pick)	EFO:0009589	worry measurement	0.400000	0.080000	review (uncertain pick)	2430	0.000102
worry too long after embarrassment	Other measurement / questionnaire	1	review (uncertain pick)	MONDO:0001247	social phobia	0.343434	0.181818	review (uncertain pick)	6089	0.000256
year ended full time education	Other measurement / questionnaire	1	no suitable term	none_suitable		0.520000	0.090000	review (uncertain abstention)	4701	0.000197
year immigrated to uk (united kingdom)	Other measurement / questionnaire	1	no suitable term	none_suitable		0.980000	0.970000	no suitable term	7063	0.000297
years since last breast cancer screening / mammogram	Other measurement / questionnaire	1	no suitable term	none_suitable		0.890000	0.820000	no suitable term	6645	0.000279
years since last cervical smear test	Other measurement / questionnaire	1	no suitable term	none_suitable		0.860000	0.770000	no suitable term	6757	0.000284
yogurt intake	Diet and supplements	1	no suitable term	none_suitable		0.950000	0.910000	no suitable term	3351	0.000141
yogurt/ice-cream consumers	Diet and supplements	1	no suitable term	none_suitable		0.939394	0.888889	no suitable term	2203	0.000093
yorkshire pudding intake	Diet and supplements	1	no suitable term	none_suitable		0.970000	0.950000	no suitable term	3671	0.000154
