trait_label	field	analyses	selected_id	selected_label	confidence	margin	bucket	input_tokens	cost_usd
3mm asymmetry angle (left)	Keratometry	1	none_suitable		0.54	0.1	review (uncertain abstention)	928	3.8976e-05
3mm asymmetry angle (right)	Keratometry	1	none_suitable		0.61	0.28	review (uncertain abstention)	936	3.9312e-05
3mm asymmetry index (left)	Keratometry	1	none_suitable		0.46	0.01	review (uncertain abstention)	897	3.7674000000000006e-05
3mm asymmetry index (right)	Keratometry	1	EFO:0009751	facial asymmetry measurement	0.68	0.37	review (uncertain pick)	982	4.1244e-05
3mm cylindrical power (left)	Keratometry	1	none_suitable		1.0	1.0	no suitable term	852	3.5784e-05
3mm cylindrical power (right)	Keratometry	1	none_suitable		0.99	0.98	no suitable term	970	4.0740000000000006e-05
3mm cylindrical power angle (left)	Keratometry	1	none_suitable		1.0	1.0	no suitable term	899	3.7758e-05
3mm cylindrical power angle (right)	Keratometry	1	none_suitable		0.99	0.98	no suitable term	928	3.8976e-05
3mm index of best keratometry results (left)	Keratometry	1	none_suitable		0.59	0.18	review (uncertain abstention)	905	3.8010000000000004e-05
3mm index of best keratometry results (right)	Keratometry	1	none_suitable		0.53	0.06	review (uncertain abstention)	929	3.9018000000000005e-05
3mm regularity index (left)	Keratometry	1	none_suitable		0.92	0.88	no suitable term	1043	4.380600000000001e-05
3mm regularity index (right)	Keratometry	1	none_suitable		0.97	0.96	no suitable term	1005	4.2210000000000004e-05
3mm strong meridian (left)	Keratometry	1	none_suitable		0.94	0.91	no suitable term	928	3.8976e-05
3mm strong meridian (right)	Keratometry	1	none_suitable		0.88	0.81	no suitable term	1021	4.2882e-05
3mm strong meridian angle (left)	Keratometry	1	none_suitable		0.97	0.96	no suitable term	914	3.8388e-05
3mm strong meridian angle (right)	Keratometry	1	none_suitable		0.92	0.88	no suitable term	942	3.9564e-05
3mm weak meridian (left)	Keratometry	1	none_suitable		0.96	0.93	no suitable term	1022	4.2924e-05
3mm weak meridian (right)	Keratometry	1	none_suitable		0.97	0.94	no suitable term	1012	4.2504000000000005e-05
3mm weak meridian angle (left)	Keratometry	1	none_suitable		0.97	0.95	no suitable term	1025	4.305000000000001e-05
3mm weak meridian angle (right)	Keratometry	1	none_suitable		0.97	0.95	no suitable term	962	4.0404e-05
6mm asymmetry angle (left)	Keratometry	1	none_suitable		0.61	0.26	review (uncertain abstention)	937	3.9354e-05
6mm asymmetry angle (right)	Keratometry	1	none_suitable		0.61	0.26	review (uncertain abstention)	974	4.0908e-05
6mm asymmetry index (left)	Keratometry	1	none_suitable		0.52	0.13	review (uncertain abstention)	871	3.6582e-05
6mm asymmetry index (right)	Keratometry	1	EFO:0009751	facial asymmetry measurement	0.59	0.24	review (uncertain pick)	981	4.120200000000001e-05
6mm cylindrical power (left)	Keratometry	1	none_suitable		0.99	0.98	no suitable term	826	3.4692000000000006e-05
6mm cylindrical power (right)	Keratometry	1	none_suitable		0.99	0.98	no suitable term	943	3.960600000000001e-05
6mm cylindrical power angle (left)	Keratometry	1	none_suitable		0.99	0.98	no suitable term	887	3.7254e-05
6mm cylindrical power angle (right)	Keratometry	1	none_suitable		0.99	0.98	no suitable term	919	3.8598000000000006e-05
6mm index of best keratometry results (left)	Keratometry	1	EFO:0004731	eye measurement	0.56	0.12	review (uncertain pick)	899	3.7758e-05
6mm index of best keratometry results (right)	Keratometry	1	EFO:0004731	eye measurement	0.59	0.18	review (uncertain pick)	909	3.8178e-05
6mm regularity index (left)	Keratometry	1	none_suitable		0.86	0.78	no suitable term	1024	4.3008e-05
6mm regularity index (right)	Keratometry	1	none_suitable		0.97	0.95	no suitable term	996	4.1832e-05
6mm strong meridian (left)	Keratometry	1	none_suitable		0.96	0.94	no suitable term	927	3.8934000000000004e-05
6mm strong meridian (right)	Keratometry	1	none_suitable		0.93	0.87	no suitable term	946	3.9732000000000005e-05
6mm strong meridian angle (left)	Keratometry	1	none_suitable		0.96	0.93	no suitable term	826	3.4692000000000006e-05
6mm strong meridian angle (right)	Keratometry	1	none_suitable		0.95	0.93	no suitable term	938	3.939600000000001e-05
6mm weak meridian (left)	Keratometry	1	none_suitable		0.95	0.93	no suitable term	961	4.0362000000000004e-05
6mm weak meridian (right)	Keratometry	1	none_suitable		0.95	0.91	no suitable term	923	3.8766e-05
6mm weak meridian angle (left)	Keratometry	1	none_suitable		0.97	0.96	no suitable term	947	3.9774e-05
6mm weak meridian angle (right)	Keratometry	1	none_suitable		0.9394	0.899	no suitable term	944	3.9648000000000004e-05
able to confide	Other measurement / questionnaire	1	none_suitable		0.92	0.84	no suitable term	832	3.4944e-05
able to walk or cycle unaided for 10 minutes	Other measurement / questionnaire	1	EFO:0009822	ability to walk or cycle unaided for 10 minutes, self-reported	0.99	0.98	auto-accepted	921	3.868200000000001e-05
added milk to espresso	Diet and supplements	1	none_suitable		0.98	0.96	no suitable term	835	3.507e-05
added milk to filtered coffee	Diet and supplements	1	none_suitable		0.9	0.85	no suitable term	828	3.4776e-05
added milk to instant coffee	Diet and supplements	1	none_suitable		0.9	0.84	no suitable term	828	3.4776e-05
added milk to rooibos tea	Diet and supplements	1	none_suitable		0.97	0.95	no suitable term	819	3.4398e-05
added milk to standard tea	Diet and supplements	1	none_suitable		0.84	0.7	review (uncertain abstention)	857	3.5994e-05
adopted as a child	Other measurement / questionnaire	1	none_suitable		1.0	1.0	no suitable term	859	3.6078e-05
age angina diagnosed	Other measurement / questionnaire	1	EFO:0004847	age at onset	0.35	0.08	review (uncertain pick)	934	3.9228000000000005e-05
age asthma diagnosed	Other measurement / questionnaire	1	OBA:2001001	age of onset of asthma	0.78	0.57	review (uncertain pick)	905	3.8010000000000004e-05
age asthma diagnosed by doctor	Self-reported condition or symptom	1	OBA:2001001	age of onset of asthma	0.65	0.32	review (uncertain pick)	907	3.8094000000000005e-05
age at bilateral oophorectomy (both ovaries removed)	Other measurement / questionnaire	1	none_suitable		0.82	0.67	review (uncertain abstention)	883	3.7086000000000004e-05
age at cancer diagnosis	Other measurement / questionnaire	1	EFO:0004918	age at diagnosis	0.88	0.82	auto-accepted	889	3.7338e-05
age at death	Other measurement / questionnaire	1	EFO:0005056	age at death	1.0	1.0	auto-accepted	852	3.5784e-05
age at first live birth	Other measurement / questionnaire	1	EFO:0009101	age at first birth measurement	1.0	1.0	auto-accepted	857	3.5994e-05
age at hysterectomy	Other measurement / questionnaire	1	EFO:0021783	age at medical procedure	0.6869	0.404	review (uncertain pick)	895	3.759e-05
age at last live birth	Other measurement / questionnaire	1	none_suitable		0.95	0.92	no suitable term	824	3.4608e-05
age at menopause (last menstrual period)	Other measurement / questionnaire	1	EFO:0004704	age at menopause	0.79	0.59	review (uncertain pick)	883	3.7086000000000004e-05
age completed full time education	Other measurement / questionnaire	1	none_suitable		0.98	0.97	no suitable term	907	3.8094000000000005e-05
age diabetes diagnosed	Other measurement / questionnaire	1	none_suitable		0.57	0.28	review (uncertain abstention)	929	3.9018000000000005e-05
age first had sexual intercourse	Other measurement / questionnaire	1	EFO:0009749	age at first sexual intercourse measurement	0.99	0.98	auto-accepted	965	4.053000000000001e-05
age hay fever, rhinitis or eczema diagnosed	Other measurement / questionnaire	1	none_suitable		0.49	0.06	review (uncertain abstention)	953	4.0026e-05
age hayfever or allergic rhinitis diagnosed by doctor	Self-reported condition or symptom	1	MONDO:0011786	allergic rhinitis	0.51	0.25	review (uncertain pick)	961	4.0362000000000004e-05
age heart attack diagnosed	Other measurement / questionnaire	1	EFO:0004918	age at diagnosis	0.83	0.74	review (uncertain pick)	856	3.5952000000000004e-05
age high blood pressure diagnosed	Other measurement / questionnaire	1	OBA:2040159	age of onset of hypertensive disorder	0.7	0.55	review (uncertain pick)	859	3.6078e-05
age last used hormone-replacement therapy (hrt)	Other measurement / questionnaire	1	none_suitable		0.92	0.84	no suitable term	926	3.8892e-05
age of primiparous women at birth of child	Other measurement / questionnaire	1	EFO:0009101	age at first birth measurement	1.0	1.0	auto-accepted	898	3.7716e-05
age of stopping smoking	Other measurement / questionnaire	1	none_suitable		0.89	0.79	no suitable term	832	3.4944e-05
age started hormone-replacement therapy (hrt)	Other measurement / questionnaire	1	EFO:0021780	age at initiation of hormone replacement therapy	1.0	1.0	auto-accepted	906	3.8052e-05
age started oral contraceptive pill	Other measurement / questionnaire	1	EFO:0021782	age at initiation of oral contraceptive pill use	1.0	1.0	auto-accepted	889	3.7338e-05
age started smoking in current smokers	Other measurement / questionnaire	1	EFO:0021784	age at initiation of smoking	0.99	0.98	auto-accepted	884	3.7128e-05
age started smoking in former smokers	Other measurement / questionnaire	1	EFO:0021784	age at initiation of smoking	0.91	0.83	auto-accepted	853	3.5826000000000006e-05
age started wearing glasses or contact lenses	Other measurement / questionnaire	1	EFO:0021781	age at initiation of corrective lens use	1.0	1.0	auto-accepted	937	3.9354e-05
age stopped smoking	Other measurement / questionnaire	1	none_suitable		0.86	0.75	no suitable term	862	3.6204e-05
age when last ate meat	Other measurement / questionnaire	1	none_suitable		0.97	0.95	no suitable term	829	3.4818000000000004e-05
age when last used oral contraceptive pill	Other measurement / questionnaire	1	none_suitable		0.97	0.94	no suitable term	926	3.8892e-05
age when periods started (menarche)	Other measurement / questionnaire	1	EFO:0004703	age at menarche	1.0	1.0	auto-accepted	919	3.8598000000000006e-05
aide-memoire completed	Other measurement / questionnaire	1	none_suitable		0.99	0.98	no suitable term	841	3.5322e-05
alcohol	Diet and supplements	1	EFO:0004329	alcohol drinking	0.7	0.5	review (uncertain pick)	792	3.3264e-05
alcohol consumed	Diet and supplements	1	EFO:0004329	alcohol drinking	0.37	0.09	review (uncertain pick)	778	3.2676000000000004e-05
alcohol intake frequency.	Diet and supplements	1	EFO:0004329	alcohol drinking	0.41	0.19	review (uncertain pick)	809	3.3978000000000006e-05
alcohol intake versus 10 years previously	Diet and supplements	1	EFO:0007645	longitudinal alcohol consumption measurement	0.85	0.71	auto-accepted	802	3.3684e-05
alcohol usually taken with meals	Diet and supplements	1	OBA:1000840	alcohol consumption quality	0.52	0.17	review (uncertain pick)	823	3.4566e-05
ankle spacing width	Other measurement / questionnaire	1	none_suitable		1.0	1.0	no suitable term	834	3.5028000000000004e-05
ankle spacing width (left)	Other measurement / questionnaire	1	none_suitable		1.0	1.0	no suitable term	899	3.7758e-05
ankle spacing width (right)	Other measurement / questionnaire	1	none_suitable		0.98	0.97	no suitable term	832	3.4944e-05
answered sexual history questions	Other measurement / questionnaire	1	none_suitable		0.99	0.98	no suitable term	1003	4.2126e-05
apple intake	Diet and supplements	1	none_suitable		0.99	0.98	no suitable term	828	3.4776e-05
arm fat mass (left)	Other measurement / questionnaire	1	none_suitable		0.8283	0.6667	review (uncertain abstention)	849	3.5658e-05
arm fat mass (right)	Other measurement / questionnaire	1	none_suitable		0.84	0.73	review (uncertain abstention)	904	3.7968e-05
arm fat percentage (left)	Other measurement / questionnaire	1	none_suitable		0.9	0.82	no suitable term	835	3.507e-05
arm fat percentage (right)	Other measurement / questionnaire	1	none_suitable		0.95	0.9	no suitable term	844	3.5448000000000003e-05
arm fat-free mass (left)	Other measurement / questionnaire	1	none_suitable		0.97	0.95	no suitable term	815	3.423e-05
arm fat-free mass (right)	Other measurement / questionnaire	1	none_suitable		0.98	0.97	no suitable term	813	3.4146e-05
arm predicted mass (left)	Other measurement / questionnaire	1	none_suitable		0.85	0.77	no suitable term	907	3.8094000000000005e-05
arm predicted mass (right)	Other measurement / questionnaire	1	none_suitable		0.83	0.71	review (uncertain abstention)	888	3.7296000000000003e-05
astigmatism angle (left)	Other measurement / questionnaire	1	none_suitable		0.64	0.46	review (uncertain abstention)	890	3.738e-05
astigmatism angle (right)	Other measurement / questionnaire	1	none_suitable		0.67	0.48	review (uncertain abstention)	901	3.7842e-05
attempted fluid intelligence (fi) test.	Other measurement / questionnaire	1	EFO:0008394	verbal-numerical reasoning measurement	0.34	0.03	review (uncertain pick)	860	3.612e-05
attendance/disability/mobility allowance: attendance allowance	Sociodemographic / environment	1	none_suitable		0.95	0.9	no suitable term	947	3.9774e-05
attendance/disability/mobility allowance: blue badge	Sociodemographic / environment	1	none_suitable		0.99	0.98	no suitable term	969	4.0698e-05
attendance/disability/mobility allowance: disability living allowance	Sociodemographic / environment	1	none_suitable		0.98	0.96	no suitable term	948	3.9816e-05
attendance/disability/mobility allowance: none of the above	Sociodemographic / environment	1	none_suitable		0.98	0.96	no suitable term	893	3.7506e-05
average 16-hour sound level of noise pollution	Sociodemographic / environment	1	EFO:0600015	noise exposure measurement	0.91	0.82	auto-accepted	872	3.662400000000001e-05
average 24-hour sound level of noise pollution	Sociodemographic / environment	1	EFO:0600015	noise exposure measurement	0.9	0.8	auto-accepted	914	3.8388e-05
average daytime sound level of noise pollution	Sociodemographic / environment	1	EFO:0600015	noise exposure measurement	0.84	0.68	review (uncertain pick)	886	3.7212e-05
average evening sound level of noise pollution	Sociodemographic / environment	1	EFO:0600015	noise exposure measurement	0.91	0.82	auto-accepted	916	3.847200000000001e-05
average monthly beer plus cider intake	Diet and supplements	1	none_suitable		1.0	1.0	no suitable term	848	3.5616000000000006e-05
average monthly champagne plus white wine intake	Diet and supplements	1	none_suitable		0.97	0.95	no suitable term	806	3.3852e-05
average monthly fortified wine intake	Diet and supplements	1	none_suitable		1.0	1.0	no suitable term	834	3.5028000000000004e-05
average monthly intake of other alcoholic drinks	Diet and supplements	1	EFO:0010088	beverage consumption measurement	0.61	0.34	review (uncertain pick)	876	3.6792e-05
average monthly red wine intake	Diet and supplements	1	none_suitable		0.96	0.92	no suitable term	800	3.3600000000000004e-05
average monthly spirits intake	Diet and supplements	1	EFO:0009113	alcohol exposure measurement	0.38	0.08	review (uncertain pick)	850	3.57e-05
average night-time sound level of noise pollution	Sociodemographic / environment	1	EFO:0600015	noise exposure measurement	0.85	0.7	auto-accepted	879	3.6918e-05
average total household income before tax	Sociodemographic / environment	1	EFO:0009695	household income	0.94	0.88	auto-accepted	997	4.1874000000000006e-05
average weekly beer plus cider intake	Diet and supplements	1	none_suitable		1.0	1.0	no suitable term	845	3.549000000000001e-05
average weekly champagne plus white wine intake	Diet and supplements	1	none_suitable		0.98	0.97	no suitable term	802	3.3684e-05
average weekly fortified wine intake	Diet and supplements	1	none_suitable		1.0	1.0	no suitable term	832	3.4944e-05
average weekly intake of other alcoholic drinks	Diet and supplements	1	none_suitable		0.52	0.07	review (uncertain abstention)	918	3.8556e-05
average weekly red wine intake	Diet and supplements	1	none_suitable		0.96	0.92	no suitable term	800	3.3600000000000004e-05
average weekly spirits intake	Diet and supplements	1	EFO:0009113	alcohol exposure measurement	0.38	0.12	review (uncertain pick)	850	3.57e-05
avocado intake	Diet and supplements	1	none_suitable		0.97	0.94	no suitable term	825	3.465e-05
back pain for 3+ months	Self-reported condition or symptom	1	EFO:0022861	chronic back pain	0.8	0.71	review (uncertain pick)	873	3.6666000000000004e-05
bacon intake	Diet and supplements	1	none_suitable		0.98	0.97	no suitable term	845	3.549000000000001e-05
baguette intake	Diet and supplements	1	none_suitable		0.99	0.98	no suitable term	843	3.5406e-05
baked bean intake	Diet and supplements	1	none_suitable		0.99	0.98	no suitable term	845	3.549000000000001e-05
banana intake	Diet and supplements	1	none_suitable		0.99	0.98	no suitable term	828	3.4776e-05
bap intake	Diet and supplements	1	none_suitable		0.6	0.4	review (uncertain abstention)	891	3.7422e-05
basal metabolic rate	Other measurement / questionnaire	1	EFO:0007777	base metabolic rate measurement	0.97	0.94	auto-accepted	894	3.754800000000001e-05
battered fish intake	Diet and supplements	1	EFO:0010139	fish consumption measurement	0.82	0.64	review (uncertain pick)	858	3.6036000000000005e-05
beef intake	Diet and supplements	2	none_suitable		0.99	0.98	no suitable term	838	3.5196e-05
beer/cider intake	Diet and supplements	1	none_suitable		1.0	1.0	no suitable term	843	3.5406e-05
beetroot intake	Diet and supplements	1	none_suitable		0.99	0.98	no suitable term	888	3.7296000000000003e-05
berry intake	Diet and supplements	1	none_suitable		1.0	1.0	no suitable term	845	3.549000000000001e-05
bilateral oophorectomy (both ovaries removed)	Other measurement / questionnaire	1	EFO:0009717	bilateral oophorectomy	0.96	0.94	auto-accepted	837	3.5154e-05
birth weight	Other measurement / questionnaire	1	EFO:0004344	birth weight	1.0	1.0	auto-accepted	864	3.6288e-05
birth weight of first child	Other measurement / questionnaire	1	EFO:0004344	birth weight	0.94	0.88	auto-accepted	841	3.5322e-05
blood clot, dvt, bronchitis, emphysema, asthma, rhinitis, eczema, allergy diagnosed by doctor: asthma	Self-reported condition or symptom	1	EFO:0010638	atopic asthma	0.43	0.08	review (uncertain pick)	1011	4.2462e-05
blood clot, dvt, bronchitis, emphysema, asthma, rhinitis, eczema, allergy diagnosed by doctor: blood clot in the leg (dvt)	Self-reported condition or symptom	1	HP:0004936	Venous thrombosis	0.98	0.96	auto-accepted	1031	4.3302000000000007e-05
blood clot, dvt, bronchitis, emphysema, asthma, rhinitis, eczema, allergy diagnosed by doctor: blood clot in the lung	Self-reported condition or symptom	1	HP:0002204	Pulmonary embolism	0.5	0.05	review (uncertain pick)	1019	4.2798e-05
blood clot, dvt, bronchitis, emphysema, asthma, rhinitis, eczema, allergy diagnosed by doctor: emphysema/chronic bronchitis	Self-reported condition or symptom	1	MONDO:0005607	chronic bronchitis	0.49	0.2	review (uncertain pick)	1011	4.2462e-05
blood clot, dvt, bronchitis, emphysema, asthma, rhinitis, eczema, allergy diagnosed by doctor: hayfever, allergic rhinitis or eczema	Self-reported condition or symptom	1	none_suitable		0.65	0.42	review (uncertain abstention)	1050	4.41e-05
blood clot, dvt, bronchitis, emphysema, asthma, rhinitis, eczema, allergy diagnosed by doctor: none of the above	Self-reported condition or symptom	1	none_suitable		1.0	1.0	no suitable term	1019	4.2798e-05
blood sample #, note contents: poor venous access/flow	Other measurement / questionnaire	1	none_suitable		0.71	0.56	review (uncertain abstention)	869	3.6498e-05
blue cheese intake	Diet and supplements	1	none_suitable		1.0	1.0	no suitable term	840	3.528e-05
body fat percentage	Other measurement / questionnaire	1	EFO:0007800	body fat percentage	1.0	1.0	auto-accepted	852	3.5784e-05
body mass index (bmi)	Other measurement / questionnaire	2	EFO:0004340	body mass index	1.0	1.0	auto-accepted	987	4.145400000000001e-05
boiled/baked potatoes intake	Diet and supplements	1	none_suitable		0.97	0.94	no suitable term	825	3.465e-05
bran cereal intake	Diet and supplements	1	none_suitable		1.0	1.0	no suitable term	834	3.5028000000000004e-05
bread consumed	Diet and supplements	1	none_suitable		0.72	0.57	review (uncertain abstention)	900	3.7800000000000004e-05
bread intake	Diet and supplements	1	none_suitable		0.92	0.84	no suitable term	839	3.5238000000000004e-05
bread roll intake	Diet and supplements	1	none_suitable		0.98	0.96	no suitable term	835	3.507e-05
breaded fish intake	Diet and supplements	1	EFO:0010139	fish consumption measurement	0.63	0.26	review (uncertain pick)	847	3.5574e-05
breakfast cereal consumed	Diet and supplements	1	none_suitable		0.74	0.58	review (uncertain abstention)	899	3.7758e-05
breastfed as a baby	Other measurement / questionnaire	1	EFO:0006864	breastfeeding duration	0.62	0.25	review (uncertain pick)	840	3.528e-05
bring up phlegm/sputum/mucus on most days	Other measurement / questionnaire	1	EFO:0009824	bringing up phlegm, sputum or mucus on most days, self-reported	1.0	1.0	auto-accepted	1023	4.2966e-05
broad bean intake	Diet and supplements	1	none_suitable		0.99	0.98	no suitable term	827	3.4734e-05
broccoli intake	Diet and supplements	1	none_suitable		1.0	1.0	no suitable term	838	3.5196e-05
butternut squash intake	Diet and supplements	1	none_suitable		0.89	0.78	no suitable term	841	3.5322e-05
cabbage/kale intake	Diet and supplements	1	none_suitable		0.98	0.96	no suitable term	863	3.6246000000000005e-05
caffeine drink within last hour	Other measurement / questionnaire	1	none_suitable		0.48	0.21	review (uncertain abstention)	951	3.9942000000000005e-05
cake intake	Diet and supplements	1	none_suitable		0.96	0.93	no suitable term	834	3.5028000000000004e-05
calcium	Other measurement / questionnaire	1	EFO:0004838	calcium measurement	0.87	0.79	auto-accepted	819	3.4398e-05
cancer code, self-reported: basal cell carcinoma	Self-reported cancer	1	MONDO:0020804	basal cell carcinoma	0.94	0.88	auto-accepted	929	3.9018000000000005e-05
cancer code, self-reported: bladder cancer	Self-reported cancer	1	none_suitable		0.64	0.33	review (uncertain abstention)	928	3.8976e-05
cancer code, self-reported: breast cancer	Self-reported cancer	1	none_suitable		0.84	0.72	review (uncertain abstention)	899	3.7758e-05
cancer code, self-reported: cervical cancer	Self-reported cancer	1	MONDO:0005131	cervical carcinoma	0.76	0.55	review (uncertain pick)	1001	4.2042e-05
cancer code, self-reported: cin/pre-cancer cells cervix	Self-reported cancer	1	MONDO:0006736	dysplasia of cervix	0.71	0.55	review (uncertain pick)	1140	4.788e-05
cancer code, self-reported: colon cancer/sigmoid cancer	Self-reported cancer	1	MONDO:0001464	sigmoid colon cancer	0.42	0.09	review (uncertain pick)	963	4.0446e-05
cancer code, self-reported: malignant melanoma	Self-reported cancer	1	MONDO:0005105	melanoma	0.84	0.71	review (uncertain pick)	930	3.906e-05
cancer code, self-reported: prostate cancer	Self-reported cancer	1	none_suitable		0.92	0.88	no suitable term	881	3.7002e-05
cancer code, self-reported: skin cancer	Self-reported cancer	1	none_suitable		0.41	0.05	review (uncertain abstention)	998	4.1916e-05
cancer code, self-reported: uterine/endometrial cancer	Self-reported cancer	1	MONDO:0000553	uterine corpus endometrial carcinoma	0.53	0.27	review (uncertain pick)	1068	4.4856e-05
cancer diagnosed by doctor	Self-reported condition or symptom	1	none_suitable		0.97	0.94	no suitable term	825	3.465e-05
cancer year/age first occurred	Other measurement / questionnaire	1	OBA:2040153	age of onset of cancer	0.96	0.94	auto-accepted	850	3.57e-05
canned soup intake	Diet and supplements	1	none_suitable		0.99	0.98	no suitable term	835	3.507e-05
cappuccino intake	Diet and supplements	1	none_suitable		1.0	1.0	no suitable term	843	3.5406e-05
carbohydrate	Other measurement / questionnaire	1	CHEBI:16646	carbohydrate	0.57	0.29	review (uncertain pick)	903	3.7926e-05
carer support indicators: no	Other measurement / questionnaire	1	none_suitable		0.9394	0.899	no suitable term	829	3.4818000000000004e-05
carer support indicators: yes	Other measurement / questionnaire	1	none_suitable		0.91	0.84	no suitable term	894	3.754800000000001e-05
carotene	Other measurement / questionnaire	1	none_suitable		0.59	0.27	review (uncertain abstention)	961	4.0362000000000004e-05
carrot intake	Diet and supplements	1	none_suitable		0.62	0.24	review (uncertain abstention)	832	3.4944e-05
cascot confidence score	Other measurement / questionnaire	1	EFO:0009815	CASCOT confidence score measurement	0.91	0.83	auto-accepted	1047	4.3974e-05
cauliflower intake	Diet and supplements	1	none_suitable		0.99	0.98	no suitable term	838	3.5196e-05
celery intake	Diet and supplements	1	none_suitable		1.0	1.0	no suitable term	836	3.5112000000000005e-05
cereal bar intake	Diet and supplements	1	none_suitable		0.99	0.98	no suitable term	836	3.5112000000000005e-05
cereal intake	Diet and supplements	1	none_suitable		0.92	0.84	no suitable term	828	3.4776e-05
cheese consumers	Diet and supplements	1	none_suitable		0.99	0.98	no suitable term	826	3.4692000000000006e-05
cheese intake	Diet and supplements	1	none_suitable		0.99	0.98	no suitable term	837	3.5154e-05
cheese spread intake	Diet and supplements	1	none_suitable		1.0	1.0	no suitable term	840	3.528e-05
cheesecake intake	Diet and supplements	1	none_suitable		0.97	0.95	no suitable term	837	3.5154e-05
cheesy biscuits intake	Diet and supplements	1	none_suitable		1.0	1.0	no suitable term	840	3.528e-05
cherry intake	Diet and supplements	1	none_suitable		1.0	1.0	no suitable term	838	3.5196e-05
chest pain due to walking ceases when standing still	Self-reported condition or symptom	1	EFO:0003913	angina pectoris	0.84	0.75	review (uncertain pick)	1066	4.4772000000000004e-05
chest pain felt during physical activity	Self-reported condition or symptom	1	HP:0032141	Precordial pain	0.47	0.22	review (uncertain pick)	877	3.6834e-05
chest pain felt outside physical activity	Self-reported condition or symptom	1	HP:0100749	Chest pain	0.33	0.01	review (uncertain pick)	901	3.7842e-05
chest pain or discomfort	Self-reported condition or symptom	1	HP:0100749	Chest pain	0.93	0.87	auto-accepted	900	3.7800000000000004e-05
chest pain or discomfort walking normally	Self-reported condition or symptom	1	none_suitable		0.39	0.14	review (uncertain abstention)	989	4.153800000000001e-05
chest pain or discomfort when walking uphill or hurrying	Self-reported condition or symptom	1	none_suitable		0.3	0.02	review (uncertain abstention)	968	4.0656000000000005e-05
childhood sunburn occasions	Other measurement / questionnaire	1	none_suitable		0.45	0.13	review (uncertain abstention)	1013	4.2546e-05
chocolate bar intake	Diet and supplements	1	none_suitable		0.96	0.92	no suitable term	845	3.549000000000001e-05
chocolate biscuits intake	Diet and supplements	1	none_suitable		0.97	0.94	no suitable term	849	3.5658e-05
chocolate sweet intake	Diet and supplements	1	none_suitable		0.79	0.61	review (uncertain abstention)	854	3.5868e-05
chocolate-covered biscuits intake	Diet and supplements	1	none_suitable		0.96	0.92	no suitable term	850	3.57e-05
chocolate-covered raisin intake	Diet and supplements	1	none_suitable		0.97	0.94	no suitable term	843	3.5406e-05
close to major road	Other measurement / questionnaire	1	none_suitable		1.0	1.0	no suitable term	783	3.2886e-05
coffee consumed	Diet and supplements	1	EFO:0004330	coffee consumption	0.51	0.15	review (uncertain pick)	815	3.423e-05
coffee intake	Diet and supplements	1	EFO:0004330	coffee consumption	0.65	0.39	review (uncertain pick)	838	3.5196e-05
coleslaw intake	Diet and supplements	1	none_suitable		0.99	0.98	no suitable term	833	3.4986e-05
comparative body size at age 10	Other measurement / questionnaire	1	EFO:0009819	comparative body size at age 10, self-reported	0.96	0.92	auto-accepted	866	3.6372000000000003e-05
contra-indications for spirometry	Other measurement / questionnaire	1	none_suitable		1.0	1.0	no suitable term	921	3.868200000000001e-05
cooked vegetable intake	Diet and supplements	1	none_suitable		0.99	0.98	no suitable term	839	3.5238000000000004e-05
corneal hysteresis (left)	Other measurement / questionnaire	1	EFO:0010066	corneal hysteresis	0.93	0.86	auto-accepted	833	3.4986e-05
corneal hysteresis (right)	Other measurement / questionnaire	1	EFO:0010066	corneal hysteresis	0.97	0.94	auto-accepted	981	4.120200000000001e-05
corneal resistance factor (left)	Other measurement / questionnaire	1	EFO:0010067	corneal resistance factor	0.94	0.89	auto-accepted	832	3.4944e-05
corneal resistance factor (right)	Other measurement / questionnaire	1	EFO:0010067	corneal resistance factor	0.92	0.85	auto-accepted	854	3.5868e-05
cottage cheese intake	Diet and supplements	1	none_suitable		1.0	1.0	no suitable term	838	3.5196e-05
cough on most days	Other measurement / questionnaire	1	HP:0012735	Cough	0.67	0.37	review (uncertain pick)	924	3.8808000000000005e-05
courgette intake	Diet and supplements	1	none_suitable		1.0	1.0	no suitable term	836	3.5112000000000005e-05
couscous intake	Diet and supplements	1	none_suitable		0.99	0.98	no suitable term	841	3.5322e-05
crisp intake	Diet and supplements	1	none_suitable		0.8	0.69	review (uncertain abstention)	845	3.549000000000001e-05
crispbread intake	Diet and supplements	1	none_suitable		0.99	0.98	no suitable term	849	3.5658e-05
croissant intake	Diet and supplements	1	none_suitable		1.0	1.0	no suitable term	838	3.5196e-05
crumbed or deep-fried poultry intake	Diet and supplements	1	none_suitable		1.0	1.0	no suitable term	832	3.4944e-05
crumble intake	Diet and supplements	1	none_suitable		0.92	0.9	no suitable term	845	3.549000000000001e-05
cucumber intake	Diet and supplements	1	none_suitable		0.98	0.96	no suitable term	833	3.4986e-05
current employment status: doing unpaid or voluntary work	Sociodemographic / environment	1	EFO:0005241	employment status	0.72	0.57	review (uncertain pick)	917	3.8514e-05
current employment status: full or part-time student	Sociodemographic / environment	1	EFO:0005241	employment status	0.8	0.64	review (uncertain pick)	949	3.9858000000000004e-05
current employment status: in paid employment or self-employed	Sociodemographic / environment	1	EFO:0005241	employment status	0.98	0.96	auto-accepted	963	4.0446e-05
current employment status: looking after home and/or family	Sociodemographic / environment	1	EFO:0005241	employment status	0.82	0.64	review (uncertain pick)	909	3.8178e-05
current employment status: none of the above	Sociodemographic / environment	1	EFO:0005241	employment status	0.7	0.4	review (uncertain pick)	879	3.6918e-05
current employment status: retired	Sociodemographic / environment	1	EFO:0005241	employment status	0.85	0.7	auto-accepted	856	3.5952000000000004e-05
current employment status: unable to work because of sickness or disability	Sociodemographic / environment	1	EFO:0005241	employment status	0.63	0.26	review (uncertain pick)	978	4.1076e-05
current employment status: unemployed	Sociodemographic / environment	1	EFO:0005241	employment status	0.96	0.92	auto-accepted	849	3.5658e-05
current eye infection	Other measurement / questionnaire	1	EFO:1001888	eye infection	0.84	0.74	review (uncertain pick)	902	3.7884000000000005e-05
current tobacco smoking	Other measurement / questionnaire	1	EFO:0920132	cigarette smoking status measurement	0.63	0.39	review (uncertain pick)	846	3.5532e-05
cylindrical power (left)	Other measurement / questionnaire	1	none_suitable		0.99	0.98	no suitable term	868	3.6456e-05
cylindrical power (right)	Other measurement / questionnaire	1	none_suitable		0.99	0.98	no suitable term	965	4.053000000000001e-05
dairy smoothie intake	Diet and supplements	1	none_suitable		1.0	1.0	no suitable term	848	3.5616000000000006e-05
danish pastry intake	Diet and supplements	1	none_suitable		0.99	0.98	no suitable term	852	3.5784e-05
dark chocolate intake	Diet and supplements	1	none_suitable		1.0	1.0	no suitable term	844	3.5448000000000003e-05
daytime dozing / sleeping (narcolepsy)	Other measurement / questionnaire	1	MONDO:0021107	narcolepsy	0.49	0.16	review (uncertain pick)	882	3.7044e-05
decaffeinated coffee	Diet and supplements	1	none_suitable		0.9	0.83	no suitable term	833	3.4986e-05
decaffeinated tea	Other measurement / questionnaire	1	none_suitable		0.84	0.68	review (uncertain abstention)	884	3.7128e-05
delivery methods: elective caesarean section	Other measurement / questionnaire	1	EFO:0009636	cesarean section	0.93	0.86	auto-accepted	894	3.754800000000001e-05
delivery methods: spontaneous vertex	Other measurement / questionnaire	1	EFO:0009638	spontaneous labor and birth	0.87	0.74	auto-accepted	901	3.7842e-05
delivery methods: ventouse, vacuum extraction	Other measurement / questionnaire	1	HP:0011412	Ventouse delivery	0.97	0.94	auto-accepted	911	3.8262e-05
dessert consumers	Diet and supplements	1	none_suitable		0.5657	0.1717	review (uncertain abstention)	889	3.7338e-05
destinations on discharge from hospital (recoded): temporary place of residence	Hospital administrative field	1	none_suitable		0.82	0.68	review (uncertain abstention)	784	3.2928e-05
destinations on discharge from hospital (recoded): transfer to other nhs provider: general ward, young physically disabled, a&e	Hospital administrative field	1	none_suitable		1.0	1.0	no suitable term	1095	4.5990000000000005e-05
destinations on discharge from hospital (recoded): transfer within nhs provider	Hospital administrative field	1	none_suitable		0.98	0.96	no suitable term	814	3.4188000000000005e-05
destinations on discharge from hospital (recoded): transfer within nhs provider: medical specialty	Hospital administrative field	1	none_suitable		0.99	0.98	no suitable term	911	3.8262e-05
destinations on discharge from hospital (recoded): transfer within nhs provider: surgical specialty	Hospital administrative field	1	none_suitable		0.97	0.94	no suitable term	940	3.948e-05
destinations on discharge from hospital (recoded): usual place of residence	Hospital administrative field	1	none_suitable		0.7	0.41	review (uncertain abstention)	816	3.4272e-05
destinations on discharge from hospital (recoded): usual place of residence: living alone	Hospital administrative field	1	none_suitable		0.69	0.38	review (uncertain abstention)	930	3.906e-05
destinations on discharge from hospital (recoded): usual place of residence: living with relatives	Hospital administrative field	1	none_suitable		0.79	0.59	review (uncertain abstention)	876	3.6792e-05
diabetes diagnosed by doctor	Self-reported condition or symptom	1	MONDO:0005015	diabetes mellitus	0.68	0.44	review (uncertain pick)	939	3.9438e-05
diagnoses - main icd10: b34.9 viral infection, unspecified	ICD-10 diagnosis (main)	1	MONDO:0005108	viral infectious disease	0.83	0.66	review (uncertain pick)	938	3.939600000000001e-05
diagnoses - main icd10: c20 malignant neoplasm of rectum	ICD-10 diagnosis (main)	1	MONDO:0006519	rectal cancer	0.98	0.96	auto-accepted	896	3.7632e-05
diagnoses - main icd10: c44.3 skin of other and unspecified parts of face	ICD-10 diagnosis (main)	1	none_suitable		0.9	0.86	no suitable term	903	3.7926e-05
diagnoses - main icd10: c44.5 skin of trunk	ICD-10 diagnosis (main)	1	none_suitable		0.86	0.78	no suitable term	861	3.6162000000000004e-05
diagnoses - main icd10: c50.4 upper-outer quadrant of breast	ICD-10 diagnosis (main)	1	MONDO:0004989	breast carcinoma	0.6	0.22	review (uncertain pick)	972	4.0824e-05
diagnoses - main icd10: c50.9 breast, unspecified	ICD-10 diagnosis (main)	1	none_suitable		0.48	0.18	review (uncertain abstention)	961	4.0362000000000004e-05
diagnoses - main icd10: c61 malignant neoplasm of prostate	ICD-10 diagnosis (main)	1	none_suitable		0.9	0.85	no suitable term	878	3.6876000000000004e-05
diagnoses - main icd10: c67.9 bladder, unspecified	ICD-10 diagnosis (main)	1	none_suitable		0.8081	0.6465	review (uncertain abstention)	842	3.5364e-05
diagnoses - main icd10: d12.5 sigmoid colon	ICD-10 diagnosis (main)	1	MONDO:0001464	sigmoid colon cancer	0.54	0.28	review (uncertain pick)	1040	4.368e-05
diagnoses - main icd10: d12.6 colon, unspecified	ICD-10 diagnosis (main)	1	MONDO:0005401	colonic neoplasm	0.46	0.13	review (uncertain pick)	1054	4.4268000000000004e-05
diagnoses - main icd10: d12.8 rectum	ICD-10 diagnosis (main)	1	none_suitable		0.49	0.06	review (uncertain abstention)	904	3.7968e-05
diagnoses - main icd10: d17.1 benign lipomatous neoplasm of skin and subcutaneous tissue of trunk	ICD-10 diagnosis (main)	1	MONDO:0005106	lipoma	0.42	0.1	review (uncertain pick)	956	4.0152000000000005e-05
diagnoses - main icd10: d17.2 benign lipomatous neoplasm of skin and subcutaneous tissue of limbs	ICD-10 diagnosis (main)	1	MONDO:0000964	skin lipoma	0.41	0.14	review (uncertain pick)	976	4.0992e-05
diagnoses - main icd10: d22.3 melanocytic naevi of other and unspecified parts of face	ICD-10 diagnosis (main)	1	MONDO:0005073	melanocytic nevus	0.87	0.75	auto-accepted	924	3.8808000000000005e-05
diagnoses - main icd10: d24 benign neoplasm of breast	ICD-10 diagnosis (main)	1	MONDO:0000620	breast benign neoplasm	0.94	0.89	auto-accepted	1137	4.7754000000000004e-05
diagnoses - main icd10: d25.9 leiomyoma of uterus, unspecified	ICD-10 diagnosis (main)	1	MONDO:0007886	uterine corpus leiomyoma	0.94	0.88	auto-accepted	1127	4.7334000000000005e-05
diagnoses - main icd10: d50.9 iron deficiency anaemia, unspecified	ICD-10 diagnosis (main)	1	HP:0001891	Iron deficiency anemia	0.88	0.78	auto-accepted	939	3.9438e-05
diagnoses - main icd10: d64.9 anaemia, unspecified	ICD-10 diagnosis (main)	1	MONDO:0002280	anemia	0.94	0.88	auto-accepted	984	4.132800000000001e-05
diagnoses - main icd10: g43.9 migraine, unspecified	ICD-10 diagnosis (main)	1	MONDO:0005277	migraine disorder	0.92	0.86	auto-accepted	986	4.1411999999999996e-05
diagnoses - main icd10: g45.9 transient cerebral ischaemic attack, unspecified	ICD-10 diagnosis (main)	1	MONDO:0005264	transient ischemic attack	0.95	0.9	auto-accepted	1076	4.5192e-05
diagnoses - main icd10: g47.3 sleep apnoea	ICD-10 diagnosis (main)	1	HP:0010535	Sleep apnea	0.89	0.79	auto-accepted	881	3.7002e-05
diagnoses - main icd10: g56.0 carpal tunnel syndrome	ICD-10 diagnosis (main)	1	MONDO:0007275	carpal tunnel syndrome	0.93	0.88	auto-accepted	988	4.1496e-05
diagnoses - main icd10: h00.1 chalazion	ICD-10 diagnosis (main)	1	none_suitable		0.79	0.59	review (uncertain abstention)	811	3.4062e-05
diagnoses - main icd10: h02.8 other specified disorders of eyelid	ICD-10 diagnosis (main)	1	MONDO:0003382	eyelid disorder	0.69	0.38	review (uncertain pick)	892	3.7464e-05
diagnoses - main icd10: h25.0 senile incipient cataract	ICD-10 diagnosis (main)	1	MONDO:0004847	senile cataract	0.73	0.62	review (uncertain pick)	935	3.927e-05
diagnoses - main icd10: h25.1 senile nuclear cataract	ICD-10 diagnosis (main)	1	MONDO:0001847	nuclear senile cataract	0.79	0.65	review (uncertain pick)	890	3.738e-05
diagnoses - main icd10: h26.9 cataract, unspecified	ICD-10 diagnosis (main)	1	none_suitable		0.59	0.3	review (uncertain abstention)	915	3.843e-05
diagnoses - main icd10: i20.0 unstable angina	ICD-10 diagnosis (main)	1	EFO:0020925	angina unstable	0.93	0.88	auto-accepted	924	3.8808000000000005e-05
diagnoses - main icd10: i20.9 angina pectoris, unspecified	ICD-10 diagnosis (main)	1	EFO:0003913	angina pectoris	0.97	0.94	auto-accepted	1042	4.3764e-05
diagnoses - main icd10: i21.0 acute transmural myocardial infarction of anterior wall	ICD-10 diagnosis (main)	1	MONDO:0006652	anterolateral myocardial infarction	0.46	0.28	review (uncertain pick)	1094	4.5948e-05
diagnoses - main icd10: i21.1 acute transmural myocardial infarction of inferior wall	ICD-10 diagnosis (main)	1	MONDO:0006803	inferior myocardial infarction	0.87	0.79	auto-accepted	1043	4.380600000000001e-05
diagnoses - main icd10: i21.9 acute myocardial infarction, unspecified	ICD-10 diagnosis (main)	1	MONDO:0004781	acute myocardial infarction	0.91	0.84	auto-accepted	1129	4.7418000000000006e-05
diagnoses - main icd10: i25.1 atherosclerotic heart disease	ICD-10 diagnosis (main)	1	MONDO:0005010	coronary artery disorder	0.92	0.84	auto-accepted	1064	4.4688e-05
diagnoses - main icd10: i25.9 chronic ischaemic heart disease, unspecified	ICD-10 diagnosis (main)	1	MONDO:0005010	coronary artery disorder	0.85	0.74	auto-accepted	1008	4.2336e-05
diagnoses - main icd10: i26.9 pulmonary embolism without mention of acute cor pulmonale	ICD-10 diagnosis (main)	1	MONDO:0005279	pulmonary embolism	0.74	0.56	review (uncertain pick)	1000	4.2000000000000004e-05
diagnoses - main icd10: i47.1 supraventricular tachycardia	ICD-10 diagnosis (main)	1	HP:0004755	Supraventricular tachycardia	0.92	0.85	auto-accepted	1033	4.338600000000001e-05
diagnoses - main icd10: i48 atrial fibrillation and flutter	ICD-10 diagnosis (main)	1	MONDO:0004981	atrial fibrillation	0.88	0.76	auto-accepted	1036	4.3512000000000006e-05
diagnoses - main icd10: i63.9 cerebral infarction, unspecified	ICD-10 diagnosis (main)	1	MONDO:0002679	cerebral infarction	0.76	0.64	review (uncertain pick)	1121	4.708200000000001e-05
diagnoses - main icd10: i80.2 phlebitis and thrombophlebitis of other deep vessels of lower extremities	ICD-10 diagnosis (main)	1	HP:0004418	Thrombophlebitis	0.93	0.86	auto-accepted	960	4.032e-05
diagnoses - main icd10: i83.9 varicose veins of lower extremities without ulcer or inflammation	ICD-10 diagnosis (main)	1	HP:0002619	Varicose veins	0.63	0.35	review (uncertain pick)	954	4.0068e-05
diagnoses - main icd10: i84.1 internal haemorrhoids with other complications	ICD-10 diagnosis (main)	1	MONDO:0004872	hemorrhoid	0.9	0.8	auto-accepted	928	3.8976e-05
diagnoses - main icd10: i84.2 internal haemorrhoids without complication	ICD-10 diagnosis (main)	1	MONDO:0004872	hemorrhoid	0.8283	0.7374	review (uncertain pick)	1100	4.6200000000000005e-05
diagnoses - main icd10: i84.6 residual haemorrhoidal skin tags	ICD-10 diagnosis (main)	1	MONDO:0006549	fibroepithelial polyp of the anus	0.86	0.76	auto-accepted	975	4.095e-05
diagnoses - main icd10: i84.8 unspecified haemorrhoids with other complications	ICD-10 diagnosis (main)	1	MONDO:0004872	hemorrhoid	0.92	0.84	auto-accepted	879	3.6918e-05
diagnoses - main icd10: i84.9 unspecified haemorrhoids without complication	ICD-10 diagnosis (main)	1	MONDO:0004872	hemorrhoid	0.93	0.88	auto-accepted	997	4.1874000000000006e-05
diagnoses - main icd10: j18.1 lobar pneumonia, unspecified	ICD-10 diagnosis (main)	1	MONDO:0005249	pneumonia	0.71	0.5	review (uncertain pick)	929	3.9018000000000005e-05
diagnoses - main icd10: j18.9 pneumonia, unspecified	ICD-10 diagnosis (main)	1	MONDO:0005249	pneumonia	0.8182	0.7071	review (uncertain pick)	1096	4.6032e-05
diagnoses - main icd10: j22 unspecified acute lower respiratory infection	ICD-10 diagnosis (main)	1	none_suitable		0.38	0.13	review (uncertain abstention)	1025	4.305000000000001e-05
diagnoses - main icd10: j33.9 nasal polyp, unspecified	ICD-10 diagnosis (main)	1	MONDO:0006314	nasal cavity polyp	0.55	0.16	review (uncertain pick)	1002	4.2084000000000006e-05
diagnoses - main icd10: j34.2 deviated nasal septum	ICD-10 diagnosis (main)	1	HP:0004411	Deviated nasal septum	0.91	0.82	auto-accepted	1025	4.305000000000001e-05
diagnoses - main icd10: j34.8 other specified disorders of nose and nasal sinuses	ICD-10 diagnosis (main)	1	none_suitable		0.41	0.04	review (uncertain abstention)	922	3.8724000000000004e-05
diagnoses - main icd10: j45.9 asthma, unspecified	ICD-10 diagnosis (main)	1	none_suitable		0.89	0.85	no suitable term	928	3.8976e-05
diagnoses - main icd10: k01.1 impacted teeth	ICD-10 diagnosis (main)	1	HP:0011079	Impacted tooth	0.91	0.82	auto-accepted	893	3.7506e-05
diagnoses - main icd10: k02.9 dental caries, unspecified	ICD-10 diagnosis (main)	1	MONDO:0005276	dental caries	0.92	0.85	auto-accepted	859	3.6078e-05
diagnoses - main icd10: k08.3 retained dental root	ICD-10 diagnosis (main)	1	none_suitable		0.98	0.97	no suitable term	969	4.0698e-05
diagnoses - main icd10: k13.7 other and unspecified lesions of oral mucosa	ICD-10 diagnosis (main)	1	none_suitable		0.84	0.79	review (uncertain abstention)	1091	4.5822e-05
diagnoses - main icd10: k20 oesophagitis	ICD-10 diagnosis (main)	1	MONDO:0001409	esophagitis	0.89	0.82	auto-accepted	1033	4.338600000000001e-05
diagnoses - main icd10: k21.9 gastro-oesophageal reflux disease without oesophagitis	ICD-10 diagnosis (main)	1	MONDO:0007186	gastroesophageal reflux disease	0.97	0.94	auto-accepted	1111	4.6662e-05
diagnoses - main icd10: k22.1 ulcer of oesophagus	ICD-10 diagnosis (main)	1	MONDO:0044782	esophageal ulcer	0.98	0.97	auto-accepted	1018	4.2756e-05
diagnoses - main icd10: k25.9 unspecified as acute or chronic, without haemorrhage or perforation	ICD-10 diagnosis (main)	1	MONDO:0001126	gastric ulcer	0.63	0.41	review (uncertain pick)	991	4.1621999999999996e-05
diagnoses - main icd10: k29.5 chronic gastritis, unspecified	ICD-10 diagnosis (main)	1	MONDO:0005001	chronic gastritis	0.93	0.86	auto-accepted	994	4.174800000000001e-05
diagnoses - main icd10: k29.6 other gastritis	ICD-10 diagnosis (main)	1	MONDO:0004966	gastritis	0.81	0.65	review (uncertain pick)	880	3.6960000000000005e-05
diagnoses - main icd10: k29.7 gastritis, unspecified	ICD-10 diagnosis (main)	1	MONDO:0005001	chronic gastritis	0.56	0.12	review (uncertain pick)	869	3.6498e-05
diagnoses - main icd10: k29.8 duodenitis	ICD-10 diagnosis (main)	1	none_suitable		0.47	0.16	review (uncertain abstention)	784	3.2928e-05
diagnoses - main icd10: k30 dyspepsia	ICD-10 diagnosis (main)	1	MONDO:0002268	dyspepsia	0.95	0.9	auto-accepted	1013	4.2546e-05
diagnoses - main icd10: k31.7 polyp of stomach and duodenum	ICD-10 diagnosis (main)	1	MONDO:0008277	stomach polyp	0.72	0.47	review (uncertain pick)	1106	4.6452e-05
diagnoses - main icd10: k35.9 acute appendicitis, unspecified	ICD-10 diagnosis (main)	1	MONDO:0005649	appendicitis	0.9	0.8	auto-accepted	1009	4.2378e-05
diagnoses - main icd10: k40.2 bilateral inguinal hernia, without obstruction or gangrene	ICD-10 diagnosis (main)	1	HP:0000023	Inguinal hernia	0.86	0.72	auto-accepted	1077	4.523400000000001e-05
diagnoses - main icd10: k40.9 unilateral or unspecified inguinal hernia, without obstruction or gangrene	ICD-10 diagnosis (main)	1	HP:0000023	Inguinal hernia	0.87	0.74	auto-accepted	1080	4.5360000000000006e-05
diagnoses - main icd10: k42.9 umbilical hernia without obstruction or gangrene	ICD-10 diagnosis (main)	1	HP:0001537	Umbilical hernia	0.92	0.84	auto-accepted	1157	4.8594e-05
diagnoses - main icd10: k43.9 ventral hernia without obstruction or gangrene	ICD-10 diagnosis (main)	1	EFO:1001866	ventral hernia	0.97	0.95	auto-accepted	1070	4.494e-05
diagnoses - main icd10: k44.9 diaphragmatic hernia without obstruction or gangrene	ICD-10 diagnosis (main)	1	EFO:0008561	diaphragmatic hernia	0.95	0.9	auto-accepted	1007	4.2294000000000005e-05
diagnoses - main icd10: k51.9 ulcerative colitis, unspecified	ICD-10 diagnosis (main)	1	none_suitable		0.53	0.25	review (uncertain abstention)	914	3.8388e-05
diagnoses - main icd10: k52.9 non-infective gastro-enteritis and colitis, unspecified	ICD-10 diagnosis (main)	1	MONDO:0002269	gastroenteritis	0.6768	0.404	review (uncertain pick)	946	3.9732000000000005e-05
diagnoses - main icd10: k56.6 other and unspecified intestinal obstruction	ICD-10 diagnosis (main)	1	MONDO:0004565	intestinal obstruction	0.83	0.74	review (uncertain pick)	970	4.0740000000000006e-05
diagnoses - main icd10: k57.3 diverticular disease of large intestine without perforation or abscess	ICD-10 diagnosis (main)	1	EFO:0009959	diverticular disease	0.97	0.95	auto-accepted	947	3.9774e-05
diagnoses - main icd10: k57.9 diverticular disease of intestine, part unspecified, without perforation or abscess	ICD-10 diagnosis (main)	1	EFO:0009959	diverticular disease	0.98	0.96	auto-accepted	890	3.738e-05
diagnoses - main icd10: k58.9 irritable bowel syndrome without diarrhoea	ICD-10 diagnosis (main)	1	MONDO:0005052	irritable bowel syndrome	0.89	0.78	auto-accepted	1030	4.326000000000001e-05
diagnoses - main icd10: k59.0 constipation	ICD-10 diagnosis (main)	1	none_suitable		0.85	0.7	no suitable term	849	3.5658e-05
diagnoses - main icd10: k60.2 anal fissure, unspecified	ICD-10 diagnosis (main)	1	HP:0012390	Anal fissure	0.95	0.9	auto-accepted	942	3.9564e-05
diagnoses - main icd10: k60.3 anal fistula	ICD-10 diagnosis (main)	1	HP:0010447	Anal fistula	0.92	0.84	auto-accepted	917	3.8514e-05
diagnoses - main icd10: k61.0 anal abscess	ICD-10 diagnosis (main)	1	MONDO:0005227	abscess	0.36	0.03	review (uncertain pick)	973	4.0866000000000005e-05
diagnoses - main icd10: k62.1 rectal polyp	ICD-10 diagnosis (main)	1	MONDO:0021398	polyp of rectum	0.9495	0.9091	auto-accepted	994	4.174800000000001e-05
diagnoses - main icd10: k62.5 haemorrhage of anus and rectum	ICD-10 diagnosis (main)	1	HP:0002573	Hematochezia	0.72	0.45	review (uncertain pick)	951	3.9942000000000005e-05
diagnoses - main icd10: k62.8 other specified diseases of anus and rectum	ICD-10 diagnosis (main)	1	none_suitable		0.5	0.1	review (uncertain abstention)	1051	4.4142000000000005e-05
diagnoses - main icd10: k63.5 polyp of colon	ICD-10 diagnosis (main)	1	MONDO:0021400	polyp of colon	0.89	0.82	auto-accepted	993	4.1706000000000004e-05
diagnoses - main icd10: k80.0 calculus of gallbladder with acute cholecystitis	ICD-10 diagnosis (main)	1	EFO:1001289	Cholecystitis, Acute	0.73	0.46	review (uncertain pick)	1064	4.4688e-05
diagnoses - main icd10: k80.1 calculus of gallbladder with other cholecystitis	ICD-10 diagnosis (main)	1	none_suitable		0.59	0.4	review (uncertain abstention)	939	3.9438e-05
diagnoses - main icd10: k80.2 calculus of gallbladder without cholecystitis	ICD-10 diagnosis (main)	1	MONDO:0012672	cholelithiasis	0.81	0.68	review (uncertain pick)	1003	4.2126e-05
diagnoses - main icd10: k80.5 calculus of bile duct without cholangitis or cholecystitis	ICD-10 diagnosis (main)	1	MONDO:0006699	choledocholithiasis	0.96	0.93	auto-accepted	939	3.9438e-05
diagnoses - main icd10: k85 acute pancreatitis	ICD-10 diagnosis (main)	1	MONDO:0006515	acute pancreatitis	0.5657	0.2323	review (uncertain pick)	1003	4.2126e-05
diagnoses - main icd10: k92.0 haematemesis	ICD-10 diagnosis (main)	1	none_suitable		0.99	0.98	no suitable term	811	3.4062e-05
diagnoses - main icd10: k92.1 melaena	ICD-10 diagnosis (main)	1	none_suitable		0.99	0.98	no suitable term	800	3.3600000000000004e-05
diagnoses - main icd10: k92.2 gastro-intestinal haemorrhage, unspecified	ICD-10 diagnosis (main)	1	HP:0002239	Gastrointestinal hemorrhage	0.92	0.84	auto-accepted	976	4.0992e-05
diagnoses - main icd10: l03.1 cellulitis of other parts of limb	ICD-10 diagnosis (main)	1	MONDO:0005230	cellulitis	0.6	0.37	review (uncertain pick)	977	4.1034e-05
diagnoses - main icd10: l72.0 epidermal cyst	ICD-10 diagnosis (main)	1	EFO:1000243	Epidermal Inclusion Cyst	0.96	0.92	auto-accepted	949	3.9858000000000004e-05
diagnoses - main icd10: l72.9 follicular cyst of skin and subcutaneous tissue, unspecified	ICD-10 diagnosis (main)	1	none_suitable		0.71	0.61	review (uncertain abstention)	897	3.7674000000000006e-05
diagnoses - main icd10: l82 seborrhoeic keratosis	ICD-10 diagnosis (main)	1	MONDO:0008420	seborrheic keratosis	0.94	0.88	auto-accepted	1093	4.5906000000000004e-05
diagnoses - main icd10: l90.5 scar conditions and fibrosis of skin	ICD-10 diagnosis (main)	1	HP:0100699	Scarring	0.83	0.71	review (uncertain pick)	997	4.1874000000000006e-05
diagnoses - main icd10: l98.9 disorder of skin and subcutaneous tissue, unspecified	ICD-10 diagnosis (main)	1	MONDO:0005093	skin disorder	0.77	0.59	review (uncertain pick)	834	3.5028000000000004e-05
diagnoses - main icd10: m16.1 other primary coxarthrosis	ICD-10 diagnosis (main)	1	MONDO:0006629	osteoarthritis, hip	0.86	0.72	auto-accepted	1079	4.531800000000001e-05
diagnoses - main icd10: m16.9 coxarthrosis, unspecified	ICD-10 diagnosis (main)	1	none_suitable		0.55	0.1	review (uncertain abstention)	997	4.1874000000000006e-05
diagnoses - main icd10: m17.1 other primary gonarthrosis	ICD-10 diagnosis (main)	1	none_suitable		0.79	0.58	review (uncertain abstention)	1071	4.4982e-05
diagnoses - main icd10: m17.9 gonarthrosis, unspecified	ICD-10 diagnosis (main)	1	none_suitable		0.55	0.1	review (uncertain abstention)	891	3.7422e-05
diagnoses - main icd10: m20.1 hallux valgus (acquired)	ICD-10 diagnosis (main)	1	HP:0001822	Hallux valgus	0.96	0.92	auto-accepted	890	3.738e-05
diagnoses - main icd10: m20.2 hallux rigidus	ICD-10 diagnosis (main)	1	HP:0025004	Hallux rigidus	0.87	0.79	auto-accepted	957	4.0194e-05
diagnoses - main icd10: m23.2 derangement of meniscus due to old tear or injury	ICD-10 diagnosis (main)	1	HP:0032190	Abnormal meniscus morphology	0.62	0.25	review (uncertain pick)	1183	4.9686000000000005e-05
diagnoses - main icd10: m23.22 derangement of meniscus due to old tear or injury (posterior cruciate ligament or posterior horn of medial meniscus)	ICD-10 diagnosis (main)	1	none_suitable		0.49	0.22	review (uncertain abstention)	1006	4.2252e-05
diagnoses - main icd10: m23.23 derangement of meniscus due to old tear or injury (medial collateral ligament or other and unspecified medial meniscus)	ICD-10 diagnosis (main)	1	none_suitable		0.63	0.29	review (uncertain abstention)	1055	4.431e-05
diagnoses - main icd10: m25.5 pain in joint	ICD-10 diagnosis (main)	1	HP:0002829	Arthralgia	0.98	0.96	auto-accepted	902	3.7884000000000005e-05
diagnoses - main icd10: m25.56 pain in joint (lower leg)	ICD-10 diagnosis (main)	1	HP:0002829	Arthralgia	0.72	0.57	review (uncertain pick)	893	3.7506e-05
diagnoses - main icd10: m51.1 lumbar and other intervertebral disk disorders with radiculopathy	ICD-10 diagnosis (main)	1	EFO:1002005	lumbar disc herniation	0.49	0.1	review (uncertain pick)	964	4.0488e-05
diagnoses - main icd10: m51.2 other specified intervertebral disk displacement	ICD-10 diagnosis (main)	1	EFO:1001800	Intervertebral Disc Displacement	0.95	0.91	auto-accepted	962	4.0404e-05
diagnoses - main icd10: m51.3 other specified intervertebral disk degeneration	ICD-10 diagnosis (main)	1	MONDO:0011385	intervertebral disk degenerative disorder	0.59	0.29	review (uncertain pick)	931	3.9102e-05
diagnoses - main icd10: m54.5 low back pain	ICD-10 diagnosis (main)	1	HP:0003419	Low back pain	0.91	0.84	auto-accepted	973	4.0866000000000005e-05
diagnoses - main icd10: m54.56 low back pain (lumbar region)	ICD-10 diagnosis (main)	1	HP:0003419	Low back pain	0.93	0.86	auto-accepted	890	3.738e-05
diagnoses - main icd10: m54.59 low back pain (site unspecified)	ICD-10 diagnosis (main)	1	HP:0003419	Low back pain	0.85	0.74	auto-accepted	899	3.7758e-05
diagnoses - main icd10: m65.3 trigger finger	ICD-10 diagnosis (main)	1	EFO:0010822	stenosing tenosynovitis	0.94	0.9	auto-accepted	993	4.1706000000000004e-05
diagnoses - main icd10: m67.4 ganglion	ICD-10 diagnosis (main)	1	none_suitable		0.9	0.8	no suitable term	903	3.7926e-05
diagnoses - main icd10: m72.0 palmar fascial fibromatosis [dupuytren]	ICD-10 diagnosis (main)	1	EFO:0004229	Dupuytren Contracture	0.84	0.71	review (uncertain pick)	1110	4.6620000000000004e-05
diagnoses - main icd10: m72.04 palmar fascial fibromatosis [dupuytren]-hand	ICD-10 diagnosis (main)	1	EFO:0004229	Dupuytren Contracture	0.92	0.86	auto-accepted	1170	4.914000000000001e-05
diagnoses - main icd10: m75.0 adhesive capsulitis of shoulder	ICD-10 diagnosis (main)	1	MONDO:0006763	frozen shoulder	0.97	0.94	auto-accepted	945	3.969e-05
diagnoses - main icd10: m75.1 rotator cuff syndrome	ICD-10 diagnosis (main)	1	MONDO:0007028	rotator cuff syndrome	0.9	0.82	auto-accepted	1037	4.3554000000000003e-05
diagnoses - main icd10: m75.4 impingement syndrome of shoulder	ICD-10 diagnosis (main)	1	MONDO:0006968	shoulder impingement syndrome	0.89	0.78	auto-accepted	1035	4.3469999999999995e-05
diagnoses - main icd10: m79.66 pain in limb (lower leg)	ICD-10 diagnosis (main)	1	HP:0012514	Lower limb pain	0.93	0.86	auto-accepted	975	4.095e-05
diagnoses - main icd10: m79.86 other specified soft tissue disorders (lower leg)	ICD-10 diagnosis (main)	1	EFO:0009470	soft tissue disease	0.77	0.54	review (uncertain pick)	1081	4.5402e-05
diagnoses - main icd10: n20.0 calculus of kidney	ICD-10 diagnosis (main)	1	MONDO:0008171	nephrolithiasis	0.97	0.95	auto-accepted	881	3.7002e-05
diagnoses - main icd10: n20.1 calculus of ureter	ICD-10 diagnosis (main)	1	MONDO:0007009	ureterolithiasis	0.98	0.96	auto-accepted	867	3.6414e-05
diagnoses - main icd10: n23 unspecified renal colic	ICD-10 diagnosis (main)	1	EFO:1001412	renal colic	0.97	0.94	auto-accepted	968	4.0656000000000005e-05
diagnoses - main icd10: n32.0 bladder-neck obstruction	ICD-10 diagnosis (main)	1	MONDO:0006679	bladder neck obstruction	0.91	0.82	auto-accepted	881	3.7002e-05
diagnoses - main icd10: n32.8 other specified disorders of bladder	ICD-10 diagnosis (main)	1	MONDO:0006026	urinary bladder disorder	0.6	0.25	review (uncertain pick)	890	3.738e-05
diagnoses - main icd10: n35.9 urethral stricture, unspecified	ICD-10 diagnosis (main)	1	HP:0012227	Urethral stricture	0.89	0.83	auto-accepted	942	3.9564e-05
diagnoses - main icd10: n39.0 urinary tract infection, site not specified	ICD-10 diagnosis (main)	1	MONDO:0100338	urinary tract infection	0.76	0.62	review (uncertain pick)	865	3.633e-05
diagnoses - main icd10: n39.3 stress incontinence	ICD-10 diagnosis (main)	1	HP:0010992	Stress urinary incontinence	0.98	0.96	auto-accepted	896	3.7632e-05
diagnoses - main icd10: n40 hyperplasia of prostate	ICD-10 diagnosis (main)	1	MONDO:0010811	benign prostatic hyperplasia	0.96	0.92	auto-accepted	967	4.0614e-05
diagnoses - main icd10: n47 redundant prepuce, phimosis and paraphimosis	ICD-10 diagnosis (main)	1	MONDO:0002036	penile disorder	0.49	0.22	review (uncertain pick)	1035	4.3469999999999995e-05
diagnoses - main icd10: n50.8 other specified disorders of male genital organs	ICD-10 diagnosis (main)	1	MONDO:0003150	male reproductive system disorder	0.59	0.26	review (uncertain pick)	841	3.5322e-05
diagnoses - main icd10: n63 unspecified lump in breast	ICD-10 diagnosis (main)	1	HP:0032408	Breast mass	0.68	0.43	review (uncertain pick)	1097	4.6074000000000006e-05
diagnoses - main icd10: n81.1 cystocele	ICD-10 diagnosis (main)	1	none_suitable		0.98	0.96	no suitable term	843	3.5406e-05
diagnoses - main icd10: n81.2 incomplete uterovaginal prolapse	ICD-10 diagnosis (main)	1	EFO:1001864	uterine prolapse	0.64	0.39	review (uncertain pick)	1005	4.2210000000000004e-05
diagnoses - main icd10: n81.6 rectocele	ICD-10 diagnosis (main)	1	EFO:1001837	rectocele	0.99	0.98	auto-accepted	947	3.9774e-05
diagnoses - main icd10: n83.2 other and unspecified ovarian cysts	ICD-10 diagnosis (main)	1	HP:0000138	Ovarian cyst	0.9	0.81	auto-accepted	1037	4.3554000000000003e-05
diagnoses - main icd10: n84.0 polyp of corpus uteri	ICD-10 diagnosis (main)	1	MONDO:0006195	endometrial polyp	0.51	0.07	review (uncertain pick)	1086	4.5612e-05
diagnoses - main icd10: n84.1 polyp of cervix uteri	ICD-10 diagnosis (main)	1	MONDO:0000751	cervical polyp	0.82	0.74	review (uncertain pick)	1131	4.750200000000001e-05
diagnoses - main icd10: n92.0 excessive and frequent menstruation with regular cycle	ICD-10 diagnosis (main)	1	HP:0000132	Menorrhagia	0.95	0.91	auto-accepted	945	3.969e-05
diagnoses - main icd10: n92.1 excessive and frequent menstruation with irregular cycle	ICD-10 diagnosis (main)	1	none_suitable		0.34	0.03	review (uncertain abstention)	932	3.9144e-05
diagnoses - main icd10: n92.6 irregular menstruation, unspecified	ICD-10 diagnosis (main)	1	HP:0000858	Irregular menstruation	0.89	0.84	auto-accepted	871	3.6582e-05
diagnoses - main icd10: n93.8 other specified abnormal uterine and vaginal bleeding	ICD-10 diagnosis (main)	1	HP:0100608	Metrorrhagia	0.61	0.23	review (uncertain pick)	983	4.1286e-05
diagnoses - main icd10: n93.9 abnormal uterine and vaginal bleeding, unspecified	ICD-10 diagnosis (main)	1	HP:0100608	Metrorrhagia	0.47	0.02	review (uncertain pick)	977	4.1034e-05
diagnoses - main icd10: n95.0 postmenopausal bleeding	ICD-10 diagnosis (main)	1	none_suitable		0.74	0.52	review (uncertain abstention)	829	3.4818000000000004e-05
diagnoses - main icd10: o02.1 missed abortion	ICD-10 diagnosis (main)	1	HP:0005268	Miscarriage	0.31	0.01	review (uncertain pick)	861	3.6162000000000004e-05
diagnoses - main icd10: o04.9 complete or unspecified, without complication	ICD-10 diagnosis (main)	1	none_suitable		0.99	0.98	no suitable term	1006	4.2252e-05
diagnoses - main icd10: o26.8 other specified pregnancy-related conditions	ICD-10 diagnosis (main)	1	MONDO:0024575	pregnancy disorder	0.41	0.04	review (uncertain pick)	1023	4.2966e-05
diagnoses - main icd10: o63.1 prolonged second stage (of labour)	ICD-10 diagnosis (main)	1	MONDO:0006737	dystocia	0.76	0.54	review (uncertain pick)	963	4.0446e-05
diagnoses - main icd10: o68.0 labour and delivery complicated by foetal heart rate anomaly	ICD-10 diagnosis (main)	1	EFO:0022939	labor and delivery complications	0.56	0.2	review (uncertain pick)	920	3.864e-05
diagnoses - main icd10: o70.0 first degree perineal laceration during delivery	ICD-10 diagnosis (main)	1	EFO:0009816	perineal laceration during delivery	1.0	1.0	auto-accepted	949	3.9858000000000004e-05
diagnoses - main icd10: o70.1 second degree perineal laceration during delivery	ICD-10 diagnosis (main)	1	EFO:0009816	perineal laceration during delivery	0.99	0.98	auto-accepted	905	3.8010000000000004e-05
diagnoses - main icd10: o80.0 spontaneous vertex delivery	ICD-10 diagnosis (main)	1	EFO:0009638	spontaneous labor and birth	0.93	0.86	auto-accepted	892	3.7464e-05
diagnoses - main icd10: r00.2 palpitations	ICD-10 diagnosis (main)	1	HP:0001962	Palpitations	0.94	0.88	auto-accepted	901	3.7842e-05
diagnoses - main icd10: r04.0 epistaxis	ICD-10 diagnosis (main)	1	EFO:0003895	epistaxis	1.0	1.0	auto-accepted	843	3.5406e-05
diagnoses - main icd10: r04.2 haemoptysis	ICD-10 diagnosis (main)	1	HP:0002105	Hemoptysis	0.92	0.84	auto-accepted	933	3.9186e-05
diagnoses - main icd10: r06.0 dyspnoea	ICD-10 diagnosis (main)	1	EFO:0009727	shortness of breath	0.97	0.95	auto-accepted	786	3.3012e-05
diagnoses - main icd10: r06.5 mouth breathing	ICD-10 diagnosis (main)	1	none_suitable		0.83	0.75	review (uncertain abstention)	791	3.3222e-05
diagnoses - main icd10: r07.2 precordial pain	ICD-10 diagnosis (main)	1	HP:0032141	Precordial pain	0.79	0.62	review (uncertain pick)	1063	4.4646e-05
diagnoses - main icd10: r07.3 other chest pain	ICD-10 diagnosis (main)	1	HP:0100749	Chest pain	0.92	0.86	auto-accepted	964	4.0488e-05
diagnoses - main icd10: r07.4 chest pain, unspecified	ICD-10 diagnosis (main)	1	HP:0100749	Chest pain	0.96	0.92	auto-accepted	999	4.195800000000001e-05
diagnoses - main icd10: r10.1 pain localised to upper abdomen	ICD-10 diagnosis (main)	1	HP:0002027	Abdominal pain	0.89	0.8	auto-accepted	966	4.0572000000000004e-05
diagnoses - main icd10: r10.3 pain localised to other parts of lower abdomen	ICD-10 diagnosis (main)	1	HP:0002027	Abdominal pain	0.9	0.81	auto-accepted	976	4.0992e-05
diagnoses - main icd10: r10.4 other and unspecified abdominal pain	ICD-10 diagnosis (main)	1	HP:0002027	Abdominal pain	0.95	0.9	auto-accepted	945	3.969e-05
diagnoses - main icd10: r11 nausea and vomiting	ICD-10 diagnosis (main)	1	HP:0002017	Nausea and vomiting	0.91	0.82	auto-accepted	890	3.738e-05
diagnoses - main icd10: r13 dysphagia	ICD-10 diagnosis (main)	1	HP:0002015	Dysphagia	0.91	0.82	auto-accepted	1034	4.3428000000000005e-05
diagnoses - main icd10: r19.4 change in bowel habit	ICD-10 diagnosis (main)	1	none_suitable		0.76	0.65	review (uncertain abstention)	887	3.7254e-05
diagnoses - main icd10: r31 unspecified haematuria	ICD-10 diagnosis (main)	1	HP:0000790	Hematuria	0.96	0.92	auto-accepted	927	3.8934000000000004e-05
diagnoses - main icd10: r32 unspecified urinary incontinence	ICD-10 diagnosis (main)	1	HP:0000020	Urinary incontinence	0.9	0.8	auto-accepted	899	3.7758e-05
diagnoses - main icd10: r33 retention of urine	ICD-10 diagnosis (main)	1	HP:0000016	Urinary retention	0.97	0.94	auto-accepted	844	3.5448000000000003e-05
diagnoses - main icd10: r35 polyuria	ICD-10 diagnosis (main)	1	HP:0000103	Polyuria	0.89	0.79	auto-accepted	1000	4.2000000000000004e-05
diagnoses - main icd10: r39.8 other and unspecified symptoms and signs involving the urinary system	ICD-10 diagnosis (main)	1	none_suitable		0.51	0.26	review (uncertain abstention)	975	4.095e-05
diagnoses - main icd10: r42 dizziness and giddiness	ICD-10 diagnosis (main)	1	EFO:0009847	dizziness	0.99	0.98	auto-accepted	887	3.7254e-05
diagnoses - main icd10: r51 headache	ICD-10 diagnosis (main)	1	HP:0002315	Headache	0.87	0.81	auto-accepted	928	3.8976e-05
diagnoses - main icd10: r55 syncope and collapse	ICD-10 diagnosis (main)	1	HP:0001279	Syncope	0.93	0.86	auto-accepted	1041	4.3722000000000006e-05
diagnoses - main icd10: r69 unknown and unspecified causes of morbidity	ICD-10 diagnosis (main)	1	none_suitable		0.65	0.48	review (uncertain abstention)	953	4.0026e-05
diagnoses - main icd10: r79.8 other specified abnormal findings of blood chemistry	ICD-10 diagnosis (main)	1	none_suitable		0.74	0.57	review (uncertain abstention)	931	3.9102e-05
diagnoses - main icd10: r87.6 abnormal cytological findings	ICD-10 diagnosis (main)	1	EFO:0010677	cytological, histological or immunological finding	0.57	0.28	review (uncertain pick)	970	4.0740000000000006e-05
diagnoses - main icd10: s09.9 unspecified injury of head	ICD-10 diagnosis (main)	1	EFO:0009505	head injury	0.97	0.94	auto-accepted	840	3.528e-05
diagnoses - main icd10: s52.50 fracture of lower end of radius (closed)	ICD-10 diagnosis (main)	1	MONDO:0005325	radius fracture	0.95	0.91	auto-accepted	926	3.8892e-05
diagnoses - main icd10: s82.80 fractures of other parts of lower leg (closed)	ICD-10 diagnosis (main)	1	EFO:0009512	lower extremity fracture	0.9	0.81	auto-accepted	1007	4.2294000000000005e-05
diagnoses - main icd10: t39.1 4-aminophenol derivatives	ICD-10 diagnosis (main)	1	none_suitable		0.95	0.91	no suitable term	921	3.868200000000001e-05
diagnoses - main icd10: t81.0 haemorrhage and haematoma complicating a procedure, not elsewhere classified	ICD-10 diagnosis (main)	1	EFO:0005323	post-operative sign or symptom	0.57	0.29	review (uncertain pick)	922	3.8724000000000004e-05
diagnoses - main icd10: t81.4 infection following a procedure, not elsewhere classified	ICD-10 diagnosis (main)	1	MONDO:0043543	iatrogenic disease	0.81	0.65	review (uncertain pick)	957	4.0194e-05
diagnoses - main icd10: t84.0 mechanical complication of internal joint prosthesis	ICD-10 diagnosis (main)	1	EFO:0009519	device complication	0.6768	0.4848	review (uncertain pick)	907	3.8094000000000005e-05
diagnoses - main icd10: t84.8 other complications of internal orthopaedic prosthetic devices, implants and grafts	ICD-10 diagnosis (main)	1	EFO:0009519	device complication	0.82	0.71	review (uncertain pick)	904	3.7968e-05
diagnoses - main icd10: z03.8 observation for other suspected diseases and conditions	ICD-10 diagnosis (main)	1	none_suitable		1.0	1.0	no suitable term	905	3.8010000000000004e-05
diagnoses - main icd10: z08.0 follow-up examination after surgery for malignant neoplasm	ICD-10 diagnosis (main)	1	none_suitable		0.39	0.03	review (uncertain abstention)	919	3.8598000000000006e-05
diagnoses - main icd10: z09.0 follow-up examination after surgery for other conditions	ICD-10 diagnosis (main)	1	EFO:0009642	follow-up	0.49	0.05	review (uncertain pick)	904	3.7968e-05
diagnoses - main icd10: z09.8 follow-up examination after other treatment for other conditions	ICD-10 diagnosis (main)	1	EFO:0009642	follow-up	0.58	0.24	review (uncertain pick)	863	3.6246000000000005e-05
diagnoses - main icd10: z09.9 follow-up examination after unspecified treatment for other conditions	ICD-10 diagnosis (main)	1	EFO:0009642	follow-up	0.48	0.05	review (uncertain pick)	863	3.6246000000000005e-05
diagnoses - main icd10: z12.1 special screening examination for neoplasm of intestinal tract	ICD-10 diagnosis (main)	1	EFO:0021523	examination for neoplasm	0.83	0.66	review (uncertain pick)	948	3.9816e-05
diagnoses - main icd10: z13.8 special screening examination for other specified diseases and disorders	ICD-10 diagnosis (main)	1	none_suitable		0.77	0.54	review (uncertain abstention)	986	4.1411999999999996e-05
diagnoses - main icd10: z30.2 sterilisation	ICD-10 diagnosis (main)	1	none_suitable		0.98	0.96	no suitable term	911	3.8262e-05
diagnoses - main icd10: z42.1 follow-up care involving plastic surgery of breast	ICD-10 diagnosis (main)	1	none_suitable		0.67	0.43	review (uncertain abstention)	983	4.1286e-05
diagnoses - main icd10: z46.6 fitting and adjustment of urinary device	ICD-10 diagnosis (main)	1	none_suitable		0.5	0.01	review (uncertain abstention)	890	3.738e-05
diagnoses - main icd10: z47.0 follow-up care involving removal of fracture plate and other internal fixation device	ICD-10 diagnosis (main)	1	none_suitable		0.83	0.68	review (uncertain abstention)	883	3.7086000000000004e-05
diagnoses - main icd10: z53.8 procedure not carried out for other reasons	ICD-10 diagnosis (main)	1	none_suitable		0.99	0.98	no suitable term	941	3.9522000000000005e-05
diagnoses - main icd9: 4549 varicose veins of lower extremity without ulcer/inflammation	Other measurement / questionnaire	1	HP:0002619	Varicose veins	0.5758	0.2323	review (uncertain pick)	946	3.9732000000000005e-05
diagnoses - main icd9: 6262 excessive or frequent menstruation	Other measurement / questionnaire	1	HP:0000132	Menorrhagia	0.65	0.44	review (uncertain pick)	852	3.5784e-05
diagnoses - main icd9: v252 sterilization	Other measurement / questionnaire	1	none_suitable		0.98	0.96	no suitable term	913	3.8346e-05
diagnoses - secondary icd10: b95.6 staphylococcus aureus as the cause of diseases classified to other chapters	ICD-10 diagnosis (secondary)	1	MONDO:0005545	staphylococcus aureus infection	0.75	0.52	review (uncertain pick)	999	4.195800000000001e-05
diagnoses - secondary icd10: b96.2 escherichia coli [e. coli] as the cause of diseases classified to other chapters	ICD-10 diagnosis (secondary)	1	MONDO:0020920	escherichia coli infection	0.79	0.58	review (uncertain pick)	1057	4.4394e-05
diagnoses - secondary icd10: b96.8 other specified bacterial agents as the cause of diseases classified to other chapters	ICD-10 diagnosis (secondary)	1	none_suitable		0.72	0.52	review (uncertain abstention)	1060	4.452e-05
diagnoses - secondary icd10: c50.9 breast, unspecified	ICD-10 diagnosis (secondary)	1	none_suitable		0.46	0.17	review (uncertain abstention)	958	4.0236e-05
diagnoses - secondary icd10: c61 malignant neoplasm of prostate	ICD-10 diagnosis (secondary)	1	none_suitable		0.77	0.6	review (uncertain abstention)	923	3.8766e-05
diagnoses - secondary icd10: c77.3 axillary and upper limb lymph nodes	ICD-10 diagnosis (secondary)	1	MONDO:0005438	metastatic malignant neoplasm in the lymph nodes	0.74	0.56	review (uncertain pick)	1000	4.2000000000000004e-05
diagnoses - secondary icd10: c78.7 secondary malignant neoplasm of liver	ICD-10 diagnosis (secondary)	1	MONDO:0024880	metastatic malignant neoplasm	0.4	0.18	review (uncertain pick)	985	4.137e-05
diagnoses - secondary icd10: d12.5 sigmoid colon	ICD-10 diagnosis (secondary)	1	MONDO:0001464	sigmoid colon cancer	0.71	0.48	review (uncertain pick)	988	4.1496e-05
diagnoses - secondary icd10: d25.9 leiomyoma of uterus, unspecified	ICD-10 diagnosis (secondary)	1	MONDO:0007886	uterine corpus leiomyoma	0.96	0.92	auto-accepted	1114	4.6788e-05
diagnoses - secondary icd10: d50.9 iron deficiency anaemia, unspecified	ICD-10 diagnosis (secondary)	1	HP:0001891	Iron deficiency anemia	0.88	0.78	auto-accepted	950	3.99e-05
diagnoses - secondary icd10: d64.9 anaemia, unspecified	ICD-10 diagnosis (secondary)	1	MONDO:0001639	deficiency anemia	0.5556	0.1515	review (uncertain pick)	1176	4.9392000000000004e-05
diagnoses - secondary icd10: d70 agranulocytosis	ICD-10 diagnosis (secondary)	1	none_suitable		0.67	0.34	review (uncertain abstention)	970	4.0740000000000006e-05
diagnoses - secondary icd10: e03.9 hypothyroidism, unspecified	ICD-10 diagnosis (secondary)	1	MONDO:0005420	hypothyroidism	0.62	0.35	review (uncertain pick)	1011	4.2462e-05
diagnoses - secondary icd10: e10.9 without complications	ICD-10 diagnosis (secondary)	1	none_suitable		1.0	1.0	no suitable term	980	4.116e-05
diagnoses - secondary icd10: e11.9 without complications	ICD-10 diagnosis (secondary)	1	none_suitable		0.99	0.98	no suitable term	1010	4.2420000000000004e-05
diagnoses - secondary icd10: e14.9 without complications	ICD-10 diagnosis (secondary)	1	none_suitable		1.0	1.0	no suitable term	946	3.9732000000000005e-05
diagnoses - secondary icd10: e66.9 obesity, unspecified	ICD-10 diagnosis (secondary)	1	HP:0001513	Obesity	0.51	0.07	review (uncertain pick)	820	3.444e-05
diagnoses - secondary icd10: e78.0 pure hypercholesterolaemia	ICD-10 diagnosis (secondary)	1	HP:0003124	Hypercholesterolemia	0.89	0.8	auto-accepted	828	3.4776e-05
diagnoses - secondary icd10: e78.5 hyperlipidaemia, unspecified	ICD-10 diagnosis (secondary)	1	MONDO:0021187	hyperlipidemia	0.6	0.34	review (uncertain pick)	811	3.4062e-05
diagnoses - secondary icd10: e86 volume depletion	ICD-10 diagnosis (secondary)	1	HP:0011106	Hypovolemia	0.88	0.76	auto-accepted	877	3.6834e-05
diagnoses - secondary icd10: f10.0 acute intoxication	ICD-10 diagnosis (secondary)	1	EFO:0009574	intoxication	0.9	0.8	auto-accepted	923	3.8766e-05
diagnoses - secondary icd10: f10.1 harmful use	ICD-10 diagnosis (secondary)	1	MONDO:0002491	substance abuse	0.71	0.43	review (uncertain pick)	817	3.4314000000000004e-05
diagnoses - secondary icd10: f10.2 dependence syndrome	ICD-10 diagnosis (secondary)	1	none_suitable		0.99	0.98	no suitable term	927	3.8934000000000004e-05
diagnoses - secondary icd10: f17.1 harmful use	ICD-10 diagnosis (secondary)	1	MONDO:0002491	substance abuse	0.46	0.04	review (uncertain pick)	840	3.528e-05
diagnoses - secondary icd10: f32.9 depressive episode, unspecified	ICD-10 diagnosis (secondary)	1	EFO:0007634	major depressive episode	0.43	0.03	review (uncertain pick)	894	3.754800000000001e-05
diagnoses - secondary icd10: f41.9 anxiety disorder, unspecified	ICD-10 diagnosis (secondary)	1	MONDO:0005618	anxiety disorder	0.91	0.86	auto-accepted	934	3.9228000000000005e-05
diagnoses - secondary icd10: g40.9 epilepsy, unspecified	ICD-10 diagnosis (secondary)	1	none_suitable		0.7	0.58	review (uncertain abstention)	958	4.0236e-05
diagnoses - secondary icd10: g47.3 sleep apnoea	ICD-10 diagnosis (secondary)	1	HP:0010535	Sleep apnea	0.92	0.85	auto-accepted	924	3.8808000000000005e-05
diagnoses - secondary icd10: g55.1 nerve root and plexus compressions in intervertebral disk disorders	ICD-10 diagnosis (secondary)	1	MONDO:0002959	radiculopathy	0.84	0.69	review (uncertain pick)	1017	4.2714e-05
diagnoses - secondary icd10: i10 essential (primary) hypertension	ICD-10 diagnosis (secondary)	1	MONDO:0001134	essential hypertension	0.85	0.71	auto-accepted	903	3.7926e-05
diagnoses - secondary icd10: i12.0 hypertensive renal disease with renal failure	ICD-10 diagnosis (secondary)	1	MONDO:0024633	hypertensive nephropathy	0.65	0.44	review (uncertain pick)	905	3.8010000000000004e-05
diagnoses - secondary icd10: i20.0 unstable angina	ICD-10 diagnosis (secondary)	1	EFO:0020925	angina unstable	0.88	0.79	auto-accepted	938	3.939600000000001e-05
diagnoses - secondary icd10: i20.9 angina pectoris, unspecified	ICD-10 diagnosis (secondary)	1	EFO:0003913	angina pectoris	0.97	0.94	auto-accepted	1064	4.4688e-05
diagnoses - secondary icd10: i25.1 atherosclerotic heart disease	ICD-10 diagnosis (secondary)	1	MONDO:0005010	coronary artery disorder	0.92	0.84	auto-accepted	1074	4.510800000000001e-05
diagnoses - secondary icd10: i25.2 old myocardial infarction	ICD-10 diagnosis (secondary)	1	MONDO:0005068	myocardial infarction	0.55	0.13	review (uncertain pick)	1119	4.6998e-05
diagnoses - secondary icd10: i25.8 other forms of chronic ischaemic heart disease	ICD-10 diagnosis (secondary)	1	MONDO:0005010	coronary artery disorder	0.48	0.12	review (uncertain pick)	1008	4.2336e-05
diagnoses - secondary icd10: i25.9 chronic ischaemic heart disease, unspecified	ICD-10 diagnosis (secondary)	1	MONDO:0005010	coronary artery disorder	0.78	0.65	review (uncertain pick)	985	4.137e-05
diagnoses - secondary icd10: i34.0 mitral (valve) insufficiency	ICD-10 diagnosis (secondary)	1	MONDO:1030008	mitral valve insufficiency	0.86	0.76	auto-accepted	964	4.0488e-05
diagnoses - secondary icd10: i48 atrial fibrillation and flutter	ICD-10 diagnosis (secondary)	1	MONDO:0004981	atrial fibrillation	0.82	0.65	review (uncertain pick)	1002	4.2084000000000006e-05
diagnoses - secondary icd10: i50.1 left ventricular failure	ICD-10 diagnosis (secondary)	1	none_suitable		0.83	0.74	review (uncertain abstention)	1030	4.326000000000001e-05
diagnoses - secondary icd10: i51.7 cardiomegaly	ICD-10 diagnosis (secondary)	1	EFO:0002503	cardiac hypertrophy	0.53	0.06	review (uncertain pick)	903	3.7926e-05
diagnoses - secondary icd10: i73.9 peripheral vascular disease, unspecified	ICD-10 diagnosis (secondary)	1	MONDO:0005294	peripheral vascular disease	0.79	0.65	review (uncertain pick)	1018	4.2756e-05
diagnoses - secondary icd10: i84.2 internal haemorrhoids without complication	ICD-10 diagnosis (secondary)	1	MONDO:0004872	hemorrhoid	0.93	0.86	auto-accepted	1070	4.494e-05
diagnoses - secondary icd10: i84.6 residual haemorrhoidal skin tags	ICD-10 diagnosis (secondary)	1	MONDO:0006549	fibroepithelial polyp of the anus	0.8283	0.7576	review (uncertain pick)	992	4.1664000000000006e-05
diagnoses - secondary icd10: i84.9 unspecified haemorrhoids without complication	ICD-10 diagnosis (secondary)	1	MONDO:0004872	hemorrhoid	0.96	0.92	auto-accepted	977	4.1034e-05
diagnoses - secondary icd10: i95.9 hypotension, unspecified	ICD-10 diagnosis (secondary)	1	MONDO:0005468	hypotensive disorder	0.4646	0.1818	review (uncertain pick)	952	3.9984e-05
diagnoses - secondary icd10: j18.1 lobar pneumonia, unspecified	ICD-10 diagnosis (secondary)	1	MONDO:0005249	pneumonia	0.48	0.22	review (uncertain pick)	1013	4.2546e-05
diagnoses - secondary icd10: j22 unspecified acute lower respiratory infection	ICD-10 diagnosis (secondary)	1	HP:0011947	Respiratory tract infection	0.31	0.01	review (uncertain pick)	1027	4.3134e-05
diagnoses - secondary icd10: j34.3 hypertrophy of nasal turbinates	ICD-10 diagnosis (secondary)	1	none_suitable		0.84	0.69	review (uncertain abstention)	904	3.7968e-05
diagnoses - secondary icd10: j44.9 chronic obstructive pulmonary disease, unspecified	ICD-10 diagnosis (secondary)	1	MONDO:0005002	chronic obstructive pulmonary disease	0.96	0.92	auto-accepted	967	4.0614e-05
diagnoses - secondary icd10: j45.9 asthma, unspecified	ICD-10 diagnosis (secondary)	1	HP:0002099	Asthma	0.87	0.74	auto-accepted	922	3.8724000000000004e-05
diagnoses - secondary icd10: j90 pleural effusion, not elsewhere classified	ICD-10 diagnosis (secondary)	1	HP:0002202	Pleural effusion	0.94	0.88	auto-accepted	975	4.095e-05
diagnoses - secondary icd10: k20 oesophagitis	ICD-10 diagnosis (secondary)	1	MONDO:0001409	esophagitis	0.82	0.73	review (uncertain pick)	957	4.0194e-05
diagnoses - secondary icd10: k21.0 gastro-oesophageal reflux disease with oesophagitis	ICD-10 diagnosis (secondary)	1	MONDO:0007186	gastroesophageal reflux disease	0.8	0.67	review (uncertain pick)	1070	4.494e-05
diagnoses - secondary icd10: k21.9 gastro-oesophageal reflux disease without oesophagitis	ICD-10 diagnosis (secondary)	1	MONDO:0007186	gastroesophageal reflux disease	0.97	0.94	auto-accepted	1104	4.6368e-05
diagnoses - secondary icd10: k22.1 ulcer of oesophagus	ICD-10 diagnosis (secondary)	1	MONDO:0044782	esophageal ulcer	0.96	0.94	auto-accepted	1012	4.2504000000000005e-05
diagnoses - secondary icd10: k25.9 unspecified as acute or chronic, without haemorrhage or perforation	ICD-10 diagnosis (secondary)	1	MONDO:0001126	gastric ulcer	0.6	0.36	review (uncertain pick)	967	4.0614e-05
diagnoses - secondary icd10: k26.9 unspecified as acute or chronic, without haemorrhage or perforation	ICD-10 diagnosis (secondary)	1	MONDO:0004247	peptic ulcer disease	0.68	0.43	review (uncertain pick)	1029	4.3218e-05
diagnoses - secondary icd10: k29.5 chronic gastritis, unspecified	ICD-10 diagnosis (secondary)	1	MONDO:0005001	chronic gastritis	0.92	0.84	auto-accepted	992	4.1664000000000006e-05
diagnoses - secondary icd10: k29.6 other gastritis	ICD-10 diagnosis (secondary)	1	MONDO:0005001	chronic gastritis	0.55	0.13	review (uncertain pick)	883	3.7086000000000004e-05
diagnoses - secondary icd10: k29.7 gastritis, unspecified	ICD-10 diagnosis (secondary)	1	MONDO:0005001	chronic gastritis	0.53	0.07	review (uncertain pick)	875	3.6750000000000006e-05
diagnoses - secondary icd10: k29.8 duodenitis	ICD-10 diagnosis (secondary)	1	none_suitable		0.99	0.98	no suitable term	784	3.2928e-05
diagnoses - secondary icd10: k30 dyspepsia	ICD-10 diagnosis (secondary)	1	MONDO:0002268	dyspepsia	0.96	0.92	auto-accepted	929	3.9018000000000005e-05
diagnoses - secondary icd10: k31.7 polyp of stomach and duodenum	ICD-10 diagnosis (secondary)	1	MONDO:0008277	stomach polyp	0.61	0.32	review (uncertain pick)	1147	4.8174e-05
diagnoses - secondary icd10: k31.8 other specified diseases of stomach and duodenum	ICD-10 diagnosis (secondary)	1	none_suitable		0.48	0.16	review (uncertain abstention)	877	3.6834e-05
diagnoses - secondary icd10: k44.9 diaphragmatic hernia without obstruction or gangrene	ICD-10 diagnosis (secondary)	1	EFO:0008561	diaphragmatic hernia	0.94	0.88	auto-accepted	1011	4.2462e-05
diagnoses - secondary icd10: k51.9 ulcerative colitis, unspecified	ICD-10 diagnosis (secondary)	1	none_suitable		0.64	0.43	review (uncertain abstention)	902	3.7884000000000005e-05
diagnoses - secondary icd10: k52.9 non-infective gastro-enteritis and colitis, unspecified	ICD-10 diagnosis (secondary)	1	MONDO:0002269	gastroenteritis	0.73	0.51	review (uncertain pick)	928	3.8976e-05
diagnoses - secondary icd10: k57.3 diverticular disease of large intestine without perforation or abscess	ICD-10 diagnosis (secondary)	1	EFO:0009959	diverticular disease	0.97	0.95	auto-accepted	947	3.9774e-05
diagnoses - secondary icd10: k57.9 diverticular disease of intestine, part unspecified, without perforation or abscess	ICD-10 diagnosis (secondary)	1	EFO:0009959	diverticular disease	0.99	0.98	auto-accepted	890	3.738e-05
diagnoses - secondary icd10: k58.9 irritable bowel syndrome without diarrhoea	ICD-10 diagnosis (secondary)	1	MONDO:0005052	irritable bowel syndrome	0.93	0.86	auto-accepted	1065	4.473e-05
diagnoses - secondary icd10: k59.0 constipation	ICD-10 diagnosis (secondary)	1	MONDO:0002203	constipation disorder	0.94	0.88	auto-accepted	846	3.5532e-05
diagnoses - secondary icd10: k62.1 rectal polyp	ICD-10 diagnosis (secondary)	1	MONDO:0021398	polyp of rectum	0.9394	0.899	auto-accepted	980	4.116e-05
diagnoses - secondary icd10: k62.5 haemorrhage of anus and rectum	ICD-10 diagnosis (secondary)	1	HP:0002573	Hematochezia	0.79	0.59	review (uncertain pick)	961	4.0362000000000004e-05
diagnoses - secondary icd10: k63.5 polyp of colon	ICD-10 diagnosis (secondary)	1	MONDO:0021400	polyp of colon	0.92	0.87	auto-accepted	999	4.195800000000001e-05
diagnoses - secondary icd10: k66.0 peritoneal adhesions	ICD-10 diagnosis (secondary)	1	none_suitable		0.72	0.44	review (uncertain abstention)	962	4.0404e-05
diagnoses - secondary icd10: k80.2 calculus of gallbladder without cholecystitis	ICD-10 diagnosis (secondary)	1	MONDO:0006698	cholecystolithiasis	0.82	0.7	review (uncertain pick)	1028	4.317600000000001e-05
diagnoses - secondary icd10: l03.1 cellulitis of other parts of limb	ICD-10 diagnosis (secondary)	1	MONDO:0005230	cellulitis	0.61	0.34	review (uncertain pick)	934	3.9228000000000005e-05
diagnoses - secondary icd10: m06.99 rheumatoid arthritis, unspecified (site unspecified)	ICD-10 diagnosis (secondary)	1	MONDO:0008383	rheumatoid arthritis	0.5455	0.2121	review (uncertain pick)	1065	4.473e-05
diagnoses - secondary icd10: m10.99 gout, unspecified (site unspecified)	ICD-10 diagnosis (secondary)	1	none_suitable		0.99	0.98	no suitable term	992	4.1664000000000006e-05
diagnoses - secondary icd10: m13.9 arthritis, unspecified	ICD-10 diagnosis (secondary)	1	MONDO:0006816	arthropathy	0.66	0.33	review (uncertain pick)	1107	4.6494e-05
diagnoses - secondary icd10: m13.99 arthritis, unspecified (site unspecified)	ICD-10 diagnosis (secondary)	1	MONDO:0006816	arthropathy	0.73	0.46	review (uncertain pick)	922	3.8724000000000004e-05
diagnoses - secondary icd10: m15.9 polyarthrosis, unspecified	ICD-10 diagnosis (secondary)	1	none_suitable		0.42	0.0	review (uncertain abstention)	975	4.095e-05
diagnoses - secondary icd10: m17.1 other primary gonarthrosis	ICD-10 diagnosis (secondary)	1	none_suitable		0.64	0.29	review (uncertain abstention)	1003	4.2126e-05
diagnoses - secondary icd10: m17.9 gonarthrosis, unspecified	ICD-10 diagnosis (secondary)	1	none_suitable		1.0	1.0	no suitable term	1006	4.2252e-05
diagnoses - secondary icd10: m19.9 arthrosis, unspecified	ICD-10 diagnosis (secondary)	1	MONDO:0006816	arthropathy	0.75	0.5	review (uncertain pick)	1034	4.3428000000000005e-05
diagnoses - secondary icd10: m19.99 arthrosis, unspecified (site unspecified)	ICD-10 diagnosis (secondary)	1	MONDO:0006816	arthropathy	0.63	0.26	review (uncertain pick)	979	4.1118e-05
diagnoses - secondary icd10: m47.82 other spondylosis (cervical region)	ICD-10 diagnosis (secondary)	1	MONDO:0008481	spondylosis, cervical	0.66	0.43	review (uncertain pick)	915	3.843e-05
diagnoses - secondary icd10: m81.99 osteoporosis, unspecified (site unspecified)	ICD-10 diagnosis (secondary)	1	MONDO:0005298	osteoporosis	0.66	0.39	review (uncertain pick)	1078	4.5276e-05
diagnoses - secondary icd10: n17.9 acute renal failure, unspecified	ICD-10 diagnosis (secondary)	1	MONDO:0002492	acute kidney injury	0.62	0.38	review (uncertain pick)	959	4.0278e-05
diagnoses - secondary icd10: n32.8 other specified disorders of bladder	ICD-10 diagnosis (secondary)	1	MONDO:0006026	urinary bladder disorder	0.62	0.28	review (uncertain pick)	898	3.7716e-05
diagnoses - secondary icd10: n39.0 urinary tract infection, site not specified	ICD-10 diagnosis (secondary)	1	MONDO:0100338	urinary tract infection	0.72	0.57	review (uncertain pick)	870	3.654e-05
diagnoses - secondary icd10: n39.3 stress incontinence	ICD-10 diagnosis (secondary)	1	HP:0010992	Stress urinary incontinence	0.99	0.98	auto-accepted	897	3.7674000000000006e-05
diagnoses - secondary icd10: n40 hyperplasia of prostate	ICD-10 diagnosis (secondary)	1	MONDO:0010811	benign prostatic hyperplasia	0.95	0.9	auto-accepted	967	4.0614e-05
diagnoses - secondary icd10: n73.6 female pelvic peritoneal adhesions	ICD-10 diagnosis (secondary)	1	none_suitable		0.74	0.53	review (uncertain abstention)	1041	4.3722000000000006e-05
diagnoses - secondary icd10: n80.0 endometriosis of uterus	ICD-10 diagnosis (secondary)	1	MONDO:0005133	endometriosis	0.64	0.31	review (uncertain pick)	993	4.1706000000000004e-05
diagnoses - secondary icd10: n81.1 cystocele	ICD-10 diagnosis (secondary)	1	none_suitable		0.97	0.95	no suitable term	882	3.7044e-05
diagnoses - secondary icd10: n81.2 incomplete uterovaginal prolapse	ICD-10 diagnosis (secondary)	1	EFO:1001864	uterine prolapse	0.73	0.47	review (uncertain pick)	1002	4.2084000000000006e-05
diagnoses - secondary icd10: n81.6 rectocele	ICD-10 diagnosis (secondary)	1	EFO:1001837	rectocele	0.99	0.98	auto-accepted	933	3.9186e-05
diagnoses - secondary icd10: n83.2 other and unspecified ovarian cysts	ICD-10 diagnosis (secondary)	1	HP:0000138	Ovarian cyst	0.96	0.93	auto-accepted	1038	4.359600000000001e-05
diagnoses - secondary icd10: n84.0 polyp of corpus uteri	ICD-10 diagnosis (secondary)	1	MONDO:0006195	endometrial polyp	0.67	0.38	review (uncertain pick)	1089	4.5738e-05
diagnoses - secondary icd10: n85.8 other specified noninflammatory disorders of uterus	ICD-10 diagnosis (secondary)	1	MONDO:0002654	uterine disorder	0.65	0.34	review (uncertain pick)	943	3.960600000000001e-05
diagnoses - secondary icd10: n92.0 excessive and frequent menstruation with regular cycle	ICD-10 diagnosis (secondary)	1	HP:0000132	Menorrhagia	0.96	0.93	auto-accepted	944	3.9648000000000004e-05
diagnoses - secondary icd10: n94.6 dysmenorrhoea, unspecified	ICD-10 diagnosis (secondary)	1	HP:0100607	Dysmenorrhea	0.91	0.86	auto-accepted	921	3.868200000000001e-05
diagnoses - secondary icd10: n95.0 postmenopausal bleeding	ICD-10 diagnosis (secondary)	1	none_suitable		0.86	0.75	no suitable term	893	3.7506e-05
diagnoses - secondary icd10: o70.1 second degree perineal laceration during delivery	ICD-10 diagnosis (secondary)	1	EFO:0009816	perineal laceration during delivery	0.99	0.98	auto-accepted	948	3.9816e-05
diagnoses - secondary icd10: r00.0 tachycardia, unspecified	ICD-10 diagnosis (secondary)	1	none_suitable		0.62	0.36	review (uncertain abstention)	1065	4.473e-05
diagnoses - secondary icd10: r00.1 bradycardia, unspecified	ICD-10 diagnosis (secondary)	1	HP:0001662	Bradycardia	0.95	0.91	auto-accepted	870	3.654e-05
diagnoses - secondary icd10: r00.2 palpitations	ICD-10 diagnosis (secondary)	1	none_suitable		0.62	0.31	review (uncertain abstention)	900	3.7800000000000004e-05
diagnoses - secondary icd10: r03.0 elevated blood-pressure reading, without diagnosis of hypertension	ICD-10 diagnosis (secondary)	1	HP:0032263	Increased blood pressure	0.97	0.95	auto-accepted	849	3.5658e-05
diagnoses - secondary icd10: r05 cough	ICD-10 diagnosis (secondary)	1	HP:0012735	Cough	0.86	0.73	auto-accepted	964	4.0488e-05
diagnoses - secondary icd10: r06.0 dyspnoea	ICD-10 diagnosis (secondary)	1	EFO:0009838	alteration in respiration	0.54	0.28	review (uncertain pick)	830	3.486e-05
diagnoses - secondary icd10: r07.4 chest pain, unspecified	ICD-10 diagnosis (secondary)	1	HP:0100749	Chest pain	0.9	0.8	auto-accepted	986	4.1411999999999996e-05
diagnoses - secondary icd10: r10.1 pain localised to upper abdomen	ICD-10 diagnosis (secondary)	1	HP:0002027	Abdominal pain	0.87	0.76	auto-accepted	966	4.0572000000000004e-05
diagnoses - secondary icd10: r10.3 pain localised to other parts of lower abdomen	ICD-10 diagnosis (secondary)	1	HP:0002027	Abdominal pain	0.76	0.54	review (uncertain pick)	988	4.1496e-05
diagnoses - secondary icd10: r10.4 other and unspecified abdominal pain	ICD-10 diagnosis (secondary)	1	HP:0002027	Abdominal pain	0.9	0.8	auto-accepted	975	4.095e-05
diagnoses - secondary icd10: r11 nausea and vomiting	ICD-10 diagnosis (secondary)	1	HP:0002017	Nausea and vomiting	0.86	0.74	auto-accepted	858	3.6036000000000005e-05
diagnoses - secondary icd10: r13 dysphagia	ICD-10 diagnosis (secondary)	1	HP:0002015	Dysphagia	0.95	0.9	auto-accepted	950	3.99e-05
diagnoses - secondary icd10: r19.4 change in bowel habit	ICD-10 diagnosis (secondary)	1	none_suitable		0.56	0.23	review (uncertain abstention)	882	3.7044e-05
diagnoses - secondary icd10: r31 unspecified haematuria	ICD-10 diagnosis (secondary)	1	HP:0000790	Hematuria	0.95	0.9	auto-accepted	863	3.6246000000000005e-05
diagnoses - secondary icd10: r33 retention of urine	ICD-10 diagnosis (secondary)	1	HP:0000016	Urinary retention	0.96	0.92	auto-accepted	812	3.4104000000000004e-05
diagnoses - secondary icd10: r35 polyuria	ICD-10 diagnosis (secondary)	1	HP:0000103	Polyuria	0.94	0.88	auto-accepted	964	4.0488e-05
diagnoses - secondary icd10: r42 dizziness and giddiness	ICD-10 diagnosis (secondary)	1	EFO:0009847	dizziness	0.96	0.93	auto-accepted	976	4.0992e-05
diagnoses - secondary icd10: r50.9 fever, unspecified	ICD-10 diagnosis (secondary)	1	none_suitable		1.0	1.0	no suitable term	904	3.7968e-05
diagnoses - secondary icd10: r51 headache	ICD-10 diagnosis (secondary)	1	HP:0002315	Headache	0.89	0.78	auto-accepted	882	3.7044e-05
diagnoses - secondary icd10: r53 malaise and fatigue	ICD-10 diagnosis (secondary)	1	EFO:0009641	malaise	0.67	0.47	review (uncertain pick)	1009	4.2378e-05
diagnoses - secondary icd10: r55 syncope and collapse	ICD-10 diagnosis (secondary)	1	HP:0001279	Syncope	0.95	0.9	auto-accepted	1104	4.6368e-05
diagnoses - secondary icd10: r63.4 abnormal weight loss	ICD-10 diagnosis (secondary)	1	HP:0001824	Weight loss	0.58	0.21	review (uncertain pick)	915	3.843e-05
diagnoses - secondary icd10: r69 unknown and unspecified causes of morbidity	ICD-10 diagnosis (secondary)	1	none_suitable		0.9394	0.8889	no suitable term	971	4.0782000000000004e-05
diagnoses - secondary icd10: r79.8 other specified abnormal findings of blood chemistry	ICD-10 diagnosis (secondary)	1	none_suitable		0.74	0.59	review (uncertain abstention)	905	3.8010000000000004e-05
diagnoses - secondary icd10: r94.5 abnormal results of liver function studies	ICD-10 diagnosis (secondary)	1	EFO:0009628	abnormal result of function studies	0.75	0.58	review (uncertain pick)	908	3.8136e-05
diagnoses - secondary icd10: t81.0 haemorrhage and haematoma complicating a procedure, not elsewhere classified	ICD-10 diagnosis (secondary)	1	EFO:0005323	post-operative sign or symptom	0.47	0.17	review (uncertain pick)	924	3.8808000000000005e-05
diagnoses - secondary icd10: t81.4 infection following a procedure, not elsewhere classified	ICD-10 diagnosis (secondary)	1	MONDO:0043543	iatrogenic disease	0.7	0.54	review (uncertain pick)	959	4.0278e-05
diagnoses - secondary icd10: w01.0 home	ICD-10 diagnosis (secondary)	1	none_suitable		0.99	0.98	no suitable term	868	3.6456e-05
diagnoses - secondary icd10: w01.9 unspecified place	ICD-10 diagnosis (secondary)	1	none_suitable		0.95	0.91	no suitable term	965	4.053000000000001e-05
diagnoses - secondary icd10: w10.0 home	ICD-10 diagnosis (secondary)	1	none_suitable		0.99	0.98	no suitable term	868	3.6456e-05
diagnoses - secondary icd10: w19.9 unspecified place	ICD-10 diagnosis (secondary)	1	none_suitable		0.99	0.98	no suitable term	957	4.0194e-05
diagnoses - secondary icd10: x59.9 unspecified place	ICD-10 diagnosis (secondary)	1	none_suitable		1.0	1.0	no suitable term	996	4.1832e-05
diagnoses - secondary icd10: y43.3 other antineoplastic drugs	ICD-10 diagnosis (secondary)	1	none_suitable		0.92	0.89	no suitable term	981	4.120200000000001e-05
diagnoses - secondary icd10: y83.1 surgical operation with implant of artificial internal device	ICD-10 diagnosis (secondary)	1	none_suitable		0.76	0.67	review (uncertain abstention)	1026	4.3092e-05
diagnoses - secondary icd10: y83.2 surgical operation with anastomosis, bypass or graft	ICD-10 diagnosis (secondary)	1	none_suitable		0.72	0.59	review (uncertain abstention)	1043	4.380600000000001e-05
diagnoses - secondary icd10: y83.6 removal of other organ (partial) (total)	ICD-10 diagnosis (secondary)	1	EFO:0009744	surgical resection	0.81	0.63	review (uncertain pick)	933	3.9186e-05
diagnoses - secondary icd10: y83.8 other surgical procedures	ICD-10 diagnosis (secondary)	1	none_suitable		0.58	0.35	review (uncertain abstention)	963	4.0446e-05
diagnoses - secondary icd10: z03.4 observation for suspected myocardial infarction	ICD-10 diagnosis (secondary)	1	none_suitable		0.97	0.96	no suitable term	1097	4.6074000000000006e-05
diagnoses - secondary icd10: z03.8 observation for other suspected diseases and conditions	ICD-10 diagnosis (secondary)	1	none_suitable		1.0	1.0	no suitable term	911	3.8262e-05
diagnoses - secondary icd10: z13.0 special screening examination for diseases of the blood and blood-forming organs and certain disorders involving the immune mechanism	ICD-10 diagnosis (secondary)	1	none_suitable		0.98	0.97	no suitable term	944	3.9648000000000004e-05
diagnoses - secondary icd10: z13.8 special screening examination for other specified diseases and disorders	ICD-10 diagnosis (secondary)	1	none_suitable		0.82	0.64	review (uncertain abstention)	940	3.948e-05
diagnoses - secondary icd10: z37.0 single live birth	ICD-10 diagnosis (secondary)	1	none_suitable		0.94	0.91	no suitable term	926	3.8892e-05
diagnoses - secondary icd10: z50.1 other physical therapy	ICD-10 diagnosis (secondary)	1	none_suitable		1.0	1.0	no suitable term	804	3.3768000000000006e-05
diagnoses - secondary icd10: z51.0 radiotherapy session	ICD-10 diagnosis (secondary)	1	none_suitable		0.93	0.86	no suitable term	906	3.8052e-05
diagnoses - secondary icd10: z51.1 chemotherapy session for neoplasm	ICD-10 diagnosis (secondary)	1	none_suitable		0.92	0.85	no suitable term	1043	4.380600000000001e-05
diagnoses - secondary icd10: z51.2 other chemotherapy	ICD-10 diagnosis (secondary)	1	none_suitable		0.98	0.97	no suitable term	1036	4.3512000000000006e-05
diagnoses - secondary icd10: z51.5 palliative care	ICD-10 diagnosis (secondary)	1	none_suitable		1.0	1.0	no suitable term	885	3.7170000000000005e-05
diagnoses - secondary icd10: z53.0 procedure not carried out because of contraindication	ICD-10 diagnosis (secondary)	1	none_suitable		1.0	1.0	no suitable term	989	4.153800000000001e-05
diagnoses - secondary icd10: z53.2 procedure not carried out because of patient's decision for other and unspecified reasons	ICD-10 diagnosis (secondary)	1	none_suitable		1.0	1.0	no suitable term	964	4.0488e-05
diagnoses - secondary icd10: z53.8 procedure not carried out for other reasons	ICD-10 diagnosis (secondary)	1	none_suitable		0.95	0.9	no suitable term	1015	4.2630000000000004e-05
diagnoses - secondary icd10: z53.9 procedure not carried out, unspecified reason	ICD-10 diagnosis (secondary)	1	none_suitable		0.99	0.98	no suitable term	982	4.1244e-05
diagnoses - secondary icd10: z60.2 living alone	ICD-10 diagnosis (secondary)	1	EFO:0009696	social deprivation	0.53	0.06	review (uncertain pick)	900	3.7800000000000004e-05
diagnoses - secondary icd10: z72.0 tobacco use	ICD-10 diagnosis (secondary)	1	EFO:0004318	smoking behavior	0.6	0.41	review (uncertain pick)	791	3.3222e-05
diagnoses - secondary icd10: z72.1 alcohol use	ICD-10 diagnosis (secondary)	1	none_suitable		0.31	0.08	review (uncertain abstention)	858	3.6036000000000005e-05
diagnoses - secondary icd10: z80.0 family history of malignant neoplasm of digestive organs	ICD-10 diagnosis (secondary)	1	EFO:0008346	family history of upper gastrointestinal cancer	0.61	0.39	review (uncertain pick)	906	3.8052e-05
diagnoses - secondary icd10: z80.3 family history of malignant neoplasm of breast	ICD-10 diagnosis (secondary)	1	EFO:0005606	family history of breast cancer	1.0	1.0	auto-accepted	910	3.822e-05
diagnoses - secondary icd10: z82.4 family history of ischaemic heart disease and other diseases of the circulatory system	ICD-10 diagnosis (secondary)	1	EFO:0900005	family history of heart disease	0.86	0.72	auto-accepted	947	3.9774e-05
diagnoses - secondary icd10: z85.0 personal history of malignant neoplasm of digestive organs	ICD-10 diagnosis (secondary)	1	none_suitable		0.83	0.71	review (uncertain abstention)	918	3.8556e-05
diagnoses - secondary icd10: z85.3 personal history of malignant neoplasm of breast	ICD-10 diagnosis (secondary)	1	none_suitable		0.65	0.3	review (uncertain abstention)	985	4.137e-05
diagnoses - secondary icd10: z85.4 personal history of malignant neoplasm of genital organs	ICD-10 diagnosis (secondary)	1	none_suitable		0.72	0.47	review (uncertain abstention)	976	4.0992e-05
diagnoses - secondary icd10: z85.5 personal history of malignant neoplasm of urinary tract	ICD-10 diagnosis (secondary)	1	none_suitable		0.87	0.75	no suitable term	920	3.864e-05
diagnoses - secondary icd10: z85.8 personal history of malignant neoplasms of other organs and systems	ICD-10 diagnosis (secondary)	1	none_suitable		0.96	0.94	no suitable term	1040	4.368e-05
diagnoses - secondary icd10: z86.0 personal history of other neoplasms	ICD-10 diagnosis (secondary)	1	none_suitable		0.97	0.95	no suitable term	924	3.8808000000000005e-05
diagnoses - secondary icd10: z86.1 personal history of infectious and parasitic diseases	ICD-10 diagnosis (secondary)	1	none_suitable		0.95	0.9	no suitable term	1046	4.3932000000000006e-05
diagnoses - secondary icd10: z86.4 personal history of psychoactive substance abuse	ICD-10 diagnosis (secondary)	1	none_suitable		0.5758	0.1818	review (uncertain abstention)	884	3.7128e-05
diagnoses - secondary icd10: z86.6 personal history of diseases of the nervous system and sense organs	ICD-10 diagnosis (secondary)	1	none_suitable		0.94	0.88	no suitable term	940	3.948e-05
diagnoses - secondary icd10: z86.7 personal history of diseases of the circulatory system	ICD-10 diagnosis (secondary)	1	none_suitable		0.82	0.64	review (uncertain abstention)	975	4.095e-05
diagnoses - secondary icd10: z87.1 personal history of diseases of the digestive system	ICD-10 diagnosis (secondary)	1	none_suitable		0.85	0.75	no suitable term	919	3.8598000000000006e-05
diagnoses - secondary icd10: z87.3 personal history of diseases of the musculoskeletal system and connective tissue	ICD-10 diagnosis (secondary)	1	none_suitable		0.8283	0.6667	review (uncertain abstention)	998	4.1916e-05
diagnoses - secondary icd10: z87.4 personal history of diseases of the genito-urinary system	ICD-10 diagnosis (secondary)	1	none_suitable		0.7	0.4	review (uncertain abstention)	920	3.864e-05
diagnoses - secondary icd10: z88.0 personal history of allergy to penicillin	ICD-10 diagnosis (secondary)	1	none_suitable		0.41	0.09	review (uncertain abstention)	950	3.99e-05
diagnoses - secondary icd10: z88.1 personal history of allergy to other antibiotic agents	ICD-10 diagnosis (secondary)	1	MONDO:0000775	drug allergy	0.58	0.24	review (uncertain pick)	995	4.1790000000000005e-05
diagnoses - secondary icd10: z88.6 personal history of allergy to analgesic agent	ICD-10 diagnosis (secondary)	1	MONDO:0000775	drug allergy	0.78	0.56	review (uncertain pick)	1003	4.2126e-05
diagnoses - secondary icd10: z88.8 personal history of allergy to other drugs, medicaments and biological substances	ICD-10 diagnosis (secondary)	1	MONDO:0000775	drug allergy	0.8	0.6	review (uncertain pick)	1014	4.2588e-05
diagnoses - secondary icd10: z90.1 acquired absence of breast(s)	ICD-10 diagnosis (secondary)	1	none_suitable		0.96	0.94	no suitable term	1005	4.2210000000000004e-05
diagnoses - secondary icd10: z90.4 acquired absence of other parts of digestive tract	ICD-10 diagnosis (secondary)	1	none_suitable		0.98	0.97	no suitable term	876	3.6792e-05
diagnoses - secondary icd10: z90.7 acquired absence of genital organ(s)	ICD-10 diagnosis (secondary)	1	none_suitable		0.79	0.68	review (uncertain abstention)	927	3.8934000000000004e-05
diagnoses - secondary icd10: z91.0 personal history of allergy, other than to drugs and biological substances	ICD-10 diagnosis (secondary)	1	none_suitable		0.54	0.28	review (uncertain abstention)	960	4.032e-05
diagnoses - secondary icd10: z92.1 personal history of long-term (current) use of anticoagulants	ICD-10 diagnosis (secondary)	1	EFO:0009925	Antithrombotic agent use measurement	0.78	0.56	review (uncertain pick)	917	3.8514e-05
diagnoses - secondary icd10: z92.2 personal history of long-term (current) use of other medicaments	ICD-10 diagnosis (secondary)	1	none_suitable		0.95	0.91	no suitable term	970	4.0740000000000006e-05
diagnoses - secondary icd10: z92.3 personal history of irradiation	ICD-10 diagnosis (secondary)	1	none_suitable		1.0	1.0	no suitable term	870	3.654e-05
diagnoses - secondary icd10: z92.4 personal history of major surgery, not elsewhere classified	ICD-10 diagnosis (secondary)	1	EFO:0009789	encounter with health service related to previous surgical history	0.7	0.4	review (uncertain pick)	966	4.0572000000000004e-05
diagnoses - secondary icd10: z95.0 presence of cardiac pacemaker	ICD-10 diagnosis (secondary)	1	EFO:0009719	artificial cardiac pacemaker	0.75	0.56	review (uncertain pick)	953	4.0026e-05
diagnoses - secondary icd10: z95.1 presence of aortocoronary bypass graft	ICD-10 diagnosis (secondary)	1	EFO:0003776	coronary artery bypass	0.69	0.38	review (uncertain pick)	993	4.1706000000000004e-05
diagnoses - secondary icd10: z95.5 presence of coronary angioplasty implant and graft	ICD-10 diagnosis (secondary)	1	none_suitable		0.63	0.33	review (uncertain abstention)	984	4.132800000000001e-05
diagnoses - secondary icd10: z95.8 presence of other cardiac and vascular implants and grafts	ICD-10 diagnosis (secondary)	1	none_suitable		0.84	0.69	review (uncertain abstention)	877	3.6834e-05
diagnoses - secondary icd10: z96.1 presence of intraocular lens	ICD-10 diagnosis (secondary)	1	none_suitable		0.99	0.98	no suitable term	891	3.7422e-05
diagnoses - secondary icd10: z96.6 presence of orthopaedic joint implants	ICD-10 diagnosis (secondary)	1	none_suitable		0.97	0.95	no suitable term	925	3.885e-05
diagnoses - secondary icd10: z98.0 intestinal bypass and anastomosis status	ICD-10 diagnosis (secondary)	1	none_suitable		0.51	0.27	review (uncertain abstention)	1133	4.7586e-05
diastolic blood pressure, automated reading	Other measurement / questionnaire	1	EFO:0006336	diastolic blood pressure	0.99	0.98	auto-accepted	919	3.8598000000000006e-05
diastolic blood pressure, manual reading	Other measurement / questionnaire	1	EFO:0006336	diastolic blood pressure	0.98	0.96	auto-accepted	919	3.8598000000000006e-05
difference in mobile phone use compared to two years previously	Other measurement / questionnaire	1	none_suitable		1.0	1.0	no suitable term	942	3.9564e-05
difficulty not smoking for 1 day	Other measurement / questionnaire	1	none_suitable		0.53	0.08	review (uncertain abstention)	854	3.5868e-05
distance between home and job workplace	Sociodemographic / environment	1	none_suitable		0.98	0.96	no suitable term	896	3.7632e-05
doctor diagnosed asthma	Other measurement / questionnaire	1	HP:0002099	Asthma	0.92	0.84	auto-accepted	911	3.8262e-05
doctor diagnosed chronic bronchitis	Other measurement / questionnaire	1	MONDO:0005607	chronic bronchitis	0.96	0.92	auto-accepted	956	4.0152000000000005e-05
doctor diagnosed copd (chronic obstructive pulmonary disease)	Other measurement / questionnaire	1	MONDO:0005002	chronic obstructive pulmonary disease	0.93	0.87	auto-accepted	955	4.011e-05
doctor diagnosed hayfever or allergic rhinitis	Other measurement / questionnaire	1	MONDO:0011786	allergic rhinitis	0.95	0.91	auto-accepted	978	4.1076e-05
doctor restricts physical activity due to heart condition	Physical activity / lifestyle	1	none_suitable		0.97	0.95	no suitable term	936	3.9312e-05
double crust pastry intake	Diet and supplements	1	none_suitable		1.0	1.0	no suitable term	833	3.4986e-05
doughnut intake	Diet and supplements	1	none_suitable		0.98	0.96	no suitable term	841	3.5322e-05
dried fruit added to cereal	Diet and supplements	1	none_suitable		1.0	1.0	no suitable term	1140	4.788e-05
dried fruit intake	Diet and supplements	2	none_suitable		1.0	1.0	no suitable term	839	3.5238000000000004e-05
drinking water intake	Diet and supplements	1	EFO:0004315	drinking behavior	0.91	0.86	auto-accepted	889	3.7338e-05
drive faster than motorway speed limit	Other measurement / questionnaire	1	none_suitable		0.96	0.94	no suitable term	840	3.528e-05
duration of fitness test	Physical activity / lifestyle	1	EFO:0000433	duration	0.47	0.13	review (uncertain pick)	822	3.4524000000000004e-05
duration of heavy diy	Physical activity / lifestyle	1	none_suitable		0.83	0.72	review (uncertain abstention)	822	3.4524000000000004e-05
duration of light diy	Physical activity / lifestyle	1	EFO:0000568	light	0.31	0.08	review (uncertain pick)	839	3.5238000000000004e-05
duration of moderate activity	Physical activity / lifestyle	1	EFO:0008002	physical activity measurement	0.5	0.09	review (uncertain pick)	845	3.549000000000001e-05
duration of other exercises	Physical activity / lifestyle	1	none_suitable		0.72	0.6	review (uncertain abstention)	808	3.3936e-05
duration of questionnaire	Physical activity / lifestyle	1	EFO:0000433	duration	0.67	0.35	review (uncertain pick)	884	3.7128e-05
duration of strenuous sports	Physical activity / lifestyle	1	none_suitable		0.48	0.23	review (uncertain abstention)	836	3.5112000000000005e-05
duration of vigorous activity	Physical activity / lifestyle	1	EFO:0008002	physical activity measurement	0.38	0.03	review (uncertain pick)	823	3.4566e-05
duration of walks	Physical activity / lifestyle	1	none_suitable		0.58	0.25	review (uncertain abstention)	815	3.423e-05
duration screen displayed	Physical activity / lifestyle	1	none_suitable		0.78	0.59	review (uncertain abstention)	881	3.7002e-05
duration to complete alphanumeric path (trail #2)	Physical activity / lifestyle	1	none_suitable		0.57	0.14	review (uncertain abstention)	951	3.9942000000000005e-05
duration to complete numeric path (trail #1)	Physical activity / lifestyle	1	EFO:0000433	duration	0.58	0.16	review (uncertain pick)	801	3.3642e-05
duration to entering value	Physical activity / lifestyle	1	none_suitable		0.49	0.06	review (uncertain abstention)	877	3.6834e-05
duration to first press of snap-button in each round	Physical activity / lifestyle	1	EFO:0008393	reaction time measurement	0.92	0.86	auto-accepted	854	3.5868e-05
duration walking for pleasure	Physical activity / lifestyle	1	none_suitable		0.86	0.78	no suitable term	872	3.662400000000001e-05
ease of skin tanning	Other measurement / questionnaire	1	none_suitable		0.91	0.85	no suitable term	792	3.3264e-05
ecg, heart rate	Other measurement / questionnaire	1	OBA:1001087	heart rate	0.64	0.39	review (uncertain pick)	914	3.8388e-05
ecg, load	Other measurement / questionnaire	1	none_suitable		0.87	0.8	no suitable term	993	4.1706000000000004e-05
ecg, number of stages in a phase	Other measurement / questionnaire	1	none_suitable		0.91	0.88	no suitable term	907	3.8094000000000005e-05
ecg, phase duration	Other measurement / questionnaire	1	none_suitable		0.72	0.61	review (uncertain abstention)	935	3.927e-05
ecg, phase time	Other measurement / questionnaire	1	none_suitable		0.75	0.59	review (uncertain abstention)	883	3.7086000000000004e-05
egg consumers	Diet and supplements	1	none_suitable		0.76	0.53	review (uncertain abstention)	919	3.8598000000000006e-05
eggs in sandwiches intake	Diet and supplements	1	none_suitable		1.0	1.0	no suitable term	843	3.5406e-05
energy	Other measurement / questionnaire	1	none_suitable		0.8	0.73	review (uncertain abstention)	843	3.5406e-05
englyst dietary fibre	Diet and supplements	1	EFO:0020088	dietary fiber intake measurement	0.87	0.74	auto-accepted	872	3.662400000000001e-05
errors before selecting correct item in alphanumeric path (trail #2)	Other measurement / questionnaire	1	none_suitable		0.99	0.98	no suitable term	919	3.8598000000000006e-05
errors before selecting correct item in numeric path (trail #1)	Other measurement / questionnaire	1	none_suitable		1.0	1.0	no suitable term	852	3.5784e-05
espresso intake	Diet and supplements	1	EFO:0006781	coffee consumption measurement	0.66	0.45	review (uncertain pick)	846	3.5532e-05
ever depressed for a whole week	Other measurement / questionnaire	1	none_suitable		0.64	0.46	review (uncertain abstention)	891	3.7422e-05
ever had bowel cancer screening	Other measurement / questionnaire	1	EFO:0021523	examination for neoplasm	0.8	0.6	review (uncertain pick)	926	3.8892e-05
ever had breast cancer screening / mammogram	Other measurement / questionnaire	1	none_suitable		1.0	1.0	no suitable term	844	3.5448000000000003e-05
ever had cervical smear test	Other measurement / questionnaire	1	none_suitable		0.99	0.98	no suitable term	1012	4.2504000000000005e-05
ever had eye surgery	Other measurement / questionnaire	1	EFO:0010722	ophthalmic procedure	0.87	0.74	auto-accepted	846	3.5532e-05
ever had hysterectomy (womb removed)	Other measurement / questionnaire	1	EFO:0003881	hysterectomy	0.94	0.89	auto-accepted	890	3.738e-05
ever had prostate specific antigen (psa) test	Other measurement / questionnaire	1	none_suitable		0.99	0.98	no suitable term	862	3.6204e-05
ever had same-sex intercourse	Other measurement / questionnaire	1	none_suitable		0.65	0.51	review (uncertain abstention)	993	4.1706000000000004e-05
ever had stillbirth, spontaneous miscarriage or termination	Other measurement / questionnaire	1	none_suitable		0.76	0.61	review (uncertain abstention)	939	3.9438e-05
ever highly irritable/argumentative for 2 days	Other measurement / questionnaire	1	HP:0000737	Irritability	0.81	0.63	review (uncertain pick)	972	4.0824e-05
ever manic/hyper for 2 days	Other measurement / questionnaire	1	EFO:0007706	manic or hypomanic episode	0.89	0.84	auto-accepted	980	4.116e-05
ever smoked	Other measurement / questionnaire	1	EFO:0006527	smoking status measurement	0.99	0.98	auto-accepted	804	3.3768000000000006e-05
ever stopped smoking for 6+ months	Other measurement / questionnaire	1	EFO:0004319	smoking cessation	0.95	0.92	auto-accepted	892	3.7464e-05
ever taken oral contraceptive pill	Other measurement / questionnaire	1	none_suitable		0.72	0.5	review (uncertain abstention)	967	4.0614e-05
ever tried to stop smoking	Other measurement / questionnaire	1	EFO:0004319	smoking cessation	0.72	0.47	review (uncertain pick)	870	3.654e-05
ever unenthusiastic/disinterested for a whole week	Other measurement / questionnaire	1	HP:0000741	Apathy	0.8182	0.6869	review (uncertain pick)	973	4.0866000000000005e-05
ever used hormone-replacement therapy (hrt)	Other measurement / questionnaire	1	EFO:0003961	hormone replacement therapy	0.86	0.73	auto-accepted	877	3.6834e-05
exposure to tobacco smoke at home	Other measurement / questionnaire	1	EFO:0008361	environmental tobacco smoke exposure measurement	0.51	0.24	review (uncertain pick)	810	3.402e-05
exposure to tobacco smoke outside home	Other measurement / questionnaire	1	EFO:0008361	environmental tobacco smoke exposure measurement	0.6869	0.5455	review (uncertain pick)	799	3.3558e-05
external causes: w01.9 unspecified place	Other measurement / questionnaire	1	none_suitable		0.88	0.76	no suitable term	828	3.4776e-05
external causes: w19.9 unspecified place	Other measurement / questionnaire	1	none_suitable		0.9	0.8	no suitable term	825	3.465e-05
external causes: x59.9 unspecified place	Other measurement / questionnaire	1	none_suitable		1.0	1.0	no suitable term	908	3.8136e-05
external causes: y83.1 surgical operation with implant of artificial internal device	Other measurement / questionnaire	1	none_suitable		0.83	0.74	review (uncertain abstention)	995	4.1790000000000005e-05
external causes: y83.2 surgical operation with anastomosis, bypass or graft	Other measurement / questionnaire	1	none_suitable		0.83	0.75	review (uncertain abstention)	1045	4.389e-05
external causes: y83.6 removal of other organ (partial) (total)	Other measurement / questionnaire	1	EFO:0009744	surgical resection	0.84	0.7	review (uncertain pick)	883	3.7086000000000004e-05
external causes: y83.8 other surgical procedures	Other measurement / questionnaire	1	none_suitable		0.87	0.81	no suitable term	931	3.9102e-05
eye problems/disorders: cataract	Self-reported condition or symptom	1	HP:0000518	Cataract	0.95	0.9	auto-accepted	858	3.6036000000000005e-05
eye problems/disorders: diabetes related eye disease	Self-reported condition or symptom	1	EFO:0009486	diabetic eye disease	0.96	0.92	auto-accepted	904	3.7968e-05
eye problems/disorders: glaucoma	Self-reported condition or symptom	1	MONDO:0005041	glaucoma	0.8283	0.6667	review (uncertain pick)	981	4.120200000000001e-05
eye problems/disorders: injury or trauma resulting in loss of vision	Self-reported condition or symptom	1	EFO:0009485	eye injury	0.65	0.48	review (uncertain pick)	884	3.7128e-05
eye problems/disorders: macular degeneration	Self-reported condition or symptom	1	MONDO:0003004	macular degeneration	0.42	0.1	review (uncertain pick)	925	3.885e-05
eye problems/disorders: none of the above	Self-reported condition or symptom	1	none_suitable		0.72	0.52	review (uncertain abstention)	880	3.6960000000000005e-05
eye problems/disorders: other serious eye condition	Self-reported condition or symptom	1	MONDO:0005328	eye disorder	0.7	0.43	review (uncertain pick)	910	3.822e-05
facial ageing	Other measurement / questionnaire	1	none_suitable		0.51	0.21	review (uncertain abstention)	965	4.053000000000001e-05
falls in the last year	Other measurement / questionnaire	1	EFO:0009631	fall	0.62	0.41	review (uncertain pick)	860	3.612e-05
family relationship satisfaction	Other measurement / questionnaire	1	none_suitable		0.86	0.74	no suitable term	824	3.4608e-05
fasting time	Other measurement / questionnaire	1	EFO:0002756	fasting	0.6667	0.3939	review (uncertain pick)	852	3.5784e-05
fat	Other measurement / questionnaire	1	none_suitable		0.58	0.41	review (uncertain abstention)	818	3.4356e-05
fat removed from meat	Other measurement / questionnaire	1	none_suitable		0.95	0.92	no suitable term	873	3.6666000000000004e-05
father still alive	Other measurement / questionnaire	1	none_suitable		0.73	0.58	review (uncertain abstention)	847	3.5574e-05
father's age	Other measurement / questionnaire	1	none_suitable		0.9	0.84	no suitable term	846	3.5532e-05
father's age at death	Other measurement / questionnaire	1	EFO:0009712	father's age at death	0.99	0.98	auto-accepted	834	3.5028000000000004e-05
fed-up feelings	Other measurement / questionnaire	1	EFO:0009588	"feeling \""fed-up\"" measurement"	0.98	0.96	auto-accepted	911	3.8262e-05
feta intake	Diet and supplements	1	none_suitable		0.97	0.95	no suitable term	834	3.5028000000000004e-05
fi1 : numeric addition test	Other measurement / questionnaire	1	none_suitable		0.96	0.92	no suitable term	924	3.8808000000000005e-05
filtered coffee intake	Diet and supplements	1	EFO:0004330	coffee consumption	0.34	0.06	review (uncertain pick)	807	3.3894000000000004e-05
financial situation satisfaction	Other measurement / questionnaire	1	EFO:0009726	financial situation satisfaction measurement	0.99	0.98	auto-accepted	826	3.4692000000000006e-05
fish consumer	Diet and supplements	1	EFO:0010139	fish consumption measurement	0.83	0.67	review (uncertain pick)	897	3.7674000000000006e-05
fizzy drink intake	Diet and supplements	1	none_suitable		0.89	0.78	no suitable term	837	3.5154e-05
flavoured milk intake	Diet and supplements	1	none_suitable		0.97	0.95	no suitable term	860	3.612e-05
fluid intelligence score	Other measurement / questionnaire	1	EFO:0004337	intelligence	0.76	0.52	review (uncertain pick)	863	3.6246000000000005e-05
folate	Other measurement / questionnaire	1	OBA:1001015	folic acid level	0.51	0.22	review (uncertain pick)	985	4.137e-05
food weight	Other measurement / questionnaire	1	none_suitable		0.97	0.94	no suitable term	792	3.3264e-05
forced expiratory volume in 1-second (fev1)	Other measurement / questionnaire	1	EFO:0004314	forced expiratory volume	0.99	0.98	auto-accepted	940	3.948e-05
forced expiratory volume in 1-second (fev1), best measure	Other measurement / questionnaire	1	EFO:0004314	forced expiratory volume	0.98	0.96	auto-accepted	942	3.9564e-05
forced expiratory volume in 1-second (fev1), predicted	Other measurement / questionnaire	1	EFO:0004314	forced expiratory volume	0.74	0.48	review (uncertain pick)	926	3.8892e-05
forced expiratory volume in 1-second (fev1), predicted percentage	Other measurement / questionnaire	1	EFO:0004314	forced expiratory volume	0.73	0.46	review (uncertain pick)	929	3.9018000000000005e-05
forced vital capacity (fvc)	Other measurement / questionnaire	1	none_suitable		0.49	0.06	review (uncertain abstention)	965	4.053000000000001e-05
forced vital capacity (fvc), best measure	Other measurement / questionnaire	1	EFO:0004312	vital capacity	0.58	0.24	review (uncertain pick)	995	4.1790000000000005e-05
former alcohol drinker	Diet and supplements	1	none_suitable		0.9	0.83	no suitable term	773	3.2466000000000004e-05
fortified wine intake	Diet and supplements	1	none_suitable		1.0	1.0	no suitable term	837	3.5154e-05
fracture resulting from simple fall	Other measurement / questionnaire	1	none_suitable		0.76	0.58	review (uncertain abstention)	956	4.0152000000000005e-05
fractured bone site(s): ankle	Self-reported condition or symptom	1	EFO:0009615	ankle fracture	0.98	0.96	auto-accepted	865	3.633e-05
fractured bone site(s): arm	Self-reported condition or symptom	1	EFO:0009514	upper extremity fracture	0.96	0.93	auto-accepted	860	3.612e-05
fractured bone site(s): leg	Self-reported condition or symptom	1	EFO:0009512	lower extremity fracture	0.97	0.94	auto-accepted	897	3.7674000000000006e-05
fractured bone site(s): other bones	Self-reported condition or symptom	1	MONDO:0005315	bone fracture	0.76	0.52	review (uncertain pick)	787	3.3054000000000006e-05
fractured bone site(s): spine	Self-reported condition or symptom	1	MONDO:0005309	spinal fracture	0.92	0.85	auto-accepted	937	3.9354e-05
fractured bone site(s): wrist	Self-reported condition or symptom	1	EFO:0009515	wrist fracture	0.96	0.93	auto-accepted	875	3.6750000000000006e-05
fractured heel	Self-reported condition or symptom	1	EFO:0009618	foot fracture	0.83	0.66	review (uncertain pick)	871	3.6582e-05
fractured heel (left)	Self-reported condition or symptom	1	EFO:0009618	foot fracture	0.58	0.17	review (uncertain pick)	894	3.754800000000001e-05
fractured heel (right)	Self-reported condition or symptom	1	EFO:0009618	foot fracture	0.56	0.13	review (uncertain pick)	924	3.8808000000000005e-05
fractured/broken bones in last 5 years	Self-reported condition or symptom	1	MONDO:0005315	bone fracture	0.83	0.68	review (uncertain pick)	883	3.7086000000000004e-05
frequency of depressed mood in last 2 weeks	Other measurement / questionnaire	1	EFO:0007704	depressive episode measurement	0.81	0.63	review (uncertain pick)	919	3.8598000000000006e-05
frequency of friend/family visits	Other measurement / questionnaire	1	none_suitable		0.98	0.96	no suitable term	822	3.4524000000000004e-05
frequency of heavy diy in last 4 weeks	Other measurement / questionnaire	1	none_suitable		0.98	0.96	no suitable term	862	3.6204e-05
frequency of light diy in last 4 weeks	Other measurement / questionnaire	1	none_suitable		0.5657	0.303	review (uncertain abstention)	894	3.754800000000001e-05
frequency of other exercises in last 4 weeks	Other measurement / questionnaire	1	EFO:0008002	physical activity measurement	0.83	0.69	review (uncertain pick)	880	3.6960000000000005e-05
frequency of solarium/sunlamp use	Other measurement / questionnaire	1	none_suitable		0.87	0.74	no suitable term	870	3.654e-05
frequency of stair climbing in last 4 weeks	Other measurement / questionnaire	1	EFO:0008002	physical activity measurement	0.61	0.25	review (uncertain pick)	900	3.7800000000000004e-05
frequency of strenuous sports in last 4 weeks	Other measurement / questionnaire	1	EFO:0008002	physical activity measurement	0.78	0.65	review (uncertain pick)	884	3.7128e-05
frequency of tenseness / restlessness in last 2 weeks	Other measurement / questionnaire	1	EFO:0009596	feeling tense measurement	0.6768	0.4141	review (uncertain pick)	916	3.847200000000001e-05
frequency of tiredness / lethargy in last 2 weeks	Other measurement / questionnaire	1	HP:0012378	Fatigue	0.71	0.54	review (uncertain pick)	908	3.8136e-05
frequency of travelling from home to job workplace	Sociodemographic / environment	1	none_suitable		0.94	0.88	no suitable term	852	3.5784e-05
frequency of unenthusiasm / disinterest in last 2 weeks	Other measurement / questionnaire	1	HP:0000741	Apathy	0.82	0.68	review (uncertain pick)	962	4.0404e-05
frequency of walking for pleasure in last 4 weeks	Other measurement / questionnaire	1	EFO:0008002	physical activity measurement	0.53	0.18	review (uncertain pick)	878	3.6876000000000004e-05
fresh fruit intake	Diet and supplements	1	none_suitable		0.96	0.93	no suitable term	837	3.5154e-05
fresh tomato intake	Diet and supplements	1	none_suitable		0.93	0.87	no suitable term	790	3.3180000000000004e-05
fried potatoes intake	Diet and supplements	1	none_suitable		1.0	1.0	no suitable term	848	3.5616000000000006e-05
friendships satisfaction	Other measurement / questionnaire	1	EFO:0009725	friendship satisfaction measurement	0.97	0.94	auto-accepted	787	3.3054000000000006e-05
fruit consumers	Diet and supplements	1	none_suitable		0.85	0.7	no suitable term	986	4.1411999999999996e-05
fruit smoothie intake	Diet and supplements	1	none_suitable		1.0	1.0	no suitable term	844	3.5448000000000003e-05
fruitcake intake	Diet and supplements	1	none_suitable		1.0	1.0	no suitable term	839	3.5238000000000004e-05
garlic bread intake	Diet and supplements	1	none_suitable		1.0	1.0	no suitable term	843	3.5406e-05
garlic intake	Diet and supplements	1	none_suitable		1.0	1.0	no suitable term	814	3.4188000000000005e-05
gas or solid-fuel cooking/heating: a gas fire that you use regularly in winter time	Diet and supplements	1	none_suitable		0.98	0.97	no suitable term	971	4.0782000000000004e-05
gas or solid-fuel cooking/heating: a gas hob or gas cooker	Diet and supplements	1	none_suitable		1.0	1.0	no suitable term	978	4.1076e-05
gas or solid-fuel cooking/heating: an open solid fuel fire that you use regularly in winter time	Diet and supplements	1	none_suitable		0.99	0.98	no suitable term	971	4.0782000000000004e-05
gas or solid-fuel cooking/heating: none of the above	Diet and supplements	1	none_suitable		1.0	1.0	no suitable term	944	3.9648000000000004e-05
getting up in morning	Other measurement / questionnaire	1	EFO:0009817	ease of getting up in the morning, self-reported	0.9	0.82	auto-accepted	879	3.6918e-05
goat's cheese intake	Diet and supplements	1	none_suitable		1.0	1.0	no suitable term	834	3.5028000000000004e-05
grape intake	Diet and supplements	1	none_suitable		0.98	0.97	no suitable term	829	3.4818000000000004e-05
grapefruit intake	Diet and supplements	1	EFO:0020897	citrus intake measurement	0.42	0.06	review (uncertain pick)	898	3.7716e-05
grapefruit juice intake	Diet and supplements	1	EFO:0010094	grapefruit juice consumption measurement	0.99	0.98	auto-accepted	901	3.7842e-05
green bean intake	Diet and supplements	1	none_suitable		1.0	1.0	no suitable term	851	3.5742000000000004e-05
green tea intake	Diet and supplements	1	EFO:0010091	tea consumption measurement	0.95	0.9	auto-accepted	848	3.5616000000000006e-05
guilty feelings	Other measurement / questionnaire	1	EFO:0009595	guilt measurement	0.94	0.88	auto-accepted	918	3.8556e-05
had major operations	Other measurement / questionnaire	1	EFO:0009802	number of operations, self-reported	0.78	0.6	review (uncertain pick)	878	3.6876000000000004e-05
had menopause	Other measurement / questionnaire	1	GO:0042697	menopause	0.55	0.32	review (uncertain pick)	921	3.868200000000001e-05
had other major operations	Other measurement / questionnaire	1	EFO:0009802	number of operations, self-reported	0.5657	0.1818	review (uncertain pick)	864	3.6288e-05
ham intake	Diet and supplements	1	none_suitable		0.97	0.95	no suitable term	828	3.4776e-05
hand grip strength (left)	Other measurement / questionnaire	1	EFO:0006941	grip strength measurement	0.94	0.88	auto-accepted	934	3.9228000000000005e-05
hand grip strength (right)	Other measurement / questionnaire	1	EFO:0006941	grip strength measurement	0.95	0.9	auto-accepted	928	3.8976e-05
hands-free device/speakerphone use with mobile phone in last 3 month	Other measurement / questionnaire	1	none_suitable		1.0	1.0	no suitable term	911	3.8262e-05
happiness	Other measurement / questionnaire	1	none_suitable		0.6869	0.5455	review (uncertain abstention)	890	3.738e-05
hard cheese intake	Diet and supplements	1	none_suitable		1.0	1.0	no suitable term	838	3.5196e-05
headaches for 3+ months	Other measurement / questionnaire	1	HP:0002315	Headache	0.43	0.07	review (uncertain pick)	870	3.654e-05
health satisfaction	Other measurement / questionnaire	1	EFO:0009724	health satisfaction measurement	0.99	0.98	auto-accepted	813	3.4146e-05
hearing aid user	Other measurement / questionnaire	1	EFO:0009720	able to hear with hearing aids	0.55	0.1	review (uncertain pick)	856	3.5952000000000004e-05
hearing difficulty/problems with background noise	Self-reported condition or symptom	1	none_suitable		0.62	0.48	review (uncertain abstention)	890	3.738e-05
heating type(s) in home: electric storage heaters	Sociodemographic / environment	1	none_suitable		0.97	0.94	no suitable term	977	4.1034e-05
heating type(s) in home: gas central heating	Sociodemographic / environment	1	none_suitable		0.93	0.87	no suitable term	1000	4.2000000000000004e-05
heating type(s) in home: none of the above	Sociodemographic / environment	1	none_suitable		1.0	1.0	no suitable term	991	4.1621999999999996e-05
heating type(s) in home: oil (kerosene) central heating	Sociodemographic / environment	1	none_suitable		0.89	0.78	no suitable term	955	4.011e-05
heel bone mineral density (bmd)	Other measurement / questionnaire	1	EFO:0009270	heel bone mineral density	0.98	0.97	auto-accepted	829	3.4818000000000004e-05
heel bone mineral density (bmd) (left)	Other measurement / questionnaire	1	EFO:0009270	heel bone mineral density	0.97	0.94	auto-accepted	844	3.5448000000000003e-05
heel bone mineral density (bmd) (right)	Other measurement / questionnaire	1	EFO:0009270	heel bone mineral density	0.97	0.95	auto-accepted	832	3.4944e-05
heel bone mineral density (bmd) t-score, automated	Other measurement / questionnaire	1	EFO:0009270	heel bone mineral density	0.89	0.79	auto-accepted	900	3.7800000000000004e-05
heel bone mineral density (bmd) t-score, automated (left)	Other measurement / questionnaire	1	EFO:0009270	heel bone mineral density	0.86	0.73	auto-accepted	901	3.7842e-05
heel bone mineral density (bmd) t-score, automated (right)	Other measurement / questionnaire	1	EFO:0009270	heel bone mineral density	0.84	0.69	review (uncertain pick)	877	3.6834e-05
heel bone mineral density (bmd), manual entry	Other measurement / questionnaire	1	EFO:0009270	heel bone mineral density	0.98	0.97	auto-accepted	845	3.549000000000001e-05
heel bone ultrasound t-score, manual entry	Other measurement / questionnaire	1	EFO:0004514	bone quantitative ultrasound measurement	0.64	0.36	review (uncertain pick)	938	3.939600000000001e-05
heel broadband ultrasound attenuation (bua), manual entry	Other measurement / questionnaire	1	EFO:0004514	bone quantitative ultrasound measurement	0.91	0.83	auto-accepted	966	4.0572000000000004e-05
heel broadband ultrasound attenuation (left)	Other measurement / questionnaire	1	EFO:0004514	bone quantitative ultrasound measurement	0.78	0.57	review (uncertain pick)	964	4.0488e-05
heel broadband ultrasound attenuation (right)	Other measurement / questionnaire	1	EFO:0004514	bone quantitative ultrasound measurement	0.73	0.47	review (uncertain pick)	994	4.174800000000001e-05
heel broadband ultrasound attenuation, direct entry	Other measurement / questionnaire	1	EFO:0004514	bone quantitative ultrasound measurement	0.8182	0.6566	review (uncertain pick)	987	4.145400000000001e-05
heel quantitative ultrasound index (qui), direct entry	Other measurement / questionnaire	1	EFO:0004514	bone quantitative ultrasound measurement	0.8182	0.6869	review (uncertain pick)	972	4.0824e-05
heel quantitative ultrasound index (qui), direct entry (left)	Other measurement / questionnaire	1	none_suitable		0.83	0.7	review (uncertain abstention)	999	4.195800000000001e-05
heel quantitative ultrasound index (qui), direct entry (right)	Other measurement / questionnaire	1	EFO:0004514	bone quantitative ultrasound measurement	0.79	0.61	review (uncertain pick)	944	3.9648000000000004e-05
heel quantitative ultrasound index (qui), manual entry	Other measurement / questionnaire	1	EFO:0004514	bone quantitative ultrasound measurement	0.87	0.77	auto-accepted	951	3.9942000000000005e-05
herbal tea intake	Diet and supplements	1	EFO:0010091	tea consumption measurement	0.72	0.44	review (uncertain pick)	851	3.5742000000000004e-05
hip circumference	Other measurement / questionnaire	1	OBA:1000032	hip circumference	0.96	0.93	auto-accepted	852	3.5784e-05
hip pain for 3+ months	Self-reported condition or symptom	1	EFO:0022863	chronic hip pain	0.98	0.97	auto-accepted	899	3.7758e-05
home location at assessment - east co-ordinate (rounded)	Other measurement / questionnaire	1	none_suitable		0.77	0.54	review (uncertain abstention)	915	3.843e-05
home location at assessment - north co-ordinate (rounded)	Other measurement / questionnaire	1	none_suitable		0.8	0.6	review (uncertain abstention)	867	3.6414e-05
homemade soup intake	Diet and supplements	1	none_suitable		1.0	1.0	no suitable term	828	3.4776e-05
hot chocolate intake	Diet and supplements	1	none_suitable		0.99	0.98	no suitable term	850	3.57e-05
hot drink temperature	Other measurement / questionnaire	1	none_suitable		0.6	0.3	review (uncertain abstention)	897	3.7674000000000006e-05
how are people in household related to participant: brother and/or sister	Sociodemographic / environment	1	none_suitable		0.73	0.54	review (uncertain abstention)	990	4.1580000000000005e-05
how are people in household related to participant: grandchild	Sociodemographic / environment	1	none_suitable		0.72	0.45	review (uncertain abstention)	939	3.9438e-05
how are people in household related to participant: husband, wife or partner	Sociodemographic / environment	1	none_suitable		0.84	0.68	review (uncertain abstention)	945	3.969e-05
how are people in household related to participant: mother and/or father	Sociodemographic / environment	1	EFO:0004424	family relationship	0.69	0.4	review (uncertain pick)	988	4.1496e-05
how are people in household related to participant: other related	Sociodemographic / environment	1	none_suitable		0.81	0.64	review (uncertain abstention)	896	3.7632e-05
how are people in household related to participant: other unrelated	Sociodemographic / environment	1	none_suitable		0.96	0.93	no suitable term	866	3.6372000000000003e-05
how are people in household related to participant: son and/or daughter (include step-children)	Sociodemographic / environment	1	none_suitable		0.64	0.3	review (uncertain abstention)	1000	4.2000000000000004e-05
ice-cream intake	Diet and supplements	1	none_suitable		0.99	0.98	no suitable term	841	3.5322e-05
illness, injury, bereavement, stress in last 2 years: death of a close relative	Other measurement / questionnaire	1	none_suitable		0.86	0.73	no suitable term	929	3.9018000000000005e-05
illness, injury, bereavement, stress in last 2 years: death of a spouse or partner	Other measurement / questionnaire	1	none_suitable		0.93	0.86	no suitable term	972	4.0824e-05
illness, injury, bereavement, stress in last 2 years: financial difficulties	Other measurement / questionnaire	1	EFO:0007781	stressful life event measurement	0.91	0.83	auto-accepted	967	4.0614e-05
illness, injury, bereavement, stress in last 2 years: marital separation/divorce	Other measurement / questionnaire	1	EFO:0006783	psychosocial stress measurement	0.7	0.45	review (uncertain pick)	956	4.0152000000000005e-05
illness, injury, bereavement, stress in last 2 years: none of the above	Other measurement / questionnaire	1	EFO:0007781	stressful life event measurement	0.8	0.6	review (uncertain pick)	1001	4.2042e-05
illness, injury, bereavement, stress in last 2 years: serious illness, injury or assault of a close relative	Other measurement / questionnaire	1	EFO:0007781	stressful life event measurement	0.93	0.87	auto-accepted	996	4.1832e-05
illness, injury, bereavement, stress in last 2 years: serious illness, injury or assault to yourself	Other measurement / questionnaire	1	none_suitable		0.99	0.98	no suitable term	943	3.960600000000001e-05
illnesses of father: alzheimer's disease/dementia	Family history	1	EFO:0009268	family history of Alzheimer’s disease	0.91	0.85	auto-accepted	952	3.9984e-05
illnesses of father: bowel cancer	Family history	1	MONDO:0005575	colorectal cancer	0.41	0.13	review (uncertain pick)	856	3.5952000000000004e-05
illnesses of father: chronic bronchitis/emphysema	Family history	1	none_suitable		0.5	0.23	review (uncertain abstention)	942	3.9564e-05
illnesses of father: diabetes	Family history	1	EFO:0900004	family history of diabetes	0.95	0.91	auto-accepted	926	3.8892e-05
illnesses of father: heart disease	Family history	1	EFO:0900005	family history of heart disease	0.92	0.86	auto-accepted	940	3.948e-05
illnesses of father: high blood pressure	Family history	1	EFO:0900006	family history of high blood pressure	0.86	0.79	auto-accepted	856	3.5952000000000004e-05
illnesses of father: lung cancer	Family history	1	EFO:0006953	family history of lung cancer	0.95	0.92	auto-accepted	892	3.7464e-05
illnesses of father: none of the above (group 1)	Family history	1	none_suitable		1.0	1.0	no suitable term	1011	4.2462e-05
illnesses of father: none of the above (group 2)	Family history	1	none_suitable		0.99	0.98	no suitable term	1016	4.2672e-05
illnesses of father: parkinson's disease	Family history	1	MONDO:0005180	Parkinson disease	0.54	0.09	review (uncertain pick)	913	3.8346e-05
illnesses of father: prostate cancer	Family history	1	EFO:0600083	family history of prostate cancer	0.92	0.89	auto-accepted	916	3.847200000000001e-05
illnesses of father: severe depression	Family history	1	MONDO:0002009	major depressive disorder	0.5	0.11	review (uncertain pick)	852	3.5784e-05
illnesses of father: stroke	Family history	1	MONDO:0005098	stroke disorder	0.53	0.06	review (uncertain pick)	951	3.9942000000000005e-05
illnesses of mother: alzheimer's disease/dementia	Family history	1	EFO:0009268	family history of Alzheimer’s disease	0.88	0.82	auto-accepted	952	3.9984e-05
illnesses of mother: bowel cancer	Family history	1	EFO:0009640	family history of cancer	0.54	0.11	review (uncertain pick)	890	3.738e-05
illnesses of mother: breast cancer	Family history	1	EFO:0005606	family history of breast cancer	0.85	0.75	auto-accepted	894	3.754800000000001e-05
illnesses of mother: chronic bronchitis/emphysema	Family history	1	none_suitable		0.38	0.01	review (uncertain abstention)	952	3.9984e-05
illnesses of mother: diabetes	Family history	1	EFO:0900004	family history of diabetes	0.5	0.05	review (uncertain pick)	852	3.5784e-05
illnesses of mother: heart disease	Family history	1	EFO:0900005	family history of heart disease	0.85	0.77	auto-accepted	929	3.9018000000000005e-05
illnesses of mother: high blood pressure	Family history	1	EFO:0900006	family history of high blood pressure	0.75	0.63	review (uncertain pick)	892	3.7464e-05
illnesses of mother: lung cancer	Family history	1	EFO:0006953	family history of lung cancer	0.91	0.87	auto-accepted	874	3.6708e-05
illnesses of mother: none of the above (group 1)	Family history	1	none_suitable		0.99	0.98	no suitable term	1022	4.2924e-05
illnesses of mother: none of the above (group 2)	Family history	1	none_suitable		0.99	0.98	no suitable term	1017	4.2714e-05
illnesses of mother: parkinson's disease	Family history	1	MONDO:0005180	Parkinson disease	0.68	0.36	review (uncertain pick)	918	3.8556e-05
illnesses of mother: severe depression	Family history	1	EFO:0007634	major depressive episode	0.53	0.2	review (uncertain pick)	941	3.9522000000000005e-05
illnesses of mother: stroke	Family history	1	MONDO:0005098	stroke disorder	0.59	0.23	review (uncertain pick)	955	4.011e-05
illnesses of siblings: alzheimer's disease/dementia	Family history	1	EFO:0009268	family history of Alzheimer’s disease	0.87	0.76	auto-accepted	952	3.9984e-05
illnesses of siblings: bowel cancer	Family history	1	EFO:0009640	family history of cancer	0.36	0.1	review (uncertain pick)	889	3.7338e-05
illnesses of siblings: breast cancer	Family history	1	EFO:0005606	family history of breast cancer	0.97	0.95	auto-accepted	898	3.7716e-05
illnesses of siblings: chronic bronchitis/emphysema	Family history	1	none_suitable		0.54	0.15	review (uncertain abstention)	888	3.7296000000000003e-05
illnesses of siblings: diabetes	Family history	1	EFO:0900004	family history of diabetes	0.94	0.89	auto-accepted	856	3.5952000000000004e-05
illnesses of siblings: heart disease	Family history	1	EFO:0900005	family history of heart disease	0.91	0.84	auto-accepted	969	4.0698e-05
illnesses of siblings: high blood pressure	Family history	1	EFO:0900006	family history of high blood pressure	0.91	0.85	auto-accepted	874	3.6708e-05
illnesses of siblings: lung cancer	Family history	1	EFO:0006953	family history of lung cancer	0.98	0.96	auto-accepted	858	3.6036000000000005e-05
illnesses of siblings: none of the above (group 1)	Family history	1	none_suitable		0.56	0.13	review (uncertain abstention)	988	4.1496e-05
illnesses of siblings: none of the above (group 2)	Family history	1	none_suitable		0.62	0.25	review (uncertain abstention)	1007	4.2294000000000005e-05
illnesses of siblings: parkinson's disease	Family history	1	MONDO:0005180	Parkinson disease	0.59	0.19	review (uncertain pick)	913	3.8346e-05
illnesses of siblings: prostate cancer	Family history	1	EFO:0600083	family history of prostate cancer	0.93	0.91	auto-accepted	887	3.7254e-05
illnesses of siblings: severe depression	Family history	1	none_suitable		0.64	0.44	review (uncertain abstention)	852	3.5784e-05
illnesses of siblings: stroke	Family history	1	none_suitable		0.68	0.38	review (uncertain abstention)	951	3.9942000000000005e-05
impedance of arm (left)	Other measurement / questionnaire	1	none_suitable		0.99	0.98	no suitable term	858	3.6036000000000005e-05
impedance of arm (right)	Other measurement / questionnaire	1	none_suitable		0.99	0.98	no suitable term	903	3.7926e-05
impedance of leg (left)	Other measurement / questionnaire	1	none_suitable		1.0	1.0	no suitable term	920	3.864e-05
impedance of leg (right)	Other measurement / questionnaire	1	none_suitable		0.99	0.98	no suitable term	971	4.0782000000000004e-05
impedance of whole body	Other measurement / questionnaire	1	none_suitable		0.91	0.84	no suitable term	834	3.5028000000000004e-05
index of best refractometry result (left)	Other measurement / questionnaire	1	EFO:0007814	refractive error measurement	0.68	0.37	review (uncertain pick)	923	3.8766e-05
index of best refractometry result (right)	Other measurement / questionnaire	1	EFO:0007814	refractive error measurement	0.71	0.42	review (uncertain pick)	1014	4.2588e-05
indian snacks intake	Diet and supplements	1	none_suitable		1.0	1.0	no suitable term	818	3.4356e-05
ingredients in canned soup: vegetables	Other measurement / questionnaire	1	none_suitable		1.0	1.0	no suitable term	831	3.4902000000000006e-05
ingredients in homemade soup: vegetables	Other measurement / questionnaire	1	none_suitable		1.0	1.0	no suitable term	831	3.4902000000000006e-05
instant coffee intake	Diet and supplements	1	EFO:0006781	coffee consumption measurement	0.36	0.04	review (uncertain pick)	831	3.4902000000000006e-05
intake of artificial sweetener added to cereal	Diet and supplements	1	none_suitable		0.93	0.86	no suitable term	955	4.011e-05
intake of artificial sweetener added to coffee	Diet and supplements	1	none_suitable		0.55	0.13	review (uncertain abstention)	926	3.8892e-05
intake of artificial sweetener added to tea	Diet and supplements	1	EFO:0010096	artificially sweetened beverage consumption measurement	0.64	0.3	review (uncertain pick)	963	4.0446e-05
intake of sugar added to cereal	Diet and supplements	1	EFO:0010158	sugar consumption measurement	0.83	0.66	review (uncertain pick)	963	4.0446e-05
intake of sugar added to coffee	Diet and supplements	1	EFO:0010158	sugar consumption measurement	0.51	0.08	review (uncertain pick)	947	3.9774e-05
intake of sugar added to tea	Diet and supplements	1	EFO:0010158	sugar consumption measurement	0.61	0.33	review (uncertain pick)	967	4.0614e-05
intended management of patient (recoded): no overnight hospital stay	Other measurement / questionnaire	1	none_suitable		0.92	0.84	no suitable term	955	4.011e-05
intended management of patient (recoded): one or more nights hospital stay	Other measurement / questionnaire	1	EFO:0020922	hospitalisation	0.85	0.7	auto-accepted	855	3.591e-05
intended management of patient (recoded): planned series of admissions with no overnight stay	Other measurement / questionnaire	1	none_suitable		0.69	0.38	review (uncertain abstention)	909	3.8178e-05
interpolated age of participant when cancer first diagnosed	Other measurement / questionnaire	1	OBA:2040153	age of onset of cancer	0.6667	0.3838	review (uncertain pick)	881	3.7002e-05
interpolated age of participant when non-cancer illness first diagnosed	Other measurement / questionnaire	1	EFO:0004918	age at diagnosis	0.48	0.16	review (uncertain pick)	859	3.6078e-05
interpolated age of participant when operation took place	Other measurement / questionnaire	1	EFO:0021783	age at medical procedure	0.99	0.98	auto-accepted	910	3.822e-05
interpolated year when cancer first diagnosed	Other measurement / questionnaire	1	none_suitable		0.59	0.25	review (uncertain abstention)	850	3.57e-05
interpolated year when non-cancer illness first diagnosed	Other measurement / questionnaire	1	none_suitable		0.56	0.34	review (uncertain abstention)	904	3.7968e-05
interpolated year when operation took place	Other measurement / questionnaire	1	none_suitable		0.84	0.75	review (uncertain abstention)	879	3.6918e-05
interval between previous point and current one in alphanumeric path (trail #2)	Other measurement / questionnaire	1	EFO:0000433	duration	0.54	0.11	review (uncertain pick)	920	3.864e-05
interval between previous point and current one in numeric path (trail #1)	Other measurement / questionnaire	1	EFO:0000433	duration	0.6667	0.3939	review (uncertain pick)	917	3.8514e-05
intra-ocular pressure, corneal-compensated (left)	Other measurement / questionnaire	1	EFO:0004695	intraocular pressure measurement	0.62	0.27	review (uncertain pick)	912	3.8304000000000005e-05
intra-ocular pressure, corneal-compensated (right)	Other measurement / questionnaire	1	EFO:0004695	intraocular pressure measurement	0.57	0.18	review (uncertain pick)	944	3.9648000000000004e-05
intra-ocular pressure, goldmann-correlated (left)	Other measurement / questionnaire	1	EFO:0004695	intraocular pressure measurement	0.91	0.83	auto-accepted	887	3.7254e-05
intra-ocular pressure, goldmann-correlated (right)	Other measurement / questionnaire	1	EFO:0004695	intraocular pressure measurement	0.92	0.85	auto-accepted	864	3.6288e-05
inverse distance to the nearest road	Other measurement / questionnaire	1	none_suitable		1.0	1.0	no suitable term	1066	4.4772000000000004e-05
invitation to complete online 24-hour recall dietary questionnaire, acceptance	Diet and supplements	1	none_suitable		0.99	0.98	no suitable term	983	4.1286e-05
invitation to physical activity study, acceptance	Physical activity / lifestyle	1	none_suitable		0.99	0.98	no suitable term	923	3.8766e-05
iron	Other measurement / questionnaire	1	OBA:2050055	serum iron amount	0.54	0.29	review (uncertain pick)	890	3.738e-05
irritability	Other measurement / questionnaire	1	HP:0000737	Irritability	0.74	0.55	review (uncertain pick)	890	3.738e-05
job involve night shift work	Sociodemographic / environment	1	none_suitable		0.97	0.95	no suitable term	869	3.6498e-05
job involves heavy manual or physical work	Sociodemographic / environment	1	none_suitable		0.83	0.66	review (uncertain abstention)	881	3.7002e-05
job involves mainly walking or standing	Sociodemographic / environment	1	none_suitable		0.94	0.88	no suitable term	842	3.5364e-05
job involves shift work	Sociodemographic / environment	1	none_suitable		0.94	0.88	no suitable term	903	3.7926e-05
knee pain for 3+ months	Self-reported condition or symptom	1	HP:0030839	Knee pain	0.78	0.59	review (uncertain pick)	919	3.8598000000000006e-05
lamb intake	Diet and supplements	1	none_suitable		0.91	0.83	no suitable term	873	3.6666000000000004e-05
lamb/mutton intake	Diet and supplements	1	none_suitable		0.99	0.98	no suitable term	863	3.6246000000000005e-05
latte intake	Diet and supplements	1	none_suitable		0.63	0.42	review (uncertain abstention)	846	3.5532e-05
leek intake	Diet and supplements	1	none_suitable		1.0	1.0	no suitable term	828	3.4776e-05
leg fat mass (left)	Other measurement / questionnaire	1	none_suitable		0.79	0.66	review (uncertain abstention)	834	3.5028000000000004e-05
leg fat mass (right)	Other measurement / questionnaire	1	none_suitable		0.84	0.73	review (uncertain abstention)	812	3.4104000000000004e-05
leg fat percentage (left)	Other measurement / questionnaire	1	none_suitable		0.89	0.79	no suitable term	825	3.465e-05
leg fat percentage (right)	Other measurement / questionnaire	1	none_suitable		0.91	0.84	no suitable term	836	3.5112000000000005e-05
leg fat-free mass (left)	Other measurement / questionnaire	1	none_suitable		0.98	0.97	no suitable term	841	3.5322e-05
leg fat-free mass (right)	Other measurement / questionnaire	1	none_suitable		0.55	0.1	review (uncertain abstention)	859	3.6078e-05
leg pain in calf/calves	Self-reported condition or symptom	1	HP:0012514	Lower limb pain	0.78	0.57	review (uncertain pick)	928	3.8976e-05
leg pain on walking	Self-reported condition or symptom	1	none_suitable		0.67	0.4	review (uncertain abstention)	937	3.9354e-05
leg pain on walking : action taken	Self-reported condition or symptom	1	none_suitable		0.69	0.53	review (uncertain abstention)	888	3.7296000000000003e-05
leg pain on walking : effect of standing still	Self-reported condition or symptom	1	none_suitable		0.78	0.6	review (uncertain abstention)	868	3.6456e-05
leg pain when standing still or sitting	Self-reported condition or symptom	1	HP:0012514	Lower limb pain	0.6768	0.404	review (uncertain pick)	878	3.6876000000000004e-05
leg pain when walking ever disappears while walking	Self-reported condition or symptom	1	none_suitable		0.83	0.7	review (uncertain abstention)	921	3.868200000000001e-05
leg pain when walking normally	Self-reported condition or symptom	1	none_suitable		0.58	0.18	review (uncertain abstention)	902	3.7884000000000005e-05
leg pain when walking uphill or hurrying	Self-reported condition or symptom	1	none_suitable		0.65	0.45	review (uncertain abstention)	916	3.847200000000001e-05
leg predicted mass (left)	Other measurement / questionnaire	1	none_suitable		0.6768	0.3939	review (uncertain abstention)	889	3.7338e-05
leg predicted mass (right)	Other measurement / questionnaire	1	none_suitable		0.64	0.29	review (uncertain abstention)	790	3.3180000000000004e-05
leisure/social activities: adult education class	Sociodemographic / environment	1	none_suitable		0.98	0.97	no suitable term	887	3.7254e-05
leisure/social activities: none of the above	Sociodemographic / environment	1	none_suitable		0.92	0.85	no suitable term	864	3.6288e-05
leisure/social activities: other group activity	Sociodemographic / environment	1	EFO:0009592	social interaction measurement	0.72	0.48	review (uncertain pick)	858	3.6036000000000005e-05
leisure/social activities: pub or social club	Sociodemographic / environment	1	EFO:0009592	social interaction measurement	0.61	0.29	review (uncertain pick)	882	3.7044e-05
leisure/social activities: religious group	Sociodemographic / environment	1	none_suitable		0.61	0.31	review (uncertain abstention)	912	3.8304000000000005e-05
leisure/social activities: sports club or gym	Sociodemographic / environment	1	none_suitable		0.48	0.23	review (uncertain abstention)	897	3.7674000000000006e-05
length of longest manic/irritable episode	Other measurement / questionnaire	1	EFO:0007705	manic episode measurement	0.63	0.35	review (uncertain pick)	900	3.7800000000000004e-05
length of menstrual cycle	Other measurement / questionnaire	1	OBA:2045215	menstrual cycle attribute	0.66	0.34	review (uncertain pick)	848	3.5616000000000006e-05
length of mobile phone use	Other measurement / questionnaire	1	none_suitable		1.0	1.0	no suitable term	831	3.4902000000000006e-05
length of time at current address	Other measurement / questionnaire	1	none_suitable		0.69	0.38	review (uncertain abstention)	817	3.4314000000000004e-05
length of working week for main job	Sociodemographic / environment	1	none_suitable		1.0	1.0	no suitable term	824	3.4608e-05
lettuce intake	Diet and supplements	1	none_suitable		0.99	0.98	no suitable term	835	3.507e-05
lifetime number of same-sex sexual partners	Other measurement / questionnaire	1	none_suitable		0.88	0.8	no suitable term	945	3.969e-05
lifetime number of sexual partners	Other measurement / questionnaire	1	none_suitable		0.91	0.83	no suitable term	956	4.0152000000000005e-05
light smokers, at least 100 smokes in lifetime	Other measurement / questionnaire	1	none_suitable		0.63	0.37	review (uncertain abstention)	905	3.8010000000000004e-05
likelihood of resuming smoking	Other measurement / questionnaire	1	none_suitable		0.9	0.86	no suitable term	832	3.4944e-05
liquid used to make porridge: porridge with milk	Diet and supplements	1	none_suitable		0.9394	0.899	no suitable term	851	3.5742000000000004e-05
liquid used to make porridge: porridge with water	Other measurement / questionnaire	1	none_suitable		1.0	1.0	no suitable term	859	3.6078e-05
liver intake	Diet and supplements	1	none_suitable		0.96	0.94	no suitable term	841	3.5322e-05
lobster/crab intake	Diet and supplements	1	none_suitable		0.84	0.68	review (uncertain abstention)	841	3.5322e-05
logmar, final (left)	Other measurement / questionnaire	1	none_suitable		0.95	0.91	no suitable term	882	3.7044e-05
logmar, final (right)	Other measurement / questionnaire	1	none_suitable		0.9394	0.8889	no suitable term	913	3.8346e-05
loneliness, isolation	Other measurement / questionnaire	1	EFO:0007865	loneliness measurement	0.98	0.97	auto-accepted	949	3.9858000000000004e-05
long-standing illness, disability or infirmity	Other measurement / questionnaire	1	none_suitable		0.51	0.08	review (uncertain abstention)	929	3.9018000000000005e-05
longest period of depression	Other measurement / questionnaire	1	none_suitable		0.49	0.08	review (uncertain abstention)	852	3.5784e-05
longest period of unenthusiasm / disinterest	Other measurement / questionnaire	1	HP:0000741	Apathy	0.72	0.47	review (uncertain pick)	899	3.7758e-05
loud music exposure frequency	Other measurement / questionnaire	1	EFO:0600015	noise exposure measurement	0.82	0.65	review (uncertain pick)	839	3.5238000000000004e-05
low calorie drink intake	Diet and supplements	1	EFO:0010088	beverage consumption measurement	0.68	0.39	review (uncertain pick)	877	3.6834e-05
low calorie hot chocolate intake	Diet and supplements	1	none_suitable		0.63	0.27	review (uncertain abstention)	903	3.7926e-05
low fat hard cheese intake	Diet and supplements	1	none_suitable		0.92	0.88	no suitable term	832	3.4944e-05
magnesium	Other measurement / questionnaire	1	EFO:0004845	magnesium measurement	0.75	0.53	review (uncertain pick)	927	3.8934000000000004e-05
main speciality of consultant (recoded): accident and emergency (a&e)	Hospital administrative field	1	none_suitable		0.91	0.82	no suitable term	1007	4.2294000000000005e-05
main speciality of consultant (recoded): adult mental illness	Hospital administrative field	1	none_suitable		0.82	0.75	review (uncertain abstention)	934	3.9228000000000005e-05
main speciality of consultant (recoded): anaesthetics	Hospital administrative field	1	none_suitable		0.92	0.85	no suitable term	800	3.3600000000000004e-05
main speciality of consultant (recoded): cardiology	Hospital administrative field	1	none_suitable		0.9	0.82	no suitable term	840	3.528e-05
main speciality of consultant (recoded): cardiothoracic surgery	Hospital administrative field	1	none_suitable		0.94	0.88	no suitable term	875	3.6750000000000006e-05
main speciality of consultant (recoded): clinical haematology	Hospital administrative field	1	none_suitable		0.95	0.91	no suitable term	801	3.3642e-05
main speciality of consultant (recoded): clinical oncology/ radiotherapy	Hospital administrative field	1	none_suitable		0.91	0.83	no suitable term	918	3.8556e-05
main speciality of consultant (recoded): dermatology	Hospital administrative field	1	none_suitable		0.93	0.87	no suitable term	853	3.5826000000000006e-05
main speciality of consultant (recoded): ear, nose and throat (ent)	Hospital administrative field	1	none_suitable		0.95	0.9	no suitable term	909	3.8178e-05
main speciality of consultant (recoded): endocrinology	Hospital administrative field	1	none_suitable		0.88	0.78	no suitable term	875	3.6750000000000006e-05
main speciality of consultant (recoded): gastroenterology	Hospital administrative field	1	none_suitable		0.91	0.83	no suitable term	855	3.591e-05
main speciality of consultant (recoded): general medicine	Hospital administrative field	1	none_suitable		0.87	0.77	no suitable term	924	3.8808000000000005e-05
main speciality of consultant (recoded): general surgery	Hospital administrative field	1	none_suitable		0.89	0.83	no suitable term	904	3.7968e-05
main speciality of consultant (recoded): geriatric medicine	Hospital administrative field	1	none_suitable		0.9	0.8	no suitable term	863	3.6246000000000005e-05
main speciality of consultant (recoded): gynaecology	Hospital administrative field	1	none_suitable		0.87	0.77	no suitable term	838	3.5196e-05
main speciality of consultant (recoded): infectious diseases	Hospital administrative field	1	none_suitable		0.89	0.78	no suitable term	832	3.4944e-05
main speciality of consultant (recoded): medical oncology	Hospital administrative field	1	none_suitable		0.9	0.81	no suitable term	968	4.0656000000000005e-05
main speciality of consultant (recoded): midwifery	Hospital administrative field	1	none_suitable		0.89	0.78	no suitable term	905	3.8010000000000004e-05
main speciality of consultant (recoded): nephrology	Hospital administrative field	1	none_suitable		0.94	0.91	no suitable term	839	3.5238000000000004e-05
main speciality of consultant (recoded): neurology	Hospital administrative field	1	none_suitable		0.88	0.78	no suitable term	848	3.5616000000000006e-05
main speciality of consultant (recoded): neurosurgery	Hospital administrative field	1	none_suitable		0.91	0.82	no suitable term	901	3.7842e-05
main speciality of consultant (recoded): obstetrics	Hospital administrative field	1	none_suitable		0.93	0.89	no suitable term	850	3.57e-05
main speciality of consultant (recoded): ophthalmology	Hospital administrative field	1	none_suitable		0.94	0.9	no suitable term	867	3.6414e-05
main speciality of consultant (recoded): oral and maxillo facial surgery	Hospital administrative field	1	none_suitable		1.0	1.0	no suitable term	890	3.738e-05
main speciality of consultant (recoded): oral surgery	Hospital administrative field	1	none_suitable		0.93	0.88	no suitable term	857	3.5994e-05
main speciality of consultant (recoded): plastic surgery	Hospital administrative field	1	none_suitable		0.91	0.83	no suitable term	879	3.6918e-05
main speciality of consultant (recoded): radiology	Hospital administrative field	1	none_suitable		0.88	0.8	no suitable term	824	3.4608e-05
main speciality of consultant (recoded): respiratory medicine	Hospital administrative field	1	none_suitable		0.94	0.88	no suitable term	907	3.8094000000000005e-05
main speciality of consultant (recoded): rheumatology	Hospital administrative field	1	none_suitable		0.86	0.74	no suitable term	944	3.9648000000000004e-05
main speciality of consultant (recoded): trauma and orthopaedics	Hospital administrative field	1	none_suitable		0.99	0.98	no suitable term	900	3.7800000000000004e-05
main speciality of consultant (recoded): urology	Hospital administrative field	1	none_suitable		0.89	0.8	no suitable term	851	3.5742000000000004e-05
mango intake	Diet and supplements	1	none_suitable		0.99	0.98	no suitable term	844	3.5448000000000003e-05
manic/hyper symptoms: all of the above	Other measurement / questionnaire	1	EFO:0007706	manic or hypomanic episode	0.78	0.58	review (uncertain pick)	947	3.9774e-05
manic/hyper symptoms: i needed less sleep than usual	Other measurement / questionnaire	1	EFO:0007706	manic or hypomanic episode	0.4	0.1	review (uncertain pick)	934	3.9228000000000005e-05
manic/hyper symptoms: i was more active than usual	Other measurement / questionnaire	1	HP:0000752	Hyperactivity	0.66	0.44	review (uncertain pick)	1005	4.2210000000000004e-05
manic/hyper symptoms: i was more creative or had more ideas than usual	Other measurement / questionnaire	1	none_suitable		0.49	0.1	review (uncertain abstention)	960	4.032e-05
manic/hyper symptoms: i was more talkative than usual	Other measurement / questionnaire	1	none_suitable		0.62	0.33	review (uncertain abstention)	977	4.1034e-05
manic/hyper symptoms: none of the above	Other measurement / questionnaire	1	EFO:0007706	manic or hypomanic episode	0.65	0.38	review (uncertain pick)	930	3.906e-05
mashed potato intake	Diet and supplements	1	none_suitable		1.0	1.0	no suitable term	829	3.4818000000000004e-05
maternal smoking around birth	Other measurement / questionnaire	1	ECTO:6000029	exposure to tobacco smoking	0.5657	0.3737	review (uncertain pick)	849	3.5658e-05
maximum digits remembered correctly	Other measurement / questionnaire	2	EFO:0004874	memory performance	0.72	0.51	review (uncertain pick)	897	3.7674000000000006e-05
maximum heart rate during fitness test	Other measurement / questionnaire	1	EFO:0009184	heart rate response to exercise	0.64	0.34	review (uncertain pick)	906	3.8052e-05
maximum workload during fitness test	Other measurement / questionnaire	1	EFO:0007818	athletic endurance measurement	0.43	0.09	review (uncertain pick)	857	3.5994e-05
mean signal-to-noise ratio (snr), (left)	Other measurement / questionnaire	1	none_suitable		0.99	0.98	no suitable term	998	4.1916e-05
mean signal-to-noise ratio (snr), (right)	Other measurement / questionnaire	1	none_suitable		0.99	0.98	no suitable term	1023	4.2966e-05
mean time to correctly identify matches	Other measurement / questionnaire	1	EFO:0008393	reaction time measurement	0.84	0.68	review (uncertain pick)	904	3.7968e-05
meat consumers	Diet and supplements	1	none_suitable		0.48	0.21	review (uncertain abstention)	841	3.5322e-05
medication for cholesterol, blood pressure or diabetes: blood pressure medication	Medication	1	CHEBI:35674	antihypertensive agent	0.86	0.74	auto-accepted	877	3.6834e-05
medication for cholesterol, blood pressure or diabetes: cholesterol lowering medication	Medication	1	CHEBI:35821	anticholesteremic drug	0.72	0.58	review (uncertain pick)	872	3.662400000000001e-05
medication for cholesterol, blood pressure or diabetes: insulin	Medication	1	EFO:0600082	insulin use measurement	0.62	0.27	review (uncertain pick)	859	3.6078e-05
medication for cholesterol, blood pressure or diabetes: none of the above	Medication	1	none_suitable		0.83	0.67	review (uncertain abstention)	851	3.5742000000000004e-05
medication for cholesterol, blood pressure, diabetes, or take exogenous hormones: blood pressure medication	Medication	1	CHEBI:35674	antihypertensive agent	0.84	0.71	review (uncertain pick)	864	3.6288e-05
medication for cholesterol, blood pressure, diabetes, or take exogenous hormones: cholesterol lowering medication	Medication	1	CHEBI:35821	anticholesteremic drug	0.66	0.51	review (uncertain pick)	858	3.6036000000000005e-05
medication for cholesterol, blood pressure, diabetes, or take exogenous hormones: hormone replacement therapy	Medication	1	EFO:0003961	hormone replacement therapy	0.88	0.76	auto-accepted	864	3.6288e-05
medication for cholesterol, blood pressure, diabetes, or take exogenous hormones: insulin	Medication	1	none_suitable		0.63	0.27	review (uncertain abstention)	858	3.6036000000000005e-05
medication for cholesterol, blood pressure, diabetes, or take exogenous hormones: none of the above	Medication	1	none_suitable		0.99	0.98	no suitable term	942	3.9564e-05
medication for cholesterol, blood pressure, diabetes, or take exogenous hormones: oral contraceptive pill or minipill	Medication	1	none_suitable		0.85	0.73	no suitable term	872	3.662400000000001e-05
medication for pain relief, constipation, heartburn: aspirin	Medication	1	EFO:0007013	aspirin use measurement	0.68	0.38	review (uncertain pick)	881	3.7002e-05
medication for pain relief, constipation, heartburn: ibuprofen (e.g. nurofen)	Medication	1	none_suitable		0.45	0.06	review (uncertain abstention)	944	3.9648000000000004e-05
medication for pain relief, constipation, heartburn: laxatives (e.g. dulcolax, senokot)	Medication	1	none_suitable		0.86	0.73	no suitable term	938	3.939600000000001e-05
medication for pain relief, constipation, heartburn: none of the above	Medication	1	none_suitable		0.96	0.93	no suitable term	919	3.8598000000000006e-05
medication for pain relief, constipation, heartburn: omeprazole (e.g. zanprol)	Medication	1	CHEBI:7772	omeprazole	0.67	0.36	review (uncertain pick)	990	4.1580000000000005e-05
medication for pain relief, constipation, heartburn: paracetamol	Medication	1	none_suitable		0.38	0.11	review (uncertain abstention)	931	3.9102e-05
medication for pain relief, constipation, heartburn: ranitidine (e.g. zantac)	Medication	1	CHEBI:8776	ranitidine	0.71	0.45	review (uncertain pick)	992	4.1664000000000006e-05
melon intake	Diet and supplements	1	none_suitable		0.9394	0.8889	no suitable term	834	3.5028000000000004e-05
menstruating today	Other measurement / questionnaire	1	none_suitable		0.83	0.72	review (uncertain abstention)	833	3.4986e-05
methods of admission to hospital (recoded): elective admission	Hospital administrative field	1	EFO:0020922	hospitalisation	0.61	0.22	review (uncertain pick)	907	3.8094000000000005e-05
methods of admission to hospital (recoded): elective admission: booked	Hospital administrative field	1	none_suitable		0.59	0.18	review (uncertain abstention)	924	3.8808000000000005e-05
methods of admission to hospital (recoded): elective admission: planned	Hospital administrative field	1	none_suitable		0.51	0.02	review (uncertain abstention)	933	3.9186e-05
methods of admission to hospital (recoded): elective admission: waiting list	Hospital administrative field	1	none_suitable		0.63	0.27	review (uncertain abstention)	914	3.8388e-05
methods of admission to hospital (recoded): emergency admission	Hospital administrative field	1	EFO:0020922	hospitalisation	0.42	0.08	review (uncertain pick)	899	3.7758e-05
methods of admission to hospital (recoded): emergency admission: a&e	Hospital administrative field	1	EFO:0020922	hospitalisation	0.49	0.17	review (uncertain pick)	977	4.1034e-05
methods of admission to hospital (recoded): emergency admission: bed bureau	Hospital administrative field	1	EFO:0020922	hospitalisation	0.53	0.07	review (uncertain pick)	896	3.7632e-05
methods of admission to hospital (recoded): emergency admission: gp	Hospital administrative field	1	none_suitable		0.38	0.03	review (uncertain abstention)	915	3.843e-05
methods of admission to hospital (recoded): emergency admission: non-injury	Hospital administrative field	1	EFO:0020922	hospitalisation	0.54	0.27	review (uncertain pick)	948	3.9816e-05
methods of admission to hospital (recoded): emergency admission: other injury	Hospital administrative field	1	none_suitable		0.99	0.98	no suitable term	800	3.3600000000000004e-05
methods of admission to hospital (recoded): emergency admission: outpatients (obsolete)	Hospital administrative field	1	none_suitable		0.45	0.13	review (uncertain abstention)	1009	4.2378e-05
methods of admission to hospital (recoded): maternity admission: post-partum	Hospital administrative field	1	none_suitable		0.73	0.52	review (uncertain abstention)	933	3.9186e-05
methods of admission to hospital (recoded): transfer	Hospital administrative field	1	none_suitable		0.85	0.7	no suitable term	921	3.868200000000001e-05
methods of admission to hospital (recoded): transfer: planned	Hospital administrative field	1	none_suitable		0.74	0.48	review (uncertain abstention)	940	3.948e-05
methods of discharge from hospital (recoded): discharged on clinical advice/consent	Hospital administrative field	1	none_suitable		1.0	1.0	no suitable term	844	3.5448000000000003e-05
methods of discharge from hospital (recoded): discharged on clinical advice/consent: from inpatient/daycase care	Hospital administrative field	1	none_suitable		0.99	0.98	no suitable term	853	3.5826000000000006e-05
methods of discharge from hospital (recoded): discharged on clinical advice/consent: transfer to another provider	Hospital administrative field	1	none_suitable		0.98	0.97	no suitable term	963	4.0446e-05
methods of discharge from hospital (recoded): discharged on clinical advice/consent: transfer within provider	Hospital administrative field	1	none_suitable		0.99	0.98	no suitable term	848	3.5616000000000006e-05
methods of discharge from hospital (recoded): discharged without clinical advice/consent: self, relative or advocate	Hospital administrative field	1	none_suitable		1.0	1.0	no suitable term	880	3.6960000000000005e-05
methods of discharge from hospital (recoded): patient death	Hospital administrative field	1	EFO:0030049	dead (follow-up status)	0.87	0.76	auto-accepted	825	3.465e-05
milk added to cereal	Diet and supplements	1	none_suitable		0.99	0.98	no suitable term	835	3.507e-05
milk chocolate intake	Diet and supplements	1	none_suitable		0.97	0.94	no suitable term	851	3.5742000000000004e-05
milk intake	Diet and supplements	1	none_suitable		0.6768	0.4444	review (uncertain abstention)	877	3.6834e-05
milk-based pudding intake	Diet and supplements	1	none_suitable		0.99	0.98	no suitable term	851	3.5742000000000004e-05
mineral and other dietary supplements: calcium	Diet and supplements	1	EFO:0006521	calcium intake measurement	0.84	0.69	review (uncertain pick)	924	3.8808000000000005e-05
mineral and other dietary supplements: fish oil (including cod liver oil)	Diet and supplements	1	ECTO:0070164	exposure to fish oil supplement via ingestion	0.49	0.12	review (uncertain pick)	929	3.9018000000000005e-05
mineral and other dietary supplements: glucosamine	Diet and supplements	1	none_suitable		0.54	0.29	review (uncertain abstention)	858	3.6036000000000005e-05
mineral and other dietary supplements: iron	Diet and supplements	1	none_suitable		0.79	0.6	review (uncertain abstention)	881	3.7002e-05
mineral and other dietary supplements: none of the above	Diet and supplements	1	none_suitable		0.81	0.62	review (uncertain abstention)	931	3.9102e-05
mineral and other dietary supplements: selenium	Diet and supplements	1	EFO:0600021	response to dietary selenium supplementation	0.35	0.02	review (uncertain pick)	853	3.5826000000000006e-05
mineral and other dietary supplements: zinc	Diet and supplements	1	EFO:0020083	dietary zinc intake measurement	0.79	0.59	review (uncertain pick)	841	3.5322e-05
miserableness	Other measurement / questionnaire	1	EFO:0009598	feeling miserable measurement	0.95	0.91	auto-accepted	903	3.7926e-05
mixed fruit intake	Diet and supplements	1	none_suitable		0.99	0.98	no suitable term	837	3.5154e-05
mixed vegetable intake	Diet and supplements	1	none_suitable		1.0	1.0	no suitable term	833	3.4986e-05
mood swings	Other measurement / questionnaire	1	HP:0000712	Emotional lability	0.93	0.9	auto-accepted	949	3.9858000000000004e-05
morning/evening person (chronotype)	Other measurement / questionnaire	1	EFO:0008328	chronotype measurement	0.73	0.52	review (uncertain pick)	889	3.7338e-05
most recent bowel cancer screening	Other measurement / questionnaire	1	EFO:0021523	examination for neoplasm	0.78	0.57	review (uncertain pick)	900	3.7800000000000004e-05
mother still alive	Other measurement / questionnaire	1	none_suitable		0.6	0.25	review (uncertain abstention)	835	3.507e-05
mother's age	Other measurement / questionnaire	1	none_suitable		0.9	0.84	no suitable term	924	3.8808000000000005e-05
mother's age at death	Other measurement / questionnaire	1	EFO:0009721	mother's age at death	0.99	0.98	auto-accepted	829	3.4818000000000004e-05
mouth/teeth dental problems: bleeding gums	Self-reported condition or symptom	1	HP:0000225	Gingival bleeding	0.94	0.89	auto-accepted	846	3.5532e-05
mouth/teeth dental problems: dentures	Self-reported condition or symptom	1	EFO:0010078	dentures	0.93	0.86	auto-accepted	845	3.549000000000001e-05
mouth/teeth dental problems: loose teeth	Self-reported condition or symptom	1	none_suitable		0.82	0.69	review (uncertain abstention)	886	3.7212e-05
mouth/teeth dental problems: mouth ulcers	Self-reported condition or symptom	1	HP:0000155	Oral ulcer	0.89	0.79	auto-accepted	843	3.5406e-05
mouth/teeth dental problems: none of the above	Self-reported condition or symptom	1	none_suitable		0.75	0.65	review (uncertain abstention)	788	3.3096e-05
mouth/teeth dental problems: painful gums	Self-reported condition or symptom	1	HP:0000230	Gingivitis	0.76	0.53	review (uncertain pick)	855	3.591e-05
mouth/teeth dental problems: toothache	Self-reported condition or symptom	1	EFO:0010072	toothache	0.98	0.96	auto-accepted	825	3.465e-05
mozzarella intake	Diet and supplements	1	none_suitable		1.0	1.0	no suitable term	837	3.5154e-05
muesli intake	Diet and supplements	1	none_suitable		1.0	1.0	no suitable term	851	3.5742000000000004e-05
mushroom intake	Diet and supplements	1	none_suitable		0.97	0.94	no suitable term	828	3.4776e-05
naan bread intake	Diet and supplements	1	none_suitable		0.99	0.98	no suitable term	826	3.4692000000000006e-05
nap during day	Other measurement / questionnaire	1	EFO:0009818	nap during day, self-reported	0.99	0.98	auto-accepted	842	3.5364e-05
neck/shoulder pain for 3+ months	Self-reported condition or symptom	1	none_suitable		0.74	0.59	review (uncertain abstention)	876	3.6792e-05
nervous feelings	Other measurement / questionnaire	1	EFO:0009597	feeling nervous measurement	0.96	0.94	auto-accepted	849	3.5658e-05
neuroticism score	Other measurement / questionnaire	1	EFO:0007660	neuroticism measurement	1.0	1.0	auto-accepted	996	4.1832e-05
never eat eggs, dairy, wheat, sugar: dairy products	Diet and supplements	1	none_suitable		0.8081	0.6768	review (uncertain abstention)	997	4.1874000000000006e-05
never eat eggs, dairy, wheat, sugar: eggs or foods containing eggs	Diet and supplements	1	none_suitable		0.89	0.79	no suitable term	927	3.8934000000000004e-05
never eat eggs, dairy, wheat, sugar: i eat all of the above	Diet and supplements	1	none_suitable		0.99	0.98	no suitable term	929	3.9018000000000005e-05
never eat eggs, dairy, wheat, sugar: sugar or foods/drinks containing sugar	Diet and supplements	1	EFO:0010158	sugar consumption measurement	0.58	0.29	review (uncertain pick)	957	4.0194e-05
never eat eggs, dairy, wheat, sugar: wheat products	Diet and supplements	1	none_suitable		0.91	0.83	no suitable term	922	3.8724000000000004e-05
nitrogen dioxide air pollution; 2005	Sociodemographic / environment	1	ECTO:8000036	exposure to air pollution	0.58	0.16	review (uncertain pick)	840	3.528e-05
nitrogen dioxide air pollution; 2006	Sociodemographic / environment	1	ECTO:8000036	exposure to air pollution	0.6	0.2	review (uncertain pick)	840	3.528e-05
nitrogen dioxide air pollution; 2007	Sociodemographic / environment	1	ECTO:8000036	exposure to air pollution	0.62	0.24	review (uncertain pick)	840	3.528e-05
nitrogen dioxide air pollution; 2010	Sociodemographic / environment	1	none_suitable		0.99	0.98	no suitable term	859	3.6078e-05
nitrogen oxides air pollution; 2010	Sociodemographic / environment	1	ECTO:8000036	exposure to air pollution	0.56	0.13	review (uncertain pick)	864	3.6288e-05
noisy workplace	Other measurement / questionnaire	1	EFO:0600015	noise exposure measurement	0.67	0.34	review (uncertain pick)	936	3.9312e-05
non-accidental death in close genetic family	Other measurement / questionnaire	1	none_suitable		0.79	0.61	review (uncertain abstention)	906	3.8052e-05
non-cancer illness code, self-reported: allergy or anaphylactic reaction to drug	Self-reported illness	1	MONDO:0000775	drug allergy	0.9	0.81	auto-accepted	959	4.0278e-05
non-cancer illness code, self-reported: allergy or anaphylactic reaction to food	Self-reported illness	1	MONDO:0700226	food allergy	0.71	0.57	review (uncertain pick)	936	3.9312e-05
non-cancer illness code, self-reported: allergy/hypersensitivity/anaphylaxis	Self-reported illness	1	MONDO:0000605	hypersensitivity reaction disease	0.39	0.08	review (uncertain pick)	1004	4.2168e-05
non-cancer illness code, self-reported: angina	Self-reported illness	1	EFO:0003913	angina pectoris	0.83	0.72	review (uncertain pick)	989	4.153800000000001e-05
non-cancer illness code, self-reported: ankylosing spondylitis	Self-reported illness	1	MONDO:0005306	ankylosing spondylitis	0.87	0.77	auto-accepted	997	4.1874000000000006e-05
non-cancer illness code, self-reported: anxiety/panic attacks	Self-reported illness	1	MONDO:0005383	panic disorder	0.45	0.29	review (uncertain pick)	919	3.8598000000000006e-05
non-cancer illness code, self-reported: appendicitis	Self-reported illness	1	none_suitable		0.63	0.47	review (uncertain abstention)	974	4.0908e-05
non-cancer illness code, self-reported: arthritis (nos)	Self-reported illness	1	MONDO:0005578	arthritic joint disease	0.34	0.03	review (uncertain pick)	994	4.174800000000001e-05
non-cancer illness code, self-reported: asthma	Self-reported illness	1	HP:0002099	Asthma	0.84	0.69	review (uncertain pick)	944	3.9648000000000004e-05
non-cancer illness code, self-reported: atrial fibrillation	Self-reported illness	1	MONDO:0004981	atrial fibrillation	0.86	0.72	auto-accepted	998	4.1916e-05
non-cancer illness code, self-reported: back pain	Self-reported illness	1	HP:0003418	Back pain	0.71	0.54	review (uncertain pick)	907	3.8094000000000005e-05
non-cancer illness code, self-reported: back problem	Self-reported illness	1	HP:0003418	Back pain	0.47	0.11	review (uncertain pick)	913	3.8346e-05
non-cancer illness code, self-reported: benign breast lump	Self-reported illness	1	HP:0032408	Breast mass	0.87	0.78	auto-accepted	964	4.0488e-05
non-cancer illness code, self-reported: bladder problem (not cancer)	Self-reported illness	1	MONDO:0006026	urinary bladder disorder	0.47	0.09	review (uncertain pick)	943	3.960600000000001e-05
non-cancer illness code, self-reported: bone disorder	Self-reported illness	1	MONDO:0005381	bone disorder	0.47	0.06	review (uncertain pick)	819	3.4398e-05
non-cancer illness code, self-reported: breast cysts	Self-reported illness	1	EFO:1000848	breast cyst	0.9394	0.8889	auto-accepted	1022	4.2924e-05
non-cancer illness code, self-reported: bronchiectasis	Self-reported illness	1	MONDO:0004822	bronchiectasis	0.78	0.63	review (uncertain pick)	993	4.1706000000000004e-05
non-cancer illness code, self-reported: bronchitis	Self-reported illness	1	MONDO:0003781	bronchitis	0.56	0.33	review (uncertain pick)	943	3.960600000000001e-05
non-cancer illness code, self-reported: cervical spondylosis	Self-reported illness	1	MONDO:0008481	spondylosis, cervical	0.81	0.69	review (uncertain pick)	890	3.738e-05
non-cancer illness code, self-reported: chickenpox	Self-reported illness	1	MONDO:0005700	chickenpox	0.73	0.57	review (uncertain pick)	970	4.0740000000000006e-05
non-cancer illness code, self-reported: cholelithiasis/gall stones	Self-reported illness	1	MONDO:0012672	cholelithiasis	0.79	0.71	review (uncertain pick)	975	4.095e-05
non-cancer illness code, self-reported: chronic fatigue syndrome	Self-reported illness	1	MONDO:0005404	myalgic encephalomeyelitis/chronic fatigue syndrome	0.8283	0.7071	review (uncertain pick)	935	3.927e-05
non-cancer illness code, self-reported: chronic obstructive airways disease/copd	Self-reported illness	1	MONDO:0005002	chronic obstructive pulmonary disease	0.95	0.9	auto-accepted	1006	4.2252e-05
non-cancer illness code, self-reported: chronic sinusitis	Self-reported illness	1	MONDO:0006031	chronic rhinosinusitis	0.78	0.64	review (uncertain pick)	994	4.174800000000001e-05
non-cancer illness code, self-reported: colitis/not crohns or ulcerative colitis	Self-reported illness	1	MONDO:0005101	ulcerative colitis	0.59	0.36	review (uncertain pick)	937	3.9354e-05
non-cancer illness code, self-reported: crohns disease	Self-reported illness	1	none_suitable		0.52	0.33	review (uncertain abstention)	900	3.7800000000000004e-05
non-cancer illness code, self-reported: deep venous thrombosis (dvt)	Self-reported illness	1	EFO:0003907	deep vein thrombosis	0.94	0.91	auto-accepted	1028	4.317600000000001e-05
non-cancer illness code, self-reported: depression	Self-reported illness	1	MONDO:0002050	depressive disorder	0.5556	0.3434	review (uncertain pick)	930	3.906e-05
non-cancer illness code, self-reported: diabetes	Self-reported illness	1	MONDO:0005015	diabetes mellitus	0.44	0.16	review (uncertain pick)	918	3.8556e-05
non-cancer illness code, self-reported: diverticular disease/diverticulitis	Self-reported illness	1	EFO:0009959	diverticular disease	0.89	0.83	auto-accepted	953	4.0026e-05
non-cancer illness code, self-reported: duodenal ulcer	Self-reported illness	1	MONDO:0005412	duodenal ulcer	0.79	0.63	review (uncertain pick)	963	4.0446e-05
non-cancer illness code, self-reported: ear/vestibular disorder	Self-reported illness	1	MONDO:0002643	vestibular disorder	0.44	0.09	review (uncertain pick)	1005	4.2210000000000004e-05
non-cancer illness code, self-reported: eczema/dermatitis	Self-reported illness	1	HP:0000964	Eczematoid dermatitis	0.58	0.35	review (uncertain pick)	1067	4.4814e-05
non-cancer illness code, self-reported: emphysema/chronic bronchitis	Self-reported illness	1	none_suitable		0.43	0.18	review (uncertain abstention)	940	3.948e-05
non-cancer illness code, self-reported: endometriosis	Self-reported illness	1	MONDO:0005133	endometriosis	0.798	0.6263	review (uncertain pick)	968	4.0656000000000005e-05
non-cancer illness code, self-reported: enlarged prostate	Self-reported illness	1	MONDO:0010811	benign prostatic hyperplasia	0.9394	0.8889	auto-accepted	996	4.1832e-05
non-cancer illness code, self-reported: epilepsy	Self-reported illness	1	none_suitable		0.62	0.3	review (uncertain abstention)	1036	4.3512000000000006e-05
non-cancer illness code, self-reported: essential hypertension	Self-reported illness	1	MONDO:0001134	essential hypertension	0.76	0.59	review (uncertain pick)	855	3.591e-05
non-cancer illness code, self-reported: eye/eyelid problem	Self-reported illness	1	none_suitable		0.49	0.14	review (uncertain abstention)	910	3.822e-05
non-cancer illness code, self-reported: fracture lower leg / ankle	Self-reported illness	1	EFO:0009615	ankle fracture	0.62	0.4	review (uncertain pick)	904	3.7968e-05
non-cancer illness code, self-reported: fracture wrist / colles fracture	Self-reported illness	1	EFO:0009515	wrist fracture	0.86	0.78	auto-accepted	936	3.9312e-05
non-cancer illness code, self-reported: gastric/stomach ulcers	Self-reported illness	1	MONDO:0001126	gastric ulcer	0.87	0.8	auto-accepted	937	3.9354e-05
non-cancer illness code, self-reported: gastro-oesophageal reflux (gord) / gastric reflux	Self-reported illness	1	MONDO:0007186	gastroesophageal reflux disease	0.92	0.88	auto-accepted	1045	4.389e-05
non-cancer illness code, self-reported: gestational hypertension/pre-eclampsia	Self-reported illness	1	MONDO:0005081	preeclampsia	0.58	0.42	review (uncertain pick)	946	3.9732000000000005e-05
non-cancer illness code, self-reported: glaucoma	Self-reported illness	1	MONDO:0005041	glaucoma	0.89	0.78	auto-accepted	1022	4.2924e-05
non-cancer illness code, self-reported: gout	Self-reported illness	1	MONDO:0005393	gout	0.4	0.09	review (uncertain pick)	968	4.0656000000000005e-05
non-cancer illness code, self-reported: haemorrhoids / piles	Self-reported illness	1	MONDO:0004872	hemorrhoid	0.66	0.47	review (uncertain pick)	897	3.7674000000000006e-05
non-cancer illness code, self-reported: hayfever/allergic rhinitis	Self-reported illness	1	MONDO:0011786	allergic rhinitis	0.9	0.83	auto-accepted	988	4.1496e-05
non-cancer illness code, self-reported: head injury	Self-reported illness	1	EFO:0009505	head injury	0.8	0.64	review (uncertain pick)	834	3.5028000000000004e-05
non-cancer illness code, self-reported: headaches (not migraine)	Self-reported illness	1	HP:0002315	Headache	0.58	0.29	review (uncertain pick)	928	3.8976e-05
non-cancer illness code, self-reported: heart arrhythmia	Self-reported illness	1	EFO:0004269	cardiac arrhythmia	0.72	0.54	review (uncertain pick)	957	4.0194e-05
non-cancer illness code, self-reported: heart attack/myocardial infarction	Self-reported illness	1	MONDO:0005068	myocardial infarction	0.77	0.63	review (uncertain pick)	1070	4.494e-05
non-cancer illness code, self-reported: heart valve problem/heart murmur	Self-reported illness	1	MONDO:0002869	heart valve disorder	0.4646	0.1919	review (uncertain pick)	1004	4.2168e-05
non-cancer illness code, self-reported: heart/cardiac problem	Self-reported illness	1	MONDO:0005267	heart disorder	0.6869	0.4242	review (uncertain pick)	1014	4.2588e-05
non-cancer illness code, self-reported: helicobacter pylori	Self-reported illness	1	MONDO:0006781	Helicobacter pylori infectious disease	0.6768	0.4141	review (uncertain pick)	875	3.6750000000000006e-05
non-cancer illness code, self-reported: hiatus hernia	Self-reported illness	1	HP:0002036	Hiatus hernia	0.8	0.65	review (uncertain pick)	994	4.174800000000001e-05
non-cancer illness code, self-reported: high cholesterol	Self-reported illness	1	HP:0003124	Hypercholesterolemia	0.62	0.35	review (uncertain pick)	948	3.9816e-05
non-cancer illness code, self-reported: hypertension	Self-reported illness	1	MONDO:0001134	essential hypertension	0.58	0.23	review (uncertain pick)	831	3.4902000000000006e-05
non-cancer illness code, self-reported: hyperthyroidism/thyrotoxicosis	Self-reported illness	1	MONDO:0004425	hyperthyroidism	0.39	0.04	review (uncertain pick)	1088	4.5696000000000004e-05
non-cancer illness code, self-reported: hypothyroidism/myxoedema	Self-reported illness	1	MONDO:0005420	hypothyroidism	0.74	0.54	review (uncertain pick)	980	4.116e-05
non-cancer illness code, self-reported: infective/viral hepatitis	Self-reported illness	1	MONDO:0006011	viral hepatitis	0.84	0.69	review (uncertain pick)	904	3.7968e-05
non-cancer illness code, self-reported: inguinal hernia	Self-reported illness	1	HP:0000023	Inguinal hernia	0.84	0.69	review (uncertain pick)	981	4.120200000000001e-05
non-cancer illness code, self-reported: iron deficiency anaemia	Self-reported illness	1	HP:0001891	Iron deficiency anemia	0.74	0.55	review (uncertain pick)	959	4.0278e-05
non-cancer illness code, self-reported: irritable bowel syndrome	Self-reported illness	1	MONDO:0005052	irritable bowel syndrome	0.89	0.82	auto-accepted	972	4.0824e-05
non-cancer illness code, self-reported: joint disorder	Self-reported illness	1	MONDO:0006816	arthropathy	0.39	0.05	review (uncertain pick)	892	3.7464e-05
non-cancer illness code, self-reported: joint pain	Self-reported illness	1	HP:0002829	Arthralgia	0.8182	0.6869	review (uncertain pick)	859	3.6078e-05
non-cancer illness code, self-reported: kidney stone/ureter stone/bladder stone	Self-reported illness	1	MONDO:0024647	urolithiasis	0.72	0.53	review (uncertain pick)	909	3.8178e-05
non-cancer illness code, self-reported: malabsorption/coeliac disease	Self-reported illness	1	MONDO:0005130	celiac disease	0.6	0.37	review (uncertain pick)	976	4.0992e-05
non-cancer illness code, self-reported: mania/bipolar disorder/manic depression	Self-reported illness	1	MONDO:0004985	bipolar disorder	0.89	0.82	auto-accepted	979	4.1118e-05
non-cancer illness code, self-reported: measles / morbillivirus	Self-reported illness	1	MONDO:0004619	measles	0.5657	0.3535	review (uncertain pick)	1000	4.2000000000000004e-05
non-cancer illness code, self-reported: meniere's disease	Self-reported illness	1	MONDO:0007972	Meniere disease	0.89	0.81	auto-accepted	1092	4.586400000000001e-05
non-cancer illness code, self-reported: meningitis	Self-reported illness	1	HP:0001287	Meningitis	0.52	0.29	review (uncertain pick)	1040	4.368e-05
non-cancer illness code, self-reported: menorrhagia (unknown cause)	Self-reported illness	1	HP:0000132	Menorrhagia	0.76	0.56	review (uncertain pick)	900	3.7800000000000004e-05
non-cancer illness code, self-reported: migraine	Self-reported illness	1	MONDO:0005277	migraine disorder	0.59	0.33	review (uncertain pick)	928	3.8976e-05
non-cancer illness code, self-reported: multiple sclerosis	Self-reported illness	1	MONDO:0005301	multiple sclerosis	0.88	0.77	auto-accepted	944	3.9648000000000004e-05
non-cancer illness code, self-reported: muscle or soft tissue injuries	Self-reported illness	1	none_suitable		0.53	0.29	review (uncertain abstention)	940	3.948e-05
non-cancer illness code, self-reported: muscle/soft tissue problem	Self-reported illness	1	EFO:0009470	soft tissue disease	0.56	0.24	review (uncertain pick)	964	4.0488e-05
non-cancer illness code, self-reported: nasal polyps	Self-reported illness	1	MONDO:0006314	nasal cavity polyp	0.4	0.02	review (uncertain pick)	979	4.1118e-05
non-cancer illness code, self-reported: nasal/sinus disorder	Self-reported illness	1	none_suitable		0.43	0.23	review (uncertain abstention)	956	4.0152000000000005e-05
non-cancer illness code, self-reported: oesophagitis/barretts oesophagus	Self-reported illness	1	MONDO:0013662	Barrett esophagus	0.56	0.37	review (uncertain pick)	1057	4.4394e-05
non-cancer illness code, self-reported: osteoarthritis	Self-reported illness	1	MONDO:0005178	osteoarthritis	0.75	0.57	review (uncertain pick)	1048	4.401600000000001e-05
non-cancer illness code, self-reported: osteopenia	Self-reported illness	1	HP:0000938	Osteopenia	0.81	0.65	review (uncertain pick)	981	4.120200000000001e-05
non-cancer illness code, self-reported: osteoporosis	Self-reported illness	1	HP:0000939	Osteoporosis	0.6869	0.5253	review (uncertain pick)	943	3.960600000000001e-05
non-cancer illness code, self-reported: other joint disorder	Self-reported illness	1	none_suitable		0.4	0.01	review (uncertain abstention)	852	3.5784e-05
non-cancer illness code, self-reported: other neurological problem	Self-reported illness	1	none_suitable		0.56	0.26	review (uncertain abstention)	875	3.6750000000000006e-05
non-cancer illness code, self-reported: other renal/kidney problem	Self-reported illness	1	MONDO:0005240	kidney disorder	0.66	0.37	review (uncertain pick)	890	3.738e-05
non-cancer illness code, self-reported: ovarian cyst or cysts	Self-reported illness	1	HP:0000138	Ovarian cyst	0.6667	0.3939	review (uncertain pick)	926	3.8892e-05
non-cancer illness code, self-reported: pancreatitis	Self-reported illness	1	MONDO:0004982	pancreatitis	0.53	0.21	review (uncertain pick)	1012	4.2504000000000005e-05
non-cancer illness code, self-reported: peritonitis	Self-reported illness	1	MONDO:1010128	peritonitis	0.75	0.61	review (uncertain pick)	1034	4.3428000000000005e-05
non-cancer illness code, self-reported: pernicious anaemia	Self-reported illness	1	MONDO:0008228	pernicious anemia	0.85	0.75	auto-accepted	950	3.99e-05
non-cancer illness code, self-reported: pleurisy	Self-reported illness	1	MONDO:0000986	pleurisy	0.71	0.51	review (uncertain pick)	909	3.8178e-05
non-cancer illness code, self-reported: pneumonia	Self-reported illness	1	MONDO:0005249	pneumonia	0.72	0.53	review (uncertain pick)	1108	4.6536e-05
non-cancer illness code, self-reported: prolapsed disc/slipped disc	Self-reported illness	1	EFO:1001800	Intervertebral Disc Displacement	0.8	0.7	review (uncertain pick)	952	3.9984e-05
non-cancer illness code, self-reported: psoriasis	Self-reported illness	1	MONDO:0005083	psoriasis	0.72	0.55	review (uncertain pick)	1013	4.2546e-05
non-cancer illness code, self-reported: pulmonary embolism +/- dvt	Self-reported illness	1	MONDO:0005279	pulmonary embolism	0.63	0.39	review (uncertain pick)	1087	4.565400000000001e-05
non-cancer illness code, self-reported: rectal or colon adenoma/polyps	Self-reported illness	1	MONDO:0005484	colorectal adenoma	0.79	0.65	review (uncertain pick)	1151	4.8342e-05
non-cancer illness code, self-reported: retinal detachment	Self-reported illness	1	MONDO:0008375	retinal detachment	0.8	0.66	review (uncertain pick)	933	3.9186e-05
non-cancer illness code, self-reported: rheumatic fever	Self-reported illness	1	MONDO:0017767	rheumatic fever	0.8	0.66	review (uncertain pick)	1000	4.2000000000000004e-05
non-cancer illness code, self-reported: rheumatoid arthritis	Self-reported illness	1	MONDO:0008383	rheumatoid arthritis	0.6	0.31	review (uncertain pick)	1135	4.767e-05
non-cancer illness code, self-reported: sciatica	Self-reported illness	1	HP:0011868	Sciatica	0.72	0.51	review (uncertain pick)	884	3.7128e-05
non-cancer illness code, self-reported: sleep apnoea	Self-reported illness	1	HP:0010535	Sleep apnea	0.73	0.53	review (uncertain pick)	943	3.960600000000001e-05
non-cancer illness code, self-reported: spine arthritis/spondylitis	Self-reported illness	1	MONDO:0005306	ankylosing spondylitis	0.32	0.01	review (uncertain pick)	917	3.8514e-05
non-cancer illness code, self-reported: spontaneous pneumothorax/recurrent pneumothorax	Self-reported illness	1	HP:0002108	Spontaneous pneumothorax	0.35	0.1	review (uncertain pick)	1025	4.305000000000001e-05
non-cancer illness code, self-reported: stomach disorder	Self-reported illness	1	MONDO:0004298	stomach disorder	0.49	0.2	review (uncertain pick)	955	4.011e-05
non-cancer illness code, self-reported: stroke	Self-reported illness	1	MONDO:0005098	stroke disorder	0.75	0.57	review (uncertain pick)	1008	4.2336e-05
non-cancer illness code, self-reported: thyroid problem (not cancer)	Self-reported illness	1	MONDO:0003240	thyroid gland disorder	0.8	0.61	review (uncertain pick)	977	4.1034e-05
non-cancer illness code, self-reported: tonsiltis	Self-reported illness	1	MONDO:0001039	tonsillitis	0.88	0.81	auto-accepted	926	3.8892e-05
non-cancer illness code, self-reported: transient ischaemic attack (tia)	Self-reported illness	1	MONDO:0005264	transient ischemic attack	0.81	0.67	review (uncertain pick)	963	4.0446e-05
non-cancer illness code, self-reported: trapped nerve/compressed nerve	Self-reported illness	1	MONDO:0003615	nerve compression syndrome	0.86	0.76	auto-accepted	887	3.7254e-05
non-cancer illness code, self-reported: tuberculosis (tb)	Self-reported illness	1	MONDO:0018076	tuberculosis	0.7	0.5	review (uncertain pick)	1014	4.2588e-05
non-cancer illness code, self-reported: type 2 diabetes	Self-reported illness	1	none_suitable		0.9	0.83	no suitable term	1015	4.2630000000000004e-05
non-cancer illness code, self-reported: ulcerative colitis	Self-reported illness	1	MONDO:0005101	ulcerative colitis	0.83	0.7	review (uncertain pick)	947	3.9774e-05
non-cancer illness code, self-reported: unclassifiable	Self-reported illness	1	none_suitable		0.798	0.6566	review (uncertain abstention)	910	3.822e-05
non-cancer illness code, self-reported: urinary frequency / incontinence	Self-reported illness	1	EFO:0008008	lower urinary tract symptom	0.65	0.46	review (uncertain pick)	964	4.0488e-05
non-cancer illness code, self-reported: urinary tract infection/kidney infection	Self-reported illness	1	MONDO:0100338	urinary tract infection	0.36	0.06	review (uncertain pick)	872	3.662400000000001e-05
non-cancer illness code, self-reported: uterine fibroids	Self-reported illness	1	MONDO:0007886	uterine corpus leiomyoma	0.46	0.05	review (uncertain pick)	1013	4.2546e-05
non-cancer illness code, self-reported: uterine polyps	Self-reported illness	1	MONDO:0004701	uterine polyp	0.66	0.46	review (uncertain pick)	1011	4.2462e-05
non-cancer illness code, self-reported: vaginal prolapse/uterine prolapse	Self-reported illness	1	MONDO:0000082	pelvic organ prolapse	0.4	0.01	review (uncertain pick)	988	4.1496e-05
non-cancer illness code, self-reported: varicose veins	Self-reported illness	1	HP:0002619	Varicose veins	0.5758	0.3434	review (uncertain pick)	939	3.9438e-05
non-oily fish intake	Diet and supplements	1	EFO:0010139	fish consumption measurement	0.79	0.58	review (uncertain pick)	845	3.549000000000001e-05
number in household	Sociodemographic / environment	1	none_suitable		0.58	0.21	review (uncertain abstention)	838	3.5196e-05
number of attempts	Other measurement / questionnaire	1	none_suitable		0.94	0.91	no suitable term	822	3.4524000000000004e-05
number of baguettes with butter/margarine	Diet and supplements	1	none_suitable		1.0	1.0	no suitable term	861	3.6162000000000004e-05
number of baps with  butter/margarine	Diet and supplements	1	none_suitable		1.0	1.0	no suitable term	852	3.5784e-05
number of blood samples taken	Other measurement / questionnaire	1	none_suitable		0.91	0.84	no suitable term	805	3.381e-05
number of bread rolls with  butter/margarine	Diet and supplements	1	none_suitable		1.0	1.0	no suitable term	933	3.9186e-05
number of bread slices with butter/margarine	Diet and supplements	1	none_suitable		1.0	1.0	no suitable term	882	3.7044e-05
number of children fathered	Other measurement / questionnaire	1	EFO:0009814	number of children fathered measurement	0.98	0.97	auto-accepted	811	3.4062e-05
number of cigarettes currently smoked daily (current cigarette smokers)	Other measurement / questionnaire	1	EFO:0006525	cigarettes per day measurement	0.97	0.95	auto-accepted	897	3.7674000000000006e-05
number of cigarettes previously smoked daily	Other measurement / questionnaire	1	EFO:0006525	cigarettes per day measurement	0.65	0.42	review (uncertain pick)	873	3.6666000000000004e-05
number of correct matches in round	Other measurement / questionnaire	2	none_suitable		1.0	1.0	no suitable term	921	3.868200000000001e-05
number of crackers/crispbreads with butter/margarine	Diet and supplements	1	none_suitable		0.96	0.92	no suitable term	838	3.5196e-05
number of days/week of moderate physical activity 10+ minutes	Physical activity / lifestyle	1	EFO:0008002	physical activity measurement	0.83	0.67	review (uncertain pick)	888	3.7296000000000003e-05
number of days/week of vigorous physical activity 10+ minutes	Physical activity / lifestyle	1	EFO:0008002	physical activity measurement	0.79	0.62	review (uncertain pick)	885	3.7170000000000005e-05
number of days/week walked 10+ minutes	Physical activity / lifestyle	1	EFO:0008002	physical activity measurement	0.49	0.04	review (uncertain pick)	852	3.5784e-05
number of depression episodes	Other measurement / questionnaire	1	EFO:0007704	depressive episode measurement	0.99	0.98	auto-accepted	882	3.7044e-05
number of diet questionnaires completed	Diet and supplements	1	none_suitable		0.96	0.94	no suitable term	921	3.868200000000001e-05
number of fluid intelligence questions attempted within time limit	Other measurement / questionnaire	1	none_suitable		0.66	0.47	review (uncertain abstention)	835	3.507e-05
number of full brothers	Other measurement / questionnaire	1	none_suitable		0.72	0.47	review (uncertain abstention)	833	3.4986e-05
number of full sisters	Other measurement / questionnaire	1	none_suitable		0.77	0.55	review (uncertain abstention)	820	3.444e-05
number of incorrect matches in round	Other measurement / questionnaire	2	none_suitable		1.0	1.0	no suitable term	975	4.095e-05
number of live births	Other measurement / questionnaire	1	EFO:0009102	number of children ever born measurement	0.89	0.78	auto-accepted	857	3.5994e-05
number of measurements made	Other measurement / questionnaire	1	none_suitable		0.89	0.84	no suitable term	798	3.3516e-05
number of oatcakes with  butter/margarine	Diet and supplements	1	none_suitable		1.0	1.0	no suitable term	946	3.9732000000000005e-05
number of older siblings	Other measurement / questionnaire	1	none_suitable		0.72	0.44	review (uncertain abstention)	855	3.591e-05
number of operations, self-reported	Other measurement / questionnaire	1	EFO:0009802	number of operations, self-reported	0.99	0.98	auto-accepted	843	3.5406e-05
number of other bread types with  butter/margarine	Diet and supplements	1	none_suitable		1.0	1.0	no suitable term	840	3.528e-05
number of pregnancy terminations	Other measurement / questionnaire	1	none_suitable		0.62	0.28	review (uncertain abstention)	815	3.423e-05
number of self-reported cancers	Other measurement / questionnaire	1	EFO:0009800	number of cancers, self-reported	1.0	1.0	auto-accepted	906	3.8052e-05
number of self-reported non-cancer illnesses	Other measurement / questionnaire	1	EFO:0009801	number of non-cancer illnesses, self-reported	1.0	1.0	auto-accepted	965	4.053000000000001e-05
number of spontaneous miscarriages	Other measurement / questionnaire	1	none_suitable		0.44	0.22	review (uncertain abstention)	856	3.5952000000000004e-05
number of stillbirths	Other measurement / questionnaire	1	EFO:0009722	number of stillbirths	1.0	1.0	auto-accepted	863	3.6246000000000005e-05
number of symbol digit matches attempted	Other measurement / questionnaire	1	none_suitable		1.0	1.0	no suitable term	849	3.5658e-05
number of symbol digit matches made correctly	Other measurement / questionnaire	1	none_suitable		1.0	1.0	no suitable term	930	3.906e-05
number of times snap-button pressed	Other measurement / questionnaire	1	none_suitable		0.88	0.77	no suitable term	844	3.5448000000000003e-05
number of treatments/medications taken	Other measurement / questionnaire	1	EFO:0009803	number of treatments or medications taken, self-reported	0.99	0.98	auto-accepted	886	3.7212e-05
number of trend entries	Other measurement / questionnaire	1	none_suitable		0.99	0.98	no suitable term	824	3.4608e-05
number of triplets attempted (left)	Other measurement / questionnaire	1	none_suitable		0.92	0.86	no suitable term	852	3.5784e-05
number of triplets attempted (right)	Other measurement / questionnaire	1	none_suitable		0.96	0.94	no suitable term	850	3.57e-05
number of unenthusiastic/disinterested episodes	Other measurement / questionnaire	1	HP:0000741	Apathy	0.59	0.23	review (uncertain pick)	853	3.5826000000000006e-05
number of unsuccessful stop-smoking attempts	Other measurement / questionnaire	1	none_suitable		0.89	0.78	no suitable term	831	3.4902000000000006e-05
number of vehicles in household	Sociodemographic / environment	1	none_suitable		0.96	0.93	no suitable term	856	3.5952000000000004e-05
oat crunch intake	Diet and supplements	1	none_suitable		0.99	0.98	no suitable term	853	3.5826000000000006e-05
oatcakes intake	Diet and supplements	1	none_suitable		1.0	1.0	no suitable term	848	3.5616000000000006e-05
oily fish intake	Diet and supplements	2	EFO:0010139	fish consumption measurement	0.79	0.59	review (uncertain pick)	860	3.612e-05
olives intake	Diet and supplements	1	none_suitable		0.99	0.98	no suitable term	837	3.5154e-05
omelette intake	Diet and supplements	1	none_suitable		0.99	0.98	no suitable term	833	3.4986e-05
onion intake	Diet and supplements	1	none_suitable		0.95	0.91	no suitable term	795	3.3390000000000004e-05
operation code: abdominal/pelvic adhesion surgery	Self-reported operation	1	none_suitable		0.87	0.76	no suitable term	889	3.7338e-05
operation code: adenoid surgery / adenoidectomy	Self-reported operation	1	none_suitable		0.96	0.92	no suitable term	894	3.754800000000001e-05
operation code: anal surgery	Self-reported operation	1	none_suitable		0.5	0.02	review (uncertain abstention)	940	3.948e-05
operation code: ankle surgery	Self-reported operation	1	none_suitable		0.99	0.98	no suitable term	835	3.507e-05
operation code: anterior/posterior repair bladder/uterus	Self-reported operation	1	none_suitable		0.94	0.9	no suitable term	927	3.8934000000000004e-05
operation code: appendicectomy	Self-reported operation	1	EFO:0600086	appendectomy	0.99	0.98	auto-accepted	854	3.5868e-05
operation code: arthroscopy nos	Self-reported operation	1	none_suitable		1.0	1.0	no suitable term	858	3.6036000000000005e-05
operation code: bilateral oophorectomy	Self-reported operation	1	EFO:0009717	bilateral oophorectomy	0.98	0.97	auto-accepted	892	3.7464e-05
operation code: bladder surgery	Self-reported operation	1	none_suitable		0.95	0.9	no suitable term	907	3.8094000000000005e-05
operation code: bone surgery/joint surgery	Self-reported operation	1	EFO:0010726	total joint arthroplasty	0.59	0.19	review (uncertain pick)	826	3.4692000000000006e-05
operation code: brain surgery	Self-reported operation	1	none_suitable		1.0	1.0	no suitable term	891	3.7422e-05
operation code: breast cyst/abscess removal	Self-reported operation	1	none_suitable		0.96	0.92	no suitable term	1017	4.2714e-05
operation code: breast surgery	Self-reported operation	1	none_suitable		1.0	1.0	no suitable term	874	3.6708e-05
operation code: bunion/hallus valgus surgery	Self-reported operation	1	none_suitable		0.83	0.66	review (uncertain abstention)	909	3.8178e-05
operation code: caesarean section / caesarian section	Self-reported operation	1	EFO:0009636	cesarean section	0.99	0.98	auto-accepted	935	3.927e-05
operation code: carpal tunnel surgery	Self-reported operation	1	none_suitable		0.9	0.84	no suitable term	940	3.948e-05
operation code: cataract extraction/lens implant	Self-reported operation	1	EFO:0010722	ophthalmic procedure	0.58	0.16	review (uncertain pick)	898	3.7716e-05
operation code: cervix surgery	Self-reported operation	1	none_suitable		0.92	0.85	no suitable term	935	3.927e-05
operation code: cholecystectomy/gall bladder removal	Self-reported operation	1	EFO:0022929	cholecystectomy	0.99	0.98	auto-accepted	830	3.486e-05
operation code: colectomy/hemicolectomy	Self-reported operation	1	none_suitable		0.55	0.28	review (uncertain abstention)	857	3.5994e-05
operation code: colonoscopy/sigmoidoscopy	Self-reported operation	1	none_suitable		0.58	0.18	review (uncertain abstention)	880	3.6960000000000005e-05
operation code: colposcopy +/- biopsy	Self-reported operation	1	none_suitable		0.67	0.34	review (uncertain abstention)	1028	4.317600000000001e-05
operation code: cone biopsy	Self-reported operation	1	none_suitable		0.98	0.96	no suitable term	921	3.868200000000001e-05
operation code: coronary angiogram	Self-reported operation	1	none_suitable		0.95	0.93	no suitable term	1003	4.2126e-05
operation code: coronary angioplasty (ptca) +/- stent	Self-reported operation	1	EFO:0003951	percutaneous transluminal coronary angioplasty	0.97	0.95	auto-accepted	987	4.145400000000001e-05
operation code: coronary artery bypass grafts (cabg)	Self-reported operation	1	EFO:0003776	coronary artery bypass	0.98	0.97	auto-accepted	942	3.9564e-05
operation code: cruciate ligament surgery	Self-reported operation	1	none_suitable		0.94	0.88	no suitable term	852	3.5784e-05
operation code: cystectomy	Self-reported operation	1	none_suitable		0.58	0.17	review (uncertain abstention)	869	3.6498e-05
operation code: dental/tooth surgery	Self-reported operation	1	none_suitable		0.89	0.78	no suitable term	850	3.57e-05
operation code: dilatation and curettage/d+c	Self-reported operation	1	EFO:0010728	curettage	0.9	0.8	auto-accepted	939	3.9438e-05
operation code: discectomy	Self-reported operation	1	none_suitable		0.96	0.92	no suitable term	897	3.7674000000000006e-05
operation code: ear surgery	Self-reported operation	1	none_suitable		0.85	0.71	no suitable term	863	3.6246000000000005e-05
operation code: ectopic pregnancy surgery	Self-reported operation	1	none_suitable		0.88	0.8	no suitable term	962	4.0404e-05
operation code: elbow surgery	Self-reported operation	1	none_suitable		0.99	0.98	no suitable term	903	3.7926e-05
operation code: endometrial ablation	Self-reported operation	1	none_suitable		1.0	1.0	no suitable term	1092	4.586400000000001e-05
operation code: endoscopy / gastroscopy	Self-reported operation	1	none_suitable		0.79	0.58	review (uncertain abstention)	896	3.7632e-05
operation code: eye surgery	Self-reported operation	1	EFO:0010722	ophthalmic procedure	0.94	0.88	auto-accepted	885	3.7170000000000005e-05
operation code: fertility treatment procedures	Self-reported operation	1	none_suitable		0.55	0.27	review (uncertain abstention)	903	3.7926e-05
operation code: foot surgery	Self-reported operation	1	none_suitable		0.97	0.95	no suitable term	830	3.486e-05
operation code: gynaecological surgery	Self-reported operation	1	none_suitable		0.79	0.59	review (uncertain abstention)	889	3.7338e-05
operation code: haemorroidectomy / piles surgery/ banding of piles	Self-reported operation	1	none_suitable		0.8	0.65	review (uncertain abstention)	872	3.662400000000001e-05
operation code: hand/finger surgery	Self-reported operation	1	none_suitable		1.0	1.0	no suitable term	1051	4.4142000000000005e-05
operation code: hernia surgery	Self-reported operation	1	none_suitable		0.69	0.4	review (uncertain abstention)	926	3.8892e-05
operation code: hip replacement/revision	Self-reported operation	1	EFO:0020973	revision of total hip arthroplasty	0.6	0.35	review (uncertain pick)	1025	4.305000000000001e-05
operation code: hip surgery (not replacement)	Self-reported operation	1	none_suitable		1.0	1.0	no suitable term	995	4.1790000000000005e-05
operation code: hysterectomy	Self-reported operation	1	EFO:0003881	hysterectomy	0.98	0.96	auto-accepted	885	3.7170000000000005e-05
operation code: hysteroscopy +/- biopsy	Self-reported operation	1	none_suitable		0.72	0.45	review (uncertain abstention)	959	4.0278e-05
operation code: incisional hernia repair	Self-reported operation	1	none_suitable		0.7	0.46	review (uncertain abstention)	985	4.137e-05
operation code: inguinal hernia repair	Self-reported operation	1	none_suitable		0.85	0.7	no suitable term	976	4.0992e-05
operation code: inguinal/femoral hernia repair	Self-reported operation	1	none_suitable		0.89	0.8	no suitable term	961	4.0362000000000004e-05
operation code: knee replacement/revision	Self-reported operation	1	EFO:0020972	revision of total knee arthroplasty	0.63	0.43	review (uncertain pick)	995	4.1790000000000005e-05
operation code: knee surgery (not replacement)	Self-reported operation	1	none_suitable		1.0	1.0	no suitable term	921	3.868200000000001e-05
operation code: laparoscopy	Self-reported operation	1	none_suitable		0.85	0.72	no suitable term	865	3.633e-05
operation code: laparotomy nos	Self-reported operation	1	none_suitable		0.69	0.38	review (uncertain abstention)	916	3.847200000000001e-05
operation code: large bowel resection +/- colostomy	Self-reported operation	1	EFO:0009744	surgical resection	0.51	0.05	review (uncertain pick)	1041	4.3722000000000006e-05
operation code: lower limb surgery	Self-reported operation	1	none_suitable		0.77	0.54	review (uncertain abstention)	956	4.0152000000000005e-05
operation code: lumpectomy	Self-reported operation	1	none_suitable		0.71	0.56	review (uncertain abstention)	870	3.654e-05
operation code: male circumcision	Self-reported operation	1	EFO:0003953	circumcision	0.93	0.86	auto-accepted	897	3.7674000000000006e-05
operation code: mammoplasty/cosmetic operation on breast	Self-reported operation	1	none_suitable		0.9	0.8	no suitable term	882	3.7044e-05
operation code: mastectomy	Self-reported operation	1	EFO:0020987	mastectomy	0.98	0.96	auto-accepted	895	3.759e-05
operation code: maxillo-facial surgery	Self-reported operation	1	none_suitable		1.0	1.0	no suitable term	898	3.7716e-05
operation code: mouth/salivary gland surgery	Self-reported operation	1	none_suitable		0.78	0.56	review (uncertain abstention)	902	3.7884000000000005e-05
operation code: muscle/soft tissue surgery	Self-reported operation	1	none_suitable		0.99	0.98	no suitable term	933	3.9186e-05
operation code: myomectomy/fibroids removed	Self-reported operation	1	none_suitable		0.89	0.84	no suitable term	931	3.9102e-05
operation code: nasal polyp surgery / nasal polypectomy	Self-reported operation	1	none_suitable		0.88	0.83	no suitable term	915	3.843e-05
operation code: nasal/sinus/nose surgery	Self-reported operation	1	none_suitable		0.97	0.94	no suitable term	898	3.7716e-05
operation code: nephrectomy/kidney removed	Self-reported operation	1	EFO:0009744	surgical resection	0.83	0.66	review (uncertain pick)	872	3.662400000000001e-05
operation code: oesphageal fundoplication/hiatus hernia surgery	Self-reported operation	1	none_suitable		0.5	0.1	review (uncertain abstention)	986	4.1411999999999996e-05
operation code: other bowel surgery	Self-reported operation	1	EFO:0020979	digestive system surgery	0.8	0.62	review (uncertain pick)	957	4.0194e-05
operation code: other thoracic surgery	Self-reported operation	1	none_suitable		0.98	0.96	no suitable term	808	3.3936e-05
operation code: other urological surgery	Self-reported operation	1	none_suitable		0.95	0.91	no suitable term	915	3.843e-05
operation code: ovarian cyst removal/surgery	Self-reported operation	1	none_suitable		0.99	0.98	no suitable term	1032	4.3344e-05
operation code: ovarian/tubal surgery	Self-reported operation	1	none_suitable		1.0	1.0	no suitable term	947	3.9774e-05
operation code: percutaneous/open kidney stone surgery/lithotripsy	Self-reported operation	1	none_suitable		0.97	0.96	no suitable term	883	3.7086000000000004e-05
operation code: pilonidal sinus surgery (anal)	Self-reported operation	1	none_suitable		0.72	0.5	review (uncertain abstention)	933	3.9186e-05
operation code: prostate operation	Self-reported operation	1	none_suitable		0.87	0.75	no suitable term	876	3.6792e-05
operation code: radical prostatectomy	Self-reported operation	1	EFO:0020684	radical prostatectomy	0.94	0.88	auto-accepted	903	3.7926e-05
operation code: rectal or colon polypectomy	Self-reported operation	1	none_suitable		0.94	0.92	no suitable term	1054	4.4268000000000004e-05
operation code: reduction or fixation of bone fracture	Self-reported operation	1	none_suitable		0.97	0.94	no suitable term	803	3.3726e-05
operation code: removal of mole/skin lesion	Self-reported operation	1	none_suitable		0.99	0.98	no suitable term	952	3.9984e-05
operation code: removal of rodent ulcer / basal cell carcinoma (bcc)	Self-reported operation	1	none_suitable		0.78	0.59	review (uncertain abstention)	935	3.927e-05
operation code: removal of testicle/orchidectomy	Self-reported operation	1	none_suitable		1.0	1.0	no suitable term	859	3.6078e-05
operation code: retinal operation/vitrectomy	Self-reported operation	1	EFO:0010722	ophthalmic procedure	0.67	0.34	review (uncertain pick)	953	4.0026e-05
operation code: rhinoplasty / nose surgery	Self-reported operation	1	none_suitable		1.0	1.0	no suitable term	858	3.6036000000000005e-05
operation code: shoulder surgery	Self-reported operation	1	none_suitable		0.85	0.7	no suitable term	932	3.9144e-05
operation code: sinus surgery	Self-reported operation	1	none_suitable		0.99	0.98	no suitable term	951	3.9942000000000005e-05
operation code: skin operation or plastic surgery	Self-reported operation	1	none_suitable		0.9	0.85	no suitable term	972	4.0824e-05
operation code: spinal laminectomy	Self-reported operation	1	none_suitable		0.98	0.96	no suitable term	908	3.8136e-05
operation code: spine or back surgery	Self-reported operation	1	EFO:0022932	spinal fusion	0.57	0.15	review (uncertain pick)	890	3.738e-05
operation code: squint correction	Self-reported operation	1	none_suitable		0.46	0.09	review (uncertain abstention)	902	3.7884000000000005e-05
operation code: sterilisation	Self-reported operation	1	none_suitable		0.93	0.88	no suitable term	906	3.8052e-05
operation code: stomach surgery	Self-reported operation	1	EFO:0020979	digestive system surgery	0.78	0.56	review (uncertain pick)	880	3.6960000000000005e-05
operation code: termination of pregnancy/top	Self-reported operation	1	EFO:1001491	abortion	0.96	0.92	auto-accepted	1022	4.2924e-05
operation code: testicular hydrocoele surgery / drainage	Self-reported operation	1	none_suitable		0.91	0.86	no suitable term	1076	4.5192e-05
operation code: testicular/scrotal operation	Self-reported operation	1	none_suitable		0.99	0.98	no suitable term	981	4.120200000000001e-05
operation code: throat/larynx surgery (incl tracheostomy)	Self-reported operation	1	none_suitable		0.93	0.86	no suitable term	1016	4.2672e-05
operation code: thyroidectomy/partial thyroidectomy	Self-reported operation	1	none_suitable		0.99	0.98	no suitable term	917	3.8514e-05
operation code: tonsillectomy +/- adenoids	Self-reported operation	1	EFO:0010174	tonsillectomy	0.88	0.77	auto-accepted	917	3.8514e-05
operation code: tonsillectomy / tonsil surgery	Self-reported operation	1	EFO:0010174	tonsillectomy	0.98	0.96	auto-accepted	933	3.9186e-05
operation code: transurethral resection of prostate (turp)	Self-reported operation	1	none_suitable		0.94	0.89	no suitable term	916	3.847200000000001e-05
operation code: umbilical hernia repair	Self-reported operation	1	none_suitable		0.8182	0.6566	review (uncertain abstention)	998	4.1916e-05
operation code: unclassifiable	Self-reported operation	1	none_suitable		0.98	0.96	no suitable term	903	3.7926e-05
operation code: unilateral oophorectomy	Self-reported operation	1	EFO:0010173	oophorectomy	0.55	0.11	review (uncertain pick)	925	3.885e-05
operation code: upper limb surgery	Self-reported operation	1	none_suitable		0.99	0.98	no suitable term	894	3.754800000000001e-05
operation code: uterine surgery	Self-reported operation	1	none_suitable		0.89	0.83	no suitable term	971	4.0782000000000004e-05
operation code: vaginal prolapse/colposuspension	Self-reported operation	1	none_suitable		0.66	0.42	review (uncertain abstention)	970	4.0740000000000006e-05
operation code: varicose vein surgery	Self-reported operation	1	none_suitable		0.92	0.87	no suitable term	865	3.633e-05
operation code: vasectomy	Self-reported operation	1	none_suitable		0.55	0.13	review (uncertain abstention)	907	3.8094000000000005e-05
operation code: wisdom teeth surgery	Self-reported operation	1	none_suitable		0.92	0.85	no suitable term	848	3.5616000000000006e-05
operative procedures - main opcs: a52.1 therapeutic lumbar epidural injection	OPCS procedure	1	none_suitable		0.67	0.35	review (uncertain abstention)	858	3.6036000000000005e-05
operative procedures - main opcs: a52.2 therapeutic sacral epidural injection	OPCS procedure	1	none_suitable		1.0	1.0	no suitable term	964	4.0488e-05
operative procedures - main opcs: a55.9 unspecified diagnostic spinal puncture	OPCS procedure	1	EFO:0010960	lumbar puncture	0.95	0.9	auto-accepted	1014	4.2588e-05
operative procedures - main opcs: a61.1 excision of lesion of peripheral nerve	OPCS procedure	1	none_suitable		0.97	0.95	no suitable term	834	3.5028000000000004e-05
operative procedures - main opcs: a65.1 carpal tunnel release	OPCS procedure	1	none_suitable		0.93	0.87	no suitable term	913	3.8346e-05
operative procedures - main opcs: a73.5 injection of therapeutic substance around peripheral nerve	OPCS procedure	1	none_suitable		1.0	1.0	no suitable term	830	3.486e-05
operative procedures - main opcs: b27.4 total mastectomy nec	OPCS procedure	1	EFO:0020987	mastectomy	0.94	0.88	auto-accepted	936	3.9312e-05
operative procedures - main opcs: b28.2 partial excision of breast nec	OPCS procedure	1	none_suitable		0.95	0.9	no suitable term	957	4.0194e-05
operative procedures - main opcs: b28.3 excision of lesion of breast nec	OPCS procedure	1	none_suitable		0.85	0.7	no suitable term	974	4.0908e-05
operative procedures - main opcs: b28.5 wire guided partial excision of breast	OPCS procedure	1	none_suitable		0.99	0.98	no suitable term	1003	4.2126e-05
operative procedures - main opcs: c12.1 excision of lesion of eyelid nec	OPCS procedure	1	none_suitable		0.98	0.96	no suitable term	853	3.5826000000000006e-05
operative procedures - main opcs: c12.4 curettage of lesion of eyelid	OPCS procedure	1	none_suitable		1.0	1.0	no suitable term	869	3.6498e-05
operative procedures - main opcs: c75.1 insertion of prosthetic replacement for lens nec	OPCS procedure	1	none_suitable		0.61	0.27	review (uncertain abstention)	901	3.7842e-05
operative procedures - main opcs: c79.2 vitrectomy using pars plana approach	OPCS procedure	1	none_suitable		0.58	0.16	review (uncertain abstention)	936	3.9312e-05
operative procedures - main opcs: d02.1 excision of lesion of external ear	OPCS procedure	1	none_suitable		0.98	0.97	no suitable term	891	3.7422e-05
operative procedures - main opcs: d15.1 myringotomy with insertion of ventilation tube through tympanic membrane	OPCS procedure	1	none_suitable		0.96	0.94	no suitable term	942	3.9564e-05
operative procedures - main opcs: e03.6 septoplasty of nose nec	OPCS procedure	1	none_suitable		0.94	0.88	no suitable term	883	3.7086000000000004e-05
operative procedures - main opcs: e08.1 polypectomy of internal nose	OPCS procedure	1	none_suitable		0.98	0.96	no suitable term	1007	4.2294000000000005e-05
operative procedures - main opcs: e09.1 excision of lesion of external nose	OPCS procedure	1	EFO:0009744	surgical resection	0.65	0.3	review (uncertain pick)	862	3.6204e-05
operative procedures - main opcs: e36.9 unspecified diagnostic endoscopic examination of larynx	OPCS procedure	1	none_suitable		1.0	1.0	no suitable term	1018	4.2756e-05
operative procedures - main opcs: e49.9 unspecified diagnostic fibreoptic endoscopic examination of lower respiratory tract	OPCS procedure	1	none_suitable		0.9	0.81	no suitable term	982	4.1244e-05
operative procedures - main opcs: f02.1 excision of lesion of lip	OPCS procedure	1	none_suitable		0.98	0.97	no suitable term	877	3.6834e-05
operative procedures - main opcs: f09.1 surgical removal of impacted wisdom tooth	OPCS procedure	1	none_suitable		0.88	0.76	no suitable term	967	4.0614e-05
operative procedures - main opcs: f09.3 surgical removal of wisdom tooth nec	OPCS procedure	1	none_suitable		0.83	0.66	review (uncertain abstention)	923	3.8766e-05
operative procedures - main opcs: f09.5 surgical removal of retained root of tooth	OPCS procedure	1	none_suitable		0.97	0.95	no suitable term	902	3.7884000000000005e-05
operative procedures - main opcs: f12.1 apicectomy of tooth	OPCS procedure	1	none_suitable		0.89	0.78	no suitable term	890	3.738e-05
operative procedures - main opcs: g45.1 fibreoptic endoscopic examination of upper gastrointestinal tract and biopsy of lesion of upper gastrointestinal tract	OPCS procedure	1	none_suitable		0.6	0.2	review (uncertain abstention)	968	4.0656000000000005e-05
operative procedures - main opcs: g45.9 unspecified diagnostic fibreoptic endoscopic examination of upper gastrointestinal tract	OPCS procedure	1	none_suitable		0.59	0.18	review (uncertain abstention)	895	3.759e-05
operative procedures - main opcs: h01.2 emergency excision of abnormal appendix nec	OPCS procedure	1	EFO:0600086	appendectomy	0.92	0.84	auto-accepted	908	3.8136e-05
operative procedures - main opcs: h20.1 fibreoptic endoscopic snare resection of lesion of colon	OPCS procedure	1	EFO:0020979	digestive system surgery	0.65	0.31	review (uncertain pick)	917	3.8514e-05
operative procedures - main opcs: h20.2 fibreoptic endoscopic cauterisation of lesion of colon	OPCS procedure	1	none_suitable		0.56	0.14	review (uncertain abstention)	904	3.7968e-05
operative procedures - main opcs: h20.6 fibreoptic endoscopic resection of lesion of colon nec	OPCS procedure	1	none_suitable		0.51	0.04	review (uncertain abstention)	918	3.8556e-05
operative procedures - main opcs: h22.1 diagnostic fibreoptic endoscopic examination of colon and biopsy of lesion of colon	OPCS procedure	1	EFO:0020979	digestive system surgery	0.52	0.04	review (uncertain pick)	931	3.9102e-05
operative procedures - main opcs: h22.9 unspecified diagnostic endoscopic examination of colon	OPCS procedure	1	none_suitable		0.72	0.45	review (uncertain abstention)	882	3.7044e-05
operative procedures - main opcs: h23.1 endoscopic snare resection of lesion of lower bowel using fibreoptic sigmoidoscope	OPCS procedure	1	EFO:0020979	digestive system surgery	0.61	0.23	review (uncertain pick)	959	4.0278e-05
operative procedures - main opcs: h25.1 diagnostic endoscopic examination of lower bowel and biopsy of lesion of lower bowel using fibreoptic sigmoidoscope	OPCS procedure	1	none_suitable		0.5	0.14	review (uncertain abstention)	956	4.0152000000000005e-05
operative procedures - main opcs: h25.9 unspecified diagnostic endoscopic examination of lower bowel using fibreoptic sigmoidoscope	OPCS procedure	1	none_suitable		0.62	0.37	review (uncertain abstention)	904	3.7968e-05
operative procedures - main opcs: h28.9 unspecified diagnostic endoscopic examination of sigmoid colon using rigid sigmoidoscope	OPCS procedure	1	none_suitable		0.77	0.61	review (uncertain abstention)	885	3.7170000000000005e-05
operative procedures - main opcs: h48.2 excision of skin tag of anus	OPCS procedure	1	none_suitable		0.49	0.08	review (uncertain abstention)	955	4.011e-05
operative procedures - main opcs: h51.1 haemorrhoidectomy	OPCS procedure	1	none_suitable		0.8283	0.697	review (uncertain abstention)	807	3.3894000000000004e-05
operative procedures - main opcs: h52.4 rubber band ligation of haemorrhoid	OPCS procedure	1	none_suitable		0.64	0.3	review (uncertain abstention)	889	3.7338e-05
operative procedures - main opcs: j13.2 percutaneous biopsy of lesion of liver nec	OPCS procedure	1	none_suitable		0.94	0.91	no suitable term	913	3.8346e-05
operative procedures - main opcs: j18.3 total cholecystectomy nec	OPCS procedure	1	EFO:0022929	cholecystectomy	0.97	0.94	auto-accepted	907	3.8094000000000005e-05
operative procedures - main opcs: j43.9 unspecified diagnostic endoscopic retrograde examination of bile duct and pancreatic duct	OPCS procedure	1	EFO:0020979	digestive system surgery	0.55	0.1	review (uncertain pick)	942	3.9564e-05
operative procedures - main opcs: k45.3 anastomosis of mammary artery to left anterior descending coronary artery	OPCS procedure	1	EFO:0003776	coronary artery bypass	0.97	0.95	auto-accepted	887	3.7254e-05
operative procedures - main opcs: k49.1 percutaneous transluminal balloon angioplasty of one coronary artery	OPCS procedure	1	EFO:0003951	percutaneous transluminal coronary angioplasty	0.99	0.98	auto-accepted	957	4.0194e-05
operative procedures - main opcs: k63.1 angiocardiography of combination of right and left side of heart	OPCS procedure	1	none_suitable		0.97	0.95	no suitable term	987	4.145400000000001e-05
operative procedures - main opcs: k63.3 angiocardiography of left side of heart nec	OPCS procedure	1	none_suitable		0.98	0.97	no suitable term	880	3.6960000000000005e-05
operative procedures - main opcs: k63.4 coronary arteriography using two catheters	OPCS procedure	1	none_suitable		0.9	0.85	no suitable term	986	4.1411999999999996e-05
operative procedures - main opcs: k63.6 coronary arteriography nec	OPCS procedure	1	none_suitable		0.8	0.62	review (uncertain abstention)	980	4.116e-05
operative procedures - main opcs: k75.1 percutaneous transluminal balloon angioplasty and insertion of 1-2 drug-eluting stents into coronary artery	OPCS procedure	1	EFO:0003951	percutaneous transluminal coronary angioplasty	0.88	0.81	auto-accepted	963	4.0446e-05
operative procedures - main opcs: k75.3 percutaneous transluminal balloon angioplasty and insertion of 1-2 stents into coronary artery	OPCS procedure	1	EFO:0003951	percutaneous transluminal coronary angioplasty	0.94	0.91	auto-accepted	1042	4.3764e-05
operative procedures - main opcs: l84.1 combined operations on primary long saphenous vein	OPCS procedure	1	none_suitable		0.87	0.74	no suitable term	947	3.9774e-05
operative procedures - main opcs: l85.1 ligation of long saphenous vein	OPCS procedure	1	none_suitable		0.99	0.98	no suitable term	857	3.5994e-05
operative procedures - main opcs: l87.4 avulsion of varicose vein of leg	OPCS procedure	1	none_suitable		0.96	0.94	no suitable term	832	3.4944e-05
operative procedures - main opcs: m14.1 extracorporeal shock wave lithotripsy of calculus of kidney	OPCS procedure	1	none_suitable		0.89	0.8	no suitable term	865	3.633e-05
operative procedures - main opcs: m29.3 endoscopic removal of tubal prosthesis from ureter	OPCS procedure	1	none_suitable		1.0	1.0	no suitable term	932	3.9144e-05
operative procedures - main opcs: m42.1 endoscopic resection of lesion of bladder	OPCS procedure	1	none_suitable		0.99	0.98	no suitable term	921	3.868200000000001e-05
operative procedures - main opcs: m45.1 diagnostic endoscopic examination of bladder and biopsy of lesion of bladder nec	OPCS procedure	1	none_suitable		0.96	0.94	no suitable term	892	3.7464e-05
operative procedures - main opcs: m45.8 other specified diagnostic endoscopic examination of bladder	OPCS procedure	1	none_suitable		1.0	1.0	no suitable term	921	3.868200000000001e-05
operative procedures - main opcs: m45.9 unspecified diagnostic endoscopic examination of bladder	OPCS procedure	1	none_suitable		1.0	1.0	no suitable term	913	3.8346e-05
operative procedures - main opcs: m47.3 removal of urethral catheter from bladder	OPCS procedure	1	none_suitable		1.0	1.0	no suitable term	860	3.612e-05
operative procedures - main opcs: m47.4 urodynamic studies using catheter	OPCS procedure	1	none_suitable		0.99	0.98	no suitable term	950	3.99e-05
operative procedures - main opcs: m47.8 other specified urethral catheterisation of bladder	OPCS procedure	1	none_suitable		1.0	1.0	no suitable term	946	3.9732000000000005e-05
operative procedures - main opcs: m47.9 unspecified urethral catheterisation of bladder	OPCS procedure	1	none_suitable		1.0	1.0	no suitable term	944	3.9648000000000004e-05
operative procedures - main opcs: m53.8 other specified vaginal operations to support outlet of female bladder	OPCS procedure	1	none_suitable		0.59	0.21	review (uncertain abstention)	1011	4.2462e-05
operative procedures - main opcs: m61.1 total excision of prostate and capsule of prostate	OPCS procedure	1	EFO:0020684	radical prostatectomy	0.91	0.82	auto-accepted	972	4.0824e-05
operative procedures - main opcs: m65.1 endoscopic resection of prostate using electrotome	OPCS procedure	1	none_suitable		0.95	0.9	no suitable term	908	3.8136e-05
operative procedures - main opcs: m65.3 endoscopic resection of prostate nec	OPCS procedure	1	none_suitable		0.92	0.84	no suitable term	938	3.939600000000001e-05
operative procedures - main opcs: m70.3 rectal needle biopsy of prostate	OPCS procedure	1	none_suitable		0.96	0.92	no suitable term	912	3.8304000000000005e-05
operative procedures - main opcs: m76.4 endoscopic dilation of urethra	OPCS procedure	1	none_suitable		0.99	0.98	no suitable term	1009	4.2378e-05
operative procedures - main opcs: n17.1 bilateral vasectomy	OPCS procedure	1	none_suitable		0.98	0.96	no suitable term	862	3.6204e-05
operative procedures - main opcs: n30.3 circumcision	OPCS procedure	1	EFO:0003953	circumcision	0.99	0.98	auto-accepted	895	3.759e-05
operative procedures - main opcs: o29.1 subacromial decompression	OPCS procedure	1	none_suitable		0.95	0.9	no suitable term	852	3.5784e-05
operative procedures - main opcs: p23.1 anterior and posterior colporrhaphy nec	OPCS procedure	1	none_suitable		0.8081	0.6465	review (uncertain abstention)	949	3.9858000000000004e-05
operative procedures - main opcs: p23.2 anterior colporrhaphy nec	OPCS procedure	1	none_suitable		0.89	0.8	no suitable term	907	3.8094000000000005e-05
operative procedures - main opcs: p23.3 posterior colporrhaphy nec	OPCS procedure	1	none_suitable		0.87	0.74	no suitable term	973	4.0866000000000005e-05
operative procedures - main opcs: p27.3 colposcopy of vagina	OPCS procedure	1	none_suitable		1.0	1.0	no suitable term	997	4.1874000000000006e-05
operative procedures - main opcs: q01.3 excision of lesion of cervix uteri	OPCS procedure	1	none_suitable		0.97	0.95	no suitable term	1087	4.565400000000001e-05
operative procedures - main opcs: q07.4 total abdominal hysterectomy nec	OPCS procedure	1	EFO:0003881	hysterectomy	0.95	0.9	auto-accepted	890	3.738e-05
operative procedures - main opcs: q08.9 unspecified vaginal excision of uterus	OPCS procedure	1	none_suitable		1.0	1.0	no suitable term	1019	4.2798e-05
operative procedures - main opcs: q10.3 dilation of cervix uteri and curettage of uterus nec	OPCS procedure	1	none_suitable		1.0	1.0	no suitable term	1089	4.5738e-05
operative procedures - main opcs: q11.1 vacuum aspiration of products of conception from uterus nec	OPCS procedure	1	EFO:0010727	vacuum aspiration	0.91	0.86	auto-accepted	1004	4.2168e-05
operative procedures - main opcs: q11.3 evacuation of products of conception from uterus nec	OPCS procedure	1	EFO:1001491	abortion	0.66	0.37	review (uncertain pick)	933	3.9186e-05
operative procedures - main opcs: q12.1 introduction of intrauterine contraceptive device	OPCS procedure	1	EFO:0009520	contraception	0.73	0.47	review (uncertain pick)	903	3.7926e-05
operative procedures - main opcs: q17.1 endoscopic resection of lesion of uterus	OPCS procedure	1	none_suitable		0.89	0.8	no suitable term	977	4.1034e-05
operative procedures - main opcs: q18.1 diagnostic endoscopic examination of uterus and biopsy of lesion of uterus	OPCS procedure	1	EFO:0009120	biopsy	0.62	0.25	review (uncertain pick)	990	4.1580000000000005e-05
operative procedures - main opcs: q18.8 other specified diagnostic endoscopic examination of uterus	OPCS procedure	1	none_suitable		0.98	0.96	no suitable term	973	4.0866000000000005e-05
operative procedures - main opcs: q18.9 unspecified diagnostic endoscopic examination of uterus	OPCS procedure	1	none_suitable		1.0	1.0	no suitable term	1009	4.2378e-05
operative procedures - main opcs: q22.1 bilateral salpingoophorectomy	OPCS procedure	1	EFO:0009717	bilateral oophorectomy	0.54	0.12	review (uncertain pick)	953	4.0026e-05
operative procedures - main opcs: q35.2 endoscopic bilateral clipping of fallopian tubes	OPCS procedure	1	none_suitable		0.99	0.98	no suitable term	973	4.0866000000000005e-05
operative procedures - main opcs: r17.2 elective lower uterine segment caesarean delivery	OPCS procedure	1	EFO:0009636	cesarean section	0.95	0.9	auto-accepted	940	3.948e-05
operative procedures - main opcs: r18.2 lower uterine segment caesarean delivery nec	OPCS procedure	1	EFO:0009636	cesarean section	0.96	0.92	auto-accepted	916	3.847200000000001e-05
operative procedures - main opcs: r24.9 all normal delivery	OPCS procedure	1	none_suitable		0.91	0.86	no suitable term	909	3.8178e-05
operative procedures - main opcs: s06.5 excision of lesion of skin of head or neck nec	OPCS procedure	1	none_suitable		0.95	0.92	no suitable term	961	4.0362000000000004e-05
operative procedures - main opcs: s06.8 other specified other excision of lesion of skin	OPCS procedure	1	none_suitable		0.99	0.98	no suitable term	920	3.864e-05
operative procedures - main opcs: s06.9 unspecified other excision of lesion of skin	OPCS procedure	1	none_suitable		0.99	0.98	no suitable term	919	3.8598000000000006e-05
operative procedures - main opcs: s47.2 drainage of lesion of skin nec	OPCS procedure	1	none_suitable		0.89	0.78	no suitable term	879	3.6918e-05
operative procedures - main opcs: s57.1 debridement of skin nec	OPCS procedure	1	none_suitable		0.99	0.98	no suitable term	854	3.5868e-05
operative procedures - main opcs: t20.2 primary repair of inguinal hernia using insert of prosthetic material	OPCS procedure	1	none_suitable		0.86	0.74	no suitable term	1010	4.2420000000000004e-05
operative procedures - main opcs: t20.9 unspecified primary repair of inguinal hernia	OPCS procedure	1	none_suitable		0.71	0.42	review (uncertain abstention)	962	4.0404e-05
operative procedures - main opcs: t24.3 repair of umbilical hernia using sutures	OPCS procedure	1	none_suitable		0.83	0.69	review (uncertain abstention)	984	4.132800000000001e-05
operative procedures - main opcs: t43.9 unspecified diagnostic endoscopic examination of peritoneum	OPCS procedure	1	none_suitable		0.64	0.29	review (uncertain abstention)	891	3.7422e-05
operative procedures - main opcs: t52.1 palmar fasciectomy	OPCS procedure	1	none_suitable		0.92	0.84	no suitable term	833	3.4986e-05
operative procedures - main opcs: t67.6 primary simple repair of tendon	OPCS procedure	1	none_suitable		0.98	0.96	no suitable term	967	4.0614e-05
operative procedures - main opcs: t72.3 release of constriction of sheath of tendon	OPCS procedure	1	none_suitable		0.98	0.97	no suitable term	1008	4.2336e-05
operative procedures - main opcs: u05.1 computed tomography of head	OPCS procedure	1	FBbi:00001005	computed tomography	0.64	0.28	review (uncertain pick)	898	3.7716e-05
operative procedures - main opcs: u08.1 computed tomography of abdomen nec	OPCS procedure	1	FBbi:00001005	computed tomography	0.56	0.15	review (uncertain pick)	973	4.0866000000000005e-05
operative procedures - main opcs: u20.1 transthoracic echocardiography	OPCS procedure	1	none_suitable		1.0	1.0	no suitable term	856	3.5952000000000004e-05
operative procedures - main opcs: u21.2 computed tomography nec	OPCS procedure	1	FBbi:00001002	X-ray computed tomography	0.36	0.02	review (uncertain pick)	890	3.738e-05
operative procedures - main opcs: v54.4 injection around spinal facet of spine	OPCS procedure	1	none_suitable		0.96	0.92	no suitable term	986	4.1411999999999996e-05
operative procedures - main opcs: w15.1 osteotomy of neck of first metatarsal bone	OPCS procedure	1	none_suitable		0.99	0.98	no suitable term	952	3.9984e-05
operative procedures - main opcs: w15.3 osteotomy of first metatarsal bone nec	OPCS procedure	1	none_suitable		0.97	0.95	no suitable term	959	4.0278e-05
operative procedures - main opcs: w20.1 primary open reduction of fracture of long bone and extramedullary fixation using plate nec	OPCS procedure	1	none_suitable		0.85	0.74	no suitable term	921	3.868200000000001e-05
operative procedures - main opcs: w20.5 primary open reduction of fracture of ankle and extramedullary fixation nec	OPCS procedure	1	none_suitable		0.67	0.34	review (uncertain abstention)	921	3.868200000000001e-05
operative procedures - main opcs: w26.2 manipulation of fracture of bone nec	OPCS procedure	1	none_suitable		0.72	0.53	review (uncertain abstention)	832	3.4944e-05
operative procedures - main opcs: w28.3 removal of internal fixation from bone nec	OPCS procedure	1	none_suitable		1.0	1.0	no suitable term	815	3.423e-05
operative procedures - main opcs: w36.5 diagnostic extraction of bone marrow nec	OPCS procedure	1	none_suitable		0.77	0.55	review (uncertain abstention)	1002	4.2084000000000006e-05
operative procedures - main opcs: w37.1 primary total prosthetic replacement of hip joint using cement	OPCS procedure	1	EFO:0009806	total hip arthroplasty	0.94	0.88	auto-accepted	948	3.9816e-05
operative procedures - main opcs: w38.1 primary total prosthetic replacement of hip joint not using cement	OPCS procedure	1	EFO:0009806	total hip arthroplasty	0.83	0.66	review (uncertain pick)	983	4.1286e-05
operative procedures - main opcs: w40.1 primary total prosthetic replacement of knee joint using cement	OPCS procedure	1	EFO:0020975	total knee arthroplasty	0.96	0.92	auto-accepted	1007	4.2294000000000005e-05
operative procedures - main opcs: w58.1 primary resurfacing arthroplasty of joint	OPCS procedure	1	none_suitable		0.83	0.66	review (uncertain abstention)	1017	4.2714e-05
operative procedures - main opcs: w79.1 soft tissue correction of hallux valgus	OPCS procedure	1	none_suitable		0.63	0.26	review (uncertain abstention)	994	4.174800000000001e-05
operative procedures - main opcs: w82.2 endoscopic resection of semilunar cartilage nec	OPCS procedure	1	none_suitable		0.51	0.03	review (uncertain abstention)	1034	4.3428000000000005e-05
operative procedures - main opcs: w84.8 other specified therapeutic endoscopic operations on other joint structure	OPCS procedure	1	none_suitable		0.81	0.62	review (uncertain abstention)	824	3.4608e-05
operative procedures - main opcs: w85.2 endoscopic irrigation of knee joint	OPCS procedure	1	OBI:0600044	lavage	0.62	0.26	review (uncertain pick)	927	3.8934000000000004e-05
operative procedures - main opcs: w87.9 unspecified diagnostic endoscopic examination of knee joint	OPCS procedure	1	none_suitable		0.96	0.92	no suitable term	985	4.137e-05
operative procedures - main opcs: w90.1 aspiration of joint	OPCS procedure	1	none_suitable		0.97	0.94	no suitable term	879	3.6918e-05
operative procedures - main opcs: w90.3 injection of therapeutic substance into joint	OPCS procedure	1	none_suitable		0.99	0.98	no suitable term	890	3.738e-05
operative procedures - main opcs: w91.9 unspecified other manipulation of joint	OPCS procedure	1	none_suitable		0.85	0.7	no suitable term	893	3.7506e-05
operative procedures - main opcs: x29.2 continuous intravenous infusion of therapeutic substance nec	OPCS procedure	1	EFO:0010063	Therapeutic Procedure	0.45	0.19	review (uncertain pick)	907	3.8094000000000005e-05
operative procedures - main opcs: x29.8 other specified continuous infusion of therapeutic substance	OPCS procedure	1	EFO:0010063	Therapeutic Procedure	0.6	0.28	review (uncertain pick)	911	3.8262e-05
operative procedures - main opcs: x31.2 intravenous pyelography	OPCS procedure	1	none_suitable		0.99	0.98	no suitable term	957	4.0194e-05
operative procedures - main opcs: x33.9 unspecified other blood transfusion	OPCS procedure	1	EFO:0020988	blood transfusion	0.94	0.88	auto-accepted	879	3.6918e-05
operative procedures - main opcs: x35.2 intravenous chemotherapy	OPCS procedure	1	none_suitable		0.99	0.98	no suitable term	950	3.99e-05
operative procedures - main opcs: x50.1 direct current cardioversion	OPCS procedure	1	none_suitable		0.95	0.9	no suitable term	889	3.7338e-05
operative procedures - main opcs: x55.8 other specified other operations on unspecified organ	OPCS procedure	1	none_suitable		0.91	0.85	no suitable term	875	3.6750000000000006e-05
operative procedures - main opcs: x70.2 procurement of drugs for chemotherapy for neoplasm for regimens in band 2	OPCS procedure	1	none_suitable		1.0	1.0	no suitable term	1075	4.515e-05
operative procedures - main opcs: x72.4 delivery of subsequent element of cycle of chemotherapy for neoplasm	OPCS procedure	1	none_suitable		0.97	0.94	no suitable term	986	4.1411999999999996e-05
operative procedures - main opcs: x99.8 no procedure performed	OPCS procedure	1	none_suitable		0.82	0.64	review (uncertain abstention)	1023	4.2966e-05
operative procedures - main opcs: x99.9 not known (procedure performed)	OPCS procedure	1	EFO:0002571	medical procedure	0.57	0.14	review (uncertain pick)	1063	4.4646e-05
operative procedures - secondary opcs: c71.2 phacoemulsification of lens	OPCS procedure	1	none_suitable		0.95	0.93	no suitable term	871	3.6582e-05
operative procedures - secondary opcs: c79.5 internal tamponade of retina using gas	OPCS procedure	1	none_suitable		0.98	0.96	no suitable term	906	3.8052e-05
operative procedures - secondary opcs: c90.3 subtenons anaesthetic	OPCS procedure	1	none_suitable		0.97	0.95	no suitable term	887	3.7254e-05
operative procedures - secondary opcs: c90.9 unspecified local anaesthetics for ophthalmology procedures	OPCS procedure	1	EFO:0010722	ophthalmic procedure	0.52	0.04	review (uncertain pick)	985	4.137e-05
operative procedures - secondary opcs: e04.1 submucous diathermy to turbinate of nose	OPCS procedure	1	none_suitable		0.93	0.86	no suitable term	858	3.6036000000000005e-05
operative procedures - secondary opcs: e13.3 intranasal antrostomy	OPCS procedure	1	none_suitable		0.96	0.94	no suitable term	867	3.6414e-05
operative procedures - secondary opcs: e13.6 puncture of maxillary antrum	OPCS procedure	1	none_suitable		0.97	0.94	no suitable term	1044	4.3848000000000004e-05
operative procedures - secondary opcs: e36.9 unspecified diagnostic endoscopic examination of larynx	OPCS procedure	1	none_suitable		1.0	1.0	no suitable term	1001	4.2042e-05
operative procedures - secondary opcs: g45.1 fibreoptic endoscopic examination of upper gastrointestinal tract and biopsy of lesion of upper gastrointestinal tract	OPCS procedure	1	none_suitable		0.66	0.32	review (uncertain abstention)	1000	4.2000000000000004e-05
operative procedures - secondary opcs: g45.9 unspecified diagnostic fibreoptic endoscopic examination of upper gastrointestinal tract	OPCS procedure	1	none_suitable		0.67	0.34	review (uncertain abstention)	908	3.8136e-05
operative procedures - secondary opcs: h22.1 diagnostic fibreoptic endoscopic examination of colon and biopsy of lesion of colon	OPCS procedure	1	EFO:0020979	digestive system surgery	0.56	0.12	review (uncertain pick)	940	3.948e-05
operative procedures - secondary opcs: h22.9 unspecified diagnostic endoscopic examination of colon	OPCS procedure	1	none_suitable		0.75	0.51	review (uncertain abstention)	897	3.7674000000000006e-05
operative procedures - secondary opcs: h25.9 unspecified diagnostic endoscopic examination of lower bowel using fibreoptic sigmoidoscope	OPCS procedure	1	none_suitable		0.88	0.76	no suitable term	945	3.969e-05
operative procedures - secondary opcs: h28.9 unspecified diagnostic endoscopic examination of sigmoid colon using rigid sigmoidoscope	OPCS procedure	1	none_suitable		0.69	0.39	review (uncertain abstention)	908	3.8136e-05
operative procedures - secondary opcs: h44.4 examination of rectum under anaesthetic	OPCS procedure	1	none_suitable		0.73	0.46	review (uncertain abstention)	936	3.9312e-05
operative procedures - secondary opcs: j43.9 unspecified diagnostic endoscopic retrograde examination of bile duct and pancreatic duct	OPCS procedure	1	none_suitable		0.67	0.35	review (uncertain abstention)	901	3.7842e-05
operative procedures - secondary opcs: k40.2 saphenous vein graft replacement of two coronary arteries	OPCS procedure	1	EFO:0003776	coronary artery bypass	0.87	0.8	auto-accepted	970	4.0740000000000006e-05
operative procedures - secondary opcs: k63.3 angiocardiography of left side of heart nec	OPCS procedure	1	none_suitable		0.95	0.92	no suitable term	916	3.847200000000001e-05
operative procedures - secondary opcs: k63.4 coronary arteriography using two catheters	OPCS procedure	1	none_suitable		0.89	0.84	no suitable term	991	4.1621999999999996e-05
operative procedures - secondary opcs: k63.6 coronary arteriography nec	OPCS procedure	1	none_suitable		0.9394	0.899	no suitable term	1002	4.2084000000000006e-05
operative procedures - secondary opcs: l87.1 stripping of long saphenous vein	OPCS procedure	1	none_suitable		0.98	0.96	no suitable term	869	3.6498e-05
operative procedures - secondary opcs: l87.4 avulsion of varicose vein of leg	OPCS procedure	1	none_suitable		0.97	0.96	no suitable term	867	3.6414e-05
operative procedures - secondary opcs: l91.2 insertion of central venous catheter nec	OPCS procedure	1	none_suitable		0.99	0.98	no suitable term	983	4.1286e-05
operative procedures - secondary opcs: m45.9 unspecified diagnostic endoscopic examination of bladder	OPCS procedure	1	none_suitable		1.0	1.0	no suitable term	920	3.864e-05
operative procedures - secondary opcs: m47.3 removal of urethral catheter from bladder	OPCS procedure	1	none_suitable		1.0	1.0	no suitable term	912	3.8304000000000005e-05
operative procedures - secondary opcs: m47.9 unspecified urethral catheterisation of bladder	OPCS procedure	1	none_suitable		1.0	1.0	no suitable term	944	3.9648000000000004e-05
operative procedures - secondary opcs: o14.2 sentinel lymph node	OPCS procedure	1	none_suitable		0.97	0.96	no suitable term	790	3.3180000000000004e-05
operative procedures - secondary opcs: p27.3 colposcopy of vagina	OPCS procedure	1	none_suitable		1.0	1.0	no suitable term	939	3.9438e-05
operative procedures - secondary opcs: q08.9 unspecified vaginal excision of uterus	OPCS procedure	1	none_suitable		1.0	1.0	no suitable term	1028	4.317600000000001e-05
operative procedures - secondary opcs: q12.1 introduction of intrauterine contraceptive device	OPCS procedure	1	EFO:0009520	contraception	0.78	0.56	review (uncertain pick)	933	3.9186e-05
operative procedures - secondary opcs: q12.4 removal of intrauterine contraceptive device nec	OPCS procedure	1	none_suitable		0.84	0.68	review (uncertain abstention)	896	3.7632e-05
operative procedures - secondary opcs: q18.1 diagnostic endoscopic examination of uterus and biopsy of lesion of uterus	OPCS procedure	1	none_suitable		0.98	0.96	no suitable term	1006	4.2252e-05
operative procedures - secondary opcs: q18.8 other specified diagnostic endoscopic examination of uterus	OPCS procedure	1	none_suitable		1.0	1.0	no suitable term	998	4.1916e-05
operative procedures - secondary opcs: q18.9 unspecified diagnostic endoscopic examination of uterus	OPCS procedure	1	none_suitable		0.98	0.96	no suitable term	976	4.0992e-05
operative procedures - secondary opcs: q22.1 bilateral salpingoophorectomy	OPCS procedure	1	none_suitable		0.49	0.0	review (uncertain abstention)	957	4.0194e-05
operative procedures - secondary opcs: q55.3 papanicolau smear nec	OPCS procedure	1	none_suitable		0.6768	0.404	review (uncertain abstention)	915	3.843e-05
operative procedures - secondary opcs: r14.1 forewater rupture of amniotic membrane	OPCS procedure	1	HP:0001788	Premature rupture of membranes	0.67	0.36	review (uncertain pick)	1028	4.317600000000001e-05
operative procedures - secondary opcs: r14.9 unspecified surgical induction of labour	OPCS procedure	1	HP:0030369	Induced vaginal delivery	0.5657	0.1818	review (uncertain pick)	926	3.8892e-05
operative procedures - secondary opcs: r15.1 medical induction of labour	OPCS procedure	1	HP:0030369	Induced vaginal delivery	0.83	0.66	review (uncertain pick)	958	4.0236e-05
operative procedures - secondary opcs: r27.1 episiotomy to facilitate delivery	OPCS procedure	1	none_suitable		0.82	0.64	review (uncertain abstention)	836	3.5112000000000005e-05
operative procedures - secondary opcs: r32.3 repair of obstetric laceration of vagina and floor of pelvis	OPCS procedure	1	none_suitable		0.6	0.22	review (uncertain abstention)	985	4.137e-05
operative procedures - secondary opcs: r32.4 repair of minor obstetric laceration	OPCS procedure	1	none_suitable		0.54	0.09	review (uncertain abstention)	975	4.095e-05
operative procedures - secondary opcs: s06.5 excision of lesion of skin of head or neck nec	OPCS procedure	1	none_suitable		0.98	0.96	no suitable term	926	3.8892e-05
operative procedures - secondary opcs: s06.9 unspecified other excision of lesion of skin	OPCS procedure	1	none_suitable		0.99	0.98	no suitable term	908	3.8136e-05
operative procedures - secondary opcs: s57.1 debridement of skin nec	OPCS procedure	1	none_suitable		0.99	0.98	no suitable term	850	3.57e-05
operative procedures - secondary opcs: t43.9 unspecified diagnostic endoscopic examination of peritoneum	OPCS procedure	1	none_suitable		0.62	0.25	review (uncertain abstention)	903	3.7926e-05
operative procedures - secondary opcs: t85.2 block dissection of axillary lymph nodes	OPCS procedure	1	none_suitable		0.96	0.93	no suitable term	948	3.9816e-05
operative procedures - secondary opcs: t86.2 sampling of axillary lymph nodes	OPCS procedure	1	none_suitable		0.96	0.93	no suitable term	973	4.0866000000000005e-05
operative procedures - secondary opcs: t87.3 excision or biopsy of axillary lymph node	OPCS procedure	1	none_suitable		1.0	1.0	no suitable term	969	4.0698e-05
operative procedures - secondary opcs: u05.1 computed tomography of head	OPCS procedure	1	FBbi:00001005	computed tomography	0.62	0.24	review (uncertain pick)	883	3.7086000000000004e-05
operative procedures - secondary opcs: u08.1 computed tomography of abdomen nec	OPCS procedure	1	none_suitable		0.6	0.26	review (uncertain abstention)	1003	4.2126e-05
operative procedures - secondary opcs: u20.1 transthoracic echocardiography	OPCS procedure	1	none_suitable		0.99	0.98	no suitable term	841	3.5322e-05
operative procedures - secondary opcs: u21.2 computed tomography nec	OPCS procedure	1	none_suitable		0.78	0.66	review (uncertain abstention)	975	4.095e-05
operative procedures - secondary opcs: v55.1 one level of spine	OPCS procedure	1	none_suitable		0.52	0.04	review (uncertain abstention)	928	3.8976e-05
operative procedures - secondary opcs: v55.2 two levels of spine	OPCS procedure	1	EFO:0022932	spinal fusion	0.84	0.68	review (uncertain pick)	932	3.9144e-05
operative procedures - secondary opcs: v55.3 greater than two levels of spine	OPCS procedure	1	EFO:0022932	spinal fusion	0.63	0.26	review (uncertain pick)	939	3.9438e-05
operative procedures - secondary opcs: w28.1 application of internal fixation to bone nec	OPCS procedure	1	none_suitable		0.96	0.92	no suitable term	819	3.4398e-05
operative procedures - secondary opcs: w85.2 endoscopic irrigation of knee joint	OPCS procedure	1	none_suitable		0.98	0.97	no suitable term	949	3.9858000000000004e-05
operative procedures - secondary opcs: w90.3 injection of therapeutic substance into joint	OPCS procedure	1	none_suitable		0.74	0.51	review (uncertain abstention)	879	3.6918e-05
operative procedures - secondary opcs: x29.8 other specified continuous infusion of therapeutic substance	OPCS procedure	1	none_suitable		0.7	0.42	review (uncertain abstention)	939	3.9438e-05
operative procedures - secondary opcs: x33.9 unspecified other blood transfusion	OPCS procedure	1	EFO:0020988	blood transfusion	0.9	0.8	auto-accepted	938	3.939600000000001e-05
operative procedures - secondary opcs: x72.1 delivery of complex chemotherapy for neoplasm including prolonged infusional treatment at first attendance	OPCS procedure	1	none_suitable		0.98	0.97	no suitable term	981	4.120200000000001e-05
operative procedures - secondary opcs: x72.3 delivery of simple parenteral chemotherapy for neoplasm at first attendance	OPCS procedure	1	none_suitable		0.97	0.96	no suitable term	1024	4.3008e-05
operative procedures - secondary opcs: y02.2 insertion of prosthesis into organ noc	OPCS procedure	1	none_suitable		0.9394	0.899	no suitable term	922	3.8724000000000004e-05
operative procedures - secondary opcs: y03.7 removal of prosthesis from organ noc	OPCS procedure	1	EFO:0020974	revision of total joint arthroplasty	0.56	0.13	review (uncertain pick)	948	3.9816e-05
operative procedures - secondary opcs: y20.3 biopsy of lesion of organ noc	OPCS procedure	1	none_suitable		0.7	0.42	review (uncertain abstention)	925	3.885e-05
operative procedures - secondary opcs: y21.8 other specified cytology of organ noc	OPCS procedure	1	none_suitable		0.9	0.86	no suitable term	870	3.654e-05
operative procedures - secondary opcs: y44.2 monitoring of pressure in organ noc	OPCS procedure	1	none_suitable		0.85	0.79	no suitable term	912	3.8304000000000005e-05
operative procedures - secondary opcs: y50.8 other specified approach through abdominal cavity	OPCS procedure	1	none_suitable		0.87	0.75	no suitable term	948	3.9816e-05
operative procedures - secondary opcs: y52.8 other specified approach to organ through other opening	OPCS procedure	1	none_suitable		0.95	0.92	no suitable term	1007	4.2294000000000005e-05
operative procedures - secondary opcs: y53.1 approach to organ under radiological control	OPCS procedure	1	none_suitable		0.96	0.92	no suitable term	888	3.7296000000000003e-05
operative procedures - secondary opcs: y53.2 approach to organ under ultrasonic control	OPCS procedure	1	none_suitable		0.92	0.86	no suitable term	911	3.8262e-05
operative procedures - secondary opcs: y53.3 approach to organ under computed tomography scan control	OPCS procedure	1	none_suitable		0.96	0.94	no suitable term	899	3.7758e-05
operative procedures - secondary opcs: y53.4 approach to organ under fluoroscopic control	OPCS procedure	1	none_suitable		0.93	0.86	no suitable term	971	4.0782000000000004e-05
operative procedures - secondary opcs: y53.5 approach to organ under image intensifier	OPCS procedure	1	none_suitable		0.97	0.95	no suitable term	936	3.9312e-05
operative procedures - secondary opcs: y53.9 unspecified approach to organ under image control	OPCS procedure	1	none_suitable		0.88	0.77	no suitable term	875	3.6750000000000006e-05
operative procedures - secondary opcs: y58.8 other specified harvest of skin for graft	OPCS procedure	1	none_suitable		1.0	1.0	no suitable term	874	3.6708e-05
operative procedures - secondary opcs: y71.3 revisional operations noc	OPCS procedure	1	none_suitable		0.79	0.65	review (uncertain abstention)	881	3.7002e-05
operative procedures - secondary opcs: y73.1 cardiopulmonary bypass	OPCS procedure	1	none_suitable		0.85	0.71	no suitable term	869	3.6498e-05
operative procedures - secondary opcs: y75.2 laparoscopic approach to abdominal cavity nec	OPCS procedure	1	none_suitable		0.77	0.56	review (uncertain abstention)	921	3.868200000000001e-05
operative procedures - secondary opcs: y76.7 arthroscopic approach to joint	OPCS procedure	1	none_suitable		0.7	0.41	review (uncertain abstention)	851	3.5742000000000004e-05
operative procedures - secondary opcs: y80.1 inhalation anaesthetic using muscle relaxant	OPCS procedure	1	none_suitable		0.87	0.8	no suitable term	916	3.847200000000001e-05
operative procedures - secondary opcs: y80.2 inhalation anaesthetic using endotracheal intubation nec	OPCS procedure	1	none_suitable		0.78	0.61	review (uncertain abstention)	973	4.0866000000000005e-05
operative procedures - secondary opcs: y80.3 inhalation anaesthetic nec	OPCS procedure	1	none_suitable		0.6768	0.3939	review (uncertain abstention)	913	3.8346e-05
operative procedures - secondary opcs: y80.4 intravenous anaesthetic nec	OPCS procedure	1	none_suitable		0.49	0.05	review (uncertain abstention)	901	3.7842e-05
operative procedures - secondary opcs: y80.8 other specified general anaesthetic	OPCS procedure	1	none_suitable		0.88	0.77	no suitable term	903	3.7926e-05
operative procedures - secondary opcs: y80.9 unspecified general anaesthetic	OPCS procedure	1	none_suitable		0.99	0.98	no suitable term	885	3.7170000000000005e-05
operative procedures - secondary opcs: y81.1 epidural anaesthetic using lumbar approach	OPCS procedure	1	none_suitable		0.96	0.93	no suitable term	814	3.4188000000000005e-05
operative procedures - secondary opcs: y81.9 unspecified spinal anaesthetic	OPCS procedure	1	none_suitable		1.0	1.0	no suitable term	937	3.9354e-05
operative procedures - secondary opcs: y82.1 local anaesthetic nerve block	OPCS procedure	1	none_suitable		0.96	0.94	no suitable term	856	3.5952000000000004e-05
operative procedures - secondary opcs: y82.2 injection of local anaesthetic nec	OPCS procedure	1	none_suitable		0.68	0.51	review (uncertain abstention)	942	3.9564e-05
operative procedures - secondary opcs: y82.3 application of local anaesthetic nec	OPCS procedure	1	none_suitable		0.75	0.64	review (uncertain abstention)	936	3.9312e-05
operative procedures - secondary opcs: y82.8 other specified local anaesthetic	OPCS procedure	1	none_suitable		0.81	0.63	review (uncertain abstention)	978	4.1076e-05
operative procedures - secondary opcs: y82.9 unspecified local anaesthetic	OPCS procedure	1	none_suitable		0.77	0.54	review (uncertain abstention)	924	3.8808000000000005e-05
operative procedures - secondary opcs: y84.1 gas and air analgesia in labour	OPCS procedure	1	none_suitable		0.99	0.98	no suitable term	941	3.9522000000000005e-05
operative procedures - secondary opcs: y84.2 sedation nec	OPCS procedure	1	EFO:0004888	post operative nausea and vomiting	0.48	0.12	review (uncertain pick)	882	3.7044e-05
operative procedures - secondary opcs: y84.8 other specified other anaesthetic	OPCS procedure	1	none_suitable		0.86	0.74	no suitable term	930	3.906e-05
operative procedures - secondary opcs: y90.3 scanning nec	OPCS procedure	1	none_suitable		0.83	0.71	review (uncertain abstention)	868	3.6456e-05
operative procedures - secondary opcs: y97.3 radiology with post contrast	OPCS procedure	1	none_suitable		0.88	0.78	no suitable term	888	3.7296000000000003e-05
operative procedures - secondary opcs: y98.1 radiology of one body area (or < 20 minutes)	OPCS procedure	1	none_suitable		0.93	0.87	no suitable term	960	4.032e-05
operative procedures - secondary opcs: y98.2 radiology of two body areas	OPCS procedure	1	none_suitable		0.9	0.82	no suitable term	867	3.6414e-05
operative procedures - secondary opcs: y98.3 radiology of three body areas (or 20-40 minutes)	OPCS procedure	1	none_suitable		0.99	0.98	no suitable term	992	4.1664000000000006e-05
operative procedures - secondary opcs: z27.1 oesophagus	OPCS procedure	1	EFO:0020979	digestive system surgery	0.57	0.15	review (uncertain pick)	850	3.57e-05
operative procedures - secondary opcs: z27.2 stomach	OPCS procedure	1	EFO:0020979	digestive system surgery	0.38	0.03	review (uncertain pick)	911	3.8262e-05
operative procedures - secondary opcs: z27.3 pylorus	OPCS procedure	1	none_suitable		0.61	0.3	review (uncertain abstention)	918	3.8556e-05
operative procedures - secondary opcs: z27.4 duodenum	OPCS procedure	1	none_suitable		0.53	0.07	review (uncertain abstention)	943	3.960600000000001e-05
operative procedures - secondary opcs: z27.6 ileum	OPCS procedure	1	none_suitable		0.53	0.29	review (uncertain abstention)	972	4.0824e-05
operative procedures - secondary opcs: z27.8 specified upper digestive tract nec	OPCS procedure	1	none_suitable		0.5354	0.1313	review (uncertain abstention)	929	3.9018000000000005e-05
operative procedures - secondary opcs: z28.2 caecum	OPCS procedure	1	none_suitable		0.62	0.34	review (uncertain abstention)	910	3.822e-05
operative procedures - secondary opcs: z28.3 ascending colon	OPCS procedure	1	none_suitable		0.63	0.29	review (uncertain abstention)	914	3.8388e-05
operative procedures - secondary opcs: z28.4 transverse colon	OPCS procedure	1	none_suitable		0.5	0.15	review (uncertain abstention)	983	4.1286e-05
operative procedures - secondary opcs: z28.5 descending colon	OPCS procedure	1	none_suitable		0.52	0.12	review (uncertain abstention)	956	4.0152000000000005e-05
operative procedures - secondary opcs: z28.6 sigmoid colon	OPCS procedure	1	none_suitable		0.53	0.07	review (uncertain abstention)	958	4.0236e-05
operative procedures - secondary opcs: z28.7 colon nec	OPCS procedure	1	none_suitable		0.8182	0.6465	review (uncertain abstention)	984	4.132800000000001e-05
operative procedures - secondary opcs: z28.8 specified large intestine nec	OPCS procedure	1	none_suitable		0.57	0.15	review (uncertain abstention)	913	3.8346e-05
operative procedures - secondary opcs: z29.1 rectum	OPCS procedure	1	none_suitable		0.56	0.13	review (uncertain abstention)	852	3.5784e-05
operative procedures - secondary opcs: z40.1 pulmonary artery	OPCS procedure	1	none_suitable		0.98	0.97	no suitable term	900	3.7800000000000004e-05
operative procedures - secondary opcs: z47.1 skin of forehead	OPCS procedure	1	none_suitable		0.91	0.87	no suitable term	857	3.5994e-05
operative procedures - secondary opcs: z47.2 skin of temple	OPCS procedure	1	none_suitable		0.97	0.94	no suitable term	898	3.7716e-05
operative procedures - secondary opcs: z47.3 skin of cheek	OPCS procedure	1	none_suitable		0.96	0.93	no suitable term	893	3.7506e-05
operative procedures - secondary opcs: z48.1 skin of scalp	OPCS procedure	1	none_suitable		1.0	1.0	no suitable term	875	3.6750000000000006e-05
operative procedures - secondary opcs: z48.2 skin of neck	OPCS procedure	1	none_suitable		0.99	0.98	no suitable term	899	3.7758e-05
operative procedures - secondary opcs: z49.1 skin of breast	OPCS procedure	1	none_suitable		0.97	0.94	no suitable term	909	3.8178e-05
operative procedures - secondary opcs: z49.2 skin of axilla	OPCS procedure	1	none_suitable		1.0	1.0	no suitable term	901	3.7842e-05
operative procedures - secondary opcs: z49.3 skin of anterior trunk	OPCS procedure	1	none_suitable		0.67	0.34	review (uncertain abstention)	841	3.5322e-05
operative procedures - secondary opcs: z49.4 skin of back	OPCS procedure	1	none_suitable		0.95	0.92	no suitable term	854	3.5868e-05
operative procedures - secondary opcs: z49.8 specified skin of trunk nec	OPCS procedure	1	none_suitable		0.87	0.79	no suitable term	861	3.6162000000000004e-05
operative procedures - secondary opcs: z50.1 skin of arm	OPCS procedure	1	none_suitable		0.98	0.96	no suitable term	885	3.7170000000000005e-05
operative procedures - secondary opcs: z50.2 skin of hand	OPCS procedure	1	none_suitable		0.99	0.98	no suitable term	967	4.0614e-05
operative procedures - secondary opcs: z50.3 skin of finger	OPCS procedure	1	none_suitable		0.97	0.94	no suitable term	998	4.1916e-05
operative procedures - secondary opcs: z50.4 skin of leg nec	OPCS procedure	1	none_suitable		0.9	0.82	no suitable term	905	3.8010000000000004e-05
operative procedures - secondary opcs: z50.5 skin of foot nec	OPCS procedure	1	none_suitable		0.83	0.66	review (uncertain abstention)	887	3.7254e-05
operative procedures - secondary opcs: z66.5 lumbar vertebra	OPCS procedure	1	none_suitable		0.72	0.46	review (uncertain abstention)	815	3.423e-05
operative procedures - secondary opcs: z67.5 lumbar intervertebral joint	OPCS procedure	1	none_suitable		0.75	0.56	review (uncertain abstention)	886	3.7212e-05
operative procedures - secondary opcs: z67.6 lumbosacral joint	OPCS procedure	1	none_suitable		0.65	0.41	review (uncertain abstention)	852	3.5784e-05
operative procedures - secondary opcs: z70.5 lower end of radius nec	OPCS procedure	1	none_suitable		0.86	0.74	no suitable term	927	3.8934000000000004e-05
operative procedures - secondary opcs: z80.1 first metatarsal	OPCS procedure	1	none_suitable		0.77	0.57	review (uncertain abstention)	924	3.8808000000000005e-05
operative procedures - secondary opcs: z81.2 acromioclavicular joint	OPCS procedure	1	none_suitable		0.87	0.75	no suitable term	872	3.662400000000001e-05
operative procedures - secondary opcs: z81.4 shoulder joint	OPCS procedure	1	none_suitable		1.0	1.0	no suitable term	824	3.4608e-05
operative procedures - secondary opcs: z81.5 elbow joint	OPCS procedure	1	EFO:0020974	revision of total joint arthroplasty	0.6	0.2	review (uncertain pick)	936	3.9312e-05
operative procedures - secondary opcs: z84.1 sacroiliac joint	OPCS procedure	1	none_suitable		0.9	0.84	no suitable term	999	4.195800000000001e-05
operative procedures - secondary opcs: z84.3 hip joint	OPCS procedure	1	EFO:0020973	revision of total hip arthroplasty	0.84	0.68	review (uncertain pick)	933	3.9186e-05
operative procedures - secondary opcs: z84.6 knee joint	OPCS procedure	1	EFO:0020972	revision of total knee arthroplasty	0.63	0.39	review (uncertain pick)	960	4.032e-05
operative procedures - secondary opcs: z85.6 ankle joint	OPCS procedure	1	EFO:0020974	revision of total joint arthroplasty	0.52	0.05	review (uncertain pick)	862	3.6204e-05
operative procedures - secondary opcs: z86.4 metatarsophalangeal joint of great toe	OPCS procedure	1	none_suitable		0.82	0.72	review (uncertain abstention)	998	4.1916e-05
operative procedures - secondary opcs: z89.5 thumb nec	OPCS procedure	1	none_suitable		1.0	1.0	no suitable term	842	3.5364e-05
operative procedures - secondary opcs: z89.6 finger nec	OPCS procedure	1	none_suitable		1.0	1.0	no suitable term	960	4.032e-05
operative procedures - secondary opcs: z92.4 chest nec	OPCS procedure	1	none_suitable		0.79	0.6	review (uncertain abstention)	902	3.7884000000000005e-05
operative procedures - secondary opcs: z92.6 abdomen nec	OPCS procedure	1	none_suitable		0.6869	0.4545	review (uncertain abstention)	887	3.7254e-05
operative procedures - secondary opcs: z92.7 trunk nec	OPCS procedure	1	none_suitable		0.93	0.9	no suitable term	935	3.927e-05
operative procedures - secondary opcs: z94.1 bilateral operation	OPCS procedure	1	none_suitable		0.84	0.68	review (uncertain abstention)	841	3.5322e-05
operative procedures - secondary opcs: z94.2 right sided operation	OPCS procedure	1	none_suitable		0.85	0.75	no suitable term	897	3.7674000000000006e-05
operative procedures - secondary opcs: z94.3 left sided operation	OPCS procedure	1	none_suitable		0.89	0.82	no suitable term	893	3.7506e-05
orange intake	Diet and supplements	1	EFO:0020897	citrus intake measurement	0.6869	0.5152	review (uncertain pick)	822	3.4524000000000004e-05
orange juice intake	Diet and supplements	1	EFO:0020897	citrus intake measurement	0.55	0.33	review (uncertain pick)	894	3.754800000000001e-05
other alcohol intake	Diet and supplements	1	none_suitable		0.47	0.1	review (uncertain abstention)	777	3.2634e-05
other bread intake	Diet and supplements	1	none_suitable		0.99	0.98	no suitable term	852	3.5784e-05
other cereal intake	Diet and supplements	1	none_suitable		0.98	0.97	no suitable term	869	3.6498e-05
other cheese intake	Diet and supplements	1	none_suitable		0.99	0.98	no suitable term	834	3.5028000000000004e-05
other coffee type	Diet and supplements	1	none_suitable		0.83	0.7	review (uncertain abstention)	831	3.4902000000000006e-05
other dessert intake	Diet and supplements	1	none_suitable		0.91	0.82	no suitable term	843	3.5406e-05
other drink intake	Diet and supplements	1	EFO:0010088	beverage consumption measurement	0.83	0.67	review (uncertain pick)	875	3.6750000000000006e-05
other egg intake	Diet and supplements	1	none_suitable		0.94	0.88	no suitable term	875	3.6750000000000006e-05
other eye problems	Self-reported condition or symptom	1	MONDO:0005328	eye disorder	0.4	0.07	review (uncertain pick)	891	3.7422e-05
other fish intake	Diet and supplements	1	EFO:0010139	fish consumption measurement	0.94	0.88	auto-accepted	872	3.662400000000001e-05
other fruit intake	Diet and supplements	1	none_suitable		0.97	0.94	no suitable term	842	3.5364e-05
other grain intake	Diet and supplements	1	none_suitable		0.97	0.96	no suitable term	889	3.7338e-05
other meat intake	Diet and supplements	1	none_suitable		0.98	0.97	no suitable term	836	3.5112000000000005e-05
other milk-based pudding intake	Diet and supplements	1	none_suitable		0.99	0.98	no suitable term	872	3.662400000000001e-05
other non-alcoholic drinks	Diet and supplements	1	none_suitable		0.49	0.18	review (uncertain abstention)	988	4.1496e-05
other savoury snack intake	Diet and supplements	1	none_suitable		0.99	0.98	no suitable term	864	3.6288e-05
other serious medical condition/disability diagnosed by doctor	Self-reported condition or symptom	1	none_suitable		0.89	0.8	no suitable term	973	4.0866000000000005e-05
other sweets intake	Diet and supplements	1	EFO:0010158	sugar consumption measurement	0.69	0.4	review (uncertain pick)	862	3.6204e-05
other vegetables intake	Diet and supplements	1	none_suitable		1.0	1.0	no suitable term	832	3.4944e-05
other vegetarian alternative intake	Diet and supplements	1	none_suitable		1.0	1.0	no suitable term	835	3.507e-05
overall health rating	Other measurement / questionnaire	1	EFO:0004778	self rated health	0.86	0.8	auto-accepted	853	3.5826000000000006e-05
pace-maker	Other measurement / questionnaire	1	EFO:0009719	artificial cardiac pacemaker	0.69	0.45	review (uncertain pick)	956	4.0152000000000005e-05
pack years adult smoking as proportion of life span exposed to smoking	Other measurement / questionnaire	1	EFO:0006526	pack-years measurement	0.59	0.23	review (uncertain pick)	842	3.5364e-05
pack years of smoking	Other measurement / questionnaire	1	EFO:0006526	pack-years measurement	1.0	1.0	auto-accepted	841	3.5322e-05
pain type(s) experienced in last month: back pain	Self-reported condition or symptom	1	HP:0003418	Back pain	0.86	0.75	auto-accepted	905	3.8010000000000004e-05
pain type(s) experienced in last month: facial pain	Self-reported condition or symptom	1	EFO:0009625	facial pain	0.98	0.96	auto-accepted	967	4.0614e-05
pain type(s) experienced in last month: headache	Self-reported condition or symptom	1	HP:0002315	Headache	0.93	0.87	auto-accepted	966	4.0572000000000004e-05
pain type(s) experienced in last month: hip pain	Self-reported condition or symptom	1	HP:0030838	Hip pain	0.9	0.81	auto-accepted	896	3.7632e-05
pain type(s) experienced in last month: knee pain	Self-reported condition or symptom	1	HP:0030839	Knee pain	0.96	0.92	auto-accepted	895	3.759e-05
pain type(s) experienced in last month: neck or shoulder pain	Self-reported condition or symptom	1	none_suitable		0.58	0.23	review (uncertain abstention)	915	3.843e-05
pain type(s) experienced in last month: none of the above	Self-reported condition or symptom	1	none_suitable		1.0	1.0	no suitable term	1003	4.2126e-05
pain type(s) experienced in last month: stomach or abdominal pain	Self-reported condition or symptom	1	HP:0002027	Abdominal pain	0.95	0.9	auto-accepted	930	3.906e-05
pairs matching completion status	Other measurement / questionnaire	1	none_suitable		0.9394	0.899	no suitable term	863	3.6246000000000005e-05
pancake intake	Diet and supplements	1	none_suitable		0.98	0.96	no suitable term	827	3.4734e-05
parsnip intake	Diet and supplements	1	none_suitable		0.99	0.98	no suitable term	813	3.4146e-05
part of a multiple birth	Other measurement / questionnaire	1	EFO:0009576	multiple gestation	0.69	0.51	review (uncertain pick)	855	3.591e-05
particulate matter air pollution (pm10); 2007	Sociodemographic / environment	1	EFO:0008255	particulate matter air pollution measurement	0.91	0.84	auto-accepted	898	3.7716e-05
particulate matter air pollution (pm10); 2010	Sociodemographic / environment	1	EFO:0008255	particulate matter air pollution measurement	0.95	0.91	auto-accepted	931	3.9102e-05
particulate matter air pollution (pm2.5) absorbance; 2010	Sociodemographic / environment	1	EFO:0008255	particulate matter air pollution measurement	0.89	0.78	auto-accepted	955	4.011e-05
particulate matter air pollution (pm2.5); 2010	Sociodemographic / environment	1	EFO:0008255	particulate matter air pollution measurement	0.94	0.89	auto-accepted	943	3.960600000000001e-05
particulate matter air pollution 2.5-10um; 2010	Sociodemographic / environment	1	EFO:0008255	particulate matter air pollution measurement	0.87	0.75	auto-accepted	980	4.116e-05
past tobacco smoking	Other measurement / questionnaire	1	EFO:0006527	smoking status measurement	0.88	0.81	auto-accepted	823	3.4566e-05
pct responsible for patient data: ashton, leigh and wigan pct	Hospital administrative field	1	none_suitable		0.99	0.98	no suitable term	970	4.0740000000000006e-05
pct responsible for patient data: barnsley pct	Hospital administrative field	1	none_suitable		0.97	0.94	no suitable term	821	3.4482e-05
pct responsible for patient data: bath and north east somerset pct	Hospital administrative field	1	none_suitable		0.99	0.98	no suitable term	926	3.8892e-05
pct responsible for patient data: berkshire east pct	Hospital administrative field	1	none_suitable		1.0	1.0	no suitable term	909	3.8178e-05
pct responsible for patient data: berkshire west pct	Hospital administrative field	1	none_suitable		0.99	0.98	no suitable term	898	3.7716e-05
pct responsible for patient data: birmingham east and north pct	Hospital administrative field	1	none_suitable		1.0	1.0	no suitable term	986	4.1411999999999996e-05
pct responsible for patient data: bolton pct	Hospital administrative field	1	none_suitable		0.97	0.95	no suitable term	837	3.5154e-05
pct responsible for patient data: bradford and airedale teaching pct	Hospital administrative field	1	none_suitable		1.0	1.0	no suitable term	953	4.0026e-05
pct responsible for patient data: bristol pct	Hospital administrative field	1	none_suitable		0.99	0.98	no suitable term	868	3.6456e-05
pct responsible for patient data: bromley pct	Hospital administrative field	1	none_suitable		0.96	0.92	no suitable term	843	3.5406e-05
pct responsible for patient data: buckinghamshire pct	Hospital administrative field	1	none_suitable		1.0	1.0	no suitable term	913	3.8346e-05
pct responsible for patient data: bury pct	Hospital administrative field	1	none_suitable		0.98	0.97	no suitable term	865	3.633e-05
pct responsible for patient data: calderdale pct	Hospital administrative field	1	none_suitable		1.0	1.0	no suitable term	810	3.402e-05
pct responsible for patient data: central and eastern cheshire pct	Hospital administrative field	1	none_suitable		1.0	1.0	no suitable term	917	3.8514e-05
pct responsible for patient data: county durham pct	Hospital administrative field	1	none_suitable		0.98	0.96	no suitable term	925	3.885e-05
pct responsible for patient data: croydon pct	Hospital administrative field	1	none_suitable		1.0	1.0	no suitable term	898	3.7716e-05
pct responsible for patient data: derby city pct	Hospital administrative field	1	none_suitable		0.99	0.98	no suitable term	917	3.8514e-05
pct responsible for patient data: derbyshire county pct	Hospital administrative field	1	none_suitable		1.0	1.0	no suitable term	868	3.6456e-05
pct responsible for patient data: ealing pct	Hospital administrative field	1	none_suitable		0.99	0.98	no suitable term	883	3.7086000000000004e-05
pct responsible for patient data: east lancashire teaching pct	Hospital administrative field	1	none_suitable		1.0	1.0	no suitable term	850	3.57e-05
pct responsible for patient data: gateshead pct	Hospital administrative field	1	none_suitable		0.99	0.98	no suitable term	860	3.612e-05
pct responsible for patient data: halton and st helens pct	Hospital administrative field	1	none_suitable		0.98	0.96	no suitable term	971	4.0782000000000004e-05
pct responsible for patient data: hampshire pct	Hospital administrative field	1	none_suitable		1.0	1.0	no suitable term	899	3.7758e-05
pct responsible for patient data: heywood, middleton and rochdale pct	Hospital administrative field	1	none_suitable		1.0	1.0	no suitable term	1049	4.4058000000000004e-05
pct responsible for patient data: hounslow pct	Hospital administrative field	1	none_suitable		0.97	0.94	no suitable term	880	3.6960000000000005e-05
pct responsible for patient data: islington pct	Hospital administrative field	1	none_suitable		1.0	1.0	no suitable term	914	3.8388e-05
pct responsible for patient data: kirklees pct	Hospital administrative field	1	none_suitable		1.0	1.0	no suitable term	867	3.6414e-05
pct responsible for patient data: knowsley pct	Hospital administrative field	1	none_suitable		0.99	0.98	no suitable term	800	3.3600000000000004e-05
pct responsible for patient data: lambeth pct	Hospital administrative field	1	none_suitable		0.99	0.98	no suitable term	862	3.6204e-05
pct responsible for patient data: leeds pct	Hospital administrative field	1	none_suitable		0.99	0.98	no suitable term	945	3.969e-05
pct responsible for patient data: liverpool pct	Hospital administrative field	1	none_suitable		0.94	0.88	no suitable term	876	3.6792e-05
pct responsible for patient data: manchester pct	Hospital administrative field	1	none_suitable		1.0	1.0	no suitable term	931	3.9102e-05
pct responsible for patient data: middlesbrough pct	Hospital administrative field	1	none_suitable		1.0	1.0	no suitable term	888	3.7296000000000003e-05
pct responsible for patient data: newcastle pct	Hospital administrative field	1	none_suitable		0.99	0.98	no suitable term	853	3.5826000000000006e-05
pct responsible for patient data: north somerset pct	Hospital administrative field	1	none_suitable		0.99	0.98	no suitable term	818	3.4356e-05
pct responsible for patient data: north staffordshire pct	Hospital administrative field	1	none_suitable		1.0	1.0	no suitable term	881	3.7002e-05
pct responsible for patient data: north tyneside pct	Hospital administrative field	1	none_suitable		1.0	1.0	no suitable term	917	3.8514e-05
pct responsible for patient data: north yorkshire and york pct	Hospital administrative field	1	none_suitable		1.0	1.0	no suitable term	1042	4.3764e-05
pct responsible for patient data: northumberland care trust	Hospital administrative field	1	none_suitable		0.98	0.96	no suitable term	843	3.5406e-05
pct responsible for patient data: nottingham city pct	Hospital administrative field	1	none_suitable		1.0	1.0	no suitable term	924	3.8808000000000005e-05
pct responsible for patient data: nottinghamshire county teaching pct	Hospital administrative field	1	none_suitable		1.0	1.0	no suitable term	828	3.4776e-05
pct responsible for patient data: oldham pct	Hospital administrative field	1	none_suitable		0.99	0.98	no suitable term	893	3.7506e-05
pct responsible for patient data: oxfordshire pct	Hospital administrative field	1	none_suitable		1.0	1.0	no suitable term	900	3.7800000000000004e-05
pct responsible for patient data: redcar and cleveland pct	Hospital administrative field	1	none_suitable		0.98	0.96	no suitable term	887	3.7254e-05
pct responsible for patient data: richmond and twickenham pct	Hospital administrative field	1	none_suitable		0.97	0.94	no suitable term	914	3.8388e-05
pct responsible for patient data: rotherham pct	Hospital administrative field	1	none_suitable		0.99	0.98	no suitable term	856	3.5952000000000004e-05
pct responsible for patient data: salford pct	Hospital administrative field	1	none_suitable		1.0	1.0	no suitable term	887	3.7254e-05
pct responsible for patient data: sandwell pct	Hospital administrative field	1	none_suitable		1.0	1.0	no suitable term	875	3.6750000000000006e-05
pct responsible for patient data: sefton pct	Hospital administrative field	1	none_suitable		0.98	0.97	no suitable term	837	3.5154e-05
pct responsible for patient data: sheffield pct	Hospital administrative field	1	none_suitable		1.0	1.0	no suitable term	835	3.507e-05
pct responsible for patient data: solihull care trust	Hospital administrative field	1	none_suitable		0.98	0.96	no suitable term	843	3.5406e-05
pct responsible for patient data: south birmingham pct	Hospital administrative field	1	none_suitable		1.0	1.0	no suitable term	954	4.0068e-05
pct responsible for patient data: south gloucestershire pct	Hospital administrative field	1	none_suitable		1.0	1.0	no suitable term	946	3.9732000000000005e-05
pct responsible for patient data: south tyneside pct	Hospital administrative field	1	none_suitable		1.0	1.0	no suitable term	859	3.6078e-05
pct responsible for patient data: stockton-on-tees teaching pct	Hospital administrative field	1	none_suitable		1.0	1.0	no suitable term	803	3.3726e-05
pct responsible for patient data: stoke on trent pct	Hospital administrative field	1	none_suitable		0.96	0.93	no suitable term	820	3.444e-05
pct responsible for patient data: sunderland teaching pct	Hospital administrative field	1	none_suitable		0.97	0.94	no suitable term	842	3.5364e-05
pct responsible for patient data: surrey pct	Hospital administrative field	1	none_suitable		0.98	0.96	no suitable term	862	3.6204e-05
pct responsible for patient data: sutton and merton pct	Hospital administrative field	1	none_suitable		0.95	0.91	no suitable term	863	3.6246000000000005e-05
pct responsible for patient data: tameside and glossop pct	Hospital administrative field	1	none_suitable		1.0	1.0	no suitable term	941	3.9522000000000005e-05
pct responsible for patient data: trafford pct	Hospital administrative field	1	none_suitable		0.97	0.94	no suitable term	809	3.3978000000000006e-05
pct responsible for patient data: wakefield district pct	Hospital administrative field	1	none_suitable		0.97	0.94	no suitable term	843	3.5406e-05
pct responsible for patient data: warrington pct	Hospital administrative field	1	none_suitable		0.99	0.98	no suitable term	875	3.6750000000000006e-05
pct responsible for patient data: western cheshire pct	Hospital administrative field	1	none_suitable		1.0	1.0	no suitable term	842	3.5364e-05
pct responsible for patient data: wirral pct	Hospital administrative field	1	none_suitable		1.0	1.0	no suitable term	868	3.6456e-05
pct where patients gp was registered: amber valley pct	Hospital administrative field	1	none_suitable		0.98	0.96	no suitable term	951	3.9942000000000005e-05
pct where patients gp was registered: ashton, leigh and wigan pct	Hospital administrative field	1	none_suitable		1.0	1.0	no suitable term	918	3.8556e-05
pct where patients gp was registered: barnsley pct	Hospital administrative field	1	none_suitable		0.99	0.98	no suitable term	996	4.1832e-05
pct where patients gp was registered: bath and north east somerset pct	Hospital administrative field	1	none_suitable		1.0	1.0	no suitable term	1035	4.3469999999999995e-05
pct where patients gp was registered: bebington and west wirral pct	Hospital administrative field	1	none_suitable		1.0	1.0	no suitable term	1005	4.2210000000000004e-05
pct where patients gp was registered: berkshire east pct	Hospital administrative field	1	none_suitable		0.99	0.98	no suitable term	938	3.939600000000001e-05
pct where patients gp was registered: berkshire west pct	Hospital administrative field	1	none_suitable		0.99	0.98	no suitable term	901	3.7842e-05
pct where patients gp was registered: birkenhead and wallasey pct	Hospital administrative field	1	none_suitable		1.0	1.0	no suitable term	964	4.0488e-05
pct where patients gp was registered: birmingham east and north pct	Hospital administrative field	1	none_suitable		1.0	1.0	no suitable term	1026	4.3092e-05
pct where patients gp was registered: blackwater valley and hart pct	Hospital administrative field	1	none_suitable		1.0	1.0	no suitable term	920	3.864e-05
pct where patients gp was registered: bolton pct	Hospital administrative field	1	none_suitable		0.99	0.98	no suitable term	1013	4.2546e-05
pct where patients gp was registered: bracknell forest pct	Hospital administrative field	1	none_suitable		0.98	0.97	no suitable term	993	4.1706000000000004e-05
pct where patients gp was registered: bradford and airedale teaching pct	Hospital administrative field	1	none_suitable		1.0	1.0	no suitable term	965	4.053000000000001e-05
pct where patients gp was registered: bradford south and west pct	Hospital administrative field	1	none_suitable		0.99	0.98	no suitable term	974	4.0908e-05
pct where patients gp was registered: bristol north pct	Hospital administrative field	1	none_suitable		0.98	0.97	no suitable term	958	4.0236e-05
pct where patients gp was registered: bristol pct	Hospital administrative field	1	none_suitable		0.98	0.97	no suitable term	1032	4.3344e-05
pct where patients gp was registered: bristol south and west pct	Hospital administrative field	1	none_suitable		1.0	1.0	no suitable term	997	4.1874000000000006e-05
pct where patients gp was registered: bromley pct	Hospital administrative field	1	none_suitable		0.98	0.96	no suitable term	975	4.095e-05
pct where patients gp was registered: broxtowe and hucknall pct	Hospital administrative field	1	none_suitable		0.99	0.98	no suitable term	963	4.0446e-05
pct where patients gp was registered: buckinghamshire pct	Hospital administrative field	1	none_suitable		0.99	0.98	no suitable term	988	4.1496e-05
pct where patients gp was registered: burnley, pendle and rossendale pct	Hospital administrative field	1	none_suitable		1.0	1.0	no suitable term	891	3.7422e-05
pct where patients gp was registered: bury pct	Hospital administrative field	1	none_suitable		0.97	0.94	no suitable term	950	3.99e-05
pct where patients gp was registered: calderdale pct	Hospital administrative field	1	none_suitable		0.99	0.98	no suitable term	958	4.0236e-05
pct where patients gp was registered: camden pct	Hospital administrative field	1	none_suitable		0.99	0.98	no suitable term	974	4.0908e-05
pct where patients gp was registered: central and eastern cheshire pct	Hospital administrative field	1	none_suitable		1.0	1.0	no suitable term	945	3.969e-05
pct where patients gp was registered: central cheshire pct	Hospital administrative field	1	none_suitable		1.0	1.0	no suitable term	843	3.5406e-05
pct where patients gp was registered: central liverpool pct	Hospital administrative field	1	none_suitable		1.0	1.0	no suitable term	879	3.6918e-05
pct where patients gp was registered: central manchester pct	Hospital administrative field	1	none_suitable		1.0	1.0	no suitable term	885	3.7170000000000005e-05
pct where patients gp was registered: chesterfield pct	Hospital administrative field	1	none_suitable		0.99	0.98	no suitable term	959	4.0278e-05
pct where patients gp was registered: city and hackney teaching pct	Hospital administrative field	1	none_suitable		0.99	0.98	no suitable term	931	3.9102e-05
pct where patients gp was registered: county durham pct	Hospital administrative field	1	none_suitable		0.99	0.98	no suitable term	1001	4.2042e-05
pct where patients gp was registered: craven, harrogate and rural district pct	Hospital administrative field	1	none_suitable		1.0	1.0	no suitable term	942	3.9564e-05
pct where patients gp was registered: croydon pct	Hospital administrative field	1	none_suitable		1.0	1.0	no suitable term	1003	4.2126e-05
pct where patients gp was registered: darlington pct	Hospital administrative field	1	none_suitable		0.99	0.98	no suitable term	1030	4.326000000000001e-05
pct where patients gp was registered: derby city pct	Hospital administrative field	1	none_suitable		0.99	0.98	no suitable term	1030	4.326000000000001e-05
pct where patients gp was registered: derbyshire county pct	Hospital administrative field	1	none_suitable		0.99	0.98	no suitable term	993	4.1706000000000004e-05
pct where patients gp was registered: durham and chester-le-street pct	Hospital administrative field	1	none_suitable		1.0	1.0	no suitable term	933	3.9186e-05
pct where patients gp was registered: ealing pct	Hospital administrative field	1	none_suitable		0.99	0.98	no suitable term	1022	4.2924e-05
pct where patients gp was registered: east lancashire teaching pct	Hospital administrative field	1	none_suitable		1.0	1.0	no suitable term	1027	4.3134e-05
pct where patients gp was registered: east leeds pct	Hospital administrative field	1	none_suitable		1.0	1.0	no suitable term	981	4.120200000000001e-05
pct where patients gp was registered: eastern birmingham pct	Hospital administrative field	1	none_suitable		1.0	1.0	no suitable term	938	3.939600000000001e-05
pct where patients gp was registered: eastern wakefield pct	Hospital administrative field	1	none_suitable		0.99	0.98	no suitable term	967	4.0614e-05
pct where patients gp was registered: erewash pct	Hospital administrative field	1	none_suitable		0.98	0.96	no suitable term	970	4.0740000000000006e-05
pct where patients gp was registered: gateshead pct	Hospital administrative field	1	none_suitable		0.99	0.98	no suitable term	955	4.011e-05
pct where patients gp was registered: gedling pct	Hospital administrative field	1	none_suitable		1.0	1.0	no suitable term	991	4.1621999999999996e-05
pct where patients gp was registered: greater derby pct	Hospital administrative field	1	none_suitable		0.99	0.98	no suitable term	958	4.0236e-05
pct where patients gp was registered: halton and st helens pct	Hospital administrative field	1	none_suitable		0.99	0.98	no suitable term	876	3.6792e-05
pct where patients gp was registered: hampshire pct	Hospital administrative field	1	none_suitable		0.99	0.98	no suitable term	990	4.1580000000000005e-05
pct where patients gp was registered: hartlepool pct	Hospital administrative field	1	none_suitable		1.0	1.0	no suitable term	1017	4.2714e-05
pct where patients gp was registered: heywood, middleton and rochdale pct	Hospital administrative field	1	none_suitable		1.0	1.0	no suitable term	939	3.9438e-05
pct where patients gp was registered: hillingdon pct	Hospital administrative field	1	none_suitable		0.99	0.98	no suitable term	991	4.1621999999999996e-05
pct where patients gp was registered: hounslow pct	Hospital administrative field	1	none_suitable		0.98	0.96	no suitable term	988	4.1496e-05
pct where patients gp was registered: islington pct	Hospital administrative field	1	none_suitable		0.99	0.98	no suitable term	979	4.1118e-05
pct where patients gp was registered: kingston pct	Hospital administrative field	1	none_suitable		1.0	1.0	no suitable term	983	4.1286e-05
pct where patients gp was registered: kirklees pct	Hospital administrative field	1	none_suitable		0.99	0.98	no suitable term	925	3.885e-05
pct where patients gp was registered: knowsley pct	Hospital administrative field	1	none_suitable		0.98	0.96	no suitable term	966	4.0572000000000004e-05
pct where patients gp was registered: lambeth pct	Hospital administrative field	1	none_suitable		0.99	0.98	no suitable term	970	4.0740000000000006e-05
pct where patients gp was registered: langbaurgh pct	Hospital administrative field	1	none_suitable		0.99	0.98	no suitable term	1015	4.2630000000000004e-05
pct where patients gp was registered: leeds north east pct	Hospital administrative field	1	none_suitable		0.99	0.98	no suitable term	980	4.116e-05
pct where patients gp was registered: leeds north west pct	Hospital administrative field	1	none_suitable		1.0	1.0	no suitable term	934	3.9228000000000005e-05
pct where patients gp was registered: leeds pct	Hospital administrative field	1	none_suitable		1.0	1.0	no suitable term	1013	4.2546e-05
pct where patients gp was registered: leeds west pct	Hospital administrative field	1	none_suitable		1.0	1.0	no suitable term	956	4.0152000000000005e-05
pct where patients gp was registered: liverpool pct	Hospital administrative field	1	none_suitable		1.0	1.0	no suitable term	1002	4.2084000000000006e-05
pct where patients gp was registered: manchester pct	Hospital administrative field	1	none_suitable		1.0	1.0	no suitable term	992	4.1664000000000006e-05
pct where patients gp was registered: middlesbrough pct	Hospital administrative field	1	none_suitable		0.99	0.98	no suitable term	1008	4.2336e-05
pct where patients gp was registered: newcastle pct	Hospital administrative field	1	none_suitable		0.99	0.98	no suitable term	966	4.0572000000000004e-05
pct where patients gp was registered: newcastle-under-lyme pct	Hospital administrative field	1	none_suitable		1.0	1.0	no suitable term	939	3.9438e-05
pct where patients gp was registered: north birmingham pct	Hospital administrative field	1	none_suitable		1.0	1.0	no suitable term	992	4.1664000000000006e-05
pct where patients gp was registered: north bradford pct	Hospital administrative field	1	none_suitable		0.99	0.98	no suitable term	961	4.0362000000000004e-05
pct where patients gp was registered: north eastern derbyshire pct	Hospital administrative field	1	none_suitable		1.0	1.0	no suitable term	980	4.116e-05
pct where patients gp was registered: north hampshire pct	Hospital administrative field	1	none_suitable		1.0	1.0	no suitable term	924	3.8808000000000005e-05
pct where patients gp was registered: north kirklees pct	Hospital administrative field	1	none_suitable		1.0	1.0	no suitable term	886	3.7212e-05
pct where patients gp was registered: north manchester pct	Hospital administrative field	1	none_suitable		1.0	1.0	no suitable term	981	4.120200000000001e-05
pct where patients gp was registered: north sheffield pct	Hospital administrative field	1	none_suitable		1.0	1.0	no suitable term	972	4.0824e-05
pct where patients gp was registered: north somerset pct	Hospital administrative field	1	none_suitable		1.0	1.0	no suitable term	977	4.1034e-05
pct where patients gp was registered: north staffordshire pct	Hospital administrative field	1	none_suitable		1.0	1.0	no suitable term	972	4.0824e-05
pct where patients gp was registered: north stoke pct	Hospital administrative field	1	none_suitable		1.0	1.0	no suitable term	964	4.0488e-05
pct where patients gp was registered: north surrey pct	Hospital administrative field	1	none_suitable		1.0	1.0	no suitable term	977	4.1034e-05
pct where patients gp was registered: north tyneside pct	Hospital administrative field	1	none_suitable		1.0	1.0	no suitable term	944	3.9648000000000004e-05
pct where patients gp was registered: north yorkshire and york pct	Hospital administrative field	1	none_suitable		1.0	1.0	no suitable term	926	3.8892e-05
pct where patients gp was registered: northumberland care trust	Hospital administrative field	1	none_suitable		1.0	1.0	no suitable term	997	4.1874000000000006e-05
pct where patients gp was registered: not known	Hospital administrative field	1	none_suitable		0.99	0.98	no suitable term	962	4.0404e-05
pct where patients gp was registered: nottingham city pct	Hospital administrative field	1	none_suitable		0.99	0.98	no suitable term	999	4.195800000000001e-05
pct where patients gp was registered: nottinghamshire county teaching pct	Hospital administrative field	1	none_suitable		1.0	1.0	no suitable term	992	4.1664000000000006e-05
pct where patients gp was registered: oldham pct	Hospital administrative field	1	none_suitable		0.98	0.96	no suitable term	1004	4.2168e-05
pct where patients gp was registered: oxford city pct	Hospital administrative field	1	none_suitable		0.99	0.98	no suitable term	988	4.1496e-05
pct where patients gp was registered: oxfordshire pct	Hospital administrative field	1	none_suitable		0.99	0.98	no suitable term	993	4.1706000000000004e-05
pct where patients gp was registered: reading pct	Hospital administrative field	1	none_suitable		0.74	0.58	review (uncertain abstention)	876	3.6792e-05
pct where patients gp was registered: redcar and cleveland pct	Hospital administrative field	1	none_suitable		1.0	1.0	no suitable term	904	3.7968e-05
pct where patients gp was registered: richmond and twickenham pct	Hospital administrative field	1	none_suitable		0.99	0.98	no suitable term	992	4.1664000000000006e-05
pct where patients gp was registered: rochdale pct	Hospital administrative field	1	none_suitable		1.0	1.0	no suitable term	968	4.0656000000000005e-05
pct where patients gp was registered: rotherham pct	Hospital administrative field	1	none_suitable		0.99	0.98	no suitable term	973	4.0866000000000005e-05
pct where patients gp was registered: rushcliffe pct	Hospital administrative field	1	none_suitable		0.99	0.98	no suitable term	986	4.1411999999999996e-05
pct where patients gp was registered: salford pct	Hospital administrative field	1	none_suitable		0.99	0.98	no suitable term	988	4.1496e-05
pct where patients gp was registered: sandwell pct	Hospital administrative field	1	none_suitable		0.99	0.98	no suitable term	966	4.0572000000000004e-05
pct where patients gp was registered: sefton pct	Hospital administrative field	1	none_suitable		0.99	0.98	no suitable term	977	4.1034e-05
pct where patients gp was registered: sheffield pct	Hospital administrative field	1	none_suitable		1.0	1.0	no suitable term	1011	4.2462e-05
pct where patients gp was registered: sheffield south west pct	Hospital administrative field	1	none_suitable		1.0	1.0	no suitable term	962	4.0404e-05
pct where patients gp was registered: sheffield west pct	Hospital administrative field	1	none_suitable		0.99	0.98	no suitable term	983	4.1286e-05
pct where patients gp was registered: solihull care trust	Hospital administrative field	1	none_suitable		1.0	1.0	no suitable term	992	4.1664000000000006e-05
pct where patients gp was registered: solihull pct	Hospital administrative field	1	none_suitable		0.99	0.98	no suitable term	1042	4.3764e-05
pct where patients gp was registered: south birmingham pct	Hospital administrative field	1	none_suitable		1.0	1.0	no suitable term	970	4.0740000000000006e-05
pct where patients gp was registered: south east oxfordshire pct	Hospital administrative field	1	none_suitable		1.0	1.0	no suitable term	913	3.8346e-05
pct where patients gp was registered: south east sheffield pct	Hospital administrative field	1	none_suitable		1.0	1.0	no suitable term	1015	4.2630000000000004e-05
pct where patients gp was registered: south gloucestershire pct	Hospital administrative field	1	none_suitable		1.0	1.0	no suitable term	929	3.9018000000000005e-05
pct where patients gp was registered: south leeds pct	Hospital administrative field	1	none_suitable		0.99	0.98	no suitable term	915	3.843e-05
pct where patients gp was registered: south liverpool pct	Hospital administrative field	1	none_suitable		1.0	1.0	no suitable term	898	3.7716e-05
pct where patients gp was registered: south sefton pct	Hospital administrative field	1	none_suitable		1.0	1.0	no suitable term	900	3.7800000000000004e-05
pct where patients gp was registered: south stoke pct	Hospital administrative field	1	none_suitable		1.0	1.0	no suitable term	925	3.885e-05
pct where patients gp was registered: south tyneside pct	Hospital administrative field	1	none_suitable		1.0	1.0	no suitable term	912	3.8304000000000005e-05
pct where patients gp was registered: south west oxfordshire pct	Hospital administrative field	1	none_suitable		1.0	1.0	no suitable term	932	3.9144e-05
pct where patients gp was registered: southwark pct	Hospital administrative field	1	none_suitable		0.99	0.98	no suitable term	1090	4.5780000000000006e-05
pct where patients gp was registered: st helens pct	Hospital administrative field	1	none_suitable		1.0	1.0	no suitable term	958	4.0236e-05
pct where patients gp was registered: staffordshire moorlands pct	Hospital administrative field	1	none_suitable		0.98	0.96	no suitable term	957	4.0194e-05
pct where patients gp was registered: stockton-on-tees teaching pct	Hospital administrative field	1	none_suitable		0.99	0.98	no suitable term	971	4.0782000000000004e-05
pct where patients gp was registered: stoke on trent pct	Hospital administrative field	1	none_suitable		0.99	0.98	no suitable term	937	3.9354e-05
pct where patients gp was registered: sunderland teaching pct	Hospital administrative field	1	none_suitable		0.99	0.98	no suitable term	1064	4.4688e-05
pct where patients gp was registered: surrey pct	Hospital administrative field	1	none_suitable		1.0	1.0	no suitable term	1021	4.2882e-05
pct where patients gp was registered: sutton and merton pct	Hospital administrative field	1	none_suitable		1.0	1.0	no suitable term	897	3.7674000000000006e-05
pct where patients gp was registered: tameside and glossop pct	Hospital administrative field	1	none_suitable		1.0	1.0	no suitable term	902	3.7884000000000005e-05
pct where patients gp was registered: trafford north pct	Hospital administrative field	1	none_suitable		1.0	1.0	no suitable term	930	3.906e-05
pct where patients gp was registered: trafford pct	Hospital administrative field	1	none_suitable		1.0	1.0	no suitable term	979	4.1118e-05
pct where patients gp was registered: trafford south pct	Hospital administrative field	1	none_suitable		1.0	1.0	no suitable term	884	3.7128e-05
pct where patients gp was registered: wakefield district pct	Hospital administrative field	1	none_suitable		1.0	1.0	no suitable term	992	4.1664000000000006e-05
pct where patients gp was registered: wakefield west pct	Hospital administrative field	1	none_suitable		1.0	1.0	no suitable term	883	3.7086000000000004e-05
pct where patients gp was registered: wandsworth pct	Hospital administrative field	1	none_suitable		0.99	0.98	no suitable term	1001	4.2042e-05
pct where patients gp was registered: warrington pct	Hospital administrative field	1	none_suitable		0.99	0.98	no suitable term	1012	4.2504000000000005e-05
pct where patients gp was registered: western cheshire pct	Hospital administrative field	1	none_suitable		1.0	1.0	no suitable term	864	3.6288e-05
pct where patients gp was registered: westminster pct	Hospital administrative field	1	none_suitable		0.99	0.98	no suitable term	982	4.1244e-05
pct where patients gp was registered: windsor, ascot and maidenhead pct	Hospital administrative field	1	none_suitable		1.0	1.0	no suitable term	962	4.0404e-05
pct where patients gp was registered: wirral pct	Hospital administrative field	1	none_suitable		1.0	1.0	no suitable term	977	4.1034e-05
pct where patients gp was registered: wokingham pct	Hospital administrative field	1	none_suitable		0.99	0.98	no suitable term	965	4.053000000000001e-05
pea intake	Diet and supplements	1	none_suitable		0.97	0.95	no suitable term	824	3.4608e-05
peach/nectarine intake	Diet and supplements	1	none_suitable		0.99	0.98	no suitable term	844	3.5448000000000003e-05
peak expiratory flow (pef)	Other measurement / questionnaire	1	EFO:0009718	peak expiratory flow	1.0	1.0	auto-accepted	968	4.0656000000000005e-05
pear intake	Diet and supplements	1	none_suitable		0.98	0.97	no suitable term	823	3.4566e-05
pineapple intake	Diet and supplements	1	none_suitable		0.99	0.98	no suitable term	837	3.5154e-05
pizza intake	Diet and supplements	1	none_suitable		1.0	1.0	no suitable term	834	3.5028000000000004e-05
place of birth in uk - east co-ordinate	Other measurement / questionnaire	1	none_suitable		0.96	0.93	no suitable term	1085	4.5570000000000006e-05
place of birth in uk - north co-ordinate	Other measurement / questionnaire	1	none_suitable		0.96	0.94	no suitable term	918	3.8556e-05
plain cereal intake	Diet and supplements	1	none_suitable		0.95	0.9	no suitable term	833	3.4986e-05
plays computer games	Other measurement / questionnaire	1	none_suitable		0.99	0.98	no suitable term	853	3.5826000000000006e-05
plum intake	Diet and supplements	1	none_suitable		0.99	0.98	no suitable term	799	3.3558e-05
polyunsaturated fat	Other measurement / questionnaire	1	EFO:0010733	polyunsaturated fatty acid measurement	0.75	0.6	review (uncertain pick)	903	3.7926e-05
pork intake	Diet and supplements	2	none_suitable		1.0	1.0	no suitable term	832	3.4944e-05
porridge intake	Diet and supplements	1	none_suitable		0.99	0.98	no suitable term	837	3.5154e-05
portion size	Other measurement / questionnaire	1	none_suitable		1.0	1.0	no suitable term	858	3.6036000000000005e-05
potassium	Other measurement / questionnaire	1	EFO:0009283	potassium measurement	0.77	0.59	review (uncertain pick)	863	3.6246000000000005e-05
poultry intake	Diet and supplements	2	none_suitable		0.99	0.98	no suitable term	833	3.4986e-05
powdered/instant soup intake	Diet and supplements	1	none_suitable		1.0	1.0	no suitable term	836	3.5112000000000005e-05
pregnant	Other measurement / questionnaire	1	EFO:0002950	pregnancy	0.96	0.94	auto-accepted	895	3.759e-05
private healthcare	Other measurement / questionnaire	1	none_suitable		0.91	0.86	no suitable term	835	3.507e-05
processed meat intake	Diet and supplements	1	none_suitable		0.98	0.97	no suitable term	836	3.5112000000000005e-05
prospective memory result	Other measurement / questionnaire	1	none_suitable		0.49	0.07	review (uncertain abstention)	897	3.7674000000000006e-05
protein	Other measurement / questionnaire	1	CHEBI:36080	protein	0.6	0.34	review (uncertain pick)	771	3.2382e-05
prune intake	Diet and supplements	1	none_suitable		0.91	0.84	no suitable term	831	3.4902000000000006e-05
pulse rate	Other measurement / questionnaire	1	OBA:1001087	heart rate	0.92	0.84	auto-accepted	870	3.654e-05
pulse rate (during blood-pressure measurement)	Other measurement / questionnaire	1	OBA:1001087	heart rate	0.89	0.78	auto-accepted	872	3.662400000000001e-05
pulse rate, automated reading	Other measurement / questionnaire	1	OBA:1001087	heart rate	0.84	0.7	review (uncertain pick)	890	3.738e-05
pulse wave arterial stiffness index	Other measurement / questionnaire	1	EFO:0004517	arterial stiffness measurement	0.61	0.35	review (uncertain pick)	960	4.032e-05
pulse wave peak to peak time	Other measurement / questionnaire	1	none_suitable		0.95	0.9	no suitable term	995	4.1790000000000005e-05
pulse wave reflection index	Other measurement / questionnaire	1	EFO:0009804	pulse wave reflection index measurement	0.99	0.98	auto-accepted	1032	4.3344e-05
pulses intake	Diet and supplements	1	none_suitable		0.98	0.97	no suitable term	897	3.7674000000000006e-05
pure fruit/vegetable juice intake	Diet and supplements	1	EFO:0010095	non-grapefruit juice consumption measurement	0.59	0.19	review (uncertain pick)	898	3.7716e-05
qualifications: a levels/as levels or equivalent	Sociodemographic / environment	1	EFO:0011015	educational attainment	0.79	0.58	review (uncertain pick)	959	4.0278e-05
qualifications: college or university degree	Sociodemographic / environment	1	EFO:0004784	self reported educational attainment	0.86	0.78	auto-accepted	945	3.969e-05
qualifications: cses or equivalent	Sociodemographic / environment	1	none_suitable		0.51	0.13	review (uncertain abstention)	930	3.906e-05
qualifications: none of the above	Sociodemographic / environment	1	none_suitable		0.99	0.98	no suitable term	902	3.7884000000000005e-05
qualifications: nvq or hnd or hnc or equivalent	Sociodemographic / environment	1	EFO:0011015	educational attainment	0.85	0.7	auto-accepted	965	4.053000000000001e-05
qualifications: o levels/gcses or equivalent	Sociodemographic / environment	1	EFO:0011015	educational attainment	0.89	0.79	auto-accepted	929	3.9018000000000005e-05
qualifications: other professional qualifications eg: nursing, teaching	Sociodemographic / environment	1	none_suitable		0.9	0.83	no suitable term	854	3.5868e-05
quorn intake	Diet and supplements	1	none_suitable		1.0	1.0	no suitable term	839	3.5238000000000004e-05
reason for glasses/contact lenses: for 'astigmatism'	Other measurement / questionnaire	1	HP:0000483	Astigmatism	0.8	0.71	review (uncertain pick)	921	3.868200000000001e-05
reason for glasses/contact lenses: for a 'lazy' eye or an eye with poor vision since childhood (called 'amblyopia')	Other measurement / questionnaire	1	MONDO:0001020	amblyopia	0.88	0.82	auto-accepted	938	3.939600000000001e-05
reason for glasses/contact lenses: for a 'squint' or 'turn' in an eye since childhood (called 'strabismus')	Other measurement / questionnaire	1	HP:0000486	Strabismus	0.798	0.6263	review (uncertain pick)	902	3.7884000000000005e-05
reason for glasses/contact lenses: for just reading/near work as you are getting older (called 'presbyopia')	Other measurement / questionnaire	1	MONDO:0001330	presbyopia	0.92	0.84	auto-accepted	928	3.8976e-05
reason for glasses/contact lenses: for long-sightedness, i.e. for distance and near, but particularly for near tasks like reading (called 'hypermetropia')	Other measurement / questionnaire	1	HP:0000540	Hypermetropia	0.56	0.26	review (uncertain pick)	987	4.145400000000001e-05
reason for glasses/contact lenses: for short-sightedness, i.e. only or mainly for distance viewing such as driving, cinema etc (called 'myopia')	Other measurement / questionnaire	1	HP:0000545	Myopia	0.79	0.67	review (uncertain pick)	939	3.9438e-05
reason for glasses/contact lenses: other eye condition	Other measurement / questionnaire	1	none_suitable		0.77	0.59	review (uncertain abstention)	918	3.8556e-05
reason for not eating or drinking normally: away	Other measurement / questionnaire	1	none_suitable		0.86	0.8	no suitable term	902	3.7884000000000005e-05
reason for not eating or drinking normally: other reason untypical diet	Diet and supplements	1	none_suitable		0.51	0.23	review (uncertain abstention)	871	3.6582e-05
recent medication for asthma	Other measurement / questionnaire	1	none_suitable		0.74	0.51	review (uncertain abstention)	912	3.8304000000000005e-05
recent medication for hayfever or allergic rhinitis	Other measurement / questionnaire	1	none_suitable		0.8	0.62	review (uncertain abstention)	967	4.0614e-05
red wine intake	Diet and supplements	1	none_suitable		0.85	0.7	no suitable term	802	3.3684e-05
relative age of first facial hair	Other measurement / questionnaire	1	EFO:0009716	age at first facial hair	0.63	0.26	review (uncertain pick)	821	3.4482e-05
relative age voice broke	Other measurement / questionnaire	1	EFO:0007888	age at voice drop	0.97	0.94	auto-accepted	967	4.0614e-05
reported occurrences of cancer	Other measurement / questionnaire	1	EFO:0009800	number of cancers, self-reported	0.98	0.96	auto-accepted	892	3.7464e-05
reproduciblity of spirometry measurement using ers/ats criteria	Other measurement / questionnaire	1	none_suitable		1.0	1.0	no suitable term	953	4.0026e-05
retinol	Other measurement / questionnaire	1	OBA:1000995	retinol level	0.91	0.83	auto-accepted	874	3.6708e-05
risk taking	Other measurement / questionnaire	1	EFO:0008579	risk-taking behaviour	1.0	1.0	auto-accepted	994	4.174800000000001e-05
rose wine intake	Diet and supplements	1	none_suitable		0.99	0.98	no suitable term	836	3.5112000000000005e-05
round of numeric memory test	Other measurement / questionnaire	1	EFO:0004874	memory performance	0.63	0.4	review (uncertain pick)	924	3.8808000000000005e-05
salad / raw vegetable intake	Diet and supplements	1	none_suitable		0.98	0.96	no suitable term	835	3.507e-05
salt added to food	Diet and supplements	1	EFO:0020080	dietary sodium intake measurement	0.74	0.5	review (uncertain pick)	901	3.7842e-05
salted nuts intake	Diet and supplements	1	none_suitable		0.95	0.9	no suitable term	833	3.4986e-05
salted peanuts intake	Diet and supplements	1	none_suitable		0.95	0.9	no suitable term	845	3.549000000000001e-05
satsuma intake	Diet and supplements	1	EFO:0020897	citrus intake measurement	0.89	0.78	auto-accepted	834	3.5028000000000004e-05
saturated fat	Other measurement / questionnaire	1	EFO:0022304	saturated fatty acids measurement	0.79	0.68	review (uncertain pick)	874	3.6708e-05
sausage intake	Diet and supplements	1	none_suitable		1.0	1.0	no suitable term	833	3.4986e-05
savoury biscuits intake	Diet and supplements	1	none_suitable		0.97	0.95	no suitable term	843	3.5406e-05
savoury snack consumers	Diet and supplements	1	none_suitable		0.5657	0.1717	review (uncertain abstention)	956	4.0152000000000005e-05
scone intake	Diet and supplements	1	none_suitable		1.0	1.0	no suitable term	816	3.4272e-05
scotch egg intake	Diet and supplements	1	none_suitable		1.0	1.0	no suitable term	832	3.4944e-05
scotch pancake intake	Diet and supplements	1	none_suitable		0.99	0.98	no suitable term	831	3.4902000000000006e-05
seeds intake	Diet and supplements	1	none_suitable		0.99	0.98	no suitable term	848	3.5616000000000006e-05
seen a psychiatrist for nerves, anxiety, tension or depression	Other measurement / questionnaire	1	EFO:0009821	seeing a psychiatrist for nerves, anxiety, tension or depression, self-reported	1.0	1.0	auto-accepted	967	4.0614e-05
seen doctor (gp) for nerves, anxiety, tension or depression	Other measurement / questionnaire	1	EFO:0009820	seeing a general practitioner for nerves, anxiety, tension or depression, self-reported	0.99	0.98	auto-accepted	921	3.868200000000001e-05
sensitivity / hurt feelings	Other measurement / questionnaire	1	EFO:0009599	feeling emotionally hurt measurement	0.98	0.96	auto-accepted	960	4.032e-05
sex of baby: female	Other measurement / questionnaire	1	PATO:0000383	female	0.88	0.8	auto-accepted	917	3.8514e-05
sex of baby: male	Other measurement / questionnaire	1	PATO:0000384	male	0.89	0.82	auto-accepted	927	3.8934000000000004e-05
shellfish intake	Diet and supplements	1	none_suitable		0.88	0.76	no suitable term	838	3.5196e-05
shortness of breath walking on level ground	Other measurement / questionnaire	1	HP:0002094	Dyspnea	0.38	0.02	review (uncertain pick)	897	3.7674000000000006e-05
side salad intake	Diet and supplements	1	none_suitable		0.97	0.94	no suitable term	835	3.507e-05
signal-to-noise-ratio (snr) of triplet (left)	Other measurement / questionnaire	1	none_suitable		1.0	1.0	no suitable term	1057	4.4394e-05
signal-to-noise-ratio (snr) of triplet (right)	Other measurement / questionnaire	1	none_suitable		1.0	1.0	no suitable term	1069	4.4898e-05
single crust pastry intake	Diet and supplements	1	none_suitable		0.99	0.98	no suitable term	829	3.4818000000000004e-05
sitting height	Other measurement / questionnaire	1	EFO:0011011	sitting height measurement	0.99	0.98	auto-accepted	881	3.7002e-05
size of red wine glass drunk: medium (175ml)	Other measurement / questionnaire	1	none_suitable		0.97	0.95	no suitable term	820	3.444e-05
size of red wine glass drunk: small (125ml)	Other measurement / questionnaire	1	none_suitable		0.53	0.12	review (uncertain abstention)	813	3.4146e-05
size of white wine glass drunk: medium (175ml)	Other measurement / questionnaire	1	none_suitable		0.98	0.97	no suitable term	820	3.444e-05
size of white wine glass drunk: small (125ml)	Other measurement / questionnaire	1	none_suitable		0.57	0.18	review (uncertain abstention)	842	3.5364e-05
skin colour	Other measurement / questionnaire	1	OBA:VT0002095	skin pigmentation	0.91	0.82	auto-accepted	808	3.3936e-05
skin removed from poultry	Other measurement / questionnaire	1	none_suitable		0.8081	0.6364	review (uncertain abstention)	905	3.8010000000000004e-05
sleep duration	Other measurement / questionnaire	1	OBA:2040171	sleep duration trait	0.99	0.98	auto-accepted	811	3.4062e-05
sleeplessness / insomnia	Other measurement / questionnaire	1	MONDO:0013600	insomnia	0.76	0.65	review (uncertain pick)	832	3.4944e-05
sliced bread intake	Diet and supplements	1	none_suitable		0.98	0.96	no suitable term	840	3.528e-05
smoked cigarette or pipe within last hour	Other measurement / questionnaire	1	EFO:0004318	smoking behavior	0.58	0.25	review (uncertain pick)	830	3.486e-05
smoking compared to 10 years previous	Other measurement / questionnaire	1	none_suitable		0.8	0.72	review (uncertain abstention)	857	3.5994e-05
smoking/smokers in household	Sociodemographic / environment	1	ECTO:6000029	exposure to tobacco smoking	0.88	0.76	auto-accepted	823	3.4566e-05
snackpot intake	Diet and supplements	1	none_suitable		0.99	0.98	no suitable term	839	3.5238000000000004e-05
snoring	Other measurement / questionnaire	1	HP:0025267	Snoring	0.92	0.85	auto-accepted	838	3.5196e-05
soft cheese intake	Diet and supplements	1	none_suitable		1.0	1.0	no suitable term	837	3.5154e-05
soup consumers	Diet and supplements	1	none_suitable		0.66	0.41	review (uncertain abstention)	888	3.7296000000000003e-05
sources of admission to hospital (recoded): other admission source	Hospital administrative field	1	EFO:0009786	encounter with health service	0.67	0.38	review (uncertain pick)	925	3.885e-05
sources of admission to hospital (recoded): temporary place of residence	Hospital administrative field	1	none_suitable		0.52	0.28	review (uncertain abstention)	899	3.7758e-05
sources of admission to hospital (recoded): transfer to other nhs provider	Hospital administrative field	1	none_suitable		0.5	0.04	review (uncertain abstention)	938	3.939600000000001e-05
sources of admission to hospital (recoded): transfer to other nhs provider: general ward, young physically disabled, a&e	Hospital administrative field	1	none_suitable		1.0	1.0	no suitable term	1062	4.4604e-05
sources of admission to hospital (recoded): transfer within nhs provider	Hospital administrative field	1	none_suitable		0.6	0.25	review (uncertain abstention)	922	3.8724000000000004e-05
sources of admission to hospital (recoded): transfer within nhs provider: medical specialty	Hospital administrative field	1	none_suitable		0.63	0.33	review (uncertain abstention)	974	4.0908e-05
sources of admission to hospital (recoded): transfer within nhs provider: surgical specialty	Hospital administrative field	1	none_suitable		0.75	0.55	review (uncertain abstention)	930	3.906e-05
sources of admission to hospital (recoded): usual place of residence	Hospital administrative field	1	none_suitable		0.5556	0.303	review (uncertain abstention)	903	3.7926e-05
sources of admission to hospital (recoded): usual place of residence: living alone	Hospital administrative field	1	none_suitable		0.52	0.17	review (uncertain abstention)	922	3.8724000000000004e-05
sources of admission to hospital (recoded): usual place of residence: living with relatives	Hospital administrative field	1	none_suitable		0.73	0.5	review (uncertain abstention)	946	3.9732000000000005e-05
soya dessert intake	Diet and supplements	1	none_suitable		0.97	0.94	no suitable term	850	3.57e-05
speech-reception-threshold (srt) estimate (left)	Other measurement / questionnaire	1	none_suitable		0.5556	0.2727	review (uncertain abstention)	922	3.8724000000000004e-05
speech-reception-threshold (srt) estimate (right)	Other measurement / questionnaire	1	none_suitable		0.7	0.51	review (uncertain abstention)	900	3.7800000000000004e-05
spells in hospital	Other measurement / questionnaire	1	EFO:0020922	hospitalisation	0.97	0.94	auto-accepted	911	3.8262e-05
spherical power (left)	Other measurement / questionnaire	1	none_suitable		0.99	0.98	no suitable term	879	3.6918e-05
spherical power (right)	Other measurement / questionnaire	1	none_suitable		0.99	0.98	no suitable term	954	4.0068e-05
spinach intake	Diet and supplements	1	none_suitable		0.93	0.89	no suitable term	818	3.4356e-05
spirits intake	Diet and supplements	1	EFO:0004329	alcohol drinking	0.45	0.21	review (uncertain pick)	849	3.5658e-05
sponge pudding intake	Diet and supplements	1	none_suitable		0.97	0.94	no suitable term	850	3.57e-05
spreads/sauces consumers	Diet and supplements	1	none_suitable		1.0	1.0	no suitable term	795	3.3390000000000004e-05
sprouts intake	Diet and supplements	1	none_suitable		1.0	1.0	no suitable term	831	3.4902000000000006e-05
squash intake	Diet and supplements	1	none_suitable		0.95	0.91	no suitable term	829	3.4818000000000004e-05
standard tea intake	Diet and supplements	1	EFO:0010091	tea consumption measurement	0.98	0.96	auto-accepted	866	3.6372000000000003e-05
standing height	Other measurement / questionnaire	1	OBA:VT0001253	body height	0.95	0.9	auto-accepted	822	3.4524000000000004e-05
starch	Other measurement / questionnaire	1	none_suitable		0.97	0.96	no suitable term	862	3.6204e-05
starchy food consumers	Diet and supplements	1	EFO:0008111	diet measurement	0.61	0.23	review (uncertain pick)	870	3.654e-05
started insulin within one year diagnosis of diabetes	Other measurement / questionnaire	1	none_suitable		0.81	0.62	review (uncertain abstention)	972	4.0824e-05
stewed fruit intake	Diet and supplements	1	none_suitable		1.0	1.0	no suitable term	837	3.5154e-05
stomach/abdominal pain for 3+ months	Self-reported condition or symptom	1	HP:0002027	Abdominal pain	0.76	0.55	review (uncertain pick)	840	3.528e-05
suffer from 'nerves'	Other measurement / questionnaire	1	EFO:0009597	feeling nervous measurement	0.95	0.92	auto-accepted	850	3.57e-05
sum of road length of major roads within 100m	Other measurement / questionnaire	1	none_suitable		1.0	1.0	no suitable term	901	3.7842e-05
surgery on leg arteries (other than for varicose veins)	Other measurement / questionnaire	1	EFO:0009729	surgery on leg artery	0.97	0.94	auto-accepted	852	3.5784e-05
sushi intake	Diet and supplements	1	none_suitable		0.81	0.62	review (uncertain abstention)	856	3.5952000000000004e-05
sweet biscuits intake	Diet and supplements	1	none_suitable		0.9	0.84	no suitable term	873	3.6666000000000004e-05
sweet pepper intake	Diet and supplements	1	none_suitable		0.98	0.97	no suitable term	882	3.7044e-05
sweet potato intake	Diet and supplements	1	none_suitable		1.0	1.0	no suitable term	857	3.5994e-05
sweet snack consumers	Diet and supplements	1	none_suitable		0.84	0.73	review (uncertain abstention)	878	3.6876000000000004e-05
sweetcorn intake	Diet and supplements	1	none_suitable		0.99	0.98	no suitable term	843	3.5406e-05
sweetened cereal intake	Diet and supplements	1	none_suitable		0.89	0.79	no suitable term	885	3.7170000000000005e-05
sweets intake	Diet and supplements	1	EFO:0010158	sugar consumption measurement	0.88	0.79	auto-accepted	863	3.6246000000000005e-05
symbol digit completion status	Other measurement / questionnaire	1	none_suitable		0.98	0.97	no suitable term	972	4.0824e-05
systolic blood pressure, automated reading	Other measurement / questionnaire	1	EFO:0006335	systolic blood pressure	0.99	0.98	auto-accepted	890	3.738e-05
systolic blood pressure, manual reading	Other measurement / questionnaire	1	EFO:0006335	systolic blood pressure	0.98	0.96	auto-accepted	857	3.5994e-05
taking other prescription medications	Other measurement / questionnaire	1	none_suitable		0.97	0.95	no suitable term	843	3.5406e-05
target heart rate achieved	Other measurement / questionnaire	1	EFO:0009823	achievement of target heart rate, self-reported	0.91	0.84	auto-accepted	907	3.8094000000000005e-05
tea consumed	Diet and supplements	1	EFO:0010091	tea consumption measurement	1.0	1.0	auto-accepted	902	3.7884000000000005e-05
tea intake	Diet and supplements	1	EFO:0010091	tea consumption measurement	1.0	1.0	auto-accepted	865	3.633e-05
tense / 'highly strung'	Other measurement / questionnaire	1	EFO:0009596	feeling tense measurement	0.9394	0.9091	auto-accepted	927	3.8934000000000004e-05
thickness of butter/margarine spread on baguettes: thin	Diet and supplements	1	none_suitable		0.96	0.92	no suitable term	930	3.906e-05
thickness of butter/margarine spread on bread rolls: medium	Diet and supplements	1	none_suitable		0.78	0.56	review (uncertain abstention)	902	3.7884000000000005e-05
thickness of butter/margarine spread on bread rolls: thin	Diet and supplements	1	none_suitable		0.98	0.96	no suitable term	902	3.7884000000000005e-05
thickness of butter/margarine spread on sliced bread: medium	Diet and supplements	1	none_suitable		0.74	0.48	review (uncertain abstention)	894	3.754800000000001e-05
thickness of butter/margarine spread on sliced bread: thick	Diet and supplements	1	none_suitable		0.98	0.96	no suitable term	874	3.6708e-05
thickness of butter/margarine spread on sliced bread: thin	Diet and supplements	1	none_suitable		0.98	0.96	no suitable term	930	3.906e-05
time employed in main current job	Sociodemographic / environment	1	none_suitable		0.96	0.93	no suitable term	802	3.3684e-05
time from waking to first cigarette	Other measurement / questionnaire	1	EFO:0010126	time to first cigarette measurement	0.99	0.98	auto-accepted	875	3.6750000000000006e-05
time since last menstrual period	Other measurement / questionnaire	1	none_suitable		0.8	0.71	review (uncertain abstention)	858	3.6036000000000005e-05
time since last prostate specific antigen (psa) test	Other measurement / questionnaire	1	none_suitable		1.0	1.0	no suitable term	876	3.6792e-05
time spend outdoors in summer	Other measurement / questionnaire	1	EFO:0600081	time spent outdoors measurement	0.95	0.92	auto-accepted	821	3.4482e-05
time spent doing light physical activity	Physical activity / lifestyle	1	EFO:0008002	physical activity measurement	0.54	0.21	review (uncertain pick)	854	3.5868e-05
time spent doing moderate physical activity	Physical activity / lifestyle	1	EFO:0008002	physical activity measurement	0.61	0.33	review (uncertain pick)	886	3.7212e-05
time spent doing vigorous physical activity	Physical activity / lifestyle	1	EFO:0008002	physical activity measurement	0.62	0.36	review (uncertain pick)	858	3.6036000000000005e-05
time spent driving	Physical activity / lifestyle	1	none_suitable		0.99	0.98	no suitable term	814	3.4188000000000005e-05
time spent outdoors in winter	Physical activity / lifestyle	1	EFO:0600081	time spent outdoors measurement	0.82	0.64	review (uncertain pick)	824	3.4608e-05
time spent using computer	Physical activity / lifestyle	1	none_suitable		0.97	0.94	no suitable term	839	3.5238000000000004e-05
time spent watching television (tv)	Physical activity / lifestyle	1	none_suitable		0.99	0.98	no suitable term	835	3.507e-05
time to answer	Other measurement / questionnaire	1	EFO:0008393	reaction time measurement	0.93	0.86	auto-accepted	908	3.8136e-05
time to complete round	Other measurement / questionnaire	2	none_suitable		0.8182	0.6566	review (uncertain abstention)	892	3.7464e-05
tinned tomato intake	Diet and supplements	1	none_suitable		0.97	0.94	no suitable term	821	3.4482e-05
tinned tuna intake	Diet and supplements	1	EFO:0010139	fish consumption measurement	0.59	0.18	review (uncertain pick)	830	3.486e-05
tinnitus severity/nuisance	Other measurement / questionnaire	1	none_suitable		0.59	0.24	review (uncertain abstention)	944	3.9648000000000004e-05
tofu intake	Diet and supplements	1	none_suitable		1.0	1.0	no suitable term	836	3.5112000000000005e-05
total errors traversing alphanumeric path (trail #2)	Other measurement / questionnaire	1	none_suitable		1.0	1.0	no suitable term	892	3.7464e-05
total errors traversing numeric path (trail #1)	Other measurement / questionnaire	1	none_suitable		1.0	1.0	no suitable term	929	3.9018000000000005e-05
total sugars	Other measurement / questionnaire	1	none_suitable		0.6	0.28	review (uncertain abstention)	966	4.0572000000000004e-05
total traffic load on major roads	Other measurement / questionnaire	1	none_suitable		1.0	1.0	no suitable term	909	3.8178e-05
townsend deprivation index at recruitment	Other measurement / questionnaire	1	EFO:0009711	Townsend deprivation index	0.97	0.95	auto-accepted	997	4.1874000000000006e-05
traffic intensity on the nearest major road	Other measurement / questionnaire	1	none_suitable		0.88	0.76	no suitable term	934	3.9228000000000005e-05
traffic intensity on the nearest road	Other measurement / questionnaire	1	none_suitable		0.82	0.64	review (uncertain abstention)	922	3.8724000000000004e-05
transport type for commuting to job workplace: car/motor vehicle	Sociodemographic / environment	1	none_suitable		1.0	1.0	no suitable term	899	3.7758e-05
transport type for commuting to job workplace: cycle	Sociodemographic / environment	1	none_suitable		0.98	0.96	no suitable term	923	3.8766e-05
transport type for commuting to job workplace: none of the above	Sociodemographic / environment	1	none_suitable		1.0	1.0	no suitable term	968	4.0656000000000005e-05
transport type for commuting to job workplace: public transport	Sociodemographic / environment	1	none_suitable		1.0	1.0	no suitable term	899	3.7758e-05
transport type for commuting to job workplace: walk	Sociodemographic / environment	1	none_suitable		0.99	0.98	no suitable term	860	3.612e-05
treatment speciality of consultant (recoded): accident & emergency (a&e)	Hospital administrative field	1	none_suitable		0.9	0.8	no suitable term	1035	4.3469999999999995e-05
treatment speciality of consultant (recoded): adult mental illness	Hospital administrative field	1	none_suitable		0.86	0.81	no suitable term	920	3.864e-05
treatment speciality of consultant (recoded): anaesthetics	Hospital administrative field	1	none_suitable		0.95	0.92	no suitable term	816	3.4272e-05
treatment speciality of consultant (recoded): breast surgery	Hospital administrative field	1	none_suitable		1.0	1.0	no suitable term	930	3.906e-05
treatment speciality of consultant (recoded): cardiac surgery	Hospital administrative field	1	none_suitable		1.0	1.0	no suitable term	993	4.1706000000000004e-05
treatment speciality of consultant (recoded): cardiology	Hospital administrative field	1	none_suitable		0.92	0.85	no suitable term	853	3.5826000000000006e-05
treatment speciality of consultant (recoded): cardiothoracic surgery	Hospital administrative field	1	none_suitable		0.9	0.8	no suitable term	891	3.7422e-05
treatment speciality of consultant (recoded): clinical haematology	Hospital administrative field	1	none_suitable		0.89	0.78	no suitable term	859	3.6078e-05
treatment speciality of consultant (recoded): clinical oncology	Hospital administrative field	1	none_suitable		0.88	0.76	no suitable term	932	3.9144e-05
treatment speciality of consultant (recoded): colorectal surgery	Hospital administrative field	1	none_suitable		0.93	0.86	no suitable term	966	4.0572000000000004e-05
treatment speciality of consultant (recoded): dermatology	Hospital administrative field	1	none_suitable		0.91	0.82	no suitable term	868	3.6456e-05
treatment speciality of consultant (recoded): ear, nose and throat (ent)	Hospital administrative field	1	none_suitable		0.95	0.9	no suitable term	923	3.8766e-05
treatment speciality of consultant (recoded): endocrinology	Hospital administrative field	1	none_suitable		0.93	0.86	no suitable term	887	3.7254e-05
treatment speciality of consultant (recoded): gastroenterology	Hospital administrative field	1	none_suitable		0.93	0.86	no suitable term	914	3.8388e-05
treatment speciality of consultant (recoded): general medicine	Hospital administrative field	1	none_suitable		0.9	0.82	no suitable term	915	3.843e-05
treatment speciality of consultant (recoded): general surgery	Hospital administrative field	1	none_suitable		0.89	0.81	no suitable term	885	3.7170000000000005e-05
treatment speciality of consultant (recoded): geriatric medicine	Hospital administrative field	1	none_suitable		0.93	0.87	no suitable term	884	3.7128e-05
treatment speciality of consultant (recoded): gynaecology	Hospital administrative field	1	none_suitable		0.93	0.86	no suitable term	853	3.5826000000000006e-05
treatment speciality of consultant (recoded): infectious diseases	Hospital administrative field	1	none_suitable		0.92	0.84	no suitable term	829	3.4818000000000004e-05
treatment speciality of consultant (recoded): maxillo-facial surgery	Hospital administrative field	1	none_suitable		1.0	1.0	no suitable term	912	3.8304000000000005e-05
treatment speciality of consultant (recoded): medical oncology	Hospital administrative field	1	none_suitable		0.96	0.92	no suitable term	991	4.1621999999999996e-05
treatment speciality of consultant (recoded): midwife episode	Hospital administrative field	1	none_suitable		0.89	0.78	no suitable term	907	3.8094000000000005e-05
treatment speciality of consultant (recoded): nephrology	Hospital administrative field	1	none_suitable		0.93	0.86	no suitable term	847	3.5574e-05
treatment speciality of consultant (recoded): neurology	Hospital administrative field	1	none_suitable		0.89	0.78	no suitable term	861	3.6162000000000004e-05
treatment speciality of consultant (recoded): neurosurgery	Hospital administrative field	1	none_suitable		0.89	0.79	no suitable term	892	3.7464e-05
treatment speciality of consultant (recoded): obstetrics	Hospital administrative field	1	none_suitable		0.72	0.5	review (uncertain abstention)	862	3.6204e-05
treatment speciality of consultant (recoded): ophthalmology	Hospital administrative field	1	none_suitable		0.9394	0.8889	no suitable term	879	3.6918e-05
treatment speciality of consultant (recoded): oral surgery	Hospital administrative field	1	none_suitable		0.97	0.94	no suitable term	866	3.6372000000000003e-05
treatment speciality of consultant (recoded): pain management	Hospital administrative field	1	none_suitable		0.97	0.94	no suitable term	970	4.0740000000000006e-05
treatment speciality of consultant (recoded): plastic surgery	Hospital administrative field	1	none_suitable		0.93	0.89	no suitable term	861	3.6162000000000004e-05
treatment speciality of consultant (recoded): respiratory medicine	Hospital administrative field	1	none_suitable		1.0	1.0	no suitable term	925	3.885e-05
treatment speciality of consultant (recoded): rheumatology	Hospital administrative field	1	none_suitable		0.92	0.84	no suitable term	912	3.8304000000000005e-05
treatment speciality of consultant (recoded): thoracic medicine	Hospital administrative field	1	none_suitable		0.92	0.84	no suitable term	896	3.7632e-05
treatment speciality of consultant (recoded): trauma & orthopaedics	Hospital administrative field	1	none_suitable		0.97	0.94	no suitable term	906	3.8052e-05
treatment speciality of consultant (recoded): upper gastrointestinal surgery	Hospital administrative field	1	none_suitable		0.84	0.68	review (uncertain abstention)	856	3.5952000000000004e-05
treatment speciality of consultant (recoded): urology	Hospital administrative field	1	none_suitable		0.89	0.79	no suitable term	842	3.5364e-05
treatment speciality of consultant (recoded): vascular surgery	Hospital administrative field	1	none_suitable		0.99	0.98	no suitable term	901	3.7842e-05
treatment/medication code: adalat 5mg capsule	Medication	1	none_suitable		0.43	0.15	review (uncertain abstention)	944	3.9648000000000004e-05
treatment/medication code: adcal 600mg chewable tablet	Medication	1	none_suitable		0.67	0.38	review (uncertain abstention)	849	3.5658e-05
treatment/medication code: adcal-d3 1.5g/10micrograms chewable tablet	Medication	1	none_suitable		0.8	0.61	review (uncertain abstention)	875	3.6750000000000006e-05
treatment/medication code: alendronate sodium	Medication	1	EFO:0007056	clinical treatment	0.52	0.05	review (uncertain pick)	925	3.885e-05
treatment/medication code: alfuzosin	Medication	1	none_suitable		0.8	0.72	review (uncertain abstention)	1036	4.3512000000000006e-05
treatment/medication code: allopurinol	Medication	1	none_suitable		0.31	0.03	review (uncertain abstention)	994	4.174800000000001e-05
treatment/medication code: amitriptyline	Medication	1	CHEBI:2666	amitriptyline	0.52	0.21	review (uncertain pick)	965	4.053000000000001e-05
treatment/medication code: amlodipine	Medication	1	none_suitable		0.59	0.43	review (uncertain abstention)	837	3.5154e-05
treatment/medication code: aspirin	Medication	1	EFO:0007013	aspirin use measurement	0.69	0.55	review (uncertain pick)	958	4.0236e-05
treatment/medication code: aspirin 75mg tablet	Medication	1	EFO:0007013	aspirin use measurement	0.64	0.42	review (uncertain pick)	912	3.8304000000000005e-05
treatment/medication code: atenolol	Medication	1	CHEBI:2904	atenolol	0.41	0.1	review (uncertain pick)	910	3.822e-05
treatment/medication code: atorvastatin	Medication	1	none_suitable		0.37	0.01	review (uncertain abstention)	872	3.662400000000001e-05
treatment/medication code: beclazone 50 inhaler	Medication	1	none_suitable		0.69	0.4	review (uncertain abstention)	1051	4.4142000000000005e-05
treatment/medication code: beclometasone	Medication	1	none_suitable		0.6869	0.4242	review (uncertain abstention)	896	3.7632e-05
treatment/medication code: beclomethasone	Medication	1	none_suitable		0.68	0.39	review (uncertain abstention)	897	3.7674000000000006e-05
treatment/medication code: beconase 50micrograms nasal spray	Medication	1	none_suitable		0.77	0.56	review (uncertain abstention)	1021	4.2882e-05
treatment/medication code: becotide 50 inhaler	Medication	1	none_suitable		0.74	0.49	review (uncertain abstention)	1071	4.4982e-05
treatment/medication code: bendrofluazide	Medication	1	none_suitable		0.86	0.73	no suitable term	1098	4.6116000000000004e-05
treatment/medication code: bendroflumethiazide	Medication	1	none_suitable		0.84	0.71	review (uncertain abstention)	1029	4.3218e-05
treatment/medication code: betahistine	Medication	1	none_suitable		0.76	0.54	review (uncertain abstention)	815	3.423e-05
treatment/medication code: betnovate cream	Medication	1	none_suitable		0.61	0.24	review (uncertain abstention)	846	3.5532e-05
treatment/medication code: bisoprolol	Medication	1	none_suitable		0.83	0.77	review (uncertain abstention)	925	3.885e-05
treatment/medication code: bricanyl 250mcg inhaler	Medication	1	none_suitable		0.61	0.34	review (uncertain abstention)	833	3.4986e-05
treatment/medication code: calcichew 1.25g chewable tablet	Medication	1	none_suitable		0.73	0.46	review (uncertain abstention)	807	3.3894000000000004e-05
treatment/medication code: calcichew d3 tablet	Medication	1	none_suitable		0.63	0.29	review (uncertain abstention)	871	3.6582e-05
treatment/medication code: calcium salts	Medication	1	none_suitable		0.92	0.85	no suitable term	846	3.5532e-05
treatment/medication code: calcium+vitamin d 500units tablet	Medication	1	none_suitable		0.96	0.93	no suitable term	942	3.9564e-05
treatment/medication code: candesartan cilexetil	Medication	1	none_suitable		0.4	0.1	review (uncertain abstention)	927	3.8934000000000004e-05
treatment/medication code: cerazette 75micrograms tablet	Medication	1	none_suitable		0.88	0.77	no suitable term	1065	4.473e-05
treatment/medication code: cetirizine	Medication	1	none_suitable		0.8	0.62	review (uncertain abstention)	1018	4.2756e-05
treatment/medication code: chondroitin product	Medication	1	none_suitable		0.79	0.6	review (uncertain abstention)	912	3.8304000000000005e-05
treatment/medication code: citalopram	Medication	1	CHEBI:3723	citalopram	0.46	0.13	review (uncertain pick)	939	3.9438e-05
treatment/medication code: clopidogrel	Medication	1	none_suitable		0.48	0.14	review (uncertain abstention)	967	4.0614e-05
treatment/medication code: co-codamol	Medication	1	none_suitable		0.72	0.53	review (uncertain abstention)	1358	5.703600000000001e-05
treatment/medication code: co-dydramol	Medication	1	none_suitable		0.66	0.43	review (uncertain abstention)	933	3.9186e-05
treatment/medication code: co-enzyme q10/ubiquinone/bio-quinone/coenzyme q10	Medication	1	none_suitable		0.87	0.75	no suitable term	1094	4.5948e-05
treatment/medication code: cod liver oil capsule	Medication	1	none_suitable		0.71	0.44	review (uncertain abstention)	819	3.4398e-05
treatment/medication code: codeine	Medication	1	none_suitable		0.86	0.79	no suitable term	900	3.7800000000000004e-05
treatment/medication code: diazepam	Medication	1	CHEBI:49575	diazepam	0.5657	0.3535	review (uncertain pick)	950	3.99e-05
treatment/medication code: diclofenac	Medication	1	CHEBI:47381	diclofenac	0.35	0.03	review (uncertain pick)	931	3.9102e-05
treatment/medication code: digoxin	Medication	1	none_suitable		0.71	0.54	review (uncertain abstention)	1018	4.2756e-05
treatment/medication code: dihydrocodeine	Medication	1	none_suitable		0.52	0.06	review (uncertain abstention)	826	3.4692000000000006e-05
treatment/medication code: dosulepin	Medication	1	none_suitable		0.79	0.67	review (uncertain abstention)	1002	4.2084000000000006e-05
treatment/medication code: doxazosin	Medication	1	none_suitable		0.77	0.56	review (uncertain abstention)	984	4.132800000000001e-05
treatment/medication code: enalapril	Medication	1	none_suitable		0.37	0.03	review (uncertain abstention)	1017	4.2714e-05
treatment/medication code: esomeprazole	Medication	1	none_suitable		0.65	0.53	review (uncertain abstention)	1017	4.2714e-05
treatment/medication code: evening primrose oil	Medication	1	none_suitable		0.72	0.47	review (uncertain abstention)	823	3.4566e-05
treatment/medication code: evening primrose oil product	Medication	1	none_suitable		0.83	0.68	review (uncertain abstention)	814	3.4188000000000005e-05
treatment/medication code: ezetimibe	Medication	1	none_suitable		0.8	0.61	review (uncertain abstention)	1139	4.7838000000000005e-05
treatment/medication code: felodipine	Medication	1	CHEBI:585948	felodipine	0.63	0.35	review (uncertain pick)	939	3.9438e-05
treatment/medication code: ferrous sulphate	Medication	1	none_suitable		0.6869	0.4141	review (uncertain abstention)	959	4.0278e-05
treatment/medication code: fexofenadine	Medication	1	none_suitable		0.88	0.77	no suitable term	1017	4.2714e-05
treatment/medication code: finasteride	Medication	1	none_suitable		0.61	0.25	review (uncertain abstention)	823	3.4566e-05
treatment/medication code: flixonase 50micrograms aqueous nasal spray	Medication	1	none_suitable		0.7	0.43	review (uncertain abstention)	1012	4.2504000000000005e-05
treatment/medication code: fluoxetine	Medication	1	CHEBI:5118	fluoxetine	0.5657	0.2525	review (uncertain pick)	1045	4.389e-05
treatment/medication code: fluticasone	Medication	1	none_suitable		0.76	0.6	review (uncertain abstention)	873	3.6666000000000004e-05
treatment/medication code: folic acid product	Medication	1	none_suitable		0.86	0.74	no suitable term	1075	4.515e-05
treatment/medication code: food supplement/plant/herbal extract	Medication	1	CHEBI:50733	nutraceutical	0.73	0.53	review (uncertain pick)	876	3.6792e-05
treatment/medication code: free-text entry, unable to be coded	Medication	1	none_suitable		1.0	1.0	no suitable term	851	3.5742000000000004e-05
treatment/medication code: furosemide	Medication	1	CHEBI:47426	furosemide	0.72	0.56	review (uncertain pick)	1031	4.3302000000000007e-05
treatment/medication code: gabapentin	Medication	1	CHEBI:42797	gabapentin	0.35	0.03	review (uncertain pick)	1008	4.2336e-05
treatment/medication code: garlic product	Medication	1	none_suitable		0.73	0.49	review (uncertain abstention)	822	3.4524000000000004e-05
treatment/medication code: gaviscon liquid	Medication	1	none_suitable		0.67	0.37	review (uncertain abstention)	824	3.4608e-05
treatment/medication code: ginkgo forte tablet	Medication	1	none_suitable		0.66	0.34	review (uncertain abstention)	852	3.5784e-05
treatment/medication code: gliclazide	Medication	1	none_suitable		0.65	0.45	review (uncertain abstention)	866	3.6372000000000003e-05
treatment/medication code: glucosamine product	Medication	1	none_suitable		0.53	0.2	review (uncertain abstention)	786	3.3012e-05
treatment/medication code: glyceryl trinitrate	Medication	1	none_suitable		0.61	0.24	review (uncertain abstention)	828	3.4776e-05
treatment/medication code: gtn 400micrograms spray	Medication	1	none_suitable		0.58	0.21	review (uncertain abstention)	830	3.486e-05
treatment/medication code: ibuprofen	Medication	1	none_suitable		0.46	0.15	review (uncertain abstention)	917	3.8514e-05
treatment/medication code: indapamide	Medication	1	none_suitable		0.87	0.78	no suitable term	937	3.9354e-05
treatment/medication code: insulin product	Medication	1	EFO:0600082	insulin use measurement	0.53	0.07	review (uncertain pick)	930	3.906e-05
treatment/medication code: irbesartan	Medication	1	none_suitable		0.8	0.61	review (uncertain abstention)	1027	4.3134e-05
treatment/medication code: iron product	Medication	1	none_suitable		0.99	0.98	no suitable term	896	3.7632e-05
treatment/medication code: isosorbide mononitrate	Medication	1	none_suitable		0.697	0.4141	review (uncertain abstention)	928	3.8976e-05
treatment/medication code: lactulose product	Medication	1	none_suitable		0.73	0.48	review (uncertain abstention)	832	3.4944e-05
treatment/medication code: lansoprazole	Medication	1	none_suitable		0.74	0.5	review (uncertain abstention)	885	3.7170000000000005e-05
treatment/medication code: lercanidipine	Medication	1	none_suitable		0.72	0.59	review (uncertain abstention)	866	3.6372000000000003e-05
treatment/medication code: levothyroxine sodium	Medication	1	EFO:0007056	clinical treatment	0.59	0.2	review (uncertain pick)	867	3.6414e-05
treatment/medication code: lipitor 10mg tablet	Medication	1	EFO:0803367	antihyperlipidemic drug use measurement	0.47	0.11	review (uncertain pick)	959	4.0278e-05
treatment/medication code: lisinopril	Medication	1	none_suitable		0.41	0.07	review (uncertain abstention)	878	3.6876000000000004e-05
treatment/medication code: loperamide	Medication	1	none_suitable		0.75	0.52	review (uncertain abstention)	877	3.6834e-05
treatment/medication code: loratadine	Medication	1	none_suitable		0.72	0.55	review (uncertain abstention)	861	3.6162000000000004e-05
treatment/medication code: losartan	Medication	1	CHEBI:6541	losartan	0.39	0.05	review (uncertain pick)	948	3.9816e-05
treatment/medication code: mebeverine	Medication	1	none_suitable		0.85	0.72	no suitable term	924	3.8808000000000005e-05
treatment/medication code: meloxicam	Medication	1	none_suitable		0.76	0.56	review (uncertain abstention)	1023	4.2966e-05
treatment/medication code: metformin	Medication	1	CHEBI:6801	metformin	0.39	0.03	review (uncertain pick)	815	3.423e-05
treatment/medication code: methotrexate	Medication	1	EFO:0007056	clinical treatment	0.48	0.2	review (uncertain pick)	876	3.6792e-05
treatment/medication code: minerals - magnesium	Medication	1	none_suitable		0.88	0.82	no suitable term	951	3.9942000000000005e-05
treatment/medication code: mirtazapine	Medication	1	none_suitable		0.8081	0.6465	review (uncertain abstention)	1107	4.6494e-05
treatment/medication code: movicol oral powder	Medication	1	none_suitable		0.79	0.61	review (uncertain abstention)	938	3.939600000000001e-05
treatment/medication code: multivitamin+mineral preparations	Medication	1	CHEBI:50733	nutraceutical	0.39	0.03	review (uncertain pick)	977	4.1034e-05
treatment/medication code: multivitamins	Medication	1	EFO:0009116	vitamin supplement exposure measurement	0.64	0.46	review (uncertain pick)	971	4.0782000000000004e-05
treatment/medication code: naproxen	Medication	1	CHEBI:7476	naproxen	0.54	0.33	review (uncertain pick)	945	3.969e-05
treatment/medication code: nasonex 0.05% aqueous nasal spray	Medication	1	none_suitable		0.85	0.7	no suitable term	895	3.759e-05
treatment/medication code: nicorandil	Medication	1	none_suitable		0.71	0.56	review (uncertain abstention)	861	3.6162000000000004e-05
treatment/medication code: nifedipine	Medication	1	none_suitable		0.43	0.02	review (uncertain abstention)	923	3.8766e-05
treatment/medication code: omega-3/fish oil supplement	Medication	1	EFO:0600007	fish oil supplement exposure measurement	0.47	0.14	review (uncertain pick)	949	3.9858000000000004e-05
treatment/medication code: omeprazole	Medication	1	CHEBI:7772	omeprazole	0.49	0.18	review (uncertain pick)	977	4.1034e-05
treatment/medication code: oxybutynin	Medication	1	none_suitable		0.6	0.34	review (uncertain abstention)	960	4.032e-05
treatment/medication code: oxytetracycline	Medication	1	none_suitable		0.76	0.68	review (uncertain abstention)	977	4.1034e-05
treatment/medication code: paracetamol	Medication	1	EFO:0007056	clinical treatment	0.38	0.02	review (uncertain pick)	889	3.7338e-05
treatment/medication code: paroxetine	Medication	1	CHEBI:7936	paroxetine	0.41	0.04	review (uncertain pick)	1116	4.6872e-05
treatment/medication code: perindopril	Medication	1	none_suitable		0.61	0.34	review (uncertain abstention)	850	3.57e-05
treatment/medication code: pravastatin	Medication	1	none_suitable		0.39	0.03	review (uncertain abstention)	1024	4.3008e-05
treatment/medication code: prednisolone	Medication	1	CHEBI:8378	prednisolone	0.43	0.12	review (uncertain pick)	920	3.864e-05
treatment/medication code: premarin 625micrograms tablet	Medication	1	none_suitable		0.7	0.44	review (uncertain abstention)	875	3.6750000000000006e-05
treatment/medication code: propranolol	Medication	1	none_suitable		0.64	0.43	review (uncertain abstention)	878	3.6876000000000004e-05
treatment/medication code: quinine	Medication	1	none_suitable		0.42	0.09	review (uncertain abstention)	917	3.8514e-05
treatment/medication code: qvar 50 inhaler	Medication	1	none_suitable		0.74	0.52	review (uncertain abstention)	941	3.9522000000000005e-05
treatment/medication code: ramipril	Medication	1	none_suitable		0.61	0.24	review (uncertain abstention)	858	3.6036000000000005e-05
treatment/medication code: ranitidine	Medication	1	CHEBI:8776	ranitidine	0.56	0.25	review (uncertain pick)	845	3.549000000000001e-05
treatment/medication code: rosuvastatin	Medication	1	CHEBI:38545	rosuvastatin	0.43	0.17	review (uncertain pick)	1003	4.2126e-05
treatment/medication code: salamol 100micrograms inhaler	Medication	1	none_suitable		0.59	0.4	review (uncertain abstention)	888	3.7296000000000003e-05
treatment/medication code: salbutamol	Medication	1	none_suitable		0.77	0.62	review (uncertain abstention)	912	3.8304000000000005e-05
treatment/medication code: salbutamol 100micrograms spacehaler	Medication	1	none_suitable		0.85	0.74	no suitable term	997	4.1874000000000006e-05
treatment/medication code: salmeterol	Medication	1	none_suitable		0.3	0.04	review (uncertain abstention)	953	4.0026e-05
treatment/medication code: selenium product	Medication	1	none_suitable		0.798	0.6263	review (uncertain abstention)	807	3.3894000000000004e-05
treatment/medication code: seretide 50 evohaler	Medication	1	none_suitable		0.62	0.25	review (uncertain abstention)	825	3.465e-05
treatment/medication code: serevent 25mcg inhaler	Medication	1	EFO:0010062	response to salmeterol	0.47	0.09	review (uncertain pick)	907	3.8094000000000005e-05
treatment/medication code: sertraline	Medication	1	none_suitable		0.37	0.14	review (uncertain abstention)	998	4.1916e-05
treatment/medication code: simvastatin	Medication	1	none_suitable		0.4	0.07	review (uncertain abstention)	961	4.0362000000000004e-05
treatment/medication code: sumatriptan	Medication	1	none_suitable		0.79	0.59	review (uncertain abstention)	972	4.0824e-05
treatment/medication code: symbicort 100/6 turbohaler	Medication	1	none_suitable		0.59	0.35	review (uncertain abstention)	922	3.8724000000000004e-05
treatment/medication code: tamoxifen	Medication	1	none_suitable		0.35	0.0	review (uncertain abstention)	903	3.7926e-05
treatment/medication code: tamsulosin	Medication	1	none_suitable		0.49	0.13	review (uncertain abstention)	843	3.5406e-05
treatment/medication code: tegretol 100mg tablet	Medication	1	none_suitable		0.798	0.6263	review (uncertain abstention)	1029	4.3218e-05
treatment/medication code: thyroxine product	Medication	1	none_suitable		0.54	0.18	review (uncertain abstention)	826	3.4692000000000006e-05
treatment/medication code: thyroxine sodium	Medication	1	EFO:0007056	clinical treatment	0.51	0.11	review (uncertain pick)	886	3.7212e-05
treatment/medication code: tiotropium	Medication	1	none_suitable		0.48	0.14	review (uncertain abstention)	871	3.6582e-05
treatment/medication code: tramadol	Medication	1	CHEBI:9648	tramadol	0.47	0.2	review (uncertain pick)	928	3.8976e-05
treatment/medication code: vagifem 25mcg pessary	Medication	1	none_suitable		0.51	0.03	review (uncertain abstention)	903	3.7926e-05
treatment/medication code: valsartan	Medication	1	none_suitable		0.36	0.02	review (uncertain abstention)	1003	4.2126e-05
treatment/medication code: venlafaxine	Medication	1	CHEBI:9943	venlafaxine	0.37	0.01	review (uncertain pick)	962	4.0404e-05
treatment/medication code: ventolin 100micrograms inhaler	Medication	1	none_suitable		0.58	0.22	review (uncertain abstention)	892	3.7464e-05
treatment/medication code: viscotears liquid eye gel	Medication	1	none_suitable		0.87	0.75	no suitable term	991	4.1621999999999996e-05
treatment/medication code: vitamin b compound tablet	Medication	1	none_suitable		0.52	0.04	review (uncertain abstention)	925	3.885e-05
treatment/medication code: vitamin b12 preparation	Medication	1	none_suitable		0.98	0.96	no suitable term	969	4.0698e-05
treatment/medication code: vitamin c product	Medication	2	none_suitable		0.6768	0.404	review (uncertain abstention)	909	3.8178e-05
treatment/medication code: vitamin d product	Medication	1	EFO:0007056	clinical treatment	0.5	0.09	review (uncertain pick)	862	3.6204e-05
treatment/medication code: vitamin e product	Medication	1	none_suitable		0.76	0.58	review (uncertain abstention)	934	3.9228000000000005e-05
treatment/medication code: warfarin	Medication	1	none_suitable		0.48	0.07	review (uncertain abstention)	1027	4.3134e-05
treatment/medication code: xalatan 0.005% eye drops	Medication	1	none_suitable		0.59	0.18	review (uncertain abstention)	835	3.507e-05
treatment/medication code: zinc product	Medication	1	none_suitable		0.7	0.45	review (uncertain abstention)	821	3.4482e-05
treatment/medication code: zopiclone	Medication	1	none_suitable		0.83	0.69	review (uncertain abstention)	1004	4.2168e-05
trunk fat mass	Other measurement / questionnaire	1	none_suitable		0.58	0.37	review (uncertain abstention)	840	3.528e-05
trunk fat percentage	Other measurement / questionnaire	1	none_suitable		0.59	0.45	review (uncertain abstention)	851	3.5742000000000004e-05
trunk fat-free mass	Other measurement / questionnaire	1	none_suitable		0.96	0.94	no suitable term	823	3.4566e-05
trunk predicted mass	Other measurement / questionnaire	1	none_suitable		0.91	0.86	no suitable term	811	3.4062e-05
turnip/swede intake	Diet and supplements	1	none_suitable		1.0	1.0	no suitable term	829	3.4818000000000004e-05
type of baguette eaten: mixed	Diet and supplements	1	none_suitable		1.0	1.0	no suitable term	866	3.6372000000000003e-05
type of baguette eaten: white	Diet and supplements	1	none_suitable		1.0	1.0	no suitable term	893	3.7506e-05
type of baguette eaten: wholemeal	Diet and supplements	1	none_suitable		1.0	1.0	no suitable term	879	3.6918e-05
type of bread roll eaten: mixed	Diet and supplements	1	none_suitable		1.0	1.0	no suitable term	896	3.7632e-05
type of bread roll eaten: white	Diet and supplements	1	none_suitable		1.0	1.0	no suitable term	1030	4.326000000000001e-05
type of bread roll eaten: wholemeal	Diet and supplements	1	none_suitable		1.0	1.0	no suitable term	877	3.6834e-05
type of cancer: icd10: c18.7 sigmoid colon	Cancer registry	1	MONDO:0001464	sigmoid colon cancer	0.9	0.83	auto-accepted	940	3.948e-05
type of cancer: icd10: c20 malignant neoplasm of rectum	Cancer registry	1	MONDO:0006519	rectal cancer	0.89	0.78	auto-accepted	885	3.7170000000000005e-05
type of cancer: icd10: c34.1 upper lobe, bronchus or lung	Cancer registry	1	MONDO:0001672	bronchus cancer	0.39	0.08	review (uncertain pick)	869	3.6498e-05
type of cancer: icd10: c43.7 malignant melanoma of lower limb, including hip	Cancer registry	1	MONDO:0005012	cutaneous melanoma	0.75	0.5	review (uncertain pick)	1013	4.2546e-05
type of cancer: icd10: c44.3 skin of other and unspecified parts of face	Cancer registry	1	MONDO:0002656	skin carcinoma	0.46	0.14	review (uncertain pick)	936	3.9312e-05
type of cancer: icd10: c44.4 skin of scalp and neck	Cancer registry	1	none_suitable		0.84	0.77	review (uncertain abstention)	1067	4.4814e-05
type of cancer: icd10: c44.5 skin of trunk	Cancer registry	1	MONDO:0000653	integumentary system cancer	0.47	0.08	review (uncertain pick)	968	4.0656000000000005e-05
type of cancer: icd10: c44.6 skin of upper limb, including shoulder	Cancer registry	1	MONDO:0002656	skin carcinoma	0.55	0.11	review (uncertain pick)	950	3.99e-05
type of cancer: icd10: c44.7 skin of lower limb, including hip	Cancer registry	1	MONDO:0002898	skin cancer	0.67	0.34	review (uncertain pick)	956	4.0152000000000005e-05
type of cancer: icd10: c44.9 malignant neoplasm of skin, unspecified	Cancer registry	1	MONDO:0002898	skin cancer	0.89	0.8	auto-accepted	917	3.8514e-05
type of cancer: icd10: c50.4 upper-outer quadrant of breast	Cancer registry	1	none_suitable		0.7	0.4	review (uncertain abstention)	1006	4.2252e-05
type of cancer: icd10: c50.9 breast, unspecified	Cancer registry	1	none_suitable		0.97	0.96	no suitable term	880	3.6960000000000005e-05
type of cancer: icd10: c54.1 endometrium	Cancer registry	1	MONDO:0004961	stage I endometrioid carcinoma	0.38	0.07	review (uncertain pick)	972	4.0824e-05
type of cancer: icd10: c56 malignant neoplasm of ovary	Cancer registry	1	MONDO:0018364	malignant epithelial tumor of ovary	0.72	0.5	review (uncertain pick)	897	3.7674000000000006e-05
type of cancer: icd10: c61 malignant neoplasm of prostate	Cancer registry	1	none_suitable		0.9	0.82	no suitable term	849	3.5658e-05
type of cancer: icd10: c64 malignant neoplasm of kidney, except renal pelvis	Cancer registry	1	MONDO:0002367	kidney cancer	0.73	0.62	review (uncertain pick)	979	4.1118e-05
type of cancer: icd10: d05.1 intraductal carcinoma in situ	Cancer registry	1	MONDO:0005023	ductal breast carcinoma in situ	0.93	0.88	auto-accepted	1079	4.531800000000001e-05
type of cancer: icd10: d06.9 cervix, unspecified	Cancer registry	1	none_suitable		0.5657	0.3434	review (uncertain abstention)	976	4.0992e-05
type of fat/oil used in cooking: butter	Diet and supplements	1	none_suitable		0.86	0.72	no suitable term	917	3.8514e-05
type of fat/oil used in cooking: cholesterol lowering polyunsaturated margarine	Diet and supplements	1	none_suitable		0.98	0.96	no suitable term	896	3.7632e-05
type of fat/oil used in cooking: cooking fat unknown	Diet and supplements	1	none_suitable		0.98	0.97	no suitable term	913	3.8346e-05
type of fat/oil used in cooking: dairy spread	Diet and supplements	1	none_suitable		0.95	0.92	no suitable term	911	3.8262e-05
type of fat/oil used in cooking: low fat polyunsaturated margarine	Diet and supplements	1	none_suitable		0.77	0.54	review (uncertain abstention)	927	3.8934000000000004e-05
type of fat/oil used in cooking: normal fat butter	Diet and supplements	1	none_suitable		0.95	0.9	no suitable term	935	3.927e-05
type of fat/oil used in cooking: olive oil	Diet and supplements	1	none_suitable		0.99	0.98	no suitable term	1118	4.695600000000001e-05
type of fat/oil used in cooking: olive spread	Diet and supplements	1	none_suitable		0.99	0.98	no suitable term	1042	4.3764e-05
type of fat/oil used in cooking: polyunsaturated margarine	Diet and supplements	1	none_suitable		0.97	0.95	no suitable term	989	4.153800000000001e-05
type of fat/oil used in cooking: rapeseed oil	Diet and supplements	1	none_suitable		0.96	0.94	no suitable term	954	4.0068e-05
type of fat/oil used in cooking: spreadable butter	Diet and supplements	1	none_suitable		0.93	0.86	no suitable term	920	3.864e-05
type of fat/oil used in cooking: sunflower oil	Diet and supplements	1	none_suitable		0.87	0.75	no suitable term	1040	4.368e-05
type of fat/oil used in cooking: vegetable oil	Diet and supplements	1	none_suitable		0.85	0.71	no suitable term	1025	4.305000000000001e-05
type of large bap eaten: white	Diet and supplements	1	none_suitable		0.59	0.19	review (uncertain abstention)	861	3.6162000000000004e-05
type of meals eaten: bought sandwiches	Diet and supplements	1	none_suitable		0.68	0.36	review (uncertain abstention)	944	3.9648000000000004e-05
type of meals eaten: home cooked meals	Diet and supplements	1	EFO:0007829	eating behaviour	0.53	0.22	review (uncertain pick)	920	3.864e-05
type of meals eaten: ready meals	Diet and supplements	1	EFO:0007829	eating behaviour	0.77	0.61	review (uncertain pick)	912	3.8304000000000005e-05
type of meals eaten: restaurant meals	Diet and supplements	1	EFO:0007829	eating behaviour	0.74	0.51	review (uncertain pick)	958	4.0236e-05
type of meals eaten: takeaway meals	Diet and supplements	1	EFO:0007829	eating behaviour	0.73	0.48	review (uncertain pick)	942	3.9564e-05
type of sliced bread eaten: mixed	Diet and supplements	1	none_suitable		1.0	1.0	no suitable term	851	3.5742000000000004e-05
type of sliced bread eaten: other	Diet and supplements	1	none_suitable		0.96	0.92	no suitable term	920	3.864e-05
type of sliced bread eaten: seeded	Diet and supplements	1	none_suitable		1.0	1.0	no suitable term	982	4.1244e-05
type of sliced bread eaten: white	Diet and supplements	1	none_suitable		1.0	1.0	no suitable term	996	4.1832e-05
type of sliced bread eaten: wholemeal	Diet and supplements	1	none_suitable		1.0	1.0	no suitable term	962	4.0404e-05
type of special diet followed: gluten-free	Diet and supplements	1	EFO:0002755	diet	0.5	0.04	review (uncertain pick)	903	3.7926e-05
type of special diet followed: low calorie	Diet and supplements	1	none_suitable		0.69	0.56	review (uncertain abstention)	889	3.7338e-05
type of special diet followed: other	Diet and supplements	1	EFO:0002755	diet	0.68	0.39	review (uncertain pick)	915	3.843e-05
type of special diet followed: vegetarian	Diet and supplements	1	EFO:0002755	diet	0.63	0.35	review (uncertain pick)	866	3.6372000000000003e-05
type of yogurt eaten: full fat yogurt consumers	Diet and supplements	1	none_suitable		0.78	0.56	review (uncertain abstention)	829	3.4818000000000004e-05
type of yogurt eaten: low fat yogurt consumers	Diet and supplements	1	none_suitable		0.61	0.22	review (uncertain abstention)	822	3.4524000000000004e-05
types of physical activity in last 4 weeks: heavy diy (eg: weeding, lawn mowing, carpentry, digging)	Physical activity / lifestyle	1	none_suitable		0.53	0.28	review (uncertain abstention)	929	3.9018000000000005e-05
types of physical activity in last 4 weeks: light diy (eg: pruning, watering the lawn)	Physical activity / lifestyle	1	EFO:0008002	physical activity measurement	0.68	0.43	review (uncertain pick)	874	3.6708e-05
types of physical activity in last 4 weeks: none of the above	Physical activity / lifestyle	1	none_suitable		0.71	0.56	review (uncertain abstention)	876	3.6792e-05
types of physical activity in last 4 weeks: other exercises (eg: swimming, cycling, keep fit, bowling)	Physical activity / lifestyle	1	EFO:0000483	exercise	0.59	0.28	review (uncertain pick)	918	3.8556e-05
types of physical activity in last 4 weeks: strenuous sports	Physical activity / lifestyle	1	EFO:0000483	exercise	0.5	0.18	review (uncertain pick)	887	3.7254e-05
types of physical activity in last 4 weeks: walking for pleasure (not as a means of transport)	Sociodemographic / environment	1	none_suitable		0.62	0.38	review (uncertain abstention)	958	4.0236e-05
types of spread used on bread/crackers: butter on bread/crackers	Diet and supplements	1	none_suitable		0.86	0.74	no suitable term	920	3.864e-05
types of spread used on bread/crackers: cholesterol-lowering polyunsaturated margarine on bread/crackers	Diet and supplements	1	none_suitable		1.0	1.0	no suitable term	954	4.0068e-05
types of spread used on bread/crackers: dairy spread on bread/crackers	Diet and supplements	1	none_suitable		0.84	0.69	review (uncertain abstention)	915	3.843e-05
types of spread used on bread/crackers: low fat butter on bread/crackers	Diet and supplements	1	none_suitable		0.79	0.58	review (uncertain abstention)	834	3.5028000000000004e-05
types of spread used on bread/crackers: low fat dairy spread on bread/crackers	Diet and supplements	1	none_suitable		0.89	0.78	no suitable term	893	3.7506e-05
types of spread used on bread/crackers: low fat olive spread on bread/crackers	Diet and supplements	1	none_suitable		0.98	0.96	no suitable term	991	4.1621999999999996e-05
types of spread used on bread/crackers: low fat polyunsaturated margarine on bread/crackers	Diet and supplements	1	none_suitable		0.98	0.96	no suitable term	913	3.8346e-05
types of spread used on bread/crackers: normal fat butter on bread/crackers	Diet and supplements	1	none_suitable		0.91	0.82	no suitable term	829	3.4818000000000004e-05
types of spread used on bread/crackers: normal fat dairy spread on bread/crackers	Diet and supplements	1	none_suitable		0.96	0.92	no suitable term	861	3.6162000000000004e-05
types of spread used on bread/crackers: normal fat olive spread on bread/crackers	Diet and supplements	1	none_suitable		0.97	0.94	no suitable term	1015	4.2630000000000004e-05
types of spread used on bread/crackers: normal fat polyunsaturated margarine on bread/crackers	Diet and supplements	1	none_suitable		0.95	0.9	no suitable term	902	3.7884000000000005e-05
types of spread used on bread/crackers: olive spread on bread/crackers	Diet and supplements	1	none_suitable		0.99	0.98	no suitable term	1050	4.41e-05
types of spread used on bread/crackers: polyunsaturated margarine on bread/crackers	Diet and supplements	1	none_suitable		1.0	1.0	no suitable term	997	4.1874000000000006e-05
types of spread used on bread/crackers: soya margarine on bread/crackers	Diet and supplements	1	none_suitable		1.0	1.0	no suitable term	1012	4.2504000000000005e-05
types of spread used on bread/crackers: spreadable butter on bread/crackers	Diet and supplements	1	none_suitable		0.96	0.93	no suitable term	958	4.0236e-05
types of spread used on bread/crackers: unknown margarine on bread/crackers	Diet and supplements	1	none_suitable		1.0	1.0	no suitable term	964	4.0488e-05
types of spreads/sauces consumed: brown sauce	Diet and supplements	1	none_suitable		0.98	0.96	no suitable term	901	3.7842e-05
types of spreads/sauces consumed: cheese sauce	Diet and supplements	1	none_suitable		0.99	0.98	no suitable term	903	3.7926e-05
types of spreads/sauces consumed: chutney/pickle	Diet and supplements	1	none_suitable		0.94	0.89	no suitable term	926	3.8892e-05
types of spreads/sauces consumed: cream	Diet and supplements	1	none_suitable		0.92	0.86	no suitable term	867	3.6414e-05
types of spreads/sauces consumed: gravy	Diet and supplements	1	none_suitable		0.85	0.71	no suitable term	852	3.5784e-05
types of spreads/sauces consumed: hummus	Diet and supplements	1	none_suitable		1.0	1.0	no suitable term	834	3.5028000000000004e-05
types of spreads/sauces consumed: jam/honey	Diet and supplements	1	none_suitable		0.9	0.81	no suitable term	856	3.5952000000000004e-05
types of spreads/sauces consumed: low fat mayonnaise	Diet and supplements	1	none_suitable		0.92	0.85	no suitable term	816	3.4272e-05
types of spreads/sauces consumed: mayonnaise	Diet and supplements	1	none_suitable		0.97	0.95	no suitable term	880	3.6960000000000005e-05
types of spreads/sauces consumed: oil for drizzling	Diet and supplements	1	none_suitable		0.79	0.67	review (uncertain abstention)	994	4.174800000000001e-05
types of spreads/sauces consumed: other sauce	Diet and supplements	1	none_suitable		1.0	1.0	no suitable term	815	3.423e-05
types of spreads/sauces consumed: peanut butter	Diet and supplements	1	none_suitable		0.98	0.97	no suitable term	865	3.633e-05
types of spreads/sauces consumed: salad dressing	Diet and supplements	1	none_suitable		0.99	0.98	no suitable term	895	3.759e-05
types of spreads/sauces consumed: tomato ketchup	Diet and supplements	1	none_suitable		1.0	1.0	no suitable term	928	3.8976e-05
types of spreads/sauces consumed: tomato-based sauce	Diet and supplements	1	none_suitable		0.99	0.98	no suitable term	902	3.7884000000000005e-05
types of spreads/sauces consumed: white/cream sauce	Diet and supplements	1	none_suitable		0.98	0.96	no suitable term	930	3.906e-05
types of spreads/sauces consumed: yeast extract	Diet and supplements	1	none_suitable		0.98	0.96	no suitable term	896	3.7632e-05
types of transport used (excluding work): car/motor vehicle	Sociodemographic / environment	1	none_suitable		1.0	1.0	no suitable term	959	4.0278e-05
types of transport used (excluding work): cycle	Sociodemographic / environment	1	none_suitable		0.84	0.7	review (uncertain abstention)	898	3.7716e-05
types of transport used (excluding work): none of the above	Sociodemographic / environment	1	none_suitable		0.99	0.98	no suitable term	948	3.9816e-05
types of transport used (excluding work): public transport	Sociodemographic / environment	1	none_suitable		1.0	1.0	no suitable term	982	4.1244e-05
types of transport used (excluding work): walk	Sociodemographic / environment	1	none_suitable		0.91	0.84	no suitable term	855	3.591e-05
typical diet yesterday	Diet and supplements	1	EFO:0002755	diet	0.5	0.23	review (uncertain pick)	855	3.591e-05
unsalted nuts intake	Diet and supplements	1	none_suitable		0.99	0.98	no suitable term	828	3.4776e-05
unsalted peanuts intake	Diet and supplements	1	none_suitable		1.0	1.0	no suitable term	833	3.4986e-05
use of sun/uv protection	Other measurement / questionnaire	1	none_suitable		0.97	0.94	no suitable term	889	3.7338e-05
used an inhaler for chest within last hour	Other measurement / questionnaire	1	EFO:0009941	Inhalant adrenergic use measurement	0.82	0.64	review (uncertain pick)	901	3.7842e-05
usual walking pace	Other measurement / questionnaire	1	none_suitable		0.8182	0.6667	review (uncertain abstention)	898	3.7716e-05
values entered	Other measurement / questionnaire	1	none_suitable		0.96	0.94	no suitable term	759	3.1878e-05
values wanted	Other measurement / questionnaire	1	EFO:0004827	economic and social preference	0.5	0.02	review (uncertain pick)	834	3.5028000000000004e-05
variation in diet	Diet and supplements	1	EFO:0008111	diet measurement	0.6	0.4	review (uncertain pick)	848	3.5616000000000006e-05
vascular/heart problems diagnosed by doctor: angina	Self-reported condition or symptom	1	EFO:0020925	angina unstable	0.5	0.11	review (uncertain pick)	980	4.116e-05
vascular/heart problems diagnosed by doctor: heart attack	Self-reported condition or symptom	1	MONDO:0005068	myocardial infarction	0.95	0.91	auto-accepted	906	3.8052e-05
vascular/heart problems diagnosed by doctor: high blood pressure	Self-reported condition or symptom	1	HP:0000822	Hypertension	0.53	0.17	review (uncertain pick)	870	3.654e-05
vascular/heart problems diagnosed by doctor: none of the above	Self-reported condition or symptom	1	MONDO:0004995	cardiovascular disorder	0.48	0.06	review (uncertain pick)	883	3.7086000000000004e-05
vascular/heart problems diagnosed by doctor: stroke	Self-reported condition or symptom	1	HP:0001297	Stroke	0.5758	0.2626	review (uncertain pick)	964	4.0488e-05
vegetable consumers	Diet and supplements	1	none_suitable		1.0	1.0	no suitable term	816	3.4272e-05
vegetable pieces intake	Diet and supplements	1	none_suitable		1.0	1.0	no suitable term	831	3.4902000000000006e-05
vegetarian alternatives intake	Diet and supplements	1	none_suitable		1.0	1.0	no suitable term	839	3.5238000000000004e-05
vegetarian sausages/burgers intake	Diet and supplements	1	none_suitable		1.0	1.0	no suitable term	838	3.5196e-05
vitamin and mineral supplements: folic acid or folate (vit b9)	Diet and supplements	1	none_suitable		0.51	0.04	review (uncertain abstention)	1029	4.3218e-05
vitamin and mineral supplements: multivitamins +/- minerals	Diet and supplements	1	EFO:0009116	vitamin supplement exposure measurement	0.79	0.58	review (uncertain pick)	925	3.885e-05
vitamin and mineral supplements: none of the above	Diet and supplements	1	EFO:0600066	nutritional supplement exposure measurement	0.52	0.11	review (uncertain pick)	918	3.8556e-05
vitamin and mineral supplements: vitamin a	Diet and supplements	1	none_suitable		0.5455	0.202	review (uncertain abstention)	968	4.0656000000000005e-05
vitamin and mineral supplements: vitamin b	Diet and supplements	1	none_suitable		0.88	0.78	no suitable term	1014	4.2588e-05
vitamin and mineral supplements: vitamin c	Diet and supplements	1	none_suitable		0.72	0.47	review (uncertain abstention)	968	4.0656000000000005e-05
vitamin and mineral supplements: vitamin d	Diet and supplements	1	EFO:0008539	vitamin D dietary intake measurement	0.41	0.01	review (uncertain pick)	882	3.7044e-05
vitamin and mineral supplements: vitamin e	Diet and supplements	1	none_suitable		0.59	0.22	review (uncertain abstention)	929	3.9018000000000005e-05
vitamin and/or mineral supplement use: calcium	Diet and supplements	1	EFO:0006521	calcium intake measurement	0.46	0.11	review (uncertain pick)	887	3.7254e-05
vitamin and/or mineral supplement use: evening primrose	Diet and supplements	1	none_suitable		0.85	0.7	no suitable term	889	3.7338e-05
vitamin and/or mineral supplement use: fish oil	Diet and supplements	1	EFO:0600007	fish oil supplement exposure measurement	0.73	0.52	review (uncertain pick)	964	4.0488e-05
vitamin and/or mineral supplement use: glucosamine/chondroitin	Diet and supplements	1	none_suitable		0.73	0.53	review (uncertain abstention)	941	3.9522000000000005e-05
vitamin and/or mineral supplement use: magnesium	Diet and supplements	1	none_suitable		0.74	0.48	review (uncertain abstention)	957	4.0194e-05
vitamin and/or mineral supplement use: multivitamin	Diet and supplements	1	EFO:0009116	vitamin supplement exposure measurement	0.6	0.31	review (uncertain pick)	978	4.1076e-05
vitamin and/or mineral supplement use: multivitamin with iron	Diet and supplements	1	EFO:0600066	nutritional supplement exposure measurement	0.75	0.54	review (uncertain pick)	951	3.9942000000000005e-05
vitamin and/or mineral supplement use: multivitamin with multimineral	Diet and supplements	1	EFO:0600066	nutritional supplement exposure measurement	0.71	0.58	review (uncertain pick)	1020	4.284e-05
vitamin and/or mineral supplement use: other vitamin	Diet and supplements	1	EFO:0009116	vitamin supplement exposure measurement	0.79	0.66	review (uncertain pick)	920	3.864e-05
vitamin and/or mineral supplement use: selenium	Diet and supplements	1	EFO:0600066	nutritional supplement exposure measurement	0.71	0.46	review (uncertain pick)	915	3.843e-05
vitamin and/or mineral supplement use: vitamin b12	Diet and supplements	1	EFO:0009116	vitamin supplement exposure measurement	0.6	0.23	review (uncertain pick)	969	4.0698e-05
vitamin and/or mineral supplement use: vitamin b6	Diet and supplements	1	EFO:0009116	vitamin supplement exposure measurement	0.74	0.51	review (uncertain pick)	951	3.9942000000000005e-05
vitamin and/or mineral supplement use: vitamin c	Diet and supplements	1	EFO:0009116	vitamin supplement exposure measurement	0.87	0.75	auto-accepted	969	4.0698e-05
vitamin and/or mineral supplement use: vitamin d	Diet and supplements	1	EFO:0009116	vitamin supplement exposure measurement	0.88	0.79	auto-accepted	861	3.6162000000000004e-05
vitamin and/or mineral supplement use: vitamin e	Diet and supplements	1	EFO:0009116	vitamin supplement exposure measurement	0.76	0.59	review (uncertain pick)	925	3.885e-05
vitamin and/or mineral supplement use: zinc	Diet and supplements	1	none_suitable		0.85	0.77	no suitable term	874	3.6708e-05
vitamin b12	Other measurement / questionnaire	1	EFO:0004620	vitamin B12 measurement	0.98	0.96	auto-accepted	963	4.0446e-05
vitamin b6	Other measurement / questionnaire	1	EFO:0004621	vitamin B6 measurement	0.98	0.97	auto-accepted	982	4.1244e-05
vitamin c	Other measurement / questionnaire	1	EFO:0600003	vitamin C measurement	0.92	0.89	auto-accepted	924	3.8808000000000005e-05
vitamin d	Other measurement / questionnaire	1	OBA:1000968	vitamin D level	0.67	0.54	review (uncertain pick)	851	3.5742000000000004e-05
vitamin e	Other measurement / questionnaire	1	OBA:1000955	Vitamin E level	0.79	0.67	review (uncertain pick)	966	4.0572000000000004e-05
vitamin supplement user	Diet and supplements	1	EFO:0009116	vitamin supplement exposure measurement	0.7	0.54	review (uncertain pick)	901	3.7842e-05
volume level set by participant (left)	Other measurement / questionnaire	1	none_suitable		1.0	1.0	no suitable term	836	3.5112000000000005e-05
volume level set by participant (right)	Other measurement / questionnaire	1	none_suitable		0.99	0.98	no suitable term	879	3.6918e-05
waist circumference	Other measurement / questionnaire	1	OBA:1001085	waist circumference	0.99	0.98	auto-accepted	877	3.6834e-05
wants to stop smoking	Other measurement / questionnaire	1	EFO:0004319	smoking cessation	0.66	0.33	review (uncertain pick)	870	3.654e-05
was blood sampling attempted	Other measurement / questionnaire	1	EFO:0009121	blood draw	0.56	0.12	review (uncertain pick)	809	3.3978000000000006e-05
water intake	Diet and supplements	1	EFO:0009825	sign or symptom concerning food and fluid intake	0.48	0.01	review (uncertain pick)	883	3.7086000000000004e-05
watercress intake	Diet and supplements	1	none_suitable		0.99	0.98	no suitable term	848	3.5616000000000006e-05
wears glasses or contact lenses	Other measurement / questionnaire	1	none_suitable		0.96	0.92	no suitable term	830	3.486e-05
weekly usage of mobile phone in last 3 months	Other measurement / questionnaire	1	none_suitable		1.0	1.0	no suitable term	919	3.8598000000000006e-05
weight	Other measurement / questionnaire	2	EFO:0004338	body weight	1.0	1.0	auto-accepted	820	3.444e-05
weight change compared with 1 year ago	Other measurement / questionnaire	1	none_suitable		0.84	0.76	review (uncertain abstention)	858	3.6036000000000005e-05
wheeze or whistling in the chest in last year	Other measurement / questionnaire	1	HP:0030828	Wheezing	0.95	0.9	auto-accepted	984	4.132800000000001e-05
white fish intake	Diet and supplements	1	EFO:0010139	fish consumption measurement	0.82	0.64	review (uncertain pick)	843	3.5406e-05
white pasta intake	Diet and supplements	1	none_suitable		1.0	1.0	no suitable term	828	3.4776e-05
white rice intake	Diet and supplements	1	none_suitable		0.99	0.98	no suitable term	821	3.4482e-05
white wine intake	Diet and supplements	1	none_suitable		0.66	0.32	review (uncertain abstention)	830	3.486e-05
whole body fat mass	Other measurement / questionnaire	1	OBA:VT0010482	body fat mass	0.98	0.96	auto-accepted	934	3.9228000000000005e-05
whole body fat-free mass	Other measurement / questionnaire	1	EFO:0004995	lean body mass	0.99	0.98	auto-accepted	957	4.0194e-05
whole body water mass	Other measurement / questionnaire	1	EFO:0009805	whole body water mass	0.99	0.98	auto-accepted	899	3.7758e-05
whole egg intake	Diet and supplements	1	none_suitable		1.0	1.0	no suitable term	852	3.5784e-05
whole-wheat cereal intake	Diet and supplements	1	none_suitable		0.95	0.92	no suitable term	836	3.5112000000000005e-05
wholemeal pasta intake	Diet and supplements	1	none_suitable		0.94	0.89	no suitable term	840	3.528e-05
why reduced smoking: doctor's advice	Other measurement / questionnaire	1	none_suitable		0.72	0.44	review (uncertain abstention)	855	3.591e-05
why reduced smoking: financial reasons	Other measurement / questionnaire	1	none_suitable		0.75	0.5	review (uncertain abstention)	869	3.6498e-05
why reduced smoking: health precaution	Other measurement / questionnaire	1	none_suitable		0.75	0.5	review (uncertain abstention)	885	3.7170000000000005e-05
why reduced smoking: illness or ill health	Other measurement / questionnaire	1	none_suitable		0.66	0.32	review (uncertain abstention)	861	3.6162000000000004e-05
why reduced smoking: none of the above	Other measurement / questionnaire	1	none_suitable		0.75	0.5	review (uncertain abstention)	838	3.5196e-05
why stopped smoking: doctor's advice	Other measurement / questionnaire	1	none_suitable		0.78	0.56	review (uncertain abstention)	841	3.5322e-05
why stopped smoking: financial reasons	Other measurement / questionnaire	1	none_suitable		0.73	0.46	review (uncertain abstention)	869	3.6498e-05
why stopped smoking: health precaution	Other measurement / questionnaire	1	none_suitable		0.68	0.36	review (uncertain abstention)	885	3.7170000000000005e-05
why stopped smoking: illness or ill health	Other measurement / questionnaire	1	none_suitable		0.6	0.22	review (uncertain abstention)	892	3.7464e-05
why stopped smoking: none of the above	Other measurement / questionnaire	1	none_suitable		0.87	0.74	no suitable term	853	3.5826000000000006e-05
willing to attempt cognitive tests	Other measurement / questionnaire	1	none_suitable		0.99	0.98	no suitable term	909	3.8178e-05
work/job satisfaction	Sociodemographic / environment	1	EFO:0009723	job satisfaction measurement	0.99	0.98	auto-accepted	844	3.5448000000000003e-05
worrier / anxious feelings	Other measurement / questionnaire	1	EFO:0009589	worry measurement	0.55	0.18	review (uncertain pick)	904	3.7968e-05
worry too long after embarrassment	Other measurement / questionnaire	1	HP:0000739	Anxiety	0.51	0.24	review (uncertain pick)	890	3.738e-05
year ended full time education	Other measurement / questionnaire	1	none_suitable		0.99	0.98	no suitable term	871	3.6582e-05
year immigrated to uk (united kingdom)	Other measurement / questionnaire	1	none_suitable		0.99	0.98	no suitable term	946	3.9732000000000005e-05
years since last breast cancer screening / mammogram	Other measurement / questionnaire	1	none_suitable		1.0	1.0	no suitable term	848	3.5616000000000006e-05
years since last cervical smear test	Other measurement / questionnaire	1	none_suitable		1.0	1.0	no suitable term	1032	4.3344e-05
yogurt intake	Diet and supplements	1	none_suitable		0.99	0.98	no suitable term	832	3.4944e-05
yogurt/ice-cream consumers	Diet and supplements	1	none_suitable		0.93	0.88	no suitable term	924	3.8808000000000005e-05
yorkshire pudding intake	Diet and supplements	1	none_suitable		1.0	1.0	no suitable term	846	3.5532e-05
